query_id,segment,static_server_ms,temporal_server_ms,static_client_ms,temporal_client_ms,static_resolver_ms,temporal_resolver_ms,static_slices,temporal_slices,server_saving_ms,server_gain_pct,client_saving_ms,client_gain_pct,resolver_saving_ms,resolver_gain_pct
0,calibration,2.417949125,2.3975905,3.7604736250000004,5.73851225,2.376398375,1.50583725,47.0,13.0,0.02035862499999963,0.8419790470157072,-1.978038625,-52.60078442911562,0.870561125,36.63363576403725
1,calibration,4.32824825,2.2745615,5.3100555,3.32067625,1.410286375,1.518167125,8.0,3.0,2.05368675,47.448450998622825,1.9893792499999998,37.46437772637216,-0.10788074999999986,-7.649563373254588
2,calibration,1.9451815000000001,1.65828025,2.843594875,2.96361175,1.28290225,1.35331525,7.0,3.0,0.2869012500000001,14.749330589459136,-0.12001687500000013,-4.220603857995072,-0.07041300000000006,-5.488570933599973
3,calibration,2.31125575,1.8029038750000002,5.4960055,2.8130627500000003,1.292534625,1.554496875,22.0,7.0,0.5083518749999998,21.994618077207587,2.6829427499999996,48.81623117007433,-0.26196224999999984,-20.267329395527785
4,calibration,1.779851375,1.8726972499999999,2.632172625,2.78663125,1.28832825,1.2593317499999999,15.0,2.0,-0.09284587499999986,-5.216495956017669,-0.15445862500000018,-5.868103920425819,0.02899650000000009,2.2507074575132613
5,calibration,2.0192235,3.423397125,2.88364175,4.3227340000000005,1.446161875,1.557490375,16.0,2.0,-1.4041736250000003,-69.54027748785612,-1.4390922500000007,-49.90537572845174,-0.11132849999999994,-7.698204601058228
6,calibration,2.03426475,2.243633,2.9067898750000003,6.2730465,1.49117125,1.2604258750000001,36.0,7.0,-0.2093682499999998,-10.292084646307703,-3.366256625,-115.80667230031548,0.23074537499999992,15.474102991188966
7,calibration,2.170598625,2.2711829999999997,3.055842875,3.09466475,3.36268625,1.503880375,32.0,5.0,-0.10058437499999995,-4.633946315155339,-0.038821875000000006,-1.2704146315114453,1.8588058749999998,55.277410284709134
8,calibration,2.11800675,1.9641199999999999,2.94265425,2.849742,1.341084125,1.3170116250000001,15.0,3.0,0.1538867500000003,7.265640206293029,0.09291224999999992,3.1574300650509626,0.02407249999999994,1.7950029793992186
9,calibration,1.776725375,1.753265125,5.4732825,2.619265875,1.12715825,1.3217725,6.0,2.0,0.02346025000000007,1.32042072061925,2.854016625,52.144515197233105,-0.1946142500000001,-17.26592073473269
10,calibration,1.899057875,1.9474096250000001,2.7035037500000003,2.843685125,1.2749852499999998,1.297924,9.0,3.0,-0.04835175000000014,-2.5460914402095374,-0.1401813749999996,-5.185174054224988,-0.02293875000000023,-1.7991384606214254
11,calibration,1.67052625,1.836835125,2.5531845,2.8098115000000004,1.2880280000000002,1.35549375,7.0,1.0,-0.1663088749999999,-9.955478101586248,-0.2566270000000004,-10.05125168196816,-0.06746574999999977,-5.237910200709904
12,calibration,2.7608886249999998,7.62202575,3.624992,8.624622125,1.54015025,1.44505875,113.0,15.0,-4.861137125,-176.0714677507138,-4.9996301249999995,-137.92113541216088,0.09509149999999988,6.174170344743954
13,calibration,1.8484491250000001,1.912283875,2.6858215000000003,2.731317625,1.280723,1.3581525,18.0,2.0,-0.06383474999999983,-3.4534220680809824,-0.045496124999999665,-1.6939370319285798,-0.07742950000000004,-6.045764775052844
14,calibration,1.7392663750000001,1.8685135,2.584524375,2.6719103750000004,1.259987625,1.30391425,9.0,7.0,-0.1292471249999998,-7.43112882867064,-0.08738600000000041,-3.3811250087359075,-0.04392662500000011,-3.486274319559298
15,calibration,1.92744325,1.624306,2.720122,2.438918,1.242949625,1.3745824999999998,3.0,1.0,0.30313725,15.727428031927788,0.2812039999999998,10.337918666883317,-0.13163287499999976,-10.59036282343299
16,calibration,2.075842625,4.51226,2.8999323749999997,5.384668125,1.36326275,1.495919625,42.0,12.0,-2.4364173750000004,-117.37004268326942,-2.4847357500000005,-85.68254113167038,-0.1326568749999999,-9.730836920468919
17,calibration,2.228726375,2.2918295,3.1054120000000003,3.4499343749999998,1.598330625,3.810985625,33.0,6.0,-0.06310312500000004,-2.8313536245560895,-0.3445223749999995,-11.094256575294985,-2.212655,-138.4353753466996
18,calibration,2.983882375,2.252003,3.872536125,3.1597005,1.604407375,3.4296643749999998,30.0,5.0,0.7318793749999997,24.527755555377738,0.7128356249999999,18.40746224155623,-1.8252569999999997,-113.76518385799613
19,calibration,2.202836125,2.404315125,3.103630875,5.519168875,1.4499148750000002,2.156607375,73.0,11.0,-0.20147899999999996,-9.14634537328554,-2.415538,-77.82942293355038,-0.7066925,-48.740275183396534
20,calibration,1.92963175,1.8119375,2.821471375,2.7337594999999997,1.282337875,1.306229125,20.0,9.0,0.11769425,6.099311435977357,0.0877118750000001,3.1087281542950302,-0.02389124999999992,-1.8631010177407352
21,calibration,2.1062527500000003,1.919790625,2.93846,2.798940125,1.6240839999999999,1.38805275,71.0,9.0,0.18646212500000026,8.852789628405244,0.13951987499999996,4.748061059194271,0.23603124999999991,14.533192248676789
22,calibration,6.218045249999999,2.202796,7.145729375,3.1444873749999998,1.2020265,4.125461375,27.0,3.0,4.015249249999999,64.57414008043766,4.001242,55.994871762128554,-2.9234348750000003,-243.20885396453406
23,calibration,1.735239125,1.843910875,2.5616661250000003,2.7376872499999996,1.20140175,1.379600125,1.0,1.0,-0.10867174999999984,-6.262638297761979,-0.17602112499999922,-6.871353112029742,-0.17819837500000002,-14.832538324503025
24,calibration,1.770012875,2.806511125,2.598642125,3.604946,1.268322875,1.258868625,1.0,1.0,-1.0364982500000002,-58.55879720648926,-1.006303875,-38.724219288179206,0.009454249999999886,0.7454135052164763
25,calibration,4.284029,1.9197843749999999,5.313051374999999,2.78019675,1.271329875,1.5100073749999998,9.0,4.0,2.3642446250000004,55.18740944564101,2.532854624999999,47.672315703892465,-0.23867749999999988,-18.773844986534268
26,calibration,1.9093873749999999,1.999159375,2.792480125,2.8138125,1.559892,1.199410125,39.0,7.0,-0.08977200000000018,-4.701612735865093,-0.02133237500000007,-0.7639221783181025,0.36048187500000006,23.109412382395707
27,calibration,1.52830975,1.741279375,2.376367375,2.4941855000000004,1.1950622499999999,1.44416025,2.0,1.0,-0.21296962499999994,-13.934977840715858,-0.11781812500000033,-4.957908707192225,-0.24909800000000004,-20.843935117187417
28,calibration,2.1812373750000003,2.407270875,3.0270673749999997,3.28244225,1.637535,4.652112875,32.0,4.0,-0.22603349999999978,-10.362627313774125,-0.2553748750000002,-8.436378955721137,-3.0145778750000005,-184.09242397872416
29,calibration,1.94340375,1.885111875,2.9361303750000003,2.63255975,1.26892625,1.33079625,12.0,6.0,0.058291875000000104,2.999473218058785,0.3035706250000003,10.339139827876352,-0.06186999999999987,-4.8757758774396756
30,calibration,1.994598625,2.950229875,2.7516008750000003,3.8211731250000005,1.4063715,1.374190375,9.0,2.0,-0.9556312499999997,-47.91095501732835,-1.0695722500000002,-38.870908194488784,0.032181125000000144,2.2882378518051696
31,calibration,2.0258485,1.88340425,7.716165875,2.728609125,1.376752875,1.32981725,19.0,4.0,0.14244425000000005,7.031337733300395,4.9875567499999995,64.63775961788794,0.046935624999999925,3.409153948561751
32,calibration,2.026325375,2.9025106249999997,2.794172625,3.7320498750000004,1.478194,1.372211375,34.0,6.0,-0.8761852499999998,-43.240106490794936,-0.9378772500000006,-33.565472713054035,0.105982625,7.169737192817722
33,calibration,2.117580875,1.8437139999999999,2.944448875,2.6603551249999997,1.16593825,1.23890075,18.0,3.0,0.27386687499999995,12.933006631919074,0.28409375000000026,9.648452462941822,-0.07296250000000004,-6.2578356958441015
34,calibration,2.05568475,2.09436325,2.9349317499999996,2.993593,1.304478875,1.3907767500000001,18.0,2.0,-0.038678499999999616,-1.8815384995194235,-0.05866125000000055,-1.9987262054731105,-0.08629787500000008,-6.615505751290919
35,calibration,1.895575,1.9067882500000002,2.73365125,2.7779932499999997,1.2603309999999999,1.28003175,5.0,1.0,-0.011213250000000174,-0.5915487385094325,-0.04434199999999988,-1.6220796270189872,-0.019700750000000156,-1.5631409526545137
36,calibration,2.033022,4.545712375,2.9512340000000004,5.51152275,1.511388,1.2262405,8.0,3.0,-2.512690375,-123.59386051897127,-2.56028875,-86.7531598646532,0.2851474999999999,18.866598120403225
37,calibration,1.9992218750000001,2.20440475,2.9674709999999997,3.066997875,1.547417625,4.1409075,14.0,4.0,-0.205182875,-10.263136751642435,-0.09952687500000046,-3.3539291538148297,-2.593489875,-167.60115906008244
38,calibration,2.0438045000000002,2.0350308750000003,5.411113375,2.9174715000000004,1.223097,1.30304775,9.0,2.0,0.008773624999999896,0.4292790724357391,2.493641875,46.08371146908375,-0.07995074999999985,-6.536746472274876
39,calibration,3.518534125,4.65468775,4.52039175,8.305718,1.8750556250000001,1.6935383750000002,148.0,22.0,-1.136153625,-32.29053874814984,-3.7853262500000007,-83.73889829349416,0.18151724999999996,9.680632807893362
40,calibration,2.035037625,2.0654275,3.142170125,3.1238185,1.5115068749999998,1.478691,34.0,9.0,-0.03038987500000001,-1.4933323407226935,0.01835162499999976,0.5840430107201711,0.03281587499999983,2.1710701778977906
41,calibration,2.0524903749999996,4.645747999999999,3.1196285,5.514788375,1.211333,1.257894625,23.0,7.0,-2.5932576249999997,-126.34688359988048,-2.395159875,-76.77708659861261,-0.04656162500000005,-3.8438336114016582
42,calibration,3.036127875,1.92580725,3.9279087500000003,2.744001875,1.290937,1.3922215,21.0,3.0,1.110320625,36.57028526836999,1.1839068750000004,30.140895584705227,-0.1012845,-7.845812770104196
43,calibration,2.080431625,2.021381875,4.510309625,2.885306625,1.3041361249999999,1.3795,39.0,9.0,0.059049750000000234,2.838341298527426,1.6250029999999995,36.028635173799174,-0.07536387500000008,-5.778835012334321
44,calibration,1.7597960000000001,1.94745625,2.602946,2.789954,1.386574375,1.182682125,23.0,6.0,-0.18766024999999997,-10.66375023014031,-0.18700799999999962,-7.184474821990145,0.20389225,14.704746725180177
45,calibration,1.7824161250000001,4.5494085,2.605093125,5.37934725,1.1734681249999999,3.844713375,12.0,3.0,-2.766992375,-155.2382934708919,-2.7742541250000006,-106.49347228230087,-2.67124525,-227.6367966961182
46,calibration,3.412615,2.012503375,4.26298975,2.854310125,1.32876325,1.496084875,8.0,2.0,1.400111625,41.02752947519718,1.408679625,33.04440563104802,-0.16732162500000003,-12.592282711009656
47,calibration,2.196797875,5.676029875000001,2.959558875,6.593414125,1.812504625,1.4005943749999998,72.0,11.0,-3.479232000000001,-158.37742923890988,-3.63385525,-122.78367836152609,0.41191025000000026,22.72602476807474
48,calibration,1.780653875,1.96807725,2.721084625,2.899934,1.4154603749999999,1.327595,6.0,1.0,-0.18742337499999984,-10.525536581330261,-0.17884937499999998,-6.572723735117205,0.0878653749999998,6.2075474913947915
49,calibration,1.902011125,1.8667488749999999,2.83260325,3.681052125,1.1659432500000002,1.3238195,5.0,1.0,0.03526225000000016,1.853945517800279,-0.8484488749999999,-29.95297258802481,-0.15787624999999972,-13.54064616781303
50,calibration,2.0685615000000004,17.32906625,3.0152105,18.191793625000003,1.3473086250000001,1.349672,36.0,5.0,-15.260504749999999,-737.7351241430335,-15.176583125000002,-503.334116307966,-0.0023633749999998344,-0.175414523157219
51,calibration,2.138897,2.120839625,3.8078279999999998,2.94914825,1.3678693750000002,1.758998375,15.0,5.0,0.018057375000000153,0.8442377075661032,0.8586797499999999,22.550381739931527,-0.39112899999999984,-28.594031502459785
52,calibration,2.242742625,1.9195790000000001,3.08952575,2.680473125,1.316872625,1.2074475,9.0,2.0,0.32316362499999984,14.409304991026325,0.40905262500000017,13.239981087712255,0.10942512500000001,8.30946918651301
53,calibration,2.188226625,1.9348144999999999,3.004159125,2.776503375,1.273414375,1.4973230000000002,23.0,7.0,0.2534121250000001,11.580707505558301,0.22765575000000027,7.5780190238757825,-0.2239086250000002,-17.583327893561762
54,calibration,2.006334,2.240054625,2.878439125,3.1178547500000002,1.5047177500000002,1.4337092500000002,39.0,5.0,-0.23372062500000013,-11.649138428596642,-0.23941562500000035,-8.31755040155662,0.07100850000000003,4.719057776782392
55,calibration,2.139046,2.831169,3.002181375,3.7305748750000003,1.5077325,1.267593,40.0,6.0,-0.692123,-32.35662066173425,-0.7283935000000001,-24.26214172353261,0.24013949999999995,15.927195308186297
56,calibration,1.7510617499999999,1.7222681249999998,2.5141867500000004,2.51829675,1.413652625,1.294785375,10.0,3.0,0.028793625000000045,1.6443523479397597,-0.004109999999999836,-0.16347234349237721,0.11886725000000009,8.408519030621125
57,calibration,2.0050806249999997,2.2060248749999998,4.760919,3.1008038750000004,1.38382375,1.126419625,6.0,1.0,-0.20094425000000005,-10.021754112755445,1.660115125,34.86963598834594,0.2574041249999999,18.600932741615388
58,calibration,1.844176125,4.73473375,2.5854107500000003,5.6023510000000005,1.207992875,1.266105875,12.0,1.0,-2.8905576250000005,-156.73978129393691,-3.01694025,-116.69094552964165,-0.05811300000000008,-4.810707182358181
59,calibration,2.0537568750000004,2.063423875,2.8478952499999997,2.8511552499999997,1.343184875,1.3153852499999998,57.0,8.0,-0.009666999999999426,-0.4706983634564546,-0.0032600000000000406,-0.11447050238241877,0.027799625000000106,2.0696797229793185
60,calibration,1.934524125,2.156901375,2.78279675,2.975574625,1.272475375,1.34486975,16.0,3.0,-0.22237724999999986,-11.495191356168787,-0.192777875,-6.9274867091892345,-0.07239437500000001,-5.68925547969838
61,calibration,2.677746375,3.8373788749999997,3.46399175,4.634330125,1.31897075,1.313434875,72.0,11.0,-1.1596324999999998,-43.306285868839986,-1.170338375,-33.78583032133376,0.005535875000000079,0.4197117335619519
62,calibration,2.24883925,1.86634725,3.0774735,2.7172363749999997,1.5420105,1.558588,24.0,6.0,0.38249200000000005,17.00841889877189,0.36023712500000027,11.705612574730548,-0.016577500000000134,-1.075057530412415
63,calibration,3.184079,1.94843275,4.039682375,2.7399435,1.29647325,1.3329982500000002,7.0,1.0,1.23564625,38.80702237601517,1.299738875,32.17428387547425,-0.03652500000000014,-2.817258281264202
64,calibration,2.321869875,2.111014875,3.1036405,2.904931625,4.0757825,1.586468875,41.0,5.0,0.21085500000000001,9.081258268187835,0.1987088749999999,6.402444967450318,2.489313625,61.07572288266118
65,calibration,2.152636375,2.089994125,2.955103125,5.6526570000000005,4.203053875,1.5741903750000001,38.0,6.0,0.06264225000000012,2.910024690073358,-2.6975538750000005,-91.28459349451639,2.6288635,62.546509708967264
66,calibration,1.844301375,1.84280675,2.610580125,2.599161625,1.3887601250000001,1.167917375,4.0,1.0,0.0014946249999998606,0.08104017164764413,0.011418499999999998,0.4373932020186509,0.2208427500000001,15.902152288538675
67,calibration,1.537934875,1.96840275,2.311115,2.730026875,1.3976085,1.2542755,7.0,2.0,-0.43046787500000017,-27.989993724539225,-0.41891187500000004,-18.12596409092581,0.14333299999999993,10.25559017421545
68,calibration,1.75402625,15.149246375000002,2.5287075000000003,16.1528655,1.225946125,1.07991675,5.0,1.0,-13.395220125000002,-763.684131010012,-13.624158000000001,-538.7795148311934,0.14602937500000013,11.911565445014977
69,calibration,1.900169875,1.9883255,2.688745625,2.8784101250000003,1.1652681249999999,1.45049575,11.0,3.0,-0.08815562499999996,-4.639354941883812,-0.18966450000000012,-7.054014267340746,-0.2852276250000001,-24.47742445542309
70,calibration,1.6363643749999999,1.79638375,2.3709689999999997,2.56622175,1.21540275,1.29952525,14.0,3.0,-0.16001937500000007,-9.77895739144285,-0.1952527500000003,-8.235145630330903,-0.0841225000000001,-6.921368246040262
71,calibration,1.987440125,2.018253375,2.8410221250000003,2.828224125,1.093344375,1.261561125,4.0,1.0,-0.030813250000000014,-1.5503989082438403,0.012798000000000087,0.45047167663293314,-0.16821675000000003,-15.385522973948627
72,calibration,1.9679721249999997,6.679455374999999,2.79265775,7.645623125,2.415812875,1.374808875,24.0,9.0,-4.711483249999999,-239.4080276924654,-4.852965375,-173.7758726431837,1.0410039999999998,43.09125142815542
73,calibration,2.312172625,2.072515,3.381503375,4.671927625,1.44814975,1.603076875,13.0,5.0,0.23965762499999999,10.365040326519736,-1.2904242500000005,-38.16125867388792,-0.15492712499999994,-10.698280685405631
74,calibration,2.02138425,1.7497007500000001,2.908753875,2.667041875,1.620340375,1.287245375,10.0,2.0,0.27168349999999997,13.44046783781955,0.24171200000000015,8.309812737249903,0.33309500000000014,20.557100541298315
75,calibration,1.9543503750000002,1.940095125,3.020351,3.050110875,1.389111625,2.425812875,18.0,4.0,0.014255250000000164,0.7294111732651911,-0.029759875000000324,-0.9853118064754833,-1.0367012500000001,-74.63052150326654
76,calibration,2.09046225,1.88550975,3.028635875,2.8419613750000003,1.32338525,1.412902875,21.0,9.0,0.20495249999999987,9.804171302304066,0.18667449999999963,6.163649501114083,-0.08951762499999982,-6.7642906704604595
77,calibration,7.18141525,1.72468675,8.059015375000001,2.642808875,1.1915555000000002,1.348145,21.0,3.0,5.4567285,75.98402696460144,5.416206500000001,67.20680192274729,-0.15658949999999972,-13.141603559380968
78,calibration,4.5731085,2.127039,5.695461875,2.995698625,1.4132505000000002,1.4278567500000001,74.0,12.0,2.4460695,53.48811426625894,2.69976325,47.40200723404895,-0.014606249999999932,-1.033521658050001
79,calibration,5.4746185,1.725416875,8.647612,2.586764125,1.409864,1.360180625,3.0,1.0,3.749201625,68.4833404373291,6.060847875,70.08695435225356,0.049683375000000085,3.523983518977723
80,calibration,1.773906,1.772342375,2.656749875,2.62853825,1.349573125,1.7515165000000001,3.0,1.0,0.0015636249999999574,0.08814587695176393,0.028211624999999962,1.0618848716422715,-0.4019433750000001,-29.783000828502722
81,calibration,1.68581175,1.970541125,2.579364,2.8293711249999998,1.0942633750000001,1.188627375,29.0,12.0,-0.28472937499999995,-16.889749107514522,-0.2500071249999998,-9.692587979052192,-0.09436399999999989,-8.623518081284578
82,calibration,1.5767268749999999,1.540152875,2.41937975,2.327529,1.061929375,1.058886,11.0,3.0,0.036573999999999884,2.3196154375183013,0.09185074999999987,3.7964585757981926,0.0030433750000000703,0.2865892093812802
83,calibration,4.552395625,4.054958375,7.800313874999999,4.901914125,1.21154325,1.2743595,34.0,6.0,0.49743724999999994,10.926933662537293,2.8983997499999985,37.15747592272368,-0.06281625000000002,-5.18481284097782
84,calibration,2.1100171249999997,1.86437575,3.088177,3.67675425,1.347080625,1.4447044999999998,38.0,7.0,0.24564137499999972,11.641676841840786,-0.5885772500000002,-19.059051667051474,-0.0976238749999998,-7.247069936886652
85,calibration,1.826145375,1.76414025,3.0331265,2.7740111250000004,1.194302375,1.3356948750000002,12.0,3.0,0.062005124999999994,3.395410127192091,0.2591153749999995,8.542847619444803,-0.14139250000000025,-11.838919771050465
86,calibration,3.478910625,1.9825612500000003,6.355918875,5.581240875000001,1.486386375,1.19561275,72.0,11.0,1.4963493749999999,43.01200968622181,0.7746779999999998,12.188292758849911,0.2907736249999999,19.562452259426824
87,calibration,1.967019375,2.0206218750000002,2.9002355,2.955559375,1.2279844999999998,1.380428875,58.0,10.0,-0.05360250000000022,-2.7250621260403305,-0.05532387500000002,-1.9075649201590705,-0.1524443750000002,-12.414193745930849
88,calibration,1.9987926249999999,1.768498,2.8979996249999997,2.6748586249999997,1.352108125,1.117770125,16.0,4.0,0.23029462499999998,11.521686748268845,0.22314100000000003,7.699828463573389,0.23433799999999994,17.331306251857626
89,calibration,1.720777125,1.7922186249999998,2.621893375,2.622530625,1.35220975,1.29299375,22.0,9.0,-0.07144149999999994,-4.151699773438117,-0.0006372500000000336,-0.024304954811521794,0.05921600000000016,4.3792022650332285
90,calibration,2.080099125,1.971456125,3.03080425,5.367507125,1.3413694999999999,1.136812875,74.0,11.0,0.10864299999999982,5.22297224657502,-2.3367028750000003,-77.09844259984789,0.20455662499999994,15.2498342179392
91,calibration,1.438350125,1.601679625,2.3208082500000002,4.898821,1.068775,1.383977625,3.0,1.0,-0.16332950000000013,-11.355336726515048,-2.5780127499999996,-111.08253988669678,-0.31520262499999996,-29.491953404598718
92,calibration,1.81071975,1.65807225,2.63334825,2.517844875,1.084249625,1.241532125,7.0,2.0,0.15264750000000005,8.430211246108076,0.11550337499999985,4.386179268161735,-0.1572825,-14.50611523153628
93,calibration,1.9359025,1.7435713750000001,2.922874875,2.6688706250000003,3.7037,1.615910125,22.0,9.0,0.19233112499999994,9.934959276099903,0.25400424999999993,8.690219761802151,2.087789875,56.370382995383
94,calibration,1.633184875,2.087098875,2.5594913750000003,3.08447675,1.2281283749999998,1.110433,11.0,1.0,-0.45391400000000015,-27.79317926269677,-0.5249853749999995,-20.511316432937754,0.11769537499999982,9.58331208657237
95,calibration,6.658816375,2.0320002500000003,7.645280125,2.9587027499999996,1.214583,1.27752425,13.0,5.0,4.6268161249999995,69.48406239840185,4.686577375000001,61.300270210831556,-0.06294124999999995,-5.182128351870555
96,calibration,2.027353,16.586019999999998,2.8635725,17.4755205,1.3151312499999999,1.2818144999999999,71.0,10.0,-14.558666999999998,-718.1120900010998,-14.611947999999998,-510.26988141560923,0.033316750000000006,2.53334030348682
97,calibration,6.770669625,1.884239375,7.6797267499999995,2.6954684999999996,1.254837625,1.588092875,22.0,6.0,4.88643025,72.1705609731327,4.98425825,64.90150512191074,-0.3332552500000001,-26.557639280221625
98,calibration,2.015159625,1.693415625,2.95525875,2.5915331249999998,1.624442,1.30089575,10.0,2.0,0.3217439999999998,15.96617935415413,0.3637256250000003,12.307742088573471,0.3235462499999999,19.917377782647822
99,calibration,2.04982725,4.144464875,2.8697470000000003,4.975374125,1.7497972499999999,1.385458625,34.0,6.0,-2.094637625,-102.18605616644037,-2.105627125,-73.37326687683617,0.3643386249999998,20.8217623498951
100,calibration,2.22058525,2.0910498750000004,3.036673875,2.954211625,1.238648,1.41957575,73.0,10.0,0.12953537499999968,5.8333889680659485,0.08246224999999985,2.7155451455912383,-0.18092774999999994,-14.60687378496554
101,calibration,2.50831325,1.791846625,5.657027,2.575837625,15.018616875,1.256192125,9.0,3.0,0.716466625,28.563682187621502,3.081189375,54.466584214641365,13.76242475,91.63576689214932
102,calibration,1.8824215,1.765970375,2.700345875,4.4047012500000005,1.2801247500000001,1.2072755,10.0,3.0,0.11645112499999999,6.186240701139464,-1.7043553750000004,-63.11618784760306,0.0728492500000002,5.690793026226561
103,calibration,1.767387625,2.052018,2.6605846250000003,2.914713,1.318737875,1.3622785,11.0,3.0,-0.2846303749999999,-16.104581189426394,-0.25412837499999963,-9.551599021211347,-0.04354062499999989,-3.30168912453507
104,calibration,3.8974330000000004,1.8904875,4.800941625,3.109858625,1.251760375,1.482392875,10.0,3.0,2.0069455000000005,51.49403466332841,1.691083,35.22398587797867,-0.23063250000000002,-18.424652561797224
105,calibration,1.641593875,1.764745,2.43591325,2.65187625,1.3077275,1.294780375,7.0,1.0,-0.12315112499999992,-7.50192400663044,-0.2159629999999999,-8.865791916029847,0.012947124999999948,0.9900476207772605
106,calibration,2.147936875,4.648650125,3.0569680000000004,5.534711375,1.3876585000000001,1.1970139999999998,12.0,3.0,-2.5007132499999996,-116.42396380945783,-2.4777433749999993,-81.05231638015181,0.19064450000000033,13.738574728580577
107,calibration,1.840504375,4.45967675,2.7595328749999997,6.80151575,1.2457365,1.3961048749999998,11.0,3.0,-2.6191723749999998,-142.30731589540503,-4.041982875,-146.47344525656362,-0.15036837499999978,-12.070640540756393
108,calibration,1.96737875,1.901391625,2.8021510000000003,2.715516375,1.3271655,1.21808825,35.0,4.0,0.06598712499999992,3.3540631157066185,0.0866346250000003,3.09171864756754,0.1090772499999999,8.218812951361372
109,calibration,1.845112625,1.7889867499999998,5.079121125,3.1371475,1.2209512500000002,1.17127225,11.0,3.0,0.056125875000000214,3.0418671597350437,1.9419736250000001,38.23444208568663,0.04967900000000025,4.068876623861947
110,calibration,2.158588,1.9511405,2.988847875,2.907469,1.532484625,1.253137625,37.0,6.0,0.2074475,9.61033323635636,0.08137887499999996,2.722750651871165,0.279347,18.228372111726735
111,calibration,1.711968625,1.8589708749999998,2.5446805,2.721623,2.283122,1.4484828749999998,10.0,2.0,-0.1470022499999999,-8.586737388367728,-0.1769425,-6.953426962638335,0.8346391250000003,36.55692183772922
112,calibration,2.88688025,2.3243720000000003,3.8040369999999997,3.459223125,2.30272325,1.327548625,143.0,19.0,0.5625082499999996,19.484987297273577,0.3448138749999998,9.064419588978758,0.9751746250000002,42.348754892712364
113,calibration,1.935014875,4.366418250000001,2.9747915000000003,5.328951625,1.5084983749999998,2.358298,17.0,6.0,-2.4314033750000004,-125.65295525182981,-2.354160125,-79.13697901180636,-0.8497996250000002,-56.33414255418076
114,calibration,1.882425,2.06586375,2.7360436249999998,3.0078395,1.33143725,1.3607693749999998,21.0,9.0,-0.1834387500000001,-9.74481055022113,-0.27179587500000046,-9.933901364602711,-0.02933212499999982,-2.203042238753634
115,calibration,2.12276,1.885550125,2.996635125,2.7944265,1.381852125,1.285100625,12.0,6.0,0.23720987500000001,11.174596986941529,0.20220862499999992,6.747856064057846,0.09675149999999988,7.001581301617196
116,calibration,1.8149921249999998,1.735304,2.695126625,3.9618719999999996,1.227919375,1.152352625,3.0,1.0,0.07968812499999989,4.3905493529345145,-1.2667453749999997,-47.00133059610881,0.0755667499999999,6.154048184148891
117,calibration,1.9800878750000002,1.9216647500000001,3.025094375,2.868718625,1.3416567499999998,1.276347625,8.0,3.0,0.05842312500000002,2.9505319303063766,0.15637575000000004,5.169285007843764,0.06530912499999975,4.867796848933213
118,calibration,4.450136125,2.2973201249999997,5.43918175,3.1798260000000003,1.2110965,1.249588375,6.0,3.0,2.1528160000000005,48.37640781157004,2.25935575,41.538522775047916,-0.038491875000000064,-3.178266554316693
119,calibration,2.027437,2.297680875,2.972533625,7.820085000000001,1.3498549999999998,1.25649275,38.0,7.0,-0.27024387500000024,-13.32933526417838,-4.847551375,-163.0781005883491,0.09336224999999976,6.916465101807214
120,calibration,2.09116575,1.923944375,3.053054125,2.897188875,1.4231081250000002,1.26180175,16.0,3.0,0.167221375,7.996562443699167,0.15586525000000018,5.105223937030601,0.1613063750000001,11.334794044549504
121,calibration,1.834138625,1.99030625,2.78585925,2.9034291249999997,1.254647375,1.329183625,8.0,6.0,-0.15616762499999992,-8.514494099375936,-0.1175698749999996,-4.2202374366185085,-0.07453624999999997,-5.940812652638752
122,calibration,1.816805875,2.067518875,2.75424975,2.993482625,1.2033408749999999,1.279002875,7.0,1.0,-0.2507130000000002,-13.79965815004865,-0.2392328749999999,-8.685954314782089,-0.07566200000000012,-6.287661424282636
123,calibration,1.953602875,1.89438575,2.890390625,2.8273481250000003,1.321510625,1.2006056250000001,8.0,2.0,0.05921712499999998,3.0311751563121536,0.06304249999999989,2.1811065762088777,0.12090499999999982,9.148999464154882
124,calibration,1.767838125,1.770015125,2.6741536249999998,2.6470527500000003,1.574309375,1.33126575,2.0,2.0,-0.0021770000000000955,-0.12314475908251472,0.02710087499999947,1.0134374759415503,0.24304362499999987,15.438110758884346
125,calibration,1.8628996249999998,1.8882992500000002,2.777756625,2.81271325,1.249737125,5.27571825,4.0,1.0,-0.02539962500000037,-1.3634457089978946,-0.03495662499999996,-1.2584480830821514,-4.0259811249999995,-322.14623735371543
126,calibration,1.948323625,2.0597485,2.841479375,2.900771375,1.342557375,1.571407125,10.0,3.0,-0.11142487499999998,-5.719012671726956,-0.05929200000000012,-2.086659523967163,-0.22884974999999996,-17.045807818827853
127,calibration,4.256762500000001,2.597419,5.082020375,3.408749875,1.43302825,1.5530846249999999,116.0,19.0,1.6593435000000007,38.981350263257596,1.6732705,32.92530089472536,-0.12005637499999988,-8.377809369773408
128,calibration,5.41618725,5.360087249999999,8.45215725,6.329710875,1.6732913749999998,4.25772175,145.0,21.0,0.056100000000000705,1.0357839825423447,2.122446375000001,25.111297769572385,-2.584430375,-154.4519032138082
129,calibration,1.832697375,2.069613125,3.29580275,2.9324267500000003,1.27823625,1.4877073749999998,9.0,1.0,-0.2369157500000001,-12.927161528782136,0.3633759999999997,11.025417100583452,-0.20947112499999987,-16.387512480576255
130,calibration,2.06936675,1.838986875,2.88062725,2.640331625,1.393105125,1.3757605000000002,9.0,2.0,0.2303798749999999,11.132868303793897,0.2402956249999999,8.34178129086295,0.01734462499999978,1.2450334643625536
131,calibration,1.996832125,1.72165225,2.832651125,4.050070875,1.2175285,3.42779625,12.0,6.0,0.2751798750000001,13.780821710287743,-1.2174197500000004,-42.978104124982934,-2.21026775,-181.53724943605016
132,calibration,1.993299,2.147538875,2.892603125,2.986489875,1.296729875,3.878464125,11.0,1.0,-0.15423987500000003,-7.737919649786612,-0.09388675000000024,-3.2457529063894737,-2.58173425,-199.09576387295
133,calibration,2.3226994999999997,4.458736875,3.221549125,5.3135345,1.28808775,1.553188875,75.0,13.0,-2.136037375,-91.96356976010027,-2.091985375,-64.93724893920405,-0.26510112499999994,-20.580983321982522
134,calibration,2.27411075,4.78870075,3.8091452500000003,6.3310523750000005,1.622683625,1.4631824999999998,21.0,6.0,-2.51459,-110.5746498933704,-2.5219071250000002,-66.20664110931449,0.15950112500000024,9.829465370983838
135,calibration,2.4558809999999998,1.961899125,3.3585615,2.83099975,1.465111625,1.3104515,22.0,5.0,0.4939818749999998,20.114243116828536,0.5275617499999998,15.707967533123924,0.15466012499999993,10.556200794598153
136,calibration,2.156812875,1.984039,3.064365875,2.888420625,1.471417625,1.377413,27.0,3.0,0.17277387499999985,8.010610331691378,0.17594524999999983,5.741652830538711,0.09400462499999995,6.388711362622149
137,calibration,1.6972316250000001,1.828931625,2.5830808750000003,2.690037375,1.302850125,1.277696875,17.0,2.0,-0.13169999999999993,-7.759695144733113,-0.1069564999999999,-4.140656261875653,0.025153250000000016,1.9306326581501472
138,calibration,2.030779625,1.8368099999999998,2.964395,3.97617725,1.1754175,1.2441802499999999,17.0,4.0,0.19396962500000026,9.551485676344633,-1.01178225,-34.13115492368594,-0.06876274999999987,-5.85007029417206
139,calibration,1.866599,1.9294038750000002,2.714628625,2.85695025,1.272669375,3.1229705,12.0,3.0,-0.06280487500000032,-3.364668844245621,-0.14232162500000012,-5.242765941879071,-1.850301125,-145.38741650792062
140,calibration,1.7628997499999999,1.5610641250000001,2.5619940000000003,2.3738861250000003,1.344184875,1.15974625,10.0,6.0,0.20183562499999974,11.449069920169864,0.18810787500000004,7.342244946709478,0.18443862500000008,13.721224545098387
141,calibration,3.153254375,2.0826906249999997,6.661271125,3.0292777500000003,1.4769071249999999,1.924011625,61.0,10.0,1.0705637500000003,33.95107475273067,3.6319933749999995,54.524028625242295,-0.4471045,-30.273027493181065
142,calibration,2.2458036249999997,2.117948875,3.282928,3.068525,1.846537875,1.59323425,24.0,7.0,0.12785474999999957,5.693051190083442,0.2144029999999999,6.53084685378418,0.25330362500000003,13.71775951251474
143,calibration,1.9392272499999998,1.81828075,2.7816970000000003,2.720594,1.2402617500000002,1.4496445,11.0,2.0,0.12094649999999985,6.236839957771831,0.06110300000000013,2.196608760767263,-0.20938274999999984,-16.882142015586613
144,calibration,2.20824775,2.89796325,3.3115425,3.9068887500000002,1.449004625,1.3260815,12.0,5.0,-0.6897155000000001,-31.233610449733284,-0.5953462500000004,-17.977913615784804,0.12292312500000002,8.483280376002941
145,calibration,2.0804720000000003,5.430702875,3.0589744999999997,6.405190375,1.649419125,1.309968375,26.0,4.0,-3.3502308749999994,-161.03225013362345,-3.3462158750000004,-109.39011995686792,0.33945075000000013,20.5800178290039
146,calibration,1.915448875,4.4122225,2.807544,5.38841975,1.567733375,1.24537075,29.0,12.0,-2.4967736250000003,-130.34926995898027,-2.5808757499999997,-91.92645778659211,0.322362625,20.562337329840926
147,calibration,2.308840125,2.241925125,4.5665626249999995,3.2289851250000003,1.343367625,1.35754675,14.0,4.0,0.06691500000000028,2.898208467335965,1.3375774999999992,29.290685573374777,-0.01417912500000007,-1.0554910462428384
148,calibration,4.146484624999999,4.647641375,5.081725125,5.554387125000001,1.61427225,1.531258,73.0,10.0,-0.5011567500000007,-12.086304311329762,-0.4726620000000006,-9.301211466057023,0.08301424999999996,5.142518555962289
149,calibration,4.664704875,2.3607234999999998,5.53937725,3.1808936250000004,1.41516475,1.559430625,8.0,5.0,2.303981375,49.39179298025795,2.358483625,42.57669262370602,-0.1442658750000001,-10.194281266545122
150,calibration,2.0266669999999998,2.056699,2.905839,2.931874,1.4580686250000001,1.50574325,14.0,6.0,-0.03003200000000028,-1.4818418615391815,-0.026035000000000252,-0.895954662319566,-0.04767462499999997,-3.2697106420488247
151,calibration,1.681258375,1.743897,2.48354025,2.543318375,1.3117533749999999,1.562867125,5.0,3.0,-0.06263862499999995,-3.7256989128753006,-0.05977812500000024,-2.4069722646935254,-0.25111375,-19.143366030981248
152,calibration,2.097871125,1.90441725,5.74130375,2.7861906249999997,1.414936875,1.55041925,5.0,1.0,0.1934538750000001,9.221437517998162,2.9551131250000005,51.47111620770805,-0.13548237500000004,-9.575153308517741
153,calibration,4.54619775,2.0541913750000003,5.576001625,3.01368975,1.3084837500000002,1.6004231249999998,13.0,3.0,2.492006375,54.81517769437108,2.562311875,45.952495126828445,-0.29193937499999967,-22.311272493831098
154,calibration,2.90655625,4.793996375,3.893896875,5.751882625,1.562508875,1.421945375,111.0,16.0,-1.887440125,-64.93733348528865,-1.8579857500000005,-47.71533016009831,0.14056350000000006,8.996012902646717
155,calibration,1.954902125,2.15278225,2.962144,3.1349431250000004,1.381043125,1.302561125,9.0,2.0,-0.19788012499999996,-10.12225228411371,-0.1727991250000005,-5.833582871055578,0.07848199999999994,5.682805886311475
156,calibration,2.01097225,1.957898,3.0709152499999997,2.9552046250000004,1.353513,4.2362815000000005,25.0,5.0,0.0530742500000001,2.639233336014463,0.11571062499999929,3.76795240441752,-2.8827685000000005,-212.9841752535809
157,calibration,1.83067675,2.049452875,2.7158191250000003,2.93417575,1.4158635,3.98386375,40.0,5.0,-0.218776125,-11.950560086590928,-0.21835662499999975,-8.040175540040787,-2.56800025,-181.3734339503773
158,calibration,1.9284875000000001,1.8503115,3.123426875,3.10528475,1.325648125,1.2494732499999999,11.0,2.0,0.07817600000000002,4.0537467834248355,0.018142124999999787,0.5808403950548638,0.0761748750000002,5.7462363928587905
159,calibration,1.919223625,1.878187375,2.8232666250000005,2.798986375,1.307114125,1.326231875,7.0,1.0,0.04103625000000011,2.138169281862613,0.024280250000000336,0.8600055618197354,-0.019117749999999933,-1.46259225834622
160,calibration,2.120575375,1.97282075,3.015289125,2.9089925,1.399313625,1.4618455,13.0,3.0,0.14775462500000014,6.967666735260478,0.1062966249999997,3.5252548128365535,-0.0625318749999999,-4.4687533861467195
161,calibration,4.95350925,2.00079925,5.8260306250000005,2.896594875,1.430477,4.695852625000001,40.0,6.0,2.9527099999999997,59.6084482935002,2.9294357500000006,50.28184605534923,-3.265375625000001,-228.27180199332116
162,calibration,1.93049075,1.852307375,2.852561,4.04728675,1.4920550000000001,1.443769375,31.0,5.0,0.07818337499999983,4.049922280124877,-1.1947257499999995,-41.882566227330436,0.04828562500000011,3.2361826474225217
163,calibration,2.0969435,4.526536625,2.9827681249999998,5.448693499999999,1.3199645,1.45573125,18.0,3.0,-2.4295931250000002,-115.863547348796,-2.4659253749999994,-82.67237920145065,-0.13576674999999994,-10.28563646976869
164,calibration,2.2558571250000004,2.513915375,3.311453375,3.6000288749999996,1.555658625,1.904823125,74.0,11.0,-0.2580582499999995,-11.439476691149022,-0.28857549999999943,-8.714466650160805,-0.3491645000000001,-22.444802117174014
165,calibration,2.444945875,1.9620932500000001,3.4005012499999996,5.955627499999999,1.427749875,1.4724978750000002,6.0,1.0,0.48285262500000004,19.74901080376677,-2.55512625,-75.13969447886544,-0.04474800000000023,-3.1341624176293648
166,calibration,2.120207625,2.24039675,3.0855145,3.2371063749999998,1.5169715,5.236879999999999,38.0,6.0,-0.12018912500000001,-5.668743173206917,-0.15159187499999982,-4.913017747931498,-3.7199084999999994,-245.21940590182479
167,calibration,2.3480771249999997,2.16802075,3.5297827500000003,3.16041275,1.80428575,1.5341322499999999,5.0,1.0,0.1800563749999995,7.668247907316908,0.3693700000000004,10.46438339583365,0.27015350000000016,14.9728777717166
168,calibration,2.196416125,1.962944625,5.3029832500000005,3.2372088750000003,3.9519805000000003,1.483101375,6.0,2.0,0.23347149999999983,10.629656982690376,2.065774375,38.95494814168987,2.4688791250000004,62.47194602807377
169,calibration,2.70672925,2.3451952499999997,6.01648375,3.2832923750000003,1.689523625,1.5913866250000002,75.0,12.0,0.36153400000000024,13.356858651451757,2.7331913749999996,45.428384560998765,0.09813699999999992,5.80856038636334
170,calibration,1.936878875,2.6535349999999998,2.811219875,3.524037625,1.382555625,1.4975045,17.0,2.0,-0.7166561249999996,-37.00056489077045,-0.7128177500000001,-25.356172113716298,-0.11494887500000006,-8.314231479836485
171,calibration,2.3805484999999997,2.761477,3.288248625,3.636169625,2.4080605,1.6752007500000001,72.0,11.0,-0.38092850000000045,-16.001711370299763,-0.3479209999999999,-10.580738857603869,0.7328597499999998,30.433610368178034
172,calibration,4.5040914999999995,2.9524458750000004,5.314031375,3.800748875,1.37749925,1.60787625,76.0,13.0,1.551645624999999,34.44969146386123,1.5132824999999999,28.47710886915868,-0.23037699999999983,-16.724292227382325
173,calibration,2.443177125,2.119120625,3.348130625,3.017638,1.5382707500000001,4.171742375,114.0,16.0,0.3240565000000002,13.26373338568321,0.3304926250000002,9.870959709046602,-2.633471625,-171.19688617884722
174,calibration,2.46173975,1.95695675,3.2664111250000003,3.577652,1.43488875,1.409200875,45.0,12.0,0.504783,20.505132599820918,-0.31124087499999975,-9.528527276247251,0.025687875000000027,1.7902346087806478
175,calibration,1.873661875,1.849510375,2.868854375,5.446522874999999,2.437279,1.31840375,9.0,1.0,0.024151500000000103,1.2889999162735861,-2.5776684999999993,-89.85009913582661,1.11887525,45.90673656975668
176,calibration,1.8274798749999999,2.1504295,2.6857177500000002,3.4616211249999997,2.915847,1.36354525,12.0,4.0,-0.32294962500000013,-17.671856714701175,-0.7759033749999995,-28.88998201691147,1.5523017499999998,53.23673532939142
177,calibration,2.350898625,2.18947325,3.274419,3.1150265,1.5450075,1.7528557500000002,76.0,13.0,0.16142537500000032,6.866539172866304,0.15939250000000005,4.867810136699061,-0.20784825000000007,-13.452895859728839
178,calibration,1.9894055000000002,2.114759125,2.7988375000000003,2.935026,1.36502175,1.4542755,36.0,9.0,-0.1253536249999998,-6.30105953763573,-0.13618849999999982,-4.8658952154242545,-0.08925375000000013,-6.538632076741644
179,calibration,1.905164625,2.29016175,2.836230125,5.5418330000000005,1.52536175,1.2733881249999999,3.0,3.0,-0.38499712500000016,-20.208076506774322,-2.7056028750000003,-95.39433528864305,0.2519736250000002,16.518942146018816
180,regular_holdout,2.369556875,2.487924625,3.203059875,3.347199125,1.536043125,1.6086035,72.0,10.0,-0.11836775,-4.995353825385601,-0.14413924999999983,-4.5000485668411,-0.07256037500000012,-4.723850119767967
181,regular_holdout,4.17319,3.596408875,5.119681,5.739248125,1.8213241249999998,1.5370231250000002,4.0,1.0,0.5767811250000001,13.821108672262708,-0.6195671249999997,-12.101674401198038,0.2843009999999997,15.609577455083658
182,regular_holdout,2.034910875,2.343928,2.876181875,3.2346246250000004,1.493670625,1.5381085,37.0,6.0,-0.309017125,-15.185781785160493,-0.3584427500000005,-12.462450762088906,-0.04443787500000007,-2.9750785920423435
183,regular_holdout,1.912190125,1.8251396249999998,2.865253375,2.7868795,1.392962625,1.51692625,8.0,3.0,0.08705050000000014,4.552397738169479,0.07837387500000004,2.7353209207894236,-0.12396362500000002,-8.89927861488746
184,regular_holdout,4.512851125,2.365912625,5.344046125,3.234384875,1.571345,1.639910125,27.0,4.0,2.1469385,47.5738826859705,2.1096612500000003,39.47685331776586,-0.06856512500000012,-4.363467284396496
185,regular_holdout,1.913578625,1.9188040000000002,2.8212975,2.740695625,1.15034725,1.3912248749999998,17.0,2.0,-0.005225375000000199,-0.2730682153183122,0.08060187500000016,2.8569080361075057,-0.24087762499999976,-20.939557598803297
186,regular_holdout,2.9562867500000003,2.421640375,5.889771875,3.407650875,1.415984875,1.5241221249999999,73.0,11.0,0.5346463750000003,18.085064819913033,2.4821210000000002,42.14290557730642,-0.10813724999999996,-7.636893014129122
187,regular_holdout,1.718034,3.7231768750000005,2.550316625,4.829854000000001,1.340241625,1.203384875,22.0,5.0,-2.0051428750000007,-116.71147806155179,-2.279537375000001,-89.38252421892915,0.13685674999999997,10.211349017010269
188,regular_holdout,1.9956767499999999,2.1812044999999998,2.970102625,3.3489728750000003,1.413760375,1.203926875,17.0,3.0,-0.18552774999999988,-9.296483010086675,-0.3788702500000003,-12.756133300276124,0.2098335,14.842225295782534
189,regular_holdout,1.844645625,1.83635875,3.0782673750000002,2.80059625,1.349468125,1.427387375,27.0,8.0,0.008286875000000027,0.4492394033677892,0.27767112500000035,9.020370590777558,-0.07791924999999988,-5.774071173411368
190,regular_holdout,3.1126882499999997,6.746134625,6.339444875,7.72093725,1.8868005,1.3507500000000001,112.0,17.0,-3.633446375,-116.73017286584998,-1.3814923750000005,-21.792008641766138,0.5360505,28.41055532898152
191,regular_holdout,2.152629875,1.9443475000000001,3.01225,2.8056161250000002,1.475337375,1.3350137499999999,13.0,6.0,0.20828237500000002,9.675717011035164,0.20663387499999963,6.859785044402013,0.14032362500000017,9.511290595481604
192,regular_holdout,4.15772275,1.788145,4.96610375,2.749819375,1.348295125,1.5038856250000001,9.0,2.0,2.3695777499999995,56.99220204136987,2.2162843750000003,44.62823345162694,-0.1555905000000002,-11.539795488024197
193,regular_holdout,1.9262678750000002,1.8563735000000001,2.760936375,2.660279125,1.5964165000000001,1.3465475,21.0,6.0,0.06989437500000006,3.6284867700449013,0.10065724999999981,3.645764926401095,0.24986900000000012,15.65186779264685
194,regular_holdout,2.061798875,2.183262375,2.9418096250000003,5.7192933749999995,1.2863811250000001,1.2995965,13.0,5.0,-0.12146349999999995,-5.891142025189045,-2.777483749999999,-94.41412273576331,-0.013215374999999918,-1.0273296726116
195,regular_holdout,1.74720825,1.5334325,2.6356574999999998,2.491320625,3.8886393750000003,1.380732875,3.0,1.0,0.21377574999999993,12.235275903716683,0.1443368749999996,5.476313785080178,2.5079065000000003,64.49316221306842
196,regular_holdout,1.70602225,1.7948165,2.6202710000000002,2.682099375,1.275309625,1.2506075,5.0,1.0,-0.08879425000000007,-5.204753337771537,-0.06182837499999971,-2.3596175739074208,0.024702124999999908,1.9369511933229475
197,regular_holdout,2.110156125,2.2462175,2.983993625,3.05764,1.672205,1.61382925,34.0,6.0,-0.13606137500000015,-6.447929297174642,-0.07364637500000004,-2.468047330362512,0.05837574999999995,3.490944591123693
198,regular_holdout,2.232828875,2.079035,3.124417,2.9793965,1.3930916249999998,1.32125775,11.0,5.0,0.15379387499999986,6.887848716126974,0.14502050000000022,4.6415219223298365,0.07183387499999982,5.156435780022712
199,regular_holdout,4.116611750000001,4.255174,4.996940625,5.170080625000001,2.188895,1.383168,39.0,4.0,-0.13856224999999966,-3.3659295171569106,-0.17314000000000096,-3.464920097984974,0.8057270000000001,36.80976017579647
200,regular_holdout,1.9034345,1.999575,2.8228071249999998,2.8688219999999998,1.303419625,1.578382,4.0,2.0,-0.09614050000000018,-5.0508961563952,-0.04601487500000001,-1.6301104879774602,-0.27496237499999987,-21.095460719336632
201,regular_holdout,2.66808325,2.5865774999999998,3.8357502500000002,3.512907125,1.63876575,1.612650875,8.0,3.0,0.08150575000000027,3.0548428352076447,0.32284312500000034,8.416687843532053,0.026114874999999982,1.5935697338072865
202,regular_holdout,1.9580158749999999,2.141778625,2.803743875,3.050939,1.6199563750000001,1.67786325,8.0,2.0,-0.1837627500000003,-9.38515118014558,-0.24719512500000018,-8.816608649746946,-0.0579068749999998,-3.5745947170953785
203,regular_holdout,1.991188125,2.976691375,2.945929375,3.903052875,1.439888375,1.3569330000000002,20.0,3.0,-0.98550325,-49.49322656290952,-0.9571235000000002,-32.489696057292626,0.08295537499999983,5.761236526407808
204,regular_holdout,2.398509375,2.1613342500000003,3.4052478749999997,5.442097125,1.4170805,1.4839825,9.0,2.0,0.23717512499999982,9.888438522363492,-2.0368492500000004,-59.815006859082196,-0.06690200000000002,-4.721114996642747
205,regular_holdout,4.601764625,2.411017,5.47945425,3.1776037500000003,1.8221953750000002,1.682534375,73.0,11.0,2.190747625,47.60668577219983,2.3018504999999996,42.0087547952426,0.13966100000000026,7.664436092644579
206,regular_holdout,1.826356625,1.73545325,2.567998125,2.536567125,1.300270125,1.3674225,8.0,3.0,0.09090337500000012,4.977306937521039,0.03143099999999999,1.2239494917855513,-0.06715237500000004,-5.164494185390905
207,regular_holdout,2.65738375,2.240692,3.5910956250000003,3.0036665,1.598805125,1.4764688750000001,75.0,11.0,0.41669175,15.680526006076466,0.5874291250000003,16.35793602683583,0.12233624999999981,7.651729912987352
208,regular_holdout,2.028171875,1.950464625,2.8090640000000002,2.8064355,1.53736075,1.503876375,41.0,6.0,0.07770725,3.8313937274177023,0.0026285000000001446,0.09357209376504574,0.03348437500000001,2.1780427918430996
209,regular_holdout,4.5760190000000005,4.697707875,5.3819687499999995,5.500108,1.587042375,1.430216625,34.0,6.0,-0.12168887499999936,-2.6592738142039916,-0.11813925000000047,-2.195093570545174,0.1568257500000001,9.881635958208117
210,regular_holdout,1.8869070000000001,1.58848325,2.638141875,2.353428625,1.194208375,1.25545475,4.0,2.0,0.2984237500000002,15.815498591080546,0.28471325000000025,10.792188725634789,-0.06124637499999985,-5.128617105871482
211,regular_holdout,1.769219125,2.57146525,2.629380875,3.54656225,1.325209,1.178337,5.0,1.0,-0.8022461250000001,-45.34464463241659,-0.9171813750000002,-34.88202807438463,0.1468720000000001,11.082931069740706
212,regular_holdout,2.0496469999999998,1.99201,4.4807515,2.87866425,1.5683729999999998,1.4195604999999998,5.0,1.0,0.057636999999999716,2.812045196075213,1.6020872500000003,35.75487839484069,0.14881250000000001,9.48833600170368
213,regular_holdout,1.6099658749999999,1.65361075,2.53290625,2.487844625,1.452516875,1.3143799999999999,5.0,2.0,-0.04364487500000003,-2.7109192609439643,0.04506162499999977,1.7790482770532772,0.13813687500000005,9.510173504868922
214,regular_holdout,2.050334125,1.89076675,2.9035954999999998,2.774176375,1.353342875,1.1914704999999999,40.0,5.0,0.15956737499999996,7.78250593668483,0.12941912499999964,4.457202285924456,0.16187237500000018,11.960928600595777
215,regular_holdout,2.2282068749999997,1.8532375,7.058231375,2.6569038750000002,1.3488333750000001,1.430687,17.0,3.0,0.3749693749999996,16.828301680919985,4.4013275,62.357370652219515,-0.08185362499999993,-6.068475655860749
216,regular_holdout,1.8547745,1.888860125,2.721518,2.836669375,1.24385725,1.3405269999999998,12.0,5.0,-0.0340856249999999,-1.8377233997987301,-0.11515137499999994,-4.231145081531702,-0.09666974999999978,-7.771772042169612
217,regular_holdout,1.774727125,1.8919872500000001,2.5403863749999998,4.350487875000001,1.113774,1.1209324999999999,10.0,3.0,-0.11726012500000005,-6.607219969098069,-1.810101500000001,-71.25299985125298,-0.0071584999999998455,-0.6427246461131114
218,regular_holdout,2.0239017500000003,1.7937133749999998,4.956722624999999,2.6104931250000005,1.1871755,1.246127875,9.0,1.0,0.23018837500000044,11.373495526647993,2.346229499999999,47.334290770405964,-0.05895237500000006,-4.965767487620833
219,regular_holdout,1.891466625,1.744493,2.68079,2.6058717500000004,1.22365525,1.36966475,7.0,2.0,0.146973625,7.770352543228195,0.07491824999999963,2.79463329839337,-0.14600950000000013,-11.932241536167979
220,regular_holdout,1.7310188750000002,1.9058709999999999,2.6074903750000002,2.8372993749999997,1.219431375,1.103876875,39.0,6.0,-0.1748521249999997,-10.101110249303298,-0.22980899999999949,-8.813417000628409,0.1155545,9.47609700463874
221,regular_holdout,1.868962375,3.8665161249999995,2.6765898750000003,4.722796125,1.279384625,1.177785625,36.0,9.0,-1.9975537499999996,-106.88036189064532,-2.04620625,-76.44825489000252,0.101599,7.941239719056339
222,regular_holdout,1.685279625,1.807816375,2.5448797499999998,5.417562875,1.60667725,1.420716,3.0,1.0,-0.12253675000000008,-7.271004062604749,-2.872683125,-112.88089840001281,0.18596124999999986,11.57427541841399
223,regular_holdout,1.7618779999999998,1.886099375,5.237370875,2.868183625,1.129729625,1.280108125,9.0,1.0,-0.12422137500000008,-7.050509456386884,2.36918725,45.236194009269965,-0.15037849999999997,-13.31101678421507
224,regular_holdout,2.037603875,2.23754725,2.909422,3.155539,1.299505625,1.4230505,11.0,2.0,-0.19994337500000015,-9.812671513495241,-0.24611699999999992,-8.459309099883066,-0.12354487499999989,-9.507067351093603
225,regular_holdout,1.791585375,1.839097375,2.679064875,2.78893625,1.3760270000000001,1.3236438750000001,10.0,4.0,-0.047512,-2.6519528827924264,-0.109871375,-4.101109160337149,0.052383124999999975,3.8068384559314583
226,regular_holdout,1.9485587500000001,1.8996037499999998,2.806401,2.74121275,1.216492375,1.2364172500000001,59.0,10.0,0.048955000000000304,2.512369719414429,0.06518825000000028,2.3228416038905446,-0.019924875000000064,-1.6378955930570516
227,regular_holdout,1.604085625,4.081095625,2.4686705,4.9694515,1.2430400000000001,3.613617875,4.0,2.0,-2.47701,-154.41881414528604,-2.500781,-101.30072036750146,-2.370577875,-190.70809265993046
228,regular_holdout,1.7327255,1.658542875,2.574612125,2.464133875,1.33877575,1.19353475,23.0,7.0,0.07418262499999995,4.281268152399209,0.11047824999999989,4.291063843257551,0.14524099999999995,10.848792264126383
229,regular_holdout,1.738432375,3.329972375,5.2211908750000005,4.13220725,1.192582125,1.291414,22.0,6.0,-1.5915400000000002,-91.55029685868571,1.088983625,20.85699701603037,-0.09883187500000012,-8.28721753648623
230,regular_holdout,1.8787622499999999,1.91001075,2.623326625,2.716669375,1.459964125,1.352787,35.0,9.0,-0.031248500000000234,-1.663249301501573,-0.09334275000000014,-3.558182542366418,0.10717712499999998,7.341079357001322
231,regular_holdout,1.741250375,1.6566375,2.571915375,2.442695,1.1742971249999998,1.191271125,12.0,2.0,0.08461287499999992,4.859316972149966,0.12922037500000005,5.0242856454792975,-0.016974000000000267,-1.4454604067944277
232,regular_holdout,2.449869875,1.81702875,3.3421713749999995,4.116759375,1.209792875,1.3050247499999998,21.0,3.0,0.6328411250000001,25.831621975432476,-0.7745880000000005,-23.176190359179312,-0.09523187499999985,-7.871750360573073
233,regular_holdout,2.645848625,2.207635625,3.7749957499999995,3.089837375,1.5349248750000002,1.363066375,106.0,16.0,0.4382130000000002,16.562285380177418,0.6851583749999994,18.14991116215163,0.17185850000000014,11.196541459398793
234,regular_holdout,2.1315718749999997,4.165764749999999,3.4764642500000003,5.623577,1.399993125,3.8134256250000003,14.0,6.0,-2.0341928749999996,-95.4315873115937,-2.14711275,-61.76139305905417,-2.4134325000000003,-172.38888226683258
235,regular_holdout,1.793094,2.1167293750000002,2.64730825,3.299191125,1.276425,1.3715465,23.0,6.0,-0.3236353750000003,-18.04899101776038,-0.6518828750000001,-24.62436608959308,-0.09512150000000008,-7.4521808958614955
236,regular_holdout,1.682063375,1.750214,2.466562875,2.5918892500000004,1.140899,1.248818375,9.0,1.0,-0.06815062499999991,-4.05160863811091,-0.1253263750000002,-5.0810127838318415,-0.10791937499999982,-9.459152387722296
237,regular_holdout,1.650537125,1.663748125,2.537626,2.52284225,1.238188625,1.2145205,8.0,4.0,-0.013210999999999862,-0.8004061102230501,0.014783749999999873,0.5825819092332706,0.02366812500000015,1.9115120686882543
238,regular_holdout,3.219954,4.6084465,4.251314750000001,5.583911625000001,16.006791624999998,1.589214375,115.0,16.0,-1.3884925000000004,-43.12150111461221,-1.3325968750000001,-31.345523758267955,14.417577249999997,90.0716245189454
239,regular_holdout,1.9183706249999999,2.27986775,2.8263513749999998,3.1836905,1.5811647500000001,1.798956625,23.0,6.0,-0.3614971250000003,-18.843966869019397,-0.3573391250000002,-12.643124565500997,-0.21779187499999986,-13.774141815392724
240,regular_holdout,1.835339125,2.1752504999999998,5.34353225,3.14950575,1.2864528750000002,1.6648965,40.0,5.0,-0.3399113749999998,-18.52035792022904,2.1940265,41.059478961692434,-0.37844362499999984,-29.417604978340133
241,regular_holdout,2.227169,1.89520075,3.888132375,2.919574625,1.29432725,1.353856,19.0,6.0,0.33196824999999985,14.905391104132638,0.96855775,24.91061662991862,-0.05952874999999991,-4.599203949387599
242,regular_holdout,1.8781,1.860837625,2.8566283749999997,2.8124867499999997,1.1350375000000001,1.422854125,12.0,3.0,0.017262375000000052,0.919140354613708,0.04414162499999996,1.545235123557154,-0.2878166249999998,-25.357455150160217
243,regular_holdout,1.78174425,1.864044875,2.7669065,2.829014125,1.2696658749999998,1.313127,8.0,2.0,-0.08230062500000002,-4.619104285028563,-0.06210762499999989,-2.2446593334469336,-0.0434611250000001,-3.4230363953036154
244,regular_holdout,3.938558,1.745873875,4.87772,2.735416375,1.4097581250000002,1.2309961249999999,20.0,3.0,2.192684125,55.672256825975396,2.1423036250000003,43.92018453293752,0.1787620000000003,12.680331244765856
245,regular_holdout,2.91198275,2.031655875,4.04303375,3.687551375,1.372367625,1.43911375,37.0,6.0,0.8803268749999997,30.231184405196075,0.35548237500000024,8.792466177162144,-0.06674612499999988,-4.8635747291109315
246,regular_holdout,1.7932777500000001,1.9659413749999999,2.7013375,2.8387075,1.3776571249999998,1.346786625,9.0,2.0,-0.17266362499999977,-9.62838160457853,-0.13736999999999977,-5.085258691296432,0.0308704999999998,2.24079703431286
247,regular_holdout,2.195263375,2.8819032499999997,3.1304651249999997,3.779398625,1.413265625,1.4101585,41.0,7.0,-0.6866398749999996,-31.27824582779274,-0.6489335,-20.729619212736,0.0031071249999998773,0.21985428252384454
248,regular_holdout,3.9643397499999997,1.940165,4.881569000000001,2.7777703750000002,1.2626089999999999,1.2861497499999999,22.0,4.0,2.02417475,51.05956798985253,2.1037986250000005,43.09677124301634,-0.02354075,-1.8644528907999232
249,regular_holdout,1.516882375,1.803018875,2.483678125,3.34748275,1.1848655,1.270383625,10.0,1.0,-0.2861365,-18.863459996362604,-0.8638046250000002,-34.77925002862439,-0.08551812500000011,-7.217538615142404
250,regular_holdout,1.886734375,1.9553345000000002,2.814734875,2.879190875,1.346889,1.64602525,8.0,4.0,-0.06860012500000012,-3.6359185431176617,-0.06445599999999985,-2.2899492443315763,-0.2991362500000001,-22.209421117850106
251,regular_holdout,2.2727055,2.354255,3.177672625,3.30213225,1.3727195,1.9390424999999998,42.0,6.0,-0.08154950000000039,-3.5882123750745705,-0.12445962500000007,-3.916691229323854,-0.5663229999999997,-41.255551480109354
252,regular_holdout,1.8176523750000002,1.6199270000000001,2.666109,3.944747125,1.2681188749999999,1.150224125,11.0,2.0,0.1977253750000001,10.878063249030227,-1.278638125,-47.958959104822796,0.11789474999999983,9.296821640636791
253,regular_holdout,1.700046125,2.2941855,2.677742875,3.3656658750000004,1.321722625,1.496946125,5.0,1.0,-0.5941393750000001,-34.94842676695023,-0.6879230000000005,-25.690405394132572,-0.17522349999999998,-13.257206669969802
254,regular_holdout,16.536796,1.762747125,17.50226425,2.6206104999999997,1.247481375,1.4045523750000002,17.0,2.0,14.774048874999998,89.34045552112997,14.88165375,85.02702014683615,-0.15707100000000018,-12.59104970605274
255,regular_holdout,2.253898125,2.4083436249999997,3.1933976250000002,3.381465875,1.58943225,1.40224025,75.0,11.0,-0.15444549999999957,-6.8523727087265565,-0.18806824999999971,-5.889283831355004,0.18719200000000003,11.777287141367617
256,regular_holdout,2.304904125,3.620558,6.051456125,4.5648497500000005,1.759838375,1.583491875,73.0,11.0,-1.3156538749999998,-57.08063345151069,1.4866063749999991,24.566093586277127,0.17634649999999996,10.020607716319402
257,regular_holdout,2.010489625,2.00614625,2.92653775,5.18753875,1.6624201250000001,1.33578625,37.0,8.0,0.004343374999999927,0.2160356833475292,-2.261001,-77.25856261379167,0.3266338750000002,19.648094370849858
258,regular_holdout,5.752556625,2.115904375,6.64388675,3.017656625,1.4303105,1.4123269999999999,32.0,9.0,3.6366522500000005,63.21801743237947,3.626230125,54.5799508849244,0.017983500000000152,1.2573144083050605
259,regular_holdout,2.235221125,17.880053,3.3035275,19.09872575,1.357609,1.1465425,62.0,10.0,-15.644831875000001,-699.9232290720232,-15.79519825,-478.13127785374877,0.21106650000000005,15.546928460256233
260,regular_holdout,1.84186725,1.836449625,2.818238875,2.7653367500000003,1.3004202500000002,1.404366,6.0,3.0,0.0054176249999999815,0.2941376475421875,0.05290212499999969,1.8771341730214295,-0.10394574999999984,-7.9932429535759555
261,regular_holdout,1.705296125,1.564618375,2.526397625,2.37454975,2.372976125,1.173826125,6.0,2.0,0.14067775000000005,8.249461658748567,0.15184787500000008,6.010450354187618,1.1991500000000002,50.53358891253068
262,regular_holdout,1.7611382500000001,1.982862375,2.56457175,2.78608825,1.37103825,3.8839377500000003,41.0,5.0,-0.22172412499999994,-12.589819396631691,-0.22151650000000034,-8.63756297713255,-2.5128995000000005,-183.2844196724636
263,regular_holdout,4.821596625,2.141953875,6.03738275,3.04529875,1.4056215,1.365715125,73.0,10.0,2.6796427499999997,55.57583842883165,2.9920839999999997,49.559289577921824,0.03990637500000016,2.8390555352205524
264,regular_holdout,1.9617452499999999,2.213250375,2.8237984999999997,3.217269625,1.333046,1.638924625,32.0,9.0,-0.251505125,-12.820478347022886,-0.3934711250000005,-13.934107727587524,-0.30587862500000007,-22.945841703887194
265,regular_holdout,1.8234460000000001,1.87247275,2.6775256250000004,2.6925617500000003,1.265471125,1.415104875,9.0,2.0,-0.0490267499999999,-2.6886866954107713,-0.015036124999999956,-0.5615679215021501,-0.14963375,-11.824351187783918
266,regular_holdout,4.24773,2.022528375,5.107718625,3.260633125,1.285833125,1.386317625,23.0,10.0,2.225201625,52.385665402462024,1.8470855000000004,36.162632196678615,-0.10048450000000009,-7.8147387904631955
267,regular_holdout,1.842678625,3.42399,2.753208375,4.283773500000001,1.277867375,1.238358875,38.0,7.0,-1.5813113749999999,-85.81590699246321,-1.5305651250000007,-55.592055396097685,0.039508499999999946,3.0917527728571947
268,regular_holdout,2.86444425,2.034177375,3.706114,2.901525125,1.21200275,1.431636125,32.0,5.0,0.830266875,28.98526913204891,0.8045888749999999,21.709771340007347,-0.21963337500000013,-18.12152447673903
269,regular_holdout,4.462100125,1.790568875,5.253110124999999,2.6575480000000002,1.28030975,3.64055425,11.0,2.0,2.67153125,59.87161146456793,2.595562124999999,49.41000784749395,-2.3602445000000003,-184.3494904260473
270,regular_holdout,2.1735553750000003,1.80433975,2.9946219999999997,2.65326725,1.214779375,1.252449,21.0,5.0,0.36921562500000027,16.986713531510567,0.3413547499999998,11.398926141596498,-0.03766962499999993,-3.1009437413275087
271,regular_holdout,1.82837475,1.82114725,2.6388635000000003,2.6658524999999997,1.16617075,1.3825755000000002,29.0,5.0,0.007227499999999942,0.3952964237774527,-0.026988999999999486,-1.0227508925717257,-0.21640475000000015,-18.55686656520927
272,regular_holdout,1.604469875,1.5184297500000001,2.4517265000000004,2.254514125,1.3447135000000001,1.0948395,6.0,2.0,0.0860401249999998,5.362526672555931,0.19721237500000033,8.043816265802906,0.24987400000000015,18.581950727794442
273,regular_holdout,1.7811495,3.9818366249999997,2.6009279999999997,5.04773275,1.414186125,1.4344415000000001,23.0,9.0,-2.200687125,-123.55431843312424,-2.44680475,-94.0742977122012,-0.020255375000000075,-1.4322990900508286
274,regular_holdout,2.140470625,2.14587125,3.11965275,5.7132292499999995,1.432507625,1.506916125,37.0,6.0,-0.005400625000000048,-0.25231016660179806,-2.5935764999999993,-83.13670487845158,-0.0744085000000001,-5.194282997272011
275,regular_holdout,2.225086,15.62182175,3.3826185,16.553034875,1.196975,1.4298245,14.0,4.0,-13.396735750000001,-602.0772118470926,-13.170416375000002,-389.3556537634972,-0.23284950000000015,-19.453163182188447
276,regular_holdout,1.7515601250000001,2.165825,2.687067625,3.1889358750000003,1.221247875,1.356591625,8.0,3.0,-0.41426487499999975,-23.651193532394426,-0.5018682500000002,-18.677172294835724,-0.1353437500000001,-11.082414370628902
277,regular_holdout,1.712661125,2.424039625,2.60453475,3.35757975,1.3724275000000001,1.4822787499999999,9.0,2.0,-0.7113784999999999,-41.536442301158665,-0.7530450000000002,-28.912841343353172,-0.10985124999999973,-8.00415686803126
278,regular_holdout,1.732039625,1.692807125,2.681348125,2.54809625,1.20439,1.247528625,1.0,1.0,0.039232500000000003,2.2651040676970657,0.13325187500000002,4.969585029172593,-0.043138624999999875,-3.5817820639493747
279,regular_holdout,1.971215625,2.5936193750000003,2.9544325000000002,3.634028125,1.346958,2.20861825,9.0,4.0,-0.6224037500000004,-31.574615283399066,-0.6795956249999997,-23.00257748315454,-0.8616602499999997,-63.97083279508341
280,regular_holdout,4.320676625,4.59733225,5.272212375,8.18081575,1.2345181250000001,1.6004676249999998,10.0,2.0,-0.27665562500000007,-6.403062506442497,-2.908603375000001,-55.168554832732845,-0.3659494999999997,-29.6431046729265
281,regular_holdout,1.9060855,2.0433950000000003,2.810603875,2.965526875,1.2630336249999998,1.356386,12.0,2.0,-0.1373095000000002,-7.2037429590645425,-0.15492300000000014,-5.512089461557443,-0.09335237500000027,-7.391123494435889
282,regular_holdout,3.36241275,4.10397325,4.194776625,5.075511375,1.4364635,1.575432375,145.0,20.0,-0.7415605000000003,-22.054416133176996,-0.8807347499999993,-20.995986884045326,-0.1389688750000002,-9.674375645465425
283,regular_holdout,2.457789875,2.094754875,3.27123125,3.0825475000000004,1.48787725,1.411135,73.0,10.0,0.363035,14.770790769898504,0.1886837499999996,5.767973450363669,0.0767422499999999,5.1578347608984485
284,regular_holdout,1.97538475,3.32750775,2.85544275,4.190686625,1.188555,1.172949875,6.0,1.0,-1.3521230000000002,-68.44858957223398,-1.3352438749999997,-46.76136038798186,0.015605124999999997,1.312949337641085
285,regular_holdout,2.208094125,5.02301325,3.0136235000000005,5.862662125,1.594865625,1.520496625,73.0,10.0,-2.814919125,-127.48184477869574,-2.8490386249999995,-94.53863845301177,0.07436899999999991,4.6630260778239485
286,regular_holdout,4.8804567500000005,2.287565625,5.789446875,3.20767925,1.423584125,1.5464384999999998,108.0,15.0,2.5928911250000004,53.12804226776521,2.5817676250000003,44.59437457054134,-0.12285437499999974,-8.629934321584242
287,regular_holdout,2.25047175,2.130993375,3.1093121249999998,3.06434625,1.3104002499999998,1.50945375,61.0,12.0,0.11947837499999991,5.309036871935847,0.04496587499999993,1.446167936581791,-0.19905350000000022,-15.190282511011443
288,regular_holdout,3.6537436249999997,3.1594235,6.838515125,4.08697875,1.500738125,1.549687125,111.0,16.0,0.4943201249999998,13.529140950605143,2.7515363749999997,40.235874670234054,-0.04894899999999991,-3.261661657326118
289,regular_holdout,4.663846,1.88125375,5.6937338749999995,2.81130225,1.712951375,1.5135450000000001,13.0,4.0,2.7825922500000004,59.663038831042016,2.8824316249999997,50.62462855273509,0.1994063749999999,11.641099561276215
290,regular_holdout,4.127505875,4.79049825,5.0483460000000004,5.707944374999999,1.533764375,1.270951875,74.0,10.0,-0.662992375,-16.062784526018394,-0.659598374999999,-13.065633278701556,0.2628125000000001,17.1351287253624
291,regular_holdout,1.9054725,2.090728,2.8644365,3.0467236250000003,1.34149625,1.46375075,8.0,4.0,-0.18525550000000002,-9.722286729407012,-0.18228712500000022,-6.363804015205092,-0.12225449999999993,-9.113294204139589
292,regular_holdout,1.9121101249999999,1.720837125,2.9100390000000003,2.576359875,1.28177075,1.216967875,9.0,4.0,0.1912729999999998,10.00324183733925,0.3336791250000002,11.466482923424742,0.06480287500000004,5.0557305196736655
293,regular_holdout,1.7515225,2.40794175,2.593668375,3.440309875,1.31130425,1.3076123750000002,4.0,2.0,-0.6564192499999999,-37.477066380820105,-0.8466415,-32.64262725954701,0.0036918749999999,0.28154221264820123
294,regular_holdout,1.78584325,1.7508751249999999,2.64883925,2.755191,1.325761,1.4827370000000002,5.0,1.0,0.03496812500000024,1.9580735879254934,-0.10635174999999997,-4.0150322447842,-0.15697600000000023,-11.8404448463939
295,regular_holdout,4.542633625000001,2.067419875,5.6678275,2.960454125,2.023679875,4.360935,39.0,7.0,2.4752137500000004,54.48851821062281,2.7073733749999995,47.7673919151562,-2.3372551249999995,-115.49529912679492
296,regular_holdout,3.371933625,1.6400275,4.243183125,2.49429275,1.5288140000000001,1.275360875,2.0,1.0,1.731906125,51.362402633296206,1.7488903749999998,41.21647177318089,0.25345312500000006,16.578414705778467
297,regular_holdout,1.940417875,2.17735125,2.860310125,3.117693,1.3335202499999999,1.83265825,4.0,4.0,-0.236933375,-12.21043044658615,-0.25738287500000023,-8.998425476677996,-0.4991380000000001,-37.4301027674683
298,regular_holdout,3.987617,2.5194335,4.850504375,3.528134125,1.523079375,2.429323125,73.0,10.0,1.4681835000000003,36.81856858369297,1.32237025,27.26253081670502,-0.9062437499999998,-59.50075648552459
299,regular_holdout,3.2487467500000005,14.536007374999999,4.100526875,15.42353325,1.580601125,1.58493825,71.0,10.0,-11.287260624999998,-347.43430293543184,-11.323006375,-276.1354021121981,-0.004337124999999942,-0.27439718543791
300,regular_holdout,1.92866025,1.923678875,2.79494125,2.847542,1.345446875,1.4127488750000001,24.0,6.0,0.004981375000000066,0.25828162321487497,-0.05260074999999986,-1.8819984140990393,-0.0673020000000002,-5.002204193309394
301,regular_holdout,4.169874875,2.622367625,4.971423249999999,3.49394825,1.2565223749999999,1.6825631250000002,16.0,3.0,1.5475072499999998,37.11159918197785,1.4774749999999992,29.719356524311213,-0.4260407500000003,-33.906340107950754
302,regular_holdout,2.8093496250000003,2.234247375,3.72894925,3.053677625,1.375999625,1.287006375,71.0,10.0,0.5751022500000005,20.471010260960327,0.6752716249999997,18.10889823721789,0.08899324999999991,6.467534466079517
303,regular_holdout,1.8315495,1.772243375,2.64424525,2.631689375,1.274869,1.4737885,15.0,6.0,0.05930612499999999,3.238030148789317,0.012555874999999883,0.47483776325209937,-0.19891949999999992,-15.603132557149001
304,regular_holdout,1.5962877500000001,1.869264125,2.4396875,4.840559,1.1147595,1.269389625,5.0,1.0,-0.2729763749999998,-17.100699732864566,-2.4008715,-98.4089765594979,-0.15463012500000017,-13.87116458751867
305,regular_holdout,3.8246718749999995,2.9884192499999997,4.7343485,3.844229875,1.505712,1.316414375,14.0,6.0,0.8362526249999997,21.864689372862866,0.8901186250000004,18.8012907161355,0.18929762500000002,12.571967613992586
306,regular_holdout,1.859637375,1.917495875,2.6733145,2.766663625,1.631078375,1.142559125,5.0,1.0,-0.057858500000000035,-3.1112786168862647,-0.09334912500000003,-3.4918871311250523,0.48851924999999996,29.950691363926637
307,regular_holdout,1.525743625,1.6065203750000001,2.383011625,2.40944975,1.2119475,1.2858605,5.0,2.0,-0.08077675000000006,-5.294254465588874,-0.026438124999999868,-1.1094417132774108,-0.07391300000000012,-6.098696519444953
308,regular_holdout,1.7734242500000001,2.0167345,2.66527775,2.828292875,1.395486375,1.2222355,13.0,4.0,-0.24331024999999995,-13.719799421937529,-0.16301512499999982,-6.116252799544055,0.17325087499999992,12.41508896853256
309,regular_holdout,2.0691337499999998,1.97955975,2.868601625,2.83776475,1.313007875,1.3936449999999998,75.0,12.0,0.08957399999999982,4.329057993471897,0.03083687500000032,1.0749793464263382,-0.08063712499999975,-6.141404521279034
310,regular_holdout,1.591414875,4.247527375,2.40368725,5.0894341249999995,1.151682875,1.153254,7.0,1.0,-2.6561125,-166.90258095017492,-2.6857468749999995,-111.73445609448567,-0.0015711249999998955,-0.13641993244016026
311,regular_holdout,1.7913112500000001,1.7294615,2.6975555,2.656945125,1.40715525,1.3611746249999999,13.0,2.0,0.06184975000000015,3.4527640017892,0.040610374999999976,1.505450953650443,0.04598062500000011,3.2676298510772077
312,regular_holdout,2.028961875,1.8690137500000001,2.956316375,2.7743238750000003,1.254624625,1.2434615,10.0,3.0,0.15994812499999966,7.883249408025455,0.18199249999999978,6.156056284740491,0.01116312499999994,0.8897581617290463
313,regular_holdout,3.3257660000000002,2.004157,4.129396625,2.834055375,1.17963525,1.1564061250000002,38.0,6.0,1.321609,39.73848430707392,1.2953412499999999,31.368777756968306,0.02322912499999985,1.9691786083876224
314,regular_holdout,2.14581875,4.570562,3.04424225,5.432502625,1.304634,1.1718558749999999,33.0,5.0,-2.4247432499999997,-112.99851164037035,-2.3882603749999998,-78.45171897867195,0.1327781250000002,10.177423323322877
315,regular_holdout,2.877728625,4.024159375,6.0409665,4.940715624999999,1.4272345,2.191428375,21.0,8.0,-1.14643075,-39.83804240749073,1.1002508750000004,18.213159682312433,-0.7641938750000001,-53.54368010302443
316,regular_holdout,1.70038475,2.198700875,2.521240625,3.123326375,1.30555175,1.331894,3.0,2.0,-0.4983161250000001,-29.3060805797041,-0.6020857500000001,-23.880535004468292,-0.0263422499999999,-2.01771013672954
317,regular_holdout,1.9190684999999998,2.1038486250000004,2.74155575,2.924995625,1.43233825,1.119710875,34.0,9.0,-0.18478012500000052,-9.628636236799288,-0.18343987500000036,-6.6910868035421265,0.31262737499999993,21.826365036331325
318,regular_holdout,1.83438525,1.7825455,2.74088975,2.743817875,1.316404125,1.3322569999999998,13.0,8.0,0.05183975000000007,2.8260012448312084,-0.002928124999999948,-0.10683118501938825,-0.015852874999999766,-1.2042559498968273
319,regular_holdout,1.8547081250000002,1.743657875,2.736166,2.91355925,1.355980875,1.1519496249999999,15.0,4.0,0.11105025000000013,5.98747848802356,-0.17739325000000017,-6.483278061345699,0.2040312500000001,15.046764579183323
320,regular_holdout,2.0835732499999997,2.016218875,5.662827625,3.0493947500000003,2.16853025,1.382121375,17.0,4.0,0.06735437499999986,3.2326377294390714,2.613432875,46.150669737188046,0.7864088749999998,36.264602488252116
321,regular_holdout,2.394509625,1.896144875,3.275941,2.912047375,1.424245,1.391355,4.0,1.0,0.4983647499999999,20.812810472624427,0.3638936249999998,11.108064064645845,0.032890000000000086,2.3092936959582153
322,regular_holdout,1.68561,1.6107917500000002,2.65820575,2.430521625,1.3777373750000002,1.213851875,3.0,2.0,0.07481824999999986,4.4386453568737645,0.22768412500000013,8.565331144889747,0.16388550000000013,11.89526414640527
323,regular_holdout,1.8147341250000002,1.7449551250000002,2.6010745,2.652608875,1.255830375,1.2280307499999998,8.0,1.0,0.06977900000000004,3.84513626755104,-0.05153437499999969,-1.9812725471723198,0.027799625000000106,2.2136448961110777
324,regular_holdout,2.919985375,1.873816,3.8234765,2.877001625,1.3951695000000002,1.390435375,3.0,1.0,1.046169375,35.827897768152354,0.9464748749999998,24.754300830670722,0.0047341250000001445,0.3393225697666229
325,regular_holdout,1.7706261250000002,1.82863525,2.6619215,2.725377625,1.3918932499999999,1.6048066250000002,5.0,1.0,-0.058009124999999884,-3.2761927648616322,-0.06345612500000009,-2.383846593522765,-0.2129133750000003,-15.296674152274273
326,regular_holdout,1.9795383750000002,1.9585555000000001,2.836788625,2.8225367500000003,1.31840475,1.21792275,54.0,11.0,0.020982875000000067,1.059988291462148,0.014251874999999803,0.5023946752465493,0.10048199999999996,7.6214834632535995
327,regular_holdout,2.20308775,4.199297125,3.1990447499999997,5.044369875,4.0066356249999995,1.322198125,74.0,13.0,-1.9962093750000003,-90.60961711579579,-1.8453251250000005,-57.6836296209986,2.6844374999999996,66.99979112774948
328,regular_holdout,1.719164625,1.7837498749999998,2.497705625,2.544037125,1.309614375,1.3995565,4.0,2.0,-0.06458524999999993,-3.7567810005397204,-0.04633149999999997,-1.8549623917350135,-0.0899421250000001,-6.867832754202939
329,regular_holdout,2.192981,2.1038903749999998,5.404279,2.9659,1.371520125,1.579317,38.0,6.0,0.08909062500000031,4.062535197523386,2.438379,45.11941370902576,-0.2077968750000001,-15.150844031544931
330,regular_holdout,2.8818799999999998,2.49985625,3.7653677500000002,3.3015391249999997,3.454603625,1.350723625,114.0,15.0,0.38202374999999966,13.256060280094928,0.46382862500000055,12.318282191692978,2.1038799999999998,60.90076397693816
331,regular_holdout,2.0366910000000003,2.0636143750000002,2.90821775,2.862804125,1.6664486250000001,1.33300675,73.0,11.0,-0.02692337499999997,-1.3219175122784934,0.045413625000000124,1.5615620597873088,0.3334418750000001,20.009130194457693
332,regular_holdout,2.033320375,1.967683125,5.497465249999999,3.202765625,1.5038917500000002,1.986975,11.0,2.0,0.0656372500000002,3.228082047817978,2.2946996249999994,41.74104829493919,-0.48308324999999974,-32.12220892893386
333,regular_holdout,2.044042125,2.3606518750000003,2.9881248749999996,3.26358875,1.547408875,6.397386375,31.0,9.0,-0.31660975000000047,-15.489394573998835,-0.27546387500000025,-9.218619921297643,-4.8499775,-313.4257259575301
334,regular_holdout,2.118275375,1.8465197500000001,3.0166126250000005,2.6807423750000003,1.4228678750000001,1.27276575,3.0,2.0,0.27175562499999995,12.829098058131366,0.33587025000000015,11.134019900881375,0.1501021250000001,10.549266564894515
335,regular_holdout,2.033813125,2.15573225,2.9334205,3.2415013750000004,1.3268223749999999,3.8113924999999997,36.0,6.0,-0.1219191249999998,-5.994608034600022,-0.30808087500000036,-10.502445012571513,-2.484570125,-187.25717713345014
336,regular_holdout,2.36771725,4.399960375,3.2562626249999997,5.338838625,1.456077875,1.5756912500000002,3.0,1.0,-2.032243125,-85.83132656570373,-2.0825760000000004,-63.95602074633033,-0.11961337500000013,-8.214764955480154
337,regular_holdout,2.048975625,1.9888474999999999,3.00543475,2.977504875,1.4186065,1.5118523750000001,15.0,3.0,0.06012812500000031,2.934545646437366,0.027929874999999882,0.9293123066471458,-0.09324587500000003,-6.573061310518458
338,regular_holdout,1.9946727499999999,1.923663625,2.9436135,2.8802966249999997,1.3540615,1.2278156249999999,6.0,2.0,0.07100912499999978,3.5599385914305888,0.06331687500000038,2.150991459986183,0.12624587500000017,9.323496384765402
339,regular_holdout,2.72084325,3.46498725,4.80102475,4.4270415,3.3441381249999997,1.427914125,145.0,22.0,-0.7441439999999999,-27.34975636689103,0.3739832500000002,7.789654698197509,1.9162239999999997,57.300982446710385
340,regular_holdout,1.6998757500000001,2.005318875,2.504320625,2.858190875,1.19061175,4.090731375000001,6.0,1.0,-0.3054431249999998,-17.968555937103037,-0.35387024999999994,-14.130389154942968,-2.9001196250000008,-243.58231178215746
341,regular_holdout,2.48944175,2.084456875,3.4151457499999998,5.075531375000001,1.482674625,3.831856375,72.0,12.0,0.40498487500000024,16.268100067013027,-1.6603856250000009,-48.618294695036106,-2.34918175,-158.44216326289393
342,regular_holdout,1.766257125,1.948503875,2.6666297500000002,2.887219625,1.2103315000000001,2.173868875,6.0,2.0,-0.18224675,-10.318245708421417,-0.22058987499999994,-8.272234831250943,-0.963537375,-79.60937767875991
343,regular_holdout,1.9192986250000001,1.831741125,2.7530087500000002,2.714771625,1.22847025,1.3811208750000001,9.0,2.0,0.08755750000000018,4.561952937365344,0.038237125000000205,1.388921302919949,-0.15265062500000015,-12.426074217100508
344,regular_holdout,2.215807,4.369232625,3.2462198750000004,5.563904000000001,1.26933075,1.3631384999999998,22.0,5.0,-2.1534256250000006,-97.18471080739435,-2.3176841250000004,-71.39639994348812,-0.09380774999999986,-7.390331479797513
345,regular_holdout,1.886256125,2.082294,2.719729125,4.726647875,1.4594995,1.63369175,39.0,5.0,-0.19603787500000003,-10.392961613312192,-2.00691875,-73.79112616591918,-0.17419225000000016,-11.935067466621273
346,regular_holdout,1.901657,1.7522923750000001,5.163729,2.5731795,1.307609875,1.441284375,7.0,1.0,0.1493646249999998,7.854446148806004,2.5905495,50.16819240513977,-0.13367449999999992,-10.22281206005728
347,regular_holdout,2.109210875,2.1403466250000003,2.9786713750000002,2.9662591249999997,1.19408425,1.2340688750000002,18.0,2.0,-0.03113575000000024,-1.4761800429272032,0.012412250000000569,0.4167042428438608,-0.03998462500000022,-3.3485597854590425
348,regular_holdout,2.147104375,2.190487625,3.151684625,3.0693316250000002,1.5181655,1.334113625,61.0,10.0,-0.04338324999999976,-2.020546858603451,0.0823529999999999,2.612983524644376,0.18405187499999998,12.123307702618717
349,regular_holdout,1.82227825,1.87622225,2.756135125,2.78496025,4.290448375,1.391452875,9.0,4.0,-0.05394399999999999,-2.9602504447386115,-0.028825125000000007,-1.0458531128803057,2.8989955000000007,67.56859066041089
350,regular_holdout,2.030101125,2.004522375,2.8907602499999996,2.9536451250000004,1.451437375,4.0168208750000005,7.0,3.0,0.02557874999999976,1.2599741798576543,-0.06288487500000084,-2.17537497272563,-2.5653835000000003,-176.74779113359958
351,regular_holdout,1.95001625,1.8690763750000001,2.7664922499999998,2.8014022499999998,1.317004125,1.2962275,16.0,9.0,0.08093987499999988,4.150728231110889,-0.03491,-1.2618867809949585,0.020776624999999882,1.5775671925097337
352,regular_holdout,1.942424875,1.871694,3.182168375,2.73496425,1.306289,1.40922075,21.0,6.0,0.07073087499999997,3.6413699139844455,0.44720412499999984,14.053440054063758,-0.10293174999999999,-7.879707323570816
353,regular_holdout,1.694405875,1.819851625,2.5781910000000003,3.680406625,1.2245516250000001,1.254976625,11.0,2.0,-0.12544575000000013,-7.403524258908753,-1.1022156249999995,-42.75151162190851,-0.030424999999999924,-2.48458287742666
354,regular_holdout,2.826863875,2.089886,3.8171570000000004,3.025923375,1.302355875,1.284211875,29.0,11.0,0.736977875,26.070511619523952,0.7912336250000003,20.728349004245835,0.018143999999999938,1.3931675933047054
355,regular_holdout,4.869572874999999,5.253073125,5.83898275,8.81483475,1.71110475,4.287103375,115.0,16.0,-0.3835002500000009,-7.875439178020329,-2.975851999999999,-50.96524732839806,-2.575998625,-150.5459338477086
356,regular_holdout,1.908038,1.889055375,2.7182915000000003,2.7381845,1.35925525,1.28094825,22.0,6.0,0.01898262499999981,0.9948766743639178,-0.019892999999999716,-0.7318199685353728,0.0783069999999999,5.7610224422528375
357,regular_holdout,3.054639125,2.832706125,3.937009875,5.2612918749999995,1.47960475,1.414654375,146.0,21.0,0.22193299999999994,7.265440889028092,-1.3242819999999993,-33.636745704123975,0.064950375,4.389711171175951
358,regular_holdout,4.812563125,2.059631875,5.649350999999999,2.888693125,1.354534375,1.2939782499999999,53.0,9.0,2.7529312499999996,57.20301590849263,2.7606578749999993,48.86681452435863,0.06055612500000018,4.4706229769916455
359,regular_holdout,1.55812975,1.8551602500000002,2.48296225,2.694031375,1.223741875,1.175655375,7.0,2.0,-0.2970305000000002,-19.063271207035243,-0.21106912499999986,-8.500698107673601,0.04808649999999992,3.9294642916423794
360,maintenance_burst,2.31102825,2.245284,3.22507425,3.203154625,1.50860125,1.60932125,39.0,7.0,0.06574425000000028,2.8448051208374574,0.02191962500000022,0.6796626465266721,-0.10072000000000014,-6.676383172823179
361,maintenance_burst,2.062354875,2.047044125,2.9259607499999998,2.8904145,1.580734125,3.79519325,46.0,10.0,0.015310749999999818,0.7423916313141703,0.03554624999999989,1.2148573763335648,-2.2144591250000003,-140.09054969949486
362,maintenance_burst,2.16747625,1.968401625,5.1448015,2.8581696250000004,1.41829325,1.460131375,35.0,6.0,0.19907462499999995,9.184627743902611,2.2866318749999994,44.44548297927528,-0.04183812499999995,-2.949892414703373
363,maintenance_burst,2.08568875,2.058866875,3.06053675,2.8630994999999997,1.541461125,3.08943475,10.0,2.0,0.026821874999999995,1.2859960528626333,0.19743725000000012,6.451066140604262,-1.547973625,-100.42248876046094
364,maintenance_burst,3.2936875,2.219968625,4.591563625,3.259098125,1.4430583750000001,4.09807375,12.0,2.0,1.073718875,32.59929410425245,1.3324655,29.019863576430353,-2.655015375,-183.98530655421334
365,maintenance_burst,3.186335625,2.826563,4.19102125,3.7376278750000003,1.78878725,1.661063,105.0,15.0,0.35977262499999973,11.291108889384487,0.4533933750000001,10.818207495368823,0.12772424999999998,7.140270593945702
366,maintenance_burst,2.052558625,2.047088125,3.0190653750000003,4.90531075,1.531394375,3.98925675,13.0,3.0,0.005470499999999934,0.26652101106247006,-1.8862453749999997,-62.477791657625154,-2.457862375,-160.49832852494316
367,maintenance_burst,2.261163,2.2423895,3.0894228750000003,3.124161125,1.757349875,1.631257875,102.0,12.0,0.0187735,0.8302585881690087,-0.03473824999999975,-1.124425221328749,0.1260920000000001,7.175122142367926
368,maintenance_burst,1.974785,6.383679625,2.810237125,7.42065075,1.556714875,4.34874025,78.0,14.0,-4.408894625,-223.25947508209757,-4.610413625,-164.05781505003782,-2.7920253749999997,-179.35367740351293
369,maintenance_burst,2.3690272500000003,2.0587204999999997,5.764184875,2.91054,1.543574,1.341567375,37.0,6.0,0.3103067500000005,13.098487997552603,2.8536448749999996,49.50647727099488,0.2020066250000001,13.086941410000435
370,maintenance_burst,3.19081225,3.9386252500000003,4.28956125,4.8119705,1.746657625,1.5897565,73.0,10.0,-0.7478130000000003,-23.436446315511052,-0.5224092499999999,-12.178617335281082,0.15690112500000009,8.982935336282637
371,maintenance_burst,2.059244,2.671321875,2.923109375,3.572409625,1.7785795,1.3671985,73.0,10.0,-0.6120778749999998,-29.723426412800027,-0.64930025,-22.21265668514371,0.411381,23.129750455349342
372,maintenance_burst,1.66900275,1.75049075,2.452347,4.85170225,1.2072756249999999,1.307162875,6.0,1.0,-0.081488,-4.882436532833754,-2.3993552499999997,-97.83914144287084,-0.0998872500000001,-8.273773439267451
373,maintenance_burst,1.97423775,3.415515125,2.8892327499999997,4.3625123750000006,1.520575375,3.70134525,10.0,2.0,-1.4412773750000003,-73.00424556262286,-1.4732796250000009,-50.9920713379703,-2.180769875,-143.41741362212974
374,maintenance_burst,2.04740475,1.8533051249999999,2.9179372499999996,2.63229925,1.4306557500000001,1.4414245,20.0,10.0,0.19409962500000022,9.480276188672523,0.2856379999999996,9.789038472297499,-0.010768749999999994,-0.7527142710606652
375,maintenance_burst,2.757106875,3.38075875,3.6147915,4.2316568750000005,1.484701375,1.5601639999999999,57.0,10.0,-0.6236518750000002,-22.61979325701693,-0.6168653750000006,-17.065033349779664,-0.0754626249999999,-5.082680347083257
376,maintenance_burst,2.71814525,4.976839249999999,3.618823125,5.85479125,1.62088125,1.549069875,101.0,12.0,-2.2586939999999993,-83.09688380339495,-2.235968125,-61.787162504660955,0.07181137500000001,4.43039087533402
377,maintenance_burst,4.443446375,2.0866715,5.4197788749999996,3.026949875,1.278117875,1.42047925,6.0,1.0,2.3567748749999997,53.03934550127208,2.3928289999999994,44.14993775922269,-0.14236137500000012,-11.138360380101885
378,maintenance_burst,3.31969925,1.8560456250000001,4.342026125,4.7872635,1.437914375,1.402959,12.0,3.0,1.463653625,44.089946551634156,-0.4452373749999996,-10.254138556110128,0.03495537500000001,2.4309775051800293
379,maintenance_burst,2.042210625,3.369473,2.908089875,4.5275995,1.553958625,1.3902385000000002,7.0,3.0,-1.327262375,-64.9914538075621,-1.619509625,-55.68980652635435,0.16372012499999977,10.535681089964655
380,maintenance_burst,2.044005875,1.8445331249999999,2.9674148750000002,2.769000875,1.32535025,1.349101375,21.0,3.0,0.19947274999999998,9.758912752635801,0.1984140000000001,6.686426009103296,-0.023751124999999984,-1.7920640223216453
381,maintenance_burst,3.10964125,4.9297815,4.1492855,5.965862125,3.789361125,1.663111125,115.0,16.0,-1.8201402499999997,-58.53216186915451,-1.8165766249999997,-43.78046834810474,2.12625,56.11104167328471
382,maintenance_burst,1.756731625,2.1049729999999998,2.67434775,3.067613625,1.218377125,3.622466,11.0,3.0,-0.34824137499999974,-19.823254163822536,-0.393265875,-14.705113611346917,-2.4040888750000002,-197.31894383686827
383,maintenance_burst,3.0429519999999997,1.85645325,3.95602025,2.77481975,1.2604573749999999,1.2330121250000001,13.0,3.0,1.1864987499999997,38.99170115072469,1.1812005,29.858302671731778,0.027445249999999755,2.1774040554128025
384,maintenance_burst,1.82948025,1.977352625,2.6968618749999997,2.87329375,1.186943625,1.2126653749999998,16.0,4.0,-0.14787237499999994,-8.08275328471023,-0.17643187500000046,-6.542117586203798,-0.025721749999999766,-2.1670574286963094
385,maintenance_burst,4.06019925,4.2258893749999995,4.9645065,7.61867775,1.4964105,1.199364875,23.0,6.0,-0.16569012499999936,-4.080837288958155,-2.65417125,-53.46294238913777,0.297045625,19.85054401850294
386,maintenance_burst,1.78633875,1.7122165,2.68001575,2.56399425,1.15732875,1.223579125,7.0,1.0,0.07412225000000006,4.149394956583686,0.1160215,4.32913500601629,-0.06625037500000008,-5.724421431680504
387,maintenance_burst,2.696730625,1.5829550000000001,3.53226,2.4566823749999998,1.4798205,1.429275125,3.0,1.0,1.1137756249999997,41.30095956469511,1.0755776250000002,30.45012612321857,0.050545375000000003,3.4156423025630476
388,maintenance_burst,1.821178875,2.090119375,2.7679578750000005,3.002571625,1.7003035,2.625108,3.0,2.0,-0.2689405,-14.767385219093322,-0.2346137499999994,-8.476059268062357,-0.9248045,-54.39055439220116
389,maintenance_burst,1.885651375,1.7394963749999999,2.672294625,2.6065641250000002,1.402296625,1.866497125,5.0,2.0,0.14615500000000003,7.75090252300747,0.06573049999999991,2.459702586124833,-0.4642005,-33.102875078231044
390,maintenance_burst,1.80238425,1.973919875,2.5671497499999996,2.890966625,1.3662972500000001,4.2582125,4.0,1.0,-0.17153562499999997,-9.517150685265918,-0.32381687500000034,-12.613867773003909,-2.89191525,-211.66076781608098
391,maintenance_burst,2.1654871250000003,2.1881215000000003,3.002484125,3.02282625,3.84390425,1.25760925,36.0,6.0,-0.022634374999999984,-1.0452324901262104,-0.02034212499999999,-0.6775098269670281,2.586295,67.28302350403239
392,maintenance_burst,1.946611125,2.125705875,2.753257125,2.897672125,1.461492625,1.43190625,75.0,12.0,-0.17909474999999997,-9.200335274976915,-0.14441499999999996,-5.245242033106514,0.029586375000000054,2.024394409790474
393,maintenance_burst,2.017929625,3.2970087500000003,2.842624875,6.404385625,1.46697725,1.213118125,18.0,4.0,-1.2790791250000004,-63.38571519807092,-3.56176075,-125.29830373766781,0.25385912499999996,17.30491219274191
394,maintenance_burst,1.767716625,1.596371375,2.56508125,2.4094557500000002,3.8770545,1.345046375,3.0,2.0,0.17134525000000012,9.693027014440174,0.15562549999999975,6.067078771871252,2.532008125,65.30751953577129
395,maintenance_burst,1.6002447499999999,1.627334375,5.01220375,2.41029575,1.1956678749999998,2.503695,5.0,2.0,-0.027089625000000117,-1.6928426104819352,2.6019080000000003,51.911457111056194,-1.3080271250000002,-109.39719568864392
396,maintenance_burst,1.662395,1.8545945000000001,2.44742075,2.64098625,1.3413807500000001,1.1410227499999999,8.0,2.0,-0.19219950000000008,-11.561602386917674,-0.19356550000000006,-7.908958849842229,0.20035800000000026,14.936698621923734
397,maintenance_burst,1.73296075,3.3905465,2.453882,6.64291375,1.3354759999999999,1.1818745,3.0,1.0,-1.6575857500000002,-95.65050737588835,-4.18903175,-170.7103988700353,0.15360149999999995,11.501629381583792
398,maintenance_burst,2.7428875,2.5323618750000003,3.688234625,3.4220133749999997,3.4585660000000003,3.502423625,160.0,24.0,0.21052562499999983,7.6753284631615335,0.2662212500000005,7.218121325456634,-0.04385762499999979,-1.268086975931637
399,maintenance_burst,2.24400975,2.022617125,3.147811375,2.972914125,4.187217375,1.65275025,20.0,6.0,0.221392625,9.865938639526856,0.1748972499999999,5.556154075464573,2.5344671250000004,60.52867329344229
400,maintenance_burst,2.90699475,2.88247275,3.79736375,3.75173225,1.4862297500000001,1.59796175,107.0,14.0,0.024522000000000155,0.8435515750415495,0.04563150000000027,1.2016626007977316,-0.11173199999999994,-7.5178147927667265
401,maintenance_burst,3.26936125,2.220190875,4.15251075,3.040584125,5.803229125,1.5523656250000002,71.0,10.0,1.049170375,32.0909894860961,1.1119266250000002,26.777212437077978,4.2508634999999995,73.24996839582823
402,maintenance_burst,1.8703635,1.7426401249999999,2.7680293750000002,2.62504075,1.32503225,1.4494366250000001,15.0,6.0,0.1277233750000002,6.828799588956916,0.1429886250000001,5.165719204117915,-0.12440437500000012,-9.38878091457775
403,maintenance_burst,2.000561375,3.92269625,2.819118,4.907171625,1.37485275,1.3169440000000001,18.0,3.0,-1.9221348749999998,-96.07977535805416,-2.088053625,-74.06762061751229,0.05790874999999995,4.211996521081981
404,maintenance_burst,1.571436125,1.7803295000000001,2.4104502500000002,2.590011625,1.402915125,1.4040985,3.0,1.0,-0.20889337500000016,-13.293150874967965,-0.17956137499999958,-7.449287741989264,-0.0011833749999998755,-0.08435114704461366
405,maintenance_burst,3.2490201250000004,2.326724625,4.24563425,3.1874738750000002,1.6052723750000002,1.736426,104.0,13.0,0.9222955000000002,28.38688172176219,1.058160375,24.923493468614257,-0.13115362499999983,-8.170178908112076
406,maintenance_burst,2.0238955,2.099195875,2.903748,5.303682125,1.3353342499999998,1.53657125,34.0,7.0,-0.07530037499999986,-3.720566353351735,-2.3999341249999997,-82.64953174311268,-0.2012370000000001,-15.070159400165174
407,maintenance_burst,2.6218168750000004,2.3414293749999997,3.4098286250000003,3.15618275,1.662842125,1.5113378750000002,111.0,15.0,0.2803875000000007,10.69439680069191,0.25364587500000013,7.438669296759749,0.1515042499999999,9.111162612626252
408,maintenance_burst,1.795558,1.8030815,5.1624835000000004,2.553479375,2.2797825,1.5060135,14.0,1.0,-0.007523500000000016,-0.4190062365014116,2.6090041250000002,50.53777169457297,0.7737690000000002,33.94047458474658
409,maintenance_burst,1.9732615,1.8740498749999999,2.7641609999999996,2.770731,1.634266125,1.35100775,37.0,7.0,0.09921162500000014,5.0277991538374485,-0.006570000000000409,-0.2376851420738665,0.28325837499999995,17.332450980099704
410,maintenance_burst,2.033258375,1.9461439999999999,2.870424625,2.868684,1.3412104999999999,1.291746875,37.0,6.0,0.08711437500000008,4.2844714705773725,0.0017406250000000512,0.06063998283877777,0.04946362499999979,3.6879837281321457
411,maintenance_burst,1.827190625,1.8393163750000001,2.81533975,2.691180125,1.4046365,1.20932375,23.0,9.0,-0.012125750000000046,-0.6636280765724729,0.12415962500000033,4.41011160375938,0.19531275000000003,13.904860794945883
412,maintenance_burst,3.995854375,1.6794945000000001,7.076279250000001,2.5811919999999997,1.2700956250000002,1.42364275,14.0,6.0,2.316359875,57.96907638807533,4.495087250000001,63.52331629648449,-0.15354712499999978,-12.089414527351023
413,maintenance_burst,4.12369275,1.771961125,5.105265125000001,5.0334395,3.616538125,1.2089545,8.0,2.0,2.351731625,57.02974900348723,0.07182562500000067,1.4068931434780414,2.407583625,66.57149853770724
414,maintenance_burst,4.404756375,2.03256225,5.724038374999999,2.9512758750000003,1.481185875,1.719765625,15.0,4.0,2.372194125,53.855285583189605,2.772762499999999,48.440669302815415,-0.23857974999999998,-16.107347094435394
415,maintenance_burst,1.967079625,2.1126985,2.833404875,2.912803125,1.689991625,1.7330055,41.0,7.0,-0.14561887500000004,-7.402795146129382,-0.07939825000000011,-2.802220420404977,-0.04301387499999998,-2.5452123172503875
416,maintenance_burst,1.6710845,1.7377764999999998,3.885981625,2.595872625,1.270642875,1.21479975,4.0,1.0,-0.06669199999999975,-3.9909412121289947,1.2901089999999997,33.19905044584455,0.05584312499999999,4.394871769142844
417,maintenance_burst,2.083129125,1.71362625,2.93454625,2.552419375,3.88444225,1.360935375,1.0,1.0,0.36950287500000023,17.73787666667088,0.382126875,13.021668171016218,2.5235068750000003,64.96445853970413
418,maintenance_burst,2.140556875,2.138540125,5.863269375000001,5.6418745,4.093303000000001,1.478574625,58.0,10.0,0.0020167500000001226,0.09421613709750751,0.22139487500000055,3.7759628773665295,2.6147283750000003,63.87820239547378
419,maintenance_burst,1.834852,1.8837423750000002,2.8906030000000005,2.7625735000000002,3.95768525,1.312251875,9.0,1.0,-0.048890375000000263,-2.6645405187993507,0.12802950000000024,4.4291623581654145,2.6454333749999996,66.84294500175322
420,maintenance_burst,2.1135708749999997,2.134333875,2.968334875,3.0582469999999997,1.253832125,1.471129625,74.0,11.0,-0.020763000000000087,-0.9823659213699228,-0.08991212499999968,-3.029042503164326,-0.21729750000000014,-17.33066936692184
421,maintenance_burst,1.88327,1.85113025,4.833450625,2.7879721249999996,1.295808375,1.402366875,7.0,2.0,0.03213975000000002,1.7065927880760603,2.0454785000000006,42.3192178569115,-0.1065585,-8.223322372028967
422,maintenance_burst,1.995172,2.09195725,2.8952055000000003,3.1340461250000002,1.1145166249999998,1.26049875,7.0,3.0,-0.09678525000000016,-4.850972748214197,-0.23884062499999992,-8.249522356875872,-0.14598212500000018,-13.098245618363944
423,maintenance_burst,4.15472325,4.06616175,6.321573750000001,6.821611625,1.2884245,1.185609,3.0,2.0,0.08856149999999996,2.1315860208017456,-0.5000378749999994,-7.910022009946485,0.10281550000000017,7.979939841255748
424,maintenance_burst,1.86421775,4.651796,2.715059375,6.030014875,1.3663634999999998,1.558966125,83.0,17.0,-2.78757825,-149.5307213977552,-3.3149555,-122.09513834296901,-0.19260262500000014,-14.096001905788626
425,maintenance_burst,2.42448125,2.29557025,5.216262125,3.175629625,1.6308638750000002,1.5048218750000002,103.0,14.0,0.128911,5.317054937009721,2.0406325,39.120589631028174,0.126042,7.728542028070858
426,maintenance_burst,2.1703140000000003,2.0431645,2.969025875,2.81793725,1.4862024999999999,1.217468875,104.0,13.0,0.12714950000000025,5.858576224454168,0.15108862499999987,5.088828166578369,0.26873362499999986,18.081898328121497
427,maintenance_burst,2.02052675,2.138904125,2.882477375,3.0040978750000003,1.534818375,1.53426275,18.0,2.0,-0.11837737499999967,-5.85873832157875,-0.12162050000000013,-4.2193045834401435,0.0005556250000000595,0.03620135183748107
428,maintenance_burst,5.009962625,2.2121612500000003,7.156109375,3.208141875,4.1348395,1.623053125,104.0,15.0,2.7978013749999997,55.844755428689446,3.9479675,55.16918891419264,2.511786375,60.746889329077945
429,maintenance_burst,3.1883071249999997,2.20464375,3.9935,3.020244125,1.566272125,1.626646,51.0,8.0,0.9836633749999999,30.852215186138945,0.973255875,24.37099974959309,-0.06037387500000002,-3.8546223249679565
430,maintenance_burst,1.738715375,2.8195088750000004,2.537976625,3.9223677500000003,1.336034875,1.244516875,21.0,3.0,-1.0807935000000004,-62.16046142687387,-1.384391125,-54.547040006721886,0.09151799999999999,6.849970888671598
431,maintenance_burst,2.299903,2.099977375,3.1447545000000003,2.8447305,1.28922575,1.305677,20.0,3.0,0.1999256250000001,8.69278508702324,0.3000240000000005,9.540458563617621,-0.01645125000000003,-1.2760565789195593
432,maintenance_burst,1.6101848749999998,1.67383375,2.386638875,2.456952875,1.389815125,1.205329,9.0,1.0,-0.06364887500000016,-3.9528923658533412,-0.07031399999999977,-2.946151625054702,0.18448612499999983,13.274148603038107
433,maintenance_burst,1.612923875,1.809888,2.46294825,2.633341875,1.3315087499999998,3.4752646250000003,3.0,1.0,-0.19696412500000005,-12.211619410742498,-0.170393625,-6.918278733627472,-2.1437558750000005,-161.0020118155439
434,maintenance_burst,2.657442125,2.8345425,3.6656192499999998,3.9045541249999998,1.772298875,1.7036173749999999,116.0,18.0,-0.17710037499999975,-6.664317289694494,-0.238934875,-6.518267684239164,0.06868150000000006,3.875277526201672
435,maintenance_burst,2.26354175,2.15909,3.210965,3.1806095,1.563458,1.530648125,39.0,11.0,0.10445174999999995,4.614527211614274,0.030355499999999758,0.9453700055902122,0.0328098750000001,2.0985453398812184
436,maintenance_burst,3.478249125,3.56879125,4.41439825,4.485256375,1.5600201249999999,1.6213055,54.0,9.0,-0.0905421249999998,-2.6030948832625613,-0.070858125,-1.6051593215451279,-0.0612853750000002,-3.9284989993318327
437,maintenance_burst,1.8827935,1.9711705,2.763055625,2.8504538750000004,1.411797375,1.2432162500000001,9.0,2.0,-0.08837699999999993,-4.6939295254630915,-0.08739825000000057,-3.1631013581205254,0.16858112499999978,11.940886701251996
438,maintenance_burst,2.010717875,1.8637345,2.86373525,2.78962325,1.153306375,3.8073505,9.0,2.0,0.14698337500000003,7.30999494396995,0.07411199999999996,2.5879487288498457,-2.654044125,-230.12481180466895
439,maintenance_burst,2.011050875,3.800114625,2.964907,4.7003885,2.183408,1.4048181249999998,12.0,3.0,-1.78906375,-88.96163554290987,-1.7354814999999997,-58.534095673152635,0.7785898750000002,35.65938546529097
440,maintenance_burst,2.082063375,2.05153475,3.0903445,3.414507125,1.70085325,1.6391035,72.0,10.0,0.030528625000000087,1.4662678075301183,-0.32416262500000004,-10.489530374364412,0.06174974999999994,3.6305160365833995
441,maintenance_burst,1.9686262500000002,8.844006875,2.85778175,9.8454955,1.465249125,1.467910875,1.0,1.0,-6.875380625,-349.2476352481838,-6.98771375,-244.51530457145654,-0.0026617500000001293,-0.18165852854545328
442,maintenance_burst,3.3114357500000002,4.329370750000001,4.197343,5.506120375,1.832236,1.7457225,114.0,17.0,-1.0179350000000005,-30.73998944415577,-1.308777375,-31.181091824042017,0.08651349999999991,4.721744360442645
443,maintenance_burst,2.196031875,1.653046125,3.2765151250000004,5.44041225,14.991690625,1.44269175,12.0,2.0,0.5429857500000002,24.72576815398001,-2.163897124999999,-66.04264111248376,13.548998875,90.37672410612461
444,maintenance_burst,2.19231775,1.76776175,3.036350125,2.6362412500000003,1.453336375,1.720156125,12.0,7.0,0.42455599999999993,19.365623436657387,0.4001088749999995,13.177297035202733,-0.26681975,-18.359118686477522
445,maintenance_burst,5.243970249999999,2.08058625,6.2909445,3.0885798749999998,1.563282375,1.8777442500000001,32.0,3.0,3.1633839999999993,60.32421713300146,3.2023646250000004,50.904353471883276,-0.3144618750000001,-20.11548777296233
446,maintenance_burst,1.934986125,1.87256425,2.841057375,3.46460125,1.3798941249999999,1.5078363750000001,20.0,8.0,0.06242187500000007,3.225959824388925,-0.6235438749999997,-21.947598823131816,-0.12794225000000026,-9.271888884953421
447,maintenance_burst,1.66034325,1.7855889999999999,2.5136575,2.6694936250000003,1.420802125,1.3956995,3.0,2.0,-0.12524574999999993,-7.543364903612548,-0.15583612500000044,-6.199576712420067,0.025102624999999934,1.7667924729490345
448,maintenance_burst,2.063498,4.8914536250000005,2.9729722499999998,6.043036875,1.453068625,2.710057,9.0,1.0,-2.8279556250000004,-137.04668601568792,-3.0700646250000005,-103.26583522600995,-1.256988375,-86.50578185871984
449,maintenance_burst,2.806303375,5.19468975,4.161483625000001,6.1663125,1.46468975,1.2984698749999999,72.0,10.0,-2.388386375,-85.10791799193841,-2.0048288749999994,-48.175820348205725,0.16621987500000013,11.34846987220332
450,maintenance_burst,1.8759453750000001,1.715746875,2.8059267500000002,2.7005575,1.091585625,1.28344075,5.0,1.0,0.16019850000000013,8.539614326456606,0.1053692500000003,3.755238799444793,-0.19185512500000002,-17.575820037021835
451,maintenance_burst,2.14950675,2.135573,3.023751,3.0548995000000003,1.563955,1.2436795,26.0,3.0,0.013933750000000078,0.6482301113964902,-0.031148500000000467,-1.0301278114500985,0.32027549999999994,20.47856236272782
452,maintenance_burst,2.1746160000000003,1.78191575,5.302215875,2.623290875,1.59327175,1.539390125,38.0,6.0,0.3927002500000003,18.058372144783274,2.678925,50.52463089311693,0.053881625000000044,3.3818226551748025
453,maintenance_burst,1.9424834999999998,1.78822675,2.890437125,4.8242069999999995,1.7045815,1.9970426250000002,1.0,1.0,0.15425674999999983,7.9412128854633695,-1.9337698749999994,-66.90233315488567,-0.2924611250000002,-17.157356512434294
454,maintenance_burst,1.9165619999999999,1.805153625,2.7904646250000003,2.711173,1.4557175,1.52173725,16.0,3.0,0.11140837499999989,5.812928305997922,0.0792916250000002,2.8415205227695797,-0.06601974999999993,-4.535203430610673
455,maintenance_burst,1.611119875,1.78851925,2.3788723750000003,2.584954625,1.266427625,1.36585525,3.0,2.0,-0.17739937500000003,-11.01093579396133,-0.2060822499999997,-8.663022538146867,-0.09942762500000013,-7.851030965942498
456,maintenance_burst,1.641230625,2.7805621250000003,2.454563875,3.6568996250000003,1.357737,1.371853125,5.0,1.0,-1.1393315000000004,-69.41934196481378,-1.2023357500000005,-48.98368146968677,-0.014116124999999924,-1.039680365195905
457,maintenance_burst,2.0176086250000003,1.882319875,3.031169125,2.7749175,1.3819911249999999,1.348300375,21.0,9.0,0.13528875000000018,6.705401053685531,0.256251625,8.45388740887231,0.03369074999999988,2.437841270507427
458,maintenance_burst,2.03255975,2.2743455,2.887009375,3.22808825,1.2596233749999999,1.413430125,37.0,6.0,-0.24178575000000002,-11.895628160500573,-0.341078875,-11.814262813053736,-0.15380675000000021,-12.210534756073436
459,maintenance_burst,1.982002,2.0732075,2.8309610000000003,2.94899925,1.5134021249999998,1.23991125,6.0,2.0,-0.09120550000000005,-4.601685568430307,-0.11803824999999968,-4.169547019545647,0.2734908749999998,18.071262784833202
460,maintenance_burst,1.903726375,1.8793342499999999,3.04429475,2.832643375,1.262136125,1.277951125,11.0,2.0,0.024392125000000098,1.2812831360809454,0.2116513750000002,6.952394310702017,-0.015814999999999912,-1.2530344141761978
461,maintenance_burst,16.5826245,1.691963875,17.634067625,4.861211625,1.431407125,1.32785925,6.0,2.0,14.890660625000002,89.79676663968361,12.772856,72.4328400663032,0.10354787500000007,7.233991866569762
462,maintenance_burst,3.6671971250000004,2.273590375,4.6652763749999995,5.509187625,1.653597875,1.5521833749999998,20.0,2.0,1.3936067500000004,38.00195905749136,-0.8439112500000006,-18.089201628488745,0.10141450000000019,6.132960227709544
463,maintenance_burst,2.29599425,2.025598,5.980019125,2.9981805,1.6415522500000002,1.5065155,8.0,2.0,0.2703962500000001,11.776869650261542,2.981838625,49.86336268615194,0.13503675000000026,8.226162158408314
464,maintenance_burst,2.267525375,2.170053875,3.149107625,3.0757505,1.693175,1.61180475,106.0,16.0,0.09747150000000016,4.298584751229086,0.07335712500000025,2.3294575395783825,0.0813702500000002,4.805779083674174
465,maintenance_burst,2.303441625,1.6676232500000001,3.245456375,2.585699375,1.40885675,1.35953475,9.0,3.0,0.6358183749999999,27.602973224902104,0.6597569999999999,20.32863559905346,0.04932200000000009,3.5008527304142234
466,maintenance_burst,2.16416625,2.30115875,2.99658875,3.1947796250000002,4.1921235,1.482096125,74.0,11.0,-0.13699249999999985,-6.330035874092383,-0.19819087500000032,-6.613883036169054,2.710027375,64.64569507553868
467,maintenance_burst,4.14307075,4.1021350000000005,5.0222255,5.005341875,1.581908375,1.323746375,19.0,2.0,0.04093574999999916,0.9880533659725498,0.01688362500000018,0.3361781544855001,0.258162,16.31965568170154
468,maintenance_burst,1.640314125,1.747828,2.497486,2.6118286250000002,1.3332397500000002,3.715620375,20.0,3.0,-0.10751387499999998,-6.554468644839597,-0.11434262500000036,-4.578308947477598,-2.3823806249999997,-178.69108875579198
469,maintenance_burst,2.2456985,4.57684025,3.058293375,5.376339375000001,1.572355125,1.368867625,106.0,16.0,-2.33114175,-103.80475161736982,-2.3180460000000007,-75.7954099155056,0.20348750000000004,12.94157386996147
470,maintenance_burst,2.1213015,2.502227375,3.005461,3.4163585000000003,1.4357410000000002,1.45054475,32.0,5.0,-0.38092587499999997,-17.957177468643657,-0.41089750000000036,-13.671696288855532,-0.014803749999999782,-1.0310877797597047
471,maintenance_burst,2.6303134999999997,2.6892139999999998,3.559873,3.748921,1.3472396249999998,15.4851185,104.0,14.0,-0.05890050000000002,-2.2392958101762406,-0.1890480000000001,-5.310526527210383,-14.137878875,-1049.3960103793713
472,maintenance_burst,3.94261775,1.808267,5.021880749999999,2.93584325,1.393778125,1.718957,3.0,2.0,2.1343507500000003,54.135371099569575,2.0860374999999993,41.53896923976141,-0.325178875,-23.33074893107538
473,maintenance_burst,1.9490509999999999,2.1116406249999997,3.242436625,2.9511165,1.343291125,1.39978175,11.0,2.0,-0.16258962499999985,-8.341989255283718,0.29132012499999993,8.984605057623908,-0.05649062500000013,-4.205389580013799
474,maintenance_burst,1.53187125,1.6966945,2.463386375,2.58933675,1.259672375,1.3825695,4.0,1.0,-0.16482324999999998,-10.759602022689567,-0.1259503750000004,-5.1128956577102285,-0.12289712499999994,-9.75627690493728
475,maintenance_burst,4.655551625,1.86051225,6.058805375,2.63883175,1.63444025,1.371100875,32.0,4.0,2.795039375,60.03669597370215,3.4199736250000004,56.44633575971236,0.26333937499999993,16.11189977730908
476,maintenance_burst,1.83626175,1.940529625,2.8249868750000005,4.0393875,1.34336125,1.5090970000000001,14.0,6.0,-0.1042678749999999,-5.678268634632285,-1.2144006249999997,-42.98783246559329,-0.16573575000000007,-12.337392492153548
477,maintenance_burst,2.6755445,1.9551165000000001,3.655143625,2.9236959999999996,1.534262625,1.423745625,9.0,1.0,0.7204279999999998,26.926406942586823,0.7314476250000004,20.011460561963563,0.11051699999999998,7.203264825668289
478,maintenance_burst,2.014239625,2.0772424999999997,3.151730875,3.118654625,1.4261478749999998,1.707468,49.0,6.0,-0.06300287499999957,-3.1278738744899615,0.03307625000000014,1.049463019268742,-0.28132012500000014,-19.72587344773067
479,maintenance_burst,3.67443925,2.146861625,6.00447725,3.08553725,1.791169625,1.39525725,22.0,4.0,1.5275776249999997,41.57308152529668,2.91894,48.612724779663374,0.395912375,22.103566824387165
480,window_drift,2.49372875,4.373538125,3.351464625,5.239423625000001,1.389418875,1.511067375,72.0,10.0,-1.8798093749999998,-75.38146941603011,-1.8879590000000004,-56.3323564842938,-0.12164850000000005,-8.755351045594514
481,window_drift,3.886099375,3.6706411250000004,5.10174925,4.4486565,1.417403375,1.462029625,110.0,15.0,0.21545824999999974,5.54433196912263,0.6530927499999999,12.801349458717514,-0.04462625000000009,-3.148450948199562
482,window_drift,4.606418625,1.7661882500000001,5.497978250000001,2.534734125,1.22424375,1.3920513749999999,11.0,3.0,2.840230375,61.658103750828765,2.963244125000001,53.896977948212154,-0.1678076249999998,-13.707043634080206
483,window_drift,1.858676,1.821001125,2.62349225,2.6396553750000002,1.180511375,1.23973475,37.0,6.0,0.037674875,2.0269737705764745,-0.016163125000000278,-0.6160919667287097,-0.05922337499999997,-5.016755980009084
484,window_drift,3.7576662499999998,1.951230625,4.580530375,2.75312275,1.165395875,1.3176525,34.0,6.0,1.8064356249999998,48.073338737840274,1.8274076250000002,39.895109853954416,-0.15225662499999992,-13.06479868911497
485,window_drift,5.2837345,4.990258125,6.170333749999999,5.823843625,1.497401875,1.3784328750000001,144.0,19.0,0.2934763749999991,5.554336142362928,0.346490124999999,5.615419506278717,0.11896899999999988,7.945028117451762
486,window_drift,22.127360874999997,2.1782763750000003,22.982296624999996,3.0468886250000002,1.4803475000000001,1.643772,65.0,9.0,19.949084499999998,90.15573349526258,19.935407999999995,86.74245366024205,-0.16342449999999986,-11.039603876792432
487,window_drift,2.939270875,2.7828681250000002,3.89697925,3.6870467500000004,2.2457411250000003,1.6144236250000001,54.0,9.0,0.1564027499999998,5.321141080608973,0.2099324999999994,5.387057167420109,0.6313175000000002,28.11176644413991
488,window_drift,2.3837195,4.9330078749999995,3.259081375,5.825439875000001,1.68966125,1.76147075,65.0,9.0,-2.5492883749999993,-106.94582038700439,-2.5663585000000007,-78.74484263222794,-0.07180950000000008,-4.249934713245041
489,window_drift,2.8785465,3.6059725,5.453736625,4.453362375,1.8794343750000002,1.71052175,142.0,18.0,-0.7274259999999999,-25.270600978653633,1.0003742500000001,18.342914570063236,0.16891262500000015,8.98741808955155
490,window_drift,2.1437127499999997,2.15707425,3.0474221249999998,3.160447875,1.2998881249999998,1.3423923750000002,26.0,3.0,-0.013361500000000248,-0.6232877982369722,-0.11302575000000026,-3.7088970731286617,-0.042504250000000354,-3.2698390871137746
491,window_drift,2.3093746250000002,4.263351375,3.4112097500000003,5.313979,2.9170937500000003,1.291000875,33.0,5.0,-1.9539767499999998,-84.61064432107891,-1.9027692499999995,-55.779895973855005,1.6260928750000003,55.74359325955842
492,window_drift,2.11757475,2.0675781250000003,2.9850758749999997,3.1912355,1.41854025,1.580845625,37.0,5.0,0.049996624999999906,2.3610323555284127,-0.20615962500000018,-6.906344549784691,-0.16230537500000008,-11.441717991435215
493,window_drift,7.073011125,3.835709,8.436192375,5.4431058750000005,2.73777825,4.183573625,291.0,39.0,3.237302125,45.769786980223365,2.9930864999999987,35.47911625237208,-1.4457953750000003,-52.80907520541521
494,window_drift,1.8870936249999999,2.296994875,2.762802875,4.0435,1.360384625,1.581807,11.0,3.0,-0.40990125000000033,-21.72129906909099,-1.2806971249999997,-46.354994653753565,-0.22142237499999995,-16.2764538007036
495,window_drift,2.07413025,1.913259375,3.04185725,3.273692875,1.420569375,1.4390435,32.0,10.0,0.16087087500000008,7.756064258741711,-0.231835625,-7.621515605309881,-0.018474125000000008,-1.3004732697408747
496,window_drift,1.71651775,2.0948640000000003,2.5117979999999998,5.77380625,1.313148125,1.20601975,20.0,3.0,-0.37834625000000033,-22.041499425217147,-3.26200825,-129.8674594851975,0.10712837500000005,8.158133340821703
497,window_drift,4.12720775,2.585285625,5.001020499999999,3.3988886249999997,1.37651275,1.46987275,38.0,6.0,1.5419221250000001,37.35993481307065,1.6021318749999995,32.03609893220793,-0.09335999999999989,-6.782356356670134
498,window_drift,3.33126475,3.0443344999999997,4.423529,4.27723025,1.42038025,1.3798015,107.0,16.0,0.28693025000000016,8.61325266927524,0.1462987500000006,3.3072858796675817,0.04057875000000011,2.856893426953811
499,window_drift,2.4615285,2.606366375,3.7419756250000002,3.8838507499999997,1.383460625,1.444806125,73.0,10.0,-0.1448378749999999,-5.884062483940361,-0.14187512499999944,-3.7914497371959612,-0.06134549999999983,-4.434206430703427
500,window_drift,1.9732875,2.31165675,2.8656268750000002,3.538793625,1.4437354999999998,1.419640125,38.0,6.0,-0.33836924999999995,-17.147488645217685,-0.6731667499999996,-23.491081685224618,0.02409537499999992,1.6689604847979371
501,window_drift,2.378855875,1.962541375,3.5752677499999996,2.83137025,1.448436375,1.49837825,40.0,5.0,0.41631450000000014,17.500618863679588,0.7438974999999997,20.806763353597773,-0.049941875000000024,-3.4479854180685034
502,window_drift,1.90982225,4.25219425,5.690512,5.352207625,1.430493125,3.2224925000000004,21.0,3.0,-2.3423719999999997,-122.64869152089938,0.3383043749999999,5.9450603917538505,-1.7919993750000005,-125.27144267121177
503,window_drift,1.9804183750000002,2.022190625,3.213702875,3.09091125,1.2964116250000002,1.6128200000000001,22.0,6.0,-0.04177224999999973,-2.1092639074306576,0.12279162500000007,3.8208767199736866,-0.31640837499999996,-24.406474679675902
504,window_drift,2.0372192499999997,2.2747047499999997,3.4174726250000003,3.219811375,5.014631375,1.401290125,34.0,6.0,-0.23748550000000002,-11.657336342173286,0.19766125000000034,5.783842964945486,3.6133412499999995,72.05596941809108
505,window_drift,1.9384951250000002,1.969115125,2.84664825,3.123780875,1.381816,1.265397,19.0,5.0,-0.03061999999999987,-1.579575806258469,-0.27713262500000013,-9.7354010984673,0.11641899999999983,8.425072513272376
506,window_drift,2.008052625,4.099891625,2.91866325,5.32183125,1.242633,1.4332600000000002,37.0,5.0,-2.091839,-104.1725188850566,-2.403168,-82.33796756100588,-0.1906270000000001,-15.340571190367557
507,window_drift,4.566582625,3.8836338749999997,5.482992875,9.774541,1.643555375,1.3062266249999999,66.0,9.0,0.68294875,14.955357344486899,-4.291548124999999,-78.27017511854781,0.3373287500000002,20.52433128393987
508,window_drift,1.847303375,1.7971715000000001,2.827837375,2.64044275,1.393223375,1.3899154999999999,27.0,3.0,0.05013187499999994,2.7137867920584475,0.18739462500000004,6.626782242030449,0.003307875000000182,0.23742603371122611
509,window_drift,2.15820875,2.3571429999999998,3.086894125,3.8427933750000003,1.6339282499999999,1.35680075,39.0,5.0,-0.19893424999999976,-9.217562944270323,-0.7558992500000001,-24.48737207661763,0.27712749999999975,16.96081207972258
510,window_drift,2.076964375,2.162489875,2.984963875,3.048736,1.395783375,1.363534375,72.0,10.0,-0.0855254999999997,-4.1178125647918105,-0.06377212499999985,-2.13644545363216,0.03224899999999997,2.3104588131378176
511,window_drift,2.068895875,2.059237375,3.212691875,3.082513125,3.9232517500000004,1.3468105000000001,20.0,3.0,0.009658500000000014,0.46684321413710655,0.1301787499999998,4.052014792112605,2.5764412500000002,65.6710660996965
512,window_drift,1.870781375,3.837511875,2.700269375,4.806905375,1.41783025,1.33782275,38.0,7.0,-1.9667305000000002,-105.12882618365816,-2.1066360000000004,-78.0157720375583,0.08000750000000001,5.642953378939405
513,window_drift,4.35092025,3.285952375,5.668525125,4.6190865,1.64403,4.00634725,223.0,28.0,1.0649678749999998,24.47684199681665,1.0494386250000005,18.513433421537503,-2.3623172500000003,-143.6906412900008
514,window_drift,4.079264,3.7422991249999997,5.03587675,4.706882500000001,2.04128675,1.775631375,140.0,18.0,0.3369648750000005,8.260433132055205,0.32899424999999916,6.533008378332515,0.2656553749999999,13.014113524226811
515,window_drift,2.2954660000000002,2.15311475,3.183259625,3.094923625,1.3155329999999998,3.753712625,65.0,9.0,0.14235125000000037,6.201409648411275,0.08833599999999997,2.775017133577346,-2.438179625,-185.33777753959805
516,window_drift,1.7191874999999999,1.957251125,2.5610088749999997,2.752972875,1.52084075,1.296641875,12.0,2.0,-0.2380636250000001,-13.847449740066173,-0.19196400000000047,-7.49563977985045,0.22419887500000013,14.741771944235458
517,window_drift,4.370735625,3.336125875,5.3088385,4.277229,1.639039875,4.023368375,141.0,19.0,1.03460975,23.671295607132496,1.0316095,19.43192470443394,-2.3843285000000005,-145.47104901886544
518,window_drift,2.139748125,1.94157475,3.0658659999999998,2.894045,1.31951275,1.209418625,38.0,6.0,0.1981733750000001,9.261528152992309,0.17182099999999956,5.604321911003272,0.11009412499999982,8.34354385738219
519,window_drift,1.8584487500000002,6.5131418750000005,2.7447206250000002,7.444865249999999,1.441464625,1.443057125,36.0,6.0,-4.6546931250000005,-250.4612045395387,-4.700144624999999,-171.24309782894565,-0.0015924999999998857,-0.11047791061815933
520,window_drift,1.7728585,1.790701625,2.6504797499999997,2.766925375,1.2370743750000002,1.285588875,37.0,6.0,-0.017843125000000182,-1.0064607525078952,-0.11644562500000033,-4.393379160885886,-0.048514499999999794,-3.9217124677729895
521,window_drift,1.6707065,2.623234,2.5245515000000003,3.4965157500000004,2.0829488750000005,1.20710675,16.0,2.0,-0.9525275,-57.01345508621651,-0.9719642500000001,-38.50047226210279,0.8758421250000006,42.048181571427214
522,window_drift,1.800474875,1.9522735,2.66537175,2.83186975,1.129518375,1.349058625,32.0,5.0,-0.15179862500000008,-8.431032674088279,-0.16649800000000026,-6.246708362538932,-0.2195402500000001,-19.43662492431786
523,window_drift,1.9016595,1.72761975,2.82925075,2.57858425,1.462515,1.258475375,38.0,6.0,0.17403975000000016,9.151993298484832,0.2506664999999999,8.859819158835599,0.20403962500000006,13.951284260332377
524,window_drift,2.012957375,1.842989625,5.7616643750000005,2.892041375,1.4219265,1.4298182499999998,38.0,5.0,0.16996775000000008,8.443683513169278,2.8696230000000007,49.8054522656919,-0.007891749999999753,-0.555004073698588
525,window_drift,2.634924375,2.2703155,6.3045075,3.27655275,1.447391,1.306518,71.0,10.0,0.36460887500000005,13.837546096555428,3.0279547499999997,48.02841062525502,0.14087300000000003,9.732891803251507
526,window_drift,3.20135375,3.7336702500000003,4.185672125,4.7477160000000005,1.4331922499999998,1.260054,65.0,9.0,-0.5323165000000003,-16.627856262370265,-0.5620438750000005,-13.42780462050645,0.17313824999999983,12.08060188715086
527,window_drift,2.1370953750000004,1.85541925,3.0235151250000003,2.88247625,1.186148625,1.593914,16.0,3.0,0.2816761250000004,13.180325421835716,0.14103887500000045,4.664731915306706,-0.4077653750000001,-34.37725816189351
528,window_drift,1.8035622500000001,1.789177,2.581257,2.64673975,1.1786150000000002,1.1970528749999998,20.0,6.0,0.014385250000000127,0.7976020788858342,-0.06548275000000015,-2.536855105865094,-0.018437874999999604,-1.5643679233676477
529,window_drift,1.832675,1.9526966250000002,2.643471125,2.7798937500000003,1.13875825,1.472636875,56.0,8.0,-0.12002162500000013,-6.548985772163648,-0.13642262500000024,-5.160738232009258,-0.3338786250000001,-29.31953511643056
530,window_drift,2.6376705,4.43618725,3.506664125,5.43578075,1.144090125,1.33831725,38.0,4.0,-1.7985167499999997,-68.18580069041981,-1.9291166250000003,-55.01287138527989,-0.19422712500000006,-16.976558118618502
531,window_drift,4.34942725,1.81682625,5.353869125,2.69638475,1.19366625,1.20313825,19.0,3.0,2.5326009999999997,58.22837938029656,2.657484375,49.636707826697204,-0.009472000000000147,-0.7935216397380882
532,window_drift,2.164741,2.0674991250000003,3.066670625,7.476578625,1.5728460000000002,4.798352125,75.0,9.0,0.09724187499999948,4.4920789600233695,-4.409908,-143.80116221317377,-3.225506125,-205.0745034796795
533,window_drift,2.096864625,2.024908125,2.93378375,3.07439175,1.521010125,1.455705,74.0,14.0,0.07195649999999976,3.4316235364979635,-0.1406080000000003,-4.79271861806448,0.06530512500000007,4.293536507523253
534,window_drift,1.9275057500000001,1.941906875,2.804482125,2.84273875,1.4179754999999998,1.335620875,42.0,12.0,-0.014401124999999793,-0.7471378490051089,-0.038256625000000266,-1.3641244013990736,0.08235462499999979,5.8079018290513345
535,window_drift,2.7310621250000002,2.388738375,3.708399,3.351858625,1.719327375,1.6637321250000001,140.0,18.0,0.34232375000000026,12.534454887217192,0.3565403749999998,9.61440165958409,0.055595249999999874,3.2335464908188225
536,window_drift,1.733955875,4.940571125,2.650122375,5.868061875,1.3826607499999999,1.47121725,19.0,2.0,-3.20661525,-184.93061422338673,-3.2179395000000004,-121.42607188092589,-0.08855650000000015,-6.404788737946033
537,window_drift,2.472233375,2.481503875,3.424217375,3.3684146249999998,1.7538446250000002,1.681606125,140.0,19.0,-0.00927049999999996,-0.37498482520890486,0.055802750000000234,1.6296497531790088,0.0722385000000001,4.118865432563622
538,window_drift,2.0960010000000002,2.0988625,3.090173375,3.0296845,1.574240625,1.5235315,72.0,10.0,-0.0028614999999998503,-0.13652188143039293,0.060488874999999886,1.9574589403094538,0.05070912500000002,3.2211800530811496
539,window_drift,2.1854135,1.95224575,3.0771375,2.872336,1.5222903749999999,1.476547375,22.0,6.0,0.23316775000000023,10.669273801044984,0.2048015000000003,6.655584938924578,0.04574299999999987,3.004880064356964
540,window_drift,3.5252904999999997,3.097912,4.431843875,4.00574325,1.7266810000000001,1.759100625,146.0,20.0,0.42737849999999966,12.123213675582189,0.4261006250000001,9.614522465550529,-0.03241962499999995,-1.8775688734630165
541,window_drift,3.6416575,1.855245375,4.540047,2.7595815,1.387602,1.525107625,21.0,4.0,1.786412125,49.05491867370833,1.7804655000000005,39.21689577222439,-0.13750562499999996,-9.90958682677021
542,window_drift,2.9391918749999997,1.99610225,3.8420207499999997,2.903123625,1.271509125,1.32336,40.0,6.0,0.9430896249999996,32.08669815066088,0.9388971249999996,24.437586002105785,-0.051850875000000185,-4.0779003453868405
543,window_drift,2.548552625,2.2157167500000003,3.491897375,3.091562625,1.6801305000000002,1.5113854999999998,141.0,19.0,0.3328358749999998,13.059799971758473,0.4003347500000003,11.464676850647717,0.16874500000000037,10.043565068308702
544,window_drift,2.80102675,2.7420776250000003,3.8169255,3.8500005,2.140945125,1.3945940000000001,222.0,28.0,0.058949124999999825,2.104554160362796,-0.03307500000000019,-0.8665351210024976,0.7463511249999999,34.86082460894461
545,window_drift,2.44902275,4.331350250000001,3.29867825,5.25967025,1.52870025,1.4593202500000002,38.0,6.0,-1.8823275000000006,-76.86035174642622,-1.960992,-59.44781064961398,0.06937999999999978,4.53849601973963
546,window_drift,2.178910875,2.379765875,2.94301,3.2092929999999997,1.4936223750000002,1.5725378749999996,107.0,15.0,-0.20085499999999978,-9.218137478890677,-0.2662829999999996,-9.047981488340154,-0.07891549999999947,-5.283497443589077
547,window_drift,1.8390285,2.0095915,2.6126546250000002,2.938265875,1.243773375,1.5841543750000002,10.0,1.0,-0.17056300000000002,-9.274625162144035,-0.3256112499999997,-12.462850882940552,-0.34038100000000027,-27.3668022520582
548,window_drift,3.3231153750000004,2.895382,4.20799575,3.780362625,1.55937675,1.56784825,207.0,27.0,0.4277333750000003,12.871457254173736,0.4276331250000003,10.162394413064705,-0.008471499999999965,-0.5432619153774074
549,window_drift,1.9033696249999998,3.56151,2.7802968750000003,4.36922575,3.0182372500000003,1.3236279999999998,21.0,3.0,-1.6581403750000003,-87.11604688973644,-1.5889288749999997,-57.149611945666756,1.6946092500000005,56.145660848894515
550,window_drift,2.354063375,2.4456255000000002,3.1733587500000002,3.33881125,1.463375375,1.511423,78.0,9.0,-0.09156212500000027,-3.889535259432014,-0.16545249999999978,-5.213797526043967,-0.04804762499999993,-3.283342457501714
551,window_drift,3.5194894999999997,2.64242175,4.594690125,3.46887525,3.5217991250000003,1.5489557500000002,223.0,28.0,0.8770677499999997,24.920311596326677,1.1258148749999997,24.50252017811538,1.972843375,56.018055118348066
552,window_drift,5.000896625,2.5218211249999998,5.9068025,3.437662,1.888737125,1.82027875,146.0,23.0,2.4790755000000004,49.572620389848595,2.4691405000000004,41.801643105554994,0.06845837500000007,3.624558129019679
553,window_drift,3.45665625,2.0150485,4.258431375,2.93620475,1.3992146250000002,4.200966375,21.0,3.0,1.4416077500000002,41.70526791606774,1.3222266249999999,31.049616832207374,-2.80175175,-200.23745463638218
554,window_drift,2.227082625,2.2430306250000003,5.835614875,4.7966955,1.708938,1.3914140000000002,72.0,11.0,-0.015948000000000295,-0.7160937731261899,1.0389193749999999,17.803083261213324,0.3175239999999999,18.580194249294
555,window_drift,3.34770475,5.151803125,4.287958125,6.11737825,1.595981125,1.542901875,221.0,25.0,-1.8040983749999997,-53.89060594426673,-1.8294201249999995,-42.66413224359553,0.05307924999999991,3.3258068763187856
556,window_drift,1.8127825,1.887778125,2.6746455,3.26389475,1.41349475,1.4234125,21.0,3.0,-0.07499562500000012,-4.137044846803195,-0.58924925,-22.030928958622738,-0.009917750000000058,-0.7016474592494991
557,window_drift,2.15833375,6.697751625,3.0161865,7.571033375,1.308150625,1.57119475,65.0,9.0,-4.539417875,-210.32047870261027,-4.554846875,-151.01343617180171,-0.2630441250000002,-20.108091528068506
558,window_drift,2.3000102499999997,4.449584125,4.736751,5.73711225,1.898057375,1.3196267499999998,16.0,2.0,-2.1495738750000006,-93.45931719217343,-1.00036125,-21.119143691530336,0.5784306250000002,30.474875660700203
559,window_drift,5.40063975,2.24350375,6.250669875,3.047442125,1.489602375,1.51807125,73.0,10.0,3.157136,58.458555766471925,3.20322775,51.246151437488926,-0.02846887499999995,-1.9111727718613465
560,window_drift,1.9518731249999999,2.2642536250000003,2.703914125,3.144010875,1.301438,1.583026125,70.0,12.0,-0.3123805000000004,-16.00413961332658,-0.44009675000000037,-16.27628429212782,-0.28158812499999986,-21.63669149048974
561,window_drift,2.0506984999999998,1.981149625,2.8353198749999997,2.7748412499999997,1.3107583749999998,1.426834,74.0,11.0,0.06954887499999973,3.39147246657662,0.06047862500000001,2.1330441596117975,-0.11607562500000013,-8.85560811312765
562,window_drift,3.403188625,6.3080935,4.1763604999999995,7.237634125,1.75531075,1.551021875,220.0,26.0,-2.904904875,-85.35832700134276,-3.061273625,-73.30003300720809,0.20428887500000004,11.63833099068071
563,window_drift,3.5584629999999997,3.6066365,4.374190625000001,4.367782500000001,1.616260375,1.605613,217.0,29.0,-0.04817350000000031,-1.3537726821945406,0.006408125000000098,0.1464985307996287,0.010647375000000014,0.6587660728859986
564,window_drift,1.598056375,1.694057875,2.48384875,2.4555268750000003,1.19191725,1.35990125,17.0,3.0,-0.09600149999999985,-6.007391322474455,0.028321874999999608,1.14024153040718,-0.16798400000000013,-14.093595843167817
565,window_drift,4.134156875,2.078434,4.946017875,2.80435675,1.117657625,1.260149125,22.0,6.0,2.0557228750000003,49.72532337684936,2.1416611249999997,43.300715426549075,-0.1424915,-12.749118944184717
566,window_drift,3.7768647499999997,6.3315725,4.6361955,7.2182685,1.80330075,1.38854575,287.0,38.0,-2.5547077500000004,-67.64096463872582,-2.5820729999999994,-55.693790307160235,0.414755,22.99976861873983
567,window_drift,2.1063375,3.631598125,3.0672156250000002,4.46212175,1.48605575,1.692933875,71.0,10.0,-1.525260625,-72.41292646596284,-1.3949061249999994,-45.47792837355539,-0.20687812500000002,-13.921289628602429
568,window_drift,1.961883,2.1079925,5.111387000000001,3.0339663750000003,1.247556625,1.2856755,38.0,7.0,-0.1461094999999999,-7.447411491918727,2.0774206250000002,40.642992303263284,-0.038118874999999885,-3.0554825517438844
569,window_drift,3.2953392500000005,3.8226452500000003,4.09620525,4.6620237499999995,1.6474212499999998,1.4869395,143.0,18.0,-0.5273059999999998,-16.00156948939323,-0.5658184999999998,-13.813236043286643,0.16048174999999976,9.741391280463317
570,window_drift,5.04421775,2.309437125,5.94991875,3.1476496249999997,1.6116293750000001,1.574642375,146.0,20.0,2.7347806249999995,54.21614927309591,2.8022691250000005,47.09760322357344,0.0369870000000001,2.2950065674994353
571,window_drift,2.72389775,2.556321875,3.575355375,6.10533,1.6597884999999999,1.49929075,111.0,16.0,0.16757587499999982,6.1520618753035,-2.5299746250000004,-70.76148689135553,0.16049775,9.669771178677284
572,window_drift,2.134423875,2.15768875,5.7311795,2.9636137500000004,1.485194625,1.437923125,72.0,10.0,-0.023264875000000185,-1.089983825260584,2.7675657499999993,48.28963653991294,0.04727150000000013,3.182848847167093
573,window_drift,2.151754,2.453501375,2.9043933749999997,3.2361310000000003,1.391758125,1.5648801250000002,74.0,9.0,-0.30174737500000015,-14.023321206792232,-0.3317376250000006,-11.421924724642391,-0.17312200000000022,-12.439086712714555
574,window_drift,2.155526125,2.1884942499999998,2.998821125,2.997847,1.41679125,1.3069575,70.0,11.0,-0.03296812499999957,-1.5294699803278686,0.0009741249999999368,0.03248359803387529,0.10983374999999995,7.752288842834113
575,window_drift,1.8836895,2.077403625,2.641076625,3.0518710000000002,1.261523875,1.55042975,54.0,9.0,-0.19371412500000007,-10.28376093830751,-0.41079437500000004,-15.554049856467152,-0.288905875,-22.90134025406376
576,window_drift,3.7989953749999996,1.919317125,4.671143,2.704532125,1.28283725,1.390342625,32.0,9.0,1.8796782499999996,49.478297930278465,1.9666108749999998,42.10127746035606,-0.1075053749999999,-8.380281676416855
577,window_drift,4.723860125,3.98317675,5.515761125,4.874891625,1.696894875,4.026285375,145.0,18.0,0.7406833749999997,15.679621229258979,0.6408695,11.618876986809322,-2.3293904999999997,-137.27370707039233
578,window_drift,5.1077205,3.3059745,5.980410125,4.1945645,1.6273170000000001,1.4484914999999998,146.0,20.0,1.801746,35.27495288749648,1.7858456249999994,29.861591223227347,0.1788255000000003,10.988977562454044
579,window_drift,1.767572875,2.133090375,2.56927775,2.9590883750000003,1.2216185,1.335525875,11.0,3.0,-0.36551750000000016,-20.679062525215553,-0.3898106250000004,-15.17199240136651,-0.11390737500000014,-9.324300098598716
580,window_drift,1.6599841249999998,1.84346025,2.4729330000000003,2.686215625,1.1637285,1.200713125,20.0,3.0,-0.1834761250000001,-11.052884315987066,-0.21328262499999973,-8.624682714816766,-0.036984625000000104,-3.178114568819111
581,window_drift,1.667564125,1.6605322500000002,2.562566125,2.44999225,1.109296125,3.6705662500000003,19.0,2.0,0.007031874999999799,0.42168543293648747,0.11257387499999982,4.393013468091475,-2.561270125,-230.8914695794146
582,window_drift,2.106156125,6.563677125,2.9650271249999998,7.491467375,1.3819120000000003,1.1993912500000001,34.0,6.0,-4.457521,-211.64247735907992,-4.52644025,-152.66100643177086,0.18252075000000012,13.207841743902657
583,window_drift,2.077789375,1.880445,2.8767490000000002,2.6956476250000003,1.380222125,1.210888375,31.0,9.0,0.19734437500000013,9.497804607841934,0.1811013749999999,6.295348499295555,0.16933375000000006,12.26858684068697
584,window_drift,3.3613702500000002,3.716239125,4.159637249999999,4.61614125,1.515733375,2.8265916250000003,222.0,27.0,-0.35486887499999975,-10.557268274745983,-0.4565040000000007,-10.974610826941719,-1.3108582500000003,-86.48343248363192
585,window_drift,1.9993245000000002,1.862167125,2.7654542500000003,2.7831386250000003,1.175147,1.373439375,38.0,6.0,0.13715737500000014,6.86018577774644,-0.017684374999999974,-0.6394745094770586,-0.19829237500000008,-16.87383578394874
586,window_drift,2.070431875,2.12820175,5.3120215,2.90300475,1.3786173750000001,4.253715375,73.0,10.0,-0.05776987499999997,-2.7902330763720475,2.40901675,45.350282373668854,-2.8750979999999995,-208.54938086066113
587,window_drift,3.658716125,3.34768225,4.482128,4.1611575,4.103559875,1.5779705,105.0,15.0,0.3110338750000001,8.501175395235128,0.3209705000000005,7.161118557970689,2.525589375,61.54630252592574
588,window_drift,2.99079975,2.68256025,3.8097597500000004,3.479449125,1.6330278749999998,1.482902375,144.0,20.0,0.3082395,10.3062567127739,0.3303106250000005,8.670116927976903,0.1501254999999997,9.193076388852193
589,window_drift,1.8863311249999999,1.9100169999999999,2.759317375,2.7184068750000003,1.9511705,1.58187575,10.0,3.0,-0.023685874999999967,-1.2556583881846284,0.04091049999999985,1.4826311888098718,0.3692947499999999,18.926831355845113
590,window_drift,8.967201625,3.684477625,9.89416825,4.543564249999999,1.6842355,1.500998625,288.0,37.0,5.282724,58.911622833059695,5.350604000000001,54.07836075558954,0.18323687499999997,10.879528130121944
591,window_drift,2.1915027499999997,4.2445045,3.7497608749999998,5.259158125,1.5524675000000001,1.204339625,36.0,5.0,-2.05300175,-93.68009006605172,-1.5093972500000001,-40.25316014317847,0.3481278750000001,22.424165079140145
592,window_drift,3.372363375,2.101313375,4.242667375,3.2217415,1.2061362500000001,1.37361975,17.0,3.0,1.2710499999999998,37.690185150940316,1.020925875,24.063302275729313,-0.1674834999999999,-13.88595193950931
593,window_drift,2.549120875,2.080106625,3.373766625,2.91626325,1.3438395,1.41723525,72.0,9.0,0.46901424999999985,18.3990588520052,0.45750337499999993,13.560611205583905,-0.07339574999999998,-5.46164553133019
594,window_drift,3.25749475,4.155327625,4.200169000000001,5.392963999999999,1.5874217499999999,1.655902625,143.0,20.0,-0.8978328749999998,-27.562066677160406,-1.1927949999999985,-28.398738241246917,-0.06848087500000011,-4.313968546796094
595,window_drift,2.0872135,9.805368375,3.259327375,10.745399125,1.65725625,1.76156625,40.0,5.0,-7.718154875000001,-369.78272107764735,-7.486071750000001,-229.68149218211016,-0.1043099999999999,-6.294138278253583
596,window_drift,1.857237375,1.8957653749999999,2.6870945,2.7369225,1.276701875,1.4748101249999999,16.0,2.0,-0.038527999999999896,-2.074479036369807,-0.04982799999999976,-1.8543449067384774,-0.19810824999999976,-15.517189555314136
597,window_drift,4.071674875,1.7426127500000002,4.982972500000001,2.5715776249999998,1.33853175,1.28415825,20.0,3.0,2.329062125,57.20157420476752,2.411394875000001,48.39269883588562,0.054373500000000075,4.062174841949029
598,window_drift,2.12489825,2.1046273749999997,3.008122625,2.962745,1.3571385,1.496613125,80.0,10.0,0.020270875000000466,0.9539692077020847,0.04537762499999998,1.5085031648269318,-0.13947462500000007,-10.27711062651307
599,window_drift,1.9214517500000001,1.8673250000000001,2.783784125,2.725358625,1.32661725,1.34964225,38.0,6.0,0.05412675,2.816971594524817,0.0584254999999998,2.0987798398340174,-0.023025000000000073,-1.735617413387326
