rep,query_id,segment,exec_t,lo,hi,window,n_atoms,ingest_target_rows,layout,version_slices,full_version_slices,signal_sum,resolver_server_ms,resolver_compile_ms,resolver_client_ms,full_server_ms,full_compile_ms,full_client_ms,ingest_server_ms,ingest_wal_wait_ms,wait_wal_supported,pair_position
0,0,calibration,11546,10857,11217,360,8,200,static,47,47,2064.50932832452,4.089956,3.413222,5.167586,3.493073,2.855999,7.517996,,11.117956,True,1
0,0,calibration,11546,10857,11217,360,8,200,temporal,13,13,2064.50932832452,2.460552,1.973876,3.450659,3.135842,2.400301,3.923875,,11.117956,True,2
0,1,calibration,10500,10394,10454,60,6,1000,temporal,3,3,-260.3249038677108,2.600233,2.203814,3.499583,3.679115,3.207261,5.207156,,2.20825,True,1
0,1,calibration,10500,10394,10454,60,6,1000,static,8,8,-260.3249038677108,2.754386,2.24792,3.527716,2.463736,1.980055,3.269706,,2.20825,True,2
0,2,calibration,4992,4556,4736,180,2,1000,static,7,7,-185.8650546244482,1.890329,1.523183,2.548655,2.581555,2.079906,3.368565,,3.53715,True,1
0,2,calibration,4992,4556,4736,180,2,1000,temporal,3,3,-185.8650546244482,1.827454,1.515693,2.881478,2.443136,2.124183,6.513811,,3.53715,True,2
0,3,calibration,7147,6519,6879,360,4,200,temporal,7,7,540.7113543480731,2.942931,2.163272,3.633265,2.401803,1.940565,3.581698,,3.270346,True,1
0,3,calibration,7147,6519,6879,360,4,200,static,22,22,540.7113543480731,1.576675,1.25651,2.18144,1.997552,1.558387,2.686243,,3.270346,True,2
0,4,calibration,3077,2608,2968,360,4,1000,static,15,15,922.4922501491898,1.66586,1.361229,2.302502,2.655085,2.086736,3.357899,,2.067256,True,1
0,4,calibration,3077,2608,2968,360,4,1000,temporal,2,2,922.49225014919,1.616945,1.380938,2.285076,1.939494,1.469332,2.667705,,2.067256,True,2
0,5,calibration,3799,3308,3668,360,4,5000,temporal,2,2,-994.3817051020092,1.687332,1.388951,2.286498,14.521994,2.663449,15.671943,,1.935728,True,1
0,5,calibration,3799,3308,3668,360,4,5000,static,16,16,-994.3817051020092,3.361083,2.856931,4.243689,3.555508,2.668727,4.399104,,1.935728,True,2
0,6,calibration,10172,9317,10037,720,4,200,static,36,36,1566.6455861265904,2.415023,2.01,3.27944,2.53242,2.012905,3.347869,,2.177995,True,1
0,6,calibration,10172,9317,10037,720,4,200,temporal,7,7,1566.6455861265904,1.589204,1.260467,2.20853,2.123222,1.569564,2.872855,,2.177995,True,2
0,7,calibration,7212,5677,7117,1440,2,200,temporal,5,5,107.05222663388597,1.536995,1.223711,2.147668,4.271631,1.570185,5.02456,,1.63319,True,1
0,7,calibration,7212,5677,7117,1440,2,200,static,32,32,107.05222663388597,1.628503,1.323622,2.264745,2.410646,1.781574,3.208964,,1.63319,True,2
0,8,calibration,4936,4671,4851,180,6,1000,static,15,15,-905.3854869481206,1.769005,1.483184,2.43651,4.385904,3.705675,5.240696,,2.913857,True,1
0,8,calibration,4936,4671,4851,180,6,1000,temporal,3,3,-905.3854869481206,2.010521,1.714143,2.698111,2.396204,2.046506,3.701899,,2.913857,True,2
0,9,calibration,11052,10556,10736,180,2,200,temporal,2,2,-47.37548648690922,1.895778,1.587391,2.820296,2.163592,1.72582,3.01463,,1.707873,True,1
0,9,calibration,11052,10556,10736,180,2,200,static,6,6,-47.37548648690922,1.470885,1.218363,2.057252,2.291255,1.898171,3.043974,,1.707873,True,2
0,10,calibration,6365,6270,6330,60,6,200,static,9,9,-273.2894094962925,2.24177,1.89133,2.904964,3.130655,2.567082,3.894561,,2.306659,True,1
0,10,calibration,6365,6270,6330,60,6,200,temporal,3,3,-273.2894094962925,2.117443,1.75215,2.88248,2.884162,2.362092,3.700437,,2.306659,True,2
0,11,calibration,3641,3079,3439,360,2,200,temporal,1,1,120.08719073242683,2.243854,1.876799,2.970933,4.346925,3.918957,5.093875,,2.804632,True,1
0,11,calibration,3641,3079,3439,360,2,200,static,7,7,120.08719073242683,1.32835,1.071601,1.988889,2.035249,1.721975,2.727275,,2.804632,True,2
0,12,calibration,11349,9779,11219,1440,6,200,static,113,113,162.6827311002112,2.144784,1.634422,2.760575,2.574714,1.927315,3.358831,,1.658569,True,1
0,12,calibration,11349,9779,11219,1440,6,200,temporal,15,15,162.68273110021778,1.824069,1.34214,2.499801,2.58511,1.843418,3.288654,,1.658569,True,2
0,13,calibration,1552,1181,1541,360,4,1000,temporal,2,2,928.4819678301228,2.131473,1.782976,2.85671,2.021507,1.610476,2.740225,,1.928927,True,1
0,13,calibration,1552,1181,1541,360,4,1000,static,18,18,928.4819678301224,1.277713,1.049298,1.933374,2.207028,1.719631,3.043543,,1.928927,True,2
0,14,calibration,8318,8056,8116,60,6,1000,static,9,9,305.4927254077687,1.658919,1.392877,2.299548,2.102961,1.786793,2.948349,,1.59982,True,1
0,14,calibration,8318,8056,8116,60,6,1000,temporal,7,7,305.4927254077687,1.347478,1.086714,1.977601,1.822717,1.506659,2.551049,,1.59982,True,2
0,15,calibration,9545,9300,9360,60,2,5000,temporal,1,1,88.55991454957393,1.71895,1.450795,2.288682,1.773061,1.462122,2.555325,,1.421911,True,1
0,15,calibration,9545,9300,9360,60,2,5000,static,3,3,88.55991454957393,1.27638,1.070329,1.892493,1.734143,1.477765,2.441783,,1.421911,True,2
0,16,calibration,6185,5657,6017,360,8,200,static,42,42,875.7331900596046,1.589194,1.347608,2.273178,2.32099,1.673101,3.025295,,2.310204,True,1
0,16,calibration,6185,5657,6017,360,8,200,temporal,12,12,875.7331900596032,1.882187,1.529523,2.499891,2.584218,2.1425,3.372822,,2.310204,True,2
0,17,calibration,6988,5346,6786,1440,2,200,temporal,6,6,166.7683671893572,2.676147,2.216802,3.34577,3.066999,2.365508,3.858566,,3.212779,True,1
0,17,calibration,6988,5346,6786,1440,2,200,static,33,33,166.7683671893567,2.604639,1.940135,4.452574,2.973778,2.259137,4.058529,,3.212779,True,2
0,18,calibration,8312,7671,8031,360,6,200,static,30,30,-252.5132757967998,2.020536,1.691299,2.685522,2.506862,1.919183,3.298639,,2.172135,True,1
0,18,calibration,8312,7671,8031,360,6,200,temporal,5,5,-252.5132757967998,3.158137,2.608926,4.010225,3.099939,2.491579,3.96018,,2.172135,True,2
0,19,calibration,6009,4291,5731,1440,4,200,temporal,11,11,362.62909676366536,2.913517,2.362864,3.535227,2.982326,2.196752,3.734107,,2.615827,True,1
0,19,calibration,6009,4291,5731,1440,4,200,static,73,73,362.62909676366536,1.225894,0.926642,1.95664,2.255411,1.622865,2.987538,,2.615827,True,2
0,20,calibration,1798,1534,1714,180,6,1000,static,20,20,733.749027567594,1.662815,1.426498,2.282352,3.426983,2.767155,4.264369,,1.381229,True,1
0,20,calibration,1798,1534,1714,180,6,1000,temporal,9,9,733.749027567594,1.675514,1.424494,2.361532,2.646723,2.164784,3.470038,,1.381229,True,2
0,21,calibration,4530,3079,4519,1440,4,200,temporal,9,9,216.57709096920095,1.947626,1.392376,2.666924,2.246027,1.580711,2.930792,,2.585331,True,1
0,21,calibration,4530,3079,4519,1440,4,200,static,71,71,216.57709096920095,2.033666,1.657357,2.666994,2.097853,1.523915,2.824062,,2.585331,True,2
0,22,calibration,12329,11899,12259,360,6,1000,static,27,27,766.187088320966,1.198483,0.976647,1.764399,16.25783,1.563394,17.133574,,1.179945,True,1
0,22,calibration,12329,11899,12259,360,6,1000,temporal,3,3,766.187088320966,2.477718,2.014647,3.349146,2.740715,2.226898,3.860648,,1.179945,True,2
0,23,calibration,12046,11789,11849,60,2,1000,temporal,1,1,-109.37571331199808,2.243483,1.913494,3.022712,2.707005,2.323635,4.29129,,2.546792,True,1
0,23,calibration,12046,11789,11849,60,2,1000,static,1,1,-109.37571331199808,1.789988,1.53395,2.485349,2.226397,1.936109,3.005626,,2.546792,True,2
0,24,calibration,8233,7969,8029,60,2,1000,static,1,1,64.37612776419452,2.073786,1.721434,2.726804,2.70444,2.223773,3.399622,,1.618588,True,1
0,24,calibration,8233,7969,8029,60,2,1000,temporal,1,1,64.37612776419452,1.567361,1.313487,2.233598,2.510898,2.122861,3.23307,,1.618588,True,2
0,25,calibration,4954,4812,4872,60,8,1000,temporal,4,4,-367.9438481509216,1.995158,1.675885,2.725762,2.663879,2.276423,3.435056,,2.60476,True,1
0,25,calibration,4954,4812,4872,60,8,1000,static,9,9,-367.9438481509216,1.568392,1.319957,2.239196,2.592381,2.203232,3.446092,,2.60476,True,2
0,26,calibration,12973,11996,12716,720,4,1000,static,39,39,1661.7116666897946,2.766384,2.332718,3.43135,3.264017,2.559602,4.067472,,3.201382,True,1
0,26,calibration,12973,11996,12716,720,4,1000,temporal,7,7,1661.7116666897946,2.04323,1.568432,2.66462,3.077805,2.487763,3.951006,,3.201382,True,2
0,27,calibration,3621,3231,3291,60,2,200,temporal,1,1,-8.73726026325311,3.190346,2.739774,4.129466,2.94237,2.458868,3.807589,,18.430786,True,1
0,27,calibration,3621,3231,3291,60,2,200,static,2,2,-8.73726026325311,2.008007,1.670436,2.736559,2.556296,2.161549,3.330257,,18.430786,True,2
0,28,calibration,6092,4330,5770,1440,2,200,static,32,32,183.89749210262613,2.295993,1.856138,2.887748,2.813045,2.147278,3.893268,,2.110161,True,1
0,28,calibration,6092,4330,5770,1440,2,200,temporal,4,4,183.89749210262613,2.347942,1.710638,3.284487,2.912606,2.210934,3.815311,,2.110161,True,2
0,29,calibration,12544,12230,12410,180,4,1000,temporal,6,6,716.5181006359155,1.913644,1.644017,2.646192,2.304065,1.691168,2.997464,,1.368139,True,1
0,29,calibration,12544,12230,12410,180,4,1000,static,12,12,716.5181006359155,1.264243,1.044069,1.854375,1.830959,1.532608,2.553983,,1.368139,True,2
0,30,calibration,9463,9070,9250,180,4,1000,static,9,9,-556.2984556605985,1.863388,1.531667,2.964874,2.013866,1.66585,2.700584,,2.007046,True,1
0,30,calibration,9463,9070,9250,180,4,1000,temporal,2,2,-556.2984556605985,1.17708,0.982696,1.836227,2.273178,1.809036,3.005686,,2.007046,True,2
0,31,calibration,12700,12005,12365,360,4,200,temporal,4,4,1051.559508743971,1.595043,1.30938,2.270184,1.951762,1.601393,2.65124,,1.227186,True,1
0,31,calibration,12700,12005,12365,360,4,200,static,19,19,1051.559508743971,1.252704,0.942035,1.87102,1.952293,1.639219,23.360122,,1.227186,True,2
0,32,calibration,10455,8674,10114,1440,2,1000,static,34,34,-130.30182919381934,1.895968,1.557165,2.794367,2.155149,1.638368,2.894388,,2.019544,True,1
0,32,calibration,10455,8674,10114,1440,2,1000,temporal,6,6,-130.30182919381934,1.856558,1.595973,2.596557,2.389834,1.903459,3.44471,,2.019544,True,2
0,33,calibration,1456,464,1184,720,2,1000,temporal,3,3,-792.0655710968272,1.492618,1.260296,2.10287,2.128329,1.570255,3.015901,,2.141388,True,1
0,33,calibration,1456,464,1184,720,2,1000,static,18,18,-792.0655710968272,1.206956,0.974064,1.876689,1.742846,1.393758,2.47219,,2.141388,True,2
0,34,calibration,9490,8976,9336,360,4,5000,static,18,18,-484.8664213922197,1.878441,1.588853,2.553922,2.198285,1.839933,2.958604,,2.004041,True,1
0,34,calibration,9490,8976,9336,360,4,5000,temporal,2,2,-484.8664213922197,1.329942,1.085301,1.965743,1.751289,1.423272,2.450125,,2.004041,True,2
0,35,calibration,13484,13225,13405,180,2,200,temporal,1,1,92.75987937168529,1.57332,1.303742,2.147488,2.358236,2.018473,3.003593,,0.745407,True,1
0,35,calibration,13484,13225,13405,180,2,200,static,5,5,92.75987937168529,1.548673,1.336311,2.10212,2.145676,1.403032,2.92195,,0.745407,True,2
0,36,calibration,3884,3807,3867,60,6,1000,static,8,8,-145.33442372707484,1.665299,1.464194,2.242361,1.693932,1.436743,2.460121,,1.070569,True,1
0,36,calibration,3884,3807,3867,60,6,1000,temporal,3,3,-145.33442372707484,1.697517,1.482132,2.319498,1.920625,1.6401,2.667924,,1.070569,True,2
0,37,calibration,11723,11324,11504,180,6,1000,temporal,4,4,-803.9557796618274,23.618413,1.289541,24.849044,3.440363,2.914138,4.592997,,1.491826,True,1
0,37,calibration,11723,11324,11504,180,6,1000,static,14,14,-803.9557796618274,1.473379,1.234598,2.166507,1.825301,1.490614,2.687495,,1.491826,True,2
0,38,calibration,10176,9752,9932,180,4,1000,static,9,9,531.7321997347375,1.838541,1.54086,2.44635,2.164294,1.722675,3.314083,,2.188911,True,1
0,38,calibration,10176,9752,9932,180,4,1000,temporal,2,2,531.7321997347375,1.485126,1.221507,2.193317,1.909397,1.592238,2.966286,,2.188911,True,2
0,39,calibration,10391,8668,10108,1440,8,200,temporal,22,22,-603.7264530891218,1.947826,1.614582,2.61108,3.295184,2.621585,4.136406,,2.443536,True,1
0,39,calibration,10391,8668,10108,1440,8,200,static,148,148,-603.7264530891218,2.544389,1.708544,3.262995,3.033938,2.227139,3.87405,,2.443536,True,2
0,40,calibration,11301,10786,11146,360,6,1000,static,34,34,1759.535604400289,1.921637,1.509443,2.656408,2.423246,1.900855,3.591442,,2.508313,True,1
0,40,calibration,11301,10786,11146,360,6,1000,temporal,9,9,1759.535604400289,2.110252,1.77144,2.832003,2.103953,1.689245,2.985405,,2.508313,True,2
0,41,calibration,6847,6468,6648,180,8,200,temporal,7,7,232.541203066859,1.534101,1.298314,2.154238,2.8233,1.974316,3.555838,,2.289483,True,1
0,41,calibration,6847,6468,6648,180,8,200,static,23,23,232.541203066859,1.339966,1.120555,1.989379,2.053155,1.718409,2.992717,,2.289483,True,2
0,42,calibration,1606,605,1325,720,2,5000,static,21,21,-634.3782780019221,1.690026,1.406076,2.302924,13.170972,2.639552,14.424267,,2.019114,True,1
0,42,calibration,1606,605,1325,720,2,5000,temporal,3,3,-634.3782780019221,2.728737,2.323584,3.612835,2.736158,1.904541,3.578923,,2.019114,True,2
0,43,calibration,8806,7898,8618,720,4,200,temporal,9,9,1562.5727039891028,2.316884,1.842366,2.914899,3.330298,2.605621,4.054372,,2.123091,True,1
0,43,calibration,8806,7898,8618,720,4,200,static,39,39,1562.5727039891028,1.761424,1.432887,2.458208,2.438168,1.927996,3.109043,,2.123091,True,2
0,44,calibration,6256,5619,5979,360,4,200,static,23,23,1025.9528561406523,1.556023,1.2957,2.222642,2.007356,1.640842,2.734316,,2.097862,True,1
0,44,calibration,6256,5619,5979,360,4,200,temporal,6,6,1025.9528561406523,1.689885,1.317263,2.538609,2.744141,2.101378,3.484511,,2.097862,True,2
0,45,calibration,6455,5840,6200,360,2,200,temporal,3,3,-502.9390272129826,2.210504,1.823959,2.839315,2.797741,2.299417,3.486764,,1.703857,True,1
0,45,calibration,6455,5840,6200,360,2,200,static,12,12,-502.9390272129826,1.336301,1.059452,1.999474,2.276113,1.895497,3.097605,,1.703857,True,2
0,46,calibration,2142,1908,2088,180,2,1000,static,8,8,-279.8293952659228,2.392309,1.893424,3.066468,3.054209,2.536276,3.86113,,1.920895,True,1
0,46,calibration,2142,1908,2088,180,2,1000,temporal,2,2,-279.8293952659228,1.849727,1.567301,2.462916,2.575996,2.164644,3.270347,,1.920895,True,2
0,47,calibration,2995,1366,2806,1440,4,200,temporal,11,11,315.1490761527713,2.043711,1.676666,2.816439,2.877412,2.086396,3.648268,,2.841757,True,1
0,47,calibration,2995,1366,2806,1440,4,200,static,72,72,315.1490761527709,1.754033,1.372957,2.45934,2.751451,2.091273,3.452592,,2.841757,True,2
0,48,calibration,5455,5137,5317,180,2,200,static,6,6,-216.4453259129222,2.317395,1.949228,2.951684,2.371978,2.006725,3.228163,,1.746161,True,1
0,48,calibration,5455,5137,5317,180,2,200,temporal,1,1,-216.4453259129222,1.463294,1.181217,2.101248,2.484698,2.124634,3.227802,,1.746161,True,2
0,49,calibration,13644,13252,13432,180,2,200,temporal,1,1,36.99000173291792,1.596335,1.286146,2.224886,2.685461,2.098354,3.421415,,1.265063,True,1
0,49,calibration,13644,13252,13432,180,2,200,static,5,5,36.99000173291792,1.485467,1.260766,2.117252,2.151073,1.822286,2.845964,,1.265063,True,2
0,50,calibration,4498,3694,4414,720,4,200,static,36,36,937.3442735019644,2.00956,1.660451,2.6584,2.708676,2.130873,3.422867,,1.79832,True,1
0,50,calibration,4498,3694,4414,720,4,200,temporal,5,5,937.3442735019642,1.621282,1.345215,2.266377,2.739964,2.271065,3.518451,,1.79832,True,2
0,51,calibration,12479,12277,12457,180,4,1000,temporal,5,5,451.4376269576293,1.886773,1.620481,2.54552,2.369424,1.992954,3.088992,,1.656636,True,1
0,51,calibration,12479,12277,12457,180,4,1000,static,15,15,451.4376269576293,1.425956,1.184,2.042249,2.516296,1.872012,3.226871,,1.656636,True,2
0,52,calibration,4984,4443,4803,360,2,1000,static,9,9,-98.98462389611458,1.772952,1.452166,2.424838,2.583267,2.113407,3.300803,,1.496513,True,1
0,52,calibration,4984,4443,4803,360,2,1000,temporal,2,2,-98.98462389611458,1.675935,1.347458,2.340099,2.376114,1.986555,3.173129,,1.496513,True,2
0,53,calibration,9119,8440,8800,360,4,5000,temporal,7,7,266.2309982803285,2.12284,1.778019,2.810761,3.009682,2.474362,3.721439,,2.262092,True,1
0,53,calibration,9119,8440,8800,360,4,5000,static,23,23,266.2309982803285,1.79143,1.434239,2.428824,3.06108,2.424757,3.875281,,2.262092,True,2
0,54,calibration,10301,8529,9969,1440,2,1000,static,39,39,123.5859805167778,2.73089,2.249472,3.353762,3.096634,2.397336,3.914681,,0.726779,True,1
0,54,calibration,10301,8529,9969,1440,2,1000,temporal,5,5,123.5859805167778,1.979274,1.583214,2.711651,2.685271,1.995689,3.470419,,0.726779,True,2
0,55,calibration,11632,9985,11425,1440,2,200,temporal,6,6,-76.87232444003189,1.793232,1.364074,2.489486,2.842679,2.208119,3.758825,,1.781604,True,1
0,55,calibration,11632,9985,11425,1440,2,200,static,40,40,-76.87232444003166,1.449682,1.151882,2.395443,2.126977,1.606209,2.848458,,1.781604,True,2
0,56,calibration,6176,5700,6060,360,2,200,static,10,10,232.1531587198005,4.067282,3.621177,4.721782,2.947868,2.418157,3.806307,,1.776406,True,1
0,56,calibration,6176,5700,6060,360,2,200,temporal,3,3,232.1531587198005,1.904731,1.572168,2.54549,2.60474,2.09589,3.363918,,1.776406,True,2
0,57,calibration,7491,7025,7205,180,2,1000,temporal,1,1,317.0017790401305,2.522415,2.046476,3.227122,3.811295,3.266221,4.665686,,2.280289,True,1
0,57,calibration,7491,7025,7205,180,2,1000,static,6,6,317.00177904013043,2.09577,1.74601,2.870271,2.963132,2.28108,3.757514,,2.280289,True,2
0,58,calibration,13760,13175,13535,360,2,1000,static,12,12,351.1267815486589,2.011483,1.617927,2.620223,2.826776,2.096952,3.620766,,1.128477,True,1
0,58,calibration,13760,13175,13535,360,2,1000,temporal,1,1,351.1267815486589,1.719481,1.366637,2.329212,13.786241,1.954135,14.526286,,1.128477,True,2
0,59,calibration,6011,5237,5957,720,6,5000,temporal,8,8,2348.491280707344,2.541143,2.114108,3.184486,3.226279,2.475043,4.081583,,2.232296,True,1
0,59,calibration,6011,5237,5957,720,6,5000,static,57,57,2348.491280707344,1.966484,1.543224,2.626803,3.097265,2.383805,3.975863,,2.232296,True,2
0,60,calibration,9847,9066,9786,720,2,200,static,16,16,784.7331011818119,1.99701,1.634943,2.653213,3.091466,2.407691,3.993951,,1.622524,True,1
0,60,calibration,9847,9066,9786,720,2,200,temporal,3,3,784.7331011818119,1.805391,1.438636,2.471147,2.920868,2.345959,3.841951,,1.622524,True,2
0,61,calibration,2941,1413,2853,1440,4,200,temporal,11,11,361.50762426027137,2.158404,1.740312,2.835649,3.066148,2.282863,3.78841,,2.694585,True,1
0,61,calibration,2941,1413,2853,1440,4,200,static,72,72,361.50762426027137,1.929869,1.499788,2.792384,2.905995,2.101078,3.70242,,2.694585,True,2
0,62,calibration,11276,10849,11209,360,4,1000,static,24,24,862.1587115635346,2.013816,1.603795,2.676728,2.792394,2.22175,3.485161,,2.601935,True,1
0,62,calibration,11276,10849,11209,360,4,1000,temporal,6,6,862.1587115635346,1.757078,1.423763,2.385798,2.592311,2.012935,3.349917,,2.601935,True,2
0,63,calibration,10928,10301,10661,360,2,200,temporal,1,1,-490.80248707917934,2.179417,1.828416,2.890082,2.546892,2.076731,3.329476,,2.106356,True,1
0,63,calibration,10928,10301,10661,360,2,200,static,7,7,-490.80248707917934,1.715205,1.389142,2.520373,13.205643,1.87776,14.035904,,2.106356,True,2
0,64,calibration,5432,3848,5288,1440,2,200,static,41,41,-41.40957579899429,4.036625,3.380413,4.861182,4.278671,3.214713,5.13757,,5.698349,True,1
0,64,calibration,5432,3848,5288,1440,2,200,temporal,5,5,-41.40957579899429,2.134329,1.754674,2.910842,2.713965,2.075669,3.445482,,5.698349,True,2
0,65,calibration,12841,11886,12606,720,4,200,temporal,6,6,1664.4505403035955,2.028778,1.632219,2.703299,2.944884,2.303665,3.703241,,1.423413,True,1
0,65,calibration,12841,11886,12606,720,4,200,static,38,38,1664.4505403035955,1.697558,1.380859,2.382954,3.039837,2.391507,3.837484,,1.423413,True,2
0,66,calibration,12204,12082,12142,60,2,1000,static,4,4,78.96427219840236,2.241511,1.818951,2.859815,2.195531,1.863659,2.958525,,2.973617,True,1
0,66,calibration,12204,12082,12142,60,2,1000,temporal,1,1,78.96427219840236,1.324874,1.080875,2.10275,2.434803,1.991822,3.137075,,2.973617,True,2
0,67,calibration,9562,9193,9253,60,4,200,temporal,2,2,-6.276627559684787,1.874095,1.412837,2.502355,2.19504,1.852642,2.946336,,2.245596,True,1
0,67,calibration,9562,9193,9253,60,4,200,static,7,7,-6.276627559684787,1.355801,1.132423,1.956499,1.882207,1.601583,2.574444,,2.245596,True,2
0,68,calibration,6266,5955,6135,180,2,5000,static,5,5,-61.87695300219841,1.773171,1.446558,2.43293,1.856028,1.550345,2.649458,,2.829059,True,1
0,68,calibration,6266,5955,6135,180,2,5000,temporal,1,1,-61.87695300219841,1.20347,0.98537,1.869788,1.688354,1.404644,2.448523,,2.829059,True,2
0,69,calibration,2216,1634,1994,360,2,200,temporal,3,3,-1.756313958762563,2.399359,2.106226,3.176384,3.039147,2.607904,4.751787,,4.627229,True,1
0,69,calibration,2216,1634,1994,360,2,200,static,11,11,-1.756313958762563,1.680762,1.350603,2.371187,2.551029,2.061909,3.287383,,4.627229,True,2
0,70,calibration,5659,4828,5548,720,2,1000,static,14,14,201.22368619423855,1.66613,1.397043,2.290344,2.117152,1.682454,2.828428,,1.378665,True,1
0,70,calibration,5659,4828,5548,720,2,1000,temporal,3,3,201.22368619423855,2.451087,2.126456,3.155543,2.570738,2.056611,3.293742,,1.378665,True,2
0,71,calibration,8696,8408,8588,180,2,200,temporal,1,1,-20.723292170564925,2.272176,1.79178,2.918324,3.448066,3.000648,4.261726,,3.247162,True,1
0,71,calibration,8696,8408,8588,180,2,200,static,4,4,-20.723292170564925,1.367127,1.113124,2.068117,1.823007,1.525327,2.550257,,3.247162,True,2
0,72,calibration,7111,6587,6767,180,6,200,static,24,24,352.2592791825575,2.635696,1.539749,3.384569,2.558901,2.136451,3.890234,,2.489705,True,1
0,72,calibration,7111,6587,6767,180,6,200,temporal,9,9,352.2592791825575,2.286258,1.97022,3.387894,3.730041,3.250797,5.097946,,2.489705,True,2
0,73,calibration,11935,11650,11830,180,4,200,temporal,5,5,-573.3101976507509,2.632151,2.202101,4.917488,2.513261,2.050982,17.568642,,4.596642,True,1
0,73,calibration,11935,11650,11830,180,4,200,static,13,13,-573.3101976507509,2.930803,2.304545,4.444272,4.215916,3.514806,5.854425,,4.596642,True,2
0,74,calibration,5252,4724,5084,360,2,200,static,10,10,-554.7338667361411,2.980659,2.441062,4.374617,3.750833,3.090945,5.404204,,2.968299,True,1
0,74,calibration,5252,4724,5084,360,2,200,temporal,2,2,-554.7338667361411,2.244775,1.844179,3.634647,2.26096,1.881886,3.627827,,2.968299,True,2
0,75,calibration,2454,1921,2101,180,6,1000,temporal,4,4,-503.9431932413006,2.779074,2.256954,4.085649,1.962278,1.569023,3.432642,,1.400899,True,1
0,75,calibration,2454,1921,2101,180,6,1000,static,18,18,-503.9431932413006,1.524746,1.13075,2.59826,2.890411,2.398327,4.200734,,1.400899,True,2
0,76,calibration,1591,1398,1578,180,6,200,static,21,21,908.8566772565194,1.929519,1.671809,3.002552,3.55681,2.972636,4.929706,,2.357977,True,1
0,76,calibration,1591,1398,1578,180,6,200,temporal,9,9,908.856677256519,2.161038,1.834374,3.253551,2.509295,2.00337,3.783553,,2.357977,True,2
0,77,calibration,10063,9057,9777,720,2,200,temporal,3,3,223.07504215003576,2.057242,1.741514,3.049312,2.365418,1.843077,3.550099,,1.744398,True,1
0,77,calibration,10063,9057,9777,720,2,200,static,21,21,223.07504215003576,1.901236,1.531716,13.423904,3.316156,2.645772,4.227834,,1.744398,True,2
0,78,calibration,13340,11624,13064,1440,4,5000,static,74,74,-365.658899011357,1.923769,1.531637,2.839495,4.910437,3.911296,5.812011,,2.544318,True,1
0,78,calibration,13340,11624,13064,1440,4,5000,temporal,12,12,-365.658899011357,1.775505,1.406547,2.642386,3.611362,2.832835,4.633398,,2.544318,True,2
0,79,calibration,5092,4966,5026,60,2,5000,temporal,1,1,-121.84684890531096,2.904022,2.418247,3.784644,2.886656,2.495344,3.92769,,3.90754,True,1
0,79,calibration,5092,4966,5026,60,2,5000,static,3,3,-121.84684890531096,2.28808,1.873074,3.097736,30.06992,29.383873,31.394714,,3.90754,True,2
0,80,calibration,3751,3495,3675,180,2,1000,static,3,3,-313.9820281364275,2.106376,1.813593,3.055862,3.106799,2.588735,4.199541,,2.434562,True,1
0,80,calibration,3751,3495,3675,180,2,1000,temporal,1,1,-313.9820281364275,1.548292,1.312045,2.433912,2.161018,1.849638,3.208623,,2.434562,True,2
0,81,calibration,2679,2188,2368,180,8,1000,temporal,12,12,-1448.5002966187285,1.574051,1.319786,2.532701,3.223145,2.690559,4.282317,,1.42141,True,1
0,81,calibration,2679,2188,2368,180,8,1000,static,29,29,-1448.5002966187285,1.212544,1.004509,2.044322,2.229101,1.793993,3.276716,,1.42141,True,2
0,82,calibration,14328,13766,14126,360,2,200,static,11,11,174.69225208022965,1.542513,1.274148,2.294771,1.871611,1.403883,2.972957,,0.909356,True,1
0,82,calibration,14328,13766,14126,360,2,200,temporal,3,3,174.69225208022965,1.239935,0.995216,2.046335,1.571317,1.252544,2.55249,,0.909356,True,2
0,83,calibration,2396,730,2170,1440,2,5000,temporal,6,6,-150.9740026795978,1.791209,1.484425,2.665461,2.739193,2.139536,3.766136,,2.067477,True,1
0,83,calibration,2396,730,2170,1440,2,5000,static,34,34,-150.9740026795978,1.264563,1.023669,2.133287,1.993956,1.451466,2.990052,,2.067477,True,2
0,84,calibration,9988,8946,9666,720,4,1000,static,38,38,273.4894300957726,1.466788,1.190871,2.291426,3.83461,2.163122,4.851148,,0.824918,True,1
0,84,calibration,9988,8946,9666,720,4,1000,temporal,7,7,273.4894300957726,1.861736,1.302279,2.689428,2.427612,1.827094,3.417488,,0.824918,True,2
0,85,calibration,9909,9284,9644,360,2,200,temporal,3,3,585.2363460653847,2.795117,2.403345,3.630701,2.91582,2.46612,3.927791,,1.841486,True,1
0,85,calibration,9909,9284,9644,360,2,200,static,12,12,585.2363460653847,2.16837,1.907516,25.358675,3.125016,2.575065,4.427266,,1.841486,True,2
0,86,calibration,3144,1369,2809,1440,4,200,static,72,72,319.5943873431496,1.446738,1.134075,2.14893,1.99009,1.4216,2.769839,,3.522318,True,1
0,86,calibration,3144,1369,2809,1440,4,200,temporal,11,11,319.59438734315006,1.068616,0.851628,1.777358,1.708153,1.217512,2.454122,,3.522318,True,2
0,87,calibration,7514,6620,7340,720,6,200,temporal,10,10,2097.2209391066435,1.564687,1.288929,2.176572,1.944471,1.433889,2.713654,,2.173918,True,1
0,87,calibration,7514,6620,7340,720,6,200,static,58,58,2097.2209391066435,1.219364,0.96583,1.881055,1.84481,1.36833,2.579772,,2.173918,True,2
0,88,calibration,3005,2326,2686,360,4,200,static,16,16,-269.1993574500742,1.186664,0.997068,1.786242,1.730257,1.404334,2.523377,,2.820326,True,1
0,88,calibration,3005,2326,2686,360,4,200,temporal,4,4,-269.1993574500742,1.06446,0.895074,1.692199,1.543885,1.247937,2.244755,,2.820326,True,2
0,89,calibration,3234,2942,3122,180,6,200,temporal,9,9,950.8069035559604,1.178242,0.986762,1.885843,1.726301,1.346156,2.457607,,2.109511,True,1
0,89,calibration,3234,2942,3122,180,6,200,static,22,22,950.8069035559604,1.049707,0.860862,1.646571,1.726781,1.418816,2.425829,,2.109511,True,2
0,90,calibration,8603,6964,8404,1440,4,200,static,74,74,237.1748324927746,1.200846,0.939481,6.555745,2.827857,1.997301,4.311501,,2.665491,True,1
0,90,calibration,8603,6964,8404,1440,4,200,temporal,11,11,237.1748324927748,1.141196,0.909495,1.859732,1.865021,1.351744,3.329496,,2.665491,True,2
0,91,calibration,12422,12231,12291,60,2,200,temporal,1,1,135.80439980024673,1.215158,0.996988,2.017482,1.594462,1.338775,2.286548,,2.190183,True,1
0,91,calibration,12422,12231,12291,60,2,200,static,3,3,135.80439980024673,1.034314,0.840191,1.657557,1.566459,1.341839,2.354582,,2.190183,True,2
0,92,calibration,9627,9235,9295,60,4,1000,static,7,7,58.62968630836787,1.24926,1.011209,8.149085,2.328392,1.924581,3.226039,,7.369066,True,1
0,92,calibration,9627,9235,9295,60,4,1000,temporal,2,2,58.62968630836787,1.237391,1.041785,1.96384,1.574512,1.306015,2.314661,,7.369066,True,2
0,93,calibration,12076,11624,11804,180,6,200,temporal,9,9,-906.320987859098,1.393638,1.171902,2.150933,2.002699,1.693581,3.166229,,4.236207,True,1
0,93,calibration,12076,11624,11804,180,6,200,static,22,22,-906.320987859098,1.17045,0.882064,2.058283,1.806252,1.482872,3.200421,,4.236207,True,2
0,94,calibration,12336,11782,12142,360,2,5000,static,11,11,158.08389966487013,2.235441,1.916479,3.998148,2.054107,1.687352,3.972067,,2.616417,True,1
0,94,calibration,12336,11782,12142,360,2,5000,temporal,1,1,158.08389966487013,1.193195,0.977037,1.836077,4.937258,2.854057,6.881789,,2.616417,True,2
0,95,calibration,4038,3615,3795,180,4,5000,temporal,5,5,-722.5447357253887,1.982318,1.683046,2.63839,2.534613,2.153467,3.323857,,2.772178,True,1
0,95,calibration,4038,3615,3795,180,4,5000,static,13,13,-722.5447357253887,1.316501,1.014585,1.945393,2.134157,1.768425,2.872004,,2.772178,True,2
0,96,calibration,4345,2710,4150,1440,4,200,static,71,71,365.4201577867892,1.491947,1.188658,2.146877,2.238415,1.676856,3.041289,,2.150582,True,1
0,96,calibration,4345,2710,4150,1440,4,200,temporal,10,10,365.4201577867877,1.410433,1.162558,2.209191,2.354461,1.783087,3.076142,,2.150582,True,2
0,97,calibration,14240,13705,14065,360,4,200,temporal,6,6,252.72280141231207,2.050542,1.628143,2.952461,2.021568,1.623886,2.807256,,8.863997,True,1
0,97,calibration,14240,13705,14065,360,4,200,static,22,22,252.72280141231207,1.38163,1.139584,2.018954,1.949829,1.553319,2.680655,,8.863997,True,2
0,98,calibration,3363,3090,3270,180,4,1000,static,10,10,299.12268210282406,2.703604,2.266242,3.409246,3.193149,2.757541,4.467727,,1.941241,True,1
0,98,calibration,3363,3090,3270,180,4,1000,temporal,2,2,299.12268210282406,1.634702,1.305374,2.621375,1.755515,1.481831,2.639797,,1.941241,True,2
0,99,calibration,8665,7063,8503,1440,2,200,temporal,6,6,210.4519055329541,1.555973,1.219895,2.371437,1.934576,1.497025,2.764051,,2.394602,True,1
0,99,calibration,8665,7063,8503,1440,2,200,static,34,34,210.4519055329541,1.059072,0.831638,1.748605,1.925502,1.430544,2.687124,,2.394602,True,2
0,100,calibration,13973,12301,13741,1440,4,1000,static,73,73,274.52851049452687,1.457414,1.13733,2.093817,2.021788,1.508001,2.844647,,1.826253,True,1
0,100,calibration,13973,12301,13741,1440,4,1000,temporal,10,10,274.5285104945299,1.17701,0.955084,2.857512,2.489486,1.76529,3.263862,,1.826253,True,2
0,101,calibration,10410,10110,10290,180,2,1000,temporal,3,3,-305.23263237431746,1.40171,1.140064,2.061768,1.644026,1.359787,2.421923,,2.698521,True,1
0,101,calibration,10410,10110,10290,180,2,1000,static,9,9,-305.23263237431746,112.855838,109.750972,113.78672,8.657815,7.27927,10.315337,,2.698521,True,2
0,102,calibration,5457,4960,5320,360,2,200,static,10,10,-457.8808521545404,2.192056,1.75206,2.920458,2.383946,2.048598,3.270727,,4.904428,True,1
0,102,calibration,5457,4960,5320,360,2,200,temporal,3,3,-457.8808521545404,1.220856,0.99226,1.946654,1.942739,1.647672,2.696639,,4.904428,True,2
0,103,calibration,13731,13028,13388,360,2,1000,temporal,3,3,-117.92595452106768,1.763527,1.3954,2.464238,2.963392,2.344826,3.765255,,2.452209,True,1
0,103,calibration,13731,13028,13388,360,2,1000,static,11,11,-117.92595452106768,2.187789,1.734824,2.921128,2.053937,1.594352,3.159479,,2.452209,True,2
0,104,calibration,7275,6895,7075,180,4,5000,static,10,10,658.155909317035,1.893053,1.597156,2.562575,2.233828,1.882618,3.26626,,2.963552,True,1
0,104,calibration,7275,6895,7075,180,4,5000,temporal,3,3,658.155909317035,1.210721,1.009727,1.95082,2.16924,1.878121,2.95511,,2.963552,True,2
0,105,calibration,7623,6913,7273,360,2,200,temporal,1,1,463.0407496299008,1.942618,1.584657,2.614324,2.491689,2.040326,3.56393,,2.507263,True,1
0,105,calibration,7623,6913,7273,360,2,200,static,7,7,463.0407496299008,1.345335,0.974063,2.050271,1.908607,1.613751,2.665401,,2.507263,True,2
0,106,calibration,7142,6832,7012,180,4,200,static,12,12,642.5462245273734,1.616165,1.357784,2.277615,3.45168,2.901549,4.236278,,2.644319,True,1
0,106,calibration,7142,6832,7012,180,4,200,temporal,3,3,642.5462245273734,1.384284,1.13726,2.440522,2.661456,2.187058,3.59671,,2.644319,True,2
0,107,calibration,3023,2839,3019,180,4,200,temporal,3,3,706.0689435092451,2.418528,1.887485,3.326221,3.240061,2.451398,15.696531,,3.056632,True,1
0,107,calibration,3023,2839,3019,180,4,200,static,11,11,706.0689435092451,2.36002,1.936559,3.591122,2.577128,1.95059,4.067412,,3.056632,True,2
0,108,calibration,1766,1088,1448,360,8,200,static,35,35,838.2096767080666,2.108279,1.809917,2.749028,2.825914,2.314461,3.958607,,0.674691,True,1
0,108,calibration,1766,1088,1448,360,8,200,temporal,4,4,838.2096767080666,1.409131,1.200005,2.209161,2.046305,1.635784,2.850912,,0.674691,True,2
0,109,calibration,14166,13499,13859,360,2,1000,temporal,3,3,628.4273869637826,1.853122,1.525607,2.624169,1.892923,1.505918,2.722077,,2.94866,True,1
0,109,calibration,14166,13499,13859,360,2,1000,static,11,11,628.4273869637826,1.289942,1.076649,1.928667,1.870029,1.523104,2.563527,,2.94866,True,2
0,110,calibration,11843,10995,11715,720,4,1000,static,37,37,-56.45166042542076,1.926914,1.583695,2.769889,2.448043,1.769386,3.348439,,2.381102,True,1
0,110,calibration,11843,10995,11715,720,4,1000,temporal,6,6,-56.45166042542076,1.474611,1.207236,2.215441,1.977761,1.580901,2.79036,,2.381102,True,2
0,111,calibration,10049,9509,9689,180,4,1000,temporal,2,2,717.730335563158,1.492308,1.22291,2.17497,1.889368,1.541792,2.707024,,2.016881,True,1
0,111,calibration,10049,9509,9689,180,4,1000,static,10,10,717.730335563158,1.383653,0.868543,1.984411,1.954957,1.666201,2.698722,,2.016881,True,2
0,112,calibration,4624,3157,4597,1440,8,1000,static,143,143,152.34186430837804,5.697217,5.195278,6.555966,3.136163,2.160408,4.369418,,2.224925,True,1
0,112,calibration,4624,3157,4597,1440,8,1000,temporal,19,19,152.34186430837804,1.399356,1.145533,2.201229,2.411387,1.706491,3.200872,,2.224925,True,2
0,113,calibration,1778,1570,1750,180,6,200,temporal,6,6,902.682431761532,1.865411,1.557967,2.654284,2.291405,1.715895,3.169224,,3.07446,True,1
0,113,calibration,1778,1570,1750,180,6,200,static,17,17,902.682431761532,1.669525,1.433007,2.326289,2.23432,1.881285,3.02791,,3.07446,True,2
0,114,calibration,10661,10143,10323,180,6,200,static,21,21,-998.5260170461364,1.975648,1.382551,2.6715,2.100847,1.735996,2.867497,,2.456725,True,1
0,114,calibration,10661,10143,10323,180,6,200,temporal,9,9,-998.5260170461364,1.310572,1.075276,1.96361,1.954376,1.562824,2.887298,,2.456725,True,2
0,115,calibration,8500,8079,8259,180,4,200,temporal,6,6,677.1118480362595,1.622243,1.372866,2.529916,2.172316,1.794844,2.964553,,1.07076,True,1
0,115,calibration,8500,8079,8259,180,4,200,static,12,12,677.1118480362595,2.304055,2.06263,3.018956,2.769599,2.339509,3.57017,,1.07076,True,2
0,116,calibration,5996,5519,5699,180,2,1000,static,3,3,344.16229729342257,1.760583,1.478296,2.632522,1.892993,1.59397,2.661616,,2.713034,True,1
0,116,calibration,5996,5519,5699,180,2,1000,temporal,1,1,344.16229729342257,1.166274,0.9587,1.816167,2.3272,2.048748,3.27976,,2.713034,True,2
0,117,calibration,13874,13489,13549,60,6,1000,temporal,3,3,319.5106696780032,2.007266,1.733502,2.71082,2.642427,2.09589,3.634998,,2.607384,True,1
0,117,calibration,13874,13489,13549,60,6,1000,static,8,8,319.5106696780032,1.264473,1.055397,2.1421,2.092084,1.539789,3.146489,,2.607384,True,2
0,118,calibration,6296,5804,5984,180,2,200,static,6,6,20.840098596815714,2.369444,2.009629,3.306772,2.368592,1.995909,3.566644,,2.938544,True,1
0,118,calibration,6296,5804,5984,180,2,200,temporal,3,3,20.840098596815714,1.145152,0.943067,2.011822,4.680759,1.3154,5.523334,,2.938544,True,2
0,119,calibration,11932,10881,11601,720,4,200,temporal,7,7,260.9122829692174,2.005694,1.654582,2.857252,2.333991,1.81816,3.45146,,1.270201,True,1
0,119,calibration,11932,10881,11601,720,4,200,static,38,38,260.9122829692174,1.51358,1.22313,2.484718,2.402383,1.8776,3.521747,,1.270201,True,2
0,120,calibration,7959,7532,7712,180,6,1000,static,16,16,-1037.05190068299,2.330545,1.995178,3.25959,2.60511,2.116712,3.715029,,2.769839,True,1
0,120,calibration,7959,7532,7712,180,6,1000,temporal,3,3,-1037.05190068299,1.493138,1.255939,2.380591,2.584369,2.106436,3.843333,,2.769839,True,2
0,121,calibration,12521,12284,12344,60,6,200,temporal,6,6,386.4311232353281,2.156431,1.812982,2.98234,2.573713,2.130613,3.614627,,0.847351,True,1
0,121,calibration,12521,12284,12344,60,6,200,static,8,8,386.4311232353281,1.548162,1.313596,2.403435,2.361922,1.98341,3.51735,,0.847351,True,2
0,122,calibration,7361,6661,7021,360,2,1000,static,7,7,477.55208151141454,2.093336,1.769567,2.996833,2.60528,2.091994,3.776862,,2.667795,True,1
0,122,calibration,7361,6661,7021,360,2,1000,temporal,1,1,477.55208151141454,1.619209,1.303551,2.890732,1.926484,1.584977,2.966967,,2.667795,True,2
0,123,calibration,7672,7150,7330,180,4,200,temporal,2,2,149.99277081348762,1.281989,1.049648,1.902217,1.760383,1.489823,2.60471,,2.775818,True,1
0,123,calibration,7672,7150,7330,180,4,200,static,8,8,149.99277081348762,1.074425,0.797346,1.776532,1.856438,1.595484,2.699223,,2.775818,True,2
0,124,calibration,2178,2103,2163,60,2,1000,static,2,2,-98.6080347702656,1.964171,1.64007,2.764051,2.012845,1.691258,2.913757,,12.732768,True,1
0,124,calibration,2178,2103,2163,60,2,1000,temporal,2,2,-98.6080347702656,1.260487,1.061826,2.025274,1.714623,1.493539,2.556847,,12.732768,True,2
0,125,calibration,6495,6205,6385,180,2,1000,temporal,1,1,-327.4493428547683,1.389782,1.160245,2.22139,1.93042,1.660762,3.081941,,2.132936,True,1
0,125,calibration,6495,6205,6385,180,2,1000,static,4,4,-327.4493428547683,1.180375,0.996046,1.902648,2.262362,1.920064,3.349997,,2.132936,True,2
0,126,calibration,5947,5660,5840,180,4,1000,static,10,10,420.0973160508572,2.033535,1.727483,2.76354,2.914298,2.421372,3.913629,,0.977238,True,1
0,126,calibration,5947,5660,5840,180,4,1000,temporal,3,3,420.0973160508572,1.823828,1.452387,2.799764,2.773324,2.222601,3.780768,,0.977238,True,2
0,127,calibration,8154,6642,8082,1440,6,1000,temporal,19,19,220.80471063944788,2.499049,2.08259,3.501746,2.567463,1.959013,3.388085,,1.003869,True,1
0,127,calibration,8154,6642,8082,1440,6,1000,static,116,116,220.80471063944788,1.964852,1.53367,2.860517,2.844071,2.114949,3.623731,,1.003869,True,2
0,128,calibration,13627,12060,13500,1440,8,5000,static,145,145,719.5943580459065,2.521764,2.065594,3.244548,2.704861,1.806051,20.828912,,2.06275,True,1
0,128,calibration,13627,12060,13500,1440,8,5000,temporal,21,21,719.5943580459065,1.880213,1.521611,3.04792,2.899896,2.186507,4.126441,,2.06275,True,2
0,129,calibration,11596,10998,11358,360,2,1000,temporal,1,1,272.31994479073774,2.637909,2.107438,3.692404,2.924202,2.36729,4.332893,,1.32962,True,1
0,129,calibration,11596,10998,11358,360,2,1000,static,9,9,272.31994479073774,1.594431,1.307838,2.556207,1.859372,1.523394,3.016251,,1.32962,True,2
0,130,calibration,10144,9891,10071,180,4,200,static,9,9,-248.6288478251799,1.270892,1.056507,2.189761,2.510868,2.08254,3.548687,,1.532809,True,1
0,130,calibration,10144,9891,10071,180,4,200,temporal,2,2,-248.6288478251799,1.585207,1.394309,2.538529,2.245876,1.812741,3.424018,,1.532809,True,2
0,131,calibration,5229,4989,5169,180,4,200,temporal,6,6,-576.4947570509744,1.544696,1.30905,2.534533,1.730808,1.424054,3.090955,,2.810881,True,1
0,131,calibration,5229,4989,5169,180,4,200,static,12,12,-576.4947570509744,1.264593,1.058721,2.151905,3.922091,3.498331,5.181266,,2.810881,True,2
0,132,calibration,10550,9875,10235,360,2,1000,static,11,11,-523.7577085807521,2.177974,1.812261,3.53743,2.061287,1.585698,3.221902,,0.931339,True,1
0,132,calibration,10550,9875,10235,360,2,1000,temporal,1,1,-523.7577085807521,22.79143,0.945199,23.91241,3.932667,3.022932,5.030207,,0.931339,True,2
0,133,calibration,3317,1617,3057,1440,4,5000,temporal,13,13,368.6669463804823,2.002338,1.684378,2.663158,2.610098,1.853453,3.45794,,1.474069,True,1
0,133,calibration,3317,1617,3057,1440,4,5000,static,75,75,368.6669463804823,1.423503,1.142799,2.198065,2.38026,1.775876,3.274031,,1.474069,True,2
0,134,calibration,12695,12086,12446,360,4,200,static,21,21,1070.590550234356,2.219496,1.906413,3.02762,2.857061,2.285346,8.130566,,2.326699,True,1
0,134,calibration,12695,12086,12446,360,4,200,temporal,6,6,1070.590550234356,2.167929,1.828596,6.496044,3.31233,2.752883,9.332124,,2.326699,True,2
0,135,calibration,10905,10573,10753,180,8,1000,temporal,5,5,379.2793813779238,1.905221,1.612649,2.586512,2.509385,1.898912,3.486433,,0.712758,True,1
0,135,calibration,10905,10573,10753,180,8,1000,static,22,22,379.2793813779238,1.616204,1.305905,2.428543,2.808688,2.167789,3.878871,,0.712758,True,2
0,136,calibration,5068,4690,5050,360,6,5000,static,27,27,-1880.8684996196916,2.173317,1.810058,2.906055,2.838924,2.24769,3.718623,,0.823245,True,1
0,136,calibration,5068,4690,5050,360,6,5000,temporal,3,3,-1880.8684996196916,1.709846,1.482422,7.499712,2.85616,2.328912,4.122174,,0.823245,True,2
0,137,calibration,9337,8836,9196,360,4,200,temporal,2,2,-1149.8761966856016,1.942508,1.621803,2.737481,2.344906,1.940946,3.490979,,0.834402,True,1
0,137,calibration,9337,8836,9196,360,4,200,static,17,17,-1149.8761966856016,1.313386,1.0845,2.051132,1.974716,1.481521,2.785773,,0.834402,True,2
0,138,calibration,8477,7447,8167,720,2,5000,static,17,17,-426.8581879634653,2.14169,1.740042,3.096083,2.61801,2.150933,3.942722,,3.310718,True,1
0,138,calibration,8477,7447,8167,720,2,5000,temporal,4,4,-426.8581879634653,2.004812,1.731649,2.977423,2.058042,1.645258,3.123644,,3.310718,True,2
0,139,calibration,3124,2699,3059,360,2,200,temporal,3,3,631.2605296992845,1.982488,1.671488,2.913897,2.396985,1.818511,3.668749,,2.786915,True,1
0,139,calibration,3124,2699,3059,360,2,200,static,12,12,631.2605296992845,1.208578,0.974133,2.162661,1.80465,1.479668,2.939756,,2.786915,True,2
0,140,calibration,10958,10894,10954,60,4,1000,static,10,10,181.09282291141812,1.807573,1.546349,2.635576,2.108429,1.657456,3.181472,,1.486599,True,1
0,140,calibration,10958,10894,10954,60,4,1000,temporal,6,6,181.09282291141812,1.584046,1.235328,2.503346,2.518729,2.164153,3.687087,,1.486599,True,2
0,141,calibration,13077,12340,13060,720,6,1000,temporal,10,10,-539.8683738744875,1.988577,1.605829,2.867247,2.085574,1.551907,3.186189,,3.007338,True,1
0,141,calibration,13077,12340,13060,720,6,1000,static,61,61,-539.8683738744876,1.380618,1.134716,2.211004,10.23613,9.376451,11.371268,,3.007338,True,2
0,142,calibration,8886,8487,8847,360,4,1000,static,24,24,-36.602206237027126,3.349225,2.55939,17.532125,3.562909,2.722068,4.934964,,10.213557,True,1
0,142,calibration,8886,8487,8847,360,4,1000,temporal,7,7,-36.60220623702685,1.991642,1.682565,2.952725,2.454332,1.945172,3.673425,,10.213557,True,2
0,143,calibration,10979,10461,10641,180,4,200,temporal,2,2,83.31579172532976,1.758219,1.335721,2.456576,1.859462,1.533649,2.846054,,2.794406,True,1
0,143,calibration,10979,10461,10641,180,4,200,static,11,11,83.31579172532976,1.127886,0.919991,1.845311,1.867995,1.535091,2.67147,,2.794406,True,2
0,144,calibration,2678,2008,2368,360,2,200,static,12,12,-626.8365040028202,1.77855,1.515272,2.766955,2.558069,2.112515,3.678784,,1.982398,True,1
0,144,calibration,2678,2008,2368,360,2,200,temporal,5,5,-626.8365040028202,1.252615,1.036437,2.330605,1.793373,1.473819,2.894697,,1.982398,True,2
0,145,calibration,6088,5515,5875,360,6,1000,temporal,4,4,1709.0291452086562,1.549383,1.298594,2.496987,2.20856,1.733402,3.474084,,1.807884,True,1
0,145,calibration,6088,5515,5875,360,6,1000,static,26,26,1709.0291452086562,1.672649,1.447029,2.522946,2.117622,1.548081,3.272188,,1.807884,True,2
0,146,calibration,4848,4446,4626,180,8,1000,static,29,29,86.87056920814838,1.926483,1.611177,2.759743,2.05609,1.666741,2.893576,,2.051533,True,1
0,146,calibration,4848,4446,4626,180,8,1000,temporal,12,12,86.87056920814838,1.500249,1.24293,2.410295,2.196902,1.770758,3.25345,,2.051533,True,2
0,147,calibration,1823,1358,1538,180,6,1000,temporal,4,4,725.6390223834935,1.875486,1.575803,2.895759,2.0496,1.667552,3.357688,,2.44033,True,1
0,147,calibration,1823,1358,1538,180,6,1000,static,14,14,725.6390223834935,1.319917,1.086023,2.196412,2.811212,2.010772,4.083777,,2.44033,True,2
0,148,calibration,1891,254,1694,1440,4,5000,static,73,73,305.0984899449693,1.984972,1.632068,2.776248,2.361742,1.740693,3.244607,,1.653882,True,1
0,148,calibration,1891,254,1694,1440,4,5000,temporal,10,10,305.0984899449693,1.587121,1.23621,2.315502,2.210564,1.636415,3.040178,,1.653882,True,2
0,149,calibration,5485,5098,5158,60,4,1000,temporal,5,5,-165.23423371094592,2.117543,1.825541,2.840946,2.219337,1.866062,3.033077,,2.480321,True,1
0,149,calibration,5485,5098,5158,60,4,1000,static,8,8,-165.23423371094592,1.572348,1.3551,2.272377,2.403415,1.91124,3.177706,,2.480321,True,2
0,150,calibration,1818,1520,1700,180,4,1000,static,14,14,506.9326596583809,1.980976,1.662574,2.660714,2.580513,2.116781,3.549168,,1.575633,True,1
0,150,calibration,1818,1520,1700,180,4,1000,temporal,6,6,506.9326596583809,2.047697,1.75854,2.972125,2.777591,2.390666,3.754743,,1.575633,True,2
0,151,calibration,10933,10816,10876,60,4,200,temporal,3,3,238.3158686032056,2.287389,1.735946,3.12136,2.346469,1.926113,3.360953,,11.469887,True,1
0,151,calibration,10933,10816,10876,60,4,200,static,5,5,238.3158686032056,1.287417,1.040964,2.002067,1.612008,1.367137,2.363164,,11.469887,True,2
0,152,calibration,9809,9532,9712,180,2,5000,static,5,5,349.5499204118567,1.772621,1.359707,2.423876,2.429165,2.085955,3.512903,,1.359806,True,1
0,152,calibration,9809,9532,9712,180,2,5000,temporal,1,1,349.5499204118567,1.337362,1.039262,2.112415,1.991742,1.610776,2.791361,,1.359806,True,2
0,153,calibration,10797,10389,10569,180,6,200,temporal,3,3,-574.7348691820711,3.115396,2.754891,3.961692,2.290715,1.858951,3.629159,,2.337565,True,1
0,153,calibration,10797,10389,10569,180,6,200,static,13,13,-574.7348691820711,1.434399,1.174707,2.477647,1.984892,1.656616,3.092036,,2.337565,True,2
0,154,calibration,11193,9499,10939,1440,6,200,static,111,111,578.6386742921336,2.002859,1.5804,2.997013,2.813655,2.093787,4.090546,,1.659891,True,1
0,154,calibration,11193,9499,10939,1440,6,200,temporal,16,16,578.6386742921336,1.645138,1.286465,2.635055,2.716838,1.942448,3.825866,,1.659891,True,2
0,155,calibration,13007,12675,12855,180,4,200,temporal,2,2,-696.0617951537909,2.080457,1.775215,3.050734,2.479971,1.966824,3.532002,,1.71906,True,1
0,155,calibration,13007,12675,12855,180,4,200,static,9,9,-696.0617951537909,1.473779,1.244141,2.430135,2.052343,1.680892,3.281763,,1.71906,True,2
0,156,calibration,3846,3323,3683,360,6,1000,static,25,25,-1569.2485412936692,2.556627,1.952704,3.46455,3.509067,2.730579,5.021755,,1.395801,True,1
0,156,calibration,3846,3323,3683,360,6,1000,temporal,5,5,-1569.2485412936692,1.680361,1.403593,2.741356,2.412098,1.921746,3.78922,,1.395801,True,2
0,157,calibration,4983,3209,4649,1440,2,200,temporal,5,5,21.972086331177763,1.63299,1.328769,2.579792,2.128509,1.674402,3.13375,,2.834252,True,1
0,157,calibration,4983,3209,4649,1440,2,200,static,40,40,21.972086331177763,1.118502,0.881152,2.233808,1.918201,1.44103,3.148622,,2.834252,True,2
0,158,calibration,6506,6067,6247,180,4,200,static,11,11,-559.600035211505,1.463022,1.237262,2.370986,1.733682,1.430824,2.896471,,1.771239,True,1
0,158,calibration,6506,6067,6247,180,4,200,temporal,2,2,-559.600035211505,1.095026,0.871908,1.985753,2.150562,1.810698,3.778194,,1.771239,True,2
0,159,calibration,10193,9623,9983,360,2,200,temporal,1,1,492.5007953975261,1.602523,1.304644,2.471988,2.083501,1.67309,3.08118,,1.523104,True,1
0,159,calibration,10193,9623,9983,360,2,200,static,7,7,492.5007953975261,1.255008,0.989146,1.939753,2.160818,1.749086,3.112617,,1.523104,True,2
0,160,calibration,13326,12855,13035,180,6,5000,static,13,13,-941.7591451659276,1.741053,1.450904,2.439108,3.026087,1.912242,4.009855,,1.919453,True,1
0,160,calibration,13326,12855,13035,180,6,5000,temporal,3,3,-941.7591451659276,1.456743,1.217271,2.139005,1.767833,1.464185,2.709327,,1.919453,True,2
0,161,calibration,11788,10139,11579,1440,2,5000,temporal,6,6,-192.46305556149505,2.092745,1.721643,3.291507,2.170353,1.688354,3.036943,,1.462452,True,1
0,161,calibration,11788,10139,11579,1440,2,5000,static,40,40,-192.46305556149505,1.485778,1.174487,2.398998,2.059755,1.555222,3.188562,,1.462452,True,2
0,162,calibration,5084,4591,4951,360,6,1000,static,31,31,-1521.6822008011775,2.123832,1.800222,2.859334,2.777761,2.275311,3.862321,,1.840383,True,1
0,162,calibration,5084,4591,4951,360,6,1000,temporal,5,5,-1521.6822008011775,1.586239,1.306015,2.737079,2.097582,1.674853,3.227391,,1.840383,True,2
0,163,calibration,6059,5407,5767,360,4,5000,temporal,3,3,1275.1043016458202,2.746754,2.237384,3.736661,2.943451,2.398357,4.111368,,12.286302,True,1
0,163,calibration,6059,5407,5767,360,4,5000,static,18,18,1275.104301645821,1.735895,1.398785,2.558519,2.701276,1.834875,3.70888,,12.286302,True,2
0,164,calibration,10157,8714,10154,1440,4,1000,static,74,74,-310.64716433331034,2.08953,1.649915,3.047339,2.644519,1.84417,3.563168,,2.654965,True,1
0,164,calibration,10157,8714,10154,1440,4,1000,temporal,11,11,-310.64716433331034,1.745761,1.375891,2.803911,2.436996,1.775354,3.773206,,2.654965,True,2
0,165,calibration,13785,13424,13604,180,2,1000,temporal,1,1,373.6025234159749,2.292216,1.858411,3.24697,2.672592,2.178455,3.805776,,2.966106,True,1
0,165,calibration,13785,13424,13604,180,2,1000,static,6,6,373.6025234159749,1.688343,1.412436,2.389474,5.69321,4.993832,6.629476,,2.966106,True,2
0,166,calibration,4569,3835,4555,720,4,200,static,38,38,1452.1721321196485,2.899906,2.318576,4.004446,2.771822,2.074888,3.917444,,2.729808,True,1
0,166,calibration,4569,3835,4555,720,4,200,temporal,6,6,1452.1721321196485,1.422201,1.123409,2.362172,2.619162,2.051003,3.787458,,2.729808,True,2
0,167,calibration,7566,7344,7524,180,2,1000,temporal,1,1,-151.96126308892926,2.132976,1.816036,2.961008,2.398307,2.013835,3.446312,,2.469194,True,1
0,167,calibration,7566,7344,7524,180,2,1000,static,5,5,-151.96126308892926,1.761504,1.44155,2.559481,2.433361,1.991702,3.498772,,2.469194,True,2
0,168,calibration,9332,8951,9011,60,4,1000,static,6,6,-199.35467111733809,1.86455,1.475361,2.707655,2.198294,1.819101,3.143785,,3.562568,True,1
0,168,calibration,9332,8951,9011,60,4,1000,temporal,2,2,-199.35467111733809,1.423643,1.151431,2.263033,2.035799,1.694193,4.111749,,3.562568,True,2
0,169,calibration,7581,5863,7303,1440,4,200,temporal,12,12,-141.10931199091866,2.022008,1.640511,2.94888,2.749699,2.111664,3.781239,,2.211654,True,1
0,169,calibration,7581,5863,7303,1440,4,200,static,75,75,-141.10931199091866,1.64669,1.284253,2.574254,2.758512,2.035388,3.710752,,2.211654,True,2
0,170,calibration,14070,13365,13725,360,4,5000,static,17,17,1073.06219794909,2.115009,1.744308,3.012376,2.671511,2.119205,3.732115,,2.343875,True,1
0,170,calibration,14070,13365,13725,360,4,5000,temporal,2,2,1073.06219794909,1.59994,1.290402,2.560132,6.822198,1.510144,7.882632,,2.343875,True,2
0,171,calibration,6374,4618,6058,1440,4,5000,temporal,11,11,-124.86014498790232,2.160197,1.723677,3.086768,3.031315,2.121398,4.130176,,2.132886,True,1
0,171,calibration,6374,4618,6058,1440,4,5000,static,72,72,-124.86014498790232,1.610997,1.251964,2.597609,2.293739,1.674712,3.36541,,2.132886,True,2
0,172,calibration,9054,7452,8892,1440,4,1000,static,76,76,-358.6485373216784,2.302272,1.8248,3.007068,2.891493,2.107387,3.731224,,1.544346,True,1
0,172,calibration,9054,7452,8892,1440,4,1000,temporal,13,13,-358.6485373216784,1.627762,1.287788,2.357535,2.771452,2.101689,3.743001,,1.544346,True,2
0,173,calibration,8974,7349,8789,1440,6,200,temporal,16,16,-285.643860173968,1.697508,1.366737,2.36046,2.013535,1.42847,2.838202,,5.092462,True,1
0,173,calibration,8974,7349,8789,1440,6,200,static,114,114,-285.6438601739674,1.227145,0.957488,2.019595,1.811229,1.285634,2.544769,,5.092462,True,2
0,174,calibration,4054,3668,4028,360,8,200,static,45,45,42.44849790158646,1.198893,0.9784,1.840894,1.61337,1.23613,2.364737,,0.962776,True,1
0,174,calibration,4054,3668,4028,360,8,200,temporal,12,12,42.44849790158646,1.113003,0.932119,1.71905,1.595583,1.215288,2.457957,,0.962776,True,2
0,175,calibration,12330,11940,12300,360,2,1000,temporal,1,1,284.4167602241449,1.32249,1.039332,1.968307,1.67294,1.350192,2.360119,,2.603157,True,1
0,175,calibration,12330,11940,12300,360,2,1000,static,9,9,284.4167602241449,1.142789,0.926501,1.779732,1.780764,1.444104,2.486541,,2.603157,True,2
0,176,calibration,12619,12237,12597,360,2,1000,static,12,12,614.5092262991432,3.486472,3.024233,4.196206,2.073025,1.692249,2.936812,,2.075269,True,1
0,176,calibration,12619,12237,12597,360,2,1000,temporal,4,4,614.5092262991432,1.188377,0.985921,1.813523,4.773018,4.299582,6.475093,,2.075269,True,2
0,177,calibration,9186,7478,8918,1440,4,1000,temporal,13,13,-405.04938843027566,2.82311,2.155941,3.723021,2.244965,1.687272,3.112567,,2.872194,True,1
0,177,calibration,9186,7478,8918,1440,4,1000,static,76,76,-405.04938843027566,1.366797,0.988015,2.081117,2.700134,2.014657,3.556018,,2.872194,True,2
0,178,calibration,8679,7967,8327,360,6,200,static,36,36,1306.8884389300565,2.190754,1.807524,2.864753,2.038993,1.638869,2.883501,,2.672061,True,1
0,178,calibration,8679,7967,8327,360,6,200,temporal,9,9,1306.8884389300565,1.217451,1.016137,1.874605,1.985022,1.455301,2.722698,,2.672061,True,2
0,179,calibration,12688,12431,12491,60,2,200,temporal,3,3,-2.166481099977874,1.302169,1.081195,1.939473,3.549879,3.10747,4.326113,,2.520733,True,1
0,179,calibration,12688,12431,12491,60,2,200,static,3,3,-2.166481099977874,1.567411,1.30246,2.209612,1.939172,1.62026,2.728346,,2.520733,True,2
0,180,regular_holdout,19783,18001,19441,1440,4,200,static,72,72,-152.078106101882,1.714574,1.376231,2.792944,2.112745,1.530655,2.845144,,1.686871,True,1
0,180,regular_holdout,19783,18001,19441,1440,4,200,temporal,10,10,-152.07810610187894,1.449281,1.105452,2.161039,4.285311,2.016259,5.19042,,1.686871,True,2
0,181,regular_holdout,25411,25021,25201,180,2,1000,temporal,1,1,-92.66129352412592,2.409204,1.853293,3.225819,2.144162,1.682204,3.214932,,1.895277,True,1
0,181,regular_holdout,25411,25021,25201,180,2,1000,static,4,4,-92.66129352412592,1.267357,1.036187,2.155069,1.780533,1.460839,2.562475,,1.895277,True,2
0,182,regular_holdout,17389,16463,17183,720,4,5000,static,37,37,-1554.0226022182148,2.162541,1.800463,3.337728,2.028097,1.499738,3.00206,,12.197793,True,1
0,182,regular_holdout,17389,16463,17183,720,4,5000,temporal,6,6,-1554.0226022182148,1.569454,1.26269,2.46624,3.287652,2.588014,4.1064,,12.197793,True,2
0,183,regular_holdout,20866,20365,20545,180,2,200,temporal,3,3,55.52176261792965,1.858882,1.546739,2.633954,2.348672,2.001237,3.119087,,1.630667,True,1
0,183,regular_holdout,20866,20365,20545,180,2,200,static,8,8,55.52176261792965,1.623305,1.300036,2.309143,3.037534,2.019003,4.088033,,1.630667,True,2
0,184,regular_holdout,21288,20618,20978,360,6,200,static,27,27,-1430.7160457135838,2.757261,2.23457,3.378841,2.736719,2.116752,3.797643,,1.596826,True,1
0,184,regular_holdout,21288,20618,20978,360,6,200,temporal,4,4,-1430.7160457135838,2.698011,2.09547,3.409446,4.663103,3.971326,5.602093,,1.596826,True,2
0,185,regular_holdout,17394,17007,17367,360,4,200,temporal,2,2,-85.30372614855673,1.910429,1.522383,2.509925,1.908557,1.509303,2.66433,,1.576444,True,1
0,185,regular_holdout,17394,17007,17367,360,4,200,static,17,17,-85.30372614855673,1.088316,0.863336,1.707883,1.654732,1.336541,2.592871,,1.576444,True,2
0,186,regular_holdout,25452,23818,25258,1440,4,5000,static,73,73,-222.1427361781857,1.34241,0.976527,2.131854,2.270794,1.589254,3.045626,,1.02463,True,1
0,186,regular_holdout,25452,23818,25258,1440,4,5000,temporal,11,11,-222.1427361781857,1.144841,0.840141,2.181259,2.31424,1.687502,3.077495,,1.02463,True,2
0,187,regular_holdout,16550,15932,16292,360,4,200,temporal,5,5,517.7007837374381,1.276141,1.0513,1.850509,1.764148,1.389762,2.494372,,1.865682,True,1
0,187,regular_holdout,16550,15932,16292,360,4,200,static,22,22,517.7007837374381,1.422601,1.169479,2.238836,1.919583,1.48794,2.850862,,1.865682,True,2
0,188,regular_holdout,18846,18383,18743,360,4,1000,static,17,17,-260.7124969824564,1.670116,1.383032,2.487642,1.9374,1.409302,2.696899,,2.314751,True,1
0,188,regular_holdout,18846,18383,18743,360,4,1000,temporal,3,3,-260.7124969824564,1.361699,1.144862,2.99575,3.305679,2.83605,6.704109,,2.314751,True,2
0,189,regular_holdout,19814,19445,19625,180,8,200,temporal,8,8,-1409.652096664349,1.94384,1.644838,2.603628,2.45315,1.979694,3.179418,,1.577607,True,1
0,189,regular_holdout,19814,19445,19625,180,8,200,static,27,27,-1409.652096664349,1.551136,1.27629,2.562686,1.993575,1.632158,2.754435,,1.577607,True,2
0,190,regular_holdout,26112,24600,26040,1440,6,1000,static,112,112,-82.03378463502165,2.00351,1.536043,2.762849,2.495694,1.665208,3.24037,,1.511125,True,1
0,190,regular_holdout,26112,24600,26040,1440,6,1000,temporal,17,17,-82.03378463502153,1.322681,0.97849,1.955998,15.763411,14.833113,16.817364,,1.511125,True,2
0,191,regular_holdout,21193,20923,21103,180,4,1000,temporal,6,6,-665.6929022607982,1.353447,1.082387,1.999635,1.699821,1.381849,2.55232,,2.410786,True,1
0,191,regular_holdout,21193,20923,21103,180,4,1000,static,13,13,-665.6929022607982,1.118933,0.883186,1.975237,1.484995,1.20962,2.308271,,2.410786,True,2
0,192,regular_holdout,18252,17803,17983,180,4,200,static,9,9,429.9880603277931,1.096459,0.873912,2.291045,1.473929,1.208688,2.201159,,1.253706,True,1
0,192,regular_holdout,18252,17803,17983,180,4,200,temporal,2,2,429.9880603277931,0.972892,0.764937,2.144869,1.588502,1.290251,2.551128,,1.253706,True,2
0,193,regular_holdout,27179,26777,27137,360,4,1000,temporal,6,6,1216.18270775301,1.166394,0.889835,1.865962,1.622444,1.293246,2.460101,,1.12348,True,1
0,193,regular_holdout,27179,26777,27137,360,4,1000,static,21,21,1216.18270775301,1.02453,0.80045,1.628502,1.54711,1.195939,2.333991,,1.12348,True,2
0,194,regular_holdout,19803,19518,19578,60,8,5000,static,13,13,-487.3174219060925,1.460208,1.235498,2.126155,2.103592,1.822406,2.927297,,4.074011,True,1
0,194,regular_holdout,19803,19518,19578,60,8,5000,temporal,5,5,-487.3174219060925,0.974223,0.767702,1.601923,1.749275,1.490955,2.581965,,4.074011,True,2
0,195,regular_holdout,18044,17916,17976,60,2,5000,temporal,1,1,38.745078226720096,1.56009,1.349881,2.275331,2.111353,1.877409,2.953622,,2.277855,True,1
0,195,regular_holdout,18044,17916,17976,60,2,5000,static,3,3,38.745078226720096,1.157621,0.931098,1.840464,1.535843,1.230961,2.280804,,2.277855,True,2
0,196,regular_holdout,23768,23577,23757,180,2,200,static,5,5,-316.6289264108975,1.2495,1.004189,1.890124,1.557536,1.252584,2.44638,,2.193026,True,1
0,196,regular_holdout,23768,23577,23757,180,2,200,temporal,1,1,-316.6289264108975,1.029538,0.831268,1.678709,1.435481,1.154106,2.163973,,2.193026,True,2
0,197,regular_holdout,27828,26202,27642,1440,2,200,temporal,6,6,-163.72996440485207,2.039555,1.62057,2.955911,2.657879,2.055548,3.707187,,3.592223,True,1
0,197,regular_holdout,27828,26202,27642,1440,2,200,static,34,34,-163.72996440485207,1.740743,1.331494,3.152347,2.495305,1.757498,3.611632,,3.592223,True,2
0,198,regular_holdout,23483,23192,23252,60,8,1000,static,11,11,193.70944950033865,1.672259,1.379697,2.540361,2.375613,1.973364,3.472632,,1.966704,True,1
0,198,regular_holdout,23483,23192,23252,60,8,1000,temporal,5,5,193.70944950033865,1.186384,0.897508,2.10286,2.323504,1.954426,3.48452,,1.966704,True,2
0,199,regular_holdout,19112,17382,18822,1440,2,1000,temporal,4,4,48.95565336695726,1.492858,1.001645,2.288601,2.203192,1.69956,3.198468,,1.601422,True,1
0,199,regular_holdout,19112,17382,18822,1440,2,1000,static,39,39,48.95565336695726,1.1642,0.780791,2.044397,1.806302,1.239074,2.522796,,1.601422,True,2
0,200,regular_holdout,18148,17799,17859,60,4,200,static,4,4,156.85915958172876,1.217902,0.990638,1.856718,1.449592,1.218993,2.192616,,1.443743,True,1
0,200,regular_holdout,18148,17799,17859,60,4,200,temporal,2,2,156.85915958172876,1.054375,0.867522,1.667311,2.373169,1.192233,3.077535,,1.443743,True,2
0,201,regular_holdout,17766,17625,17685,60,6,200,temporal,3,3,415.9889514767242,1.329992,1.022377,2.043881,2.252446,1.897349,2.968455,,1.194467,True,1
0,201,regular_holdout,17766,17625,17685,60,6,200,static,8,8,415.9889514767242,1.346327,1.12426,2.008979,2.104843,1.727162,3.164646,,1.194467,True,2
0,202,regular_holdout,23215,22766,22946,180,4,200,static,8,8,535.6929062603957,1.323702,1.07782,2.043862,1.666921,1.341549,2.475945,,2.246237,True,1
0,202,regular_holdout,23215,22766,22946,180,4,200,temporal,2,2,535.6929062603957,0.979321,0.788232,1.770738,2.035949,1.672189,2.795908,,2.246237,True,2
0,203,regular_holdout,17312,16367,17087,720,2,1000,temporal,3,3,-497.7053107442754,1.959373,1.614422,2.622376,2.379449,1.680041,3.172799,,1.682865,True,1
0,203,regular_holdout,17312,16367,17087,720,2,1000,static,20,20,-497.7053107442754,1.124371,0.913361,1.780393,1.448651,1.122137,2.160778,,1.682865,True,2
0,204,regular_holdout,16441,16020,16200,180,4,200,static,9,9,402.7698334615672,1.561913,1.279154,2.350546,2.07641,1.530515,2.857061,,6.753804,True,1
0,204,regular_holdout,16441,16020,16200,180,4,200,temporal,2,2,402.7698334615672,1.493258,1.295238,2.297164,1.891291,1.478756,2.589055,,6.753804,True,2
0,205,regular_holdout,20040,18501,19941,1440,4,200,temporal,11,11,-106.33396589324164,1.963149,0.96593,2.701586,2.116902,1.45441,2.877512,,1.32923,True,1
0,205,regular_holdout,20040,18501,19941,1440,4,200,static,73,73,-106.33396589324164,1.20327,0.941985,2.137022,6.196682,5.472467,7.018084,,1.32923,True,2
0,206,regular_holdout,16111,15850,16030,180,2,1000,static,8,8,-151.8297491782284,1.457514,1.214957,2.052515,2.10246,1.60642,2.865113,,2.411998,True,1
0,206,regular_holdout,16111,15850,16030,180,2,1000,temporal,3,3,-151.8297491782284,1.019532,0.835584,1.619069,1.588322,1.295088,2.236723,,2.411998,True,2
0,207,regular_holdout,21535,19932,21372,1440,4,1000,temporal,11,11,-13.767593177751223,2.19493,1.623025,2.793285,2.293098,1.562643,3.04869,,1.679329,True,1
0,207,regular_holdout,21535,19932,21372,1440,4,1000,static,75,75,-13.767593177751223,1.4879,1.171321,2.092344,3.169713,2.125224,5.021004,,1.679329,True,2
0,208,regular_holdout,28322,26663,28103,1440,2,1000,static,41,41,-94.31023882359978,2.329683,1.895517,3.155332,2.939065,2.018603,3.981391,,0.794572,True,1
0,208,regular_holdout,28322,26663,28103,1440,2,1000,temporal,6,6,-94.31023882359978,1.787123,1.446958,2.62501,2.716097,1.889738,3.723471,,0.794572,True,2
0,209,regular_holdout,26350,24679,26119,1440,2,1000,temporal,6,6,-37.41323160695914,1.887495,1.533879,2.703048,2.649037,1.764819,3.684603,,1.876097,True,1
0,209,regular_holdout,26350,24679,26119,1440,2,1000,static,34,34,-37.41323160695914,1.85773,1.276971,2.682588,2.508173,1.822045,3.608958,,1.876097,True,2
0,210,regular_holdout,16897,16747,16807,60,2,200,static,4,4,-77.03043498335282,1.607531,1.364974,2.358006,2.108138,1.810398,3.12073,,1.386487,True,1
0,210,regular_holdout,16897,16747,16807,60,2,200,temporal,2,2,-77.03043498335282,1.551687,1.278864,2.395272,2.097382,1.757819,3.179118,,1.386487,True,2
0,211,regular_holdout,18823,18355,18535,180,2,1000,temporal,1,1,-242.7896778249574,1.974907,1.63994,2.814417,3.892738,2.0759,4.983177,,1.839262,True,1
0,211,regular_holdout,18823,18355,18535,180,2,1000,static,5,5,-242.7896778249574,1.711578,1.348469,2.496065,2.541263,1.989749,3.550069,,1.839262,True,2
0,212,regular_holdout,19031,18540,18720,180,2,5000,static,5,5,57.41815273581958,2.573572,2.181409,3.55117,2.945695,2.193818,4.063826,,15.360551,True,1
0,212,regular_holdout,19031,18540,18720,180,2,5000,temporal,1,1,57.41815273581958,1.481961,1.189149,2.339188,2.344676,1.977491,3.386942,,15.360551,True,2
0,213,regular_holdout,18022,17956,18016,60,4,5000,temporal,2,2,75.65553489270391,1.853694,1.562092,2.729478,2.480352,2.081548,3.514495,,2.582135,True,1
0,213,regular_holdout,18022,17956,18016,60,4,5000,static,5,5,75.65553489270391,1.512247,1.230071,2.426159,1.797949,1.548593,2.932285,,2.582135,True,2
0,214,regular_holdout,25759,24056,25496,1440,2,1000,static,40,40,100.21451404515808,1.550656,1.049648,2.379148,2.763039,2.06303,3.8552,,3.603109,True,1
0,214,regular_holdout,25759,24056,25496,1440,2,1000,temporal,5,5,100.21451404515808,1.644737,1.121066,2.503386,1.980015,1.437454,2.914789,,3.603109,True,2
0,215,regular_holdout,17342,16452,17172,720,2,200,temporal,3,3,-665.8748002661976,1.815866,1.523764,2.772814,1.981026,1.596354,2.938594,,1.589504,True,1
0,215,regular_holdout,17342,16452,17172,720,2,200,static,17,17,-665.8748002661976,1.292535,0.964839,2.229442,1.675955,1.31538,2.599592,,1.589504,True,2
0,216,regular_holdout,22768,22470,22650,180,4,1000,static,12,12,-134.2300334958438,1.649735,1.345475,2.524388,1.658578,1.330332,2.698591,,1.207546,True,1
0,216,regular_holdout,22768,22470,22650,180,4,1000,temporal,5,5,-134.2300334958438,1.285404,0.967493,2.145134,1.960265,1.475271,2.946717,,1.207546,True,2
0,217,regular_holdout,17051,16468,16828,360,2,1000,temporal,3,3,-93.25309244717172,1.325985,1.092342,2.100607,2.503536,2.066005,16.640447,,1.043758,True,1
0,217,regular_holdout,17051,16468,16828,360,2,1000,static,10,10,-93.25309244717172,1.15078,0.937237,1.890189,1.823788,1.416132,2.53925,,1.043758,True,2
0,218,regular_holdout,25991,25503,25863,360,2,1000,static,9,9,637.8089143193826,1.334528,1.073654,1.931912,1.697027,1.357243,2.399098,,1.800473,True,1
0,218,regular_holdout,25991,25503,25863,360,2,1000,temporal,1,1,637.8089143193826,1.27638,1.00531,1.878581,1.895336,1.413989,2.577027,,1.800473,True,2
0,219,regular_holdout,22409,22176,22356,180,4,200,temporal,2,2,-752.489109138324,1.919212,1.525246,2.719112,2.207849,1.602083,3.037394,,2.095689,True,1
0,219,regular_holdout,22409,22176,22356,180,4,200,static,7,7,-752.489109138324,1.533309,1.048166,2.18199,2.093276,1.584536,2.834947,,2.095689,True,2
0,220,regular_holdout,16033,15209,15929,720,4,200,static,39,39,-1617.000910856751,1.366526,1.100514,1.954887,1.927115,1.469242,2.712843,,1.59398,True,1
0,220,regular_holdout,16033,15209,15929,720,4,200,temporal,6,6,-1617.000910856751,1.181678,0.977068,1.782266,2.084754,1.539328,2.752554,,1.59398,True,2
0,221,regular_holdout,21424,20956,21316,360,6,1000,temporal,9,9,-1179.2679615519644,1.655714,1.352546,2.372789,2.371987,1.912663,3.21346,,1.608332,True,1
0,221,regular_holdout,21424,20956,21316,360,6,1000,static,36,36,-1179.2679615519644,1.263191,0.993984,1.91762,2.13594,1.591697,2.880536,,1.608332,True,2
0,222,regular_holdout,25419,25093,25153,60,2,1000,static,3,3,-70.14409562877375,1.846893,1.565578,2.650939,2.141829,1.854965,2.98208,,2.67106,True,1
0,222,regular_holdout,25419,25093,25153,60,2,1000,temporal,1,1,-70.14409562877375,1.199674,0.978479,1.84486,1.774975,1.51368,24.896083,,2.67106,True,2
0,223,regular_holdout,25327,24628,24988,360,2,1000,temporal,1,1,-256.2354375714639,2.128539,1.76507,3.010142,2.614454,1.895207,3.655629,,2.367921,True,1
0,223,regular_holdout,25327,24628,24988,360,2,1000,static,9,9,-256.2354375714639,1.212364,0.97213,2.072685,2.059755,1.483023,3.059777,,2.367921,True,2
0,224,regular_holdout,26707,26449,26629,180,4,1000,static,11,11,-458.25743345491526,2.014627,1.623335,2.839103,2.835429,2.042129,3.869743,,1.713311,True,1
0,224,regular_holdout,26707,26449,26629,180,4,1000,temporal,2,2,-458.25743345491526,1.973414,1.570676,2.902399,1.875046,1.495432,2.95551,,1.713311,True,2
0,225,regular_holdout,22467,22140,22200,60,8,200,temporal,4,4,-343.1512035651211,2.208861,1.801855,3.134411,2.55218,2.096791,3.803322,,1.9373,True,1
0,225,regular_holdout,22467,22140,22200,60,8,200,static,10,10,-343.1512035651211,1.73273,1.419998,2.627534,1.821384,1.537115,2.835208,,1.9373,True,2
0,226,regular_holdout,26262,25478,26198,720,6,200,static,59,59,1429.422988113205,2.422755,1.955538,3.466924,2.30805,1.62011,3.337618,,2.912735,True,1
0,226,regular_holdout,26262,25478,26198,720,6,200,temporal,10,10,1429.422988113205,1.810248,1.399176,2.775458,2.821457,2.145354,3.925857,,2.912735,True,2
0,227,regular_holdout,28236,28023,28083,60,4,1000,temporal,2,2,6.01960612423332,1.810153,1.168968,2.648075,21.651726,20.975653,22.912623,,1.998913,True,1
0,227,regular_holdout,28236,28023,28083,60,4,1000,static,4,4,6.01960612423332,2.42673,1.934305,3.558813,1.903468,1.565387,3.046357,,1.998913,True,2
0,228,regular_holdout,19310,18814,19174,360,4,200,static,23,23,1211.543701106597,1.854505,1.455461,2.699663,2.050552,1.464765,3.023883,,1.852932,True,1
0,228,regular_holdout,19310,18814,19174,360,4,200,temporal,7,7,1211.543701106597,1.138922,0.918589,2.037752,1.866002,1.505437,2.863671,,1.852932,True,2
0,229,regular_holdout,19815,19375,19735,360,4,1000,temporal,6,6,-1239.7528418529566,1.534631,1.244082,2.443144,2.10916,1.565558,3.032206,,2.439449,True,1
0,229,regular_holdout,19815,19375,19735,360,4,1000,static,22,22,-1239.7528418529566,1.198633,0.982656,1.994827,1.946363,1.405996,2.990723,,2.439449,True,2
0,230,regular_holdout,17787,17267,17627,360,6,1000,static,35,35,1346.7260041670404,1.464785,1.19014,2.192926,1.969248,1.486318,2.731381,,2.048157,True,1
0,230,regular_holdout,17787,17267,17627,360,6,1000,temporal,9,9,1346.7260041670404,1.102708,0.928764,1.90426,1.9175,1.439918,2.668146,,2.048157,True,2
0,231,regular_holdout,16677,16174,16354,180,4,5000,temporal,2,2,627.2442769327456,1.377803,1.12429,1.998272,1.991522,1.498807,2.764321,,1.261348,True,1
0,231,regular_holdout,16677,16174,16354,180,4,5000,static,12,12,627.2442769327456,1.112473,0.915444,1.794254,2.042379,1.538997,2.801027,,1.261348,True,2
0,232,regular_holdout,23151,22157,22877,720,2,1000,static,21,21,-97.75991458800245,1.42856,1.138892,2.025834,1.790438,1.325094,2.447751,,2.32772,True,1
0,232,regular_holdout,23151,22157,22877,720,2,1000,temporal,3,3,-97.75991458800245,1.357993,1.114726,1.956599,2.211264,1.56732,2.93537,,2.32772,True,2
0,233,regular_holdout,22326,20679,22119,1440,6,5000,temporal,16,16,-433.040354328296,1.654963,1.126784,2.232837,3.299189,2.495023,4.13897,,2.036219,True,1
0,233,regular_holdout,22326,20679,22119,1440,6,5000,static,106,106,-433.040354328296,1.443874,1.046102,2.135459,2.675907,1.680331,3.526022,,2.036219,True,2
0,234,regular_holdout,23993,23924,23984,60,8,200,static,14,14,16.010922253035776,1.510424,1.219264,2.263563,3.316736,1.499738,4.322607,,0.632156,True,1
0,234,regular_holdout,23993,23924,23984,60,8,200,temporal,6,6,16.010922253035776,1.807303,1.52107,2.560663,2.344896,1.77889,3.188112,,0.632156,True,2
0,235,regular_holdout,23051,22412,22772,360,4,1000,temporal,6,6,253.42289287046955,2.696959,2.269252,3.552823,2.484848,1.676506,3.290115,,3.977426,True,1
0,235,regular_holdout,23051,22412,22772,360,4,1000,static,23,23,253.42289287046955,1.299545,1.072272,2.22138,2.678241,2.033296,3.558012,,3.977426,True,2
0,236,regular_holdout,27194,26517,26877,360,2,200,static,9,9,470.28303706398447,1.374289,1.071019,2.266127,2.045303,1.566319,2.77712,,1.099924,True,1
0,236,regular_holdout,27194,26517,26877,360,2,200,temporal,1,1,470.28303706398447,1.254867,0.999552,1.882828,2.319548,1.706701,3.058546,,1.099924,True,2
0,237,regular_holdout,23778,23243,23423,180,2,200,temporal,4,4,-193.4144613481365,1.42789,1.040163,2.002709,1.958832,1.45457,2.662006,,1.346576,True,1
0,237,regular_holdout,23778,23243,23423,180,2,200,static,8,8,-193.4144613481365,2.032784,1.729856,2.665912,2.263884,1.736736,3.030222,,1.346576,True,2
0,238,regular_holdout,18582,16823,18263,1440,6,1000,static,115,115,-535.6182999248343,2.524779,1.951622,3.125598,2.875749,2.058974,3.613775,,0.983618,True,1
0,238,regular_holdout,18582,16823,18263,1440,6,1000,temporal,16,16,-535.6182999248343,1.737277,1.15009,2.39361,2.237164,1.568102,2.993097,,0.983618,True,2
0,239,regular_holdout,24457,23833,24193,360,4,5000,temporal,6,6,193.98287572424107,3.342826,2.760856,4.081423,2.530678,1.863068,3.327002,,2.335663,True,1
0,239,regular_holdout,24457,23833,24193,360,4,5000,static,23,23,193.98287572424107,1.710897,1.367428,2.399289,2.33467,1.712259,3.092316,,2.335663,True,2
0,240,regular_holdout,17115,15348,16788,1440,2,200,static,40,40,-11.933110663564207,2.207829,1.743036,2.813665,2.781276,1.985994,3.52752,,0.649222,True,1
0,240,regular_holdout,17115,15348,16788,1440,2,200,temporal,5,5,-11.93311066356572,1.737077,1.37569,2.491017,2.75109,2.004261,3.466092,,0.649222,True,2
0,241,regular_holdout,20655,20275,20455,180,6,200,temporal,6,6,1100.007632508425,1.736556,1.413117,2.579802,2.017342,1.612369,3.060539,,1.769265,True,1
0,241,regular_holdout,20655,20275,20455,180,6,200,static,19,19,1100.007632508425,1.128316,0.914713,1.971822,2.436855,1.977751,3.462982,,1.769265,True,2
0,242,regular_holdout,20369,19926,20286,360,2,1000,static,12,12,147.30709347371513,1.547831,1.262128,2.338547,1.917029,1.377394,2.675216,,2.330495,True,1
0,242,regular_holdout,20369,19926,20286,360,2,1000,temporal,3,3,147.30709347371513,1.072372,0.85282,2.032704,2.315111,1.949037,3.102843,,2.330495,True,2
0,243,regular_holdout,24557,24096,24276,180,4,200,temporal,2,2,467.9667850382789,2.455073,1.502693,3.261713,2.387931,1.870489,3.288624,,2.286809,True,1
0,243,regular_holdout,24557,24096,24276,180,4,200,static,8,8,467.9667850382789,1.407128,1.074295,2.099405,2.121739,1.535482,2.90275,,2.286809,True,2
0,244,regular_holdout,20228,19311,20031,720,2,200,static,20,20,-876.2139506642078,2.707866,2.223152,3.378269,2.151024,1.642654,2.913927,,1.09743,True,1
0,244,regular_holdout,20228,19311,20031,720,2,200,temporal,3,3,-876.2139506642078,1.180906,0.986672,1.829877,1.748935,1.297713,2.447041,,1.09743,True,2
0,245,regular_holdout,25140,24751,25111,360,8,1000,temporal,6,6,-2410.9191110093984,1.668493,1.256901,2.294009,2.371736,1.640391,3.394975,,1.121876,True,1
0,245,regular_holdout,25140,24751,25111,360,8,1000,static,37,37,-2410.9191110093984,1.434169,1.145303,2.209231,2.088378,1.613169,2.813415,,1.121876,True,2
0,246,regular_holdout,24465,24207,24387,180,4,200,static,9,9,666.0363839025974,2.853035,2.114158,3.817724,2.357105,1.83844,3.386501,,0.940593,True,1
0,246,regular_holdout,24465,24207,24387,180,4,200,temporal,2,2,666.0363839025974,1.498907,1.221688,2.466881,2.389333,1.802175,3.450849,,0.940593,True,2
0,247,regular_holdout,23640,22049,23489,1440,2,1000,temporal,7,7,15.853368332065711,2.424207,1.688624,3.302675,3.158056,1.949278,4.205274,,1.906313,True,1
0,247,regular_holdout,23640,22049,23489,1440,2,1000,static,41,41,15.853368332065711,1.284693,0.994013,2.107798,2.478709,1.835236,3.388845,,1.906313,True,2
0,248,regular_holdout,24372,23350,24070,720,2,200,static,22,22,-850.2304609726788,1.530304,1.271843,2.168871,2.579441,2.139906,3.496338,,1.463303,True,1
0,248,regular_holdout,24372,23350,24070,720,2,200,temporal,4,4,-850.2304609726788,1.131481,0.926962,1.847294,2.006284,1.350853,2.750961,,1.463303,True,2
0,249,regular_holdout,24461,24055,24415,360,2,200,temporal,1,1,451.2208669991674,1.501741,1.183299,2.111834,1.653741,1.352185,2.317445,,1.788025,True,1
0,249,regular_holdout,24461,24055,24415,360,2,200,static,10,10,451.2208669991674,1.271253,1.07817,1.990911,1.518947,1.227997,2.726554,,1.788025,True,2
0,250,regular_holdout,25221,24905,24965,60,8,5000,static,8,8,-483.3778029469833,1.680532,1.247847,2.629967,2.683909,2.19504,3.499002,,1.245674,True,1
0,250,regular_holdout,25221,24905,24965,60,8,5000,temporal,4,4,-483.3778029469833,1.616354,1.335009,2.498599,2.144494,1.782756,3.320381,,1.245674,True,2
0,251,regular_holdout,18140,16461,17901,1440,2,200,temporal,6,6,109.91474590008634,2.19496,1.350102,3.068251,3.682198,2.739503,4.763294,,1.837459,True,1
0,251,regular_holdout,18140,16461,17901,1440,2,200,static,42,42,109.91474590008634,1.936609,1.561702,2.897803,2.629076,1.892412,3.559764,,1.837459,True,2
0,252,regular_holdout,27353,26929,27289,360,2,1000,static,11,11,615.2674420203141,1.828826,1.513359,2.674365,2.209952,1.701574,2.978064,,0.924449,True,1
0,252,regular_holdout,27353,26929,27289,360,2,1000,temporal,2,2,615.2674420203141,1.072331,0.867572,1.695544,1.616255,1.313727,2.355763,,0.924449,True,2
0,253,regular_holdout,22590,22086,22266,180,2,200,temporal,1,1,-157.04087719817227,1.237842,1.032352,1.939363,1.750998,1.358745,2.537788,,1.675704,True,1
0,253,regular_holdout,22590,22086,22266,180,2,200,static,5,5,-157.04087719817227,1.503774,1.211392,2.356454,1.804009,1.254717,2.527553,,1.675704,True,2
0,254,regular_holdout,24167,23472,23832,360,4,1000,static,17,17,-1286.6085640388585,2.014918,1.643515,2.758021,2.184424,1.744128,3.164086,,2.419599,True,1
0,254,regular_holdout,24167,23472,23832,360,4,1000,temporal,2,2,-1286.6085640388585,1.212994,0.968465,1.886413,1.980265,1.637336,2.696058,,2.419599,True,2
0,255,regular_holdout,21397,19665,21105,1440,4,200,temporal,11,11,-343.7033286659873,1.67317,1.316892,2.65812,2.193918,1.63987,3.076333,,2.295331,True,1
0,255,regular_holdout,21397,19665,21105,1440,4,200,static,75,75,-343.7033286659873,1.301569,1.026623,1.984341,2.437045,1.501441,3.307973,,2.295331,True,2
0,256,regular_holdout,21482,19831,21271,1440,4,1000,static,73,73,-358.5869695417072,1.662775,1.30316,2.667704,3.215694,2.232237,4.361346,,2.66512,True,1
0,256,regular_holdout,21482,19831,21271,1440,4,1000,temporal,11,11,-358.5869695417072,1.861415,1.296541,2.518158,2.733003,1.874685,3.628337,,2.66512,True,2
0,257,regular_holdout,20014,19589,19949,360,8,5000,temporal,8,8,-1773.4417946549984,1.514241,1.260897,2.386349,1.940926,1.539769,2.73092,,2.642677,True,1
0,257,regular_holdout,20014,19589,19949,360,8,5000,static,37,37,-1773.4417946549984,1.542393,1.322089,5.863908,1.958763,1.526719,2.735236,,2.642677,True,2
0,258,regular_holdout,23625,22906,23266,360,6,200,static,32,32,1213.6088829931505,1.833663,1.550865,2.423155,1.682915,1.334118,2.391547,,2.663488,True,1
0,258,regular_holdout,23625,22906,23266,360,6,200,temporal,9,9,1213.6088829931505,1.164762,0.971018,1.763376,2.444467,1.88406,3.373682,,2.663488,True,2
0,259,regular_holdout,19056,18049,18769,720,6,1000,temporal,10,10,-2193.6484411846227,1.67307,1.414139,2.332448,1.649444,1.250201,2.355733,,1.676505,True,1
0,259,regular_holdout,19056,18049,18769,720,6,1000,static,62,62,-2193.6484411846227,1.174867,0.963347,1.764288,2.516276,1.925031,3.274712,,1.676505,True,2
0,260,regular_holdout,25415,25157,25337,180,2,5000,static,6,6,-209.61388788136173,1.952413,1.602474,2.617539,1.894455,1.596315,2.642817,,2.10938,True,1
0,260,regular_holdout,25415,25157,25337,180,2,5000,temporal,3,3,-209.61388788136173,1.731348,1.463774,2.35422,2.61161,2.021898,3.346351,,2.10938,True,2
0,261,regular_holdout,23732,23555,23615,60,4,1000,temporal,2,2,-219.7084370149443,1.383222,1.133133,1.978863,1.768655,1.496083,2.60493,,1.705759,True,1
0,261,regular_holdout,23732,23555,23615,60,4,1000,static,6,6,-219.7084370149443,1.239254,1.03103,1.839252,1.72612,1.459618,2.404958,,1.705759,True,2
0,262,regular_holdout,25563,23805,25245,1440,2,1000,static,41,41,-4.5333391796662,1.674282,1.268939,2.451969,2.438688,1.530995,3.159939,,1.630656,True,1
0,262,regular_holdout,25563,23805,25245,1440,2,1000,temporal,5,5,-4.5333391796662,1.208357,0.913862,1.858932,2.500041,1.734774,3.222755,,1.630656,True,2
0,263,regular_holdout,24811,23137,24577,1440,4,200,temporal,10,10,175.68896779185548,1.477235,1.100955,2.094588,2.645661,1.829988,3.627797,,2.206607,True,1
0,263,regular_holdout,24811,23137,24577,1440,4,200,static,73,73,175.68896779185548,2.287649,1.730387,18.09726,4.066731,2.839695,5.103559,,2.206607,True,2
0,264,regular_holdout,23352,22952,23312,360,6,200,static,32,32,1541.0473420777416,1.422752,1.167696,2.147869,1.840864,1.436994,2.570819,,2.426249,True,1
0,264,regular_holdout,23352,22952,23312,360,6,200,temporal,9,9,1541.0473420777416,1.130921,0.904578,1.706821,1.880674,1.515222,3.228242,,2.426249,True,2
0,265,regular_holdout,24981,24686,24866,180,4,1000,temporal,2,2,-187.7241243401649,1.358645,1.089087,2.110001,1.893674,1.383563,2.6578,,1.753482,True,1
0,265,regular_holdout,24981,24686,24866,180,4,1000,static,9,9,-187.7241243401649,1.321609,1.094555,1.951211,1.622974,1.308449,2.304065,,1.753482,True,2
0,266,regular_holdout,19662,19426,19606,180,8,200,static,23,23,-1133.1222679966866,1.391344,1.136118,1.989389,1.844289,1.464134,2.567533,,1.802516,True,1
0,266,regular_holdout,19662,19426,19606,180,8,200,temporal,10,10,-1133.1222679966866,1.668795,1.362762,2.361151,2.037011,1.692049,3.08732,,1.802516,True,2
0,267,regular_holdout,26107,25361,26081,720,4,200,temporal,7,7,1567.45156965323,1.255319,0.988345,1.81816,1.786282,1.383042,2.4461,,2.50646,True,1
0,267,regular_holdout,26107,25361,26081,720,4,200,static,38,38,1567.45156965323,1.089478,0.884298,1.848816,1.688734,1.321339,2.454983,,2.50646,True,2
0,268,regular_holdout,22221,20577,22017,1440,2,200,static,32,32,-58.21075100434467,1.092503,0.844627,1.660431,1.889909,1.48743,2.677679,,1.549333,True,1
0,268,regular_holdout,22221,20577,22017,1440,2,200,temporal,5,5,-58.21075100434467,1.4282,1.101907,2.12229,1.986124,1.560951,2.689227,,1.549333,True,2
0,269,regular_holdout,19407,19220,19400,180,4,1000,temporal,2,2,-183.0432511569564,21.179872,1.338004,21.918409,2.411156,1.994717,3.245077,,1.898592,True,1
0,269,regular_holdout,19407,19220,19400,180,4,1000,static,11,11,-183.0432511569564,1.404915,1.143099,2.007055,1.579319,1.206976,2.24784,,1.898592,True,2
0,270,regular_holdout,22355,21951,22131,180,8,1000,static,21,21,-279.7292027588727,1.234747,1.006192,1.840434,3.615398,3.210115,4.487446,,1.382611,True,1
0,270,regular_holdout,22355,21951,22131,180,8,1000,temporal,5,5,-279.7292027588727,1.749336,1.509193,3.679014,2.093075,1.610595,3.081711,,1.382611,True,2
0,271,regular_holdout,23814,23170,23530,360,6,1000,temporal,5,5,-252.5409419480519,1.245483,1.017108,1.849337,1.846072,1.466107,2.593803,,1.498317,True,1
0,271,regular_holdout,23814,23170,23530,360,6,1000,static,29,29,-252.5409419480519,1.057149,0.84617,1.674192,2.789709,2.150423,3.505532,,1.498317,True,2
0,272,regular_holdout,19202,18868,18928,60,4,200,static,6,6,235.38350649727892,1.770197,1.489162,2.3734,1.648232,1.413587,2.495254,,2.412108,True,1
0,272,regular_holdout,19202,18868,18928,60,4,200,temporal,2,2,235.38350649727892,1.328259,1.139343,2.072755,1.547911,1.325455,2.285777,,2.412108,True,2
0,273,regular_holdout,21163,20953,21133,180,6,1000,temporal,9,9,-1034.5941901213505,1.242849,1.014144,1.8515,2.527593,1.948538,3.33242,,1.500499,True,1
0,273,regular_holdout,21163,20953,21133,180,6,1000,static,23,23,-1034.5941901213505,1.384394,1.19696,2.107468,1.557445,1.230311,2.29474,,1.500499,True,2
0,274,regular_holdout,24693,23770,24490,720,4,200,static,37,37,634.1702903080106,1.31544,1.070468,1.914305,1.820394,1.399546,2.61816,,1.602083,True,1
0,274,regular_holdout,24693,23770,24490,720,4,200,temporal,6,6,634.1702903080106,1.367048,0.895785,1.938212,2.394752,2.006444,3.189834,,1.602083,True,2
0,275,regular_holdout,25235,24751,24931,180,6,1000,temporal,4,4,-765.295981039399,2.267429,1.928867,2.993707,2.650609,2.035038,3.414454,,21.162195,True,1
0,275,regular_holdout,25235,24751,24931,180,6,1000,static,14,14,-765.295981039399,1.065281,0.838468,1.65268,1.519257,1.217341,2.214029,,21.162195,True,2
0,276,regular_holdout,23755,23469,23649,180,4,200,static,8,8,-603.4882376048888,1.248188,1.000102,1.898431,2.632682,1.925502,3.354343,,2.037821,True,1
0,276,regular_holdout,23755,23469,23649,180,4,200,temporal,3,3,-603.4882376048888,1.39548,1.133254,2.179066,2.245686,1.733231,2.98874,,2.037821,True,2
0,277,regular_holdout,22741,22213,22393,180,4,1000,temporal,2,2,-724.1481238976967,1.146615,0.929385,1.700191,1.802707,1.510104,2.58516,,1.625208,True,1
0,277,regular_holdout,22741,22213,22393,180,4,1000,static,9,9,-724.1481238976967,0.948895,0.766309,1.532528,1.606209,1.305064,2.26098,,1.625208,True,2
0,278,regular_holdout,28108,27754,27814,60,2,200,static,1,1,-104.14833748585578,1.494941,1.202699,2.110602,1.656605,1.409402,2.354721,,1.284553,True,1
0,278,regular_holdout,28108,27754,27814,60,2,200,temporal,1,1,-104.14833748585578,1.135567,0.861223,1.748765,1.595222,1.310682,2.257274,,1.284553,True,2
0,279,regular_holdout,17904,17557,17617,60,8,200,temporal,4,4,486.0778624747831,1.559438,1.269019,2.202201,1.989508,1.669314,2.755628,,2.5589,True,1
0,279,regular_holdout,17904,17557,17617,60,8,200,static,9,9,486.0778624747831,1.164361,0.972971,1.845191,1.785981,1.50098,2.550187,,2.5589,True,2
0,280,regular_holdout,17086,16754,16934,180,4,5000,static,10,10,-653.8210751865746,1.304614,1.104491,1.89085,1.705269,1.393087,2.609006,,2.544479,True,1
0,280,regular_holdout,17086,16754,16934,180,4,5000,temporal,2,2,-653.8210751865746,2.664229,2.448924,3.329375,3.193209,2.867457,24.947711,,2.544479,True,2
0,281,regular_holdout,22090,21581,21761,180,4,1000,temporal,2,2,589.1114210247915,2.217203,1.885131,3.150665,1.950209,1.571096,3.010903,,2.430306,True,1
0,281,regular_holdout,22090,21581,21761,180,4,1000,static,12,12,589.1114210247915,1.436122,1.192304,2.379038,2.110127,1.827779,3.080669,,2.430306,True,2
0,282,regular_holdout,17888,16423,17863,1440,8,200,static,145,145,526.3766001510044,1.291283,1.010568,1.935607,1.941807,1.344473,2.815669,,1.512037,True,1
0,282,regular_holdout,17888,16423,17863,1440,8,200,temporal,20,20,526.3766001510044,1.393858,1.181767,2.018443,2.351096,1.768115,3.162984,,1.512037,True,2
0,283,regular_holdout,22951,21510,22950,1440,4,1000,temporal,10,10,406.6581328069548,1.422972,0.966742,2.028628,1.943018,1.41514,4.53584,,0.860231,True,1
0,283,regular_holdout,22951,21510,22950,1440,4,1000,static,73,73,406.6581328069548,1.352606,0.957558,1.972142,1.742185,1.286977,2.435533,,0.860231,True,2
0,284,regular_holdout,16499,16200,16380,180,2,5000,static,6,6,311.0192563472437,1.155848,0.969066,1.695374,1.751018,1.300857,2.416435,,1.468701,True,1
0,284,regular_holdout,16499,16200,16380,180,2,5000,temporal,1,1,311.0192563472437,0.989897,0.826971,1.649485,1.430794,1.1836,2.086586,,1.468701,True,2
0,285,regular_holdout,24838,23313,24753,1440,4,200,temporal,10,10,-215.6355553777729,1.625178,1.227286,3.618343,2.244304,1.708764,3.013648,,3.449527,True,1
0,285,regular_holdout,24838,23313,24753,1440,4,200,static,73,73,-215.6355553777729,1.567922,1.304383,2.263343,1.870649,1.403953,2.785753,,3.449527,True,2
0,286,regular_holdout,27170,25619,27059,1440,6,200,static,108,108,689.0171326232924,1.298444,1.030599,1.871761,21.45627,1.500499,22.437148,,1.370984,True,1
0,286,regular_holdout,27170,25619,27059,1440,6,200,temporal,15,15,689.0171326232924,2.293618,1.746311,3.454895,2.218496,1.640382,3.406803,,1.370984,True,2
0,287,regular_holdout,18934,18146,18866,720,6,1000,temporal,12,12,-1211.7991387669483,1.762435,1.491846,2.628776,2.257834,1.637847,3.290887,,1.766271,True,1
0,287,regular_holdout,18934,18146,18866,720,6,1000,static,61,61,-1211.7991387669483,1.360968,1.098361,2.23475,2.045964,1.586479,3.044905,,1.766271,True,2
0,288,regular_holdout,23602,21934,23374,1440,6,200,static,111,111,-251.33449649127147,2.007116,1.334919,2.848487,2.428903,1.778099,3.483198,,2.096951,True,1
0,288,regular_holdout,23602,21934,23374,1440,6,200,temporal,16,16,-251.33449649127147,1.260897,0.995496,2.131443,2.205326,1.475502,3.235103,,2.096951,True,2
0,289,regular_holdout,19849,19633,19693,60,8,1000,temporal,4,4,-481.31116870839867,1.819532,1.528091,2.709287,2.286628,1.663556,3.400222,,3.083463,True,1
0,289,regular_holdout,19849,19633,19693,60,8,1000,static,13,13,-481.31116870839867,1.603305,1.374048,2.467221,2.001357,1.717017,3.012976,,3.083463,True,2
0,290,regular_holdout,17699,16018,17458,1440,4,1000,static,74,74,231.58034259539272,1.702134,1.197861,2.55212,2.386759,1.6203,3.373732,,1.821926,True,1
0,290,regular_holdout,17699,16018,17458,1440,4,1000,temporal,10,10,231.58034259539272,1.391164,0.964329,2.220223,2.44658,1.645599,3.144866,,1.821926,True,2
0,291,regular_holdout,16412,16226,16286,60,8,200,temporal,4,4,403.6100306689989,1.77892,1.518607,21.70745,2.681766,2.201019,3.75508,,2.231865,True,1
0,291,regular_holdout,16412,16226,16286,60,8,200,static,8,8,403.6100306689989,1.45438,1.235368,2.413911,1.946423,1.619099,2.682127,,2.231865,True,2
0,292,regular_holdout,19272,19210,19270,60,8,5000,static,9,9,172.98392688362918,1.269931,1.053263,1.870038,2.006064,1.696326,2.689698,,1.639419,True,1
0,292,regular_holdout,19272,19210,19270,60,8,5000,temporal,4,4,172.98392688362918,1.220366,1.037769,1.812221,2.020366,1.488652,2.819605,,1.639419,True,2
0,293,regular_holdout,19378,19213,19273,60,4,200,temporal,2,2,111.48252872380056,1.898211,1.565528,2.519841,2.491969,2.080917,4.409649,,1.901375,True,1
0,293,regular_holdout,19378,19213,19273,60,4,200,static,4,4,111.48252872380056,1.31564,1.015035,1.958973,1.828485,1.513208,2.555725,,1.901375,True,2
0,294,regular_holdout,16236,15729,15909,180,2,200,static,5,5,-132.9202374124862,1.908727,1.629314,2.517838,2.398978,1.478226,3.617911,,2.852053,True,1
0,294,regular_holdout,16236,15729,15909,180,2,200,temporal,1,1,-132.9202374124862,1.310142,1.045952,1.950901,1.749636,1.439527,2.828027,,2.852053,True,2
0,295,regular_holdout,22860,22122,22842,720,4,1000,temporal,7,7,-1295.9634751570177,3.205708,2.744561,4.077197,2.368402,1.809727,3.297967,,2.61827,True,1
0,295,regular_holdout,22860,22122,22842,720,4,1000,static,39,39,-1295.9634751570177,2.290344,1.848356,3.154512,2.058814,1.570995,2.771261,,2.61827,True,2
0,296,regular_holdout,18061,17706,17766,60,2,5000,static,2,2,105.907045261393,1.954446,1.681042,2.678141,1.814064,1.566379,2.576547,,2.81705,True,1
0,296,regular_holdout,18061,17706,17766,60,2,5000,temporal,1,1,105.907045261393,1.347888,1.116539,2.012804,1.730577,1.462302,2.431737,,2.81705,True,2
0,297,regular_holdout,24045,23776,23836,60,6,200,temporal,4,4,-361.3700990923472,4.38026,3.82439,5.323321,3.149874,2.387851,4.124958,,3.42121,True,1
0,297,regular_holdout,24045,23776,23836,60,6,200,static,4,4,-361.3700990923472,1.41508,1.162659,2.199066,2.515505,2.060126,3.406673,,3.42121,True,2
0,298,regular_holdout,24941,23239,24679,1440,4,200,static,73,73,152.54057568817453,2.721235,2.126827,3.401384,2.829839,2.099094,3.634567,,2.316163,True,1
0,298,regular_holdout,24941,23239,24679,1440,4,200,temporal,10,10,152.54057568817453,2.037381,1.623516,3.783562,4.417641,3.171036,7.036823,,2.316163,True,2
0,299,regular_holdout,20345,18601,20041,1440,4,200,temporal,10,10,-144.45620998085818,2.716329,2.264905,3.432301,2.903392,2.021487,3.727728,,1.906874,True,1
0,299,regular_holdout,20345,18601,20041,1440,4,200,static,71,71,-144.45620998085818,1.868916,1.447739,2.55857,2.6446,1.821095,3.455826,,1.906874,True,2
0,300,regular_holdout,17961,17387,17747,360,4,200,static,24,24,1158.475455932604,1.991722,1.615103,2.746504,2.40715,1.830218,3.228984,,3.297767,True,1
0,300,regular_holdout,17961,17387,17747,360,4,200,temporal,6,6,1158.475455932604,2.38003,1.935086,3.272059,3.022411,2.409383,5.150509,,3.297767,True,2
0,301,regular_holdout,16380,16187,16367,180,6,200,temporal,3,3,960.997490434351,2.378377,2.023951,3.065436,3.442205,2.853105,4.241044,,3.910163,True,1
0,301,regular_holdout,16380,16187,16367,180,6,200,static,16,16,960.997490434351,1.618838,1.293376,2.412369,2.530007,2.065324,3.309446,,3.910163,True,2
0,302,regular_holdout,25759,24176,25616,1440,4,200,static,71,71,415.0475317109021,2.050972,1.629855,3.076092,6.114999,1.561592,7.399441,,1.390794,True,1
0,302,regular_holdout,25759,24176,25616,1440,4,200,temporal,10,10,415.0475317109066,2.513642,1.994897,3.628257,3.374613,2.444507,4.273022,,1.390794,True,2
0,303,regular_holdout,24148,23854,24034,180,4,1000,temporal,6,6,227.6716698452592,2.335132,1.984521,6.256417,2.167828,1.728654,3.110534,,1.400619,True,1
0,303,regular_holdout,24148,23854,24034,180,4,1000,static,15,15,227.6716698452592,1.498827,1.206755,2.197393,1.920835,1.564647,2.687124,,1.400619,True,2
0,304,regular_holdout,23784,23576,23756,180,2,1000,static,5,5,-316.02183073532547,1.528542,1.250891,2.461974,1.783888,1.420438,2.587854,,1.719871,True,1
0,304,regular_holdout,23784,23576,23756,180,2,1000,temporal,1,1,-316.02183073532547,1.382841,1.14388,2.251114,2.522314,2.12198,3.494955,,1.719871,True,2
0,305,regular_holdout,18310,18038,18218,180,4,5000,temporal,6,6,-467.4678115009247,2.249331,1.900264,3.170445,11.401994,5.847193,12.486445,,7.303536,True,1
0,305,regular_holdout,18310,18038,18218,180,4,5000,static,14,14,-467.4678115009247,3.215914,2.726473,4.353844,3.083874,2.212988,4.221975,,7.303536,True,2
0,306,regular_holdout,20391,19884,20064,180,2,200,static,5,5,-68.23170526293913,5.710421,5.392781,6.891682,2.721707,2.221951,3.562032,,2.096932,True,1
0,306,regular_holdout,20391,19884,20064,180,2,200,temporal,1,1,-68.23170526293913,1.666651,1.321939,2.443555,2.357906,1.810168,3.185628,,2.096932,True,2
0,307,regular_holdout,28387,28046,28106,60,4,1000,temporal,2,2,50.68633059209409,2.255982,1.836247,2.87628,2.862108,2.396595,3.622709,,0.803265,True,1
0,307,regular_holdout,28387,28046,28106,60,4,1000,static,5,5,50.68633059209409,1.603164,1.290231,2.27506,2.257794,1.80512,3.167787,,0.803265,True,2
0,308,regular_holdout,17095,16574,16754,180,4,1000,static,13,13,-209.46511351573417,2.023169,1.706811,2.781356,2.273098,1.719801,3.077515,,2.0432,True,1
0,308,regular_holdout,17095,16574,16754,180,4,1000,temporal,4,4,-209.46511351573417,1.156689,0.961574,1.763547,3.852596,3.116003,4.826078,,2.0432,True,2
0,309,regular_holdout,27597,26078,27518,1440,4,5000,temporal,12,12,-267.0472932822776,2.34736,1.889478,3.195743,2.48605,1.810428,3.318629,,3.053689,True,1
0,309,regular_holdout,27597,26078,27518,1440,4,5000,static,75,75,-267.0472932822777,1.489683,0.98533,2.123321,2.171654,1.427679,3.00851,,3.053689,True,2
0,310,regular_holdout,25186,24872,25052,180,2,1000,static,7,7,-381.0370969240604,1.49411,1.247347,2.199406,1.760843,1.398065,2.620623,,2.447131,True,1
0,310,regular_holdout,25186,24872,25052,180,2,1000,temporal,1,1,-381.0370969240604,0.920623,0.738918,1.690687,1.590015,1.160976,2.591379,,2.447131,True,2
0,311,regular_holdout,22457,22096,22276,180,4,5000,temporal,2,2,-633.0683933911885,1.253005,1.057239,17.737816,2.273658,1.701694,3.662308,,2.289342,True,1
0,311,regular_holdout,22457,22096,22276,180,4,5000,static,13,13,-633.0683933911885,2.201118,1.736477,3.290537,2.296394,1.720292,3.428435,,2.289342,True,2
0,312,regular_holdout,19224,19005,19065,60,6,1000,static,10,10,226.3894787637425,2.142731,1.789055,3.170826,2.526821,1.842907,3.699845,,2.468233,True,1
0,312,regular_holdout,19224,19005,19065,60,6,1000,temporal,3,3,226.3894787637425,1.446467,1.195278,2.435624,1.913444,1.603275,2.956532,,2.468233,True,2
0,313,regular_holdout,20390,19420,20140,720,4,1000,temporal,6,6,-1026.5485914130654,1.95046,1.622644,2.944193,2.333829,1.650115,3.590249,,1.881726,True,1
0,313,regular_holdout,20390,19420,20140,720,4,1000,static,38,38,-1026.5485914130654,1.856308,1.564356,2.881208,2.414182,1.781604,3.554375,,1.881726,True,2
0,314,regular_holdout,24359,22602,24042,1440,2,200,static,33,33,-3.9461058008278593,1.974145,1.511927,2.649216,3.258729,2.420471,4.116165,,2.428783,True,1
0,314,regular_holdout,24359,22602,24042,1440,2,200,temporal,5,5,-3.9461058008278593,1.280988,0.956216,2.008227,5.238713,4.540457,6.231624,,2.428783,True,2
0,315,regular_holdout,22958,22428,22608,180,6,5000,temporal,8,8,-520.2941099977952,1.979754,1.701664,2.833937,2.090862,1.649755,3.022451,,1.748745,True,1
0,315,regular_holdout,22958,22428,22608,180,6,5000,static,21,21,-520.2941099977952,1.185373,0.948654,1.877921,1.886102,1.518126,20.935723,,1.748745,True,2
0,316,regular_holdout,16544,16379,16439,60,4,1000,static,3,3,157.7766033340541,2.160939,1.747083,2.868349,1.994396,1.677477,2.837391,,2.052584,True,1
0,316,regular_holdout,16544,16379,16439,60,4,1000,temporal,2,2,157.7766033340541,1.175197,0.972982,1.877499,2.692211,2.281261,3.627326,,2.052584,True,2
0,317,regular_holdout,28661,28123,28483,360,6,200,temporal,9,9,1914.0178060264043,1.506689,1.131582,2.10907,1.962057,1.522983,2.839895,,0.598045,True,1
0,317,regular_holdout,28661,28123,28483,360,6,200,static,34,34,1914.0178060264043,2.196272,1.760702,2.88335,3.868471,3.011394,4.850175,,0.598045,True,2
0,318,regular_holdout,20607,20252,20312,60,6,200,static,13,13,344.73107145730086,1.373096,1.128457,2.271095,3.369686,2.802859,4.5429,,1.749487,True,1
0,318,regular_holdout,20607,20252,20312,60,6,200,temporal,8,8,344.73107145730086,1.568432,1.279956,2.530187,1.956639,1.602664,3.030153,,1.749487,True,2
0,319,regular_holdout,22636,22283,22463,180,6,5000,temporal,4,4,-823.1969612447365,1.581853,1.247897,2.467061,1.858641,1.497265,2.842829,,1.722936,True,1
0,319,regular_holdout,22636,22283,22463,180,6,5000,static,15,15,-823.1969612447365,1.172904,0.947814,4.690163,1.840263,1.515413,2.692172,,1.722936,True,2
0,320,regular_holdout,20955,20705,20885,180,6,200,static,17,17,-762.6962195308547,2.659152,2.160467,3.74918,3.551712,2.800896,24.993169,,5.559989,True,1
0,320,regular_holdout,20955,20705,20885,180,6,200,temporal,4,4,-762.6962195308547,1.901616,1.555282,2.871793,2.438939,1.996459,3.354854,,5.559989,True,2
0,321,regular_holdout,19202,19018,19198,180,2,200,temporal,1,1,309.0420831786768,2.439669,2.045673,3.2599,2.970522,2.207839,5.083057,,5.635383,True,1
0,321,regular_holdout,19202,19018,19198,180,2,200,static,4,4,309.0420831786768,2.678731,2.255672,4.020571,2.826765,2.203763,3.985547,,5.635383,True,2
0,322,regular_holdout,26760,26695,26755,60,2,1000,static,3,3,7.735679968041314,1.834915,1.518237,2.682386,2.127668,1.756576,3.11371,,2.152786,True,1
0,322,regular_holdout,26760,26695,26755,60,2,1000,temporal,2,2,7.735679968041314,1.791069,1.440989,2.649918,1.808725,1.406297,2.90278,,2.152786,True,2
0,323,regular_holdout,20276,19806,20166,360,2,1000,temporal,1,1,16.319714656572287,1.927836,1.593761,2.789149,2.328742,1.874675,3.699846,,1.565668,True,1
0,323,regular_holdout,20276,19806,20166,360,2,1000,static,8,8,16.319714656572287,1.19057,0.974834,1.968457,1.936199,1.436553,2.729267,,1.565668,True,2
0,324,regular_holdout,19238,19171,19231,60,2,200,static,3,3,69.3433327083831,1.816187,1.528141,2.589957,2.829189,2.342092,4.421227,,3.5311,True,1
0,324,regular_holdout,19238,19171,19231,60,2,200,temporal,1,1,69.3433327083831,2.357626,1.924049,21.989747,1.890619,1.591767,2.787486,,3.5311,True,2
0,325,regular_holdout,21020,20602,20782,180,2,5000,temporal,1,1,49.67827295840449,2.357856,1.966564,3.163995,2.61835,2.134398,3.531901,,4.922885,True,1
0,325,regular_holdout,21020,20602,20782,180,2,5000,static,5,5,49.67827295840449,1.202439,0.982987,2.039795,2.03606,1.536404,2.795418,,4.922885,True,2
0,326,regular_holdout,23345,22569,23289,720,6,1000,static,54,54,2366.6110350637805,1.85141,1.493579,2.521413,2.132174,1.499898,2.900237,,2.562575,True,1
0,326,regular_holdout,23345,22569,23289,720,6,1000,temporal,11,11,2366.6110350637805,1.207386,0.982336,1.845381,1.785591,1.324283,2.620694,,2.562575,True,2
0,327,regular_holdout,27438,26433,27153,720,8,200,temporal,13,13,2027.7718233395124,1.589184,1.158943,2.282562,2.424256,1.683746,3.148632,,1.828315,True,1
0,327,regular_holdout,27438,26433,27153,720,8,200,static,74,74,2027.7718233395124,1.176379,0.913712,1.849267,2.197083,1.598087,3.110214,,1.828315,True,2
0,328,regular_holdout,25647,25378,25438,60,4,200,static,4,4,66.89844147311317,1.354148,1.107876,1.965172,1.635033,1.373397,2.351576,,1.506068,True,1
0,328,regular_holdout,25647,25378,25438,60,4,200,temporal,2,2,66.89844147311317,1.073794,0.85968,1.650276,2.393329,2.04335,3.126718,,1.506068,True,2
0,329,regular_holdout,22922,22035,22755,720,4,200,temporal,6,6,-1110.7453838761407,2.359409,1.922237,3.121952,2.76396,2.123021,3.692595,,2.38639,True,1
0,329,regular_holdout,22922,22035,22755,720,4,200,static,38,38,-1110.7453838761407,1.103028,0.880672,1.786792,4.806239,2.222551,25.040511,,2.38639,True,2
0,330,regular_holdout,17484,15850,17290,1440,6,1000,static,114,114,-172.00762600292836,2.595655,1.657366,3.629469,3.313321,2.16264,4.380295,,1.639019,True,1
0,330,regular_holdout,17484,15850,17290,1440,6,1000,temporal,15,15,-172.00762600292836,1.432226,1.174666,2.232687,2.262381,1.640281,3.161492,,1.639019,True,2
0,331,regular_holdout,18970,17513,18953,1440,4,1000,temporal,11,11,431.3758263656808,1.95015,1.376102,2.632642,2.12879,1.55403,3.235463,,1.941266,True,1
0,331,regular_holdout,18970,17513,18953,1440,4,1000,static,73,73,431.3758263656808,1.603665,1.054565,2.268241,1.895426,1.348299,3.020919,,1.941266,True,2
0,332,regular_holdout,26695,26376,26556,180,4,5000,static,11,11,-657.6634764112234,2.750811,2.140287,4.040932,3.380348,2.752798,5.169809,,8.878367,True,1
0,332,regular_holdout,26695,26376,26556,180,4,5000,temporal,2,2,-657.6634764112234,4.21223,3.810933,5.608953,3.7955,3.149383,7.305889,,8.878367,True,2
0,333,regular_holdout,19785,19389,19749,360,6,200,temporal,9,9,-1598.850893286893,21.890808,21.287686,22.8513,3.575607,2.71082,4.943437,,1.222198,True,1
0,333,regular_holdout,19785,19389,19749,360,6,200,static,31,31,-1598.850893286893,1.968017,1.63961,3.016872,2.691471,2.067527,3.92745,,1.222198,True,2
0,334,regular_holdout,16275,16080,16140,60,4,200,static,3,3,121.54596539521503,2.331506,1.982228,3.261152,2.926406,2.506261,4.084868,,1.603856,True,1
0,334,regular_holdout,16275,16080,16140,60,4,200,temporal,2,2,121.54596539521503,1.612238,1.325144,2.555104,2.359479,2.010831,3.425841,,1.603856,True,2
0,335,regular_holdout,18777,17817,18537,720,4,5000,temporal,6,6,-1102.811373814009,2.614745,2.183402,3.650361,3.317607,2.54555,4.501137,,1.743216,True,1
0,335,regular_holdout,18777,17817,18537,720,4,5000,static,36,36,-1102.811373814009,2.189661,1.861736,3.282945,2.669037,2.086295,3.83502,,1.743216,True,2
0,336,regular_holdout,24126,23714,23894,180,2,5000,static,3,3,-196.84195529229743,2.586321,2.203943,3.407242,3.209444,2.292347,4.36387,,0.930206,True,1
0,336,regular_holdout,24126,23714,23894,180,2,5000,temporal,1,1,-196.84195529229743,1.938071,1.622413,2.995371,22.644107,1.49443,23.747014,,0.930206,True,2
0,337,regular_holdout,22925,22662,22842,180,6,1000,temporal,3,3,661.8718520639867,3.175743,2.594945,4.477212,3.586274,2.945424,4.962716,,4.47611,True,1
0,337,regular_holdout,22925,22662,22842,180,6,1000,static,15,15,661.8718520639867,2.052134,1.707412,3.259981,2.802899,2.211925,4.015483,,4.47611,True,2
0,338,regular_holdout,27806,27601,27661,60,4,200,static,6,6,-234.11131577144843,1.945413,1.571967,2.811012,3.18697,2.816149,4.234244,,0.89276,True,1
0,338,regular_holdout,27806,27601,27661,60,4,200,temporal,2,2,-234.11131577144843,1.207426,0.95859,2.160888,1.770748,1.356822,2.733274,,0.89276,True,2
0,339,regular_holdout,20014,18430,19870,1440,8,200,temporal,22,22,-357.1919224814201,1.847003,1.252034,2.501073,2.286108,1.720592,3.03459,,2.978976,True,1
0,339,regular_holdout,20014,18430,19870,1440,8,200,static,145,145,-357.1919224814201,1.453839,0.866591,2.05015,2.364646,1.489763,3.199889,,2.978976,True,2
0,340,regular_holdout,19193,18661,18841,180,2,5000,static,6,6,224.89262327878276,1.568893,1.306226,2.239587,1.715054,1.429082,2.560703,,3.180931,True,1
0,340,regular_holdout,19193,18661,18841,180,2,5000,temporal,1,1,224.89262327878276,1.192534,0.942696,1.915747,1.695555,1.237812,2.474352,,3.180931,True,2
0,341,regular_holdout,23913,22452,23892,1440,4,1000,temporal,12,12,-136.2720837968293,20.091406,19.065604,20.927301,2.917973,2.053286,3.944926,,2.792092,True,1
0,341,regular_holdout,23913,22452,23892,1440,4,1000,static,72,72,-136.2720837968293,1.490995,1.032922,2.224184,1.934245,1.45456,2.810281,,2.792092,True,2
0,342,regular_holdout,21352,20956,21136,180,2,1000,static,6,6,-364.5046432028928,1.588923,1.301469,2.214309,2.616497,2.161218,3.371959,,1.616224,True,1
0,342,regular_holdout,21352,20956,21136,180,2,1000,temporal,2,2,-364.5046432028928,1.20967,0.97868,3.739856,1.862517,1.379626,2.591439,,1.616224,True,2
0,343,regular_holdout,28406,27950,28130,180,4,5000,temporal,2,2,56.56309232370458,1.600781,1.310161,2.443656,2.132725,1.559779,2.903822,,4.274425,True,1
0,343,regular_holdout,28406,27950,28130,180,4,5000,static,9,9,56.56309232370458,1.216219,0.998951,1.843398,1.777889,1.299215,2.455754,,4.274425,True,2
0,344,regular_holdout,21073,20656,21016,360,4,1000,static,22,22,-1013.6746810702756,1.416903,1.17721,2.014026,2.407671,1.739471,3.106628,,1.568743,True,1
0,344,regular_holdout,21073,20656,21016,360,4,1000,temporal,5,5,-1013.6746810702756,1.017769,0.831768,1.720702,1.61367,1.314418,2.454321,,1.568743,True,2
0,345,regular_holdout,18918,17179,18619,1440,2,200,temporal,5,5,-16.420450632837046,2.114368,1.780153,2.82933,1.858581,1.417984,2.594744,,3.349115,True,1
0,345,regular_holdout,18918,17179,18619,1440,2,200,static,39,39,-16.420450632837046,1.827864,1.319916,2.434051,2.016269,1.284193,2.873005,,3.349115,True,2
0,346,regular_holdout,16527,16156,16336,180,2,200,static,7,7,331.2683632214284,1.578287,1.318174,2.262773,2.660704,1.929669,23.01011,,2.792583,True,1
0,346,regular_holdout,16527,16156,16336,180,2,200,temporal,1,1,331.2683632214284,1.285955,1.066122,2.593021,1.830248,1.514079,2.672061,,2.792583,True,2
0,347,regular_holdout,18255,17610,17970,360,4,1000,temporal,2,2,757.0377907945435,1.295059,1.034545,1.988567,4.063035,3.400022,5.046301,,2.198075,True,1
0,347,regular_holdout,18255,17610,17970,360,4,1000,static,18,18,757.0377907945435,1.418445,1.173795,2.351636,2.474202,1.898621,3.356381,,2.198075,True,2
0,348,regular_holdout,27647,26828,27548,720,6,1000,static,61,61,1451.0997710959605,2.383244,1.936369,3.280691,3.062181,2.20851,4.158779,,2.446491,True,1
0,348,regular_holdout,27647,26828,27548,720,6,1000,temporal,10,10,1451.0997710959605,1.333156,1.020793,2.177634,2.595736,1.982128,3.704403,,2.446491,True,2
0,349,regular_holdout,19427,19014,19074,60,6,5000,temporal,4,4,289.2641781984157,2.263563,1.885822,3.158066,2.498188,2.064302,3.519172,,6.53974,True,1
0,349,regular_holdout,19427,19014,19074,60,6,5000,static,9,9,289.2641781984157,1.208057,0.980973,2.09653,2.159696,1.833292,3.152318,,6.53974,True,2
0,350,regular_holdout,22361,22255,22315,60,6,5000,static,7,7,-408.9610391971836,1.893053,1.584055,2.688426,2.3405,1.992484,3.356727,,2.225666,True,1
0,350,regular_holdout,22361,22255,22315,60,6,5000,temporal,3,3,-408.9610391971836,21.884267,0.881173,22.853443,3.539543,2.673773,4.656522,,2.225666,True,2
0,351,regular_holdout,27821,27476,27536,60,6,1000,temporal,9,9,-207.14541143895448,1.946273,1.611306,2.61194,2.603397,2.166487,3.387172,,1.923669,True,1
0,351,regular_holdout,27821,27476,27536,60,6,1000,static,16,16,-207.14541143895448,1.676055,1.369362,2.305687,2.415604,1.981527,3.209524,,1.923669,True,2
0,352,regular_holdout,16533,15861,16221,360,4,1000,static,21,21,164.03333173933729,2.028778,1.67939,3.853207,2.833054,2.030551,6.759943,,1.822616,True,1
0,352,regular_holdout,16533,15861,16221,360,4,1000,temporal,6,6,164.03333173933729,1.961507,1.636495,2.746915,2.511778,2.012634,3.361173,,1.822616,True,2
0,353,regular_holdout,16540,16207,16387,180,4,200,temporal,2,2,604.4073302700198,1.956469,1.647652,2.598039,2.395583,1.724098,3.129524,,1.709024,True,1
0,353,regular_holdout,16540,16207,16387,180,4,200,static,11,11,604.4073302700198,1.531046,1.238733,2.29428,2.073285,1.673751,2.777981,,1.709024,True,2
0,354,regular_holdout,22729,22443,22623,180,8,200,static,29,29,-564.5013476600003,1.598047,1.328149,2.211915,2.473611,2.028969,3.260672,,1.611908,True,1
0,354,regular_holdout,22729,22443,22623,180,8,200,temporal,11,11,-564.5013476600003,1.43512,1.194316,2.083532,2.491868,1.866092,3.515988,,1.611908,True,2
0,355,regular_holdout,21534,20042,21482,1440,6,200,temporal,16,16,139.97215150390136,24.482337,1.710687,25.278241,3.64996,2.583407,4.837266,,1.691348,True,1
0,355,regular_holdout,21534,20042,21482,1440,6,200,static,115,115,139.97215150390136,1.892602,1.278174,2.646242,2.924233,1.991732,3.793708,,1.691348,True,2
0,356,regular_holdout,24165,23714,24074,360,4,200,static,22,22,-22.22273491848426,1.756065,1.448881,2.468203,2.507963,2.048738,3.29305,,1.651328,True,1
0,356,regular_holdout,24165,23714,24074,360,4,200,temporal,6,6,-22.22273491848426,1.407799,1.127655,1.984161,2.153998,1.743486,2.939416,,1.651328,True,2
0,357,regular_holdout,21456,19742,21182,1440,8,200,temporal,21,21,-558.8607278416093,2.155671,1.764619,2.775217,3.166398,2.170893,3.938807,,4.496531,True,1
0,357,regular_holdout,21456,19742,21182,1440,8,200,static,146,146,-558.8607278416093,2.039565,1.267838,2.745883,2.844352,1.984862,3.665104,,4.496531,True,2
0,358,regular_holdout,23226,22410,23130,720,6,1000,static,53,53,1311.6555874796795,1.736707,1.39515,2.331065,2.545991,1.917961,3.254261,,1.711589,True,1
0,358,regular_holdout,23226,22410,23130,720,6,1000,temporal,9,9,1311.6555874796795,1.40144,1.127084,2.007577,2.524999,1.957831,3.258468,,1.711589,True,2
0,359,regular_holdout,16974,16865,16925,60,4,200,temporal,2,2,-236.73182484463476,1.786912,1.514751,2.673233,2.354481,2.007306,3.093749,,1.757569,True,1
0,359,regular_holdout,16974,16865,16925,60,4,200,static,7,7,-236.73182484463476,1.442501,1.207236,2.083892,2.071312,1.771198,2.901347,,1.757569,True,2
0,360,maintenance_burst,32957,32014,32734,720,4,10000,static,39,39,1689.0762392403524,2.377746,1.950589,3.026347,2.671851,1.960205,3.413663,,1.385035,True,1
0,360,maintenance_burst,32957,32014,32734,720,4,10000,temporal,7,7,1689.0762392403524,1.675063,1.346387,2.302432,2.498509,1.669455,3.199899,,1.385035,True,2
0,361,maintenance_burst,32167,31742,31922,180,4,5000,temporal,10,10,-483.4198065680623,1.961627,1.56018,2.654996,2.700224,1.948747,3.413783,,2.127308,True,1
0,361,maintenance_burst,32167,31742,31922,180,4,5000,static,46,46,-483.4198065680623,1.60684,1.246956,2.4129,2.377025,1.884289,3.126178,,2.127308,True,2
0,362,maintenance_burst,34469,33481,34201,720,4,10000,static,35,35,1430.340421458798,2.038513,1.631548,2.941769,3.013828,2.114658,4.074722,,1.505748,True,1
0,362,maintenance_burst,34469,33481,34201,720,4,10000,temporal,6,6,1430.340421458798,1.988086,1.566239,2.755227,2.007716,1.412807,2.822328,,1.505748,True,2
0,363,maintenance_burst,35317,34873,35053,180,4,1000,temporal,2,2,736.9169585474874,1.391355,1.170891,2.018973,1.760352,1.453558,2.561243,,1.317874,True,1
0,363,maintenance_burst,35317,34873,35053,180,4,1000,static,10,10,736.9169585474874,1.273175,1.013683,2.075229,2.55207,2.039495,3.721248,,1.317874,True,2
0,364,maintenance_burst,31201,30782,30962,180,4,10000,static,12,12,467.7679934762834,1.544206,1.225764,2.210193,2.74425,2.264274,5.680912,,3.224437,True,1
0,364,maintenance_burst,31201,30782,30962,180,4,10000,temporal,2,2,467.7679934762834,20.97312,20.617181,21.783905,2.347801,1.667321,3.291818,,3.224437,True,2
0,365,maintenance_burst,33062,31606,33046,1440,4,5000,temporal,15,15,-370.65829520772337,1.578437,1.069588,2.197023,2.209362,1.385035,2.944654,,0.692217,True,1
0,365,maintenance_burst,33062,31606,33046,1440,4,5000,static,105,105,-370.65829520772337,1.294147,0.964188,1.918792,1.940154,1.417745,2.651851,,0.692217,True,2
0,366,maintenance_burst,30580,30026,30386,360,2,5000,static,13,13,-393.2209038279113,1.234177,1.011079,1.854534,1.967425,1.340878,2.655006,,1.582093,True,1
0,366,maintenance_burst,30580,30026,30386,360,2,5000,temporal,3,3,-393.2209038279113,1.179423,0.9586,1.846412,1.530354,1.248609,2.643868,,1.582093,True,2
0,367,maintenance_burst,32567,31082,32522,1440,4,5000,temporal,12,12,370.7013566677141,1.98386,1.391975,3.316606,2.326969,1.61989,3.378059,,1.885642,True,1
0,367,maintenance_burst,32567,31082,32522,1440,4,5000,static,102,102,370.7013566677141,1.358955,1.027324,2.076591,1.854525,1.306275,2.7114,,1.885642,True,2
0,368,maintenance_burst,32246,31764,32124,360,6,10000,static,78,78,-133.5153126800367,1.579919,1.240847,2.232056,1.847594,1.371274,2.557898,,1.489552,True,1
0,368,maintenance_burst,32246,31764,32124,360,6,10000,temporal,14,14,-133.5153126800367,1.240977,0.979061,1.869207,2.624339,2.081428,3.770382,,1.489552,True,2
0,369,maintenance_burst,33142,32120,32840,720,4,10000,temporal,6,6,711.2650577270223,2.120687,1.757237,3.017674,2.588485,1.992223,3.647866,,1.310622,True,1
0,369,maintenance_burst,33142,32120,32840,720,4,10000,static,37,37,711.2650577270223,1.368009,1.039322,2.226547,2.044892,1.466178,23.001492,,1.310622,True,2
0,370,maintenance_burst,31749,29997,31437,1440,4,1000,static,73,73,-46.81101615141051,1.95731,1.60675,2.937884,3.185768,2.185185,4.434877,,1.572729,True,1
0,370,maintenance_burst,31749,29997,31437,1440,4,1000,temporal,10,10,-46.81101615141051,1.495542,1.036257,2.502666,2.072685,1.405516,3.12768,,1.572729,True,2
0,371,maintenance_burst,31786,30061,31501,1440,4,5000,temporal,10,10,-307.50604641611443,1.637016,1.146975,2.548875,1.91093,1.285475,3.004905,,1.455391,True,1
0,371,maintenance_burst,31786,30061,31501,1440,4,5000,static,73,73,-307.50604641611443,1.292004,0.766028,2.184504,2.078554,1.340818,3.113859,,1.455391,True,2
0,372,maintenance_burst,32461,31949,32129,180,2,5000,static,6,6,-31.59766244735504,1.252134,1.023989,2.147728,1.849478,1.371975,2.827967,,1.52122,True,1
0,372,maintenance_burst,32461,31949,32129,180,2,5000,temporal,1,1,-31.59766244735504,1.158763,0.968224,2.02966,1.932402,1.488811,2.847867,,1.52122,True,2
0,373,maintenance_burst,34024,33313,33673,360,2,10000,temporal,2,2,189.659256362928,1.325144,1.085892,2.177213,2.044712,1.627431,3.053688,,1.372115,True,1
0,373,maintenance_burst,34024,33313,33673,360,2,10000,static,10,10,189.659256362928,2.071713,1.765169,2.974288,2.024642,1.444394,3.102011,,1.372115,True,2
0,374,maintenance_burst,33675,33208,33388,180,6,1000,static,20,20,283.044812379643,1.197381,0.988194,2.059465,2.19556,1.734433,3.220861,,1.308078,True,1
0,374,maintenance_burst,33675,33208,33388,180,6,1000,temporal,10,10,283.044812379643,1.399897,1.121577,2.222061,2.222411,1.777468,3.201773,,1.308078,True,2
0,375,maintenance_burst,33464,31773,33213,1440,2,5000,temporal,10,10,-173.66491765520584,1.344183,1.036988,2.155871,12.938849,1.318695,13.97767,,1.261228,True,1
0,375,maintenance_burst,33464,31773,33213,1440,2,5000,static,57,57,-173.66491765520584,1.936869,1.496363,2.938073,2.004332,1.403483,2.980758,,1.261228,True,2
0,376,maintenance_burst,32872,31084,32524,1440,4,1000,static,101,101,367.8098632243574,1.729626,1.312756,2.566852,2.095289,1.464525,3.327652,,1.654292,True,1
0,376,maintenance_burst,32872,31084,32524,1440,4,1000,temporal,12,12,367.8098632243574,1.225834,0.968144,2.052604,1.931972,1.340187,2.878904,,1.654292,True,2
0,377,maintenance_burst,35153,34798,34978,180,2,5000,temporal,1,1,183.11216168017356,1.331463,1.120615,2.176162,1.744118,1.379216,2.791542,,1.345145,True,1
0,377,maintenance_burst,35153,34798,34978,180,2,5000,static,6,6,183.11216168017356,0.991669,0.823445,1.889919,1.873964,1.312625,2.821187,,1.345145,True,2
0,378,maintenance_burst,33613,33044,33404,360,2,5000,static,12,12,-241.90653102193303,1.512528,1.286586,2.332298,1.972453,1.423102,2.916952,,1.669285,True,1
0,378,maintenance_burst,33613,33044,33404,360,2,5000,temporal,3,3,-241.90653102193303,0.982035,0.73381,1.790619,1.434039,1.175228,2.34094,,1.669285,True,2
0,379,maintenance_burst,34255,33849,34029,180,2,10000,temporal,3,3,176.1399244106881,1.400498,1.132964,2.24178,1.872923,1.34933,2.801527,,1.555433,True,1
0,379,maintenance_burst,34255,33849,34029,180,2,10000,static,7,7,176.1399244106881,1.167776,0.926692,2.027676,2.401462,1.772871,3.400843,,1.555433,True,2
0,380,maintenance_burst,30361,29321,30041,720,2,10000,static,21,21,714.69494658319,1.228418,0.988666,2.026375,2.493421,1.837409,3.501416,,1.418705,True,1
0,380,maintenance_burst,30361,29321,30041,720,2,10000,temporal,3,3,714.69494658319,1.357202,1.077009,2.160728,1.605719,1.158773,2.551709,,1.418705,True,2
0,381,maintenance_burst,34978,33447,34887,1440,6,5000,temporal,16,16,217.81690726594476,2.097062,1.652239,3.09454,17.515119,16.593966,18.740744,,19.102761,True,1
0,381,maintenance_burst,34978,33447,34887,1440,6,5000,static,115,115,217.81690726594476,1.719931,1.372265,2.815548,2.168519,1.594171,3.374033,,19.102761,True,2
0,382,maintenance_burst,30500,30075,30435,360,2,1000,static,11,11,-539.0305077770051,1.111441,0.883656,1.911311,1.545037,1.274737,2.478298,,1.92395,True,1
0,382,maintenance_burst,30500,30075,30435,360,2,1000,temporal,3,3,-539.0305077770051,0.993202,0.810786,1.81846,1.755595,1.2628,2.684941,,1.92395,True,2
0,383,maintenance_burst,33334,32943,33303,360,2,1000,temporal,3,3,-568.5175023538451,1.231052,1.022326,2.032584,2.254259,1.649174,3.270866,,1.279686,True,1
0,383,maintenance_burst,33334,32943,33303,360,2,1000,static,13,13,-568.5175023538451,1.444365,1.130359,2.248701,1.833132,1.551166,2.779985,,1.279686,True,2
0,384,maintenance_burst,30619,30189,30369,180,8,5000,static,16,16,-1312.5380532630525,1.166354,0.949345,1.971272,1.605618,1.286506,2.571359,,1.810569,True,1
0,384,maintenance_burst,30619,30189,30369,180,8,5000,temporal,4,4,-1312.5380532630525,1.32897,1.059032,2.153717,2.851783,2.324105,3.831254,,1.810569,True,2
0,385,maintenance_burst,33508,32989,33349,360,4,10000,temporal,6,6,-1052.6264873913049,1.414129,1.177081,2.214129,19.231756,1.354919,20.279536,,1.625068,True,1
0,385,maintenance_burst,33508,32989,33349,360,4,10000,static,23,23,-1052.6264873913049,1.793443,1.445586,2.741586,1.866703,1.379005,2.848057,,1.625068,True,2
0,386,maintenance_burst,30392,29698,30058,360,2,10000,static,7,7,428.8788534823428,1.088967,0.85328,1.866062,1.759622,1.326446,2.759853,,1.393308,True,1
0,386,maintenance_burst,30392,29698,30058,360,2,10000,temporal,1,1,428.8788534823428,1.240887,0.970999,1.996009,1.733742,1.311563,2.657318,,1.393308,True,2
0,387,maintenance_burst,35037,34796,34856,60,2,1000,temporal,1,1,95.91188555687758,1.11759,0.907913,1.86504,1.518617,1.288058,2.394241,,1.24327,True,1
0,387,maintenance_burst,35037,34796,34856,60,2,1000,static,3,3,95.91188555687758,1.341749,1.098561,2.233317,1.514971,1.21647,2.404446,,1.24327,True,2
0,388,maintenance_burst,34308,34078,34138,60,4,5000,static,3,3,-36.03989312541981,1.669244,1.386107,2.447702,1.734142,1.420379,2.602055,,6.67176,True,1
0,388,maintenance_burst,34308,34078,34138,60,4,5000,temporal,2,2,-36.03989312541981,1.032712,0.851047,1.807103,1.414459,1.180936,2.634975,,6.67176,True,2
0,389,maintenance_burst,32411,32125,32185,60,4,5000,temporal,2,2,60.59573435526834,2.418248,2.163472,3.254282,1.695123,1.37546,2.999977,,1.192824,True,1
0,389,maintenance_burst,32411,32125,32185,60,4,5000,static,5,5,60.59573435526834,1.050358,0.873651,1.762275,1.615894,1.394659,2.367831,,1.192824,True,2
0,390,maintenance_burst,34194,34003,34183,180,2,5000,static,4,4,-42.00269011851636,1.308218,1.044169,1.992834,1.834725,1.229039,2.566132,,1.822516,True,1
0,390,maintenance_burst,34194,34003,34183,180,2,5000,temporal,1,1,-42.00269011851636,23.324928,1.505877,24.389747,2.772903,2.090752,4.071227,,1.822516,True,2
0,391,maintenance_burst,33430,32696,33416,720,4,5000,temporal,6,6,-1707.1641794786356,1.267917,1.002626,2.080547,3.27951,2.349013,4.328616,,1.6462,True,1
0,391,maintenance_burst,33430,32696,33416,720,4,5000,static,36,36,-1707.1641794786356,1.40873,1.139153,2.26149,1.919383,1.38855,2.883011,,1.6462,True,2
0,392,maintenance_burst,31181,29523,30963,1440,4,5000,static,75,75,404.8650746665824,1.602323,1.302029,2.410435,2.149,1.581872,3.151266,,1.465707,True,1
0,392,maintenance_burst,31181,29523,30963,1440,4,5000,temporal,12,12,404.8650746665824,1.13752,0.855404,1.927815,1.815596,1.363392,2.724451,,1.465707,True,2
0,393,maintenance_burst,30350,29332,30052,720,2,5000,temporal,4,4,752.1485472730814,1.224231,0.976537,2.030561,2.352578,1.850789,3.317927,,1.564917,True,1
0,393,maintenance_burst,30350,29332,30052,720,2,5000,static,18,18,752.1485472730814,0.961435,0.76054,1.78592,1.518597,1.21673,2.42686,,1.564917,True,2
0,394,maintenance_burst,33594,33344,33404,60,4,5000,static,3,3,-1.3953503119352852,1.611727,1.300848,2.434181,1.660281,1.372656,2.606832,,1.477965,True,1
0,394,maintenance_burst,33594,33344,33404,60,4,5000,temporal,2,2,-1.3953503119352852,1.136108,0.954012,1.939604,1.349541,1.09153,2.277494,,1.477965,True,2
0,395,maintenance_burst,32319,32073,32133,60,4,5000,temporal,2,2,95.3528584341154,1.576675,1.259715,2.407061,2.205666,1.8974,3.24047,,1.205544,True,1
0,395,maintenance_burst,32319,32073,32133,60,4,5000,static,5,5,95.3528584341154,0.996647,0.786459,2.107021,1.527259,1.28333,23.847646,,1.205544,True,2
0,396,maintenance_burst,31179,30651,30831,180,4,5000,static,8,8,288.7035754610266,2.122349,1.79833,2.710309,2.596166,1.953074,3.461445,,2.273067,True,1
0,396,maintenance_burst,31179,30651,30831,180,4,5000,temporal,2,2,288.7035754610266,1.132683,0.924248,1.733582,2.091303,1.720572,2.834207,,2.273067,True,2
0,397,maintenance_burst,34177,34029,34089,60,2,1000,temporal,1,1,-6.239131612241518,1.404684,1.154396,2.105374,1.391895,1.154716,2.088809,,1.458996,True,1
0,397,maintenance_burst,34177,34029,34089,60,2,1000,static,3,3,-6.239131612241518,2.163312,1.950049,2.762788,1.720613,1.443443,2.422694,,1.458996,True,2
0,398,maintenance_burst,32383,30910,32350,1440,6,10000,static,160,160,592.2404857440446,1.489863,1.069728,2.42027,2.044963,1.367398,2.891593,,1.575913,True,1
0,398,maintenance_burst,32383,30910,32350,1440,6,10000,temporal,24,24,592.2404857440446,1.438295,1.149449,2.138925,2.097752,1.266235,2.887517,,1.575913,True,2
0,399,maintenance_burst,35034,34484,34844,360,4,10000,temporal,6,6,228.13951385404465,1.372305,1.09762,2.165465,1.760102,1.280326,2.660583,,1.863929,True,1
0,399,maintenance_burst,35034,34484,34844,360,4,10000,static,20,20,228.13951385404465,1.385846,1.133424,2.290514,1.725269,1.321368,2.797451,,1.863929,True,2
0,400,maintenance_burst,30294,28687,30127,1440,4,1000,static,107,107,-193.57598688101112,1.279184,0.894963,2.12962,6.252907,2.267619,7.242944,,2.17501,True,1
0,400,maintenance_burst,30294,28687,30127,1440,4,1000,temporal,14,14,-193.57598688101112,1.348139,1.053112,2.134468,1.986735,1.420899,2.830812,,2.17501,True,2
0,401,maintenance_burst,31639,29885,31325,1440,4,1000,temporal,10,10,35.33900773938484,1.656245,1.302069,2.255381,2.22888,1.464565,2.908549,,0.900271,True,1
0,401,maintenance_burst,31639,29885,31325,1440,4,1000,static,71,71,35.33900773938484,1.025601,0.736213,1.600581,1.732,1.224222,2.465289,,0.900271,True,2
0,402,maintenance_burst,32906,32518,32698,180,4,1000,static,15,15,78.5843970664495,1.308188,1.015956,1.935517,1.854385,1.52712,2.539491,,1.583145,True,1
0,402,maintenance_burst,32906,32518,32698,180,4,1000,temporal,6,6,78.5843970664495,1.078741,0.851828,1.715555,1.699301,1.432126,2.687344,,1.583145,True,2
0,403,maintenance_burst,31824,31396,31756,360,4,5000,temporal,3,3,-915.1473211958294,1.28934,0.989296,2.232186,2.828657,2.12232,3.842261,,3.309905,True,1
0,403,maintenance_burst,31824,31396,31756,360,4,5000,static,18,18,-915.1473211958294,1.217141,0.969626,1.909708,1.825942,1.444054,2.593612,,3.309905,True,2
0,404,maintenance_burst,32314,32131,32191,60,2,10000,static,3,3,26.462039056334667,1.318594,1.123009,2.001306,1.46848,1.268088,2.253248,,1.470264,True,1
0,404,maintenance_burst,32314,32131,32191,60,2,10000,temporal,1,1,26.462039056334667,1.05139,0.809955,1.671297,1.378896,1.186544,2.100106,,1.470264,True,2
0,405,maintenance_burst,33186,31510,32950,1440,4,5000,temporal,13,13,-335.7264405748488,1.462662,0.95213,2.114057,1.843569,1.179814,2.557478,,1.301408,True,1
0,405,maintenance_burst,33186,31510,32950,1440,4,5000,static,104,104,-335.7264405748488,1.089368,0.783926,1.701232,1.719771,1.177831,2.394021,,1.301408,True,2
0,406,maintenance_burst,34080,33603,33963,360,6,10000,static,34,34,1758.9212622043888,1.260937,1.014875,1.863198,1.746381,1.409071,2.426691,,1.486218,True,1
0,406,maintenance_burst,34080,33603,33963,360,6,10000,temporal,7,7,1758.9212622043888,1.290652,1.032452,2.00991,1.878471,1.414339,2.621916,,1.486218,True,2
0,407,maintenance_burst,31877,30180,31620,1440,6,10000,temporal,15,15,-609.7650529918119,2.220589,1.52074,2.937843,2.233327,1.622343,2.971064,,19.708196,True,1
0,407,maintenance_burst,31877,30180,31620,1440,6,10000,static,111,111,-609.7650529918119,1.250442,0.936156,1.837589,2.024571,1.407979,2.738712,,19.708196,True,2
0,408,maintenance_burst,32166,31823,31883,60,2,1000,static,14,14,-114.07036229079056,1.13062,0.890157,1.697547,1.792,1.497155,2.444848,,1.731479,True,1
0,408,maintenance_burst,32166,31823,31883,60,2,1000,temporal,1,1,-114.07036229079056,1.133905,0.884317,1.846163,2.664389,2.130282,3.419702,,1.731479,True,2
0,409,maintenance_burst,35777,34900,35620,720,4,5000,temporal,7,7,734.687225001065,1.207196,0.921463,1.813553,1.914876,1.426398,2.619031,,0.491804,True,1
0,409,maintenance_burst,35777,34900,35620,720,4,5000,static,37,37,734.687225001065,1.189288,0.952571,1.780804,1.797839,1.321179,2.531419,,0.491804,True,2
0,410,maintenance_burst,35949,35152,35872,720,4,5000,static,37,37,-1184.6991312563478,1.205624,0.945941,1.813963,1.89739,1.314238,2.599862,,0.500357,True,1
0,410,maintenance_burst,35949,35152,35872,720,4,5000,temporal,6,6,-1184.6991312563478,1.15012,0.786599,1.744648,1.641793,1.199845,2.361802,,0.500357,True,2
0,411,maintenance_burst,35803,35315,35495,180,6,10000,temporal,9,9,-564.007360027848,1.397824,1.13053,2.072454,1.715084,1.410072,2.379438,,1.680131,True,1
0,411,maintenance_burst,35803,35315,35495,180,6,10000,static,23,23,-564.007360027848,1.212273,0.9189,1.799842,1.564396,1.237071,2.245867,,1.680131,True,2
0,412,maintenance_burst,35157,34668,34848,180,4,10000,static,14,14,355.7116583854702,1.383722,1.100765,1.974266,1.688533,1.217902,2.378297,,1.614662,True,1
0,412,maintenance_burst,35157,34668,34848,180,4,10000,temporal,6,6,355.7116583854702,1.01791,0.81997,1.566759,1.725139,1.305374,2.422634,,1.614662,True,2
0,413,maintenance_burst,34203,33793,33973,180,4,10000,temporal,2,2,216.91662877031052,1.295499,1.050509,1.980184,2.4394,1.756046,22.543184,,2.758582,True,1
0,413,maintenance_burst,34203,33793,33973,180,4,10000,static,8,8,216.91662877031052,1.1838,0.942195,1.792591,2.250854,1.208017,2.976322,,2.758582,True,2
0,414,maintenance_burst,35603,35169,35349,180,8,10000,static,15,15,451.022962431334,1.214557,0.963908,1.880394,1.734724,1.226355,2.428844,,1.539719,True,1
0,414,maintenance_burst,35603,35169,35349,180,8,10000,temporal,4,4,451.022962431334,0.975476,0.770666,1.564717,1.886533,1.337643,2.555875,,1.539719,True,2
0,415,maintenance_burst,34915,33182,34622,1440,2,10000,temporal,7,7,-243.73402891241372,1.552378,1.045752,2.132856,1.912523,1.44788,2.613703,,1.876278,True,1
0,415,maintenance_burst,34915,33182,34622,1440,2,10000,static,41,41,-243.73402891241372,1.344884,0.848223,1.933243,1.981817,1.307638,2.64461,,1.876278,True,2
0,416,maintenance_burst,35231,34724,34904,180,2,1000,static,4,4,79.8824698584281,1.717838,1.436132,2.306278,1.904421,1.490835,2.620313,,1.970731,True,1
0,416,maintenance_burst,35231,34724,34904,180,2,1000,temporal,1,1,79.8824698584281,1.26279,0.851828,1.958582,1.757969,1.276681,2.430355,,1.970731,True,2
0,417,maintenance_burst,33872,33471,33531,60,2,1000,temporal,1,1,136.82997500115317,1.442241,1.184362,2.083882,1.576424,1.308228,2.339337,,7.061359,True,1
0,417,maintenance_burst,33872,33471,33531,60,2,1000,static,1,1,136.82997500115317,0.992511,0.787741,1.564636,4.385893,4.058868,5.17093,,7.061359,True,2
0,418,maintenance_burst,30494,29760,30480,720,6,1000,static,58,58,-2063.9220323477507,1.954246,1.568753,6.812739,2.507802,1.794944,3.79537,,28.569438,True,1
0,418,maintenance_burst,30494,29760,30480,720,6,1000,temporal,10,10,-2063.9220323477507,2.090722,1.648913,3.181732,2.394521,1.678098,3.454885,,28.569438,True,2
0,419,maintenance_burst,34736,34240,34600,360,2,10000,temporal,1,1,-675.5594419970531,1.373617,1.085221,2.03698,1.85134,1.526168,2.612511,,3.378369,True,1
0,419,maintenance_burst,34736,34240,34600,360,2,10000,static,9,9,-675.5594419970531,1.121686,0.858989,1.71926,1.52757,1.175017,2.217564,,3.378369,True,2
0,420,maintenance_burst,35264,33593,35033,1440,4,5000,static,74,74,371.08498626568417,1.191392,0.913451,1.772591,1.635684,1.152944,2.454022,,1.637948,True,1
0,420,maintenance_burst,35264,33593,35033,1440,4,5000,temporal,11,11,371.08498626568417,1.082377,0.801943,1.756877,2.060776,1.281428,2.973998,,1.637948,True,2
0,421,maintenance_burst,31247,30878,31058,180,4,1000,temporal,2,2,604.878559228711,1.761244,1.438756,2.647444,2.171043,1.75222,2.86917,,1.219163,True,1
0,421,maintenance_burst,31247,30878,31058,180,4,1000,static,7,7,604.878559228711,1.080734,0.850056,1.812832,1.876067,1.389732,2.570998,,1.219163,True,2
0,422,maintenance_burst,35626,35277,35337,60,6,1000,static,7,7,46.31922395663773,1.338575,1.040204,2.005002,2.020596,1.496563,2.703008,,1.622614,True,1
0,422,maintenance_burst,35626,35277,35337,60,6,1000,temporal,3,3,46.31922395663773,1.081606,0.843676,1.728575,3.229644,1.537986,4.576942,,1.622614,True,2
0,423,maintenance_burst,35052,34986,35046,60,2,1000,temporal,2,2,141.68183158070505,1.456963,1.122287,2.073255,1.832081,1.52076,2.515284,,1.631067,True,1
0,423,maintenance_burst,35052,34986,35046,60,2,1000,static,3,3,141.68183158070505,1.2299,0.932781,1.824038,1.528612,1.240526,13.534259,,1.631067,True,2
0,424,maintenance_burst,32222,31734,32094,360,6,1000,static,83,83,-1083.426018299047,1.499007,1.174576,2.074297,1.915356,1.471185,2.623598,,1.592139,True,1
0,424,maintenance_burst,32222,31734,32094,360,6,1000,temporal,17,17,-1083.426018299047,1.185353,0.898759,1.789236,1.71242,1.295389,2.404507,,1.592139,True,2
0,425,maintenance_burst,32118,30589,32029,1440,4,5000,temporal,14,14,-21.52075540588976,1.558547,1.242569,2.250685,2.110532,1.53412,2.820065,,1.885922,True,1
0,425,maintenance_burst,32118,30589,32029,1440,4,5000,static,103,103,-21.52075540588976,1.200776,0.854862,1.763808,1.847434,1.294377,2.495023,,1.885922,True,2
0,426,maintenance_burst,32534,30995,32435,1440,4,1000,static,104,104,442.5196194390098,1.406548,0.896035,2.030562,1.861154,1.306486,2.548203,,2.213117,True,1
0,426,maintenance_burst,32534,30995,32435,1440,4,1000,temporal,13,13,442.5196194390098,1.170871,0.875314,1.730908,1.735044,1.219044,2.398497,,2.213117,True,2
0,427,maintenance_burst,34680,34253,34613,360,4,10000,temporal,2,2,-973.9165334184304,1.297693,0.993102,1.896688,1.723076,1.369191,2.407952,,1.623855,True,1
0,427,maintenance_burst,34680,34253,34613,360,4,10000,static,18,18,-973.9165334184304,1.15055,0.929075,1.770648,1.951201,1.227696,2.627533,,1.623855,True,2
0,428,maintenance_burst,32724,30929,32369,1440,4,10000,static,104,104,412.159025418722,1.473328,1.089918,2.077352,1.894596,1.272494,2.675536,,1.496614,True,1
0,428,maintenance_burst,32724,30929,32369,1440,4,10000,temporal,15,15,412.159025418722,1.371254,0.950177,2.382819,2.110782,1.47448,2.955519,,1.496614,True,2
0,429,maintenance_burst,30601,28831,30271,1440,2,5000,temporal,8,8,-199.05191806448315,1.624847,1.32207,2.303304,2.645882,1.888156,3.61369,,4.645295,True,1
0,429,maintenance_burst,30601,28831,30271,1440,2,5000,static,51,51,-199.05191806448315,1.531666,1.055947,2.164564,2.325447,1.611267,3.059417,,4.645295,True,2
0,430,maintenance_burst,33085,32117,32837,720,2,5000,static,21,21,513.1049355399012,2.057226,1.533524,2.72438,1.810808,1.391684,2.538679,,2.075439,True,1
0,430,maintenance_burst,33085,32117,32837,720,2,5000,temporal,3,3,513.1049355399012,1.184291,0.907943,1.833213,1.616074,1.256851,2.375212,,2.075439,True,2
0,431,maintenance_burst,33517,32906,33266,360,4,10000,temporal,3,3,-1065.670276482345,1.890389,1.59991,2.514824,1.790728,1.361109,2.583847,,1.91093,True,1
0,431,maintenance_burst,33517,32906,33266,360,4,10000,static,20,20,-1065.670276482345,0.910647,0.716975,1.579138,1.663066,1.220707,2.361532,,1.91093,True,2
0,432,maintenance_burst,31584,31139,31499,360,2,1000,static,9,9,99.35272605400338,1.661753,1.37533,2.602076,1.831921,1.488461,2.562506,,1.430123,True,1
0,432,maintenance_burst,31584,31139,31499,360,2,1000,temporal,1,1,99.35272605400338,1.365946,1.074635,1.958492,1.806002,1.350612,2.465349,,1.430123,True,2
0,433,maintenance_burst,30445,29985,30165,180,2,5000,temporal,1,1,-171.83746039037672,1.167776,0.908685,1.751109,1.541061,1.199554,2.191314,,1.664268,True,1
0,433,maintenance_burst,30445,29985,30165,180,2,5000,static,3,3,-171.83746039037672,1.782526,1.506708,2.388823,1.814724,1.542233,2.723028,,1.664268,True,2
0,434,maintenance_burst,33323,31869,33309,1440,6,1000,static,116,116,-313.8095051651662,1.300757,0.953382,2.020976,2.339068,1.664307,3.057694,,1.503074,True,1
0,434,maintenance_burst,33323,31869,33309,1440,6,1000,temporal,18,18,-313.8095051651662,1.367157,1.041806,1.947456,1.768024,1.226865,2.503266,,1.503074,True,2
0,435,maintenance_burst,35183,34510,34870,360,8,10000,temporal,11,11,4.1393230935890415,1.292735,1.058841,1.895257,1.77904,1.298675,2.442884,,1.85856,True,1
0,435,maintenance_burst,35183,34510,34870,360,8,10000,static,39,39,4.1393230935890415,1.445636,1.195728,2.04315,1.73222,1.262059,2.486541,,1.85856,True,2
0,436,maintenance_burst,35763,34903,35623,720,6,5000,static,54,54,-175.08397283474503,2.192025,1.780152,3.09472,2.891743,2.122821,3.70904,,17.476922,True,1
0,436,maintenance_burst,35763,34903,35623,720,6,5000,temporal,9,9,-175.08397283474503,1.945202,1.567721,2.652532,1.842997,1.321298,2.555325,,17.476922,True,2
0,437,maintenance_burst,35118,34805,34985,180,4,5000,temporal,2,2,492.6419303921006,1.499117,1.193235,2.161068,2.018322,1.671037,2.691802,,2.035748,True,1
0,437,maintenance_burst,35118,34805,34985,180,4,5000,static,9,9,492.6419303921006,1.370202,1.10382,1.994336,1.667011,1.279956,2.356073,,2.035748,True,2
0,438,maintenance_burst,30727,30496,30676,180,4,1000,static,9,9,-159.8347910782579,1.081475,0.868904,1.713322,2.666853,2.184534,3.388335,,1.802886,True,1
0,438,maintenance_burst,30727,30496,30676,180,4,1000,temporal,2,2,-159.8347910782579,1.151652,0.953322,1.740823,1.962749,1.481301,2.651731,,1.802886,True,2
0,439,maintenance_burst,34597,34142,34322,180,6,5000,temporal,3,3,-1141.0171435262523,1.88486,1.54057,2.476184,2.231655,1.508121,2.946607,,1.869627,True,1
0,439,maintenance_burst,34597,34142,34322,180,6,5000,static,12,12,-1141.0171435262523,1.661183,1.307237,2.350846,1.805731,1.44822,2.639131,,1.869627,True,2
0,440,maintenance_burst,34252,32780,34220,1440,4,1000,static,72,72,-284.1532861631255,1.916608,1.475872,2.50598,2.149581,1.483954,2.865544,,2.093616,True,1
0,440,maintenance_burst,34252,32780,34220,1440,4,1000,temporal,10,10,-284.1532861631255,1.149328,0.85952,1.753923,1.797188,1.235559,2.499821,,2.093616,True,2
0,441,maintenance_burst,34145,33907,33967,60,2,10000,temporal,1,1,12.176163852850308,1.901386,1.498426,2.525429,1.828986,1.541932,2.522966,,1.918071,True,1
0,441,maintenance_burst,34145,33907,33967,60,2,10000,static,1,1,12.176163852850308,1.105111,0.79982,20.151297,1.786111,1.477755,2.5586,,1.918071,True,2
0,442,maintenance_burst,34427,32974,34414,1440,6,5000,static,114,114,-714.487743017762,2.19486,1.727692,2.987648,5.189168,1.449321,5.95669,,2.329673,True,1
0,442,maintenance_burst,34427,32974,34414,1440,6,5000,temporal,17,17,-714.487743017762,1.318494,1.026813,2.074497,13.319394,1.916378,14.06382,,2.329673,True,2
0,443,maintenance_burst,31510,31150,31330,180,4,10000,temporal,2,2,243.36521652086307,2.232857,1.865652,2.84353,1.818901,1.497444,2.666163,,1.793822,True,1
0,443,maintenance_burst,31510,31150,31330,180,4,10000,static,12,12,243.36521652086307,1.947836,1.548332,2.616407,1.694603,1.351184,2.609216,,1.793822,True,2
0,444,maintenance_burst,35392,35332,35392,60,8,5000,static,12,12,70.9191816566792,1.413417,1.134225,2.125164,1.800693,1.448571,2.608054,,1.994426,True,1
0,444,maintenance_burst,35392,35332,35392,60,8,5000,temporal,7,7,70.9191816566792,1.812551,1.435751,2.472109,1.773031,1.494641,2.60505,,1.994426,True,2
0,445,maintenance_burst,32002,31186,31906,720,2,1000,temporal,3,3,-872.0319973235717,2.284815,1.769887,2.985285,2.696548,2.146607,4.260649,,0.620709,True,1
0,445,maintenance_burst,32002,31186,31906,720,2,1000,static,32,32,-872.0319973235697,1.754393,1.340527,2.561905,27.384085,4.056986,28.36931,,0.620709,True,2
0,446,maintenance_burst,33493,33244,33424,180,6,5000,static,20,20,-46.20335525745453,1.892072,1.530425,2.727796,2.04971,1.576914,2.91635,,2.619963,True,1
0,446,maintenance_burst,33493,33244,33424,180,6,5000,temporal,8,8,-46.20335525745453,1.208738,0.932971,2.005483,1.819933,1.432296,2.653714,,2.619963,True,2
0,447,maintenance_burst,34986,34715,34775,60,4,1000,temporal,2,2,117.8478234952135,1.839392,1.537194,2.584158,2.006895,1.680531,2.847912,,2.747921,True,1
0,447,maintenance_burst,34986,34715,34775,60,4,1000,static,3,3,117.8478234952135,1.40865,1.072592,2.035668,1.858701,1.608072,2.676247,,2.747921,True,2
0,448,maintenance_burst,30512,29898,30258,360,2,10000,static,9,9,-79.01775115906355,1.529893,1.235739,2.099245,2.153867,1.592188,2.930081,,2.839995,True,1
0,448,maintenance_burst,30512,29898,30258,360,2,10000,temporal,1,1,-79.01775115906355,1.197441,0.985851,1.864259,1.746001,1.417523,2.621645,,2.839995,True,2
0,449,maintenance_burst,31670,30134,31574,1440,4,5000,temporal,10,10,-289.9476443555315,1.23006,0.953562,2.000946,2.330355,1.75198,3.068901,,1.742436,True,1
0,449,maintenance_burst,31670,30134,31574,1440,4,5000,static,72,72,-289.9476443555315,1.069617,0.807902,1.902393,1.880654,1.34884,2.832223,,1.742436,True,2
0,450,maintenance_burst,33286,32908,33088,180,2,5000,static,5,5,-335.84785599887965,1.348109,1.075396,2.006935,1.777828,1.4281,2.898363,,2.290664,True,1
0,450,maintenance_burst,33286,32908,33088,180,2,5000,temporal,1,1,-335.84785599887965,1.162207,0.956036,2.03694,1.601432,1.24975,2.568164,,2.290664,True,2
0,451,maintenance_burst,33267,32904,33264,360,6,10000,temporal,3,3,-1185.0077565970848,2.008608,1.387438,2.925664,1.912332,1.479538,2.965485,,4.520186,True,1
0,451,maintenance_burst,33267,32904,33264,360,6,10000,static,26,26,-1185.0077565970848,1.391775,0.993623,2.275221,2.961299,2.528864,3.968021,,4.520186,True,2
0,452,maintenance_burst,32016,31060,31780,720,4,5000,static,38,38,-996.2567902065952,1.708293,1.390343,2.560993,2.053736,1.492858,3.117365,,4.28462,True,1
0,452,maintenance_burst,32016,31060,31780,720,4,5000,temporal,6,6,-996.2567902065952,1.214617,0.952761,2.132325,1.832512,1.3421,2.789218,,4.28462,True,2
0,453,maintenance_burst,34255,33917,33977,60,2,5000,temporal,1,1,5.472148869195136,1.863288,1.459898,2.697139,1.71241,1.456783,2.63787,,2.768126,True,1
0,453,maintenance_burst,34255,33917,33977,60,2,5000,static,1,1,5.472148869195136,1.647392,1.250141,2.508884,2.510477,2.197343,3.614147,,2.768126,True,2
0,454,maintenance_burst,31613,31132,31312,180,6,1000,static,16,16,640.4405203361832,2.194018,1.804299,3.100489,2.338567,1.857951,3.313501,,3.216685,True,1
0,454,maintenance_burst,31613,31132,31312,180,6,1000,temporal,3,3,640.4405203361832,1.491556,1.158192,2.404586,2.106516,1.724438,3.188722,,3.216685,True,2
0,455,maintenance_burst,30680,30345,30405,60,2,1000,temporal,2,2,-137.4342503600438,1.797298,1.492867,2.49232,2.062279,1.76493,2.918144,,3.778244,True,1
0,455,maintenance_burst,30680,30345,30405,60,2,1000,static,3,3,-137.4342503600438,1.111631,0.80661,1.778831,1.828085,1.516293,2.524859,,3.778244,True,2
0,456,maintenance_burst,31590,31305,31485,180,2,5000,static,5,5,52.10044336422729,1.883228,1.564045,2.563287,1.797919,1.48737,2.61888,,1.865061,True,1
0,456,maintenance_burst,31590,31305,31485,180,2,5000,temporal,1,1,52.10044336422729,1.363222,1.098932,1.993094,1.952924,1.645248,2.816971,,1.865061,True,2
0,457,maintenance_burst,35056,34614,34794,180,6,10000,temporal,9,9,679.596136089263,2.077712,1.650066,3.174121,3.389035,2.993458,4.677495,,3.098286,True,1
0,457,maintenance_burst,35056,34614,34794,180,6,10000,static,21,21,679.596136089263,1.122377,0.901444,1.809497,2.233037,1.812912,3.610686,,3.098286,True,2
0,458,maintenance_burst,31840,31008,31728,720,4,5000,static,37,37,-676.7946503475816,1.453679,1.113083,2.067677,1.892623,1.493659,2.733624,,3.219149,True,1
0,458,maintenance_burst,31840,31008,31728,720,4,5000,temporal,6,6,-676.7946503475816,1.042687,0.847882,1.715484,2.440181,1.984761,3.254667,,3.219149,True,2
0,459,maintenance_burst,30966,30801,30861,60,4,10000,temporal,2,2,181.93169226999723,2.000145,1.690286,2.861207,2.573342,2.278867,3.680346,,3.394845,True,1
0,459,maintenance_burst,30966,30801,30861,60,4,10000,static,6,6,181.93169226999723,1.475582,1.19662,2.351156,1.964091,1.688865,2.996102,,3.394845,True,2
0,460,maintenance_burst,30613,29993,30353,360,2,5000,static,11,11,-460.6126410984907,1.772661,1.354669,2.594194,2.209672,1.587971,3.214382,,1.899212,True,1
0,460,maintenance_burst,30613,29993,30353,360,2,5000,temporal,2,2,-460.6126410984907,1.131491,0.895244,2.017962,1.947866,1.569454,3.051174,,1.899212,True,2
0,461,maintenance_burst,35157,35092,35152,60,4,5000,temporal,2,2,167.0062843011224,1.853704,1.551897,2.732623,2.161199,1.828475,3.223345,,3.41237,True,1
0,461,maintenance_burst,35157,35092,35152,60,4,5000,static,6,6,167.0062843011224,1.207917,0.907583,2.067477,1.78557,1.456903,2.910583,,3.41237,True,2
0,462,maintenance_burst,31237,30594,30954,360,4,10000,static,20,20,260.1811808245524,1.98347,1.702034,2.937863,14.88327,14.192995,16.190056,,3.61027,True,1
0,462,maintenance_burst,31237,30594,30954,360,4,10000,temporal,2,2,260.1811808245524,2.177844,1.830829,3.360753,2.476335,1.735315,3.714759,,3.61027,True,2
0,463,maintenance_burst,31303,30792,30972,180,4,10000,temporal,2,2,654.983315950565,1.939313,1.483403,2.860836,2.253779,1.927084,3.190305,,2.091663,True,1
0,463,maintenance_burst,31303,30792,30972,180,4,10000,static,8,8,654.983315950565,1.754293,1.418606,2.370275,1.799992,1.468841,2.57232,,2.091663,True,2
0,464,maintenance_burst,33393,31631,33071,1440,4,1000,static,106,106,-389.63570318683446,1.751138,1.341268,2.583748,2.373911,1.754964,3.392801,,2.454121,True,1
0,464,maintenance_burst,33393,31631,33071,1440,4,1000,temporal,16,16,-389.63570318683446,1.648413,1.309771,2.346219,2.141329,1.594631,2.87608,,2.454121,True,2
0,465,maintenance_burst,32043,31599,31779,180,2,1000,temporal,3,3,-308.654641441664,1.832732,1.516594,2.464317,1.688013,1.391825,2.513962,,1.272555,True,1
0,465,maintenance_burst,32043,31599,31779,180,2,1000,static,9,9,-308.654641441664,1.350783,1.144782,2.041318,1.878281,1.252033,2.693364,,1.272555,True,2
0,466,maintenance_burst,35641,34146,35586,1440,4,10000,static,74,74,-442.08416209200425,1.604527,1.237481,2.223934,2.277535,1.426337,3.115982,,3.164796,True,1
0,466,maintenance_burst,35641,34146,35586,1440,4,10000,temporal,11,11,-442.08416209200425,1.212454,0.932931,1.865902,1.713622,1.22973,2.454452,,3.164796,True,2
0,467,maintenance_burst,33805,33420,33780,360,4,1000,temporal,2,2,1270.419120734914,1.624146,1.294187,2.301661,20.020088,1.651227,21.060952,,1.885021,True,1
0,467,maintenance_burst,33805,33420,33780,360,4,1000,static,19,19,1270.419120734914,1.956169,1.582083,3.008871,2.424147,1.99032,3.413722,,1.885021,True,2
0,468,maintenance_burst,34911,34175,34895,720,2,5000,static,20,20,-625.8039814659546,1.664417,1.357863,2.352898,2.462695,1.889558,3.555402,,1.832442,True,1
0,468,maintenance_burst,34911,34175,34895,720,2,5000,temporal,3,3,-625.8039814659546,1.233837,0.980132,2.01642,1.681643,1.281899,2.651731,,1.832442,True,2
0,469,maintenance_burst,31482,29687,31127,1440,6,1000,temporal,16,16,481.2568491157869,1.675264,1.326907,2.518069,2.254039,1.688884,3.090384,,2.68431,True,1
0,469,maintenance_burst,31482,29687,31127,1440,6,1000,static,106,106,481.2568491157869,1.205843,0.9195,2.145034,1.895787,1.364824,2.765703,,2.68431,True,2
0,470,maintenance_burst,34740,33240,34680,1440,2,5000,static,32,32,11.141141411535116,2.035018,1.604887,2.867286,2.726954,1.995067,3.591061,,1.655423,True,1
0,470,maintenance_burst,34740,33240,34680,1440,2,5000,temporal,5,5,11.141141411535116,1.358174,1.023998,2.355682,2.838643,2.103261,3.791313,,1.655423,True,2
0,471,maintenance_burst,35995,34414,35854,1440,6,5000,temporal,14,14,-459.7894739387661,2.529756,2.042119,4.462229,2.304105,1.651568,3.257887,,0.72062,True,1
0,471,maintenance_burst,35995,34414,35854,1440,6,5000,static,104,104,-459.7894739387671,1.213856,0.920052,2.226767,2.638671,1.889849,3.751814,,0.72062,True,2
0,472,maintenance_burst,33914,33761,33821,60,4,10000,static,3,3,217.6740443898827,2.127973,1.776071,15.846426,2.278556,1.896028,3.281783,,0.758487,True,1
0,472,maintenance_burst,33914,33761,33821,60,4,10000,temporal,2,2,217.6740443898827,1.222739,0.993583,2.14858,1.788956,1.503825,3.293541,,0.758487,True,2
0,473,maintenance_burst,31986,31533,31713,180,4,5000,temporal,2,2,-703.6568067978626,1.73191,1.469202,2.71812,2.289552,1.835445,3.2927,,3.208412,True,1
0,473,maintenance_burst,31986,31533,31713,180,4,5000,static,11,11,-703.6568067978626,1.113234,0.857336,2.097222,2.007737,1.625478,3.175924,,3.208412,True,2
0,474,maintenance_burst,35126,34846,35026,180,2,1000,static,4,4,299.4982856132409,1.729666,1.312875,2.695116,1.703195,1.397243,2.965575,,3.488596,True,1
0,474,maintenance_burst,35126,34846,35026,180,2,1000,temporal,1,1,299.4982856132409,1.175028,0.961244,2.204094,1.810228,1.474951,2.917903,,3.488596,True,2
0,475,maintenance_burst,35674,34080,35520,1440,2,1000,temporal,4,4,-92.89129758470676,1.678308,1.289059,2.874056,2.976511,1.403422,4.055935,,3.721678,True,1
0,475,maintenance_burst,35674,34080,35520,1440,2,1000,static,32,32,-92.89129758470676,1.76583,1.363773,2.681416,1.921265,1.48741,3.044895,,3.721678,True,2
0,476,maintenance_burst,35095,34647,34827,180,4,1000,static,14,14,555.7072874257967,1.277011,1.04469,2.151784,1.91742,1.581442,3.081311,,0.894843,True,1
0,476,maintenance_burst,35095,34647,34827,180,4,1000,temporal,6,6,555.7072874257967,0.995516,0.807962,1.855887,1.70562,1.411194,2.838313,,0.894843,True,2
0,477,maintenance_burst,34825,34217,34577,360,2,10000,temporal,1,1,-571.5297747311995,2.607594,2.12882,3.683341,2.722958,2.161609,3.889994,,1.745169,True,1
0,477,maintenance_burst,34825,34217,34577,360,2,10000,static,9,9,-571.5297747311995,1.589114,1.24965,2.564748,2.274239,1.830789,3.399832,,1.745169,True,2
0,478,maintenance_burst,32951,31388,32828,1440,2,1000,static,49,49,-156.08760987741124,2.015589,1.606249,3.090384,2.733064,2.033706,3.792736,,2.830261,True,1
0,478,maintenance_burst,32951,31388,32828,1440,2,1000,temporal,6,6,-156.0876098774108,1.52067,1.172423,2.478579,2.400221,1.753663,3.47093,,2.830261,True,2
0,479,maintenance_burst,34918,34044,34764,720,2,5000,temporal,4,4,-843.5669014394538,2.024832,1.606059,3.00852,2.826816,2.005704,3.94045,,1.898791,True,1
0,479,maintenance_burst,34918,34044,34764,720,2,5000,static,22,22,-843.5669014394538,1.654031,1.275509,2.554624,2.564749,1.908777,3.79501,,1.898791,True,2
0,480,window_drift,40081,38608,40048,1440,4,1000,static,72,72,-154.69001830435053,2.144553,1.63955,3.108171,3.389656,2.066636,4.412194,,0.799909,True,1
0,480,window_drift,40081,38608,40048,1440,4,1000,temporal,10,10,-154.69001830435053,1.680672,1.272635,2.666743,2.485369,1.734913,3.576049,,0.799909,True,2
0,481,window_drift,42259,40517,41957,1440,6,1000,temporal,15,15,350.555955246558,1.353086,1.049387,2.047988,1.807604,1.243981,2.569045,,0.543783,True,1
0,481,window_drift,42259,40517,41957,1440,6,1000,static,110,110,350.555955246558,1.485177,1.002266,2.428413,12.822132,11.555266,16.710817,,0.543783,True,2
0,482,window_drift,39333,38843,39203,360,2,1000,static,11,11,643.6232341576599,2.34722,1.953004,3.222193,1.941116,1.336842,2.901479,,2.042269,True,1
0,482,window_drift,39333,38843,39203,360,2,1000,temporal,3,3,643.6232341576599,1.489032,1.208298,2.077552,1.549323,1.244713,2.249652,,2.042269,True,2
0,483,window_drift,42027,41104,41824,720,4,1000,temporal,6,6,441.2371284832327,1.484205,1.041455,2.207689,1.674312,1.250922,2.696038,,1.725845,True,1
0,483,window_drift,42027,41104,41824,720,4,1000,static,37,37,441.2371284832327,1.118271,0.863916,1.754544,1.98299,1.596675,2.716759,,1.725845,True,2
0,484,window_drift,41518,39848,41288,1440,2,5000,static,34,34,-106.42975094650578,1.350031,1.020213,2.1026,1.985803,1.502923,2.748928,,0.967122,True,1
0,484,window_drift,41518,39848,41288,1440,2,5000,temporal,6,6,-106.42975094650578,1.247006,1.00531,1.927325,2.218815,1.431214,3.007283,,0.967122,True,2
0,485,window_drift,40194,37284,40164,2880,4,5000,temporal,19,19,407.0322859665703,1.424925,0.938339,2.196728,2.286188,1.438285,3.04835,,1.037569,True,1
0,485,window_drift,40194,37284,40164,2880,4,5000,static,144,144,407.0322859665703,1.286205,0.933962,2.189882,2.245136,1.576684,3.063974,,1.037569,True,2
0,486,window_drift,39581,36498,39378,2880,2,1000,static,65,65,111.13792923734184,1.234788,0.899521,1.960475,126.447517,119.736398,127.489633,,1.119033,True,1
0,486,window_drift,39581,36498,39378,2880,2,1000,temporal,9,9,111.13792923734128,4.151569,3.575828,6.097352,2.460892,1.703316,4.042865,,1.119033,True,2
0,487,window_drift,39182,38179,38899,720,6,5000,temporal,9,9,-1149.9568016498897,1.801755,1.422581,2.53873,3.544901,2.030841,4.37041,,4.233312,True,1
0,487,window_drift,39182,38179,38899,720,6,5000,static,54,54,-1149.9568016498897,3.965838,3.252389,4.781852,4.526375,3.710262,5.506768,,4.233312,True,2
0,488,window_drift,41155,38019,40899,2880,2,200,static,65,65,-380.267462149995,2.874908,2.396385,3.8085,2.503727,1.81134,3.562998,,1.770467,True,1
0,488,window_drift,41155,38019,40899,2880,2,200,temporal,9,9,-380.26746214999423,1.444795,0.881113,2.2418,2.282252,1.617115,3.285298,,1.770467,True,2
0,489,window_drift,38277,35300,38180,2880,4,200,temporal,18,18,-111.80448906067976,2.672222,2.017331,3.825566,2.511618,1.576234,3.591372,,1.202118,True,1
0,489,window_drift,38277,35300,38180,2880,4,200,static,142,142,-111.80448906067976,1.178672,0.835944,2.178786,2.394161,1.287787,3.392621,,1.202118,True,2
0,490,window_drift,38984,38521,38881,360,6,1000,static,26,26,-234.3225720557,1.353728,1.097249,2.254921,2.484878,1.534911,3.570329,,2.287791,True,1
0,490,window_drift,38984,38521,38881,360,6,1000,temporal,3,3,-234.3225720557,1.253356,1.007513,2.239867,2.332157,1.739571,3.395124,,2.287791,True,2
0,491,window_drift,38733,37223,38663,1440,2,200,temporal,5,5,-54.94389920861708,1.431685,1.06397,2.595466,1.762376,1.283471,2.839775,,1.185343,True,1
0,491,window_drift,38733,37223,38663,1440,2,200,static,33,33,-54.94389920861708,12.858056,1.371925,13.843997,2.729338,1.990731,3.97393,,1.185343,True,2
0,492,window_drift,40813,39360,40800,1440,2,1000,static,37,37,-22.57047918938997,1.294628,0.961945,2.099726,2.10243,1.459647,3.097855,,1.544586,True,1
0,492,window_drift,40813,39360,40800,1440,2,1000,temporal,5,5,-22.57047918938997,1.263821,1.022978,2.078254,1.833363,1.269319,3.737552,,1.544586,True,2
0,493,window_drift,38936,35997,38877,2880,8,1000,temporal,39,39,898.056918027243,1.994327,1.273666,2.897993,2.682397,1.430544,3.812837,,1.983029,True,1
0,493,window_drift,38936,35997,38877,2880,8,1000,static,291,291,898.056918027243,1.750667,1.033934,2.941118,3.56396,1.635663,4.923556,,1.983029,True,2
0,494,window_drift,38771,38075,38435,360,2,5000,static,11,11,-601.625491642834,1.844259,1.496002,2.826004,3.0814,2.403585,4.229567,,1.948838,True,1
0,494,window_drift,38771,38075,38435,360,2,5000,temporal,3,3,-601.625491642834,1.21044,0.980433,2.123171,1.702756,1.079132,2.730049,,1.948838,True,2
0,495,window_drift,40945,40296,40656,360,6,200,temporal,10,10,960.1828693681364,1.817979,1.463604,2.752763,2.197062,1.711198,3.442126,,1.763157,True,1
0,495,window_drift,40945,40296,40656,360,6,200,static,32,32,960.1828693681364,0.997398,0.804537,1.852742,1.708694,1.175348,2.679663,,1.763157,True,2
0,496,window_drift,42172,41409,42129,720,2,1000,static,20,20,768.2099711092181,1.48816,1.146605,2.369223,1.747923,1.338004,2.778131,,4.588901,True,1
0,496,window_drift,42172,41409,42129,720,2,1000,temporal,3,3,768.2099711092181,1.007053,0.801933,16.626231,2.472019,1.646741,3.644392,,4.588901,True,2
0,497,window_drift,40961,40165,40885,720,4,1000,temporal,6,6,1403.585320994065,1.436322,1.102718,2.283944,1.799442,1.401881,2.925955,,1.363232,True,1
0,497,window_drift,40961,40165,40885,720,4,1000,static,38,38,1403.585320994065,1.462662,1.106414,2.445708,1.813352,1.370192,2.86294,,1.363232,True,2
0,498,window_drift,42860,41282,42722,1440,6,1000,static,107,107,3.193012560966281,1.238924,0.89257,2.191364,2.079605,1.246605,3.115983,,0.900361,True,1
0,498,window_drift,42860,41282,42722,1440,6,1000,temporal,16,16,3.193012560966281,1.369351,1.029728,2.51923,2.014646,1.419046,3.108471,,0.900361,True,2
0,499,window_drift,39191,37465,38905,1440,4,5000,temporal,10,10,371.7181406827212,1.424615,1.082016,2.538078,1.933334,1.269961,2.894368,,1.471105,True,1
0,499,window_drift,39191,37465,38905,1440,4,5000,static,73,73,371.7181406827212,1.453088,1.149338,2.548134,2.06263,1.342019,3.201311,,1.471105,True,2
0,500,window_drift,38590,37730,38450,720,4,1000,static,38,38,-993.406842431469,1.909077,1.616345,2.767876,2.267229,1.581131,3.304327,,1.69273,True,1
0,500,window_drift,38590,37730,38450,720,4,1000,temporal,6,6,-993.406842431469,1.110419,0.844478,2.059325,2.372568,1.737217,3.604341,,1.69273,True,2
0,501,window_drift,39957,38444,39884,1440,2,1000,temporal,5,5,-69.55274932565789,2.633393,1.744258,7.239909,2.793515,1.79167,3.789581,,1.514781,True,1
0,501,window_drift,39957,38444,39884,1440,2,1000,static,40,40,-69.55274932565789,1.647041,1.246725,20.656401,3.338439,1.947455,4.427236,,1.514781,True,2
0,502,window_drift,38837,37913,38633,720,2,200,static,21,21,-605.9075498043876,2.303253,1.059443,3.065066,2.490892,2.00708,3.439642,,1.867103,True,1
0,502,window_drift,38837,37913,38633,720,2,200,temporal,3,3,-605.9075498043876,1.73252,1.290392,2.475955,1.963389,1.384744,2.781527,,1.867103,True,2
0,503,window_drift,42436,41732,42092,360,4,1000,temporal,6,6,905.5278773692994,1.589334,1.297873,2.298627,2.279919,1.846372,3.226089,,1.507199,True,1
0,503,window_drift,42436,41732,42092,360,4,1000,static,22,22,905.5278773692994,1.031871,0.836205,1.712961,1.575113,1.251343,2.415694,,1.507199,True,2
0,504,window_drift,41151,39686,41126,1440,2,5000,static,34,34,-156.13302747834183,1.168017,0.900762,1.934055,2.455433,1.673941,3.309856,,1.153474,True,1
0,504,window_drift,41151,39686,41126,1440,2,5000,temporal,6,6,-156.13302747834183,2.025654,1.294628,2.861808,2.900808,1.865702,3.770243,,1.153474,True,2
0,505,window_drift,37941,37402,37762,360,4,200,temporal,5,5,1078.0871413635002,1.437464,1.1375,2.343444,1.845181,1.431044,2.594864,,1.5276,True,1
0,505,window_drift,37941,37402,37762,360,4,200,static,19,19,1078.0871413635002,1.055376,0.825238,1.755155,1.615253,1.232685,2.363695,,1.5276,True,2
0,506,window_drift,42081,41176,41896,720,4,1000,static,37,37,1399.951320119849,1.126985,0.869986,1.751048,1.749025,1.230932,2.502494,,1.463383,True,1
0,506,window_drift,42081,41176,41896,720,4,1000,temporal,5,5,1399.951320119849,1.161096,0.880622,1.845852,1.658469,1.215769,2.398117,,1.463383,True,2
0,507,window_drift,40597,37621,40501,2880,2,200,temporal,9,9,432.45489653733455,1.436453,1.085492,2.322283,2.53267,1.595853,3.31879,,1.992353,True,1
0,507,window_drift,40597,37621,40501,2880,2,200,static,66,66,432.4548965373344,2.207609,1.346496,2.895389,1.876447,1.25013,2.63148,,1.992353,True,2
0,508,window_drift,37617,36924,37284,360,6,1000,static,27,27,-1747.0917939010524,2.487332,2.052784,4.039474,1.97006,1.462121,3.523058,,0.585705,True,1
0,508,window_drift,37617,36924,37284,360,6,1000,temporal,3,3,-1747.0917939010524,1.336261,1.002506,2.255662,1.827414,1.410393,2.748356,,0.585705,True,2
0,509,window_drift,42659,40918,42358,1440,2,5000,temporal,5,5,-171.31991966621032,1.683196,1.237621,2.461613,1.700802,1.309531,2.507161,,2.138785,True,1
0,509,window_drift,42659,40918,42358,1440,2,5000,static,39,39,-171.31991966621032,1.589725,0.959501,2.282833,1.664948,1.226074,2.914869,,2.138785,True,2
0,510,window_drift,41543,39811,41251,1440,4,200,static,72,72,-440.753945619028,1.646951,1.345405,2.438268,1.836167,1.284703,2.879285,,1.209088,True,1
0,510,window_drift,41543,39811,41251,1440,4,200,temporal,10,10,-440.753945619028,1.142398,0.901503,2.03649,1.872963,1.339405,2.974899,,1.209088,True,2
0,511,window_drift,38718,37905,38625,720,2,1000,temporal,3,3,-587.7192977813896,1.793102,1.409492,2.772352,2.081898,1.360978,3.079788,,5.515,True,1
0,511,window_drift,38718,37905,38625,720,2,1000,static,20,20,-587.7192977813896,1.299836,0.987533,2.02998,1.619219,1.253716,2.461673,,5.515,True,2
0,512,window_drift,41881,40956,41676,720,4,1000,static,38,38,410.7587818529895,1.338555,1.03087,2.127818,1.960315,1.471916,2.821807,,2.17559,True,1
0,512,window_drift,41881,40956,41676,720,4,1000,temporal,7,7,410.7587818529895,1.122998,0.845539,1.84501,1.782687,1.317734,2.592191,,2.17559,True,2
0,513,window_drift,37906,34815,37695,2880,6,5000,temporal,28,28,1149.5598407465866,1.614522,1.044269,2.461302,2.597649,1.640181,3.396987,,1.773052,True,1
0,513,window_drift,37906,34815,37695,2880,6,5000,static,223,223,1149.5598407465868,1.34879,0.742903,2.212306,2.540853,1.681353,3.62962,,1.773052,True,2
0,514,window_drift,42798,39593,42473,2880,4,5000,static,140,140,-793.0049214344849,4.151438,1.09734,4.821161,2.660634,1.566439,3.729501,,2.22798,True,1
0,514,window_drift,42798,39593,42473,2880,4,5000,temporal,18,18,-793.0049214344849,1.36855,0.99193,2.301792,1.968828,1.128888,2.954248,,2.22798,True,2
0,515,window_drift,40617,37470,40350,2880,2,200,temporal,9,9,366.7982858625661,1.151031,0.809274,2.174359,1.901746,1.357243,2.855428,,1.689185,True,1
0,515,window_drift,40617,37470,40350,2880,2,200,static,65,65,366.7982858625662,1.118993,0.741151,1.984481,1.802417,1.253166,2.732203,,1.689185,True,2
0,516,window_drift,39807,39405,39765,360,2,1000,static,12,12,-417.8995436696554,1.072372,0.803585,1.67926,1.674252,1.227176,2.412518,,1.274587,True,1
0,516,window_drift,39807,39405,39765,360,2,1000,temporal,2,2,-417.8995436696554,0.878048,0.688571,1.449692,1.458156,1.17673,2.243673,,1.274587,True,2
0,517,window_drift,41994,39081,41961,2880,4,200,temporal,19,19,608.1706516848379,1.128356,0.819669,1.689876,1.806872,1.178282,2.468564,,1.299966,True,1
0,517,window_drift,41994,39081,41961,2880,4,200,static,141,141,608.1706516848374,1.177832,0.818167,1.934175,2.179195,1.397484,2.932726,,1.299966,True,2
0,518,window_drift,39220,38228,38948,720,4,5000,static,38,38,224.0712735898156,1.552308,1.158623,2.178725,2.130522,1.240676,2.87613,,1.24916,True,1
0,518,window_drift,39220,38228,38948,720,4,5000,temporal,6,6,224.0712735898156,1.270251,0.964228,1.935036,1.848776,1.233837,3.065767,,1.24916,True,2
0,519,window_drift,41336,40511,41231,720,4,1000,temporal,6,6,-1705.3519536874187,1.228598,0.958129,1.915487,2.337615,1.770658,3.064575,,1.635533,True,1
0,519,window_drift,41336,40511,41231,720,4,1000,static,36,36,-1705.3519536874187,0.999291,0.794441,1.614432,2.146666,1.658058,2.934799,,1.635533,True,2
0,520,window_drift,42579,41754,42474,720,4,1000,static,37,37,-1059.576310541145,1.383913,1.119943,1.995077,1.981987,1.465617,2.882179,,2.005012,True,1
0,520,window_drift,42579,41754,42474,720,4,1000,temporal,6,6,-1059.576310541145,1.22324,0.912961,17.314036,2.08224,1.547491,3.252139,,2.005012,True,2
0,521,window_drift,39613,39078,39438,360,4,1000,temporal,2,2,556.1558589975181,1.226104,0.989757,2.070211,1.635694,1.296731,2.797201,,1.364754,True,1
0,521,window_drift,39613,39078,39438,360,4,1000,static,16,16,556.1558589975181,0.909275,0.704886,1.764208,1.536244,1.15025,2.460411,,1.364754,True,2
0,522,window_drift,42291,40598,42038,1440,2,1000,static,32,32,-63.095595190456,1.175839,0.904378,2.054337,1.790137,1.131651,2.857712,,1.227707,True,1
0,522,window_drift,42291,40598,42038,1440,2,1000,temporal,5,5,-63.095595190456,1.294688,0.871088,2.136952,1.698589,1.207787,2.684039,,1.227707,True,2
0,523,window_drift,41408,40603,41323,720,4,5000,temporal,6,6,-1413.2614656639348,1.176039,0.843335,2.02329,1.609604,1.220636,2.680073,,1.450724,True,1
0,523,window_drift,41408,40603,41323,720,4,5000,static,38,38,-1413.2614656639348,1.019893,0.732128,1.802115,1.519589,1.102628,2.525259,,1.450724,True,2
0,524,window_drift,42055,40515,41955,1440,2,200,static,38,38,129.66883549417858,1.39493,0.901133,2.219687,1.551086,1.110941,2.536587,,1.5015,True,1
0,524,window_drift,42055,40515,41955,1440,2,200,temporal,5,5,129.66883549417858,1.303652,0.772419,2.197333,1.931522,1.345835,2.961985,,1.5015,True,2
0,525,window_drift,41989,40510,41950,1440,4,200,temporal,10,10,251.9680701955259,1.132813,0.832399,1.730788,3.942784,1.986494,6.102674,,1.122628,True,1
0,525,window_drift,41989,40510,41950,1440,4,200,static,71,71,251.9680701955259,1.408811,0.983447,2.468038,2.010531,1.310252,3.135783,,1.122628,True,2
0,526,window_drift,39204,36232,39112,2880,2,200,static,65,65,347.0390069647999,1.512478,0.942496,2.398797,1.673271,1.15721,2.76361,,1.999324,True,1
0,526,window_drift,39204,36232,39112,2880,2,200,temporal,9,9,347.0390069647998,1.077119,0.718006,1.951882,15.658293,1.989569,16.761641,,1.999324,True,2
0,527,window_drift,39517,38680,39400,720,2,1000,temporal,3,3,803.1739017695036,2.260819,1.812931,3.148752,2.037341,1.524907,3.02816,,1.49414,True,1
0,527,window_drift,39517,38680,39400,720,2,1000,static,16,16,803.1739017695036,0.979983,0.742493,1.605789,1.459267,1.120955,2.22102,,1.49414,True,2
0,528,window_drift,40486,40085,40445,360,4,1000,static,20,20,994.5462606489714,1.129378,0.909516,1.858902,2.157823,1.177361,3.02786,,1.073053,True,1
0,528,window_drift,40486,40085,40445,360,4,1000,temporal,6,6,994.5462606489714,0.957067,0.689443,1.776267,1.579689,1.267397,2.662687,,1.073053,True,2
0,529,window_drift,40577,39546,40266,720,6,200,temporal,8,8,-1819.8737906023384,3.529418,3.175724,4.329108,2.163001,1.358554,3.184286,,1.392937,True,1
0,529,window_drift,40577,39546,40266,720,6,200,static,56,56,-1819.8737906023384,1.119523,0.832559,2.022238,1.66627,1.173225,2.667515,,1.392937,True,2
0,530,window_drift,38949,38475,38835,360,8,200,static,38,38,295.66909717161275,1.197501,0.950448,2.048789,1.988728,1.41504,3.07438,,1.482002,True,1
0,530,window_drift,38949,38475,38835,360,8,200,temporal,4,4,295.66909717161275,1.375079,1.010258,2.270113,1.942988,1.285874,3.027609,,1.482002,True,2
0,531,window_drift,39568,38546,39266,720,2,200,temporal,3,3,715.0019214921313,1.339926,1.033193,2.170583,1.813613,1.200676,2.870651,,1.60653,True,1
0,531,window_drift,39568,38546,39266,720,2,200,static,19,19,715.0019214921313,0.947564,0.725818,1.771569,1.849076,1.305003,2.810771,,1.60653,True,2
0,532,window_drift,42366,39327,42207,2880,2,200,static,75,75,-102.683670782996,1.412957,0.818248,2.237404,1.734494,1.176599,2.761517,,1.596956,True,1
0,532,window_drift,42366,39327,42207,2880,2,200,temporal,9,9,-102.68367078299713,1.111711,0.768512,2.083721,1.649755,1.049267,17.772435,,1.596956,True,2
0,533,window_drift,41367,39728,41168,1440,4,200,temporal,14,14,-337.5567092993141,1.946554,1.510665,2.563988,1.909949,1.277282,2.612071,,1.519128,True,1
0,533,window_drift,41367,39728,41168,1440,4,200,static,74,74,-337.5567092993141,1.53404,1.144241,2.28786,2.335673,1.62008,3.11415,,1.519128,True,2
0,534,window_drift,38445,38083,38443,360,8,200,static,42,42,-2408.722394679785,1.184872,0.951429,1.830038,1.615423,1.16991,2.437517,,1.384825,True,1
0,534,window_drift,38445,38083,38443,360,8,200,temporal,12,12,-2408.722394679785,1.410744,1.154716,2.382323,1.858831,1.379266,2.693994,,1.384825,True,2
0,535,window_drift,42753,39756,42636,2880,4,5000,temporal,18,18,-562.4904625624688,2.641555,2.297314,3.505892,2.58514,1.770798,3.687077,,1.855456,True,1
0,535,window_drift,42753,39756,42636,2880,4,5000,static,140,140,-562.4904625624695,1.852021,1.187666,2.604529,1.949879,1.23615,3.297908,,1.855456,True,2
0,536,window_drift,40542,39910,40270,360,4,5000,static,19,19,-4.370630872454932,1.823818,1.516043,2.494984,1.681213,1.327528,2.461613,,1.696907,True,1
0,536,window_drift,40542,39910,40270,360,4,5000,temporal,2,2,-4.370630872454932,0.969576,0.771046,1.575723,2.765042,2.152866,3.489287,,1.696907,True,2
0,537,window_drift,41441,38282,41162,2880,4,1000,temporal,19,19,-770.8170468403107,1.227726,0.870076,1.964091,2.49225,1.588763,3.233571,,1.410603,True,1
0,537,window_drift,41441,38282,41162,2880,4,1000,static,140,140,-770.8170468403107,1.101266,0.781883,1.776297,1.81135,1.13059,2.563958,,1.410603,True,2
0,538,window_drift,42776,41085,42525,1440,4,5000,static,72,72,-422.8288432377532,1.961357,1.546098,2.69069,2.828929,1.867464,3.597762,,1.38876,True,1
0,538,window_drift,42776,41085,42525,1440,4,5000,temporal,10,10,-422.8288432377532,1.788916,1.323611,2.881568,2.086275,1.499497,2.828989,,1.38876,True,2
0,539,window_drift,43087,42527,42887,360,4,5000,temporal,6,6,578.4782649184995,1.58035,1.199014,2.252347,1.697727,1.314648,2.720951,,0.564013,True,1
0,539,window_drift,43087,42527,42887,360,4,5000,static,22,22,578.4782649184995,1.431985,1.113424,2.092344,2.213217,1.601402,3.184967,,0.564013,True,2
0,540,window_drift,38459,35530,38410,2880,4,1000,static,146,146,-687.8427368328839,1.863839,1.136669,2.547934,2.987778,1.773692,3.741969,,1.32919,True,1
0,540,window_drift,38459,35530,38410,2880,4,1000,temporal,20,20,-687.8427368328807,1.952703,1.292495,2.701095,2.640965,1.708725,3.388144,,1.32919,True,2
0,541,window_drift,40404,39562,40282,720,2,1000,temporal,4,4,-254.61382605109867,1.917611,1.419256,2.68786,2.644449,2.042299,3.800828,,1.531621,True,1
0,541,window_drift,40404,39562,40282,720,2,1000,static,21,21,-254.61382605109867,1.430594,1.075066,2.236482,2.160328,1.598557,3.054119,,1.531621,True,2
0,542,window_drift,37459,35673,37113,1440,2,200,static,40,40,-174.52420090954064,1.650807,1.035676,2.365838,2.212045,1.310472,2.966326,,1.939804,True,1
0,542,window_drift,37459,35673,37113,1440,2,200,temporal,6,6,-174.52420090954,1.44128,0.916906,2.203343,1.893975,1.26314,2.734806,,1.939804,True,2
0,543,window_drift,41997,40442,41882,1440,8,1000,temporal,19,19,429.8660038923766,2.114178,1.483343,2.781808,2.198636,1.476453,3.064235,,2.338327,True,1
0,543,window_drift,41997,40442,41882,1440,8,1000,static,141,141,429.8660038923766,1.198573,0.856235,1.916168,3.100269,1.783878,4.279001,,2.338327,True,2
0,544,window_drift,40678,37521,40401,2880,6,1000,static,222,222,1131.805260778408,6.163102,4.923186,7.349716,2.544899,1.637296,3.54392,,2.451849,True,1
0,544,window_drift,40678,37521,40401,2880,6,1000,temporal,28,28,1131.805260778408,1.514009,1.108947,2.184003,2.026966,1.27637,2.905885,,2.451849,True,2
0,545,window_drift,42372,41599,42319,720,4,1000,temporal,6,6,789.9331360579233,1.804269,1.483574,2.607874,2.628385,1.585679,3.954301,,3.590706,True,1
0,545,window_drift,42372,41599,42319,720,4,1000,static,38,38,789.9331360579233,1.184512,0.90567,1.953124,2.073817,1.414409,2.850411,,3.590706,True,2
0,546,window_drift,39680,38077,39517,1440,6,5000,static,107,107,-431.10091780284847,1.905502,1.431675,2.557037,2.01642,1.381489,2.73077,,1.129408,True,1
0,546,window_drift,39680,38077,39517,1440,6,5000,temporal,15,15,-431.10091780284847,1.597236,1.251623,2.205156,2.830681,1.787864,3.683602,,1.129408,True,2
0,547,window_drift,42593,42022,42382,360,2,1000,temporal,1,1,-291.6014575775425,2.253999,1.70548,2.989591,2.130442,1.6796,3.111767,,2.411648,True,1
0,547,window_drift,42593,42022,42382,360,2,1000,static,10,10,-291.6014575775425,1.818491,1.036328,2.457006,1.582514,1.200415,2.312908,,2.411648,True,2
0,548,window_drift,39289,36392,39272,2880,6,200,static,207,207,1037.471810660761,1.336301,0.930998,1.979674,2.242242,1.382321,2.993137,,2.277975,True,1
0,548,window_drift,39289,36392,39272,2880,6,200,temporal,27,27,1037.471810660761,1.152623,0.801893,1.886464,3.031885,1.747523,4.053931,,2.277975,True,2
0,549,window_drift,38848,37860,38580,720,2,1000,temporal,3,3,-479.9871401498185,1.766772,1.360608,2.471788,2.502364,1.662555,3.34592,,1.215208,True,1
0,549,window_drift,38848,37860,38580,720,2,1000,static,21,21,-479.9871401498185,14.232526,1.264002,15.420223,3.77485,2.605351,5.146725,,1.215208,True,2
0,550,window_drift,43144,40173,43053,2880,2,5000,static,78,78,234.03541060177008,2.087087,1.546189,3.077935,2.775137,1.859743,3.851595,,2.383565,True,1
0,550,window_drift,43144,40173,43053,2880,2,5000,temporal,9,9,234.03541060177008,1.656505,1.231032,2.560112,2.667144,1.72557,3.662489,,2.383565,True,2
0,551,window_drift,38449,35502,38382,2880,6,1000,temporal,28,28,-854.5520591345357,1.389982,1.059182,2.499801,2.901357,1.816747,3.690341,,2.462304,True,1
0,551,window_drift,38449,35502,38382,2880,6,1000,static,223,223,-854.5520591345357,1.927886,1.440809,2.874728,3.566775,2.022049,4.753029,,2.462304,True,2
0,552,window_drift,42112,40352,41792,1440,8,1000,static,146,146,565.0393227817221,2.824131,1.743957,3.737973,3.219069,2.171244,4.486215,,2.390846,True,1
0,552,window_drift,42112,40352,41792,1440,8,1000,temporal,23,23,565.0393227817221,2.206457,1.431946,3.197315,3.235123,2.071513,4.345111,,2.390846,True,2
0,553,window_drift,37951,37188,37908,720,2,5000,temporal,3,3,422.0391417935675,2.368502,1.995559,3.269415,2.548545,1.792962,3.592162,,2.143271,True,1
0,553,window_drift,37951,37188,37908,720,2,5000,static,21,21,422.0391417935675,1.407829,1.001394,2.240369,2.258456,1.643846,3.239349,,2.143271,True,2
0,554,window_drift,41632,39947,41387,1440,4,1000,static,72,72,59.35152347688211,2.462114,1.960416,3.591743,3.095291,2.035478,4.174564,,13.705439,True,1
0,554,window_drift,41632,39947,41387,1440,4,1000,temporal,11,11,59.35152347688211,1.623986,1.278644,2.471488,2.420701,1.757869,3.445852,,13.705439,True,2
0,555,window_drift,40311,37328,40208,2880,6,5000,temporal,25,25,279.4552391916697,2.048268,1.393077,2.919095,2.464217,1.382271,3.483409,,1.42792,True,1
0,555,window_drift,40311,37328,40208,2880,6,5000,static,221,221,279.4552391916697,1.463424,0.923307,2.390105,2.651039,1.418616,3.724093,,1.42792,True,2
0,556,window_drift,38947,38188,38908,720,2,5000,static,21,21,-543.642814230841,1.769596,1.431185,2.588224,2.143342,1.662995,3.111456,,2.699062,True,1
0,556,window_drift,38947,38188,38908,720,2,5000,temporal,3,3,-543.642814230841,1.101165,0.848843,1.915628,1.52747,1.055707,2.402954,,2.699062,True,2
0,557,window_drift,38546,35550,38430,2880,2,5000,temporal,9,9,-358.9733947160617,2.204864,1.711759,3.043553,2.438238,1.596084,3.485371,,1.370873,True,1
0,557,window_drift,38546,35550,38430,2880,2,5000,static,65,65,-358.9733947160617,1.337793,0.891007,2.158054,1.971091,1.235268,2.904933,,1.370873,True,2
0,558,window_drift,37585,37016,37376,360,4,1000,static,16,16,-834.9041115167161,1.85784,1.490755,2.648205,2.780555,1.833373,3.804824,,0.633048,True,1
0,558,window_drift,37585,37016,37376,360,4,1000,temporal,2,2,-834.9041115167161,1.621713,1.261648,2.56197,2.73079,1.905402,4.034912,,0.633048,True,2
0,559,window_drift,39204,37691,39131,1440,4,200,temporal,10,10,346.549409403944,2.24151,1.419637,2.979056,2.544759,1.568222,3.274463,,1.83851,True,1
0,559,window_drift,39204,37691,39131,1440,4,200,static,73,73,346.549409403944,1.479668,0.93187,2.248721,2.133106,1.372426,2.834858,,1.83851,True,2
0,560,window_drift,42114,41043,41763,720,8,200,static,70,70,1.6109652557204406,1.637016,1.211182,2.255111,2.983192,2.091603,3.758224,,2.338166,True,1
0,560,window_drift,42114,41043,41763,720,8,200,temporal,12,12,1.6109652557204406,1.647021,1.289039,2.334772,2.888478,2.097442,3.720588,,2.338166,True,2
0,561,window_drift,38009,36333,37773,1440,4,1000,temporal,11,11,445.6740224799005,1.771229,0.983517,2.334491,3.10737,2.051162,3.810724,,1.751529,True,1
0,561,window_drift,38009,36333,37773,1440,4,1000,static,74,74,445.6740224798998,1.997551,1.30249,2.774446,2.840746,1.800403,3.842651,,1.751529,True,2
0,562,window_drift,41330,38426,41306,2880,6,1000,static,220,220,-1024.730880285544,2.466982,1.524826,3.169304,4.382839,2.104183,5.187436,,1.62669,True,1
0,562,window_drift,41330,38426,41306,2880,6,1000,temporal,26,26,-1024.730880285546,1.980055,1.333266,2.684059,2.954268,2.071783,3.715109,,1.62669,True,2
0,563,window_drift,41841,38621,41501,2880,6,1000,temporal,29,29,231.44202354862608,2.350715,1.809366,2.963632,2.957303,1.966194,3.681758,,2.178795,True,1
0,563,window_drift,41841,38621,41501,2880,6,1000,static,217,217,231.4420235486261,1.8051,1.297503,2.415613,2.98904,1.724608,3.740788,,2.178795,True,2
0,564,window_drift,41411,40507,41227,720,2,5000,static,17,17,-856.6352228058847,1.268058,1.021345,1.884541,1.504595,1.175438,2.348722,,2.325728,True,1
0,564,window_drift,41411,40507,41227,720,2,5000,temporal,3,3,-856.6352228058847,1.082307,0.829775,1.680361,1.390814,1.042487,2.131384,,2.325728,True,2
0,565,window_drift,41055,40379,40739,360,4,5000,temporal,6,6,1035.4617807261106,1.137791,0.917657,1.737438,2.488213,1.799621,3.201131,,1.777879,True,1
0,565,window_drift,41055,40379,40739,360,4,5000,static,22,22,1035.4617807261106,0.935245,0.746169,1.527941,2.098494,1.621662,2.863731,,1.777879,True,2
0,566,window_drift,37866,34740,37620,2880,8,1000,static,287,287,1345.1284822024068,1.686371,1.212905,2.357095,3.487765,2.242452,4.587188,,1.353537,True,1
0,566,window_drift,37866,34740,37620,2880,8,1000,temporal,38,38,1345.1284822024068,1.34913,1.010589,2.057362,2.570438,1.415351,3.432793,,1.353537,True,2
0,567,window_drift,42556,41021,42461,1440,4,1000,temporal,10,10,-479.3661830235293,2.181169,1.485347,2.929641,13.596324,1.61297,14.674986,,1.684278,True,1
0,567,window_drift,42556,41021,42461,1440,4,1000,static,71,71,-479.3661830235293,1.806271,1.290792,2.932294,1.956819,1.386938,3.093639,,1.684278,True,2
0,568,window_drift,41897,41019,41739,720,4,200,static,38,38,788.2461961222427,1.351614,1.074105,2.190263,1.744759,1.297802,2.785433,,2.141629,True,1
0,568,window_drift,41897,41019,41739,720,4,200,temporal,7,7,788.2461961222427,1.016357,0.795282,1.890519,1.803067,1.326937,2.782439,,2.141629,True,2
0,569,window_drift,39704,36542,39422,2880,4,200,temporal,18,18,-26.332436555250524,1.265374,0.942085,2.10234,4.759959,1.407149,5.781434,,2.51905,True,1
0,569,window_drift,39704,36542,39422,2880,4,200,static,143,143,-26.332436555250524,1.378876,1.03178,2.05657,2.090932,1.32176,2.823531,,2.51905,True,2
0,570,window_drift,38759,37242,38682,1440,8,200,static,146,146,179.13745466019225,2.00332,1.310653,2.691901,2.398998,1.528401,3.266771,,2.050802,True,1
0,570,window_drift,38759,37242,38682,1440,8,200,temporal,20,20,179.13745466019225,2.377987,1.212504,3.087971,2.169151,1.430123,3.059597,,2.050802,True,2
0,571,window_drift,41534,39756,41196,1440,6,1000,temporal,16,16,-454.7080289060691,1.84487,1.201748,2.514793,1.999815,1.410232,2.731981,,1.412637,True,1
0,571,window_drift,41534,39756,41196,1440,6,1000,static,111,111,-454.7080289060691,1.161527,0.818949,1.755826,1.859853,1.265414,2.584309,,1.412637,True,2
0,572,window_drift,38257,36726,38166,1440,4,1000,static,72,72,-201.3110487958386,1.972704,1.239765,2.619773,2.352528,1.394639,25.571165,,1.367488,True,1
0,572,window_drift,38257,36726,38166,1440,4,1000,temporal,10,10,-201.3110487958386,2.424667,1.889918,3.36478,2.463916,1.817469,3.46459,,1.367488,True,2
0,573,window_drift,43136,39995,42875,2880,2,1000,temporal,9,9,127.8990785108781,1.912453,1.468842,2.520893,2.449275,1.634222,3.273591,,1.993055,True,1
0,573,window_drift,43136,39995,42875,2880,2,1000,static,74,74,127.89907851087789,1.409702,1.009447,2.008187,2.238505,1.558798,2.966196,,1.993055,True,2
0,574,window_drift,41990,40546,41986,1440,4,200,static,70,70,134.56674444051237,1.808205,1.358095,2.439089,2.865254,1.839973,3.64252,,1.982418,True,1
0,574,window_drift,41990,40546,41986,1440,4,200,temporal,11,11,134.56674444051237,1.415711,1.052922,2.151955,2.570728,1.920204,3.328925,,1.982418,True,2
0,575,window_drift,40446,39649,40369,720,6,1000,temporal,9,9,1009.3838395216746,1.678339,1.281979,2.409985,2.389804,1.847474,3.18059,,1.693741,True,1
0,575,window_drift,40446,39649,40369,720,6,1000,static,54,54,1009.3838395216746,1.528462,1.166475,2.137703,1.89739,1.42164,2.616377,,1.693741,True,2
0,576,window_drift,43038,42443,42803,360,6,1000,static,32,32,-215.4513649531181,1.774354,1.337493,2.514122,2.312057,1.790298,3.08755,,4.317951,True,1
0,576,window_drift,43038,42443,42803,360,6,1000,temporal,9,9,-215.4513649531181,1.444044,1.125742,2.112274,1.671668,1.298043,2.394681,,4.317951,True,2
0,577,window_drift,38133,34959,37839,2880,4,5000,temporal,18,18,734.2732907865025,1.700963,1.221467,2.550097,5.290672,1.402211,6.154779,,1.468181,True,1
0,577,window_drift,38133,34959,37839,2880,4,5000,static,145,145,734.2732907865025,1.542533,0.969677,2.285306,15.417869,2.204985,16.327084,,1.468181,True,2
0,578,window_drift,38662,37024,38464,1440,8,200,static,146,146,-634.0623955479193,1.688804,1.274387,3.13376,5.477564,1.493038,6.295622,,2.847998,True,1
0,578,window_drift,38662,37024,38464,1440,8,200,temporal,20,20,-634.0623955479193,1.389021,1.062647,2.05018,4.454548,1.236781,5.161397,,2.847998,True,2
0,579,window_drift,43040,42538,42898,360,2,5000,temporal,3,3,281.85988157458445,1.373468,1.079693,2.018092,5.283952,1.220346,5.987095,,2.498939,True,1
0,579,window_drift,43040,42538,42898,360,2,5000,static,11,11,281.85988157458445,1.240306,0.964548,5.881455,2.006465,1.606079,2.741176,,2.498939,True,2
0,580,window_drift,38730,37655,38375,720,2,1000,static,20,20,326.8874082213026,1.43491,1.141336,2.146186,1.624366,1.269049,2.436775,,2.92233,True,1
0,580,window_drift,38730,37655,38375,720,2,1000,temporal,3,3,326.8874082213026,1.038721,0.706208,1.796006,1.510896,1.128958,2.246497,,2.92233,True,2
0,581,window_drift,39582,39183,39543,360,4,1000,temporal,2,2,-177.78266905331924,1.363422,1.047714,2.031352,1.562203,1.248308,2.272407,,2.449274,True,1
0,581,window_drift,39582,39183,39543,360,4,1000,static,19,19,-177.78266905331924,1.015546,0.810416,1.682154,1.648774,1.297692,2.366459,,2.449274,True,2
0,582,window_drift,42410,40936,42376,1440,2,1000,static,34,34,-207.0307313781812,1.312175,1.013884,1.990921,2.059845,1.576384,2.875409,,3.188092,True,1
0,582,window_drift,42410,40936,42376,1440,2,1000,temporal,6,6,-207.0307313781812,0.977488,0.735702,1.637937,2.45976,2.04313,3.240041,,3.188092,True,2
0,583,window_drift,41321,40959,41319,360,6,1000,temporal,9,9,-1476.6828184086448,1.198803,0.963197,1.852722,1.813143,1.445446,2.493051,,1.906193,True,1
0,583,window_drift,41321,40959,41319,360,6,1000,static,31,31,-1476.6828184086448,1.102778,0.881684,1.743558,1.753632,1.320327,2.477207,,1.906193,True,2
0,584,window_drift,39913,36825,39705,2880,6,1000,static,222,222,-1257.5552282028038,1.340167,0.921644,1.992533,3.061371,2.077462,3.840258,,1.366106,True,1
0,584,window_drift,39913,36825,39705,2880,6,1000,temporal,27,27,-1257.5552282028038,1.048757,0.798769,1.649345,2.370676,1.197912,3.683642,,1.366106,True,2
0,585,window_drift,42632,41600,42320,720,4,200,temporal,6,6,323.19103385008054,1.746181,1.409742,2.489115,1.739741,1.317904,2.523117,,3.046818,True,1
0,585,window_drift,42632,41600,42320,720,4,200,static,38,38,323.19103385008054,0.949647,0.714971,1.550115,1.801735,1.293716,2.576236,,3.046818,True,2
0,586,window_drift,38433,36921,38361,1440,4,5000,static,73,73,-358.52869541575666,1.15674,0.880762,1.768525,1.88401,1.291433,2.59832,,1.453498,True,1
0,586,window_drift,38433,36921,38361,1440,4,5000,temporal,10,10,-358.52869541576274,1.978152,1.569373,2.634625,1.697617,1.182969,2.559942,,1.453498,True,2
0,587,window_drift,42944,41464,42904,1440,6,200,temporal,15,15,426.36005186238526,2.018443,1.513149,2.655116,2.815318,1.894796,3.545122,,2.422423,True,1
0,587,window_drift,42944,41464,42904,1440,6,200,static,105,105,426.3600518623848,1.572899,1.213215,2.202071,2.062119,1.333517,2.836931,,2.422423,True,2
0,588,window_drift,40977,37959,40839,2880,4,1000,static,144,144,-329.4621996279077,1.862016,1.376121,2.528024,2.336704,1.485747,3.133319,,2.224825,True,1
0,588,window_drift,40977,37959,40839,2880,4,1000,temporal,20,20,-329.4621996279077,1.297542,0.982566,2.080847,2.287069,1.555122,3.003742,,2.224825,True,2
0,589,window_drift,42831,42413,42773,360,2,1000,temporal,3,3,-269.4741640890964,2.041388,1.647862,2.755999,2.253618,1.62637,3.108261,,2.819755,True,1
0,589,window_drift,42831,42413,42773,360,2,1000,static,10,10,-269.4741640890964,1.485677,1.145233,2.087638,1.931812,1.492397,2.867897,,2.819755,True,2
0,590,window_drift,40441,37475,40355,2880,8,5000,static,288,288,1353.2116773027958,1.829858,1.303331,2.469765,2.557819,1.504886,3.327453,,1.845812,True,1
0,590,window_drift,40441,37475,40355,2880,8,5000,temporal,37,37,1353.2116773027958,1.733442,1.266636,2.391808,2.922029,1.877089,3.643841,,1.845812,True,2
0,591,window_drift,38157,37173,37893,720,4,200,temporal,5,5,1066.149801665664,1.757718,1.346176,2.356123,2.34689,1.804409,3.018776,,1.584126,True,1
0,591,window_drift,38157,37173,37893,720,4,200,static,36,36,1066.149801665664,1.452377,1.131662,2.016149,2.234659,1.680151,2.93588,,1.584126,True,2
0,592,window_drift,40621,39691,40411,720,2,200,static,17,17,190.3996241960686,1.502442,1.199054,2.169341,2.285206,1.813613,3.090574,,5.163109,True,1
0,592,window_drift,40621,39691,40411,720,2,200,temporal,3,3,190.3996241960686,1.393457,1.087665,2.141879,2.190192,1.728985,3.91446,,5.163109,True,2
0,593,window_drift,40478,38859,40299,1440,4,1000,temporal,9,9,256.47399237259856,1.333377,1.047986,2.117944,1.909829,1.344884,2.782678,,1.628403,True,1
0,593,window_drift,40478,38859,40299,1440,4,1000,static,72,72,256.47399237259725,1.072321,0.805939,1.711218,1.989809,1.382161,2.764861,,1.628403,True,2
0,594,window_drift,42737,39502,42382,2880,4,1000,static,143,143,-786.6826679181737,1.563345,1.181186,2.631209,4.484222,3.110875,5.727733,,2.40701,True,1
0,594,window_drift,42737,39502,42382,2880,4,1000,temporal,20,20,-786.6826679181737,1.538066,1.180946,2.439089,2.177703,1.410143,3.291969,,2.40701,True,2
0,595,window_drift,39797,38069,39509,1440,2,1000,temporal,5,5,-142.52594864465095,1.397103,1.063108,2.097402,1.962047,1.485657,2.852565,,1.559649,True,1
0,595,window_drift,39797,38069,39509,1440,2,1000,static,40,40,-142.52594864465095,1.201176,0.881764,1.93748,3.058305,2.087197,3.931927,,1.559649,True,2
0,596,window_drift,38441,37407,38127,720,2,1000,static,16,16,844.0158394842327,2.011382,1.57386,4.215125,2.435964,1.824279,3.543089,,1.640651,True,1
0,596,window_drift,38441,37407,38127,720,2,1000,temporal,2,2,844.0158394842327,1.190491,0.926111,3.698353,2.280569,1.663736,3.337688,,1.640651,True,2
0,597,window_drift,42056,41157,41877,720,2,1000,temporal,3,3,292.0280694579925,1.730067,1.417764,2.515525,2.20806,1.702194,3.236926,,1.784919,True,1
0,597,window_drift,42056,41157,41877,720,2,1000,static,20,20,292.0280694579925,1.404304,1.099443,2.255482,2.337395,1.783958,3.325339,,1.784919,True,2
0,598,window_drift,39231,36067,38947,2880,2,1000,static,80,80,207.22923457228063,1.749626,1.253827,2.824903,2.49277,1.730928,3.486343,,1.533289,True,1
0,598,window_drift,39231,36067,38947,2880,2,1000,temporal,10,10,207.22923457228063,1.420599,1.019933,2.230223,2.574083,1.795405,3.596088,,1.533289,True,2
0,599,window_drift,42039,41263,41983,720,4,1000,temporal,6,6,1684.672288482942,1.789367,1.430033,2.675447,1.727132,1.205864,2.7041,,2.056571,True,1
0,599,window_drift,42039,41263,41983,720,4,1000,static,38,38,1684.672288482942,1.127475,0.842014,1.965383,2.303614,1.760983,3.347874,,2.056571,True,2
1,0,calibration,11546,10857,11217,360,8,200,temporal,13,13,2064.50932832452,1.967026,1.67928,2.856821,2.852765,2.069109,3.94763,,1.413718,True,1
1,0,calibration,11546,10857,11217,360,8,200,static,47,47,2064.50932832452,1.472537,1.158392,2.402383,2.579612,1.907295,3.586805,,1.413718,True,2
1,1,calibration,10500,10394,10454,60,6,1000,static,8,8,-260.3249038677108,1.033493,0.833961,1.919684,2.146827,1.807734,3.230657,,1.329381,True,1
1,1,calibration,10500,10394,10454,60,6,1000,temporal,3,3,-260.3249038677108,0.920462,0.767961,1.783407,1.297853,1.076097,2.238906,,1.329381,True,2
1,2,calibration,4992,4556,4736,180,2,1000,temporal,3,3,-185.8650546244482,1.354899,1.115197,2.167769,1.339296,1.126884,2.311386,,1.536584,True,1
1,2,calibration,4992,4556,4736,180,2,1000,static,7,7,-185.8650546244482,0.819309,0.684395,11.809721,2.496996,2.040587,3.681127,,1.536584,True,2
1,3,calibration,7147,6519,6879,360,4,200,static,22,22,540.7113543480731,1.248328,0.975305,2.140226,1.934096,1.338865,2.999436,,0.932921,True,1
1,3,calibration,7147,6519,6879,360,4,200,temporal,7,7,540.7113543480731,1.096779,0.866281,1.991973,1.60006,1.203721,2.597719,,0.932921,True,2
1,4,calibration,3077,2608,2968,360,4,1000,temporal,2,2,922.49225014919,1.093554,0.877898,1.905752,1.589013,1.190952,2.646443,,2.128799,True,1
1,4,calibration,3077,2608,2968,360,4,1000,static,15,15,922.4922501491898,0.893201,0.732698,1.782666,1.601062,1.311524,2.588855,,2.128799,True,2
1,5,calibration,3799,3308,3668,360,4,5000,static,16,16,-994.3817051020092,1.059953,0.882655,1.839532,1.517896,1.15671,2.610588,,1.198403,True,1
1,5,calibration,3799,3308,3668,360,4,5000,temporal,2,2,-994.3817051020092,1.108427,0.939421,1.961216,1.492076,1.16363,2.450346,,1.198403,True,2
1,6,calibration,10172,9317,10037,720,4,200,temporal,7,7,1566.6455861265904,1.328119,0.976086,2.305577,1.914365,1.448752,3.036442,,2.392879,True,1
1,6,calibration,10172,9317,10037,720,4,200,static,36,36,1566.6455861265904,0.993994,0.767131,1.807343,1.6463,1.222118,2.648516,,2.392879,True,2
1,7,calibration,7212,5677,7117,1440,2,200,static,32,32,107.05222663388597,1.646039,1.287247,2.54534,2.245546,1.64635,3.313922,,1.601873,True,1
1,7,calibration,7212,5677,7117,1440,2,200,temporal,5,5,107.05222663388597,1.380238,1.0977,2.232306,1.896178,1.383442,2.857362,,1.601873,True,2
1,8,calibration,4936,4671,4851,180,6,1000,temporal,3,3,-905.3854869481206,1.440679,1.227056,2.329273,2.092234,1.729496,3.24604,,1.737347,True,1
1,8,calibration,4936,4671,4851,180,6,1000,static,15,15,-905.3854869481206,1.17723,0.98514,2.066676,2.056521,1.689255,3.091456,,1.737347,True,2
1,9,calibration,11052,10556,10736,180,2,200,static,6,6,-47.37548648690922,1.048015,0.811918,1.796397,1.466999,1.16382,2.543738,,1.448621,True,1
1,9,calibration,11052,10556,10736,180,2,200,temporal,2,2,-47.37548648690922,0.963137,0.758707,1.758109,1.399146,1.138322,2.45977,,1.448621,True,2
1,10,calibration,6365,6270,6330,60,6,200,temporal,3,3,-273.2894094962925,1.211832,0.976056,2.087327,1.923519,1.656936,3.038215,,1.133845,True,1
1,10,calibration,6365,6270,6330,60,6,200,static,9,9,-273.2894094962925,1.041505,0.884948,1.700662,1.580741,1.36228,2.362523,,1.133845,True,2
1,11,calibration,3641,3079,3439,360,2,200,static,7,7,120.08719073242683,1.091311,0.902365,1.718529,1.686621,1.364023,2.658671,,1.103729,True,1
1,11,calibration,3641,3079,3439,360,2,200,temporal,1,1,120.08719073242683,1.443874,1.22318,2.104223,1.421139,1.153945,3.338059,,1.103729,True,2
1,12,calibration,11349,9779,11219,1440,6,200,temporal,15,15,162.6827311002112,2.057362,1.827534,3.079768,4.129966,1.492127,6.208681,,1.324313,True,1
1,12,calibration,11349,9779,11219,1440,6,200,static,113,113,162.6827311002112,1.454941,1.073224,2.361843,2.171043,1.34881,3.261092,,1.324313,True,2
1,13,calibration,1552,1181,1541,360,4,1000,static,18,18,928.4819678301228,1.611047,1.39497,2.479511,1.702345,1.300517,2.741687,,2.424717,True,1
1,13,calibration,1552,1181,1541,360,4,1000,temporal,2,2,928.4819678301228,1.040163,0.884447,1.96377,1.828956,1.564557,2.727525,,2.424717,True,2
1,14,calibration,8318,8056,8116,60,6,1000,temporal,7,7,305.4927254077687,1.176079,0.909656,1.780327,1.942088,1.708895,2.751952,,1.950229,True,1
1,14,calibration,8318,8056,8116,60,6,1000,static,9,9,305.4927254077687,1.412216,1.245264,2.073105,1.378565,1.138011,2.318807,,1.950229,True,2
1,15,calibration,9545,9300,9360,60,2,5000,static,3,3,88.55991454957393,1.396522,1.158852,2.119976,1.430794,1.233496,2.474133,,1.935298,True,1
1,15,calibration,9545,9300,9360,60,2,5000,temporal,1,1,88.55991454957393,0.996297,0.836105,1.915337,1.323943,1.121126,2.376925,,1.935298,True,2
1,16,calibration,6185,5657,6017,360,8,200,temporal,12,12,875.7331900596032,1.404143,1.184081,2.38658,1.833053,1.459638,2.934679,,1.624216,True,1
1,16,calibration,6185,5657,6017,360,8,200,static,42,42,875.7331900596032,1.146744,0.910627,1.951441,1.63952,1.285484,2.61821,,1.624216,True,2
1,17,calibration,6988,5346,6786,1440,2,200,static,33,33,166.7683671893572,1.563635,1.338334,2.41339,1.799531,1.323822,2.866766,,1.932704,True,1
1,17,calibration,6988,5346,6786,1440,2,200,temporal,6,6,166.7683671893572,0.911508,0.650584,1.883899,1.663376,1.284312,2.664469,,1.932704,True,2
1,18,calibration,8312,7671,8031,360,6,200,temporal,5,5,-252.5132757967998,1.137009,0.951229,2.154309,1.852712,1.440909,2.936792,,2.106076,True,1
1,18,calibration,8312,7671,8031,360,6,200,static,30,30,-252.5132757967998,1.195558,0.968315,2.096931,1.400798,1.094505,2.436996,,2.106076,True,2
1,19,calibration,6009,4291,5731,1440,4,200,static,73,73,362.62909676366536,1.407418,1.179234,2.211715,1.829377,1.252504,3.431971,,0.68764,True,1
1,19,calibration,6009,4291,5731,1440,4,200,temporal,11,11,362.62909676366536,1.157661,0.93874,2.141408,1.957811,1.226515,3.139558,,0.68764,True,2
1,20,calibration,1798,1534,1714,180,6,1000,temporal,9,9,733.749027567594,1.396612,1.215778,2.194469,1.773342,1.489833,2.948835,,1.378826,True,1
1,20,calibration,1798,1534,1714,180,6,1000,static,20,20,733.749027567594,1.120625,0.902185,1.902127,1.483604,1.200196,2.465079,,1.378826,True,2
1,21,calibration,4530,3079,4519,1440,4,200,static,71,71,216.57709096920095,1.431155,1.006162,2.162972,2.089961,1.281268,2.949942,,1.75267,True,1
1,21,calibration,4530,3079,4519,1440,4,200,temporal,9,9,216.57709096920095,1.069768,0.887382,1.795355,1.950891,1.341048,2.832334,,1.75267,True,2
1,22,calibration,12329,11899,12259,360,6,1000,temporal,3,3,766.187088320966,1.499147,1.243681,2.177293,1.97665,1.420678,2.76355,,1.322951,True,1
1,22,calibration,12329,11899,12259,360,6,1000,static,27,27,766.187088320966,1.128316,0.931219,1.91732,1.749406,1.358365,2.696258,,1.322951,True,2
1,23,calibration,12046,11789,11849,60,2,1000,static,1,1,-109.37571331199808,1.233004,1.02468,1.928948,1.518206,1.326306,2.444206,,1.479267,True,1
1,23,calibration,12046,11789,11849,60,2,1000,temporal,1,1,-109.37571331199808,1.005551,0.866791,1.720773,1.350542,1.156849,2.152145,,1.479267,True,2
1,24,calibration,8233,7969,8029,60,2,1000,temporal,1,1,64.37612776419452,1.306996,1.092682,2.065413,1.549884,1.293096,2.259497,,1.612939,True,1
1,24,calibration,8233,7969,8029,60,2,1000,static,1,1,64.37612776419452,0.977138,0.790625,1.685079,1.351605,1.132343,2.101468,,1.612939,True,2
1,25,calibration,4954,4812,4872,60,8,1000,static,9,9,-367.9438481509216,1.075186,0.880992,1.762044,1.671629,1.406728,2.687856,,1.032992,True,1
1,25,calibration,4954,4812,4872,60,8,1000,temporal,4,4,-367.9438481509216,0.995416,0.842995,1.686581,1.668744,1.297453,2.51906,,1.032992,True,2
1,26,calibration,12973,11996,12716,720,4,1000,temporal,7,7,1661.7116666897946,1.043909,0.85264,1.755024,1.58697,1.196289,2.35353,,1.705089,True,1
1,26,calibration,12973,11996,12716,720,4,1000,static,39,39,1661.7116666897946,1.030088,0.817096,1.753391,1.53377,1.094045,2.406049,,1.705089,True,2
1,27,calibration,3621,3231,3291,60,2,200,static,2,2,-8.73726026325311,1.088757,0.926641,1.787644,1.356391,1.142808,2.183823,,3.928822,True,1
1,27,calibration,3621,3231,3291,60,2,200,temporal,1,1,-8.73726026325311,0.947343,0.762102,1.684208,1.274598,1.062828,2.044402,,3.928822,True,2
1,28,calibration,6092,4330,5770,1440,2,200,temporal,4,4,183.8974921026262,1.801936,1.446428,2.741907,2.152486,1.644518,3.124105,,8.604915,True,1
1,28,calibration,6092,4330,5770,1440,2,200,static,32,32,183.8974921026262,1.26923,1.020663,1.90383,1.924992,1.408,2.599902,,8.604915,True,2
1,29,calibration,12544,12230,12410,180,4,1000,static,12,12,716.5181006359155,1.675133,1.389291,2.677239,2.036871,1.674413,2.768297,,2.662728,True,1
1,29,calibration,12544,12230,12410,180,4,1000,temporal,6,6,716.5181006359155,1.372045,1.174206,2.029945,2.012554,1.636446,2.785183,,2.662728,True,2
1,30,calibration,9463,9070,9250,180,4,1000,temporal,2,2,-556.2984556605985,1.822336,1.546779,2.504578,2.074388,1.741264,2.92891,,11.075797,True,1
1,30,calibration,9463,9070,9250,180,4,1000,static,9,9,-556.2984556605985,1.368189,1.129929,2.032955,2.139236,1.760663,2.868699,,11.075797,True,2
1,31,calibration,12700,12005,12365,360,4,200,static,19,19,1051.559508743971,1.738739,1.418205,2.297465,2.00964,1.563405,3.012787,,1.762596,True,1
1,31,calibration,12700,12005,12365,360,4,200,temporal,4,4,1051.559508743971,1.30211,1.065382,1.94078,1.972353,1.585798,2.883436,,1.762596,True,2
1,32,calibration,10455,8674,10114,1440,2,1000,temporal,6,6,-130.30182919381934,1.287477,1.004649,2.027897,2.242051,1.678098,2.900707,,1.665449,True,1
1,32,calibration,10455,8674,10114,1440,2,1000,static,34,34,-130.30182919381934,1.240786,0.93875,1.967386,1.734273,1.24308,2.424627,,1.665449,True,2
1,33,calibration,1456,464,1184,720,2,1000,static,18,18,-792.0655710968272,0.983848,0.762934,1.586039,1.659129,1.175658,2.349013,,1.565328,True,1
1,33,calibration,1456,464,1184,720,2,1000,temporal,3,3,-792.0655710968272,0.819149,0.677735,1.447299,1.438185,1.13731,2.196802,,1.565328,True,2
1,34,calibration,9490,8976,9336,360,4,5000,temporal,2,2,-484.8664213922197,1.257191,1.05822,1.873053,2.174859,1.505988,2.936091,,1.542032,True,1
1,34,calibration,9490,8976,9336,360,4,5000,static,18,18,-484.8664213922197,1.0578,0.841133,1.671489,1.694754,1.384514,2.680695,,1.542032,True,2
1,35,calibration,13484,13225,13405,180,2,200,static,5,5,92.75987937168529,1.185944,0.993752,1.757187,1.61329,1.19047,2.385147,,1.104881,True,1
1,35,calibration,13484,13225,13405,180,2,200,temporal,1,1,92.75987937168529,0.932581,0.769093,1.489202,1.844089,1.56645,2.593222,,1.104881,True,2
1,36,calibration,3884,3807,3867,60,6,1000,temporal,3,3,-145.33442372707484,1.151492,0.975566,1.796297,1.776617,1.276942,2.784031,,1.844475,True,1
1,36,calibration,3884,3807,3867,60,6,1000,static,8,8,-145.33442372707484,1.551166,1.312525,3.024855,2.005083,1.641373,3.008941,,1.844475,True,2
1,37,calibration,11723,11324,11504,180,6,1000,static,14,14,-803.9557796618274,1.911251,1.616014,2.625316,2.239608,1.480769,3.6628,,3.733657,True,1
1,37,calibration,11723,11324,11504,180,6,1000,temporal,4,4,-803.9557796618274,1.426998,1.165753,2.093497,2.295953,1.740522,3.171567,,3.733657,True,2
1,38,calibration,10176,9752,9932,180,4,1000,temporal,2,2,531.7321997347375,1.451806,1.224482,2.054117,2.294471,1.698038,2.990803,,1.408891,True,1
1,38,calibration,10176,9752,9932,180,4,1000,static,9,9,531.7321997347375,1.300066,1.082407,1.950921,1.992874,1.637998,2.816209,,1.408891,True,2
1,39,calibration,10391,8668,10108,1440,8,200,static,148,148,-603.7264530891218,1.912473,1.215629,2.667264,2.898974,1.84482,3.701078,,0.560548,True,1
1,39,calibration,10391,8668,10108,1440,8,200,temporal,22,22,-603.7264530891218,1.451145,1.118972,2.392378,2.688326,1.831441,3.556609,,0.560548,True,2
1,40,calibration,11301,10786,11146,360,6,1000,temporal,9,9,1759.535604400289,1.529193,1.279876,2.172956,2.35414,1.827144,3.111726,,3.18695,True,1
1,40,calibration,11301,10786,11146,360,6,1000,static,34,34,1759.535604400289,1.339696,1.122688,1.974777,2.266228,1.756356,3.04127,,3.18695,True,2
1,41,calibration,6847,6468,6648,180,8,200,static,23,23,232.541203066859,1.411035,1.193134,2.10945,1.829502,1.509327,2.676959,,1.042717,True,1
1,41,calibration,6847,6468,6648,180,8,200,temporal,7,7,232.541203066859,0.979903,0.835533,1.57984,1.480639,1.197221,2.244044,,1.042717,True,2
1,42,calibration,1606,605,1325,720,2,5000,temporal,3,3,-634.3782780019221,0.938189,0.787151,1.528953,1.503654,1.100565,2.204694,,1.085792,True,1
1,42,calibration,1606,605,1325,720,2,5000,static,21,21,-634.3782780019221,0.973342,0.797086,1.628834,1.375751,1.043839,2.028918,,1.085792,True,2
1,43,calibration,8806,7898,8618,720,4,200,static,39,39,1562.5727039891028,1.002186,0.828884,1.724278,2.64481,1.118502,3.387853,,1.032441,True,1
1,43,calibration,8806,7898,8618,720,4,200,temporal,9,9,1562.5727039891028,0.992842,0.832429,1.926724,1.691868,1.347068,2.544949,,1.032441,True,2
1,44,calibration,6256,5619,5979,360,4,200,temporal,6,6,1025.9528561406523,1.352115,1.165443,2.025333,1.656265,1.102428,2.453761,,1.278403,True,1
1,44,calibration,6256,5619,5979,360,4,200,static,23,23,1025.9528561406523,0.889215,0.742363,1.845666,1.431375,1.060815,2.467943,,1.278403,True,2
1,45,calibration,6455,5840,6200,360,2,200,static,12,12,-502.9390272129826,1.183219,1.003147,2.017321,1.983355,1.346722,2.971514,,2.128309,True,1
1,45,calibration,6455,5840,6200,360,2,200,temporal,3,3,-502.9390272129826,1.087144,0.923667,1.913384,1.666821,1.313978,2.553051,,2.128309,True,2
1,46,calibration,2142,1908,2088,180,2,1000,temporal,2,2,-279.8293952659228,1.312865,1.09784,2.102901,2.172486,1.642765,3.229174,,1.886784,True,1
1,46,calibration,2142,1908,2088,180,2,1000,static,8,8,-279.8293952659228,1.089548,0.919631,1.923769,1.971723,1.525447,2.702938,,1.886784,True,2
1,47,calibration,2995,1366,2806,1440,4,200,static,72,72,315.1490761527709,1.508972,1.211672,2.10978,2.362123,1.543615,3.055782,,1.276621,True,1
1,47,calibration,2995,1366,2806,1440,4,200,temporal,11,11,315.1490761527713,1.298845,1.038441,1.870039,2.232186,1.529884,2.992526,,1.276621,True,2
1,48,calibration,5455,5137,5317,180,2,200,temporal,1,1,-216.4453259129222,1.057138,0.90591,1.650286,2.119536,1.800342,3.005445,,1.873103,True,1
1,48,calibration,5455,5137,5317,180,2,200,static,6,6,-216.4453259129222,0.953662,0.745187,1.587672,1.466568,1.158543,2.799484,,1.873103,True,2
1,49,calibration,13644,13252,13432,180,2,200,static,5,5,36.99000173291792,0.889545,0.696905,1.469513,1.744408,1.28284,2.464317,,1.081445,True,1
1,49,calibration,13644,13252,13432,180,2,200,temporal,1,1,36.99000173291792,0.941614,0.745357,1.578398,1.275699,1.056128,2.07639,,1.081445,True,2
1,50,calibration,4498,3694,4414,720,4,200,temporal,5,5,937.3442735019644,1.475872,1.232074,2.033917,2.380661,1.734093,3.113149,,1.880844,True,1
1,50,calibration,4498,3694,4414,720,4,200,static,36,36,937.3442735019644,1.346065,1.140795,1.919443,1.852011,1.379907,2.65796,,1.880844,True,2
1,51,calibration,12479,12277,12457,180,4,1000,static,15,15,451.4376269576293,1.503494,1.259815,2.068048,3.466734,1.558838,4.170107,,1.47492,True,1
1,51,calibration,12479,12277,12457,180,4,1000,temporal,5,5,451.4376269576293,1.298303,1.099202,2.044161,1.842496,1.352987,2.544708,,1.47492,True,2
1,52,calibration,4984,4443,4803,360,2,1000,temporal,2,2,-98.98462389611458,1.284623,1.099483,1.833493,2.103321,1.567922,2.768677,,1.238403,True,1
1,52,calibration,4984,4443,4803,360,2,1000,static,9,9,-98.98462389611458,1.248619,1.05784,1.851801,1.776677,1.294598,2.445789,,1.238403,True,2
1,53,calibration,9119,8440,8800,360,4,5000,static,23,23,266.2309982803285,1.296891,1.107055,1.872342,4.275187,2.088469,4.976908,,2.027546,True,1
1,53,calibration,9119,8440,8800,360,4,5000,temporal,7,7,266.2309982803285,1.438946,1.208367,2.069229,1.753042,1.281307,2.70437,,2.027546,True,2
1,54,calibration,10301,8529,9969,1440,2,1000,temporal,5,5,123.5859805167778,1.255649,0.816014,1.835816,2.046846,1.226215,2.680774,,1.326136,True,1
1,54,calibration,10301,8529,9969,1440,2,1000,static,39,39,123.5859805167778,1.093063,0.854062,1.637417,1.81788,1.182288,2.497798,,1.326136,True,2
1,55,calibration,11632,9985,11425,1440,2,200,static,40,40,-76.87232444003189,2.401382,1.884501,3.229314,2.753115,1.58012,3.68299,,1.260331,True,1
1,55,calibration,11632,9985,11425,1440,2,200,temporal,6,6,-76.87232444003166,0.972761,0.731977,1.600871,1.623937,1.231894,2.509186,,1.260331,True,2
1,56,calibration,6176,5700,6060,360,2,200,temporal,3,3,232.1531587198005,1.173254,0.797576,1.775064,1.79886,1.383753,2.682517,,1.159073,True,1
1,56,calibration,6176,5700,6060,360,2,200,static,10,10,232.1531587198007,0.843275,0.64836,1.428841,1.323422,1.066093,2.015598,,1.159073,True,2
1,57,calibration,7491,7025,7205,180,2,1000,static,6,6,317.0017790401305,0.933391,0.779339,1.590836,1.599339,1.324394,2.552711,,1.493099,True,1
1,57,calibration,7491,7025,7205,180,2,1000,temporal,1,1,317.0017790401305,0.796384,0.655892,1.363242,1.404405,1.053484,2.334761,,1.493099,True,2
1,58,calibration,13760,13175,13535,360,2,1000,temporal,1,1,351.1267815486589,0.977068,0.782254,1.607821,1.657467,1.241368,2.344946,,1.211563,True,1
1,58,calibration,13760,13175,13535,360,2,1000,static,12,12,351.1267815486589,0.965761,0.754051,1.561541,1.475982,1.067995,2.104342,,1.211563,True,2
1,59,calibration,6011,5237,5957,720,6,5000,static,57,57,2348.491280707344,1.24331,1.020063,2.14236,1.766542,1.353186,2.514293,,1.408721,True,1
1,59,calibration,6011,5237,5957,720,6,5000,temporal,8,8,2348.491280707344,1.020954,0.752718,1.635483,1.75207,1.344684,2.443626,,1.408721,True,2
1,60,calibration,9847,9066,9786,720,2,200,temporal,3,3,784.7331011818119,1.021395,0.835604,1.595994,1.576204,1.136679,2.37327,,0.546967,True,1
1,60,calibration,9847,9066,9786,720,2,200,static,16,16,784.7331011818119,0.914974,0.695382,1.510695,1.499418,1.126223,2.14889,,0.546967,True,2
1,61,calibration,2941,1413,2853,1440,4,200,static,72,72,361.5076242602697,1.193696,0.779129,1.83162,1.699521,1.075066,2.432269,,0.942646,True,1
1,61,calibration,2941,1413,2853,1440,4,200,temporal,11,11,361.5076242602697,1.256731,0.87909,1.905302,2.166636,1.601983,3.120079,,0.942646,True,2
1,62,calibration,11276,10849,11209,360,4,1000,temporal,6,6,862.1587115635346,1.214647,1.009397,2.03652,1.50083,1.148697,2.468904,,1.337864,True,1
1,62,calibration,11276,10849,11209,360,4,1000,static,24,24,862.1587115635346,1.010899,0.847342,1.793373,1.941336,1.331895,2.902801,,1.337864,True,2
1,63,calibration,10928,10301,10661,360,2,200,static,7,7,-490.80248707917934,1.405216,1.184712,2.171254,1.823578,1.26885,2.747806,,1.430404,True,1
1,63,calibration,10928,10301,10661,360,2,200,temporal,1,1,-490.80248707917934,1.643096,1.286386,2.410036,2.333991,2.083161,3.295845,,1.430404,True,2
1,64,calibration,5432,3848,5288,1440,2,200,temporal,5,5,-41.409575798993785,1.228568,0.751577,1.999874,1.761104,1.227557,2.646954,,1.240316,True,1
1,64,calibration,5432,3848,5288,1440,2,200,static,41,41,-41.409575798993785,1.103369,0.744476,1.889267,1.674653,1.108697,2.567232,,1.240316,True,2
1,65,calibration,12841,11886,12606,720,4,200,static,38,38,1664.4505403035955,24.233672,1.055647,25.146763,2.259497,1.627952,3.353032,,0.679288,True,1
1,65,calibration,12841,11886,12606,720,4,200,temporal,6,6,1664.4505403035955,1.321699,1.115317,2.141769,1.424354,1.096068,2.365768,,0.679288,True,2
1,66,calibration,12204,12082,12142,60,2,1000,temporal,1,1,78.96427219840236,1.13706,0.97845,1.952583,1.673601,1.404745,2.573943,,1.744839,True,1
1,66,calibration,12204,12082,12142,60,2,1000,static,4,4,78.96427219840236,1.219755,1.037329,2.017472,1.166524,0.982606,2.115149,,1.744839,True,2
1,67,calibration,9562,9193,9253,60,4,200,static,7,7,-6.276627559684787,1.965793,1.728274,2.797512,1.420333,1.223516,2.283294,,1.503223,True,1
1,67,calibration,9562,9193,9253,60,4,200,temporal,2,2,-6.276627559684787,0.845199,0.709693,1.50086,1.300357,1.122918,2.168339,,1.503223,True,2
1,68,calibration,6266,5955,6135,180,2,5000,temporal,1,1,-61.87695300219841,0.908574,0.757886,1.464274,1.403232,1.135568,2.064653,,1.162558,True,1
1,68,calibration,6266,5955,6135,180,2,5000,static,5,5,-61.87695300219841,0.802173,0.640549,1.389732,1.247557,0.991239,1.878321,,1.162558,True,2
1,69,calibration,2216,1634,1994,360,2,200,static,11,11,-1.756313958762563,0.883095,0.731837,1.475301,1.640011,1.114856,2.476706,,1.232414,True,1
1,69,calibration,2216,1634,1994,360,2,200,temporal,3,3,-1.756313958762563,1.003187,0.842685,1.759902,1.411575,1.144581,2.119736,,1.232414,True,2
1,70,calibration,5659,4828,5548,720,2,1000,temporal,3,3,201.22368619423855,0.942456,0.76741,1.499929,1.731789,1.422492,3.028621,,0.675171,True,1
1,70,calibration,5659,4828,5548,720,2,1000,static,14,14,201.22368619423855,1.02512,0.853331,1.629284,1.535092,1.124411,2.323494,,0.675171,True,2
1,71,calibration,8696,8408,8588,180,2,200,static,4,4,-20.723292170564925,0.909636,0.742063,1.479829,1.483945,1.039703,2.240348,,1.300657,True,1
1,71,calibration,8696,8408,8588,180,2,200,temporal,1,1,-20.723292170564925,0.913972,0.764647,1.513369,1.648753,1.225443,2.308782,,1.300657,True,2
1,72,calibration,7111,6587,6767,180,6,200,temporal,9,9,352.2592791825575,1.122057,0.906642,1.803017,18.050841,1.167255,18.92345,,1.226545,True,1
1,72,calibration,7111,6587,6767,180,6,200,static,24,24,352.2592791825575,1.406978,1.192103,2.276383,1.731929,1.300367,2.49253,,1.226545,True,2
1,73,calibration,11935,11650,11830,180,4,200,static,13,13,-573.3101976507509,1.226094,1.008255,1.926163,1.70619,1.228307,3.41158,,1.518536,True,1
1,73,calibration,11935,11650,11830,180,4,200,temporal,5,5,-573.3101976507509,0.936407,0.779419,1.618849,1.614392,1.207426,2.337165,,1.518536,True,2
1,74,calibration,5252,4724,5084,360,2,200,temporal,2,2,-554.7338667361411,0.935675,0.76081,1.596184,1.441651,1.006082,2.098103,,1.156138,True,1
1,74,calibration,5252,4724,5084,360,2,200,static,10,10,-554.7338667361411,0.93896,0.784206,1.54103,1.453148,1.202298,2.179957,,1.156138,True,2
1,75,calibration,2454,1921,2101,180,6,1000,static,18,18,-503.9431932413006,1.074646,0.907883,1.753723,1.616374,1.183861,2.437587,,1.439237,True,1
1,75,calibration,2454,1921,2101,180,6,1000,temporal,4,4,-503.9431932413006,1.036989,0.891479,1.614512,1.405516,1.151762,2.17524,,1.439237,True,2
1,76,calibration,1591,1398,1578,180,6,200,temporal,9,9,908.856677256519,1.029386,0.869465,1.65975,1.524386,1.152463,2.221129,,1.598377,True,1
1,76,calibration,1591,1398,1578,180,6,200,static,21,21,908.856677256519,0.967233,0.829645,1.643625,1.506038,1.138532,2.233568,,1.598377,True,2
1,77,calibration,10063,9057,9777,720,2,200,static,21,21,223.07504215003576,0.984789,0.79307,1.793051,1.594702,1.103329,2.384196,,1.39514,True,1
1,77,calibration,10063,9057,9777,720,2,200,temporal,3,3,223.07504215003576,0.860151,0.701592,1.437354,1.469072,1.067124,2.536196,,1.39514,True,2
1,78,calibration,13340,11624,13064,1440,4,5000,temporal,12,12,-365.658899011357,1.231934,0.794582,1.815606,1.82502,1.205803,2.529265,,1.348109,True,1
1,78,calibration,13340,11624,13064,1440,4,5000,static,74,74,-365.658899011357,1.014764,0.763174,1.640121,1.85146,1.187717,2.5516,,1.348109,True,2
1,79,calibration,5092,4966,5026,60,2,5000,static,3,3,-121.84684890531096,1.22333,0.994093,1.905332,1.826443,1.564977,21.062005,,1.669756,True,1
1,79,calibration,5092,4966,5026,60,2,5000,temporal,1,1,-121.84684890531096,0.977358,0.823476,1.65953,1.418255,1.244423,2.085765,,1.669756,True,2
1,80,calibration,3751,3495,3675,180,2,1000,temporal,1,1,-313.9820281364275,1.142849,0.98522,1.862507,1.690717,1.351825,2.398668,,1.341229,True,1
1,80,calibration,3751,3495,3675,180,2,1000,static,3,3,-313.9820281364275,0.870706,0.726559,1.443423,1.479788,1.103779,2.172095,,1.341229,True,2
1,81,calibration,2679,2188,2368,180,8,1000,static,29,29,-1448.5002966187285,1.114325,0.930127,1.693972,1.466869,1.185954,2.445489,,0.763956,True,1
1,81,calibration,2679,2188,2368,180,8,1000,temporal,12,12,-1448.5002966187285,0.988986,0.847892,1.705759,1.483073,1.228959,2.135209,,0.763956,True,2
1,82,calibration,14328,13766,14126,360,2,200,temporal,3,3,174.69225208022965,0.948084,0.765558,1.550625,1.470153,1.079152,2.3806,,0.471643,True,1
1,82,calibration,14328,13766,14126,360,2,200,static,11,11,174.69225208022965,0.866901,0.670735,1.446958,1.536675,1.280356,2.200488,,0.471643,True,2
1,83,calibration,2396,730,2170,1440,2,5000,static,34,34,-150.9740026795978,1.340568,0.901864,1.961197,1.699921,1.18346,2.601144,,1.254147,True,1
1,83,calibration,2396,730,2170,1440,2,5000,temporal,6,6,-150.9740026795978,1.04457,0.704215,2.018963,1.689916,1.047034,2.941329,,1.254147,True,2
1,84,calibration,9988,8946,9666,720,4,1000,temporal,7,7,273.4894300957726,1.062006,0.875194,1.772932,1.433187,1.042216,2.14945,,1.794855,True,1
1,84,calibration,9988,8946,9666,720,4,1000,static,38,38,273.4894300957726,0.869195,0.672377,1.492778,1.528502,1.191062,2.250304,,1.794855,True,2
1,85,calibration,9909,9284,9644,360,2,200,static,12,12,585.2363460653847,0.923006,0.759549,1.512478,1.489413,1.081737,2.24184,,1.669275,True,1
1,85,calibration,9909,9284,9644,360,2,200,temporal,3,3,585.2363460653847,0.862855,0.706689,1.518467,1.513119,1.13712,2.232186,,1.669275,True,2
1,86,calibration,3144,1369,2809,1440,4,200,temporal,11,11,319.59438734315006,1.10439,0.874793,1.773943,2.247896,1.380317,2.972266,,1.729596,True,1
1,86,calibration,3144,1369,2809,1440,4,200,static,72,72,319.5943873431496,1.072412,0.708461,1.775355,3.207582,2.504748,19.331007,,1.729596,True,2
1,87,calibration,7514,6620,7340,720,6,200,static,58,58,2097.2209391066435,1.20276,0.985431,1.873583,1.635464,1.157431,2.362663,,1.695154,True,1
1,87,calibration,7514,6620,7340,720,6,200,temporal,10,10,2097.2209391066435,1.061316,0.89227,1.631588,2.111454,1.606099,2.795408,,1.695154,True,2
1,88,calibration,3005,2326,2686,360,4,200,temporal,4,4,-269.1993574500742,0.918399,0.736694,1.656656,1.877039,1.502904,2.601495,,1.375059,True,1
1,88,calibration,3005,2326,2686,360,4,200,static,16,16,-269.1993574500742,0.861402,0.691797,1.562794,1.468211,1.076418,2.193768,,1.375059,True,2
1,89,calibration,3234,2942,3122,180,6,200,static,22,22,950.8069035559604,0.929767,0.769664,1.854054,1.476473,1.226925,2.475063,,1.421671,True,1
1,89,calibration,3234,2942,3122,180,6,200,temporal,9,9,950.8069035559604,1.053413,0.865148,1.669745,1.575462,1.288188,2.331877,,1.421671,True,2
1,90,calibration,8603,6964,8404,1440,4,200,temporal,11,11,237.1748324927746,1.14405,0.752448,1.82449,1.823638,1.178413,2.829459,,0.797836,True,1
1,90,calibration,8603,6964,8404,1440,4,200,static,74,74,237.1748324927746,1.022065,0.804978,1.680451,1.733071,1.083398,2.461784,,0.797836,True,2
1,91,calibration,12422,12231,12291,60,2,200,static,3,3,135.80439980024673,1.067745,0.883586,1.999784,1.942568,1.668393,2.970924,,1.314258,True,1
1,91,calibration,12422,12231,12291,60,2,200,temporal,1,1,135.80439980024673,0.916686,0.759328,1.595844,1.74538,1.472778,2.776789,,1.314258,True,2
1,92,calibration,9627,9235,9295,60,4,1000,temporal,2,2,58.62968630836787,1.029757,0.783234,1.701994,1.277212,1.073373,2.019425,,1.400749,True,1
1,92,calibration,9627,9235,9295,60,4,1000,static,7,7,58.62968630836787,0.994284,0.755613,1.655785,1.200116,0.990819,1.975028,,1.400749,True,2
1,93,calibration,12076,11624,11804,180,6,200,static,22,22,-906.320987859098,21.717326,0.824446,22.413028,2.654415,2.173428,3.773728,,1.441209,True,1
1,93,calibration,12076,11624,11804,180,6,200,temporal,9,9,-906.320987859098,1.410403,1.179644,2.170052,1.542072,1.211743,2.290374,,1.441209,True,2
1,94,calibration,12336,11782,12142,360,2,5000,temporal,1,1,158.08389966487013,0.928945,0.757886,1.627491,1.611448,1.144201,2.270364,,1.623576,True,1
1,94,calibration,12336,11782,12142,360,2,5000,static,11,11,158.08389966487013,1.254247,1.014925,1.926073,1.437865,1.026733,2.131844,,1.623576,True,2
1,95,calibration,4038,3615,3795,180,4,5000,static,13,13,-722.5447357253887,1.301759,1.098271,1.933544,2.248631,1.654512,2.929752,,1.297933,True,1
1,95,calibration,4038,3615,3795,180,4,5000,temporal,5,5,-722.5447357253887,0.864187,0.718046,1.42139,1.592759,1.178583,2.44692,,1.297933,True,2
1,96,calibration,4345,2710,4150,1440,4,200,temporal,10,10,365.4201577867877,1.224873,0.812118,1.817279,1.765701,1.137691,2.597849,,1.390633,True,1
1,96,calibration,4345,2710,4150,1440,4,200,static,71,71,365.4201577867877,0.927203,0.717395,1.588212,1.765801,1.132062,2.736058,,1.390633,True,2
1,97,calibration,14240,13705,14065,360,4,200,static,22,22,252.72280141231207,1.023929,0.831297,1.656475,1.654242,1.212273,2.604439,,2.747595,True,1
1,97,calibration,14240,13705,14065,360,4,200,temporal,6,6,252.72280141231207,0.894402,0.701902,1.505877,1.519699,1.217351,2.183853,,2.747595,True,2
1,98,calibration,3363,3090,3270,180,4,1000,temporal,2,2,299.12268210282406,0.966582,0.812489,1.571567,1.401039,1.083178,2.178855,,1.457936,True,1
1,98,calibration,3363,3090,3270,180,4,1000,static,10,10,299.12268210282406,0.920772,0.745367,1.608132,2.442794,2.106345,3.468786,,1.457936,True,2
1,99,calibration,8665,7063,8503,1440,2,200,static,34,34,210.45190553295367,1.73189,1.149008,2.328502,2.064132,1.223951,2.870321,,1.790067,True,1
1,99,calibration,8665,7063,8503,1440,2,200,temporal,6,6,210.45190553295367,1.751268,1.194626,2.61779,18.253337,1.551437,19.196974,,1.790067,True,2
1,100,calibration,13973,12301,13741,1440,4,1000,temporal,10,10,274.5285104945299,1.774244,1.405005,2.428994,1.8776,1.325454,2.6448,,2.38708,True,1
1,100,calibration,13973,12301,13741,1440,4,1000,static,73,73,274.5285104945299,1.089588,0.848533,1.63992,1.766001,1.134496,2.427332,,2.38708,True,2
1,101,calibration,10410,10110,10290,180,2,1000,static,9,9,-305.23263237431746,1.021705,0.822995,1.718079,2.197384,1.657597,2.892715,,1.4344,True,1
1,101,calibration,10410,10110,10290,180,2,1000,temporal,3,3,-305.23263237431746,1.125973,0.933342,1.703076,1.768324,1.398455,2.530617,,1.4344,True,2
1,102,calibration,5457,4960,5320,360,2,200,temporal,3,3,-457.8808521545404,0.964659,0.802404,1.526699,1.927836,1.601993,2.615986,,1.43479,True,1
1,102,calibration,5457,4960,5320,360,2,200,static,10,10,-457.8808521545404,0.797406,0.632757,1.773312,2.101098,1.624237,2.768137,,1.43479,True,2
1,103,calibration,13731,13028,13388,360,2,1000,static,11,11,-117.92595452106768,0.921043,0.733419,1.479468,2.123692,1.588232,2.868639,,1.552257,True,1
1,103,calibration,13731,13028,13388,360,2,1000,temporal,3,3,-117.92595452106768,1.160996,0.97857,1.913133,1.535753,1.13695,2.222672,,1.552257,True,2
1,104,calibration,7275,6895,7075,180,4,5000,temporal,3,3,658.155909317035,1.212994,1.05086,1.779341,1.968007,1.555142,2.819865,,1.24911,True,1
1,104,calibration,7275,6895,7075,180,4,5000,static,10,10,658.155909317035,1.05164,0.896395,1.753772,1.36849,1.11089,2.064332,,1.24911,True,2
1,105,calibration,7623,6913,7273,360,2,200,static,7,7,463.0407496299008,1.138742,0.939782,1.850589,1.478076,1.157951,2.160377,,1.620952,True,1
1,105,calibration,7623,6913,7273,360,2,200,temporal,1,1,463.0407496299008,0.958119,0.799349,1.524004,1.57335,1.158542,2.232497,,1.620952,True,2
1,106,calibration,7142,6832,7012,180,4,200,temporal,3,3,642.5462245273734,1.110209,0.935505,2.022118,20.44353,1.365215,21.714453,,1.233356,True,1
1,106,calibration,7142,6832,7012,180,4,200,static,12,12,642.5462245273734,1.916879,1.552078,2.891854,2.010901,1.607021,2.873226,,1.233356,True,2
1,107,calibration,3023,2839,3019,180,4,200,static,11,11,706.0689435092451,1.270492,1.04489,1.998152,1.971251,1.316191,2.866185,,1.515482,True,1
1,107,calibration,3023,2839,3019,180,4,200,temporal,3,3,706.0689435092451,1.370012,1.202789,1.936318,2.02309,1.739872,2.791903,,1.515482,True,2
1,108,calibration,1766,1088,1448,360,8,200,temporal,4,4,838.2096767080666,1.049368,0.898268,1.621273,1.566739,1.223119,2.255381,,1.19703,True,1
1,108,calibration,1766,1088,1448,360,8,200,static,35,35,838.2096767080666,1.156769,1.009827,1.807083,1.60006,1.20963,2.34085,,1.19703,True,2
1,109,calibration,14166,13499,13859,360,2,1000,static,11,11,628.4273869637826,1.001765,0.781162,1.607261,1.768315,1.503895,2.488624,,1.575894,True,1
1,109,calibration,14166,13499,13859,360,2,1000,temporal,3,3,628.4273869637826,0.888504,0.722252,1.485507,1.849648,1.608753,2.477768,,1.575894,True,2
1,110,calibration,11843,10995,11715,720,4,1000,temporal,6,6,-56.45166042542076,1.210641,1.007224,1.810057,1.903199,1.448841,2.766164,,1.390603,True,1
1,110,calibration,11843,10995,11715,720,4,1000,static,37,37,-56.45166042542076,0.936176,0.702392,1.530154,2.257334,1.713752,2.92221,,1.390603,True,2
1,111,calibration,10049,9509,9689,180,4,1000,static,10,10,717.730335563158,1.022357,0.82649,1.617646,1.670917,1.245814,2.312888,,1.93055,True,1
1,111,calibration,10049,9509,9689,180,4,1000,temporal,2,2,717.730335563158,2.018132,1.485727,2.695958,1.986424,1.404665,2.69108,,1.93055,True,2
1,112,calibration,4624,3157,4597,1440,8,1000,temporal,19,19,152.34186430837804,1.225984,0.89283,1.801895,2.82983,1.67272,5.872152,,1.133294,True,1
1,112,calibration,4624,3157,4597,1440,8,1000,static,143,143,152.34186430837804,1.936569,1.263211,4.963767,4.953691,2.458258,5.776867,,1.133294,True,2
1,113,calibration,1778,1570,1750,180,6,200,static,17,17,902.682431761532,1.962848,1.660231,8.205351,2.03656,1.671107,2.933746,,2.937393,True,1
1,113,calibration,1778,1570,1750,180,6,200,temporal,6,6,902.682431761532,1.185553,0.995766,1.858682,2.356484,1.911511,3.265249,,2.937393,True,2
1,114,calibration,10661,10143,10323,180,6,200,temporal,9,9,-998.5260170461364,1.412156,1.189619,2.054297,2.527032,2.001196,3.288854,,1.597437,True,1
1,114,calibration,10661,10143,10323,180,6,200,static,21,21,-998.5260170461364,1.281829,1.041545,1.916759,1.995708,1.430574,2.818042,,1.597437,True,2
1,115,calibration,8500,8079,8259,180,4,200,static,12,12,677.1118480362595,1.619789,1.341098,2.228571,2.38062,1.654002,3.204246,,1.554381,True,1
1,115,calibration,8500,8079,8259,180,4,200,temporal,6,6,677.1118480362595,1.672199,1.317383,2.392488,1.924752,1.515482,2.762207,,1.554381,True,2
1,116,calibration,5996,5519,5699,180,2,1000,temporal,1,1,344.16229729342257,1.322631,1.061917,2.023801,2.020776,1.616745,3.00805,,1.56051,True,1
1,116,calibration,5996,5519,5699,180,2,1000,static,3,3,344.16229729342257,0.984159,0.814181,1.684557,1.56008,1.149949,2.27421,,1.56051,True,2
1,117,calibration,13874,13489,13549,60,6,1000,static,8,8,319.5106696780032,1.096419,0.870066,1.776837,1.491215,1.220836,2.212186,,1.399246,True,1
1,117,calibration,13874,13489,13549,60,6,1000,temporal,3,3,319.5106696780032,0.858949,0.698927,1.489673,1.584296,1.270902,2.494593,,1.399246,True,2
1,118,calibration,6296,5804,5984,180,2,200,temporal,3,3,20.840098596815714,0.918279,0.757555,1.48141,1.51441,1.033533,2.159717,,1.377543,True,1
1,118,calibration,6296,5804,5984,180,2,200,static,6,6,20.840098596815714,0.772158,0.631385,1.342771,1.413488,1.172182,2.140197,,1.377543,True,2
1,119,calibration,11932,10881,11601,720,4,200,static,38,38,260.9122829692174,1.398375,1.175298,2.083962,1.598087,1.1439,2.242973,,1.264302,True,1
1,119,calibration,11932,10881,11601,720,4,200,temporal,7,7,260.9122829692174,0.956256,0.789184,1.592599,2.247349,1.688454,2.966697,,1.264302,True,2
1,120,calibration,7959,7532,7712,180,6,1000,temporal,3,3,-1037.05190068299,1.529162,1.26982,2.611409,1.651598,1.314148,2.540733,,13.321919,True,1
1,120,calibration,7959,7532,7712,180,6,1000,static,16,16,-1037.05190068299,0.80707,0.652827,1.602684,1.779692,1.242669,2.54561,,13.321919,True,2
1,121,calibration,12521,12284,12344,60,6,200,static,8,8,386.4311232353281,1.384985,1.161807,2.137543,2.110141,1.744618,2.815338,,1.944431,True,1
1,121,calibration,12521,12284,12344,60,6,200,temporal,6,6,386.4311232353281,1.086503,0.869636,1.69297,1.55327,1.299246,2.248941,,1.944431,True,2
1,122,calibration,7361,6661,7021,360,2,1000,temporal,1,1,477.55208151141454,0.966843,0.797697,1.525127,1.489904,1.186464,2.170603,,1.261188,True,1
1,122,calibration,7361,6661,7021,360,2,1000,static,7,7,477.55208151141454,0.923617,0.76658,1.471566,2.926065,1.156058,3.583019,,1.261188,True,2
1,123,calibration,7672,7150,7330,180,4,200,static,8,8,149.99277081348762,1.240386,1.032602,1.801835,2.008117,1.675114,2.658311,,1.481481,True,1
1,123,calibration,7672,7150,7330,180,4,200,temporal,2,2,149.99277081348762,1.107265,0.868083,2.023661,3.500965,3.170125,4.292933,,1.481481,True,2
1,124,calibration,2178,2103,2163,60,2,1000,temporal,2,2,-98.6080347702656,1.277473,1.082928,2.004431,1.812611,1.36874,2.534534,,1.648783,True,1
1,124,calibration,2178,2103,2163,60,2,1000,static,2,2,-98.6080347702656,1.022387,0.840912,1.71891,1.446357,1.232644,2.463285,,1.648783,True,2
1,125,calibration,6495,6205,6385,180,2,1000,static,4,4,-327.4493428547683,1.095697,0.899731,1.759321,1.690267,1.180205,2.421492,,1.417524,True,1
1,125,calibration,6495,6205,6385,180,2,1000,temporal,1,1,-327.4493428547683,31.925161,31.417874,32.703954,2.714966,2.368562,3.607206,,1.417524,True,2
1,126,calibration,5947,5660,5840,180,4,1000,temporal,3,3,420.09731605085744,1.75228,1.481871,2.620393,2.162411,1.619039,2.908209,,2.167268,True,1
1,126,calibration,5947,5660,5840,180,4,1000,static,10,10,420.09731605085744,1.037479,0.831017,1.644547,1.577956,1.280597,2.292167,,2.167268,True,2
1,127,calibration,8154,6642,8082,1440,6,1000,static,116,116,220.80471063944788,1.464175,1.147765,2.227539,1.992664,1.237091,2.687855,,1.419026,True,1
1,127,calibration,8154,6642,8082,1440,6,1000,temporal,19,19,220.80471063944788,1.823558,1.303601,2.467693,2.40672,1.581552,3.168051,,1.419026,True,2
1,128,calibration,13627,12060,13500,1440,8,5000,temporal,21,21,719.5943580459065,1.342891,1.021705,2.082239,2.573433,1.592008,3.34533,,1.575513,True,1
1,128,calibration,13627,12060,13500,1440,8,5000,static,145,145,719.5943580459065,1.652038,0.936526,2.337715,2.867768,1.696666,3.604982,,1.575513,True,2
1,129,calibration,11596,10998,11358,360,2,1000,static,9,9,272.31994479073774,1.122657,0.930377,1.770387,1.607751,1.128267,2.32117,,1.70554,True,1
1,129,calibration,11596,10998,11358,360,2,1000,temporal,1,1,272.31994479073774,1.856468,1.565768,3.560836,1.65252,1.338074,2.61812,,1.70554,True,2
1,130,calibration,10144,9891,10071,180,4,200,temporal,2,2,-248.6288478251799,1.408851,1.192774,1.986284,1.522242,1.208738,2.217523,,1.308939,True,1
1,130,calibration,10144,9891,10071,180,4,200,static,9,9,-248.6288478251799,1.178773,0.983968,2.189943,2.001588,1.499828,2.705482,,1.308939,True,2
1,131,calibration,5229,4989,5169,180,4,200,static,12,12,-576.4947570509744,1.160775,0.947162,1.829437,2.320439,1.974276,3.051886,,1.270933,True,1
1,131,calibration,5229,4989,5169,180,4,200,temporal,6,6,-576.4947570509744,1.291994,1.09117,2.206066,1.593149,1.28929,13.68632,,1.270933,True,2
1,132,calibration,10550,9875,10235,360,2,1000,temporal,1,1,-523.7577085807521,1.268268,1.035416,1.826923,1.882527,1.495221,2.57837,,1.597717,True,1
1,132,calibration,10550,9875,10235,360,2,1000,static,11,11,-523.7577085807521,1.125022,0.92551,1.699721,1.714323,1.396402,2.4002,,1.597717,True,2
1,133,calibration,3317,1617,3057,1440,4,5000,static,75,75,368.6669463804823,1.060634,0.830847,1.748084,1.785701,1.283141,2.637659,,1.16386,True,1
1,133,calibration,3317,1617,3057,1440,4,5000,temporal,13,13,368.6669463804823,1.205614,0.788253,1.867314,4.790605,1.135678,5.559118,,1.16386,True,2
1,134,calibration,12695,12086,12446,360,4,200,temporal,6,6,1070.590550234356,1.34217,1.082968,2.355813,1.66559,1.238974,2.40645,,1.103199,True,1
1,134,calibration,12695,12086,12446,360,4,200,static,21,21,1070.590550234356,1.343322,1.121316,1.945363,1.728754,1.381279,2.493522,,1.103199,True,2
1,135,calibration,10905,10573,10753,180,8,1000,static,22,22,379.2793813779238,2.092815,1.895106,2.848699,1.628243,1.2896,2.489175,,1.061706,True,1
1,135,calibration,10905,10573,10753,180,8,1000,temporal,5,5,379.2793813779238,1.154567,0.945681,1.752731,1.91138,1.446998,2.651299,,1.061706,True,2
1,136,calibration,5068,4690,5050,360,6,5000,temporal,3,3,-1880.8684996196916,1.093984,0.921103,1.673651,1.661252,1.304764,2.362253,,1.276801,True,1
1,136,calibration,5068,4690,5050,360,6,5000,static,27,27,-1880.8684996196916,0.852309,0.704265,1.417754,1.379767,1.062127,2.201039,,1.276801,True,2
1,137,calibration,9337,8836,9196,360,4,200,static,17,17,-1149.8761966856016,1.661463,1.435381,2.298646,1.826603,1.407009,2.53874,,1.754604,True,1
1,137,calibration,9337,8836,9196,360,4,200,temporal,2,2,-1149.8761966856016,0.904558,0.742133,1.46736,1.681323,1.32896,2.490897,,1.754604,True,2
1,138,calibration,8477,7447,8167,720,2,5000,temporal,4,4,-426.8581879634653,1.159194,0.93879,1.72573,1.428791,1.079803,2.167708,,1.73232,True,1
1,138,calibration,8477,7447,8167,720,2,5000,static,17,17,-426.8581879634653,1.026873,0.859009,13.325223,2.310394,1.87082,3.103904,,1.73232,True,2
1,139,calibration,3124,2699,3059,360,2,200,static,12,12,631.2605296992845,1.185783,0.993232,1.853153,1.528071,1.20353,2.435533,,1.607301,True,1
1,139,calibration,3124,2699,3059,360,2,200,temporal,3,3,631.2605296992845,1.214537,1.033003,1.792842,1.850429,1.528882,2.568985,,1.607301,True,2
1,140,calibration,10958,10894,10954,60,4,1000,temporal,6,6,181.09282291141812,1.181477,0.960933,1.945052,1.693,1.438495,2.592771,,1.736636,True,1
1,140,calibration,10958,10894,10954,60,4,1000,static,10,10,181.09282291141812,2.021227,1.654352,2.721817,1.498537,1.252254,2.217033,,1.736636,True,2
1,141,calibration,13077,12340,13060,720,6,1000,static,61,61,-539.8683738744876,2.646312,2.192005,3.26616,2.365568,1.753722,3.088973,,2.092165,True,1
1,141,calibration,13077,12340,13060,720,6,1000,temporal,10,10,-539.8683738744876,1.807123,1.470364,2.45977,2.111313,1.482141,2.808757,,2.092165,True,2
1,142,calibration,8886,8487,8847,360,4,1000,temporal,7,7,-36.60220623702685,1.085401,0.89253,1.693481,1.938132,1.185584,2.872224,,2.347581,True,1
1,142,calibration,8886,8487,8847,360,4,1000,static,24,24,-36.60220623702685,0.821362,0.670494,1.420508,2.731782,2.04334,3.511491,,2.347581,True,2
1,143,calibration,10979,10461,10641,180,4,200,static,11,11,83.31579172532976,1.208498,0.988505,1.779772,3.201352,2.647084,3.879047,,2.011763,True,1
1,143,calibration,10979,10461,10641,180,4,200,temporal,2,2,83.31579172532976,1.039712,0.849535,1.688564,2.00288,1.252665,2.693453,,2.011763,True,2
1,144,calibration,2678,2008,2368,360,2,200,temporal,5,5,-626.8365040028202,2.20211,1.794864,3.283025,2.69111,2.172766,3.812406,,3.63633,True,1
1,144,calibration,2678,2008,2368,360,2,200,static,12,12,-626.8365040028202,1.404274,1.16372,2.292197,2.215902,1.852392,3.254763,,3.63633,True,2
1,145,calibration,6088,5515,5875,360,6,1000,static,26,26,1709.0291452086562,1.571217,1.305495,2.457377,1.746051,1.341719,2.722648,,1.901455,True,1
1,145,calibration,6088,5515,5875,360,6,1000,temporal,4,4,1709.0291452086562,0.861823,0.714751,1.690006,8.634089,8.055483,9.726972,,1.901455,True,2
1,146,calibration,4848,4446,4626,180,8,1000,temporal,12,12,86.87056920814838,1.101486,0.918329,1.974146,3.174741,2.482986,4.222065,,3.071706,True,1
1,146,calibration,4848,4446,4626,180,8,1000,static,29,29,86.87056920814838,1.285214,1.076558,2.134599,2.441092,1.978993,3.472672,,3.071706,True,2
1,147,calibration,1823,1358,1538,180,6,1000,static,14,14,725.6390223834935,1.145753,0.965179,2.03003,3.439001,2.838103,4.437882,,2.330274,True,1
1,147,calibration,1823,1358,1538,180,6,1000,temporal,4,4,725.6390223834935,1.633971,1.399186,2.467232,2.315242,1.732591,3.343277,,2.330274,True,2
1,148,calibration,1891,254,1694,1440,4,5000,temporal,10,10,305.0984899449693,1.215468,0.967824,1.898872,21.508892,20.783445,22.576526,,1.553379,True,1
1,148,calibration,1891,254,1694,1440,4,5000,static,73,73,305.0984899449693,1.32856,1.056508,2.394812,2.817742,1.979103,3.912607,,1.553379,True,2
1,149,calibration,5485,5098,5158,60,4,1000,static,8,8,-165.23423371094592,1.100875,0.930628,1.737478,1.56734,1.327668,2.283444,,2.177444,True,1
1,149,calibration,5485,5098,5158,60,4,1000,temporal,5,5,-165.23423371094592,1.70611,1.474269,2.331556,1.661633,1.414059,2.42,,2.177444,True,2
1,150,calibration,1818,1520,1700,180,4,1000,temporal,6,6,506.9326596583809,2.912956,2.656889,3.560806,1.714253,1.439657,2.425749,,1.518326,True,1
1,150,calibration,1818,1520,1700,180,4,1000,static,14,14,506.9326596583809,0.935315,0.788382,1.552008,1.381189,1.161547,2.031653,,1.518326,True,2
1,151,calibration,10933,10816,10876,60,4,200,static,5,5,238.3158686032056,2.16873,1.827935,2.836791,1.406347,1.190781,2.132115,,1.83763,True,1
1,151,calibration,10933,10816,10876,60,4,200,temporal,3,3,238.3158686032056,1.642354,1.383363,2.416956,2.198616,1.880815,2.92879,,1.83763,True,2
1,152,calibration,9809,9532,9712,180,2,5000,temporal,1,1,349.5499204118567,1.797608,1.492607,3.558312,2.701325,1.908396,3.491091,,2.818122,True,1
1,152,calibration,9809,9532,9712,180,2,5000,static,5,5,349.5499204118567,1.482121,1.219224,2.374941,2.761847,1.992353,3.547495,,2.818122,True,2
1,153,calibration,10797,10389,10569,180,6,200,static,13,13,-574.7348691820711,1.875337,1.594261,2.716398,23.327281,1.79811,24.755901,,1.461551,True,1
1,153,calibration,10797,10389,10569,180,6,200,temporal,3,3,-574.7348691820711,2.831453,2.414802,3.783552,1.885983,1.583134,2.764061,,1.461551,True,2
1,154,calibration,11193,9499,10939,1440,6,200,temporal,16,16,578.6386742921336,1.141156,0.87973,1.841065,3.113369,2.198024,3.92754,,4.343629,True,1
1,154,calibration,11193,9499,10939,1440,6,200,static,111,111,578.6386742921336,2.442755,1.842136,3.312591,1.942398,1.259325,3.009021,,4.343629,True,2
1,155,calibration,13007,12675,12855,180,4,200,static,9,9,-696.0617951537909,0.953112,0.784808,2.089962,1.34259,1.084159,2.547092,,4.113182,True,1
1,155,calibration,13007,12675,12855,180,4,200,temporal,2,2,-696.0617951537909,0.881113,0.677485,1.914495,1.260967,1.031671,2.307189,,4.113182,True,2
1,156,calibration,3846,3323,3683,360,6,1000,temporal,5,5,-1569.2485412936692,1.053483,0.884498,1.900735,1.475061,1.126694,2.451928,,2.752223,True,1
1,156,calibration,3846,3323,3683,360,6,1000,static,25,25,-1569.2485412936692,0.821132,0.647019,1.628403,1.435631,1.148477,2.371817,,2.752223,True,2
1,157,calibration,4983,3209,4649,1440,2,200,static,40,40,21.972086331177763,1.080785,0.865199,1.885702,1.650576,1.108296,2.61785,,2.641896,True,1
1,157,calibration,4983,3209,4649,1440,2,200,temporal,5,5,21.972086331177763,2.319027,1.882377,3.229835,2.9621,2.065574,3.982263,,2.641896,True,2
1,158,calibration,6506,6067,6247,180,4,200,temporal,2,2,-559.600035211505,2.431878,2.032234,4.578155,2.852624,2.061207,5.858581,,28.594088,True,1
1,158,calibration,6506,6067,6247,180,4,200,static,11,11,-559.600035211505,1.574521,1.279135,5.841805,2.544388,1.89805,5.942147,,28.594088,True,2
1,159,calibration,10193,9623,9983,360,2,200,static,7,7,492.5007953975261,1.536194,1.284933,2.324195,2.123822,1.744108,3.068801,,1.936118,True,1
1,159,calibration,10193,9623,9983,360,2,200,temporal,1,1,492.5007953975261,1.296621,1.081696,2.087006,2.252196,1.636454,3.229554,,1.936118,True,2
1,160,calibration,13326,12855,13035,180,6,5000,temporal,3,3,-941.7591451659276,1.895356,1.603796,2.737931,2.856541,2.318597,3.777283,,2.412529,True,1
1,160,calibration,13326,12855,13035,180,6,5000,static,13,13,-941.7591451659276,1.58686,1.319235,2.238826,2.5526,1.99642,3.405221,,2.412529,True,2
1,161,calibration,11788,10139,11579,1440,2,5000,static,40,40,-192.46305556149505,2.187889,1.382491,3.000989,2.323945,1.557576,3.098317,,3.642138,True,1
1,161,calibration,11788,10139,11579,1440,2,5000,temporal,6,6,-192.46305556149505,1.121617,0.881964,1.729016,1.85161,1.194737,2.553152,,3.642138,True,2
1,162,calibration,5084,4591,4951,360,6,1000,temporal,5,5,-1521.6822008011775,1.615503,1.372536,2.226918,2.323965,1.821095,13.890599,,1.516995,True,1
1,162,calibration,5084,4591,4951,360,6,1000,static,31,31,-1521.6822008011775,2.742378,2.303955,4.12587,3.00153,2.504989,4.316058,,1.516995,True,2
1,163,calibration,6059,5407,5767,360,4,5000,static,18,18,1275.104301645821,2.290654,1.959424,3.301383,2.768737,2.002699,4.104477,,1.544556,True,1
1,163,calibration,6059,5407,5767,360,4,5000,temporal,3,3,1275.104301645821,1.785221,1.544897,2.786915,2.460021,1.776727,3.579805,,1.544556,True,2
1,164,calibration,10157,8714,10154,1440,4,1000,temporal,11,11,-310.6471643333103,2.364095,1.642454,3.348034,3.245198,1.910209,4.425644,,1.865131,True,1
1,164,calibration,10157,8714,10154,1440,4,1000,static,74,74,-310.6471643333103,2.230684,1.541892,3.196445,2.279037,1.524676,3.373702,,1.865131,True,2
1,165,calibration,13785,13424,13604,180,2,1000,static,6,6,373.6025234159749,1.371003,1.132783,2.261952,1.881826,1.596555,2.833095,,1.885011,True,1
1,165,calibration,13785,13424,13604,180,2,1000,temporal,1,1,373.6025234159749,1.030799,0.853111,1.792301,1.95053,1.40867,2.937483,,1.885011,True,2
1,166,calibration,4569,3835,4555,720,4,200,temporal,6,6,1452.1721321196485,33.01947,25.545757,34.05653,3.37191,2.55845,4.894342,,1.274208,True,1
1,166,calibration,4569,3835,4555,720,4,200,static,38,38,1452.1721321196485,1.577646,1.272214,2.614444,2.677169,1.925182,3.830734,,1.274208,True,2
1,167,calibration,7566,7344,7524,180,2,1000,static,5,5,-151.96126308892926,2.371867,1.919643,3.582599,3.059437,2.460402,4.600158,,2.824792,True,1
1,167,calibration,7566,7344,7524,180,2,1000,temporal,1,1,-151.96126308892926,2.227859,1.859803,3.527966,2.083902,1.707262,3.409827,,2.824792,True,2
1,168,calibration,9332,8951,9011,60,4,1000,temporal,2,2,-199.35467111733809,1.964982,1.696756,2.911324,2.232447,1.861655,3.300992,,2.941369,True,1
1,168,calibration,9332,8951,9011,60,4,1000,static,6,6,-199.35467111733809,1.365816,1.129929,2.219086,2.179837,1.79123,3.187981,,2.941369,True,2
1,169,calibration,7581,5863,7303,1440,4,200,static,75,75,-141.10931199091866,1.894215,1.526829,2.734446,1.83171,1.249039,2.770881,,2.17538,True,1
1,169,calibration,7581,5863,7303,1440,4,200,temporal,12,12,-141.10931199091866,1.741855,1.307988,2.709087,1.745861,1.26312,2.552481,,2.17538,True,2
1,170,calibration,14070,13365,13725,360,4,5000,temporal,2,2,1073.06219794909,1.845912,1.365706,2.502806,1.712931,1.320286,2.484027,,2.513963,True,1
1,170,calibration,14070,13365,13725,360,4,5000,static,17,17,1073.06219794909,0.951469,0.759199,1.564907,1.482712,1.206916,2.169452,,2.513963,True,2
1,171,calibration,6374,4618,6058,1440,4,5000,static,72,72,-124.86014498790232,10.374321,1.332044,11.275333,2.265807,1.652269,3.600846,,2.833696,True,1
1,171,calibration,6374,4618,6058,1440,4,5000,temporal,11,11,-124.86014498790232,1.224252,0.99846,2.209952,2.061107,1.531796,3.128391,,2.833696,True,2
1,172,calibration,9054,7452,8892,1440,4,1000,temporal,13,13,-358.6485373216784,1.405626,1.155168,2.152195,1.902318,1.394729,2.909311,,1.204902,True,1
1,172,calibration,9054,7452,8892,1440,4,1000,static,76,76,-358.6485373216784,1.080234,0.785328,1.669014,2.320229,1.047184,3.188763,,1.204902,True,2
1,173,calibration,8974,7349,8789,1440,6,200,static,114,114,-285.6438601739674,1.353206,1.080434,2.764837,4.752097,1.458105,6.132275,,0.570864,True,1
1,173,calibration,8974,7349,8789,1440,6,200,temporal,16,16,-285.6438601739674,1.100524,0.826019,2.067366,2.000355,1.40838,2.989411,,0.570864,True,2
1,174,calibration,4054,3668,4028,360,8,200,temporal,12,12,42.44849790158646,1.33599,1.123499,2.020717,1.715134,1.287948,2.553572,,1.535332,True,1
1,174,calibration,4054,3668,4028,360,8,200,static,45,45,42.44849790158646,2.339489,2.142981,2.987668,1.569604,1.232044,2.33419,,1.535332,True,2
1,175,calibration,12330,11940,12300,360,2,1000,static,9,9,284.4167602241449,1.774003,1.517165,2.771933,1.536364,1.235018,2.49321,,2.515595,True,1
1,175,calibration,12330,11940,12300,360,2,1000,temporal,1,1,284.4167602241449,0.936617,0.772148,1.768544,1.6397,1.132143,2.671852,,2.515595,True,2
1,176,calibration,12619,12237,12597,360,2,1000,temporal,4,4,614.5092262991432,1.876528,1.268839,2.819043,2.12244,1.734113,3.029402,,3.272359,True,1
1,176,calibration,12619,12237,12597,360,2,1000,static,12,12,614.5092262991432,13.293095,12.877897,14.001927,2.556877,2.177303,3.396367,,3.272359,True,2
1,177,calibration,9186,7478,8918,1440,4,1000,static,76,76,-405.04938843027566,1.959443,1.395961,2.57852,2.376955,1.628072,3.098527,,1.996099,True,1
1,177,calibration,9186,7478,8918,1440,4,1000,temporal,13,13,-405.04938843027566,1.603746,1.324072,2.213488,2.31413,1.462642,3.139539,,1.996099,True,2
1,178,calibration,8679,7967,8327,360,6,200,temporal,9,9,1306.8884389300565,2.280489,1.981877,3.831094,2.372999,1.802306,3.133369,,1.378886,True,1
1,178,calibration,8679,7967,8327,360,6,200,static,36,36,1306.8884389300565,1.410964,1.179464,2.068149,2.134799,1.57995,2.842069,,1.378886,True,2
1,179,calibration,12688,12431,12491,60,2,200,static,3,3,-2.166481099977874,1.360778,1.15012,2.954539,2.020747,1.684197,3.719586,,4.957979,True,1
1,179,calibration,12688,12431,12491,60,2,200,temporal,3,3,-2.166481099977874,1.257182,1.014013,1.880224,1.789316,1.503885,2.636788,,4.957979,True,2
1,180,regular_holdout,19783,18001,19441,1440,4,200,temporal,10,10,-152.078106101882,1.856177,1.442071,2.608466,2.8428,1.754443,3.890033,,2.115329,True,1
1,180,regular_holdout,19783,18001,19441,1440,4,200,static,72,72,-152.07810610187894,1.67917,1.017509,2.482916,2.460211,1.68607,3.488997,,2.115329,True,2
1,181,regular_holdout,25411,25021,25201,180,2,1000,static,4,4,-92.66129352412592,1.562233,1.219364,2.346359,2.098915,1.641412,3.119698,,1.995698,True,1
1,181,regular_holdout,25411,25021,25201,180,2,1000,temporal,1,1,-92.66129352412592,1.253195,0.992792,2.074067,15.996845,1.52721,17.161265,,1.995698,True,2
1,182,regular_holdout,17389,16463,17183,720,4,5000,temporal,6,6,-1554.0226022182148,2.342333,1.939894,3.023143,2.602867,1.994257,3.391229,,2.152225,True,1
1,182,regular_holdout,17389,16463,17183,720,4,5000,static,37,37,-1554.0226022182148,1.419898,1.108296,2.129515,2.491028,1.92373,3.483128,,2.152225,True,2
1,183,regular_holdout,20866,20365,20545,180,2,200,static,8,8,55.52176261792965,1.490234,1.181657,2.132896,2.031563,1.612379,2.782354,,1.01823,True,1
1,183,regular_holdout,20866,20365,20545,180,2,200,temporal,3,3,55.52176261792965,1.401209,1.112673,2.159706,1.993395,1.63298,3.537255,,1.01823,True,2
1,184,regular_holdout,21288,20618,20978,360,6,200,temporal,4,4,-1430.7160457135838,1.681193,1.332956,2.436304,2.157173,1.63985,3.030433,,2.221781,True,1
1,184,regular_holdout,21288,20618,20978,360,6,200,static,27,27,-1430.7160457135838,1.472948,1.09756,2.248361,2.296544,1.764769,3.149474,,2.221781,True,2
1,185,regular_holdout,17394,17007,17367,360,4,200,static,17,17,-85.30372614855673,1.198473,0.970908,1.836388,1.63323,1.114526,2.382513,,0.616663,True,1
1,185,regular_holdout,17394,17007,17367,360,4,200,temporal,2,2,-85.30372614855673,0.96552,0.790545,1.574271,1.448541,1.143079,2.219858,,0.616663,True,2
1,186,regular_holdout,25452,23818,25258,1440,4,5000,temporal,11,11,-222.14273617817864,1.708404,1.071851,3.012756,2.564989,1.682525,3.75517,,1.381038,True,1
1,186,regular_holdout,25452,23818,25258,1440,4,5000,static,73,73,-222.1427361781857,1.599689,1.04473,2.706874,2.107628,1.36208,3.262274,,1.381038,True,2
1,187,regular_holdout,16550,15932,16292,360,4,200,static,22,22,517.7007837374381,1.624217,1.087435,2.619953,2.024361,1.36206,3.121702,,1.71862,True,1
1,187,regular_holdout,16550,15932,16292,360,4,200,temporal,5,5,517.7007837374381,1.092553,0.91198,2.045744,2.265236,1.604277,3.329786,,1.71862,True,2
1,188,regular_holdout,18846,18383,18743,360,4,1000,temporal,3,3,-260.7124969824564,1.094886,0.89902,2.041398,2.152966,1.645909,3.188482,,0.743254,True,1
1,188,regular_holdout,18846,18383,18743,360,4,1000,static,17,17,-260.7124969824564,1.078401,0.912681,1.951552,1.841455,1.333767,2.828748,,0.743254,True,2
1,189,regular_holdout,19814,19445,19625,180,8,200,static,27,27,-1409.652096664349,1.332786,1.078962,2.182581,2.104613,1.488732,3.09486,,3.488897,True,1
1,189,regular_holdout,19814,19445,19625,180,8,200,temporal,8,8,-1409.652096664349,1.015315,0.770846,1.849197,2.011132,1.517395,3.010714,,3.488897,True,2
1,190,regular_holdout,26112,24600,26040,1440,6,1000,temporal,17,17,-82.03378463502165,1.277141,0.962836,2.149602,2.299348,1.572858,3.370808,,1.303021,True,1
1,190,regular_holdout,26112,24600,26040,1440,6,1000,static,112,112,-82.03378463502165,1.166064,0.758688,1.993655,2.014978,1.394389,2.990493,,1.303021,True,2
1,191,regular_holdout,21193,20923,21103,180,4,1000,static,13,13,-665.6929022607982,1.305845,1.052752,2.149546,1.880343,1.591126,2.732122,,1.493839,True,1
1,191,regular_holdout,21193,20923,21103,180,4,1000,temporal,6,6,-665.6929022607982,1.008135,0.756264,1.944,1.396502,1.135758,2.222111,,1.493839,True,2
1,192,regular_holdout,18252,17803,17983,180,4,200,temporal,2,2,429.9880603277931,2.303044,1.999405,3.081902,1.923979,1.564587,2.986327,,1.360167,True,1
1,192,regular_holdout,18252,17803,17983,180,4,200,static,9,9,429.9880603277931,1.28296,1.080053,2.064592,1.683967,1.407749,2.432699,,1.360167,True,2
1,193,regular_holdout,27179,26777,27137,360,4,1000,static,21,21,1216.18270775301,1.195238,0.914032,1.798631,1.594192,1.227677,2.325036,,1.338044,True,1
1,193,regular_holdout,27179,26777,27137,360,4,1000,temporal,6,6,1216.18270775301,1.075988,0.836926,1.657416,1.52728,1.179303,2.304375,,1.338044,True,2
1,194,regular_holdout,19803,19518,19578,60,8,5000,temporal,5,5,-487.3174219060925,1.688364,1.410474,2.735497,1.817508,1.398775,2.90929,,19.329124,True,1
1,194,regular_holdout,19803,19518,19578,60,8,5000,static,13,13,-487.3174219060925,1.169479,0.880331,2.087037,1.43493,1.18997,2.428674,,19.329124,True,2
1,195,regular_holdout,18044,17916,17976,60,2,5000,static,3,3,38.745078226720096,1.21657,1.01875,2.034948,1.491386,1.237652,2.449865,,1.548863,True,1
1,195,regular_holdout,18044,17916,17976,60,2,5000,temporal,1,1,38.745078226720096,0.887412,0.703424,1.680832,1.152934,0.955475,2.047557,,1.548863,True,2
1,196,regular_holdout,23768,23577,23757,180,2,200,temporal,1,1,-316.6289264108975,1.043128,0.834172,1.826543,1.464866,1.188648,2.407441,,1.903188,True,1
1,196,regular_holdout,23768,23577,23757,180,2,200,static,5,5,-316.6289264108975,1.143319,0.959531,1.850929,1.277903,1.026031,2.005914,,1.903188,True,2
1,197,regular_holdout,27828,26202,27642,1440,2,200,static,34,34,-163.72996440485207,2.510017,1.939283,3.166179,2.329323,1.80504,3.149384,,1.593981,True,1
1,197,regular_holdout,27828,26202,27642,1440,2,200,temporal,6,6,-163.72996440485207,1.749686,1.283271,2.520863,2.262571,1.645448,3.082592,,1.593981,True,2
1,198,regular_holdout,23483,23192,23252,60,8,1000,temporal,5,5,193.70944950033865,1.300908,1.075607,1.936138,1.861215,1.403233,2.609347,,1.456713,True,1
1,198,regular_holdout,23483,23192,23252,60,8,1000,static,11,11,193.70944950033865,1.478426,1.212494,2.551118,2.210854,1.86447,3.258318,,1.456713,True,2
1,199,regular_holdout,19112,17382,18822,1440,2,1000,static,39,39,48.95565336695726,6.63832,1.598367,7.594166,18.767595,2.013876,20.025918,,4.060923,True,1
1,199,regular_holdout,19112,17382,18822,1440,2,1000,temporal,4,4,48.95565336695726,1.346697,1.069047,2.661646,1.986044,1.236329,3.163725,,4.060923,True,2
1,200,regular_holdout,18148,17799,17859,60,4,200,temporal,2,2,156.85915958172876,2.312648,1.891612,3.489228,2.262703,1.961296,3.525392,,2.475043,True,1
1,200,regular_holdout,18148,17799,17859,60,4,200,static,4,4,156.85915958172876,1.123289,0.933733,1.95707,1.330152,1.138182,2.226928,,2.475043,True,2
1,201,regular_holdout,17766,17625,17685,60,6,200,static,8,8,415.9889514767242,1.57368,1.347147,2.357596,1.86423,1.518477,2.903913,,1.7188,True,1
1,201,regular_holdout,17766,17625,17685,60,6,200,temporal,3,3,415.9889514767242,1.314318,1.111421,2.141529,1.995298,1.67987,2.963002,,1.7188,True,2
1,202,regular_holdout,23215,22766,22946,180,4,200,temporal,2,2,535.6929062603957,1.597336,1.294639,2.457817,2.067618,1.617417,3.087931,,1.906343,True,1
1,202,regular_holdout,23215,22766,22946,180,4,200,static,8,8,535.6929062603957,1.379642,1.124531,2.144233,1.529193,1.250342,2.358768,,1.906343,True,2
1,203,regular_holdout,17312,16367,17087,720,2,1000,static,20,20,-497.7053107442754,1.115687,0.89885,1.709556,1.352495,1.02492,2.103481,,2.009459,True,1
1,203,regular_holdout,17312,16367,17087,720,2,1000,temporal,3,3,-497.7053107442754,0.990768,0.81305,1.690327,1.300808,1.006632,2.14864,,2.009459,True,2
1,204,regular_holdout,16441,16020,16200,180,4,200,temporal,2,2,402.7698334615672,1.26259,1.050549,2.049139,2.499891,1.826292,3.295514,,1.72561,True,1
1,204,regular_holdout,16441,16020,16200,180,4,200,static,9,9,402.7698334615672,1.114415,0.885489,2.091484,3.548197,2.719323,4.423019,,1.72561,True,2
1,205,regular_holdout,20040,18501,19941,1440,4,200,static,73,73,-106.3339658932414,2.215891,1.73265,16.266202,2.879806,2.000906,4.313203,,1.771449,True,1
1,205,regular_holdout,20040,18501,19941,1440,4,200,temporal,11,11,-106.33396589324164,1.550836,1.230411,2.212035,2.69131,1.788926,3.530249,,1.771449,True,2
1,206,regular_holdout,16111,15850,16030,180,2,1000,temporal,3,3,-151.8297491782284,1.492827,1.231853,2.084352,1.788676,1.435922,2.544168,,1.858721,True,1
1,206,regular_holdout,16111,15850,16030,180,2,1000,static,8,8,-151.8297491782284,1.293777,1.026292,1.885582,1.684658,1.353918,2.364336,,1.858721,True,2
1,207,regular_holdout,21535,19932,21372,1440,4,1000,static,75,75,-13.767593177751223,2.254509,1.513589,2.878483,5.418345,1.247227,6.480842,,0.837617,True,1
1,207,regular_holdout,21535,19932,21372,1440,4,1000,temporal,11,11,-13.767593177751223,1.159944,0.929416,1.899483,2.94918,2.084703,3.904165,,0.837617,True,2
1,208,regular_holdout,28322,26663,28103,1440,2,1000,temporal,6,6,-94.31023882359978,1.251362,0.956697,1.806131,1.761745,1.207046,2.422334,,1.548913,True,1
1,208,regular_holdout,28322,26663,28103,1440,2,1000,static,41,41,-94.31023882359978,1.934336,1.3089,3.435145,2.158595,1.415381,2.854337,,1.548913,True,2
1,209,regular_holdout,26350,24679,26119,1440,2,1000,static,34,34,-37.41323160695914,1.898722,1.31574,2.612682,1.943179,1.374099,2.621134,,1.25638,True,1
1,209,regular_holdout,26350,24679,26119,1440,2,1000,temporal,6,6,-37.41323160695914,1.541181,1.176359,2.219167,1.865983,1.363653,2.542285,,1.25638,True,2
1,210,regular_holdout,16897,16747,16807,60,2,200,temporal,2,2,-77.03043498335282,1.009577,0.814091,1.729106,1.409652,1.161507,2.099866,,3.110865,True,1
1,210,regular_holdout,16897,16747,16807,60,2,200,static,4,4,-77.03043498335282,0.858098,0.700189,1.506018,2.303444,1.971843,3.042111,,3.110865,True,2
1,211,regular_holdout,18823,18355,18535,180,2,1000,static,5,5,-242.7896778249574,1.261087,1.020544,1.865131,1.433418,1.166875,2.12899,,1.673671,True,1
1,211,regular_holdout,18823,18355,18535,180,2,1000,temporal,1,1,-242.7896778249574,1.605679,1.32895,2.271906,6.202722,1.599038,6.989532,,1.673671,True,2
1,212,regular_holdout,19031,18540,18720,180,2,5000,temporal,1,1,57.41815273581958,1.265163,1.054154,1.902898,1.672881,1.369612,2.4127,,2.081238,True,1
1,212,regular_holdout,19031,18540,18720,180,2,5000,static,5,5,57.41815273581958,1.702505,1.36871,2.463586,3.783543,3.378119,4.569952,,2.081238,True,2
1,213,regular_holdout,18022,17956,18016,60,4,5000,static,5,5,75.65553489270391,1.218142,1.024861,1.891551,1.47395,1.195739,2.445599,,1.534872,True,1
1,213,regular_holdout,18022,17956,18016,60,4,5000,temporal,2,2,75.65553489270391,1.115437,0.864337,1.708634,1.50723,1.290241,2.521965,,1.534872,True,2
1,214,regular_holdout,25759,24056,25496,1440,2,1000,temporal,5,5,100.2145140451563,1.034425,0.759619,1.620871,1.577206,1.01869,2.301582,,0.697935,True,1
1,214,regular_holdout,25759,24056,25496,1440,2,1000,static,40,40,100.2145140451563,0.944298,0.692327,1.521431,1.563665,1.106003,2.293349,,0.697935,True,2
1,215,regular_holdout,17342,16452,17172,720,2,200,static,17,17,-665.8748002661976,1.28893,1.066053,2.2743,3.529968,1.238633,4.33086,,1.068476,True,1
1,215,regular_holdout,17342,16452,17172,720,2,200,temporal,3,3,-665.8748002661976,1.135888,0.84596,1.902357,1.607452,1.15029,2.477777,,1.068476,True,2
1,216,regular_holdout,22768,22470,22650,180,4,1000,temporal,5,5,-134.2300334958438,2.118263,1.730327,2.966587,2.510918,1.958972,3.823502,,1.587971,True,1
1,216,regular_holdout,22768,22470,22650,180,4,1000,static,12,12,-134.2300334958438,1.317994,1.056168,2.306288,1.761064,1.413047,2.65775,,1.587971,True,2
1,217,regular_holdout,17051,16468,16828,360,2,1000,static,10,10,-93.25309244717172,1.074785,0.809163,1.724288,1.496863,1.158212,2.14215,,1.719541,True,1
1,217,regular_holdout,17051,16468,16828,360,2,1000,temporal,3,3,-93.25309244717172,0.96519,0.75412,1.61317,1.600311,1.224462,2.304666,,1.719541,True,2
1,218,regular_holdout,25991,25503,25863,360,2,1000,temporal,1,1,637.8089143193826,0.999902,0.774922,15.317387,1.707172,1.321218,2.595867,,1.230822,True,1
1,218,regular_holdout,25991,25503,25863,360,2,1000,static,9,9,637.8089143193826,1.026683,0.779088,1.690637,1.386507,1.056879,2.126516,,1.230822,True,2
1,219,regular_holdout,22409,22176,22356,180,4,200,static,7,7,-752.489109138324,1.033773,0.838217,1.630827,1.416423,1.127676,2.076601,,2.075419,True,1
1,219,regular_holdout,22409,22176,22356,180,4,200,temporal,2,2,-752.489109138324,0.9387,0.755152,1.594692,1.341179,1.066643,2.000767,,2.075419,True,2
1,220,regular_holdout,16033,15209,15929,720,4,200,temporal,6,6,-1617.000910856751,0.924628,0.688771,1.520149,3.309896,2.33434,5.341589,,1.073974,True,1
1,220,regular_holdout,16033,15209,15929,720,4,200,static,39,39,-1617.000910856751,0.87271,0.661931,1.498676,1.475552,1.083489,2.244065,,1.073974,True,2
1,221,regular_holdout,21424,20956,21316,360,6,1000,static,36,36,-1179.2679615519644,1.060854,0.861253,1.788605,1.629595,1.272354,2.337936,,1.230792,True,1
1,221,regular_holdout,21424,20956,21316,360,6,1000,temporal,9,9,-1179.2679615519644,1.024369,0.768492,1.610937,1.576845,1.212624,2.367481,,1.230792,True,2
1,222,regular_holdout,25419,25093,25153,60,2,1000,temporal,1,1,-70.14409562877375,1.057419,0.821312,1.808986,1.967345,1.573289,2.980448,,1.254327,True,1
1,222,regular_holdout,25419,25093,25153,60,2,1000,static,3,3,-70.14409562877375,1.374109,1.128026,2.235972,1.218433,1.003598,2.244625,,1.254327,True,2
1,223,regular_holdout,25327,24628,24988,360,2,1000,static,9,9,-256.2354375714639,1.123659,0.917618,1.994076,1.356302,1.074885,2.329613,,0.702502,True,1
1,223,regular_holdout,25327,24628,24988,360,2,1000,temporal,1,1,-256.2354375714639,0.865839,0.677806,1.755204,1.570705,1.298043,2.507383,,0.702502,True,2
1,224,regular_holdout,26707,26449,26629,180,4,1000,temporal,2,2,-458.25743345491526,1.551136,1.258163,2.415193,5.349671,2.324686,6.897202,,0.703855,True,1
1,224,regular_holdout,26707,26449,26629,180,4,1000,static,11,11,-458.25743345491526,1.035376,0.807963,1.95708,1.54055,1.126053,2.554764,,0.703855,True,2
1,225,regular_holdout,22467,22140,22200,60,8,200,static,10,10,-343.1512035651211,1.616104,1.326186,3.357117,2.535715,2.049019,3.679095,,8.960732,True,1
1,225,regular_holdout,22467,22140,22200,60,8,200,temporal,4,4,-343.1512035651211,1.451765,1.171261,2.22816,1.678859,1.370973,2.705973,,8.960732,True,2
1,226,regular_holdout,26262,25478,26198,720,6,200,temporal,10,10,1429.422988113207,1.293176,0.995576,2.145555,1.759792,1.302691,2.756459,,1.908246,True,1
1,226,regular_holdout,26262,25478,26198,720,6,200,static,59,59,1429.422988113205,0.997439,0.719057,1.80473,1.946845,1.279094,2.971183,,1.908246,True,2
1,227,regular_holdout,28236,28023,28083,60,4,1000,static,4,4,6.01960612423332,1.000634,0.810295,1.939703,1.287948,1.035236,2.30024,,1.766672,True,1
1,227,regular_holdout,28236,28023,28083,60,4,1000,temporal,2,2,6.01960612423332,0.93217,0.727501,1.914816,1.277462,1.029097,2.243594,,1.766672,True,2
1,228,regular_holdout,19310,18814,19174,360,4,200,temporal,7,7,1211.543701106597,1.120945,0.914183,1.793192,1.576314,1.218353,2.288751,,1.830939,True,1
1,228,regular_holdout,19310,18814,19174,360,4,200,static,23,23,1211.543701106597,0.949847,0.737555,1.542894,1.462012,1.175398,2.183252,,1.830939,True,2
1,229,regular_holdout,19815,19375,19735,360,4,1000,static,22,22,-1239.7528418529566,1.031059,0.837456,1.65974,1.491966,1.167425,2.243383,,2.448573,True,1
1,229,regular_holdout,19815,19375,19735,360,4,1000,temporal,6,6,-1239.7528418529566,0.968805,0.792249,1.622183,1.456523,1.164271,2.187679,,2.448573,True,2
1,230,regular_holdout,17787,17267,17627,360,6,1000,temporal,9,9,1346.7260041670404,0.917027,0.731517,1.553539,1.966063,1.510104,2.629637,,1.883799,True,1
1,230,regular_holdout,17787,17267,17627,360,6,1000,static,35,35,1346.7260041670404,0.920573,0.755312,1.566109,1.471296,1.14995,2.146526,,1.883799,True,2
1,231,regular_holdout,16677,16174,16354,180,4,5000,static,12,12,627.2442769327456,1.080204,0.902084,1.723718,1.343722,1.081045,2.027997,,2.568164,True,1
1,231,regular_holdout,16677,16174,16354,180,4,5000,temporal,2,2,627.2442769327456,0.869274,0.710695,1.583835,1.271703,1.038571,1.962929,,2.568164,True,2
1,232,regular_holdout,23151,22157,22877,720,2,1000,temporal,3,3,-97.75991458800245,0.995686,0.784206,1.60656,1.746652,1.156029,10.410886,,1.664317,True,1
1,232,regular_holdout,23151,22157,22877,720,2,1000,static,21,21,-97.75991458800245,1.015556,0.818128,1.662675,1.638819,1.327738,2.334431,,1.664317,True,2
1,233,regular_holdout,22326,20679,22119,1440,6,5000,static,106,106,-433.0403543282932,1.123899,0.858218,1.828295,1.784149,1.182438,2.483395,,0.565986,True,1
1,233,regular_holdout,22326,20679,22119,1440,6,5000,temporal,16,16,-433.0403543282932,0.987494,0.765698,1.626089,1.795946,1.079633,2.648837,,0.565986,True,2
1,234,regular_holdout,23993,23924,23984,60,8,200,temporal,6,6,16.010922253035776,1.219464,0.987644,1.905472,1.668794,1.314248,2.370475,,2.0693,True,1
1,234,regular_holdout,23993,23924,23984,60,8,200,static,14,14,16.010922253035776,0.970357,0.781342,1.586689,1.532558,1.267156,2.435112,,2.0693,True,2
1,235,regular_holdout,23051,22412,22772,360,4,1000,static,23,23,253.42289287046955,1.198533,0.963537,2.063361,1.561001,1.224331,2.553943,,0.71363,True,1
1,235,regular_holdout,23051,22412,22772,360,4,1000,temporal,6,6,253.42289287046955,0.990328,0.819129,1.92401,1.797829,1.473308,2.785653,,0.71363,True,2
1,236,regular_holdout,27194,26517,26877,360,2,200,temporal,1,1,470.28303706398447,1.039252,0.835734,1.926994,1.436683,1.129628,2.325017,,2.327751,True,1
1,236,regular_holdout,27194,26517,26877,360,2,200,static,9,9,470.28303706398447,0.90555,0.682562,1.790939,1.472687,1.103068,2.388873,,2.327751,True,2
1,237,regular_holdout,23778,23243,23423,180,2,200,static,8,8,-193.4144613481365,1.010539,0.814872,1.787394,1.442112,1.152333,2.334911,,2.288381,True,1
1,237,regular_holdout,23778,23243,23423,180,2,200,temporal,4,4,-193.4144613481365,0.852329,0.68052,1.666851,1.668323,1.383333,2.63834,,2.288381,True,2
1,238,regular_holdout,18582,16823,18263,1440,6,1000,temporal,16,16,-535.6182999248372,1.856468,1.470595,2.683419,2.740946,1.809347,3.922543,,0.778327,True,1
1,238,regular_holdout,18582,16823,18263,1440,6,1000,static,115,115,-535.6182999248372,1.432187,1.114576,19.017713,3.290387,2.332087,4.844998,,0.778327,True,2
1,239,regular_holdout,24457,23833,24193,360,4,5000,static,23,23,193.98287572424107,1.71926,1.389882,2.488504,1.993825,1.512858,3.023142,,0.729664,True,1
1,239,regular_holdout,24457,23833,24193,360,4,5000,temporal,6,6,193.98287572424107,1.330873,1.101767,2.205266,2.322002,1.736066,3.408335,,0.729664,True,2
1,240,regular_holdout,17115,15348,16788,1440,2,200,temporal,5,5,-11.933110663564207,1.997361,1.536013,2.890863,2.698211,1.890399,3.832406,,1.161016,True,1
1,240,regular_holdout,17115,15348,16788,1440,2,200,static,40,40,-11.933110663564207,1.44167,1.135968,2.418187,1.95092,1.480039,3.063263,,1.161016,True,2
1,241,regular_holdout,20655,20275,20455,180,6,200,static,19,19,1100.007632508425,1.809667,1.496804,2.681285,2.225917,1.780943,3.268433,,1.268519,True,1
1,241,regular_holdout,20655,20275,20455,180,6,200,temporal,6,6,1100.007632508425,1.40861,1.193596,2.331045,1.85182,1.48089,2.870932,,1.268519,True,2
1,242,regular_holdout,20369,19926,20286,360,2,1000,temporal,3,3,147.30709347371513,1.420819,1.219815,2.338917,1.970601,1.567481,2.985346,,1.492567,True,1
1,242,regular_holdout,20369,19926,20286,360,2,1000,static,12,12,147.30709347371513,1.320407,1.036408,2.128239,1.999545,1.593571,3.085947,,1.492567,True,2
1,243,regular_holdout,24557,24096,24276,180,4,200,static,8,8,467.9667850382789,1.330912,1.041565,2.219256,2.284024,1.656055,3.258418,,1.984711,True,1
1,243,regular_holdout,24557,24096,24276,180,4,200,temporal,2,2,467.9667850382789,1.123058,0.926852,1.976199,2.109571,1.542854,3.116553,,1.984711,True,2
1,244,regular_holdout,20228,19311,20031,720,2,200,temporal,3,3,-876.2139506642078,1.528491,1.26246,2.383425,2.126096,1.66606,3.147911,,0.852389,True,1
1,244,regular_holdout,20228,19311,20031,720,2,200,static,20,20,-876.2139506642078,1.138832,0.891668,1.987876,1.954837,1.537485,2.976421,,0.852389,True,2
1,245,regular_holdout,25140,24751,25111,360,8,1000,static,37,37,-2410.9191110093984,1.431405,1.172383,2.276013,2.260999,1.730678,3.212829,,0.660979,True,1
1,245,regular_holdout,25140,24751,25111,360,8,1000,temporal,6,6,-2410.9191110093984,1.368079,1.072081,2.194069,1.960825,1.520249,3.023623,,0.660979,True,2
1,246,regular_holdout,24465,24207,24387,180,4,200,temporal,2,2,666.0363839025974,1.177881,0.924298,2.026055,1.895987,1.410163,2.885083,,0.722603,True,1
1,246,regular_holdout,24465,24207,24387,180,4,200,static,9,9,666.0363839025974,1.067805,0.84652,1.927114,1.648713,1.335079,2.722909,,0.722603,True,2
1,247,regular_holdout,23640,22049,23489,1440,2,1000,static,41,41,15.853368332065711,1.334127,0.944298,2.18156,1.815807,1.343872,2.868138,,1.371614,True,1
1,247,regular_holdout,23640,22049,23489,1440,2,1000,temporal,7,7,15.853368332065711,1.320617,1.018801,2.203393,9.595082,1.428461,10.608836,,1.371614,True,2
1,248,regular_holdout,24372,23350,24070,720,2,200,temporal,4,4,-850.2304609726788,1.307297,1.060884,2.132285,1.656746,1.332505,2.35354,,2.171965,True,1
1,248,regular_holdout,24372,23350,24070,720,2,200,static,22,22,-850.2304609726788,1.008856,0.781281,1.670176,1.69256,1.353828,2.340369,,2.171965,True,2
1,249,regular_holdout,24461,24055,24415,360,2,200,static,10,10,451.2208669991674,1.330943,1.101396,2.269282,1.464034,1.168567,2.207549,,2.31435,True,1
1,249,regular_holdout,24461,24055,24415,360,2,200,temporal,1,1,451.2208669991674,0.967023,0.781582,2.325618,1.434079,1.173825,2.116752,,2.31435,True,2
1,250,regular_holdout,25221,24905,24965,60,8,5000,temporal,4,4,-483.3778029469833,3.326261,3.046528,4.968339,2.085514,1.707172,2.809899,,11.639904,True,1
1,250,regular_holdout,25221,24905,24965,60,8,5000,static,8,8,-483.3778029469833,1.212023,1.043398,1.85167,1.264012,1.034014,1.961456,,11.639904,True,2
1,251,regular_holdout,18140,16461,17901,1440,2,200,static,42,42,109.9147459000868,1.078251,0.771968,1.74521,2.11591,1.404153,2.890773,,1.924531,True,1
1,251,regular_holdout,18140,16461,17901,1440,2,200,temporal,6,6,109.9147459000868,5.642244,1.05745,6.624419,2.414301,1.790037,3.320122,,1.924531,True,2
1,252,regular_holdout,27353,26929,27289,360,2,1000,temporal,2,2,615.2674420203141,1.185483,0.957588,1.874525,1.713181,1.383552,2.409384,,1.34843,True,1
1,252,regular_holdout,27353,26929,27289,360,2,1000,static,11,11,615.2674420203141,1.04471,0.873651,1.63363,1.609785,1.130159,2.312067,,1.34843,True,2
1,253,regular_holdout,22590,22086,22266,180,2,200,static,5,5,-157.04087719817227,1.19634,0.952611,1.837669,1.638609,1.364884,2.36713,,2.092775,True,1
1,253,regular_holdout,22590,22086,22266,180,2,200,temporal,1,1,-157.04087719817227,0.967023,0.766078,1.549673,1.404264,1.139263,2.165115,,2.092775,True,2
1,254,regular_holdout,24167,23472,23832,360,4,1000,temporal,2,2,-1286.6085640388585,1.128306,0.928495,1.70531,1.602935,1.24339,2.321241,,2.304265,True,1
1,254,regular_holdout,24167,23472,23832,360,4,1000,static,17,17,-1286.6085640388585,0.951268,0.776794,1.513389,1.420338,1.135077,2.093987,,2.304265,True,2
1,255,regular_holdout,21397,19665,21105,1440,4,200,static,75,75,-343.7033286659873,1.437003,1.13777,3.251608,1.979424,1.470574,2.949742,,1.200796,True,1
1,255,regular_holdout,21397,19665,21105,1440,4,200,temporal,11,11,-343.7033286659873,1.317022,0.900071,2.357176,1.568893,1.112353,2.26783,,1.200796,True,2
1,256,regular_holdout,21482,19831,21271,1440,4,1000,temporal,11,11,-358.5869695417072,1.259575,0.972541,2.509867,12.869825,1.303682,13.720907,,0.561599,True,1
1,256,regular_holdout,21482,19831,21271,1440,4,1000,static,73,73,-358.5869695417072,1.631908,1.321839,2.418348,1.875116,1.365856,2.621304,,0.561599,True,2
1,257,regular_holdout,20014,19589,19949,360,8,5000,static,37,37,-1773.4417946549984,1.433137,1.194166,2.361621,1.789066,1.388921,2.526891,,1.808705,True,1
1,257,regular_holdout,20014,19589,19949,360,8,5000,temporal,8,8,-1773.4417946549984,0.975636,0.774101,1.559318,1.869488,1.519018,2.666864,,1.808705,True,2
1,258,regular_holdout,23625,22906,23266,360,6,200,temporal,9,9,1213.6088829931505,1.164141,0.897337,1.803007,1.720923,1.363603,2.523016,,2.099255,True,1
1,258,regular_holdout,23625,22906,23266,360,6,200,static,32,32,1213.6088829931505,2.278676,1.974957,2.943572,1.796668,1.351785,2.515845,,2.099255,True,2
1,259,regular_holdout,19056,18049,18769,720,6,1000,static,62,62,-2193.6484411846227,1.236991,1.004339,1.956559,2.198725,1.656645,2.977743,,1.621813,True,1
1,259,regular_holdout,19056,18049,18769,720,6,1000,temporal,10,10,-2193.6484411846227,1.223982,0.976317,1.801685,2.178665,1.523945,2.871753,,1.621813,True,2
1,260,regular_holdout,25415,25157,25337,180,2,5000,temporal,3,3,-209.61388788136173,1.377393,1.098391,2.089951,1.828846,1.538487,2.535284,,2.607274,True,1
1,260,regular_holdout,25415,25157,25337,180,2,5000,static,6,6,-209.61388788136173,1.428901,1.148307,2.011362,2.202892,1.54737,2.872895,,2.607274,True,2
1,261,regular_holdout,23732,23555,23615,60,4,1000,static,6,6,-219.7084370149443,1.425145,1.108547,2.141569,2.013285,1.585448,2.723339,,1.607101,True,1
1,261,regular_holdout,23732,23555,23615,60,4,1000,temporal,2,2,-219.7084370149443,1.036107,0.822654,1.849306,1.676585,1.357914,2.386239,,1.607101,True,2
1,262,regular_holdout,25563,23805,25245,1440,2,1000,temporal,5,5,-4.5333391796662,22.463736,22.044501,23.129923,2.250884,1.807894,3.080119,,1.998673,True,1
1,262,regular_holdout,25563,23805,25245,1440,2,1000,static,41,41,-4.5333391796662,2.043701,1.409632,2.710359,2.295362,1.640371,2.965926,,1.998673,True,2
1,263,regular_holdout,24811,23137,24577,1440,4,200,static,73,73,175.68896779185536,1.336952,0.998721,1.986885,2.544369,1.469542,3.892377,,1.71227,True,1
1,263,regular_holdout,24811,23137,24577,1440,4,200,temporal,10,10,175.68896779185536,1.591497,1.280166,2.20845,1.934305,1.223711,2.706223,,1.71227,True,2
1,264,regular_holdout,23352,22952,23312,360,6,200,temporal,9,9,1541.047342077744,1.450795,1.069087,2.069741,1.975548,1.431675,2.715457,,1.313977,True,1
1,264,regular_holdout,23352,22952,23312,360,6,200,static,32,32,1541.0473420777416,1.451416,1.217181,2.096491,2.071984,1.526038,2.834878,,1.313977,True,2
1,265,regular_holdout,24981,24686,24866,180,4,1000,static,9,9,-187.7241243401649,1.321359,1.043198,1.975278,1.806082,1.421199,2.626392,,1.660221,True,1
1,265,regular_holdout,24981,24686,24866,180,4,1000,temporal,2,2,-187.7241243401649,1.598748,1.33541,2.25427,2.1025,1.531216,2.857382,,1.660221,True,2
1,266,regular_holdout,19662,19426,19606,180,8,200,temporal,10,10,-1133.1222679966866,1.428971,1.152463,2.043681,2.073476,1.524085,5.228117,,1.472658,True,1
1,266,regular_holdout,19662,19426,19606,180,8,200,static,23,23,-1133.1222679966866,1.472116,1.203541,2.255231,1.847705,1.485416,2.600974,,1.472658,True,2
1,267,regular_holdout,26107,25361,26081,720,4,200,static,38,38,1567.45156965323,1.155107,0.913451,2.006164,1.821425,1.231903,2.884203,,1.392496,True,1
1,267,regular_holdout,26107,25361,26081,720,4,200,temporal,7,7,1567.45156965323,0.889495,0.695982,1.73862,1.973295,1.579509,2.996211,,1.392496,True,2
1,268,regular_holdout,22221,20577,22017,1440,2,200,temporal,5,5,-58.21075100434467,1.549984,0.921664,2.49265,1.862898,1.314117,2.852183,,1.331424,True,1
1,268,regular_holdout,22221,20577,22017,1440,2,200,static,32,32,-58.21075100434467,1.109599,0.849925,1.991482,9.623445,1.833613,10.530998,,1.331424,True,2
1,269,regular_holdout,19407,19220,19400,180,4,1000,static,11,11,-183.0432511569564,1.17067,0.956437,1.859843,1.694413,1.247637,2.415132,,1.69323,True,1
1,269,regular_holdout,19407,19220,19400,180,4,1000,temporal,2,2,-183.0432511569564,1.062487,0.830726,1.935498,1.510174,1.239434,2.569987,,1.69323,True,2
1,270,regular_holdout,22355,21951,22131,180,8,1000,temporal,5,5,-279.7292027588727,1.059272,0.851788,1.909227,1.604477,1.272835,2.595756,,2.198635,True,1
1,270,regular_holdout,22355,21951,22131,180,8,1000,static,21,21,-279.7292027588727,1.096709,0.777166,1.714473,1.57347,1.271363,2.309683,,2.198635,True,2
1,271,regular_holdout,23814,23170,23530,360,6,1000,static,29,29,-252.5409419480519,1.27636,1.072982,1.953484,1.628433,1.20331,2.470897,,1.928216,True,1
1,271,regular_holdout,23814,23170,23530,360,6,1000,temporal,5,5,-252.5409419480519,1.165433,0.894272,1.734624,1.728364,1.153644,2.49876,,1.928216,True,2
1,272,regular_holdout,19202,18868,18928,60,4,200,temporal,2,2,235.38350649727892,1.007474,0.845979,1.659269,1.387709,1.1906,2.046425,,1.356883,True,1
1,272,regular_holdout,19202,18868,18928,60,4,200,static,6,6,235.38350649727892,1.50726,1.348369,2.053826,1.413789,1.213445,2.107979,,1.356883,True,2
1,273,regular_holdout,21163,20953,21133,180,6,1000,static,23,23,-1034.5941901213505,1.022276,0.848123,1.617297,1.443152,1.073133,2.162611,,1.352376,True,1
1,273,regular_holdout,21163,20953,21133,180,6,1000,temporal,9,9,-1034.5941901213505,1.197461,0.999202,1.92401,4.202001,3.550836,5.309541,,1.352376,True,2
1,274,regular_holdout,24693,23770,24490,720,4,200,temporal,6,6,634.1702903080106,2.4467,2.003971,3.653736,2.739052,2.107657,4.25157,,1.61922,True,1
1,274,regular_holdout,24693,23770,24490,720,4,200,static,37,37,634.1702903080106,1.853003,1.451996,3.132899,2.762979,2.084542,4.409529,,1.61922,True,2
1,275,regular_holdout,25235,24751,24931,180,6,1000,static,14,14,-765.295981039399,1.730036,1.379717,2.773976,2.123482,1.661743,5.750588,,1.30962,True,1
1,275,regular_holdout,25235,24751,24931,180,6,1000,temporal,4,4,-765.295981039399,1.221167,0.965621,2.191335,111.441791,107.805726,112.774236,,1.30962,True,2
1,276,regular_holdout,23755,23469,23649,180,4,200,temporal,3,3,-603.4882376048888,2.956172,2.581504,4.223788,1.951171,1.443794,3.029592,,6.307059,True,1
1,276,regular_holdout,23755,23469,23649,180,4,200,static,8,8,-603.4882376048888,1.075196,0.855094,1.766912,1.695484,1.140064,2.465178,,6.307059,True,2
1,277,regular_holdout,22741,22213,22393,180,4,1000,static,9,9,-724.1481238976967,1.660621,1.338865,2.512671,1.751059,1.383102,2.832804,,4.672177,True,1
1,277,regular_holdout,22741,22213,22393,180,4,1000,temporal,2,2,-724.1481238976967,0.98523,0.808433,1.893143,1.557236,1.201067,2.566111,,4.672177,True,2
1,278,regular_holdout,28108,27754,27814,60,2,200,temporal,1,1,-104.14833748585578,1.181107,0.823756,2.065855,1.439447,1.165372,2.499942,,1.941948,True,1
1,278,regular_holdout,28108,27754,27814,60,2,200,static,1,1,-104.14833748585578,0.906251,0.729323,1.721393,1.339145,1.105953,2.342503,,1.941948,True,2
1,279,regular_holdout,17904,17557,17617,60,8,200,static,9,9,486.0778624747831,1.221337,1.027083,2.123612,1.848196,1.5407,2.911664,,1.659039,True,1
1,279,regular_holdout,17904,17557,17617,60,8,200,temporal,4,4,486.0778624747831,1.623335,1.330903,2.664991,7.200961,2.044622,8.766029,,1.659039,True,2
1,280,regular_holdout,17086,16754,16934,180,4,5000,temporal,2,2,-653.8210751865746,1.50763,1.282119,2.577278,1.867194,1.518606,3.058776,,1.666711,True,1
1,280,regular_holdout,17086,16754,16934,180,4,5000,static,10,10,-653.8210751865746,1.081876,0.896636,1.974266,1.743177,1.360067,2.763049,,1.666711,True,2
1,281,regular_holdout,22090,21581,21761,180,4,1000,static,12,12,589.1114210247913,1.564326,1.238182,2.505179,2.125125,1.681403,3.412401,,2.888358,True,1
1,281,regular_holdout,22090,21581,21761,180,4,1000,temporal,2,2,589.1114210247913,1.38892,1.106884,2.351116,1.961517,1.535112,3.04791,,2.888358,True,2
1,282,regular_holdout,17888,16423,17863,1440,8,200,temporal,20,20,526.3766001510044,1.849838,1.477504,2.63815,2.846195,1.894245,4.102224,,3.397749,True,1
1,282,regular_holdout,17888,16423,17863,1440,8,200,static,145,145,526.3766001510044,1.818761,1.151441,2.7109,2.684721,1.680171,3.420503,,3.397749,True,2
1,283,regular_holdout,22951,21510,22950,1440,4,1000,static,73,73,406.6581328069548,1.549814,1.195078,2.16176,2.114718,1.403813,3.063293,,1.324453,True,1
1,283,regular_holdout,22951,21510,22950,1440,4,1000,temporal,10,10,406.6581328069548,1.566329,1.306847,2.219627,1.716556,1.188798,2.412248,,1.324453,True,2
1,284,regular_holdout,16499,16200,16380,180,2,5000,temporal,1,1,311.0192563472437,1.079933,0.853341,1.703657,1.727112,1.235639,2.74427,,2.662828,True,1
1,284,regular_holdout,16499,16200,16380,180,2,5000,static,6,6,311.0192563472437,1.094335,0.921864,1.760413,2.479665,1.970405,3.277847,,2.662828,True,2
1,285,regular_holdout,24838,23313,24753,1440,4,200,static,73,73,-215.6355553777729,1.199955,0.934693,1.866243,2.302162,1.40802,3.036383,,0.658587,True,1
1,285,regular_holdout,24838,23313,24753,1440,4,200,temporal,10,10,-215.6355553777729,1.106303,0.828132,1.711679,1.9508,1.23665,2.728136,,0.658587,True,2
1,286,regular_holdout,27170,25619,27059,1440,6,200,temporal,15,15,689.0171326232924,1.334349,1.018451,2.257334,1.645069,1.13071,2.490657,,13.545492,True,1
1,286,regular_holdout,27170,25619,27059,1440,6,200,static,108,108,689.0171326232924,1.172955,0.761892,1.823458,3.013508,1.854755,3.846088,,13.545492,True,2
1,287,regular_holdout,18934,18146,18866,720,6,1000,static,61,61,-1211.7991387669483,1.379476,1.100845,2.058253,1.729035,1.245945,2.554634,,2.144033,True,1
1,287,regular_holdout,18934,18146,18866,720,6,1000,temporal,12,12,-1211.7991387669483,1.411025,1.106314,2.099996,1.738048,1.259986,2.434041,,2.144033,True,2
1,288,regular_holdout,23602,21934,23374,1440,6,200,temporal,16,16,-251.33449649127147,1.13062,0.895945,1.893524,1.806111,1.218473,2.526441,,1.314778,True,1
1,288,regular_holdout,23602,21934,23374,1440,6,200,static,111,111,-251.33449649127147,0.997108,0.75367,1.66636,2.705723,1.633681,3.416558,,1.314778,True,2
1,289,regular_holdout,19849,19633,19693,60,8,1000,static,13,13,-481.31116870839867,1.13733,0.947353,1.747282,2.005503,1.476463,2.759965,,2.417977,True,1
1,289,regular_holdout,19849,19633,19693,60,8,1000,temporal,4,4,-481.31116870839867,1.079392,0.811828,1.736066,1.501471,1.183771,2.23502,,2.417977,True,2
1,290,regular_holdout,17699,16018,17458,1440,4,1000,temporal,10,10,231.58034259539272,1.0113,0.790555,1.57315,1.552888,1.089017,2.288952,,2.083801,True,1
1,290,regular_holdout,17699,16018,17458,1440,4,1000,static,74,74,231.58034259539272,1.684859,1.056628,2.343534,1.769987,1.227657,2.529156,,2.083801,True,2
1,291,regular_holdout,16412,16226,16286,60,8,200,static,8,8,403.6100306689989,0.914223,0.763315,1.678689,2.170924,1.605668,2.926056,,1.426137,True,1
1,291,regular_holdout,16412,16226,16286,60,8,200,temporal,4,4,403.6100306689989,1.046022,0.88584,1.687472,1.491065,1.248438,2.334882,,1.426137,True,2
1,292,regular_holdout,19272,19210,19270,60,8,5000,temporal,4,4,172.98392688362918,1.017118,0.857017,1.614903,1.466538,1.198042,2.268642,,1.045221,True,1
1,292,regular_holdout,19272,19210,19270,60,8,5000,static,9,9,172.98392688362918,0.911598,0.760951,1.578277,2.092865,1.609544,4.075143,,1.045221,True,2
1,293,regular_holdout,19378,19213,19273,60,4,200,static,4,4,111.48252872380056,1.425265,1.166254,2.172586,1.596595,1.266405,2.328382,,0.681661,True,1
1,293,regular_holdout,19378,19213,19273,60,4,200,temporal,2,2,111.48252872380056,1.565097,1.332746,2.196402,1.59321,1.359477,2.332708,,0.681661,True,2
1,294,regular_holdout,16236,15729,15909,180,2,200,temporal,1,1,-132.9202374124862,1.054685,0.873571,1.667422,1.392365,1.145843,2.111433,,1.286796,True,1
1,294,regular_holdout,16236,15729,15909,180,2,200,static,5,5,-132.9202374124862,1.165844,0.944679,1.796317,1.536995,1.217421,2.200188,,1.286796,True,2
1,295,regular_holdout,22860,22122,22842,720,4,1000,static,39,39,-1295.9634751570177,1.305194,1.080274,1.896048,1.8782,1.248558,2.571409,,1.892122,True,1
1,295,regular_holdout,22860,22122,22842,720,4,1000,temporal,7,7,-1295.9634751570177,0.903847,0.718026,1.541832,1.793502,1.392366,2.495374,,1.892122,True,2
1,296,regular_holdout,18061,17706,17766,60,2,5000,temporal,1,1,105.907045261393,1.153745,0.888073,1.767072,1.407138,1.158862,2.065334,,9.178342,True,1
1,296,regular_holdout,18061,17706,17766,60,2,5000,static,2,2,105.907045261393,0.865028,0.700419,1.421951,1.312245,1.060825,1.993955,,9.178342,True,2
1,297,regular_holdout,24045,23776,23836,60,6,200,static,4,4,-361.3700990923472,1.074155,0.873181,1.66598,1.591697,1.252534,2.281841,,5.72573,True,1
1,297,regular_holdout,24045,23776,23836,60,6,200,temporal,4,4,-361.3700990923472,0.90558,0.72045,1.636124,1.791239,1.167726,2.504368,,5.72573,True,2
1,298,regular_holdout,24941,23239,24679,1440,4,200,temporal,10,10,152.54057568817453,1.503103,1.1173,2.073836,2.129911,1.177921,2.888979,,1.735004,True,1
1,298,regular_holdout,24941,23239,24679,1440,4,200,static,73,73,152.54057568817453,1.379977,0.807221,2.026896,1.993085,1.213956,2.676779,,1.735004,True,2
1,299,regular_holdout,20345,18601,20041,1440,4,200,static,71,71,-144.45620998085693,1.396913,0.815173,2.100517,9.010508,1.281458,9.777488,,1.247677,True,1
1,299,regular_holdout,20345,18601,20041,1440,4,200,temporal,10,10,-144.45620998085693,1.436313,0.904508,2.158705,2.006315,1.241938,2.747495,,1.247677,True,2
1,300,regular_holdout,17961,17387,17747,360,4,200,temporal,6,6,1158.475455932604,1.70545,1.394489,2.283354,1.853183,1.48794,2.579191,,2.704431,True,1
1,300,regular_holdout,17961,17387,17747,360,4,200,static,24,24,1158.475455932604,1.406086,1.064029,2.007867,1.819642,1.215449,2.554694,,2.704431,True,2
1,301,regular_holdout,16380,16187,16367,180,6,200,static,16,16,960.997490434351,1.17026,0.943457,1.763767,1.59294,1.28879,2.286969,,1.050169,True,1
1,301,regular_holdout,16380,16187,16367,180,6,200,temporal,3,3,960.997490434351,1.376402,1.155858,2.01688,1.516924,1.2102,2.207388,,1.050169,True,2
1,302,regular_holdout,25759,24176,25616,1440,4,200,temporal,10,10,415.0475317109066,1.222329,0.957629,1.868255,1.966204,1.290592,2.692532,,0.772358,True,1
1,302,regular_holdout,25759,24176,25616,1440,4,200,static,71,71,415.0475317109066,1.118542,0.837267,1.694843,2.764421,1.723396,3.769231,,0.772358,True,2
1,303,regular_holdout,24148,23854,24034,180,4,1000,static,15,15,227.6716698452592,1.54755,1.225293,2.18848,2.359679,1.628353,3.066618,,2.983217,True,1
1,303,regular_holdout,24148,23854,24034,180,4,1000,temporal,6,6,227.6716698452592,1.217161,0.957859,1.813172,1.927535,1.582804,2.653353,,2.983217,True,2
1,304,regular_holdout,23784,23576,23756,180,2,1000,temporal,1,1,-316.02183073532547,1.19645,0.895865,1.83126,1.830108,1.361499,2.576517,,1.790218,True,1
1,304,regular_holdout,23784,23576,23756,180,2,1000,static,5,5,-316.02183073532547,1.091911,0.822835,1.637216,1.657137,1.308239,2.358207,,1.790218,True,2
1,305,regular_holdout,18310,18038,18218,180,4,5000,static,14,14,-467.4678115009247,1.288139,1.055827,1.958132,1.812131,1.174296,2.529095,,2.006155,True,1
1,305,regular_holdout,18310,18038,18218,180,4,5000,temporal,6,6,-467.4678115009247,1.01798,0.810806,1.609575,2.06918,1.700892,2.768918,,2.006155,True,2
1,306,regular_holdout,20391,19884,20064,180,2,200,temporal,1,1,-68.23170526293913,1.089007,0.886661,1.669335,1.689516,1.126193,2.515524,,1.388771,True,1
1,306,regular_holdout,20391,19884,20064,180,2,200,static,5,5,-68.23170526293913,1.095708,0.856826,8.708867,1.828616,1.493979,2.539702,,1.388771,True,2
1,307,regular_holdout,28387,28046,28106,60,4,1000,static,5,5,50.68633059209409,1.023868,0.786519,1.592899,1.613961,1.303501,2.38087,,0.51558,True,1
1,307,regular_holdout,28387,28046,28106,60,4,1000,temporal,2,2,50.68633059209409,0.924628,0.725477,1.466728,1.261818,1.047845,1.960706,,0.51558,True,2
1,308,regular_holdout,17095,16574,16754,180,4,1000,temporal,4,4,-209.46511351573417,0.881263,0.726969,1.40831,1.399907,1.13096,2.139246,,1.748464,True,1
1,308,regular_holdout,17095,16574,16754,180,4,1000,static,13,13,-209.46511351573417,0.753029,0.601811,1.36203,1.576384,1.240366,2.275391,,1.748464,True,2
1,309,regular_holdout,27597,26078,27518,1440,4,5000,static,75,75,-267.0472932822777,1.394258,0.726049,1.950781,2.491369,1.814835,3.353322,,3.098787,True,1
1,309,regular_holdout,27597,26078,27518,1440,4,5000,temporal,12,12,-267.0472932822777,1.713111,1.124941,2.335232,1.975838,1.366427,2.72445,,3.098787,True,2
1,310,regular_holdout,25186,24872,25052,180,2,1000,temporal,1,1,-381.0370969240604,1.184151,0.98552,1.798521,1.616235,1.088717,2.265777,,1.382551,True,1
1,310,regular_holdout,25186,24872,25052,180,2,1000,static,7,7,-381.0370969240604,1.028035,0.846811,1.640441,1.430404,1.138843,2.111233,,1.382551,True,2
1,311,regular_holdout,22457,22096,22276,180,4,5000,static,13,13,-633.0683933911885,0.919811,0.750005,1.556845,1.366747,1.091872,2.045674,,1.664457,True,1
1,311,regular_holdout,22457,22096,22276,180,4,5000,temporal,2,2,-633.0683933911885,1.649936,1.353978,2.257084,1.655725,1.295128,2.30105,,1.664457,True,2
1,312,regular_holdout,19224,19005,19065,60,6,1000,temporal,3,3,226.3894787637425,1.192704,0.960933,1.786962,2.202851,1.849427,3.086167,,1.947686,True,1
1,312,regular_holdout,19224,19005,19065,60,6,1000,static,10,10,226.3894787637425,0.919771,0.757466,1.631358,1.881166,1.313577,2.783239,,1.947686,True,2
1,313,regular_holdout,20390,19420,20140,720,4,1000,static,38,38,-1026.5485914130654,1.162278,0.950988,1.761484,13.885832,1.074455,14.618796,,2.116641,True,1
1,313,regular_holdout,20390,19420,20140,720,4,1000,temporal,6,6,-1026.5485914130654,1.134426,0.924869,1.818761,1.968467,1.12393,2.670869,,2.116641,True,2
1,314,regular_holdout,24359,22602,24042,1440,2,200,temporal,5,5,-3.946105800827581,1.109258,0.810285,1.7325,1.714894,0.993623,2.469645,,1.697577,True,1
1,314,regular_holdout,24359,22602,24042,1440,2,200,static,33,33,-3.946105800827581,0.961454,0.709873,1.565728,1.818841,1.196749,2.613213,,1.697577,True,2
1,315,regular_holdout,22958,22428,22608,180,6,5000,static,21,21,-520.2941099977952,1.080724,0.911819,1.693581,1.453018,1.020573,2.199176,,0.968445,True,1
1,315,regular_holdout,22958,22428,22608,180,6,5000,temporal,8,8,-520.2941099977952,0.868313,0.72035,1.466899,1.235319,0.973082,1.948147,,0.968445,True,2
1,316,regular_holdout,16544,16379,16439,60,4,1000,temporal,2,2,157.7766033340541,0.88577,0.735733,1.496083,1.210311,1.026552,1.9244,,1.392046,True,1
1,316,regular_holdout,16544,16379,16439,60,4,1000,static,3,3,157.7766033340541,0.75361,0.614299,1.302229,1.57363,1.397214,2.431217,,1.392046,True,2
1,317,regular_holdout,28661,28123,28483,360,6,200,static,34,34,1914.0178060264043,0.903065,0.70782,1.508842,1.797649,1.112613,2.485579,,2.327209,True,1
1,317,regular_holdout,28661,28123,28483,360,6,200,temporal,9,9,1914.0178060264043,0.904768,0.739909,1.525748,2.870141,1.532908,3.634377,,2.327209,True,2
1,318,regular_holdout,20607,20252,20312,60,6,200,temporal,8,8,344.73107145730086,1.117,0.934964,1.802807,1.44126,1.18307,2.147348,,0.972831,True,1
1,318,regular_holdout,20607,20252,20312,60,6,200,static,13,13,344.73107145730086,0.934763,0.77362,1.804659,1.69865,1.397513,2.438268,,0.972831,True,2
1,319,regular_holdout,22636,22283,22463,180,6,5000,static,15,15,-823.1969612447365,1.206235,1.009347,1.802526,1.71244,1.371694,2.379178,,1.268759,True,1
1,319,regular_holdout,22636,22283,22463,180,6,5000,temporal,4,4,-823.1969612447365,0.859811,0.712007,1.44854,1.465657,1.192474,2.249673,,1.268759,True,2
1,320,regular_holdout,20955,20705,20885,180,6,200,temporal,4,4,-762.6962195308547,0.880933,0.703354,21.510203,2.52601,2.090782,3.501405,,1.064611,True,1
1,320,regular_holdout,20955,20705,20885,180,6,200,static,17,17,-762.6962195308547,1.015927,0.850857,2.007175,2.872244,2.007126,3.667166,,1.064611,True,2
1,321,regular_holdout,19202,19018,19198,180,2,200,static,4,4,309.0420831786768,1.043899,0.877598,1.705379,1.491166,1.048035,2.187048,,2.59848,True,1
1,321,regular_holdout,19202,19018,19198,180,2,200,temporal,1,1,309.0420831786768,1.16377,0.994725,1.743026,2.028378,1.645128,2.744551,,2.59848,True,2
1,322,regular_holdout,26760,26695,26755,60,2,1000,temporal,2,2,7.735679968041314,0.843175,0.658867,1.510475,1.350682,1.134846,2.017472,,1.125112,True,1
1,322,regular_holdout,26760,26695,26755,60,2,1000,static,3,3,7.735679968041314,0.917708,0.757475,1.564837,1.250021,1.040113,1.980164,,1.125112,True,2
1,323,regular_holdout,20276,19806,20166,360,2,1000,static,8,8,16.319714656572287,0.925149,0.733039,1.526509,1.501561,1.240386,2.195371,,1.422071,True,1
1,323,regular_holdout,20276,19806,20166,360,2,1000,temporal,1,1,16.319714656572287,0.75372,0.5951,1.392867,1.298774,1.062467,1.949228,,1.422071,True,2
1,324,regular_holdout,19238,19171,19231,60,2,200,temporal,1,1,69.3433327083831,1.009197,0.840992,1.637226,1.199004,0.988135,1.856008,,1.159204,True,1
1,324,regular_holdout,19238,19171,19231,60,2,200,static,3,3,69.3433327083831,0.887663,0.738257,1.515542,1.161076,0.996337,1.891661,,1.159204,True,2
1,325,regular_holdout,21020,20602,20782,180,2,5000,static,5,5,49.67827295840449,1.09136,0.917337,1.748154,1.295189,1.037489,1.963019,,1.440069,True,1
1,325,regular_holdout,21020,20602,20782,180,2,5000,temporal,1,1,49.67827295840449,1.38179,1.158723,1.959473,1.504666,1.22993,2.146387,,1.440069,True,2
1,326,regular_holdout,23345,22569,23289,720,6,1000,temporal,11,11,2366.6110350637805,1.164751,0.945671,1.790778,1.627431,1.141005,2.361792,,1.069127,True,1
1,326,regular_holdout,23345,22569,23289,720,6,1000,static,54,54,2366.6110350637805,1.25007,1.022817,1.937329,2.005884,1.490024,2.814727,,1.069127,True,2
1,327,regular_holdout,27438,26433,27153,720,8,200,static,74,74,2027.7718233395124,1.982869,1.634522,2.632812,2.343905,1.572638,3.313561,,0.744697,True,1
1,327,regular_holdout,27438,26433,27153,720,8,200,temporal,13,13,2027.7718233395124,1.043769,0.848944,1.755806,2.092355,1.579509,2.854688,,0.744697,True,2
1,328,regular_holdout,25647,25378,25438,60,4,200,temporal,2,2,66.89844147311317,1.001034,0.831087,1.576965,2.153277,1.877069,2.891694,,1.308519,True,1
1,328,regular_holdout,25647,25378,25438,60,4,200,static,4,4,66.89844147311317,1.304013,1.091451,1.91723,1.42811,1.189989,2.095269,,1.308519,True,2
1,329,regular_holdout,22922,22035,22755,720,4,200,static,38,38,-1110.7453838761407,1.181327,0.957789,1.844109,1.749816,1.356081,2.42691,,1.560771,True,1
1,329,regular_holdout,22922,22035,22755,720,4,200,temporal,6,6,-1110.7453838761407,1.00485,0.831958,1.670636,1.804118,1.417805,2.529055,,1.560771,True,2
1,330,regular_holdout,17484,15850,17290,1440,6,1000,temporal,15,15,-172.00762600292836,1.135557,0.922736,1.785331,1.809126,1.147887,2.548665,,1.827665,True,1
1,330,regular_holdout,17484,15850,17290,1440,6,1000,static,114,114,-172.00762600292836,0.976197,0.743976,1.598839,1.82487,1.098792,2.503597,,1.827665,True,2
1,331,regular_holdout,18970,17513,18953,1440,4,1000,static,73,73,431.3758263656808,1.220276,0.970297,1.784609,1.98978,1.077129,3.019016,,1.154716,True,1
1,331,regular_holdout,18970,17513,18953,1440,4,1000,temporal,11,11,431.3758263656808,1.235739,0.823466,1.887685,1.957641,1.28259,2.619401,,1.154716,True,2
1,332,regular_holdout,26695,26376,26556,180,4,5000,temporal,2,2,-657.6634764112234,1.273656,1.063668,2.005954,1.97704,1.364884,2.661365,,1.444314,True,1
1,332,regular_holdout,26695,26376,26556,180,4,5000,static,11,11,-657.6634764112234,0.843025,0.68092,1.416152,1.360187,1.066904,2.009339,,1.444314,True,2
1,333,regular_holdout,19785,19389,19749,360,6,200,static,31,31,-1598.850893286893,1.531266,1.244833,21.6995,2.025995,1.569253,2.868238,,1.205854,True,1
1,333,regular_holdout,19785,19389,19749,360,6,200,temporal,9,9,-1598.850893286893,0.937087,0.738487,1.829607,1.778359,1.160255,2.49287,,1.205854,True,2
1,334,regular_holdout,16275,16080,16140,60,4,200,temporal,2,2,121.54596539521503,1.007744,0.849555,1.668794,2.211896,1.902457,2.886346,,1.182819,True,1
1,334,regular_holdout,16275,16080,16140,60,4,200,static,3,3,121.54596539521503,1.093434,0.931529,1.644106,1.605668,1.410734,2.322082,,1.182819,True,2
1,335,regular_holdout,18777,17817,18537,720,4,5000,static,36,36,-1102.811373814009,0.962245,0.766509,1.573199,2.074809,1.409572,2.80388,,1.208377,True,1
1,335,regular_holdout,18777,17817,18537,720,4,5000,temporal,6,6,-1102.811373814009,0.845919,0.683984,1.508202,1.496223,1.11049,2.164474,,1.208377,True,2
1,336,regular_holdout,24126,23714,23894,180,2,5000,temporal,1,1,-196.84195529229743,0.988444,0.799199,1.605558,1.971552,1.501721,2.707185,,1.943419,True,1
1,336,regular_holdout,24126,23714,23894,180,2,5000,static,3,3,-196.84195529229743,0.829134,0.594108,1.450183,2.02961,1.595544,2.802508,,1.943419,True,2
1,337,regular_holdout,22925,22662,22842,180,6,1000,static,15,15,661.8718520639867,1.138381,0.906201,1.760182,1.431195,1.136299,2.125174,,0.541139,True,1
1,337,regular_holdout,22925,22662,22842,180,6,1000,temporal,3,3,661.8718520639867,1.258473,1.061225,1.832752,1.568723,1.072051,2.260739,,0.541139,True,2
1,338,regular_holdout,27806,27601,27661,60,4,200,temporal,2,2,-234.11131577144843,1.253166,1.063799,1.892112,1.344103,1.135657,2.039174,,1.131962,True,1
1,338,regular_holdout,27806,27601,27661,60,4,200,static,6,6,-234.11131577144843,1.231983,1.076168,1.85093,2.199196,1.893985,2.890592,,1.131962,True,2
1,339,regular_holdout,20014,18430,19870,1440,8,200,static,145,145,-357.1919224814201,1.446949,1.136599,2.093857,2.612782,1.606249,3.339671,,1.069768,True,1
1,339,regular_holdout,20014,18430,19870,1440,8,200,temporal,22,22,-357.1919224814201,1.387458,1.129528,20.899699,2.078174,1.38174,2.894397,,1.069768,True,2
1,340,regular_holdout,19193,18661,18841,180,2,5000,temporal,1,1,224.89262327878276,1.062437,0.846781,1.631778,2.954199,1.198332,3.641408,,2.125805,True,1
1,340,regular_holdout,19193,18661,18841,180,2,5000,static,6,6,224.89262327878276,1.150109,0.93891,1.721714,1.35543,1.092002,2.022319,,2.125805,True,2
1,341,regular_holdout,23913,22452,23892,1440,4,1000,static,72,72,-136.2720837968293,1.722084,1.159124,2.308392,1.799211,1.266836,2.474602,,2.263343,True,1
1,341,regular_holdout,23913,22452,23892,1440,4,1000,temporal,12,12,-136.2720837968293,2.469335,1.912362,3.073338,2.101379,1.352806,3.219419,,2.263343,True,2
1,342,regular_holdout,21352,20956,21136,180,2,1000,temporal,2,2,-364.5046432028928,1.499578,1.209289,2.171955,2.230203,1.565928,3.052897,,0.993102,True,1
1,342,regular_holdout,21352,20956,21136,180,2,1000,static,6,6,-364.5046432028928,1.318253,1.106734,1.916849,2.061599,1.509102,2.767987,,0.993102,True,2
1,343,regular_holdout,28406,27950,28130,180,4,5000,static,9,9,56.56309232370458,1.052732,0.872429,1.788935,2.165706,1.552949,2.880467,,1.940676,True,1
1,343,regular_holdout,28406,27950,28130,180,4,5000,temporal,2,2,56.56309232370458,1.222429,1.007473,1.978622,2.120127,1.5273,2.968901,,1.940676,True,2
1,344,regular_holdout,21073,20656,21016,360,4,1000,temporal,5,5,-1013.6746810702756,1.283992,1.035896,1.962288,2.05614,1.585378,2.832995,,1.80527,True,1
1,344,regular_holdout,21073,20656,21016,360,4,1000,static,22,22,-1013.6746810702756,1.410293,1.171842,2.046425,1.957862,1.533619,2.6842,,1.80527,True,2
1,345,regular_holdout,18918,17179,18619,1440,2,200,static,39,39,-16.420450632837046,1.437304,1.105843,2.129851,2.146326,1.568853,2.866906,,2.103262,True,1
1,345,regular_holdout,18918,17179,18619,1440,2,200,temporal,5,5,-16.420450632837046,1.390062,0.74723,2.007727,2.55876,1.557175,15.225948,,2.103262,True,2
1,346,regular_holdout,16527,16156,16336,180,2,200,temporal,1,1,331.2683632214284,1.060303,0.87976,1.684688,1.367729,1.165092,2.216182,,1.457544,True,1
1,346,regular_holdout,16527,16156,16336,180,2,200,static,7,7,331.2683632214284,1.036698,0.867212,1.708224,1.603135,0.990628,2.305727,,1.457544,True,2
1,347,regular_holdout,18255,17610,17970,360,4,1000,static,18,18,757.0377907945435,0.993503,0.782925,1.741625,3.805626,3.036613,4.689162,,1.831871,True,1
1,347,regular_holdout,18255,17610,17970,360,4,1000,temporal,2,2,757.0377907945435,1.456714,1.217101,2.151284,2.370375,1.879553,3.076543,,1.831871,True,2
1,348,regular_holdout,27647,26828,27548,720,6,1000,temporal,10,10,1451.0997710959605,1.532809,1.192284,2.229342,3.485121,2.669227,4.264971,,1.898892,True,1
1,348,regular_holdout,27647,26828,27548,720,6,1000,static,61,61,1451.0997710959605,1.776306,1.383532,2.502605,2.799494,2.105084,3.575578,,1.898892,True,2
1,349,regular_holdout,19427,19014,19074,60,6,5000,static,9,9,289.2641781984157,2.132515,1.771519,2.761076,2.277394,1.879282,2.984043,,2.817641,True,1
1,349,regular_holdout,19427,19014,19074,60,6,5000,temporal,4,4,289.2641781984157,1.285204,1.052712,1.874355,1.97682,1.550465,2.722968,,2.817641,True,2
1,350,regular_holdout,22361,22255,22315,60,6,5000,temporal,3,3,-408.9610391971836,2.565981,2.119606,3.239891,2.389985,1.944771,3.425872,,3.244107,True,1
1,350,regular_holdout,22361,22255,22315,60,6,5000,static,7,7,-408.9610391971836,1.465797,1.220006,2.283534,2.315963,1.936949,3.075031,,3.244107,True,2
1,351,regular_holdout,27821,27476,27536,60,6,1000,static,16,16,-207.14541143895448,2.32108,1.936939,3.401725,2.308571,1.880404,3.076453,,15.675989,True,1
1,351,regular_holdout,27821,27476,27536,60,6,1000,temporal,9,9,-207.14541143895448,1.512518,1.195037,2.095529,2.401092,1.620431,3.19961,,15.675989,True,2
1,352,regular_holdout,16533,15861,16221,360,4,1000,temporal,6,6,164.03333173933729,1.751859,1.479697,2.394712,2.179777,1.706411,2.927558,,2.506451,True,1
1,352,regular_holdout,16533,15861,16221,360,4,1000,static,21,21,164.03333173933729,1.406317,1.139443,2.032294,2.418368,1.547861,3.140561,,2.506451,True,2
1,353,regular_holdout,16540,16207,16387,180,4,200,static,11,11,604.4073302700198,1.609163,1.353177,2.177744,2.002568,1.584356,2.794326,,1.475733,True,1
1,353,regular_holdout,16540,16207,16387,180,4,200,temporal,2,2,604.4073302700198,1.4348,1.176179,2.070732,2.4599,1.721654,3.179049,,1.475733,True,2
1,354,regular_holdout,22729,22443,22623,180,8,200,temporal,11,11,-564.5013476600003,1.538627,1.255279,2.143542,1.80515,1.464004,2.528684,,0.558524,True,1
1,354,regular_holdout,22729,22443,22623,180,8,200,static,29,29,-564.5013476600003,1.160976,0.976216,1.966043,1.553199,1.232264,2.387751,,0.558524,True,2
1,355,regular_holdout,21534,20042,21482,1440,6,200,static,115,115,139.97215150390136,1.174737,0.918369,1.805942,3.690451,2.496406,4.576001,,1.4149,True,1
1,355,regular_holdout,21534,20042,21482,1440,6,200,temporal,16,16,139.97215150390136,1.682274,1.270442,2.303634,3.461635,2.08936,4.234565,,1.4149,True,2
1,356,regular_holdout,24165,23714,24074,360,4,200,temporal,6,6,-22.22273491848426,1.493619,1.212755,2.113026,2.550217,1.902347,3.282345,,2.605781,True,1
1,356,regular_holdout,24165,23714,24074,360,4,200,static,22,22,-22.22273491848426,1.213816,0.971339,1.788605,1.681183,1.161126,2.374762,,2.605781,True,2
1,357,regular_holdout,21456,19742,21182,1440,8,200,static,146,146,-558.8607278416093,1.688113,1.046873,2.604338,3.674548,2.419399,4.87242,,1.67234,True,1
1,357,regular_holdout,21456,19742,21182,1440,8,200,temporal,21,21,-558.8607278416093,1.564436,0.896376,2.453801,2.587713,1.797759,3.763493,,1.67234,True,2
1,358,regular_holdout,23226,22410,23130,720,6,1000,temporal,9,9,1311.6555874796795,1.477916,1.206395,2.418538,2.250804,1.747323,3.320282,,1.916158,True,1
1,358,regular_holdout,23226,22410,23130,720,6,1000,static,53,53,1311.6555874796795,1.186164,0.97848,2.106957,2.042299,1.552598,3.066648,,1.916158,True,2
1,359,regular_holdout,16974,16865,16925,60,4,200,static,7,7,-236.73182484463476,1.264573,1.08462,2.153517,1.757037,1.493109,2.711961,,3.962653,True,1
1,359,regular_holdout,16974,16865,16925,60,4,200,temporal,2,2,-236.73182484463476,1.233466,1.058871,2.117843,2.375903,1.98328,3.393703,,3.962653,True,2
1,360,maintenance_burst,32957,32014,32734,720,4,10000,temporal,7,7,1689.0762392403524,1.303121,1.006763,2.056671,1.720222,1.271133,2.630929,,0.672728,True,1
1,360,maintenance_burst,32957,32014,32734,720,4,10000,static,39,39,1689.0762392403524,1.187857,0.91195,1.944476,1.47441,1.112343,2.242742,,0.672728,True,2
1,361,maintenance_burst,32167,31742,31922,180,4,5000,static,46,46,-483.4198065680623,1.180856,0.882955,1.769086,1.78528,1.126164,2.43281,,0.525946,True,1
1,361,maintenance_burst,32167,31742,31922,180,4,5000,temporal,10,10,-483.4198065680623,1.036998,0.756324,1.614401,1.578757,1.304873,2.220929,,0.525946,True,2
1,362,maintenance_burst,34469,33481,34201,720,4,10000,temporal,6,6,1430.340421458798,1.196139,0.970097,1.756807,2.153928,1.451164,2.886395,,0.927082,True,1
1,362,maintenance_burst,34469,33481,34201,720,4,10000,static,35,35,1430.340421458798,1.069958,0.83355,1.654913,2.265637,1.764238,3.012957,,0.927082,True,2
1,363,maintenance_burst,35317,34873,35053,180,4,1000,static,10,10,736.9169585474874,1.353327,1.090229,1.974125,2.029379,1.317693,2.73104,,1.487219,True,1
1,363,maintenance_burst,35317,34873,35053,180,4,1000,temporal,2,2,736.9169585474874,12.877266,0.781813,13.621231,2.558369,1.693021,3.370418,,1.487219,True,2
1,364,maintenance_burst,31201,30782,30962,180,4,10000,temporal,2,2,467.7679934762834,1.341549,1.106053,2.248711,1.985724,1.634973,2.679582,,1.30307,True,1
1,364,maintenance_burst,31201,30782,30962,180,4,10000,static,12,12,467.7679934762834,1.159534,0.861533,1.746983,1.63947,1.27584,2.448623,,1.30307,True,2
1,365,maintenance_burst,33062,31606,33046,1440,4,5000,static,105,105,-370.65829520772337,1.710657,1.278634,2.336063,2.626652,1.505607,3.317578,,4.770084,True,1
1,365,maintenance_burst,33062,31606,33046,1440,4,5000,temporal,15,15,-370.65829520772337,1.257061,0.923667,1.90441,2.805764,1.86443,3.450709,,4.770084,True,2
1,366,maintenance_burst,30580,30026,30386,360,2,5000,temporal,3,3,-393.2209038279113,1.281368,1.025271,1.988728,1.763738,1.20347,2.50547,,2.318888,True,1
1,366,maintenance_burst,30580,30026,30386,360,2,5000,static,13,13,-393.2209038279113,1.221257,0.978911,1.798099,2.071222,1.28919,2.744481,,2.318888,True,2
1,367,maintenance_burst,32567,31082,32522,1440,4,5000,static,102,102,370.7013566677141,2.2617,1.713531,2.894187,2.4524,1.430033,3.159168,,1.042437,True,1
1,367,maintenance_burst,32567,31082,32522,1440,4,5000,temporal,12,12,370.7013566677141,1.080644,0.826961,1.68623,2.014387,1.317984,2.94887,,1.042437,True,2
1,368,maintenance_burst,32246,31764,32124,360,6,10000,temporal,14,14,-133.5153126800367,1.519708,1.2366,2.149521,23.312088,1.439858,24.321736,,2.53273,True,1
1,368,maintenance_burst,32246,31764,32124,360,6,10000,static,78,78,-133.5153126800367,1.834084,1.456924,2.539321,1.843739,1.400558,2.585821,,2.53273,True,2
1,369,maintenance_burst,33142,32120,32840,720,4,10000,static,37,37,711.2650577270223,1.569744,1.243371,2.240589,1.932072,1.176149,2.722668,,7.387193,True,1
1,369,maintenance_burst,33142,32120,32840,720,4,10000,temporal,6,6,711.2650577270223,0.857357,0.670624,1.609615,1.565297,1.180225,2.308401,,7.387193,True,2
1,370,maintenance_burst,31749,29997,31437,1440,4,1000,temporal,10,10,-46.81101615141051,1.506639,0.827792,2.101729,1.939834,1.224171,2.654685,,4.025899,True,1
1,370,maintenance_burst,31749,29997,31437,1440,4,1000,static,73,73,-46.81101615141051,1.325265,0.754812,1.954987,1.895035,1.260095,2.720584,,4.025899,True,2
1,371,maintenance_burst,31786,30061,31501,1440,4,5000,static,73,73,-307.50604641611443,1.224883,0.87958,1.80532,1.85781,1.258904,2.566442,,1.955137,True,1
1,371,maintenance_burst,31786,30061,31501,1440,4,5000,temporal,10,10,-307.50604641611443,1.027694,0.751376,1.670897,1.9769,1.219164,3.145037,,1.955137,True,2
1,372,maintenance_burst,32461,31949,32129,180,2,5000,temporal,1,1,-31.59766244735504,1.209259,0.921634,1.903559,1.83135,1.186724,2.807497,,2.870662,True,1
1,372,maintenance_burst,32461,31949,32129,180,2,5000,static,6,6,-31.59766244735504,1.260276,0.990058,1.905111,1.89792,1.371344,2.582646,,2.870662,True,2
1,373,maintenance_burst,34024,33313,33673,360,2,10000,static,10,10,189.659256362928,1.542664,0.923367,2.197845,2.385829,1.717017,3.120069,,2.270213,True,1
1,373,maintenance_burst,34024,33313,33673,360,2,10000,temporal,2,2,189.659256362928,1.72546,1.512258,2.317355,14.716478,1.171833,15.987781,,2.270213,True,2
1,374,maintenance_burst,33675,33208,33388,180,6,1000,temporal,10,10,283.044812379643,1.571056,1.211212,2.224515,1.665188,1.287887,2.361341,,4.921484,True,1
1,374,maintenance_burst,33675,33208,33388,180,6,1000,static,20,20,283.044812379643,1.048286,0.831437,1.9898,1.944261,1.298193,2.666914,,4.921484,True,2
1,375,maintenance_burst,33464,31773,33213,1440,2,5000,static,57,57,-173.66491765520584,1.250261,0.913873,1.953625,2.027085,1.09777,2.723259,,5.439718,True,1
1,375,maintenance_burst,33464,31773,33213,1440,2,5000,temporal,10,10,-173.66491765520584,1.403302,0.85305,2.031933,1.774494,1.094716,2.46614,,5.439718,True,2
1,376,maintenance_burst,32872,31084,32524,1440,4,1000,temporal,12,12,367.8098632243574,1.452176,0.997548,2.04938,1.786051,1.096539,2.486691,,1.924371,True,1
1,376,maintenance_burst,32872,31084,32524,1440,4,1000,static,101,101,367.8098632243574,1.234427,0.787421,1.859832,2.345597,1.571056,3.103293,,1.924371,True,2
1,377,maintenance_burst,35153,34798,34978,180,2,5000,static,6,6,183.11216168017356,1.158943,0.933622,1.777268,2.33369,1.843948,3.220541,,6.643428,True,1
1,377,maintenance_burst,35153,34798,34978,180,2,5000,temporal,1,1,183.11216168017356,1.264933,1.002226,1.911471,1.727282,1.341359,2.410667,,6.643428,True,2
1,378,maintenance_burst,33613,33044,33404,360,2,5000,temporal,3,3,-241.90653102193303,1.173444,0.901994,1.770257,1.602534,1.242469,2.280539,,1.870259,True,1
1,378,maintenance_burst,33613,33044,33404,360,2,5000,static,12,12,-241.90653102193303,1.800253,1.486679,2.550667,2.092215,1.74509,2.799864,,1.870259,True,2
1,379,maintenance_burst,34255,33849,34029,180,2,10000,static,7,7,176.1399244106881,1.741174,1.418265,2.480582,1.735995,1.301498,2.423475,,2.238746,True,1
1,379,maintenance_burst,34255,33849,34029,180,2,10000,temporal,3,3,176.1399244106881,1.05808,0.759008,1.700673,12.77363,3.94676,15.843764,,2.238746,True,2
1,380,maintenance_burst,30361,29321,30041,720,2,10000,temporal,3,3,714.69494658319,1.497265,1.203681,2.141759,2.000475,1.30945,2.685692,,2.923041,True,1
1,380,maintenance_burst,30361,29321,30041,720,2,10000,static,21,21,714.69494658319,1.30938,1.061625,1.873173,1.961847,1.187196,3.280782,,2.923041,True,2
1,381,maintenance_burst,34978,33447,34887,1440,6,5000,static,115,115,217.81690726594476,2.410125,1.913394,3.219779,2.687615,1.737568,3.706927,,3.585914,True,1
1,381,maintenance_burst,34978,33447,34887,1440,6,5000,temporal,16,16,217.81690726594476,1.682284,1.106173,2.511829,2.339318,1.702335,3.326842,,3.585914,True,2
1,382,maintenance_burst,30500,30075,30435,360,2,1000,temporal,3,3,-539.0305077770051,1.426948,1.151933,2.231425,2.595836,2.149091,3.61044,,2.391677,True,1
1,382,maintenance_burst,30500,30075,30435,360,2,1000,static,11,11,-539.0305077770051,1.378655,1.146584,2.230293,1.964852,1.630867,2.976651,,2.391677,True,2
1,383,maintenance_burst,33334,32943,33303,360,2,1000,static,13,13,-568.5175023538451,1.276561,1.026252,2.073006,12.069765,1.627362,13.085221,,3.32542,True,1
1,383,maintenance_burst,33334,32943,33303,360,2,1000,temporal,3,3,-568.5175023538451,1.251202,0.953763,2.024362,1.643586,1.163419,2.422394,,3.32542,True,2
1,384,maintenance_burst,30619,30189,30369,180,8,5000,temporal,4,4,-1312.5380532630525,1.373868,1.048976,2.048658,1.79142,1.351434,2.554273,,4.554879,True,1
1,384,maintenance_burst,30619,30189,30369,180,8,5000,static,16,16,-1312.5380532630525,1.20318,0.924157,1.939314,1.905312,1.212374,2.671671,,4.554879,True,2
1,385,maintenance_burst,33508,32989,33349,360,4,10000,static,23,23,-1052.6264873913049,1.112153,0.872309,2.023981,1.631258,1.181777,2.656378,,3.386723,True,1
1,385,maintenance_burst,33508,32989,33349,360,4,10000,temporal,6,6,-1052.6264873913049,1.081676,0.754301,1.924992,1.819411,1.174967,2.863241,,3.386723,True,2
1,386,maintenance_burst,30392,29698,30058,360,2,10000,temporal,1,1,428.8788534823428,1.119774,0.904458,1.997751,1.587812,1.265033,2.573352,,2.473201,True,1
1,386,maintenance_burst,30392,29698,30058,360,2,10000,static,7,7,428.8788534823428,0.895835,0.703815,1.808155,1.353888,1.050909,2.364196,,2.473201,True,2
1,387,maintenance_burst,35037,34796,34856,60,2,1000,static,3,3,95.91188555687758,1.038601,0.835604,1.683806,1.671739,1.207807,2.715847,,2.94889,True,1
1,387,maintenance_burst,35037,34796,34856,60,2,1000,temporal,1,1,95.91188555687758,1.003738,0.77386,1.659871,1.338715,1.088055,2.140427,,2.94889,True,2
1,388,maintenance_burst,34308,34078,34138,60,4,5000,temporal,2,2,-36.03989312541981,1.272104,1.030008,2.081623,1.546449,1.234648,2.303304,,4.934123,True,1
1,388,maintenance_burst,34308,34078,34138,60,4,5000,static,3,3,-36.03989312541981,0.944319,0.753359,1.59952,1.549894,1.306446,2.265055,,4.934123,True,2
1,389,maintenance_burst,32411,32125,32185,60,4,5000,static,5,5,60.59573435526834,1.581512,1.226626,13.367888,1.511126,1.195047,2.28778,,3.088652,True,1
1,389,maintenance_burst,32411,32125,32185,60,4,5000,temporal,2,2,60.59573435526834,1.048506,0.748392,1.706131,1.343542,1.067625,2.041848,,3.088652,True,2
1,390,maintenance_burst,34194,34003,34183,180,2,5000,temporal,1,1,-42.00269011851636,1.622474,1.37501,2.238306,1.421891,1.067495,2.136792,,2.250984,True,1
1,390,maintenance_burst,34194,34003,34183,180,2,5000,static,4,4,-42.00269011851636,1.283922,1.073904,1.900915,1.748715,1.191963,2.414312,,2.250984,True,2
1,391,maintenance_burst,33430,32696,33416,720,4,5000,static,36,36,-1707.1641794786356,1.334649,0.9916,2.263393,1.660472,1.073784,2.410987,,4.187393,True,1
1,391,maintenance_burst,33430,32696,33416,720,4,5000,temporal,6,6,-1707.1641794786356,0.955906,0.71453,1.63268,1.607992,1.100295,2.271225,,4.187393,True,2
1,392,maintenance_burst,31181,29523,30963,1440,4,5000,temporal,12,12,404.8650746665824,1.20342,0.886371,1.785089,2.425979,1.583926,3.117916,,2.488093,True,1
1,392,maintenance_burst,31181,29523,30963,1440,4,5000,static,75,75,404.8650746665824,1.353027,0.79991,1.914586,1.870319,1.256461,2.570027,,2.488093,True,2
1,393,maintenance_burst,30350,29332,30052,720,2,5000,static,18,18,752.1485472730814,1.690337,1.411505,2.458088,2.357105,1.592459,3.106979,,3.097004,True,1
1,393,maintenance_burst,30350,29332,30052,720,2,5000,temporal,4,4,752.1485472730814,1.131762,0.807481,2.091133,1.899463,1.486408,2.597109,,3.097004,True,2
1,394,maintenance_burst,33594,33344,33404,60,4,5000,temporal,2,2,-1.3953503119352852,1.226185,0.910998,1.81851,1.709075,1.431345,2.397746,,2.646052,True,1
1,394,maintenance_burst,33594,33344,33404,60,4,5000,static,3,3,-1.3953503119352852,0.970137,0.767681,1.591407,1.658538,1.276761,2.305617,,2.646052,True,2
1,395,maintenance_burst,32319,32073,32133,60,4,5000,static,5,5,95.3528584341154,1.229058,0.987233,1.937951,1.609655,1.306366,2.297454,,2.345798,True,1
1,395,maintenance_burst,32319,32073,32133,60,4,5000,temporal,2,2,95.3528584341154,10.281269,0.752388,10.928469,1.58695,1.300987,2.350165,,2.345798,True,2
1,396,maintenance_burst,31179,30651,30831,180,4,5000,temporal,2,2,288.7035754610266,1.159714,0.913522,1.746361,1.535523,1.22286,2.232597,,2.101268,True,1
1,396,maintenance_burst,31179,30651,30831,180,4,5000,static,8,8,288.7035754610266,0.946812,0.763976,1.520791,1.693872,1.132923,2.388171,,2.101268,True,2
1,397,maintenance_burst,34177,34029,34089,60,2,1000,static,3,3,-6.239131612241518,1.306446,1.020704,1.902287,2.112295,1.35549,2.771482,,2.576888,True,1
1,397,maintenance_burst,34177,34029,34089,60,2,1000,temporal,1,1,-6.239131612241518,0.993292,0.808373,1.56692,1.350443,1.108326,1.995999,,2.576888,True,2
1,398,maintenance_burst,32383,30910,32350,1440,6,10000,temporal,24,24,592.2404857440446,1.704458,1.372486,2.392119,2.931273,1.59286,3.682129,,1.941747,True,1
1,398,maintenance_burst,32383,30910,32350,1440,6,10000,static,160,160,592.2404857440446,1.709997,0.948845,2.366028,2.415183,1.571306,3.544781,,1.941747,True,2
1,399,maintenance_burst,35034,34484,34844,360,4,10000,static,20,20,228.13951385404465,1.872462,1.488831,2.695136,2.160057,1.516724,2.918654,,2.279367,True,1
1,399,maintenance_burst,35034,34484,34844,360,4,10000,temporal,6,6,228.13951385404465,1.227246,0.973422,1.854455,1.727492,1.177971,2.417896,,2.279367,True,2
1,400,maintenance_burst,30294,28687,30127,1440,4,1000,temporal,14,14,-193.57598688101112,1.484075,1.017108,2.059715,2.111994,1.392457,2.915761,,2.200979,True,1
1,400,maintenance_burst,30294,28687,30127,1440,4,1000,static,107,107,-193.57598688101112,1.263901,0.808073,2.059005,1.836778,1.072212,2.628465,,2.200979,True,2
1,401,maintenance_burst,31639,29885,31325,1440,4,1000,static,71,71,35.33900773938484,21.012821,19.997716,21.747757,2.571599,1.555172,3.447364,,2.622657,True,1
1,401,maintenance_burst,31639,29885,31325,1440,4,1000,temporal,10,10,35.33900773938484,1.285144,0.813691,1.917851,2.201139,1.476864,2.929621,,2.622657,True,2
1,402,maintenance_burst,32906,32518,32698,180,4,1000,temporal,6,6,78.5843970664495,1.630035,1.302159,2.442394,2.022138,1.669105,2.788678,,4.894122,True,1
1,402,maintenance_burst,32906,32518,32698,180,4,1000,static,15,15,78.5843970664495,1.263902,1.063338,1.840133,1.70572,1.24903,2.387011,,4.894122,True,2
1,403,maintenance_burst,31824,31396,31756,360,4,5000,static,18,18,-915.1473211958294,1.518597,1.228418,2.170974,1.766222,1.372236,2.617139,,4.424091,True,1
1,403,maintenance_burst,31824,31396,31756,360,4,5000,temporal,3,3,-915.1473211958294,1.649955,1.383793,2.257945,2.827947,2.357917,4.026571,,4.424091,True,2
1,404,maintenance_burst,32314,32131,32191,60,2,10000,temporal,1,1,26.462039056334667,2.377256,2.01011,3.139369,2.072174,1.70545,2.784652,,2.335142,True,1
1,404,maintenance_burst,32314,32131,32191,60,2,10000,static,3,3,26.462039056334667,1.099884,0.842644,1.727433,1.50796,1.241578,2.160338,,2.335142,True,2
1,405,maintenance_burst,33186,31510,32950,1440,4,5000,static,104,104,-335.7264405748488,2.106105,1.28315,2.777782,2.374712,1.489573,3.348815,,2.567723,True,1
1,405,maintenance_burst,33186,31510,32950,1440,4,5000,temporal,13,13,-335.7264405748488,1.185273,0.890177,1.990871,1.867825,1.213695,2.761016,,2.567723,True,2
1,406,maintenance_burst,34080,33603,33963,360,6,10000,temporal,7,7,1758.9212622043888,2.371546,1.929017,3.466183,2.486621,1.883459,3.569158,,3.111776,True,1
1,406,maintenance_burst,34080,33603,33963,360,6,10000,static,34,34,1758.9212622043888,1.354459,1.080264,2.162951,1.759271,1.318774,2.65136,,3.111776,True,2
1,407,maintenance_burst,31877,30180,31620,1440,6,10000,static,111,111,-609.7650529918119,1.966975,1.221347,2.780476,2.480451,1.491235,3.414985,,2.971364,True,1
1,407,maintenance_burst,31877,30180,31620,1440,6,10000,temporal,15,15,-609.7650529918119,1.328229,0.864247,2.159666,2.137323,1.451075,3.150675,,2.971364,True,2
1,408,maintenance_burst,32166,31823,31883,60,2,1000,temporal,1,1,-114.07036229079056,1.245284,1.034425,2.119335,1.48812,1.192864,2.275456,,2.801978,True,1
1,408,maintenance_burst,32166,31823,31883,60,2,1000,static,14,14,-114.07036229079056,8.941894,1.393708,9.590024,2.596167,2.240438,3.605583,,2.801978,True,2
1,409,maintenance_burst,35777,34900,35620,720,4,5000,static,37,37,734.687225001065,1.921847,1.554131,2.773484,2.409654,1.723377,3.220991,,2.303775,True,1
1,409,maintenance_burst,35777,34900,35620,720,4,5000,temporal,7,7,734.687225001065,1.066953,0.788072,1.65922,2.125525,1.343322,2.892084,,2.303775,True,2
1,410,maintenance_burst,35949,35152,35872,720,4,5000,temporal,6,6,-1184.6991312563478,2.072344,1.638048,3.268052,2.333219,1.384484,3.58323,,24.626928,True,1
1,410,maintenance_burst,35949,35152,35872,720,4,5000,static,37,37,-1184.6991312563478,1.258563,0.940212,2.2218,2.309093,1.753492,3.41175,,24.626928,True,2
1,411,maintenance_burst,35803,35315,35495,180,6,10000,static,23,23,-564.007360027848,1.562433,1.116809,2.5254,2.337085,1.616234,3.344889,,2.247389,True,1
1,411,maintenance_burst,35803,35315,35495,180,6,10000,temporal,9,9,-564.007360027848,1.20329,0.999762,2.049269,1.973825,1.383322,2.941659,,2.247389,True,2
1,412,maintenance_burst,35157,34668,34848,180,4,10000,temporal,6,6,355.7116583854702,1.383161,1.053443,2.252016,1.964962,1.544045,2.938143,,2.054717,True,1
1,412,maintenance_burst,35157,34668,34848,180,4,10000,static,14,14,355.7116583854702,0.990729,0.7668,1.774044,1.69238,1.371805,2.588805,,2.054717,True,2
1,413,maintenance_burst,34203,33793,33973,180,4,10000,static,8,8,216.91662877031052,1.539098,1.298413,2.146266,2.019514,1.26975,3.591476,,2.240919,True,1
1,413,maintenance_burst,34203,33793,33973,180,4,10000,temporal,2,2,216.91662877031052,1.178903,0.91857,2.076671,1.671859,1.332796,2.924613,,2.240919,True,2
1,414,maintenance_burst,35603,35169,35349,180,8,10000,temporal,4,4,451.022962431334,1.757508,1.410904,2.607513,1.911241,1.354959,2.879475,,2.525399,True,1
1,414,maintenance_burst,35603,35169,35349,180,8,10000,static,15,15,451.022962431334,1.28929,1.014795,2.072355,21.153964,1.260066,25.450547,,2.525399,True,2
1,415,maintenance_burst,34915,33182,34622,1440,2,10000,static,41,41,-243.73402891241372,2.356724,1.584476,3.034239,2.293899,1.665729,3.059307,,3.271288,True,1
1,415,maintenance_burst,34915,33182,34622,1440,2,10000,temporal,7,7,-243.73402891241372,1.384183,1.101817,2.047146,2.384016,1.734403,3.105496,,3.271288,True,2
1,416,maintenance_burst,35231,34724,34904,180,2,1000,temporal,1,1,79.8824698584281,1.179384,0.977729,1.815586,2.165755,1.320577,2.945795,,2.597849,True,1
1,416,maintenance_burst,35231,34724,34904,180,2,1000,static,4,4,79.8824698584281,1.291624,1.076258,2.009119,1.746982,1.372686,2.517607,,2.597849,True,2
1,417,maintenance_burst,33872,33471,33531,60,2,1000,static,1,1,136.82997500115317,2.105485,1.769075,2.997974,2.198595,1.889308,3.27277,,7.661187,True,1
1,417,maintenance_burst,33872,33471,33531,60,2,1000,temporal,1,1,136.82997500115317,1.206675,0.992922,1.967215,1.681594,1.432266,2.535515,,7.661187,True,2
1,418,maintenance_burst,30494,29760,30480,720,6,1000,temporal,10,10,-2063.9220323477507,1.740682,1.435341,2.502074,2.478799,1.747764,3.401866,,2.19534,True,1
1,418,maintenance_burst,30494,29760,30480,720,6,1000,static,58,58,-2063.9220323477507,1.335109,1.029797,2.062479,2.178595,1.645819,3.078015,,2.19534,True,2
1,419,maintenance_burst,34736,34240,34600,360,2,10000,static,9,9,-675.5594419970531,21.091158,20.512754,22.239946,2.392289,1.710707,3.729661,,2.359038,True,1
1,419,maintenance_burst,34736,34240,34600,360,2,10000,temporal,1,1,-675.5594419970531,0.917017,0.725687,1.785921,1.744669,1.180305,2.522915,,2.359038,True,2
1,420,maintenance_burst,35264,33593,35033,1440,4,5000,temporal,11,11,371.08498626568417,2.257264,1.550454,3.145146,2.361532,1.703908,3.52418,,3.650121,True,1
1,420,maintenance_burst,35264,33593,35033,1440,4,5000,static,74,74,371.08498626568417,1.471535,1.167275,2.205937,2.089279,1.285914,2.859965,,3.650121,True,2
1,421,maintenance_burst,31247,30878,31058,180,4,1000,static,7,7,604.878559228711,1.364734,1.09783,2.235672,1.650065,1.357904,2.312657,,2.496036,True,1
1,421,maintenance_burst,31247,30878,31058,180,4,1000,temporal,2,2,604.878559228711,0.895745,0.728531,1.473669,1.335219,1.083459,1.991902,,2.496036,True,2
1,422,maintenance_burst,35626,35277,35337,60,6,1000,temporal,3,3,46.31922395663773,1.266275,0.984749,2.387761,1.935637,1.261688,2.690279,,2.319508,True,1
1,422,maintenance_burst,35626,35277,35337,60,6,1000,static,7,7,46.31922395663773,1.036318,0.845909,1.846303,1.569023,1.105833,2.585821,,2.319508,True,2
1,423,maintenance_burst,35052,34986,35046,60,2,1000,static,3,3,141.68183158070505,1.518917,1.208468,2.179486,1.384054,1.113294,2.079765,,3.68899,True,1
1,423,maintenance_burst,35052,34986,35046,60,2,1000,temporal,2,2,141.68183158070505,0.941934,0.756404,1.564326,1.295649,1.089408,1.97013,,3.68899,True,2
1,424,maintenance_burst,32222,31734,32094,360,6,1000,temporal,17,17,-1083.426018299047,1.537536,1.266926,2.223332,24.561387,1.290952,25.67402,,2.252456,True,1
1,424,maintenance_burst,32222,31734,32094,360,6,1000,static,83,83,-1083.426018299047,1.615012,1.323943,2.45933,2.210554,1.815196,3.034359,,2.252456,True,2
1,425,maintenance_burst,32118,30589,32029,1440,4,5000,static,103,103,-21.52075540588976,2.28103,1.728154,3.083394,2.846585,1.889548,3.623891,,2.585821,True,1
1,425,maintenance_burst,32118,30589,32029,1440,4,5000,temporal,14,14,-21.52075540588976,1.498336,1.147044,2.121499,2.504408,1.680512,3.376958,,2.585821,True,2
1,426,maintenance_burst,32534,30995,32435,1440,4,1000,temporal,13,13,442.5196194390074,1.574061,1.209148,2.210954,2.475995,1.575864,3.197866,,2.610047,True,1
1,426,maintenance_burst,32534,30995,32435,1440,4,1000,static,104,104,442.5196194390074,2.021257,1.420168,2.660604,2.520411,1.498376,3.223886,,2.610047,True,2
1,427,maintenance_burst,34680,34253,34613,360,4,10000,static,18,18,-973.9165334184304,1.523855,1.255969,2.200218,1.774244,1.147706,2.494132,,2.901439,True,1
1,427,maintenance_burst,34680,34253,34613,360,4,10000,temporal,2,2,-973.9165334184304,0.911529,0.73427,1.518046,1.902247,1.26934,2.741607,,2.901439,True,2
1,428,maintenance_burst,32724,30929,32369,1440,4,10000,temporal,15,15,412.159025418722,2.282091,1.455531,3.123504,1.830868,1.249289,2.84368,,5.523904,True,1
1,428,maintenance_burst,32724,30929,32369,1440,4,10000,static,104,104,412.159025418722,22.800874,0.775903,23.647775,2.921328,1.779451,3.899498,,5.523904,True,2
1,429,maintenance_burst,30601,28831,30271,1440,2,5000,static,51,51,-199.05191806448315,1.821004,1.358575,2.438768,2.030401,1.384634,2.738913,,2.179826,True,1
1,429,maintenance_burst,30601,28831,30271,1440,2,5000,temporal,8,8,-199.05191806448315,1.425656,1.099193,2.005333,1.757929,1.205964,2.42706,,2.179826,True,2
1,430,maintenance_burst,33085,32117,32837,720,2,5000,temporal,3,3,513.1049355399012,1.204402,0.95838,2.240088,10.148569,1.558777,13.708122,,1.617416,True,1
1,430,maintenance_burst,33085,32117,32837,720,2,5000,static,21,21,513.1049355399012,1.860554,1.518227,2.581825,2.07609,1.26937,3.121261,,1.617416,True,2
1,431,maintenance_burst,33517,32906,33266,360,4,10000,static,20,20,-1065.670276482345,1.235138,1.0049,1.866583,1.460208,1.159573,2.220328,,3.360863,True,1
1,431,maintenance_burst,33517,32906,33266,360,4,10000,temporal,3,3,-1065.670276482345,1.106203,0.882104,2.000566,1.786006,1.305855,2.481453,,3.360863,True,2
1,432,maintenance_burst,31584,31139,31499,360,2,1000,temporal,1,1,99.35272605400338,1.221818,0.99147,1.966273,1.875076,1.079994,2.800475,,2.36054,True,1
1,432,maintenance_burst,31584,31139,31499,360,2,1000,static,9,9,99.35272605400338,0.81352,0.627038,1.381991,1.68652,1.177982,2.374211,,2.36054,True,2
1,433,maintenance_burst,30445,29985,30165,180,2,5000,static,3,3,-171.83746039037672,1.861926,1.508962,21.597925,2.604009,1.98329,3.547385,,4.272261,True,1
1,433,maintenance_burst,30445,29985,30165,180,2,5000,temporal,1,1,-171.83746039037672,1.234197,0.950698,1.845752,1.855306,1.492087,2.549806,,4.272261,True,2
1,434,maintenance_burst,33323,31869,33309,1440,6,1000,temporal,18,18,-313.8095051651662,2.425739,1.906834,3.706105,3.338349,2.375513,4.477662,,6.439844,True,1
1,434,maintenance_burst,33323,31869,33309,1440,6,1000,static,116,116,-313.8095051651662,1.186555,0.903016,2.031923,2.476415,1.712601,3.546434,,6.439844,True,2
1,435,maintenance_burst,35183,34510,34870,360,8,10000,static,39,39,4.1393230935890415,1.574792,1.26313,2.425148,2.057933,1.582223,3.150435,,2.794727,True,1
1,435,maintenance_burst,35183,34510,34870,360,8,10000,temporal,11,11,4.1393230935890415,1.271413,0.954023,2.117142,2.412629,1.706792,3.454504,,2.794727,True,2
1,436,maintenance_burst,35763,34903,35623,720,6,5000,temporal,9,9,-175.08397283474503,1.905923,1.563936,2.791978,2.2351,1.478055,3.020118,,2.630038,True,1
1,436,maintenance_burst,35763,34903,35623,720,6,5000,static,54,54,-175.08397283474503,1.579288,1.174225,2.338897,2.543197,1.732881,3.291658,,2.630038,True,2
1,437,maintenance_burst,35118,34805,34985,180,4,5000,static,9,9,492.6419303921006,1.878211,1.455771,2.928198,3.174521,2.302552,3.962743,,22.793699,True,1
1,437,maintenance_burst,35118,34805,34985,180,4,5000,temporal,2,2,492.6419303921006,1.193355,0.909756,1.826372,1.885501,1.455411,2.547002,,22.793699,True,2
1,438,maintenance_burst,30727,30496,30676,180,4,1000,temporal,2,2,-159.8347910782579,1.907044,1.604727,2.544408,1.566179,1.265443,2.287399,,3.328815,True,1
1,438,maintenance_burst,30727,30496,30676,180,4,1000,static,9,9,-159.8347910782579,1.159163,0.926591,1.716796,1.824139,1.490385,2.500011,,3.328815,True,2
1,439,maintenance_burst,34597,34142,34322,180,6,5000,static,12,12,-1141.0171435262523,1.737137,1.408761,2.725142,2.588554,2.061528,3.457499,,3.383567,True,1
1,439,maintenance_burst,34597,34142,34322,180,6,5000,temporal,3,3,-1141.0171435262523,1.28255,1.035055,1.885391,1.751209,1.359497,2.428873,,3.383567,True,2
1,440,maintenance_burst,34252,32780,34220,1440,4,1000,temporal,10,10,-284.1532861631255,1.495281,1.162928,2.077882,1.709736,1.228438,2.392548,,3.065186,True,1
1,440,maintenance_burst,34252,32780,34220,1440,4,1000,static,72,72,-284.1532861631255,2.524849,1.661023,3.161622,1.764118,1.297883,2.447031,,3.065186,True,2
1,441,maintenance_burst,34145,33907,33967,60,2,10000,static,1,1,12.176163852850308,2.081518,1.706031,2.722437,2.363664,1.907935,3.046968,,3.14077,True,1
1,441,maintenance_burst,34145,33907,33967,60,2,10000,temporal,1,1,12.176163852850308,1.252734,1.035226,1.945543,2.079956,1.732741,2.778012,,3.14077,True,2
1,442,maintenance_burst,34427,32974,34414,1440,6,5000,temporal,17,17,-714.487743017762,2.454472,1.955578,3.199258,5.547941,1.974176,6.284886,,12.911777,True,1
1,442,maintenance_burst,34427,32974,34414,1440,6,5000,static,114,114,-714.487743017762,2.072445,1.495232,3.036893,4.772959,1.431615,5.501661,,12.911777,True,2
1,443,maintenance_burst,31510,31150,31330,180,4,10000,static,12,12,243.36521652086307,2.08934,1.708784,2.768257,2.22786,1.773653,2.970282,,2.508013,True,1
1,443,maintenance_burst,31510,31150,31330,180,4,10000,temporal,2,2,243.36521652086307,1.425997,1.172714,2.032344,1.577857,1.23676,2.288632,,2.508013,True,2
1,444,maintenance_burst,35392,35332,35392,60,8,5000,temporal,7,7,70.9191816566792,1.807975,1.306135,2.452069,1.925172,1.311303,2.799614,,2.681626,True,1
1,444,maintenance_burst,35392,35332,35392,60,8,5000,static,12,12,70.9191816566792,0.923076,0.755302,1.504145,4.851137,1.027444,5.643125,,2.681626,True,2
1,445,maintenance_burst,32002,31186,31906,720,2,1000,static,32,32,-872.0319973235717,1.399486,1.110189,2.298556,2.722788,1.814525,4.108855,,5.207596,True,1
1,445,maintenance_burst,32002,31186,31906,720,2,1000,temporal,3,3,-872.0319973235717,3.281994,2.846295,23.651782,2.312287,1.792872,3.098726,,5.207596,True,2
1,446,maintenance_burst,33493,33244,33424,180,6,5000,temporal,8,8,-46.20335525745453,1.660331,1.359185,2.61178,1.759802,1.410143,2.434202,,2.964223,True,1
1,446,maintenance_burst,33493,33244,33424,180,6,5000,static,20,20,-46.20335525745453,0.986963,0.798809,1.577386,1.548382,1.244753,2.255892,,2.964223,True,2
1,447,maintenance_burst,34986,34715,34775,60,4,1000,static,3,3,117.8478234952135,1.519137,1.253446,2.160337,2.133877,1.792862,2.841929,,2.837571,True,1
1,447,maintenance_burst,34986,34715,34775,60,4,1000,temporal,2,2,117.8478234952135,1.266886,1.03139,1.855687,1.853352,1.443252,2.872054,,2.837571,True,2
1,448,maintenance_burst,30512,29898,30258,360,2,10000,temporal,1,1,-79.01775115906355,1.874555,1.535632,2.754616,6.902699,5.718669,7.977745,,4.776163,True,1
1,448,maintenance_burst,30512,29898,30258,360,2,10000,static,9,9,-79.01775115906355,1.583305,1.312174,2.448954,2.77032,2.197954,3.840188,,4.776163,True,2
1,449,maintenance_burst,31670,30134,31574,1440,4,5000,static,72,72,-289.94764435553634,1.726471,1.336361,2.559361,2.051613,1.330502,3.008049,,1.012331,True,1
1,449,maintenance_burst,31670,30134,31574,1440,4,5000,temporal,10,10,-289.94764435553634,1.112863,0.782073,1.869818,24.101151,2.084332,25.355378,,1.012331,True,2
1,450,maintenance_burst,33286,32908,33088,180,2,5000,temporal,1,1,-335.84785599887965,1.437935,1.193004,2.23483,1.615503,1.24293,2.38629,,2.741286,True,1
1,450,maintenance_burst,33286,32908,33088,180,2,5000,static,5,5,-335.84785599887965,1.208097,1.001494,1.848786,1.949108,1.39501,2.629317,,2.741286,True,2
1,451,maintenance_burst,33267,32904,33264,360,6,10000,static,26,26,-1185.007756597086,1.748685,1.453368,2.959236,2.619201,1.913493,3.443938,,18.107807,True,1
1,451,maintenance_burst,33267,32904,33264,360,6,10000,temporal,3,3,-1185.007756597086,1.075146,0.830026,2.058113,2.891813,2.239548,3.700136,,18.107807,True,2
1,452,maintenance_burst,32016,31060,31780,720,4,5000,temporal,6,6,-996.2567902065952,2.317345,1.855887,2.921518,2.110061,1.627631,2.863251,,0.934404,True,1
1,452,maintenance_burst,32016,31060,31780,720,4,5000,static,38,38,-996.2567902065952,1.470294,1.13757,2.051442,1.955678,1.522663,2.630238,,0.934404,True,2
1,453,maintenance_burst,34255,33917,33977,60,2,5000,static,1,1,5.472148869195136,1.945983,1.561482,2.730429,1.896398,1.521461,2.839965,,3.320362,True,1
1,453,maintenance_burst,34255,33917,33977,60,2,5000,temporal,1,1,5.472148869195136,6.633413,0.90607,7.420443,2.035989,1.729746,2.832414,,3.320362,True,2
1,454,maintenance_burst,31613,31132,31312,180,6,1000,temporal,3,3,640.4405203361832,1.824129,1.426257,2.484147,2.089521,1.651167,2.822499,,3.121351,True,1
1,454,maintenance_burst,31613,31132,31312,180,6,1000,static,16,16,640.4405203361832,1.345165,1.109558,2.007586,1.945012,1.60716,2.669968,,3.121351,True,2
1,455,maintenance_burst,30680,30345,30405,60,2,1000,static,3,3,-137.4342503600438,1.517034,1.274618,2.169181,1.727272,1.375931,2.403786,,2.384807,True,1
1,455,maintenance_burst,30680,30345,30405,60,2,1000,temporal,2,2,-137.4342503600438,0.947803,0.743785,1.588032,1.59377,1.353227,2.401022,,2.384807,True,2
1,456,maintenance_burst,31590,31305,31485,180,2,5000,temporal,1,1,52.10044336422729,1.288288,1.040243,2.060827,1.987817,1.677678,2.900497,,2.25482,True,1
1,456,maintenance_burst,31590,31305,31485,180,2,5000,static,5,5,52.10044336422729,0.959682,0.775643,1.752811,1.406968,1.146424,2.318937,,2.25482,True,2
1,457,maintenance_burst,35056,34614,34794,180,6,10000,static,21,21,679.596136089263,1.814344,1.230171,2.722087,1.965563,1.499257,2.878743,,7.20743,True,1
1,457,maintenance_burst,35056,34614,34794,180,6,10000,temporal,9,9,679.596136089263,1.623415,1.303451,2.731672,1.901416,1.522673,2.987419,,7.20743,True,2
1,458,maintenance_burst,31840,31008,31728,720,4,5000,temporal,6,6,-676.7946503475816,1.52687,1.228348,2.449524,1.860694,1.448821,3.478361,,2.886961,True,1
1,458,maintenance_burst,31840,31008,31728,720,4,5000,static,37,37,-676.7946503475816,1.363812,0.901764,2.064742,1.975227,1.549964,2.873225,,2.886961,True,2
1,459,maintenance_burst,30966,30801,30861,60,4,10000,static,6,6,181.93169226999723,1.800062,1.457234,2.65807,2.186126,1.793352,2.950683,,19.070628,True,1
1,459,maintenance_burst,30966,30801,30861,60,4,10000,temporal,2,2,181.93169226999723,0.914182,0.72789,1.608072,2.157133,1.743577,2.862549,,19.070628,True,2
1,460,maintenance_burst,30613,29993,30353,360,2,5000,temporal,2,2,-460.6126410984907,1.830518,1.424966,2.495194,2.165425,1.735886,3.184085,,3.547956,True,1
1,460,maintenance_burst,30613,29993,30353,360,2,5000,static,11,11,-460.6126410984907,1.438546,1.136789,2.078424,1.484435,1.173835,2.551118,,3.547956,True,2
1,461,maintenance_burst,35157,35092,35152,60,4,5000,static,6,6,167.0062843011224,2.036219,1.658128,3.256065,2.26133,1.829397,3.082642,,3.74939,True,1
1,461,maintenance_burst,35157,35092,35152,60,4,5000,temporal,2,2,167.0062843011224,1.244823,0.986192,2.078594,2.012975,1.655454,3.062613,,3.74939,True,2
1,462,maintenance_burst,31237,30594,30954,360,4,10000,temporal,2,2,260.1811808245524,1.343682,1.089298,1.951522,1.423523,1.061836,2.252186,,3.510449,True,1
1,462,maintenance_burst,31237,30594,30954,360,4,10000,static,20,20,260.1811808245524,1.489602,1.223941,2.564128,1.450995,1.10443,2.500622,,3.510449,True,2
1,463,maintenance_burst,31303,30792,30972,180,4,10000,static,8,8,654.983315950565,1.861175,1.541512,2.484398,3.030994,2.502024,25.918665,,1.258534,True,1
1,463,maintenance_burst,31303,30792,30972,180,4,10000,temporal,2,2,654.983315950565,1.108636,0.857998,1.905482,1.493379,1.153985,2.508434,,1.258534,True,2
1,464,maintenance_burst,33393,31631,33071,1440,4,1000,temporal,16,16,-389.63570318683446,1.305425,1.007694,2.005123,2.544718,1.725319,3.51082,,3.697052,True,1
1,464,maintenance_burst,33393,31631,33071,1440,4,1000,static,106,106,-389.63570318683446,1.154727,0.852149,1.999935,1.815486,1.075847,2.595485,,3.697052,True,2
1,465,maintenance_burst,32043,31599,31779,180,2,1000,static,9,9,-308.654641441664,1.244202,0.999682,1.949438,1.506768,1.220656,2.492019,,2.39316,True,1
1,465,maintenance_burst,32043,31599,31779,180,2,1000,temporal,3,3,-308.654641441664,1.216721,1.007073,2.197604,1.346567,1.129818,2.054247,,2.39316,True,2
1,466,maintenance_burst,35641,34146,35586,1440,4,10000,temporal,11,11,-442.08416209200425,1.982778,1.596815,3.702049,1.901146,1.411214,2.702246,,3.619254,True,1
1,466,maintenance_burst,35641,34146,35586,1440,4,10000,static,74,74,-442.08416209200425,1.120694,0.798908,1.90403,1.934506,1.376381,2.723359,,3.619254,True,2
1,467,maintenance_burst,33805,33420,33780,360,4,1000,static,19,19,1270.419120734914,2.311987,1.906714,3.243466,2.67134,2.339287,3.915712,,0.761932,True,1
1,467,maintenance_burst,33805,33420,33780,360,4,1000,temporal,2,2,1270.419120734914,1.003097,0.816205,1.884911,1.819382,1.445146,2.86281,,0.761932,True,2
1,468,maintenance_burst,34911,34175,34895,720,2,5000,temporal,3,3,-625.8039814659546,19.929242,1.495081,20.815817,2.475945,2.075989,3.906959,,3.887269,True,1
1,468,maintenance_burst,34911,34175,34895,720,2,5000,static,20,20,-625.8039814659546,1.702154,1.470054,2.731882,1.572829,1.177941,2.840236,,3.887269,True,2
1,469,maintenance_burst,31482,29687,31127,1440,6,1000,static,106,106,481.2568491157869,2.218535,1.761284,3.23993,2.526571,1.73232,3.266971,,7.277276,True,1
1,469,maintenance_burst,31482,29687,31127,1440,6,1000,temporal,16,16,481.2568491157869,1.448471,1.228498,2.165065,1.854404,1.284783,2.679352,,7.277276,True,2
1,470,maintenance_burst,34740,33240,34680,1440,2,5000,temporal,5,5,11.141141411535116,1.579238,1.08467,2.528084,1.630506,1.235768,2.478028,,4.096265,True,1
1,470,maintenance_burst,34740,33240,34680,1440,2,5000,static,32,32,11.141141411535116,1.052972,0.787892,1.769576,1.971933,1.364624,2.75035,,4.096265,True,2
1,471,maintenance_burst,35995,34414,35854,1440,6,5000,static,104,104,-459.7894739387671,1.74512,1.292435,2.848848,2.351476,1.612949,3.41863,,1.789016,True,1
1,471,maintenance_burst,35995,34414,35854,1440,6,5000,temporal,14,14,-459.7894739387671,1.237171,0.971659,2.263954,2.186828,1.482752,3.234802,,1.789016,True,2
1,472,maintenance_burst,33914,33761,33821,60,4,10000,temporal,2,2,217.6740443898827,3.078396,2.69055,4.341496,2.303244,1.959764,3.329496,,9.655574,True,1
1,472,maintenance_burst,33914,33761,33821,60,4,10000,static,3,3,217.6740443898827,1.235679,1.016617,13.783802,2.508394,2.143442,3.670091,,9.655574,True,2
1,473,maintenance_burst,31986,31533,31713,180,4,5000,static,11,11,-703.6568067978626,1.784398,1.501031,2.653534,2.346819,1.913033,3.380743,,0.856516,True,1
1,473,maintenance_burst,31986,31533,31713,180,4,5000,temporal,2,2,-703.6568067978626,1.196169,0.969346,2.004953,2.494002,1.938932,3.432221,,0.856516,True,2
1,474,maintenance_burst,35126,34846,35026,180,2,1000,temporal,1,1,299.4982856132409,1.790518,1.49417,2.711651,1.907705,1.594071,3.006216,,3.426272,True,1
1,474,maintenance_burst,35126,34846,35026,180,2,1000,static,4,4,299.4982856132409,1.023398,0.818077,1.899363,1.409181,1.135988,2.32682,,3.426272,True,2
1,475,maintenance_burst,35674,34080,35520,1440,2,1000,static,32,32,-92.89129758470676,1.663406,1.266135,2.403786,1.741634,1.201336,2.542646,,5.675484,True,1
1,475,maintenance_burst,35674,34080,35520,1440,2,1000,temporal,4,4,-92.891297584708,0.843716,0.628511,1.65253,1.549043,1.125553,2.211295,,5.675484,True,2
1,476,maintenance_burst,35095,34647,34827,180,4,1000,temporal,6,6,555.7072874257967,2.624169,2.10229,4.160242,2.666894,2.169761,3.99049,,4.171038,True,1
1,476,maintenance_burst,35095,34647,34827,180,4,1000,static,14,14,555.7072874257967,1.995357,1.614311,2.880762,2.652993,2.123522,3.73533,,4.171038,True,2
1,477,maintenance_burst,34825,34217,34577,360,2,10000,static,9,9,-571.5297747311995,2.279688,1.860744,3.16677,9.437603,1.707012,10.455042,,1.684347,True,1
1,477,maintenance_burst,34825,34217,34577,360,2,10000,temporal,1,1,-571.5297747311997,1.621763,1.331043,2.398067,1.545017,1.194026,2.295502,,1.684347,True,2
1,478,maintenance_burst,32951,31388,32828,1440,2,1000,temporal,6,6,-156.08760987741124,1.817629,1.363192,2.512891,1.924561,1.397103,2.80377,,3.019417,True,1
1,478,maintenance_burst,32951,31388,32828,1440,2,1000,static,49,49,-156.08760987741124,1.31542,0.955415,2.254811,1.979444,1.462072,3.119028,,3.019417,True,2
1,479,maintenance_burst,34918,34044,34764,720,2,5000,static,22,22,-843.5669014394538,2.551388,1.939534,3.627772,2.615636,2.005894,3.828305,,4.588098,True,1
1,479,maintenance_burst,34918,34044,34764,720,2,5000,temporal,4,4,-843.5669014394538,1.611487,1.248949,2.751501,3.414975,2.73737,5.039822,,4.588098,True,2
1,480,window_drift,40081,38608,40048,1440,4,1000,temporal,10,10,-154.69001830435053,2.154358,1.687963,3.212328,2.581644,1.831339,3.759446,,1.561712,True,1
1,480,window_drift,40081,38608,40048,1440,4,1000,static,72,72,-154.69001830435053,1.538568,1.145602,2.384927,2.562025,1.806151,3.564491,,1.561712,True,2
1,481,window_drift,42259,40517,41957,1440,6,1000,static,110,110,350.555955246558,2.224013,1.650987,3.310307,2.431598,1.679831,3.676861,,2.544018,True,1
1,481,window_drift,42259,40517,41957,1440,6,1000,temporal,15,15,350.555955246558,1.576785,1.236591,2.232457,2.719002,1.986725,3.610741,,2.544018,True,2
1,482,window_drift,39333,38843,39203,360,2,1000,temporal,3,3,643.6232341576599,1.439207,1.126594,2.461543,1.789376,1.323963,2.784562,,1.495332,True,1
1,482,window_drift,39333,38843,39203,360,2,1000,static,11,11,643.6232341576599,1.041275,0.79361,1.740602,1.447259,1.134746,2.185055,,1.495332,True,2
1,483,window_drift,42027,41104,41824,720,4,1000,static,37,37,441.2371284832327,1.660642,1.331053,2.329583,2.127408,1.677748,2.971354,,3.148736,True,1
1,483,window_drift,42027,41104,41824,720,4,1000,temporal,6,6,441.2371284832327,1.513478,1.247938,2.106445,2.204684,1.696597,3.03518,,3.148736,True,2
1,484,window_drift,41518,39848,41288,1440,2,5000,temporal,6,6,-106.42975094650748,2.365688,1.816617,3.496428,2.353169,1.675404,3.152508,,6.719542,True,1
1,484,window_drift,41518,39848,41288,1440,2,5000,static,34,34,-106.42975094650748,1.145573,0.850897,2.40991,1.83168,1.298343,2.747024,,6.719542,True,2
1,485,window_drift,40194,37284,40164,2880,4,5000,static,144,144,407.0322859665747,1.563936,1.11695,2.627324,2.116832,1.272865,3.317327,,2.678992,True,1
1,485,window_drift,40194,37284,40164,2880,4,5000,temporal,19,19,407.0322859665747,1.098321,0.793189,2.158475,1.873343,1.240657,2.892164,,2.678992,True,2
1,486,window_drift,39581,36498,39378,2880,2,1000,temporal,9,9,111.1379292373432,1.358645,1.01797,2.446671,3.170906,1.158051,4.173011,,1.872572,True,1
1,486,window_drift,39581,36498,39378,2880,2,1000,static,65,65,111.13792923734128,2.268651,1.616095,3.525732,27.055329,4.6812,28.340202,,1.872572,True,2
1,487,window_drift,39182,38179,38899,720,6,5000,static,54,54,-1149.9568016498897,3.636189,2.958594,4.710203,4.162375,2.785773,5.489352,,2.074978,True,1
1,487,window_drift,39182,38179,38899,720,6,5000,temporal,9,9,-1149.9568016498897,2.879785,1.823978,3.981282,4.433746,3.082042,5.829346,,2.074978,True,2
1,488,window_drift,41155,38019,40899,2880,2,200,temporal,9,9,-380.267462149995,2.024451,1.456253,3.588697,3.273902,2.252707,4.06621,,2.622577,True,1
1,488,window_drift,41155,38019,40899,2880,2,200,static,65,65,-380.267462149995,1.801755,1.307197,2.577919,2.792283,1.832883,3.489778,,2.622577,True,2
1,489,window_drift,38277,35300,38180,2880,4,200,static,142,142,-111.80448906067626,2.483226,1.966093,3.40514,3.761489,2.720174,4.540167,,1.822376,True,1
1,489,window_drift,38277,35300,38180,2880,4,200,temporal,18,18,-111.80448906067978,1.478697,1.191022,2.15531,2.852845,1.796247,3.638894,,1.822376,True,2
1,490,window_drift,38984,38521,38881,360,6,1000,temporal,3,3,-234.3225720557,1.819732,1.420358,2.441091,2.124293,1.637877,3.051615,,2.94254,True,1
1,490,window_drift,38984,38521,38881,360,6,1000,static,26,26,-234.3225720557,1.374899,1.109207,2.015999,2.086846,1.572609,3.117435,,2.94254,True,2
1,491,window_drift,38733,37223,38663,1440,2,200,static,33,33,-54.94389920861708,1.80473,1.426708,3.157625,2.533431,1.847754,5.103589,,5.612729,True,1
1,491,window_drift,38733,37223,38663,1440,2,200,temporal,5,5,-54.94389920861708,1.22977,0.917258,2.070091,3.991336,1.984441,5.421199,,5.612729,True,2
1,492,window_drift,40813,39360,40800,1440,2,1000,temporal,5,5,-22.57047918938997,2.233789,1.820324,3.470449,3.644763,2.689057,4.444722,,7.426802,True,1
1,492,window_drift,40813,39360,40800,1440,2,1000,static,37,37,-22.57047918938997,2.933667,2.304205,3.804054,2.634464,1.918552,3.439431,,7.426802,True,2
1,493,window_drift,38936,35997,38877,2880,8,1000,static,291,291,898.056918027243,2.910792,2.078323,3.707147,6.827326,2.754627,10.670128,,0.569261,True,1
1,493,window_drift,38936,35997,38877,2880,8,1000,temporal,39,39,898.056918027243,2.654475,1.991833,4.032098,7.056333,2.974458,9.894435,,0.569261,True,2
1,494,window_drift,38771,38075,38435,360,2,5000,temporal,3,3,-601.625491642834,3.793117,3.202614,4.497802,3.024233,2.293578,10.991855,,1.284563,True,1
1,494,window_drift,38771,38075,38435,360,2,5000,static,11,11,-601.625491642834,1.266415,1.008055,2.131734,1.55382,1.240026,2.711771,,1.284563,True,2
1,495,window_drift,40945,40296,40656,360,6,200,static,32,32,960.1828693681364,1.878331,1.483173,2.690129,2.673172,1.664247,3.439071,,3.413041,True,1
1,495,window_drift,40945,40296,40656,360,6,200,temporal,10,10,960.1828693681332,1.415902,1.136109,2.100387,2.063241,1.636566,7.019646,,3.413041,True,2
1,496,window_drift,42172,41409,42129,720,2,1000,temporal,3,3,768.2099711092181,1.755945,1.377193,2.540843,2.401452,1.76571,3.209053,,18.966425,True,1
1,496,window_drift,42172,41409,42129,720,2,1000,static,20,20,768.2099711092181,1.043859,0.769414,1.656235,1.906333,1.458065,2.555525,,18.966425,True,2
1,497,window_drift,40961,40165,40885,720,4,1000,static,38,38,1403.585320994065,1.127165,0.880852,1.75192,3.092627,2.38688,3.792907,,1.046563,True,1
1,497,window_drift,40961,40165,40885,720,4,1000,temporal,6,6,1403.585320994065,1.338755,0.7936,1.951431,1.738609,1.287627,2.475354,,1.046563,True,2
1,498,window_drift,42860,41282,42722,1440,6,1000,temporal,16,16,3.193012560966281,1.168768,0.87274,1.889688,2.188911,1.351354,5.657877,,6.835338,True,1
1,498,window_drift,42860,41282,42722,1440,6,1000,static,107,107,3.193012560966281,1.171081,0.812989,1.838301,2.014347,1.238293,5.028896,,6.835338,True,2
1,499,window_drift,39191,37465,38905,1440,4,5000,static,73,73,371.7181406827212,1.426788,1.068626,2.045745,1.869939,1.14406,5.250651,,2.249902,True,1
1,499,window_drift,39191,37465,38905,1440,4,5000,temporal,10,10,371.7181406827212,1.56742,0.983377,2.205586,1.977842,1.20944,5.334428,,2.249902,True,2
1,500,window_drift,38590,37730,38450,720,4,1000,temporal,6,6,-993.406842431469,2.185585,1.77163,2.781296,2.354591,1.780213,3.05432,,2.073146,True,1
1,500,window_drift,38590,37730,38450,720,4,1000,static,38,38,-993.406842431469,1.449662,1.129177,2.073566,2.351116,1.73863,3.025886,,2.073146,True,2
1,501,window_drift,39957,38444,39884,1440,2,1000,static,40,40,-69.55274932565789,1.804199,1.386347,3.818115,2.352748,1.726441,5.693121,,0.57559,True,1
1,501,window_drift,39957,38444,39884,1440,2,1000,temporal,5,5,-69.55274932565789,1.458236,1.145302,2.125094,2.033425,1.528742,2.75723,,0.57559,True,2
1,502,window_drift,38837,37913,38633,720,2,200,temporal,3,3,-605.9075498043876,1.237001,1.001534,7.089943,1.866803,1.291433,3.904965,,1.569845,True,1
1,502,window_drift,38837,37913,38633,720,2,200,static,21,21,-605.9075498043876,1.274127,0.99858,3.949504,2.043831,1.595083,3.956714,,1.569845,True,2
1,503,window_drift,42436,41732,42092,360,4,1000,static,22,22,905.5278773692994,1.402361,1.146844,2.078003,2.047827,1.65253,4.995225,,1.962418,True,1
1,503,window_drift,42436,41732,42092,360,4,1000,temporal,6,6,905.5278773692994,1.334909,1.091221,4.799739,1.940805,1.522192,2.717249,,1.962418,True,2
1,504,window_drift,41151,39686,41126,1440,2,5000,temporal,6,6,-156.13302747834183,1.478225,1.164661,3.958406,2.174068,1.525457,2.910001,,2.623869,True,1
1,504,window_drift,41151,39686,41126,1440,2,5000,static,34,34,-156.13302747834118,8.456069,8.051998,13.147985,2.100817,1.530355,2.978194,,2.623869,True,2
1,505,window_drift,37941,37402,37762,360,4,200,static,19,19,1078.0871413635002,1.497565,1.200415,2.127007,2.444036,1.734483,3.186259,,2.647515,True,1
1,505,window_drift,37941,37402,37762,360,4,200,temporal,5,5,1078.0871413635005,1.299436,1.039151,1.967696,2.017321,1.57423,4.941012,,2.647515,True,2
1,506,window_drift,42081,41176,41896,720,4,1000,temporal,5,5,1399.951320119849,1.443563,1.107655,4.100281,2.229772,1.710247,5.432446,,1.863849,True,1
1,506,window_drift,42081,41176,41896,720,4,1000,static,37,37,1399.951320119849,1.314068,0.981435,1.938351,2.169721,1.489933,2.915329,,1.863849,True,2
1,507,window_drift,40597,37621,40501,2880,2,200,static,66,66,432.45489653733335,2.992817,2.489385,3.655379,3.286745,2.221735,4.090977,,3.985687,True,1
1,507,window_drift,40597,37621,40501,2880,2,200,temporal,9,9,432.45489653733335,1.803158,1.29624,2.451488,1.991532,1.323451,2.659092,,3.985687,True,2
1,508,window_drift,37617,36924,37284,360,6,1000,temporal,3,3,-1747.0917939010524,1.54724,1.29573,2.134999,1.846894,1.34862,2.692112,,1.768224,True,1
1,508,window_drift,37617,36924,37284,360,6,1000,static,27,27,-1747.0917939010524,1.136569,0.861242,1.806041,1.73904,1.326095,2.471889,,1.768224,True,2
1,509,window_drift,42659,40918,42358,1440,2,5000,static,39,39,-171.31991966621015,1.824329,1.411464,2.412659,2.289743,1.569473,3.20043,,0.599596,True,1
1,509,window_drift,42659,40918,42358,1440,2,5000,temporal,5,5,-171.31991966621032,1.56002,1.189018,2.149061,5.991271,1.535552,11.488856,,0.599596,True,2
1,510,window_drift,41543,39811,41251,1440,4,200,temporal,10,10,-440.7539456190282,1.53409,1.189178,2.193688,2.311265,1.669154,3.09488,,2.208861,True,1
1,510,window_drift,41543,39811,41251,1440,4,200,static,72,72,-440.7539456190282,1.028115,0.772068,1.620491,1.760583,1.142137,2.48595,,2.208861,True,2
1,511,window_drift,38718,37905,38625,720,2,1000,static,20,20,-587.7192977813896,2.068608,1.799581,2.721837,1.641763,1.309461,3.511421,,4.581409,True,1
1,511,window_drift,38718,37905,38625,720,2,1000,temporal,3,3,-587.7192977813896,1.192584,0.956426,1.773432,1.593019,1.215859,2.267389,,4.581409,True,2
1,512,window_drift,41881,40956,41676,720,4,1000,temporal,7,7,410.7587818529895,1.085802,0.836685,1.69229,2.475063,1.870258,3.194431,,1.994366,True,1
1,512,window_drift,41881,40956,41676,720,4,1000,static,38,38,410.7587818529895,2.114578,1.780983,2.721736,2.304896,1.582494,3.007668,,1.994366,True,2
1,513,window_drift,37906,34815,37695,2880,6,5000,static,223,223,1149.5598407465866,2.362924,1.535662,2.966537,3.284437,2.18856,7.587936,,2.015889,True,1
1,513,window_drift,37906,34815,37695,2880,6,5000,temporal,28,28,1149.5598407465866,2.044993,1.511326,2.727085,3.692324,2.540252,8.186351,,2.015889,True,2
1,514,window_drift,42798,39593,42473,2880,4,5000,temporal,18,18,-793.0049214344849,2.747506,1.7784,3.344869,2.42718,1.405015,3.539643,,2.643749,True,1
1,514,window_drift,42798,39593,42473,2880,4,5000,static,140,140,-793.0049214344873,1.30923,0.939171,2.184614,9.347888,8.519795,10.372808,,2.643749,True,2
1,515,window_drift,40617,37470,40350,2880,2,200,static,65,65,366.7982858625661,1.323621,0.996927,1.928767,1.87773,1.194817,2.76379,,2.260189,True,1
1,515,window_drift,40617,37470,40350,2880,2,200,temporal,9,9,366.7982858625662,1.212314,0.765978,1.853644,1.673771,1.068976,2.453641,,2.260189,True,2
1,516,window_drift,39807,39405,39765,360,2,1000,temporal,2,2,-417.8995436696554,1.900635,1.5337,2.546306,3.343968,2.653143,4.155455,,2.136041,True,1
1,516,window_drift,39807,39405,39765,360,2,1000,static,12,12,-417.8995436696554,1.142448,0.927162,1.885642,2.471208,2.070381,3.166038,,2.136041,True,2
1,517,window_drift,41994,39081,41961,2880,4,200,static,141,141,608.1706516848341,1.734083,0.957408,2.382203,2.162191,1.265063,3.179503,,2.903661,True,1
1,517,window_drift,41994,39081,41961,2880,4,200,temporal,19,19,608.1706516848374,2.444908,1.827033,3.446698,2.338668,1.365946,3.463198,,2.903661,True,2
1,518,window_drift,39220,38228,38948,720,4,5000,temporal,6,6,224.0712735898156,1.113404,0.900182,1.888096,2.067567,1.3623,2.80351,,2.257885,True,1
1,518,window_drift,39220,38228,38948,720,4,5000,static,38,38,224.0712735898156,0.968414,0.728852,1.619019,1.803738,1.212945,2.514483,,2.257885,True,2
1,519,window_drift,41336,40511,41231,720,4,1000,static,36,36,-1705.3519536874187,0.976136,0.72084,1.569243,1.636194,1.13707,2.343885,,2.00942,True,1
1,519,window_drift,41336,40511,41231,720,4,1000,temporal,6,6,-1705.3519536874187,0.89906,0.670243,1.495551,1.775034,1.115878,2.45961,,2.00942,True,2
1,520,window_drift,42579,41754,42474,720,4,1000,temporal,6,6,-1059.576310541145,1.247767,0.959942,1.848335,1.704468,1.259195,2.378908,,2.128499,True,1
1,520,window_drift,42579,41754,42474,720,4,1000,static,37,37,-1059.576310541145,0.987233,0.730455,1.616755,1.425236,1.019472,2.150132,,2.128499,True,2
1,521,window_drift,39613,39078,39438,360,4,1000,static,16,16,556.1558589975181,9.002235,0.718646,9.611176,1.734834,1.187766,2.496666,,1.700822,True,1
1,521,window_drift,39613,39078,39438,360,4,1000,temporal,2,2,556.1558589975181,0.845649,0.657664,1.4475,1.796477,1.284593,2.475063,,1.700822,True,2
1,522,window_drift,42291,40598,42038,1440,2,1000,temporal,5,5,-63.095595190456,1.211823,0.865389,1.82483,1.516784,1.004019,2.245846,,1.992103,True,1
1,522,window_drift,42291,40598,42038,1440,2,1000,static,32,32,-63.095595190456,0.914704,0.652426,1.531356,1.4744,0.972901,2.184333,,1.992103,True,2
1,523,window_drift,41408,40603,41323,720,4,5000,static,38,38,-1413.2614656639348,1.217932,0.914483,1.826723,1.49392,1.068406,2.210053,,1.583885,True,1
1,523,window_drift,41408,40603,41323,720,4,5000,temporal,6,6,-1413.2614656639348,0.936536,0.72698,1.575382,1.479668,1.040323,2.211495,,1.583885,True,2
1,524,window_drift,42055,40515,41955,1440,2,200,temporal,5,5,129.66883549417875,1.333286,0.815033,1.93714,1.522403,1.043228,2.309323,,1.417063,True,1
1,524,window_drift,42055,40515,41955,1440,2,200,static,38,38,129.66883549417858,0.966212,0.718787,1.551026,1.623816,1.001495,2.556877,,1.417063,True,2
1,525,window_drift,41989,40510,41950,1440,4,200,static,71,71,251.9680701955259,1.397503,0.889416,1.999033,1.876388,1.144792,2.554363,,2.151634,True,1
1,525,window_drift,41989,40510,41950,1440,4,200,temporal,10,10,251.9680701955259,1.250111,0.834472,1.85087,1.730306,1.069167,2.492289,,2.151634,True,2
1,526,window_drift,39204,36232,39112,2880,2,200,temporal,9,9,347.03900696479985,1.208908,0.840652,1.898602,1.905733,1.131872,2.641415,,1.781154,True,1
1,526,window_drift,39204,36232,39112,2880,2,200,static,65,65,347.03900696479985,1.134977,0.663974,1.780833,1.985043,1.012392,2.704871,,1.781154,True,2
1,527,window_drift,39517,38680,39400,720,2,1000,static,16,16,803.1739017695031,1.002275,0.774912,2.115224,1.584907,1.09151,2.341015,,2.615741,True,1
1,527,window_drift,39517,38680,39400,720,2,1000,temporal,3,3,803.1739017695031,0.94542,0.736954,1.925663,1.653641,1.251192,2.645882,,2.615741,True,2
1,528,window_drift,40486,40085,40445,360,4,1000,temporal,6,6,994.5462606489716,1.266185,1.032241,1.944391,1.518377,1.125933,2.311486,,1.821635,True,1
1,528,window_drift,40486,40085,40445,360,4,1000,static,20,20,994.5462606489716,0.993913,0.790616,1.616214,1.615453,1.012251,2.325908,,1.821635,True,2
1,529,window_drift,40577,39546,40266,720,6,200,static,56,56,-1819.8737906023384,1.061045,0.821643,1.65256,1.786462,1.205984,2.550537,,2.286368,True,1
1,529,window_drift,40577,39546,40266,720,6,200,temporal,8,8,-1819.8737906023384,0.921253,0.714391,1.510876,1.636525,1.160926,2.369995,,2.286368,True,2
1,530,window_drift,38949,38475,38835,360,8,200,temporal,4,4,295.66909717161275,1.090649,0.863817,1.65991,1.704939,1.201437,2.512981,,2.15543,True,1
1,530,window_drift,38949,38475,38835,360,8,200,static,38,38,295.66909717161275,1.35527,1.100394,2.296564,2.070021,1.414009,3.092517,,2.15543,True,2
1,531,window_drift,39568,38546,39266,720,2,200,static,19,19,715.0019214921313,1.224192,0.974905,2.123011,1.885532,1.294848,2.972896,,1.703938,True,1
1,531,window_drift,39568,38546,39266,720,2,200,temporal,3,3,715.0019214921313,1.13074,0.828673,1.973324,1.710607,1.123118,2.75023,,1.703938,True,2
1,532,window_drift,42366,39327,42207,2880,2,200,temporal,9,9,-102.68367078299468,1.534471,1.200325,2.30143,2.312037,1.274598,3.552263,,3.02488,True,1
1,532,window_drift,42366,39327,42207,2880,2,200,static,75,75,-102.68367078299468,1.40184,0.918049,2.529857,2.060767,1.314819,3.055781,,3.02488,True,2
1,533,window_drift,41367,39728,41168,1440,4,200,static,74,74,-337.5567092993141,1.993936,1.254708,2.832915,2.590748,1.775666,3.561647,,4.646708,True,1
1,533,window_drift,41367,39728,41168,1440,4,200,temporal,14,14,-337.5567092993141,1.614462,1.241508,2.579851,2.60479,1.706781,3.813357,,4.646708,True,2
1,534,window_drift,38445,38083,38443,360,8,200,temporal,12,12,-2408.722394679785,1.851219,1.54753,2.721486,2.964333,2.109711,4.141323,,1.98391,True,1
1,534,window_drift,38445,38083,38443,360,8,200,static,42,42,-2408.722394679785,1.674513,1.333327,2.71133,2.444066,1.891671,3.482036,,1.98391,True,2
1,535,window_drift,42753,39756,42636,2880,4,5000,static,140,140,-562.4904625624688,2.610608,1.64642,3.640776,2.970002,1.792772,4.07304,,11.283274,True,1
1,535,window_drift,42753,39756,42636,2880,4,5000,temporal,18,18,-562.4904625624695,1.701263,1.145001,2.635887,2.770109,1.80492,3.959278,,11.283274,True,2
1,536,window_drift,40542,39910,40270,360,4,5000,temporal,2,2,-4.370630872454932,1.733282,1.333768,2.658141,2.300869,1.677197,3.385901,,3.078486,True,1
1,536,window_drift,40542,39910,40270,360,4,5000,static,19,19,-4.370630872454932,1.230541,0.999852,2.078403,2.107187,1.698179,3.126669,,3.078486,True,2
1,537,window_drift,41441,38282,41162,2880,4,1000,static,140,140,-770.8170468403108,1.720722,1.294448,2.66458,2.521123,1.670286,3.54396,,3.685073,True,1
1,537,window_drift,41441,38282,41162,2880,4,1000,temporal,19,19,-770.8170468403107,1.331774,0.997749,2.229622,2.499731,1.633681,3.564562,,3.685073,True,2
1,538,window_drift,42776,41085,42525,1440,4,5000,temporal,10,10,-422.8288432377532,1.608022,1.262429,2.470086,2.283224,1.628332,3.293792,,1.991202,True,1
1,538,window_drift,42776,41085,42525,1440,4,5000,static,72,72,-422.8288432377532,1.557546,1.019552,2.430747,1.660812,1.173695,2.715266,,1.991202,True,2
1,539,window_drift,43087,42527,42887,360,4,5000,static,22,22,578.4782649184995,1.962808,1.619409,2.899916,2.228541,1.543985,3.051326,,29.956251,True,1
1,539,window_drift,43087,42527,42887,360,4,5000,temporal,6,6,578.4782649184995,1.324273,1.022957,1.988207,1.835576,1.436041,2.561173,,29.956251,True,2
1,540,window_drift,38459,35530,38410,2880,4,1000,temporal,20,20,-687.8427368328877,1.724187,1.316861,2.63869,2.306438,1.449362,3.038285,,2.584519,True,1
1,540,window_drift,38459,35530,38410,2880,4,1000,static,146,146,-687.8427368328807,1.456983,1.079342,2.100988,2.61843,1.519057,3.401865,,2.584519,True,2
1,541,window_drift,40404,39562,40282,720,2,1000,static,21,21,-254.61382605109867,1.554471,1.226174,2.379418,1.931942,1.424885,2.781196,,2.278867,True,1
1,541,window_drift,40404,39562,40282,720,2,1000,temporal,4,4,-254.61382605109867,1.334077,1.069557,2.032684,1.766141,1.346457,2.594644,,2.278867,True,2
1,542,window_drift,37459,35673,37113,1440,2,200,temporal,6,6,-174.52420090954064,1.214026,0.861332,1.856677,1.935517,1.243019,2.632431,,0.974684,True,1
1,542,window_drift,37459,35673,37113,1440,2,200,static,40,40,-174.52420090954064,1.102428,0.794461,1.657887,1.764959,1.126483,2.464548,,0.974684,True,2
1,543,window_drift,41997,40442,41882,1440,8,1000,static,141,141,429.8660038923766,1.393968,0.951579,1.994737,2.786745,1.643706,3.628979,,1.536984,True,1
1,543,window_drift,41997,40442,41882,1440,8,1000,temporal,19,19,429.8660038923766,1.379706,1.071571,2.124203,2.725913,1.674332,3.497841,,1.536984,True,2
1,544,window_drift,40678,37521,40401,2880,6,1000,temporal,28,28,1131.8052607784032,1.521682,1.101106,2.161529,2.311716,1.318044,3.112057,,2.427512,True,1
1,544,window_drift,40678,37521,40401,2880,6,1000,static,222,222,1131.805260778408,1.537475,0.836485,2.285466,2.679742,1.445135,3.464329,,2.427512,True,2
1,545,window_drift,42372,41599,42319,720,4,1000,static,38,38,789.9331360579233,1.742946,1.386557,2.401081,5.544241,1.877129,6.477126,,2.074898,True,1
1,545,window_drift,42372,41599,42319,720,4,1000,temporal,6,6,789.9331360579233,1.141837,0.937498,1.966844,2.111604,1.228017,2.925084,,2.074898,True,2
1,546,window_drift,39680,38077,39517,1440,6,5000,temporal,15,15,-431.10091780284847,1.290712,0.987173,2.050441,1.958472,1.234276,2.735297,,2.237134,True,1
1,546,window_drift,39680,38077,39517,1440,6,5000,static,107,107,-431.10091780284847,1.257912,0.816515,1.850229,2.371406,1.649485,3.093138,,2.237134,True,2
1,547,window_drift,42593,42022,42382,360,2,1000,static,10,10,-291.6014575775425,1.234327,1.017068,1.86445,1.986805,1.609184,2.688526,,2.107057,True,1
1,547,window_drift,42593,42022,42382,360,2,1000,temporal,1,1,-291.6014575775425,1.67306,1.341959,2.698862,2.692993,2.104083,4.002003,,2.107057,True,2
1,548,window_drift,39289,36392,39272,2880,6,200,temporal,27,27,1037.471810660761,1.664497,1.292825,2.829139,5.136208,3.278498,6.435673,,2.271275,True,1
1,548,window_drift,39289,36392,39272,2880,6,200,static,207,207,1037.4718106607609,1.622804,1.167956,2.761647,4.739718,3.032326,6.387841,,2.271275,True,2
1,549,window_drift,38848,37860,38580,720,2,1000,static,21,21,-479.9871401498185,2.381572,1.87121,6.929771,2.71727,2.027225,3.943895,,1.935618,True,1
1,549,window_drift,38848,37860,38580,720,2,1000,temporal,3,3,-479.9871401498185,2.039434,1.518496,2.911163,16.599416,1.736075,17.516863,,1.935618,True,2
1,550,window_drift,43144,40173,43053,2880,2,5000,temporal,9,9,234.03541060177008,3.276986,1.539388,4.009173,3.309756,2.211335,4.194013,,1.25596,True,1
1,550,window_drift,43144,40173,43053,2880,2,5000,static,78,78,234.03541060177008,1.702955,1.233856,2.423055,3.273441,2.045574,4.130167,,1.25596,True,2
1,551,window_drift,38449,35502,38382,2880,6,1000,static,223,223,-854.5520591345357,2.395714,1.424615,3.082422,3.897444,2.346829,4.769984,,3.905446,True,1
1,551,window_drift,38449,35502,38382,2880,6,1000,temporal,28,28,-854.5520591345357,1.830869,1.40851,2.680304,2.81032,1.782206,3.617351,,3.905446,True,2
1,552,window_drift,42112,40352,41792,1440,8,1000,temporal,23,23,565.0393227817221,1.918422,1.483434,2.667494,2.833035,1.72555,3.639765,,6.642406,True,1
1,552,window_drift,42112,40352,41792,1440,8,1000,static,146,146,565.0393227817221,1.89797,1.261999,2.586071,2.666984,1.85771,3.447725,,6.642406,True,2
1,553,window_drift,37951,37188,37908,720,2,5000,static,21,21,422.0391417935675,1.965632,1.569483,2.706914,2.262241,1.61978,2.984955,,4.682962,True,1
1,553,window_drift,37951,37188,37908,720,2,5000,temporal,3,3,422.0391417935675,22.989785,3.422957,23.761707,3.025306,2.166427,3.972939,,4.682962,True,2
1,554,window_drift,41632,39947,41387,1440,4,1000,temporal,11,11,59.35152347688211,1.836238,1.188798,2.463746,2.21496,1.525547,2.926466,,1.058841,True,1
1,554,window_drift,41632,39947,41387,1440,4,1000,static,72,72,59.35152347688211,2.060957,1.065471,2.628696,2.280599,1.551566,3.000318,,1.058841,True,2
1,555,window_drift,40311,37328,40208,2880,6,5000,static,221,221,279.4552391916697,1.947045,1.423102,2.604709,8.186932,1.69225,9.176619,,2.570057,True,1
1,555,window_drift,40311,37328,40208,2880,6,5000,temporal,25,25,279.4552391916697,2.09587,1.595493,2.924614,3.027028,1.612148,3.848871,,2.570057,True,2
1,556,window_drift,38947,38188,38908,720,2,5000,temporal,3,3,-543.642814230841,2.459129,1.920224,3.142543,2.607794,1.787604,3.343297,,3.227772,True,1
1,556,window_drift,38947,38188,38908,720,2,5000,static,21,21,-543.642814230841,1.407999,1.095397,2.043801,2.001998,1.457985,2.695466,,3.227772,True,2
1,557,window_drift,38546,35550,38430,2880,2,5000,static,65,65,-358.9733947160617,1.502913,1.079052,2.260409,2.757671,1.570765,3.762475,,2.001928,True,1
1,557,window_drift,38546,35550,38430,2880,2,5000,temporal,9,9,-358.9733947160617,2.561815,1.87806,3.483989,37.915683,36.402155,38.934866,,2.001928,True,2
1,558,window_drift,37585,37016,37376,360,4,1000,temporal,2,2,-834.9041115167161,1.612739,1.315139,2.288111,3.619544,2.802489,4.358973,,2.165525,True,1
1,558,window_drift,37585,37016,37376,360,4,1000,static,16,16,-834.9041115167161,1.452837,1.171532,2.383675,2.520322,1.745269,3.301253,,2.165525,True,2
1,559,window_drift,39204,37691,39131,1440,4,200,static,73,73,346.549409403944,1.73233,1.020073,2.419039,2.434783,1.562353,3.215192,,1.9706,True,1
1,559,window_drift,39204,37691,39131,1440,4,200,temporal,10,10,346.549409403944,1.253431,0.960428,1.86437,2.149421,1.281759,2.831252,,1.9706,True,2
1,560,window_drift,42114,41043,41763,720,8,200,temporal,12,12,1.6109652557204406,2.139215,1.770318,2.811081,2.515715,1.740252,3.209054,,2.960638,True,1
1,560,window_drift,42114,41043,41763,720,8,200,static,70,70,1.6109652557204406,1.323943,1.04449,2.066736,1.93069,1.336642,2.660344,,2.960638,True,2
1,561,window_drift,38009,36333,37773,1440,4,1000,static,74,74,445.6740224798998,1.246535,0.982606,1.847063,2.718281,1.799982,3.476388,,4.749113,True,1
1,561,window_drift,38009,36333,37773,1440,4,1000,temporal,11,11,445.6740224798998,1.227977,0.87236,2.060166,1.776296,1.174807,2.853716,,4.749113,True,2
1,562,window_drift,41330,38426,41306,2880,6,1000,temporal,26,26,-1024.730880285544,1.689946,1.10384,2.629387,4.993953,1.429722,5.760753,,1.635304,True,1
1,562,window_drift,41330,38426,41306,2880,6,1000,static,220,220,-1024.730880285544,2.495084,1.809947,3.165207,2.55894,1.292695,3.341454,,1.635304,True,2
1,563,window_drift,41841,38621,41501,2880,6,1000,static,217,217,231.4420235486261,1.796407,1.033994,2.46619,5.227446,1.44172,6.2148,,3.188042,True,1
1,563,window_drift,41841,38621,41501,2880,6,1000,temporal,29,29,231.44202354862608,1.381239,0.858859,2.079024,7.060709,2.927557,7.794379,,3.188042,True,2
1,564,window_drift,41411,40507,41227,720,2,5000,temporal,3,3,-856.6352228058847,1.714433,1.356271,2.407812,2.326758,1.695394,3.057143,,5.753852,True,1
1,564,window_drift,41411,40507,41227,720,2,5000,static,17,17,-856.6352228058847,1.056268,0.810085,1.601522,1.610656,1.252865,2.30032,,5.753852,True,2
1,565,window_drift,41055,40379,40739,360,4,5000,static,22,22,1035.4617807261106,1.141987,0.918349,1.782265,1.505016,1.172273,2.230243,,1.4418,True,1
1,565,window_drift,41055,40379,40739,360,4,5000,temporal,6,6,1035.4617807261106,1.708794,1.373417,2.316243,1.595162,1.185744,2.24794,,1.4418,True,2
1,566,window_drift,37866,34740,37620,2880,8,1000,temporal,38,38,1345.1284822024068,1.105853,0.779429,1.687452,25.060502,1.32222,26.459839,,1.543094,True,1
1,566,window_drift,37866,34740,37620,2880,8,1000,static,287,287,1345.1284822024068,2.281421,1.58648,3.426833,3.207571,1.760112,4.164939,,1.543094,True,2
1,567,window_drift,42556,41021,42461,1440,4,1000,static,71,71,-479.3661830235293,1.746111,1.265143,2.481173,2.39994,1.702605,3.123515,,4.616432,True,1
1,567,window_drift,42556,41021,42461,1440,4,1000,temporal,10,10,-479.3661830235293,1.13098,0.835974,1.978782,2.907037,1.728934,3.671733,,4.616432,True,2
1,568,window_drift,41897,41019,41739,720,4,200,temporal,7,7,788.2461961222427,1.747623,1.224632,2.375272,2.735477,1.973003,3.909693,,3.549969,True,1
1,568,window_drift,41897,41019,41739,720,4,200,static,38,38,788.2461961222427,1.128517,0.894523,1.743777,1.964812,1.298214,2.698471,,3.549969,True,2
1,569,window_drift,39704,36542,39422,2880,4,200,static,143,143,-26.332436555250524,2.072094,1.43488,2.709048,6.082629,1.709605,6.824662,,1.825991,True,1
1,569,window_drift,39704,36542,39422,2880,4,200,temporal,18,18,-26.332436555250524,1.618838,1.167576,2.598881,5.458145,1.418966,6.233648,,1.825991,True,2
1,570,window_drift,38759,37242,38682,1440,8,200,temporal,20,20,179.13745466019225,1.977731,1.295259,2.603638,2.384236,1.618538,3.090914,,2.416696,True,1
1,570,window_drift,38759,37242,38682,1440,8,200,static,146,146,179.13745466019225,1.880474,1.102608,2.637118,20.172198,1.558006,21.243689,,2.416696,True,2
1,571,window_drift,41534,39756,41196,1440,6,1000,static,111,111,-454.7080289060691,2.095439,1.620371,2.869129,5.820764,1.520129,6.638961,,2.75719,True,1
1,571,window_drift,41534,39756,41196,1440,6,1000,temporal,16,16,-454.7080289060691,1.591487,1.007924,2.299007,2.818783,1.674563,3.536849,,2.75719,True,2
1,572,window_drift,38257,36726,38166,1440,4,1000,temporal,10,10,-201.3110487958386,1.668263,1.135787,2.287389,2.149561,1.484135,2.878092,,2.978555,True,1
1,572,window_drift,38257,36726,38166,1440,4,1000,static,72,72,-201.3110487958386,1.321328,0.99161,1.962989,2.364526,1.469783,3.121651,,2.978555,True,2
1,573,window_drift,43136,39995,42875,2880,2,1000,static,74,74,127.8990785108781,1.530455,0.995475,2.201039,2.419019,1.556454,3.124927,,3.737203,True,1
1,573,window_drift,43136,39995,42875,2880,2,1000,temporal,9,9,127.89907851087789,1.490905,1.007023,2.069741,2.216141,1.463534,2.969852,,3.737203,True,2
1,574,window_drift,41990,40546,41986,1440,4,200,temporal,11,11,134.56674444051237,1.334899,0.983518,1.958212,3.208874,2.157153,4.575901,,1.695174,True,1
1,574,window_drift,41990,40546,41986,1440,4,200,static,70,70,134.56674444051237,1.312144,0.943857,2.807406,2.05668,1.438756,3.569349,,1.695174,True,2
1,575,window_drift,40446,39649,40369,720,6,1000,static,54,54,1009.3838395216746,1.115477,0.886832,2.562285,1.707713,1.195038,2.702217,,1.906273,True,1
1,575,window_drift,40446,39649,40369,720,6,1000,temporal,9,9,1009.3838395216746,1.023398,0.769684,2.22147,1.79174,1.305945,4.460115,,1.906273,True,2
1,576,window_drift,43038,42443,42803,360,6,1000,temporal,9,9,-215.4513649531181,1.508882,1.200366,8.095584,2.464687,1.813152,3.350327,,2.296634,True,1
1,576,window_drift,43038,42443,42803,360,6,1000,static,32,32,-215.4513649531181,1.147535,0.847492,1.763577,1.702935,1.304093,2.374652,,2.296634,True,2
1,577,window_drift,38133,34959,37839,2880,4,5000,static,145,145,734.2732907865025,2.940037,2.326068,3.617251,3.297678,2.050942,4.041753,,2.885564,True,1
1,577,window_drift,38133,34959,37839,2880,4,5000,temporal,18,18,734.2732907865026,0.988665,0.684635,1.583064,2.066155,1.313737,3.216755,,2.885564,True,2
1,578,window_drift,38662,37024,38464,1440,8,200,temporal,20,20,-634.0623955479193,1.553109,1.201457,2.225055,7.699605,1.44179,8.535049,,2.339869,True,1
1,578,window_drift,38662,37024,38464,1440,8,200,static,146,146,-634.0623955479193,1.484816,1.130319,2.172996,2.643869,1.748995,3.418561,,2.339869,True,2
1,579,window_drift,43040,42538,42898,360,2,5000,static,11,11,281.85988157458445,1.565748,1.191722,2.282052,1.922087,1.435772,2.586011,,2.786825,True,1
1,579,window_drift,43040,42538,42898,360,2,5000,temporal,3,3,281.85988157458445,1.162899,0.889305,1.802246,1.730437,1.340698,2.507612,,2.786825,True,2
1,580,window_drift,38730,37655,38375,720,2,1000,temporal,3,3,326.8874082213026,1.437654,1.082407,2.097231,1.965733,1.481731,2.852765,,3.283266,True,1
1,580,window_drift,38730,37655,38375,720,2,1000,static,20,20,326.8874082213026,1.172673,0.890277,1.838621,1.871731,1.410073,2.572631,,3.283266,True,2
1,581,window_drift,39582,39183,39543,360,4,1000,static,19,19,-177.78266905331924,1.483324,1.141646,2.050021,2.066365,1.601252,2.785773,,2.584078,True,1
1,581,window_drift,39582,39183,39543,360,4,1000,temporal,2,2,-177.78266905331924,1.268649,0.969105,1.847164,1.952063,1.498938,2.657269,,2.584078,True,2
1,582,window_drift,42410,40936,42376,1440,2,1000,temporal,6,6,-207.03073137818072,1.469482,1.053704,2.071332,2.144473,1.552308,2.798012,,2.524728,True,1
1,582,window_drift,42410,40936,42376,1440,2,1000,static,34,34,-207.0307313781812,1.344283,0.976207,2.015298,2.189682,1.558788,3.190976,,2.524728,True,2
1,583,window_drift,41321,40959,41319,360,6,1000,static,31,31,-1476.6828184086448,1.736586,1.394039,2.326238,2.278456,1.840794,3.218397,,2.387661,True,1
1,583,window_drift,41321,40959,41319,360,6,1000,temporal,9,9,-1476.6828184086448,1.334588,1.088286,1.93039,2.24124,1.745329,3.196084,,2.387661,True,2
1,584,window_drift,39913,36825,39705,2880,6,1000,temporal,27,27,-1257.5552282028038,1.566699,1.144781,2.165135,3.400463,1.668974,4.169546,,2.309473,True,1
1,584,window_drift,39913,36825,39705,2880,6,1000,static,222,222,-1257.5552282028038,1.585488,1.132954,2.226047,2.883301,1.452417,3.659295,,2.309473,True,2
1,585,window_drift,42632,41600,42320,720,4,200,static,38,38,323.19103385008054,1.393928,1.072202,1.958832,1.946184,1.482583,2.636177,,2.244505,True,1
1,585,window_drift,42632,41600,42320,720,4,200,temporal,6,6,323.19103385008054,1.215569,0.948955,2.30775,1.773262,1.313837,2.491268,,2.244505,True,2
1,586,window_drift,38433,36921,38361,1440,4,5000,temporal,10,10,-358.52869541576274,1.323993,1.037889,1.889818,1.624477,1.08456,2.291996,,1.941696,True,1
1,586,window_drift,38433,36921,38361,1440,4,5000,static,73,73,-358.52869541576274,0.987754,0.704766,1.551147,1.524345,1.067675,2.223393,,1.941696,True,2
1,587,window_drift,42944,41464,42904,1440,6,200,static,105,105,426.3600518623848,1.119654,0.82626,1.675764,4.593947,1.162237,5.331092,,1.923229,True,1
1,587,window_drift,42944,41464,42904,1440,6,200,temporal,15,15,426.3600518623848,1.904655,1.555828,2.566362,5.486668,1.769667,6.244304,,1.923229,True,2
1,588,window_drift,40977,37959,40839,2880,4,1000,temporal,20,20,-329.4621996279077,1.568391,1.210852,2.421652,4.04629,1.555603,4.871268,,4.125228,True,1
1,588,window_drift,40977,37959,40839,2880,4,1000,static,144,144,-329.4621996279077,1.301679,0.95219,2.257284,2.931994,1.746292,3.708279,,4.125228,True,2
1,589,window_drift,42831,42413,42773,360,2,1000,static,10,10,-269.4741640890964,5.963599,5.65989,6.715907,2.025813,1.551987,2.871182,,2.177403,True,1
1,589,window_drift,42831,42413,42773,360,2,1000,temporal,3,3,-269.4741640890964,2.747475,2.494162,3.574356,1.700171,1.350072,2.475173,,2.177403,True,2
1,590,window_drift,40441,37475,40355,2880,8,5000,temporal,37,37,1353.2116773027958,1.482863,1.013252,2.367671,3.365049,1.677867,4.048944,,2.021678,True,1
1,590,window_drift,40441,37475,40355,2880,8,5000,static,288,288,1353.2116773027958,1.505227,0.999982,2.193417,3.814329,1.554731,4.580748,,2.021678,True,2
1,591,window_drift,38157,37173,37893,720,4,200,static,36,36,1066.149801665664,1.371674,1.12457,1.999003,2.035479,1.385425,2.749739,,2.720865,True,1
1,591,window_drift,38157,37173,37893,720,4,200,temporal,5,5,1066.149801665664,1.028385,0.791517,1.645408,1.545918,1.098622,2.559271,,2.720865,True,2
1,592,window_drift,40621,39691,40411,720,2,200,temporal,3,3,190.3996241960686,1.127115,0.873892,2.583938,2.421332,1.219745,4.515409,,4.335437,True,1
1,592,window_drift,40621,39691,40411,720,2,200,static,17,17,190.3996241960686,1.083078,0.762903,2.067537,13.38299,1.301488,14.730438,,4.335437,True,2
1,593,window_drift,40478,38859,40299,1440,4,1000,static,72,72,256.47399237259725,1.42764,1.132432,2.385138,1.775445,1.180736,2.581985,,2.522124,True,1
1,593,window_drift,40478,38859,40299,1440,4,1000,temporal,9,9,256.47399237259856,1.160835,0.790716,1.855827,1.889567,1.253626,2.926365,,2.522124,True,2
1,594,window_drift,42737,39502,42382,2880,4,1000,temporal,20,20,-786.6826679181731,2.450335,1.834344,3.813408,7.030388,1.928847,8.463961,,5.802356,True,1
1,594,window_drift,42737,39502,42382,2880,4,1000,static,143,143,-786.6826679181737,2.349794,1.826363,3.654438,2.599502,1.683616,3.809391,,5.802356,True,2
1,595,window_drift,39797,38069,39509,1440,2,1000,static,40,40,-142.52594864465095,2.236122,1.681413,3.560475,2.690719,1.822776,4.0005,,3.545453,True,1
1,595,window_drift,39797,38069,39509,1440,2,1000,temporal,5,5,-142.5259486446488,1.376672,0.961184,2.298797,2.058763,1.456733,3.241412,,3.545453,True,2
1,596,window_drift,38441,37407,38127,720,2,1000,temporal,2,2,844.0158394842327,2.352498,1.958752,3.336266,2.476956,1.921205,3.58329,,4.82052,True,1
1,596,window_drift,38441,37407,38127,720,2,1000,static,16,16,844.0158394842327,1.512758,1.208337,2.470807,2.508434,1.737758,3.585763,,4.82052,True,2
1,597,window_drift,42056,41157,41877,720,2,1000,static,20,20,292.0280694579925,2.207388,1.761194,3.534836,2.733203,1.995778,4.002573,,14.090952,True,1
1,597,window_drift,42056,41157,41877,720,2,1000,temporal,3,3,292.0280694579925,1.392005,1.075276,2.438769,1.894065,1.500089,3.005326,,14.090952,True,2
1,598,window_drift,39231,36067,38947,2880,2,1000,temporal,10,10,207.22923457228072,1.842637,1.365585,2.688236,2.550658,1.69963,3.680427,,2.424056,True,1
1,598,window_drift,39231,36067,38947,2880,2,1000,static,80,80,207.22923457228063,1.439557,1.006192,2.248871,2.699383,1.497655,3.785926,,2.424056,True,2
1,599,window_drift,42039,41263,41983,720,4,1000,static,38,38,1684.672288482942,1.568272,1.264152,2.529887,2.383635,1.623915,3.390627,,2.669598,True,1
1,599,window_drift,42039,41263,41983,720,4,1000,temporal,6,6,1684.672288482942,1.290612,1.043949,2.147948,2.115249,1.571256,3.168552,,2.669598,True,2
2,0,calibration,11546,10857,11217,360,8,200,static,47,47,2064.50932832452,1.955537,1.730457,2.748777,2.192997,1.697357,3.336357,,1.881806,True,1
2,0,calibration,11546,10857,11217,360,8,200,temporal,13,13,2064.50932832452,1.697537,1.48095,2.857992,2.55199,2.02342,3.66316,,1.881806,True,2
2,1,calibration,10500,10394,10454,60,6,1000,temporal,3,3,-260.3249038677108,1.703877,1.459087,2.510838,2.011222,1.713592,3.169113,,2.13613,True,1
2,1,calibration,10500,10394,10454,60,6,1000,static,8,8,-260.3249038677108,1.452647,1.241237,2.229372,20.765346,19.885005,21.892431,,2.13613,True,2
2,2,calibration,4992,4556,4736,180,2,1000,static,7,7,-185.8650546244482,1.489072,1.249429,2.283654,1.694843,1.449251,2.811562,,2.183563,True,1
2,2,calibration,4992,4556,4736,180,2,1000,temporal,3,3,-185.8650546244482,1.334108,1.168147,2.08934,1.778219,1.361218,2.74403,,2.183563,True,2
2,3,calibration,7147,6519,6879,360,4,200,temporal,7,7,540.7113543480731,1.180194,1.025821,2.061418,1.885141,1.445626,2.795939,,0.868614,True,1
2,3,calibration,7147,6519,6879,360,4,200,static,22,22,540.7113543480731,1.29597,1.040624,2.153257,2.901308,2.343604,3.916293,,0.868614,True,2
2,4,calibration,3077,2608,2968,360,4,1000,static,15,15,922.49225014919,1.178182,0.990338,1.97048,1.783197,1.455661,2.762337,,1.653811,True,1
2,4,calibration,3077,2608,2968,360,4,1000,temporal,2,2,922.49225014919,1.303041,1.110579,2.130873,2.688066,2.099937,3.670381,,1.653811,True,2
2,5,calibration,3799,3308,3668,360,4,5000,temporal,2,2,-994.3817051020092,1.537135,1.353958,2.22528,1.797939,1.477154,2.54949,,1.796347,True,1
2,5,calibration,3799,3308,3668,360,4,5000,static,16,16,-994.3817051020092,1.669185,1.414259,2.340971,2.272918,1.65987,3.058285,,1.796347,True,2
2,6,calibration,10172,9317,10037,720,4,200,static,36,36,1566.6455861265904,1.351374,1.165673,1.978968,2.299157,1.776216,3.184526,,1.726421,True,1
2,6,calibration,10172,9317,10037,720,4,200,temporal,7,7,1566.6455861265904,1.069718,0.906731,2.07641,2.187168,1.697477,3.013848,,1.726421,True,2
2,7,calibration,7212,5677,7117,1440,2,200,temporal,5,5,107.05222663388474,1.823788,1.205273,2.72406,1.755354,1.319836,2.749829,,1.04497,True,1
2,7,calibration,7212,5677,7117,1440,2,200,static,32,32,107.05222663388474,15.011453,0.662312,15.920698,2.739223,2.111293,3.599744,,1.04497,True,2
2,8,calibration,4936,4671,4851,180,6,1000,static,15,15,-905.3854869481206,1.212644,1.043439,1.829407,1.526188,1.112352,2.273293,,1.873243,True,1
2,8,calibration,4936,4671,4851,180,6,1000,temporal,3,3,-905.3854869481206,1.052942,0.91289,1.775977,2.321371,1.935297,3.216485,,1.873243,True,2
2,9,calibration,11052,10556,10736,180,2,200,temporal,2,2,-47.37548648690922,1.049457,0.893231,1.735945,2.070312,1.728565,2.819805,,1.922537,True,1
2,9,calibration,11052,10556,10736,180,2,200,static,6,6,-47.37548648690922,1.288158,1.105291,1.931246,1.684738,1.351745,2.470691,,1.922537,True,2
2,10,calibration,6365,6270,6330,60,6,200,static,9,9,-273.2894094962925,1.451415,1.250171,2.530757,2.022789,1.643105,3.26293,,1.781094,True,1
2,10,calibration,6365,6270,6330,60,6,200,temporal,3,3,-273.2894094962925,1.171332,0.995125,2.06279,1.991322,1.628984,3.093739,,1.781094,True,2
2,11,calibration,3641,3079,3439,360,2,200,temporal,1,1,120.08719073242683,1.399026,1.195207,2.225747,2.134137,1.421279,3.128461,,1.773923,True,1
2,11,calibration,3641,3079,3439,360,2,200,static,7,7,120.08719073242683,2.536576,2.217124,3.389817,1.961717,1.599679,3.028139,,1.773923,True,2
2,12,calibration,11349,9779,11219,1440,6,200,static,113,113,162.68273110021778,1.358524,1.056338,2.149861,5.919102,1.56738,7.02196,,1.027093,True,1
2,12,calibration,11349,9779,11219,1440,6,200,temporal,15,15,162.68273110021778,1.662314,1.387329,2.603418,19.999477,1.797479,21.324841,,1.027093,True,2
2,13,calibration,1552,1181,1541,360,4,1000,temporal,2,2,928.4819678301224,1.672249,1.451004,2.534904,2.001287,1.674182,2.991354,,1.551577,True,1
2,13,calibration,1552,1181,1541,360,4,1000,static,18,18,928.4819678301224,1.047474,0.879811,1.900394,1.918632,1.605769,2.867847,,1.551577,True,2
2,14,calibration,8318,8056,8116,60,6,1000,static,9,9,305.4927254077687,1.350112,1.145032,2.163622,1.817509,1.523174,2.826324,,1.441129,True,1
2,14,calibration,8318,8056,8116,60,6,1000,temporal,7,7,305.4927254077687,1.609414,1.361479,2.429104,1.466068,1.175908,2.468553,,1.441129,True,2
2,15,calibration,9545,9300,9360,60,2,5000,temporal,1,1,88.55991454957393,1.281408,1.09071,2.08303,1.645659,1.38241,2.554083,,0.853681,True,1
2,15,calibration,9545,9300,9360,60,2,5000,static,3,3,88.55991454957393,1.301198,1.087705,1.995608,1.17694,0.987003,2.197062,,0.853681,True,2
2,16,calibration,6185,5657,6017,360,8,200,static,42,42,875.7331900596046,1.092182,0.892219,1.906714,2.218666,1.783547,3.239249,,0.673458,True,1
2,16,calibration,6185,5657,6017,360,8,200,temporal,12,12,875.7331900596046,1.310603,1.094406,2.146876,1.843047,1.47444,2.831792,,0.673458,True,2
2,17,calibration,6988,5346,6786,1440,2,200,temporal,6,6,166.7683671893567,1.050749,0.809564,1.867324,1.94381,1.477465,2.914508,,1.572829,True,1
2,17,calibration,6988,5346,6786,1440,2,200,static,33,33,166.7683671893567,1.359736,1.089067,2.087127,1.80453,1.342921,2.77075,,1.572829,True,2
2,18,calibration,8312,7671,8031,360,6,200,static,30,30,-252.5132757967998,1.997391,1.69893,2.847607,9.322109,1.771029,10.511337,,21.304491,True,1
2,18,calibration,8312,7671,8031,360,6,200,temporal,5,5,-252.5132757967998,2.551518,2.206777,3.548777,2.505529,1.972193,3.514175,,21.304491,True,2
2,19,calibration,6009,4291,5731,1440,4,200,temporal,11,11,362.6290967636663,1.730608,1.38837,2.617219,2.437847,1.538026,3.394714,,0.664125,True,1
2,19,calibration,6009,4291,5731,1440,4,200,static,73,73,362.6290967636663,1.048726,0.677394,1.846713,2.680194,1.734444,3.62298,,0.664125,True,2
2,20,calibration,1798,1534,1714,180,6,1000,static,20,20,733.749027567594,1.53411,1.27578,2.407001,1.782216,1.355921,2.815208,,1.29539,True,1
2,20,calibration,1798,1534,1714,180,6,1000,temporal,9,9,733.749027567594,1.481952,1.278253,2.375943,1.506689,1.146734,2.5126,,1.29539,True,2
2,21,calibration,4530,3079,4519,1440,4,200,temporal,9,9,216.57709096920095,1.908296,1.522343,2.796889,1.960946,1.306516,3.0741,,1.552899,True,1
2,21,calibration,4530,3079,4519,1440,4,200,static,71,71,216.57709096920095,2.513622,1.640261,3.481986,2.795569,1.953715,3.879999,,1.552899,True,2
2,22,calibration,12329,11899,12259,360,6,1000,static,27,27,766.187088320966,1.256721,0.9656,2.117973,22.755165,21.760862,24.025136,,2.694124,True,1
2,22,calibration,12329,11899,12259,360,6,1000,temporal,3,3,766.187088320966,1.297282,1.060684,2.42689,1.882277,1.327798,2.882119,,2.694124,True,2
2,23,calibration,12046,11789,11849,60,2,1000,temporal,1,1,-109.37571331199808,0.962446,0.799459,1.7986,2.63849,2.329603,3.615518,,0.834121,True,1
2,23,calibration,12046,11789,11849,60,2,1000,static,1,1,-109.37571331199808,0.947353,0.76025,1.78471,1.838671,1.617917,2.851934,,0.834121,True,2
2,24,calibration,8233,7969,8029,60,2,1000,static,1,1,64.37612776419452,1.11724,0.943698,1.919824,1.325906,1.126344,2.324776,,0.703024,True,1
2,24,calibration,8233,7969,8029,60,2,1000,temporal,1,1,64.37612776419452,1.52727,1.29531,2.389485,1.36899,1.150961,2.397346,,0.703024,True,2
2,25,calibration,4954,4812,4872,60,8,1000,temporal,4,4,-367.9438481509216,1.685369,1.448841,2.468503,2.471859,1.753182,3.532753,,1.036678,True,1
2,25,calibration,4954,4812,4872,60,8,1000,static,9,9,-367.9438481509216,1.30296,1.153074,2.161339,2.456385,1.849637,3.566745,,1.036678,True,2
2,26,calibration,12973,11996,12716,720,4,1000,static,39,39,1661.7116666897946,1.141897,0.947172,2.002358,1.699881,1.286466,2.726694,,1.611217,True,1
2,26,calibration,12973,11996,12716,720,4,1000,temporal,7,7,1661.7116666897946,0.915054,0.762263,1.719891,1.901797,1.40159,2.901057,,1.611217,True,2
2,27,calibration,3621,3231,3291,60,2,200,temporal,1,1,-8.73726026325311,1.273746,1.064,2.086536,1.899453,1.588002,2.812483,,1.291383,True,1
2,27,calibration,3621,3231,3291,60,2,200,static,2,2,-8.73726026325311,1.144411,0.967784,1.980986,1.485817,1.077329,2.472049,,1.291383,True,2
2,28,calibration,6092,4330,5770,1440,2,200,static,32,32,183.89749210262613,1.543414,1.138141,2.390996,1.908427,1.412316,2.799354,,1.754604,True,1
2,28,calibration,6092,4330,5770,1440,2,200,temporal,4,4,183.89749210262613,0.89264,0.695151,1.623896,2.59888,1.874415,3.362946,,1.754604,True,2
2,29,calibration,12544,12230,12410,180,4,1000,temporal,6,6,716.5181006359155,1.197281,1.007574,2.165965,2.470176,2.06278,3.198868,,3.288484,True,1
2,29,calibration,12544,12230,12410,180,4,1000,static,12,12,716.5181006359155,1.347378,1.155067,2.10231,2.098053,1.778509,2.933616,,3.288484,True,2
2,30,calibration,9463,9070,9250,180,4,1000,static,9,9,-556.2984556605985,1.488371,1.207296,2.364686,2.139485,1.778129,3.133289,,1.551156,True,1
2,30,calibration,9463,9070,9250,180,4,1000,temporal,2,2,-556.2984556605985,1.248989,0.978971,2.032805,1.894134,1.302881,2.903842,,1.551156,True,2
2,31,calibration,12700,12005,12365,360,4,200,temporal,4,4,1051.559508743971,1.082317,0.927253,1.985433,1.499027,1.145172,2.55915,,2.158234,True,1
2,31,calibration,12700,12005,12365,360,4,200,static,19,19,1051.559508743971,1.154536,0.907713,2.053486,2.072875,1.671468,3.135912,,2.158234,True,2
2,32,calibration,10455,8674,10114,1440,2,1000,static,34,34,-130.30182919381934,1.159944,0.914844,1.986854,2.022579,1.448771,3.031014,,1.818511,True,1
2,32,calibration,10455,8674,10114,1440,2,1000,temporal,6,6,-130.30182919381934,1.063559,0.869134,1.899312,7.387503,1.17712,8.485904,,1.818511,True,2
2,33,calibration,1456,464,1184,720,2,1000,temporal,3,3,-792.0655710968272,1.768264,1.528993,2.66465,2.119936,1.656406,3.137385,,3.311899,True,1
2,33,calibration,1456,464,1184,720,2,1000,static,18,18,-792.0655710968272,1.027234,0.863275,14.714719,2.483086,1.931291,3.565433,,3.311899,True,2
2,34,calibration,9490,8976,9336,360,4,5000,static,18,18,-484.8664213922197,1.754644,1.435641,2.601825,2.447421,1.682074,3.184847,,1.940024,True,1
2,34,calibration,9490,8976,9336,360,4,5000,temporal,2,2,-484.8664213922197,1.552408,1.267297,4.394421,2.518419,1.707713,3.825085,,1.940024,True,2
2,35,calibration,13484,13225,13405,180,2,200,temporal,1,1,92.75987937168529,1.724639,1.461981,2.630839,2.512029,1.7922,3.563639,,2.769629,True,1
2,35,calibration,13484,13225,13405,180,2,200,static,5,5,92.75987937168529,1.291032,1.063098,2.232487,2.606792,1.933995,3.624542,,2.769629,True,2
2,36,calibration,3884,3807,3867,60,6,1000,static,8,8,-145.33442372707484,1.650727,1.375941,2.538229,2.608094,2.205165,3.751543,,1.829387,True,1
2,36,calibration,3884,3807,3867,60,6,1000,temporal,3,3,-145.33442372707484,1.308128,1.1112,2.114298,2.443807,1.821084,3.448196,,1.829387,True,2
2,37,calibration,11723,11324,11504,180,6,1000,temporal,4,4,-803.9557796618274,1.450384,1.244512,2.262121,2.297926,1.692109,3.289325,,1.900534,True,1
2,37,calibration,11723,11324,11504,180,6,1000,static,14,14,-803.9557796618274,1.156769,0.975395,2.012874,2.094408,1.592328,3.085747,,1.900534,True,2
2,38,calibration,10176,9752,9932,180,4,1000,static,9,9,531.7321997347375,1.19006,0.98504,2.033165,2.898263,2.39965,23.391768,,1.764038,True,1
2,38,calibration,10176,9752,9932,180,4,1000,temporal,2,2,531.7321997347375,1.323772,1.113674,2.358708,2.407681,1.721964,3.323977,,1.764038,True,2
2,39,calibration,10391,8668,10108,1440,8,200,temporal,22,22,-603.7264530891218,1.741674,1.405966,2.577498,2.820936,1.921596,3.812276,,0.673018,True,1
2,39,calibration,10391,8668,10108,1440,8,200,static,148,148,-603.7264530891218,2.050331,1.187466,2.895409,2.797331,1.894185,3.81499,,0.673018,True,2
2,40,calibration,11301,10786,11146,360,6,1000,static,34,34,1759.535604400289,1.201707,0.995786,2.046916,1.836277,1.387238,2.852645,,1.634251,True,1
2,40,calibration,11301,10786,11146,360,6,1000,temporal,9,9,1759.535604400289,0.971229,0.829545,1.7789,2.0567,1.622353,3.18073,,1.634251,True,2
2,41,calibration,6847,6468,6648,180,8,200,temporal,7,7,232.541203066859,1.251262,1.066363,2.074838,2.021358,1.645569,3.06156,,1.637467,True,1
2,41,calibration,6847,6468,6648,180,8,200,static,23,23,232.541203066859,1.181577,0.990829,2.119676,1.925372,1.514931,2.881608,,1.637467,True,2
2,42,calibration,1606,605,1325,720,2,5000,static,21,21,-634.3782780019221,1.16386,0.833671,1.990901,1.580891,1.154036,2.461022,,1.660071,True,1
2,42,calibration,1606,605,1325,720,2,5000,temporal,3,3,-634.3782780019221,0.897818,0.760621,2.693865,1.923299,1.530435,2.928429,,1.660071,True,2
2,43,calibration,8806,7898,8618,720,4,200,temporal,9,9,1562.5727039891028,1.703787,1.490515,3.759957,2.204334,1.668023,3.751844,,2.532239,True,1
2,43,calibration,8806,7898,8618,720,4,200,static,39,39,1562.5727039891028,1.313547,1.074065,2.249412,3.319115,2.276974,17.570705,,2.532239,True,2
2,44,calibration,6256,5619,5979,360,4,200,static,23,23,1025.9528561406523,1.871691,1.591237,2.831622,2.178885,1.68598,3.245368,,3.764623,True,1
2,44,calibration,6256,5619,5979,360,4,200,temporal,6,6,1025.9528561406523,1.153284,0.944819,2.129981,2.012494,1.720312,3.064405,,3.764623,True,2
2,45,calibration,6455,5840,6200,360,2,200,temporal,3,3,-502.9390272129826,1.296922,1.114385,2.169561,1.927325,1.633561,2.939506,,1.73894,True,1
2,45,calibration,6455,5840,6200,360,2,200,static,12,12,-502.9390272129826,1.050689,0.882104,1.948858,1.738449,1.466167,2.696999,,1.73894,True,2
2,46,calibration,2142,1908,2088,180,2,1000,static,8,8,-279.8293952659228,1.519729,1.319285,2.412219,2.61214,1.776787,3.58401,,3.201311,True,1
2,46,calibration,2142,1908,2088,180,2,1000,temporal,2,2,-279.8293952659228,1.213946,1.033103,2.053847,2.065364,1.584346,3.076623,,3.201311,True,2
2,47,calibration,2995,1366,2806,1440,4,200,temporal,11,11,315.1490761527713,1.45442,1.194005,2.424297,2.542405,1.621773,3.513013,,1.954446,True,1
2,47,calibration,2995,1366,2806,1440,4,200,static,72,72,315.1490761527713,1.257192,0.993082,2.07615,1.899503,1.364133,2.945224,,1.954446,True,2
2,48,calibration,5455,5137,5317,180,2,200,static,6,6,-216.4453259129222,1.389442,1.19638,2.252837,2.051102,1.459427,3.053748,,1.952754,True,1
2,48,calibration,5455,5137,5317,180,2,200,temporal,1,1,-216.4453259129222,1.145022,0.964529,1.992935,2.026284,1.57358,3.053789,,1.952754,True,2
2,49,calibration,13644,13252,13432,180,2,200,temporal,1,1,36.99000173291792,2.018803,1.819482,3.123354,2.874587,1.932572,11.791778,,2.770661,True,1
2,49,calibration,13644,13252,13432,180,2,200,static,5,5,36.99000173291792,1.246806,0.995896,2.131965,3.154651,2.247159,4.887602,,2.770661,True,2
2,50,calibration,4498,3694,4414,720,4,200,static,36,36,937.3442735019644,1.542363,1.313557,2.438238,1.905782,1.450263,2.73776,,1.576665,True,1
2,50,calibration,4498,3694,4414,720,4,200,temporal,5,5,937.3442735019644,1.722625,1.457464,2.395503,1.872322,1.317182,2.84338,,1.576665,True,2
2,51,calibration,12479,12277,12457,180,4,1000,temporal,5,5,451.4376269576293,1.830639,1.320027,2.716708,2.16818,1.805381,3.203776,,2.119325,True,1
2,51,calibration,12479,12277,12457,180,4,1000,static,15,15,451.4376269576293,1.336511,1.135007,2.00316,2.382092,1.763898,3.323016,,2.119325,True,2
2,52,calibration,4984,4443,4803,360,2,1000,static,9,9,-98.98462389611458,1.673701,1.433498,2.608605,1.946694,1.581462,2.876381,,2.205396,True,1
2,52,calibration,4984,4443,4803,360,2,1000,temporal,2,2,-98.98462389611458,1.412887,1.232745,2.068138,2.356514,1.781364,3.136233,,2.205396,True,2
2,53,calibration,9119,8440,8800,360,4,5000,temporal,7,7,266.2309982803285,1.138973,0.976207,1.796367,1.500379,1.189228,2.268521,,1.836288,True,1
2,53,calibration,9119,8440,8800,360,4,5000,static,23,23,266.2309982803285,1.188037,0.991139,1.902417,1.472066,1.164451,2.235821,,1.836288,True,2
2,54,calibration,10301,8529,9969,1440,2,1000,static,39,39,123.5859805167778,1.512447,0.955084,2.650549,1.841255,1.200566,3.035531,,3.685504,True,1
2,54,calibration,10301,8529,9969,1440,2,1000,temporal,5,5,123.5859805167778,1.557886,1.016628,20.924687,3.582508,2.582946,4.92548,,3.685504,True,2
2,55,calibration,11632,9985,11425,1440,2,200,temporal,6,6,-76.87232444003189,1.571236,0.993913,2.458729,3.202023,2.360911,4.261986,,2.220949,True,1
2,55,calibration,11632,9985,11425,1440,2,200,static,40,40,-76.87232444003189,1.598247,1.258573,2.45337,2.555805,1.794383,3.566865,,2.220949,True,2
2,56,calibration,6176,5700,6060,360,2,200,static,10,10,232.1531587198005,1.154125,0.986352,1.945312,2.206627,1.425306,3.109042,,1.959634,True,1
2,56,calibration,6176,5700,6060,360,2,200,temporal,3,3,232.1531587198005,1.232164,1.054595,2.022319,1.502572,1.180335,2.417506,,1.959634,True,2
2,57,calibration,7491,7025,7205,180,2,1000,temporal,1,1,317.0017790401305,0.946061,0.811778,1.73243,1.661163,1.387438,2.564979,,2.074457,True,1
2,57,calibration,7491,7025,7205,180,2,1000,static,6,6,317.0017790401305,1.258043,1.109618,2.045224,1.596655,1.314068,2.525509,,2.074457,True,2
2,58,calibration,13760,13175,13535,360,2,1000,static,12,12,351.1267815486589,0.909997,0.720139,1.748775,1.608001,1.312896,2.470957,,1.953575,True,1
2,58,calibration,13760,13175,13535,360,2,1000,temporal,1,1,351.1267815486589,0.87311,0.708943,1.747313,1.437745,1.192484,2.444347,,1.953575,True,2
2,59,calibration,6011,5237,5957,720,6,5000,temporal,8,8,2348.491280707344,1.059993,0.901894,1.915217,2.061468,1.596515,3.065476,,2.144203,True,1
2,59,calibration,6011,5237,5957,720,6,5000,static,57,57,2348.491280707344,1.136539,0.974263,1.916728,2.130081,1.444685,3.124145,,2.144203,True,2
2,60,calibration,9847,9066,9786,720,2,200,static,16,16,784.7331011818119,1.524496,1.278433,2.3476,1.542563,1.190982,2.501654,,21.569241,True,1
2,60,calibration,9847,9066,9786,720,2,200,temporal,3,3,784.7331011818119,1.116538,0.929346,1.960005,1.615353,1.313086,2.526721,,21.569241,True,2
2,61,calibration,2941,1413,2853,1440,4,200,temporal,11,11,361.5076242602697,1.080034,0.896896,1.870098,2.250955,1.525517,3.183635,,1.81806,True,1
2,61,calibration,2941,1413,2853,1440,4,200,static,72,72,361.5076242602697,0.848373,0.638807,1.6992,1.645498,1.000403,2.568134,,1.81806,True,2
2,62,calibration,11276,10849,11209,360,4,1000,static,24,24,862.1587115635346,1.301809,1.103288,2.153187,1.929498,1.419707,2.93574,,1.543965,True,1
2,62,calibration,11276,10849,11209,360,4,1000,temporal,6,6,862.1587115635346,1.096528,0.914843,1.885111,1.816277,1.458165,2.69069,,1.543965,True,2
2,63,calibration,10928,10301,10661,360,2,200,temporal,1,1,-490.80248707917934,1.155006,0.957668,1.770959,1.775646,1.484665,2.763019,,1.321038,True,1
2,63,calibration,10928,10301,10661,360,2,200,static,7,7,-490.80248707917934,1.169209,0.963687,1.906634,1.99007,1.702405,2.950903,,1.321038,True,2
2,64,calibration,5432,3848,5288,1440,2,200,static,41,41,-41.409575798993785,2.098263,1.535252,3.51744,2.225256,1.563545,3.029322,,1.119593,True,1
2,64,calibration,5432,3848,5288,1440,2,200,temporal,5,5,-41.409575798993785,1.940775,1.409241,3.20654,2.355693,1.264562,3.158186,,1.119593,True,2
2,65,calibration,12841,11886,12606,720,4,200,temporal,6,6,1664.4505403035955,1.309901,1.071872,1.94985,2.275292,1.772831,25.480096,,1.516864,True,1
2,65,calibration,12841,11886,12606,720,4,200,static,38,38,1664.4505403035955,1.466668,1.228538,2.953367,1.645699,1.231703,2.382273,,1.516864,True,2
2,66,calibration,12204,12082,12142,60,2,1000,static,4,4,78.96427219840236,1.709996,1.461,4.507086,1.737678,1.488471,2.530427,,1.881536,True,1
2,66,calibration,12204,12082,12142,60,2,1000,temporal,1,1,78.96427219840236,1.105952,0.958269,1.68575,1.610947,1.438195,2.294601,,1.881536,True,2
2,67,calibration,9562,9193,9253,60,4,200,temporal,2,2,-6.276627559684787,0.969266,0.81973,1.582243,1.485847,1.270452,2.175991,,1.393458,True,1
2,67,calibration,9562,9193,9253,60,4,200,static,7,7,-6.276627559684787,1.782807,1.583024,2.362933,1.352265,1.147015,1.994206,,1.393458,True,2
2,68,calibration,6266,5955,6135,180,2,5000,static,5,5,-61.87695300219841,0.982496,0.828924,1.627652,1.771579,1.549794,2.423636,,1.555964,True,1
2,68,calibration,6266,5955,6135,180,2,5000,temporal,1,1,-61.87695300219841,1.192423,0.953352,1.82528,109.158653,107.180962,111.355907,,1.555964,True,2
2,69,calibration,2216,1634,1994,360,2,200,temporal,3,3,-1.756313958762563,2.101288,1.889678,2.743749,2.222171,1.744749,2.977053,,3.919929,True,1
2,69,calibration,2216,1634,1994,360,2,200,static,11,11,-1.756313958762563,1.165423,0.937548,1.833252,2.126026,1.776347,2.84344,,3.919929,True,2
2,70,calibration,5659,4828,5548,720,2,1000,static,14,14,201.22368619423855,1.392015,1.160935,2.064493,1.815115,1.307698,2.515374,,0.922625,True,1
2,70,calibration,5659,4828,5548,720,2,1000,temporal,3,3,201.22368619423855,1.363372,1.192804,2.0496,1.483463,1.195648,2.177022,,0.922625,True,2
2,71,calibration,8696,8408,8588,180,2,200,temporal,1,1,-20.723292170564925,1.154917,0.944528,1.854515,1.442081,1.182839,2.160348,,1.965853,True,1
2,71,calibration,8696,8408,8588,180,2,200,static,4,4,-20.723292170564925,1.144611,0.920403,1.839082,2.10892,1.770157,2.825604,,1.965853,True,2
2,72,calibration,7111,6587,6767,180,6,200,static,24,24,352.2592791825575,1.370032,1.138151,2.030271,1.774273,1.482142,2.468653,,1.669205,True,1
2,72,calibration,7111,6587,6767,180,6,200,temporal,9,9,352.2592791825575,1.238042,1.048475,1.826572,2.044503,1.702846,2.774396,,1.669205,True,2
2,73,calibration,11935,11650,11830,180,4,200,temporal,5,5,-573.3101976507509,1.63953,1.465477,2.255831,1.821334,1.305214,2.580412,,1.630666,True,1
2,73,calibration,11935,11650,11830,180,4,200,static,13,13,-573.3101976507509,1.657507,1.222039,2.35371,2.3543,2.000676,3.108682,,1.630666,True,2
2,74,calibration,5252,4724,5084,360,2,200,static,10,10,-554.7338667361411,1.286546,1.11762,1.934085,1.794394,1.469242,2.508214,,1.92451,True,1
2,74,calibration,5252,4724,5084,360,2,200,temporal,2,2,-554.7338667361411,1.18347,0.986962,1.776887,1.804879,1.231432,2.606372,,1.92451,True,2
2,75,calibration,2454,1921,2101,180,6,1000,temporal,4,4,-503.9431932413006,1.016748,0.856715,1.610256,1.461521,1.213055,2.215761,,1.175097,True,1
2,75,calibration,2454,1921,2101,180,6,1000,static,18,18,-503.9431932413006,1.392626,1.201247,1.98393,1.467901,1.16386,2.183843,,1.175097,True,2
2,76,calibration,1591,1398,1578,180,6,200,static,21,21,908.8566772565194,1.228729,1.055567,2.420571,2.274279,1.479458,3.060619,,1.603665,True,1
2,76,calibration,1591,1398,1578,180,6,200,temporal,9,9,908.8566772565194,1.005441,0.83363,1.596254,1.451124,1.214417,2.176632,,1.603665,True,2
2,77,calibration,10063,9057,9777,720,2,200,temporal,3,3,223.07504215003576,1.463344,1.243521,2.127468,1.46795,1.197341,2.304425,,0.77367,True,1
2,77,calibration,10063,9057,9777,720,2,200,static,21,21,223.07504215003576,0.768192,0.625516,1.323542,1.838281,1.393357,2.687435,,0.77367,True,2
2,78,calibration,13340,11624,13064,1440,4,5000,static,74,74,-365.658899011357,1.313166,0.83338,1.92388,18.69877,1.201928,20.927731,,1.757768,True,1
2,78,calibration,13340,11624,13064,1440,4,5000,temporal,12,12,-365.658899011357,1.166785,0.933643,2.695387,1.520459,1.028606,2.346699,,1.757768,True,2
2,79,calibration,5092,4966,5026,60,2,5000,temporal,1,1,-121.84684890531096,1.048316,0.881312,1.671097,1.585849,1.177461,2.318817,,6.994428,True,1
2,79,calibration,5092,4966,5026,60,2,5000,static,3,3,-121.84684890531096,0.882254,0.739759,1.571256,2.184484,1.900855,2.87639,,6.994428,True,2
2,80,calibration,3751,3495,3675,180,2,1000,static,3,3,-313.9820281364275,1.014655,0.82666,1.613871,1.69951,1.094445,2.39338,,3.529328,True,1
2,80,calibration,3751,3495,3675,180,2,1000,temporal,1,1,-313.9820281364275,1.177501,0.999411,1.81145,1.562153,1.349271,2.216693,,3.529328,True,2
2,81,calibration,2679,2188,2368,180,8,1000,temporal,12,12,-1448.5002966187285,1.067264,0.91918,1.776166,1.656655,1.338594,2.460091,,0.820511,True,1
2,81,calibration,2679,2188,2368,180,8,1000,static,29,29,-1448.5002966187285,0.886401,0.745958,1.52122,1.730818,1.13696,2.42013,,0.820511,True,2
2,82,calibration,14328,13766,14126,360,2,200,static,11,11,174.69225208022965,1.001184,0.786078,1.618648,1.651738,1.17709,2.354391,,0.906951,True,1
2,82,calibration,14328,13766,14126,360,2,200,temporal,3,3,174.69225208022965,0.837396,0.651756,1.512738,1.858992,1.478176,2.519401,,0.906951,True,2
2,83,calibration,2396,730,2170,1440,2,5000,temporal,6,6,-150.9740026795978,1.411535,1.081055,2.118754,1.715544,1.1965,2.443626,,5.870478,True,1
2,83,calibration,2396,730,2170,1440,2,5000,static,34,34,-150.9740026795978,1.208007,0.855363,1.815696,23.284906,1.657667,24.111065,,5.870478,True,2
2,84,calibration,9988,8946,9666,720,4,1000,static,38,38,273.4894300957726,1.370633,1.107165,11.477439,2.842799,1.83842,4.220943,,11.923995,True,1
2,84,calibration,9988,8946,9666,720,4,1000,temporal,7,7,273.4894300957726,1.205744,0.729483,2.072384,1.619931,1.15078,2.669938,,11.923995,True,2
2,85,calibration,9909,9284,9644,360,2,200,temporal,3,3,585.2363460653847,0.887953,0.729444,1.698729,1.316521,1.014795,2.264345,,3.904505,True,1
2,85,calibration,9909,9284,9644,360,2,200,static,12,12,585.2363460653847,1.05106,0.901744,1.854935,1.680702,1.099774,2.541013,,3.904505,True,2
2,86,calibration,3144,1369,2809,1440,4,200,static,72,72,319.5943873431496,1.343392,0.830206,2.067767,1.86449,1.204212,2.782939,,2.084683,True,1
2,86,calibration,3144,1369,2809,1440,4,200,temporal,11,11,319.5943873431496,1.286165,0.89292,2.030841,2.00292,1.195938,3.004484,,2.084683,True,2
2,87,calibration,7514,6620,7340,720,6,200,temporal,10,10,2097.2209391066435,2.186688,1.847514,3.092627,1.911711,1.291143,2.894558,,1.931831,True,1
2,87,calibration,7514,6620,7340,720,6,200,static,58,58,2097.2209391066435,0.904027,0.73403,1.689415,2.050691,1.362391,3.042552,,1.931831,True,2
2,88,calibration,3005,2326,2686,360,4,200,static,16,16,-269.1993574500742,2.14826,1.877279,3.106279,2.601144,1.967536,3.589599,,3.789551,True,1
2,88,calibration,3005,2326,2686,360,4,200,temporal,4,4,-269.1993574500742,1.099193,0.956377,9.24358,1.770147,1.158582,2.815939,,3.789551,True,2
2,89,calibration,3234,2942,3122,180,6,200,temporal,9,9,950.8069035559604,0.976407,0.769544,1.790158,1.493919,1.13735,2.511638,,1.782847,True,1
2,89,calibration,3234,2942,3122,180,6,200,static,22,22,950.8069035559604,1.054024,0.845539,1.905822,1.63336,1.122467,2.558209,,1.782847,True,2
2,90,calibration,8603,6964,8404,1440,4,200,static,74,74,237.1748324927746,1.039112,0.822293,1.744718,1.655373,1.094486,2.464568,,2.557097,True,1
2,90,calibration,8603,6964,8404,1440,4,200,temporal,11,11,237.1748324927746,1.016597,0.82676,1.568011,1.812101,1.006202,2.517237,,2.557097,True,2
2,91,calibration,12422,12231,12291,60,2,200,temporal,1,1,135.80439980024673,1.697176,1.464294,2.336624,1.311223,1.111521,2.140698,,1.561031,True,1
2,91,calibration,12422,12231,12291,60,2,200,static,3,3,135.80439980024673,0.827492,0.680279,1.58067,1.072873,0.880431,1.926033,,1.561031,True,2
2,92,calibration,9627,9235,9295,60,4,1000,static,7,7,58.62968630836787,0.930818,0.744967,1.562133,1.176099,0.978309,1.864299,,1.816388,True,1
2,92,calibration,9627,9235,9295,60,4,1000,temporal,2,2,58.62968630836787,0.855354,0.714471,1.411765,1.173235,1.007895,1.991822,,1.816388,True,2
2,93,calibration,12076,11624,11804,180,6,200,temporal,9,9,-906.320987859098,1.579919,1.344864,2.278115,1.643666,1.083449,2.431447,,2.350334,True,1
2,93,calibration,12076,11624,11804,180,6,200,static,22,22,-906.320987859098,0.76709,0.628441,1.317713,1.366066,0.999922,2.199216,,2.350334,True,2
2,94,calibration,12336,11782,12142,360,2,5000,static,11,11,158.08389966487013,0.869075,0.712838,1.407378,1.268689,1.018601,2.044662,,1.536855,True,1
2,94,calibration,12336,11782,12142,360,2,5000,temporal,1,1,158.08389966487013,0.738808,0.599597,1.417824,2.052475,1.709365,2.75081,,1.536855,True,2
2,95,calibration,4038,3615,3795,180,4,5000,temporal,5,5,-722.5447357253887,1.030579,0.886051,1.845631,2.352388,1.743728,3.178788,,2.490006,True,1
2,95,calibration,4038,3615,3795,180,4,5000,static,13,13,-722.5447357253887,0.914634,0.781692,1.908301,1.525277,1.239014,3.207917,,2.490006,True,2
2,96,calibration,4345,2710,4150,1440,4,200,static,71,71,365.4201577867877,1.044891,0.807481,1.885512,1.717548,1.134776,2.642416,,1.993085,True,1
2,96,calibration,4345,2710,4150,1440,4,200,temporal,10,10,365.4201577867877,1.045932,0.645456,1.947675,2.052324,1.504525,3.092718,,1.993085,True,2
2,97,calibration,14240,13705,14065,360,4,200,temporal,6,6,252.72280141231207,0.987604,0.788042,1.77839,1.969869,1.50089,2.80348,,1.962999,True,1
2,97,calibration,14240,13705,14065,360,4,200,static,22,22,252.72280141231207,0.99839,0.821373,2.606141,1.585618,1.148187,2.49295,,1.962999,True,2
2,98,calibration,3363,3090,3270,180,4,1000,static,10,10,299.12268210282406,2.085734,1.828465,2.994199,2.054347,1.439357,3.118236,,2.663168,True,1
2,98,calibration,3363,3090,3270,180,4,1000,temporal,2,2,299.12268210282406,0.996487,0.867913,1.780352,1.558457,1.277472,2.547994,,2.663168,True,2
2,99,calibration,8665,7063,8503,1440,2,200,temporal,6,6,210.45190553295367,1.603395,1.308859,2.487031,2.12933,1.312605,2.917442,,1.951152,True,1
2,99,calibration,8665,7063,8503,1440,2,200,static,34,34,210.45190553295367,0.876005,0.655932,1.545577,1.854956,1.203931,2.581575,,1.951152,True,2
2,100,calibration,13973,12301,13741,1440,4,1000,static,73,73,274.5285104945299,1.328059,0.975885,1.967365,1.875086,1.108837,2.640053,,1.992974,True,1
2,100,calibration,13973,12301,13741,1440,4,1000,temporal,10,10,274.5285104945299,1.084441,0.704897,1.746531,1.531737,0.948805,2.463025,,1.992974,True,2
2,101,calibration,10410,10110,10290,180,2,1000,temporal,3,3,-305.23263237431746,0.835785,0.680269,1.564116,1.356491,1.049588,2.107648,,2.566652,True,1
2,101,calibration,10410,10110,10290,180,2,1000,static,9,9,-305.23263237431746,0.719128,0.581339,1.317884,1.151682,0.911249,1.899342,,2.566652,True,2
2,102,calibration,5457,4960,5320,360,2,200,static,10,10,-457.8808521545404,0.844708,0.691346,1.498005,1.444304,0.963887,2.23496,,2.507422,True,1
2,102,calibration,5457,4960,5320,360,2,200,temporal,3,3,-457.8808521545404,0.732869,0.60203,1.34238,1.319476,0.987172,2.045404,,2.507422,True,2
2,103,calibration,13731,13028,13388,360,2,1000,temporal,3,3,-117.92595452106768,0.861653,0.716694,1.464886,1.50757,1.113323,2.231635,,1.918221,True,1
2,103,calibration,13731,13028,13388,360,2,1000,static,11,11,-117.92595452106768,0.718507,0.579186,1.30971,1.608132,1.220035,2.282953,,1.918221,True,2
2,104,calibration,7275,6895,7075,180,4,5000,static,10,10,658.155909317035,0.808673,0.674711,1.40183,1.808245,1.308379,2.481373,,1.574942,True,1
2,104,calibration,7275,6895,7075,180,4,5000,temporal,3,3,658.155909317035,0.953843,0.82633,1.62617,2.417286,2.033325,3.139969,,1.574942,True,2
2,105,calibration,7623,6913,7273,360,2,200,temporal,1,1,463.0407496299008,1.333287,1.09055,2.788878,1.789887,1.328279,2.544227,,2.134188,True,1
2,105,calibration,7623,6913,7273,360,2,200,static,7,7,463.0407496299008,0.78019,0.599938,1.736767,1.324313,0.976296,2.015889,,2.134188,True,2
2,106,calibration,7142,6832,7012,180,4,200,static,12,12,642.5462245273734,0.919591,0.745297,1.833303,1.929869,1.539348,2.873707,,2.63875,True,1
2,106,calibration,7142,6832,7012,180,4,200,temporal,3,3,642.5462245273734,1.166124,1.040634,1.84456,1.489122,1.138471,2.272617,,2.63875,True,2
2,107,calibration,3023,2839,3019,180,4,200,temporal,3,3,706.0689435092455,0.797606,0.668671,1.602213,1.409512,1.042808,2.286548,,2.650559,True,1
2,107,calibration,3023,2839,3019,180,4,200,static,11,11,706.0689435092455,0.756044,0.635622,1.378565,1.318875,0.937137,1.986063,,2.650559,True,2
2,108,calibration,1766,1088,1448,360,8,200,static,35,35,838.2096767080666,1.299286,1.144311,1.874535,2.174168,1.522592,2.850381,,1.863048,True,1
2,108,calibration,1766,1088,1448,360,8,200,temporal,4,4,838.2096767080666,0.991139,0.814582,1.609664,1.57297,1.165342,2.343625,,1.863048,True,2
2,109,calibration,14166,13499,13859,360,2,1000,temporal,3,3,628.4273869637826,1.034044,0.876155,1.843719,1.793463,1.033032,2.705682,,2.172255,True,1
2,109,calibration,14166,13499,13859,360,2,1000,static,11,11,628.4273869637826,0.817356,0.671796,1.670075,1.789516,1.260666,2.725462,,2.172255,True,2
2,110,calibration,11843,10995,11715,720,4,1000,static,37,37,-56.45166042542076,0.835473,0.673398,1.591607,1.61983,1.1375,2.582677,,2.013555,True,1
2,110,calibration,11843,10995,11715,720,4,1000,temporal,6,6,-56.45166042542076,0.918579,0.749664,1.731609,1.680011,0.901754,2.609337,,2.013555,True,2
2,111,calibration,10049,9509,9689,180,4,1000,temporal,2,2,717.730335563158,0.932871,0.760259,1.76503,1.730627,1.23024,2.689077,,1.868796,True,1
2,111,calibration,10049,9509,9689,180,4,1000,static,10,10,717.730335563158,8.909539,8.615134,9.834584,1.568803,1.291834,2.579852,,1.868796,True,2
2,112,calibration,4624,3157,4597,1440,8,1000,static,143,143,152.34186430837804,1.366416,0.867482,2.195771,1.995227,1.237381,2.978454,,1.768275,True,1
2,112,calibration,4624,3157,4597,1440,8,1000,temporal,19,19,152.34186430837804,0.943527,0.7674,1.723286,1.85821,1.112313,2.82331,,1.768275,True,2
2,113,calibration,1778,1570,1750,180,6,200,temporal,6,6,902.682431761532,1.216329,1.05157,2.040235,1.842827,1.22291,2.834117,,2.163552,True,1
2,113,calibration,1778,1570,1750,180,6,200,static,17,17,902.682431761532,1.175247,0.994705,2.106376,1.415571,1.158522,2.424056,,2.163552,True,2
2,114,calibration,10661,10143,10323,180,6,200,static,21,21,-998.5260170461364,1.056949,0.859831,1.891861,1.377133,1.111832,2.326879,,1.288739,True,1
2,114,calibration,10661,10143,10323,180,6,200,temporal,9,9,-998.5260170461364,0.878078,0.749844,1.764398,1.27637,1.03801,2.231434,,1.288739,True,2
2,115,calibration,8500,8079,8259,180,4,200,temporal,6,6,677.1118480362595,0.902545,0.740059,1.654151,1.216019,1.000182,2.184383,,1.668694,True,1
2,115,calibration,8500,8079,8259,180,4,200,static,12,12,677.1118480362595,0.878648,0.729834,1.62646,1.320287,0.960212,2.332017,,1.668694,True,2
2,116,calibration,5996,5519,5699,180,2,1000,static,3,3,344.16229729342257,0.928324,0.801232,1.81784,1.327858,0.95258,2.246167,,1.640221,True,1
2,116,calibration,5996,5519,5699,180,2,1000,temporal,1,1,344.16229729342257,0.815333,0.699287,1.605939,1.228368,1.027294,2.167008,,1.640221,True,2
2,117,calibration,13874,13489,13549,60,6,1000,temporal,3,3,319.5106696780032,0.987924,0.83291,1.882988,1.602484,1.103098,2.547253,,3.177586,True,1
2,117,calibration,13874,13489,13549,60,6,1000,static,8,8,319.5106696780032,1.250612,1.030779,2.084793,1.762596,1.303792,2.862589,,3.177586,True,2
2,118,calibration,6296,5804,5984,180,2,200,static,6,6,20.840098596815714,0.908224,0.771216,1.736727,1.843008,1.584977,2.773465,,1.87068,True,1
2,118,calibration,6296,5804,5984,180,2,200,temporal,3,3,20.840098596815714,1.408551,1.219695,12.049744,1.817539,1.535452,2.769309,,1.87068,True,2
2,119,calibration,11932,10881,11601,720,4,200,temporal,7,7,260.9122829692174,1.323442,1.07755,2.118835,1.885021,1.450013,2.925604,,1.939984,True,1
2,119,calibration,11932,10881,11601,720,4,200,static,38,38,260.9122829692174,1.094134,0.907042,1.882877,1.816087,1.334859,2.738682,,1.939984,True,2
2,120,calibration,7959,7532,7712,180,6,1000,static,16,16,-1037.05190068299,1.317041,1.134706,2.154298,2.090532,1.697347,3.151846,,1.734142,True,1
2,120,calibration,7959,7532,7712,180,6,1000,temporal,3,3,-1037.05190068299,1.17023,1.008134,2.051693,1.974937,1.624097,2.988731,,1.734142,True,2
2,121,calibration,12521,12284,12344,60,6,200,temporal,6,6,386.4311232353281,1.353968,1.14341,2.183273,1.93739,1.602664,2.970021,,3.244918,True,1
2,121,calibration,12521,12284,12344,60,6,200,static,8,8,386.4311232353281,1.276701,1.089238,2.064813,1.735996,1.443223,2.700154,,3.244918,True,2
2,122,calibration,7361,6661,7021,360,2,1000,static,7,7,477.55208151141454,1.368329,1.140755,2.157894,1.530124,1.226525,2.512479,,1.551046,True,1
2,122,calibration,7361,6661,7021,360,2,1000,temporal,1,1,477.55208151141454,1.101526,0.928865,1.949668,1.974426,1.669725,2.995771,,1.551046,True,2
2,123,calibration,7672,7150,7330,180,4,200,temporal,2,2,149.99277081348762,1.587802,1.336391,2.464858,2.152455,1.770878,3.129873,,2.59191,True,1
2,123,calibration,7672,7150,7330,180,4,200,static,8,8,149.99277081348762,1.279906,1.05789,2.144784,1.81764,1.501101,2.789909,,2.59191,True,2
2,124,calibration,2178,2103,2163,60,2,1000,static,2,2,-98.6080347702656,1.412426,1.235418,2.20177,1.752782,1.487519,2.707085,,0.852159,True,1
2,124,calibration,2178,2103,2163,60,2,1000,temporal,2,2,-98.6080347702656,1.275489,1.096298,2.051373,1.800373,1.582644,2.728787,,0.852159,True,2
2,125,calibration,6495,6205,6385,180,2,1000,temporal,1,1,-327.4493428547683,1.972824,1.669936,2.839896,2.15555,1.793242,3.201982,,0.901533,True,1
2,125,calibration,6495,6205,6385,180,2,1000,static,4,4,-327.4493428547683,1.363162,1.162488,2.157303,1.739741,1.470374,2.76373,,0.901533,True,2
2,126,calibration,5947,5660,5840,180,4,1000,static,10,10,420.09731605085744,1.218012,1.006332,1.823918,1.685109,1.335159,2.510597,,0.590102,True,1
2,126,calibration,5947,5660,5840,180,4,1000,temporal,3,3,420.0973160508572,1.050829,0.831278,1.776086,1.378275,1.148117,2.046365,,0.590102,True,2
2,127,calibration,8154,6642,8082,1440,6,1000,temporal,19,19,220.80471063944788,1.186905,0.921634,2.080417,5.076418,1.33612,5.807203,,1.845611,True,1
2,127,calibration,8154,6642,8082,1440,6,1000,static,116,116,220.80471063944788,1.143089,0.886561,1.832842,2.119095,1.228958,2.832544,,1.845611,True,2
2,128,calibration,13627,12060,13500,1440,8,5000,static,145,145,719.5943580459065,1.296801,1.009537,1.934185,23.661696,1.437594,24.638144,,2.030241,True,1
2,128,calibration,13627,12060,13500,1440,8,5000,temporal,21,21,719.5943580459065,2.010831,1.31615,3.155773,2.014687,1.342851,2.971123,,2.030241,True,2
2,129,calibration,11596,10998,11358,360,2,1000,temporal,1,1,272.31994479073774,1.23585,1.035666,1.898322,1.431785,1.07756,2.134268,,2.216512,True,1
2,129,calibration,11596,10998,11358,360,2,1000,static,9,9,272.31994479073774,1.062787,0.894492,1.71543,1.383322,1.078812,2.109245,,2.216512,True,2
2,130,calibration,10144,9891,10071,180,4,200,static,9,9,-248.6288478251799,1.250752,1.038861,1.878932,1.40848,1.116038,2.127678,,1.465056,True,1
2,130,calibration,10144,9891,10071,180,4,200,temporal,2,2,-248.6288478251799,0.999331,0.857757,1.761054,1.344153,1.13734,2.195085,,1.465056,True,2
2,131,calibration,5229,4989,5169,180,4,200,temporal,6,6,-576.4947570509744,1.030999,0.85946,1.661352,1.464996,1.197361,2.444386,,0.500848,True,1
2,131,calibration,5229,4989,5169,180,4,200,static,12,12,-576.4947570509744,0.885409,0.742994,1.548562,1.575163,1.191562,2.266618,,0.500848,True,2
2,132,calibration,10550,9875,10235,360,2,1000,static,11,11,-523.7577085807521,1.011079,0.83333,1.949489,2.162801,1.794003,3.266866,,2.868883,True,1
2,132,calibration,10550,9875,10235,360,2,1000,temporal,1,1,-523.7577085807521,1.219163,0.991279,1.993685,2.023361,1.660461,2.925575,,2.868883,True,2
2,133,calibration,3317,1617,3057,1440,4,5000,temporal,13,13,368.6669463804823,1.868586,1.51408,2.56919,1.683767,1.187345,2.456135,,2.012815,True,1
2,133,calibration,3317,1617,3057,1440,4,5000,static,75,75,368.6669463804823,0.878478,0.668852,1.585628,1.647211,1.24277,2.369198,,2.012815,True,2
2,134,calibration,12695,12086,12446,360,4,200,static,21,21,1070.590550234356,1.563574,1.240687,3.752816,4.091994,3.039822,5.034675,,2.234099,True,1
2,134,calibration,12695,12086,12446,360,4,200,temporal,6,6,1070.590550234356,2.13562,1.824489,2.953737,3.235864,2.17533,4.103576,,2.234099,True,2
2,135,calibration,10905,10573,10753,180,8,1000,temporal,5,5,379.2793813779238,1.691207,1.434109,2.33349,3.226009,2.544769,4.131819,,2.166237,True,1
2,135,calibration,10905,10573,10753,180,8,1000,static,22,22,379.2793813779238,1.484836,1.221337,2.113076,2.619752,1.801053,3.318719,,2.166237,True,2
2,136,calibration,5068,4690,5050,360,6,5000,static,27,27,-1880.8684996196916,1.793823,1.496433,2.428753,2.806525,1.952102,3.640906,,2.81661,True,1
2,136,calibration,5068,4690,5050,360,6,5000,temporal,3,3,-1880.8684996196916,1.240547,1.028485,4.64811,1.605137,1.253015,2.387666,,2.81661,True,2
2,137,calibration,9337,8836,9196,360,4,200,temporal,2,2,-1149.8761966856016,1.062407,0.881292,1.658107,2.087447,1.708123,2.874748,,1.912072,True,1
2,137,calibration,9337,8836,9196,360,4,200,static,17,17,-1149.8761966856016,1.080704,0.908774,1.735515,1.65948,1.13048,2.479921,,1.912072,True,2
2,138,calibration,8477,7447,8167,720,2,5000,static,17,17,-426.8581879634653,0.971119,0.802183,1.627511,2.232336,1.812632,3.091426,,2.349693,True,1
2,138,calibration,8477,7447,8167,720,2,5000,temporal,4,4,-426.8581879634653,1.034104,0.852599,1.744839,1.91748,1.569033,2.69804,,2.349693,True,2
2,139,calibration,3124,2699,3059,360,2,200,temporal,3,3,631.2605296992845,1.534391,1.336682,2.147338,1.630756,1.36853,2.438859,,0.977338,True,1
2,139,calibration,3124,2699,3059,360,2,200,static,12,12,631.2605296992845,0.899721,0.723565,1.531386,1.621933,1.143159,2.423696,,0.977338,True,2
2,140,calibration,10958,10894,10954,60,4,1000,static,10,10,181.09282291141812,0.962115,0.787561,1.689105,1.352526,1.124611,2.07618,,2.055379,True,1
2,140,calibration,10958,10894,10954,60,4,1000,temporal,6,6,181.09282291141812,0.877016,0.734501,1.44157,1.385805,1.201788,2.125374,,2.055379,True,2
2,141,calibration,13077,12340,13060,720,6,1000,temporal,10,10,-539.8683738744876,1.808405,1.482872,2.412739,2.019544,1.393497,2.803215,,2.297224,True,1
2,141,calibration,13077,12340,13060,720,6,1000,static,61,61,-539.8683738744876,1.151722,0.844578,1.832702,2.12914,1.608803,2.850111,,2.297224,True,2
2,142,calibration,8886,8487,8847,360,4,1000,static,24,24,-36.602206237027126,1.256841,1.091531,2.119245,1.585238,1.274387,2.561494,,3.00787,True,1
2,142,calibration,8886,8487,8847,360,4,1000,temporal,7,7,-36.602206237027126,0.955105,0.801572,1.814674,1.649354,1.340467,2.644479,,3.00787,True,2
2,143,calibration,10979,10461,10641,180,4,200,temporal,2,2,83.31579172532976,1.260496,1.045481,2.031843,1.585067,1.30258,2.550097,,16.576491,True,1
2,143,calibration,10979,10461,10641,180,4,200,static,11,11,83.31579172532976,0.950678,0.796464,1.7723,1.388279,1.152092,2.560858,,16.576491,True,2
2,144,calibration,2678,2008,2368,360,2,200,static,12,12,-626.8365040028202,1.068516,0.860572,1.983339,2.315972,1.640921,3.796642,,2.086555,True,1
2,144,calibration,2678,2008,2368,360,2,200,temporal,5,5,-626.8365040028202,0.909475,0.767561,1.730978,3.323887,2.688726,4.353034,,2.086555,True,2
2,145,calibration,6088,5515,5875,360,6,1000,temporal,4,4,1709.029145208657,1.337373,1.165543,2.000275,1.669595,1.270352,2.405799,,1.83128,True,1
2,145,calibration,6088,5515,5875,360,6,1000,static,26,26,1709.029145208657,1.045221,0.898559,1.949748,1.617316,1.257652,2.512531,,1.83128,True,2
2,146,calibration,4848,4446,4626,180,8,1000,static,29,29,86.87056920814838,1.055667,0.819729,1.682555,1.495271,1.232173,2.30092,,0.593698,True,1
2,146,calibration,4848,4446,4626,180,8,1000,temporal,12,12,86.87056920814838,1.034204,0.901303,1.651669,1.591127,1.297573,2.482085,,0.593698,True,2
2,147,calibration,1823,1358,1538,180,6,1000,temporal,4,4,725.6390223834935,0.974284,0.840772,1.867034,1.563134,1.341058,2.349343,,1.220416,True,1
2,147,calibration,1823,1358,1538,180,6,1000,static,14,14,725.6390223834935,1.1636,1.016958,1.779952,1.756928,1.509433,2.54562,,1.220416,True,2
2,148,calibration,1891,254,1694,1440,4,5000,static,73,73,305.0984899449693,1.784118,1.511716,3.029872,2.581995,1.972814,3.352451,,3.129282,True,1
2,148,calibration,1891,254,1694,1440,4,5000,temporal,10,10,305.0984899449693,1.075807,0.860812,1.760212,1.870359,1.350012,2.555675,,3.129282,True,2
2,149,calibration,5485,5098,5158,60,4,1000,temporal,5,5,-165.23423371094592,1.540089,1.284993,2.191354,2.109671,1.858351,2.897352,,3.156003,True,1
2,149,calibration,5485,5098,5158,60,4,1000,static,8,8,-165.23423371094592,1.317653,1.151211,1.9771,2.319748,1.969979,3.425851,,3.156003,True,2
2,150,calibration,1818,1520,1700,180,4,1000,static,14,14,506.9326596583809,1.770208,1.509923,2.423625,2.580713,1.920324,3.418951,,2.731992,True,1
2,150,calibration,1818,1520,1700,180,4,1000,temporal,6,6,506.9326596583809,1.013934,0.80681,1.715054,1.403844,1.113304,2.087778,,2.731992,True,2
2,151,calibration,10933,10816,10876,60,4,200,temporal,3,3,238.3158686032056,1.19649,1.038711,1.852652,1.283141,1.106543,1.999844,,2.441853,True,1
2,151,calibration,10933,10816,10876,60,4,200,static,5,5,238.3158686032056,0.871618,0.721572,1.852441,1.310632,1.071992,2.276713,,2.441853,True,2
2,152,calibration,9809,9532,9712,180,2,5000,static,5,5,349.5499204118567,1.601322,1.250442,2.417366,2.497427,1.7649,3.629099,,4.326574,True,1
2,152,calibration,9809,9532,9712,180,2,5000,temporal,1,1,349.5499204118567,1.724569,1.353226,2.989342,2.087737,1.577075,3.197896,,4.326574,True,2
2,153,calibration,10797,10389,10569,180,6,200,temporal,3,3,-574.7348691820711,1.042487,0.882615,1.698629,2.164243,1.772651,3.032497,,1.728564,True,1
2,153,calibration,10797,10389,10569,180,6,200,static,13,13,-574.7348691820711,1.015116,0.857237,1.616155,1.558777,1.259305,3.136669,,1.728564,True,2
2,154,calibration,11193,9499,10939,1440,6,200,static,111,111,578.6386742921336,1.294598,1.043969,2.110963,6.383884,1.338505,7.500283,,1.530995,True,1
2,154,calibration,11193,9499,10939,1440,6,200,temporal,16,16,578.6386742921336,1.760613,1.495522,2.648005,5.819751,1.477545,6.893115,,1.530995,True,2
2,155,calibration,13007,12675,12855,180,4,200,temporal,2,2,-696.0617951537909,1.456052,1.244572,2.142475,3.59335,3.260026,5.193105,,1.188267,True,1
2,155,calibration,13007,12675,12855,180,4,200,static,9,9,-696.0617951537909,1.315699,1.098621,2.209772,1.905592,1.485066,2.957903,,1.188267,True,2
2,156,calibration,3846,3323,3683,360,6,1000,static,25,25,-1569.2485412936692,1.315099,1.093584,2.148088,2.401162,1.836708,3.366322,,3.014279,True,1
2,156,calibration,3846,3323,3683,360,6,1000,temporal,5,5,-1569.2485412936692,1.166345,1.007153,1.989639,1.739741,1.423563,2.6976,,3.014279,True,2
2,157,calibration,4983,3209,4649,1440,2,200,temporal,5,5,21.972086331177763,1.773442,1.225784,2.629667,1.949818,1.292415,2.842259,,1.24938,True,1
2,157,calibration,4983,3209,4649,1440,2,200,static,40,40,21.972086331177763,1.12414,0.903447,1.90408,1.525657,1.154245,2.404656,,1.24938,True,2
2,158,calibration,6506,6067,6247,180,4,200,static,11,11,-559.600035211505,1.219034,1.048155,2.025043,1.568272,1.2956,2.463926,,1.403493,True,1
2,158,calibration,6506,6067,6247,180,4,200,temporal,2,2,-559.600035211505,0.942636,0.795313,1.741374,1.391334,1.170761,2.285617,,1.403493,True,2
2,159,calibration,10193,9623,9983,360,2,200,temporal,1,1,492.5007953975261,1.909919,1.736356,2.71067,1.50771,1.099182,2.518359,,1.371985,True,1
2,159,calibration,10193,9623,9983,360,2,200,static,7,7,492.5007953975261,0.893772,0.743374,1.649996,1.310612,1.078051,2.242141,,1.371985,True,2
2,160,calibration,13326,12855,13035,180,6,5000,static,13,13,-941.7591451659276,2.104022,1.852812,2.998585,2.125575,1.767784,3.195187,,1.577866,True,1
2,160,calibration,13326,12855,13035,180,6,5000,temporal,3,3,-941.7591451659276,2.02991,1.702145,2.888568,1.967546,1.622193,2.850261,,1.577866,True,2
2,161,calibration,11788,10139,11579,1440,2,5000,temporal,6,6,-192.46305556149505,1.581932,1.309611,2.311286,2.207458,1.694753,3.018034,,1.377464,True,1
2,161,calibration,11788,10139,11579,1440,2,5000,static,40,40,-192.46305556149505,1.690728,1.301469,2.336334,2.100687,1.33583,2.833105,,1.377464,True,2
2,162,calibration,5084,4591,4951,360,6,1000,static,31,31,-1521.6822008011775,1.232685,1.061235,1.91131,1.598308,1.249119,2.304375,,1.148858,True,1
2,162,calibration,5084,4591,4951,360,6,1000,temporal,5,5,-1521.6822008011775,0.922295,0.78026,1.538257,1.403012,1.12417,2.058524,,1.148858,True,2
2,163,calibration,6059,5407,5767,360,4,5000,temporal,3,3,1275.104301645821,1.314308,1.106944,2.070462,1.823477,1.36189,2.542585,,2.107197,True,1
2,163,calibration,6059,5407,5767,360,4,5000,static,18,18,1275.104301645821,0.943497,0.803695,1.603916,1.682495,1.347228,2.370195,,2.107197,True,2
2,164,calibration,10157,8714,10154,1440,4,1000,static,74,74,-310.6471643333103,1.483774,1.171031,2.133277,2.047537,1.494441,2.788067,,1.575573,True,1
2,164,calibration,10157,8714,10154,1440,4,1000,temporal,11,11,-310.6471643333103,1.75926,1.267547,2.370556,1.882998,1.323982,2.63792,,1.575573,True,2
2,165,calibration,13785,13424,13604,180,2,1000,temporal,1,1,373.6025234159749,1.385175,1.144701,2.021096,2.098985,1.738048,2.810531,,3.602728,True,1
2,165,calibration,13785,13424,13604,180,2,1000,static,6,6,373.6025234159749,0.944829,0.788844,1.564156,1.453519,1.193445,2.222801,,3.602728,True,2
2,166,calibration,4569,3835,4555,720,4,200,static,38,38,1452.1721321196485,1.138241,0.956266,23.3099,2.648807,1.936328,3.763592,,0.518064,True,1
2,166,calibration,4569,3835,4555,720,4,200,temporal,6,6,1452.1721321196485,1.158412,0.97212,2.101158,2.733434,2.224564,3.767078,,0.518064,True,2
2,167,calibration,7566,7344,7524,180,2,1000,temporal,1,1,-151.96126308892926,1.173465,0.988415,2.029079,2.166877,1.850519,3.164115,,0.709283,True,1
2,167,calibration,7566,7344,7524,180,2,1000,static,5,5,-151.96126308892926,1.272495,1.087845,2.165826,1.734473,1.431385,2.719023,,0.709283,True,2
2,168,calibration,9332,8951,9011,60,4,1000,static,6,6,-199.35467111733809,2.048118,1.772732,2.964404,2.137763,1.846142,3.075181,,1.687252,True,1
2,168,calibration,9332,8951,9011,60,4,1000,temporal,2,2,-199.35467111733809,1.372416,1.18338,2.028058,1.820784,1.573149,2.525209,,1.687252,True,2
2,169,calibration,7581,5863,7303,1440,4,200,temporal,12,12,-141.10931199091866,2.249683,1.9439,3.042983,2.800315,1.945071,3.797513,,2.512229,True,1
2,169,calibration,7581,5863,7303,1440,4,200,static,75,75,-141.10931199091866,1.458055,1.101866,2.236853,2.251655,1.432146,3.128191,,2.512229,True,2
2,170,calibration,14070,13365,13725,360,4,5000,static,17,17,1073.06219794909,1.470614,1.206374,2.140147,2.159537,1.550786,3.04165,,2.531308,True,1
2,170,calibration,14070,13365,13725,360,4,5000,temporal,2,2,1073.06219794909,1.709235,1.396472,2.401291,2.001798,1.656005,2.815037,,2.531308,True,2
2,171,calibration,6374,4618,6058,1440,4,5000,temporal,11,11,-124.86014498790232,2.225355,1.472507,2.954248,2.311767,1.531937,3.125697,,0.910397,True,1
2,171,calibration,6374,4618,6058,1440,4,5000,static,72,72,-124.86014498790232,1.138813,0.718046,1.803487,1.769997,1.245514,2.553812,,0.910397,True,2
2,172,calibration,9054,7452,8892,1440,4,1000,static,76,76,-358.6485373216784,1.114296,0.834192,1.715445,2.099606,1.165053,2.832674,,1.478977,True,1
2,172,calibration,9054,7452,8892,1440,4,1000,temporal,13,13,-358.6485373216784,1.634121,1.349822,2.311025,6.973757,1.185523,7.882622,,1.478977,True,2
2,173,calibration,8974,7349,8789,1440,6,200,temporal,16,16,-285.6438601739674,1.363021,1.056768,1.979214,1.863549,1.324703,2.811292,,1.417304,True,1
2,173,calibration,8974,7349,8789,1440,6,200,static,114,114,-285.6438601739674,1.662054,1.184792,2.311807,2.01692,1.493398,2.785633,,1.417304,True,2
2,174,calibration,4054,3668,4028,360,8,200,static,45,45,42.44849790158646,1.096268,0.910296,1.683927,1.90427,1.536003,2.708065,,1.193786,True,1
2,174,calibration,4054,3668,4028,360,8,200,temporal,12,12,42.44849790158646,1.068907,0.895784,1.681733,1.595183,1.120655,6.474031,,1.193786,True,2
2,175,calibration,12330,11940,12300,360,2,1000,temporal,1,1,284.4167602241449,2.322072,1.997771,3.42508,2.321491,1.870549,24.560245,,1.001514,True,1
2,175,calibration,12330,11940,12300,360,2,1000,static,9,9,284.4167602241449,1.804228,1.526078,2.837501,2.422453,1.99641,3.767959,,1.001514,True,2
2,176,calibration,12619,12237,12597,360,2,1000,static,12,12,614.5092262991432,1.319886,1.0975,2.184194,1.779422,1.251072,2.758463,,0.699718,True,1
2,176,calibration,12619,12237,12597,360,2,1000,temporal,4,4,614.5092262991432,1.628573,1.382631,2.40033,1.920716,1.569464,2.969211,,0.699718,True,2
2,177,calibration,9186,7478,8918,1440,4,1000,temporal,13,13,-405.04938843027566,1.578748,1.298473,2.379519,2.231455,1.571147,3.317838,,1.4412,True,1
2,177,calibration,9186,7478,8918,1440,4,1000,static,76,76,-405.04938843027566,1.033854,0.791647,1.81861,1.919974,1.352325,2.832424,,1.4412,True,2
2,178,calibration,8679,7967,8327,360,6,200,static,36,36,1306.8884389300565,0.982547,0.809234,1.881155,2.057622,1.609243,3.015351,,2.50525,True,1
2,178,calibration,8679,7967,8327,360,6,200,temporal,9,9,1306.8884389300565,1.638348,1.394058,2.495345,2.191484,1.747042,3.190345,,2.50525,True,2
2,179,calibration,12688,12431,12491,60,2,200,temporal,3,3,-2.166481099977874,1.454049,1.153775,2.284375,1.528421,1.30895,2.581564,,0.700419,True,1
2,179,calibration,12688,12431,12491,60,2,200,static,3,3,-2.166481099977874,1.558638,1.35559,2.350099,1.511636,1.288228,2.26143,,0.700419,True,2
2,180,regular_holdout,19783,18001,19441,1440,4,200,static,72,72,-152.078106101882,1.326847,1.019162,1.926224,2.57871,1.584617,3.256205,,2.496305,True,1
2,180,regular_holdout,19783,18001,19441,1440,4,200,temporal,10,10,-152.078106101882,1.241428,0.792008,2.043671,1.996459,1.349541,2.674234,,2.496305,True,2
2,181,regular_holdout,25411,25021,25201,180,2,1000,temporal,1,1,-92.66129352412592,1.398836,1.017659,1.98335,1.806222,1.195218,11.705443,,2.2551,True,1
2,181,regular_holdout,25411,25021,25201,180,2,1000,static,4,4,-92.66129352412592,1.665749,1.28947,2.415453,1.998313,1.404604,2.825854,,2.2551,True,2
2,182,regular_holdout,17389,16463,17183,720,4,5000,static,37,37,-1554.0226022182148,1.343036,1.097795,1.964291,1.493238,1.133094,2.206528,,1.720702,True,1
2,182,regular_holdout,17389,16463,17183,720,4,5000,temporal,6,6,-1554.0226022182148,0.867993,0.703814,1.520159,2.21558,1.543124,3.00896,,1.720702,True,2
2,183,regular_holdout,20866,20365,20545,180,2,200,temporal,3,3,55.52176261792965,1.304633,1.137851,1.945933,1.259935,1.033763,1.939743,,2.127457,True,1
2,183,regular_holdout,20866,20365,20545,180,2,200,static,8,8,55.52176261792965,1.338254,1.1306,1.912482,1.723907,1.444946,2.358407,,2.127457,True,2
2,184,regular_holdout,21288,20618,20978,360,6,200,static,27,27,-1430.7160457135838,1.788505,1.515262,2.404457,2.118784,1.674483,2.853635,,1.443543,True,1
2,184,regular_holdout,21288,20618,20978,360,6,200,temporal,4,4,-1430.7160457135838,1.119283,0.95259,1.749667,1.51402,1.094306,2.197474,,1.443543,True,2
2,185,regular_holdout,17394,17007,17367,360,4,200,temporal,2,2,-85.30372614855682,1.187115,0.970888,1.755155,1.46144,1.206425,2.278276,,3.613115,True,1
2,185,regular_holdout,17394,17007,17367,360,4,200,static,17,17,-85.30372614855682,0.784457,0.640669,1.417764,1.943279,1.60691,2.670429,,3.613115,True,2
2,186,regular_holdout,25452,23818,25258,1440,4,5000,static,73,73,-222.1427361781857,1.332846,0.922725,1.958973,6.904442,1.483264,7.626274,,1.597747,True,1
2,186,regular_holdout,25452,23818,25258,1440,4,5000,temporal,11,11,-222.1427361781857,1.349701,0.839009,1.95039,2.843891,2.147447,4.362157,,1.597747,True,2
2,187,regular_holdout,16550,15932,16292,360,4,200,temporal,5,5,517.7007837374381,1.121386,0.951058,1.761644,16.381035,1.556003,18.545449,,1.756447,True,1
2,187,regular_holdout,16550,15932,16292,360,4,200,static,22,22,517.7007837374381,1.569243,1.311694,2.225966,1.485266,1.195488,2.19486,,1.756447,True,2
2,188,regular_holdout,18846,18383,18743,360,4,1000,static,17,17,-260.7124969824564,1.122778,0.949987,1.762175,2.484338,1.937881,3.221443,,2.815198,True,1
2,188,regular_holdout,18846,18383,18743,360,4,1000,temporal,3,3,-260.7124969824564,0.875814,0.721,1.466438,1.645529,1.33515,2.412729,,2.815198,True,2
2,189,regular_holdout,19814,19445,19625,180,8,200,temporal,8,8,-1409.652096664349,1.086173,0.916376,1.693141,1.349861,1.068196,2.094468,,2.029539,True,1
2,189,regular_holdout,19814,19445,19625,180,8,200,static,27,27,-1409.652096664349,0.956908,0.745537,1.596465,2.045324,1.644147,5.499037,,2.029539,True,2
2,190,regular_holdout,26112,24600,26040,1440,6,1000,static,112,112,-82.03378463502165,2.132585,1.592399,2.995761,3.438911,2.362303,4.325682,,8.414717,True,1
2,190,regular_holdout,26112,24600,26040,1440,6,1000,temporal,17,17,-82.03378463502165,1.596866,1.250982,2.246308,2.702387,1.962438,4.170798,,8.414717,True,2
2,191,regular_holdout,21193,20923,21103,180,4,1000,temporal,6,6,-665.6929022607982,1.794815,1.459978,2.839905,2.017792,1.636916,2.880266,,3.117475,True,1
2,191,regular_holdout,21193,20923,21103,180,4,1000,static,13,13,-665.6929022607982,2.185997,1.846052,2.893616,1.964982,1.558757,2.768056,,3.117475,True,2
2,192,regular_holdout,18252,17803,17983,180,4,200,static,9,9,429.9880603277931,1.550505,1.308579,2.178455,2.127808,1.786752,2.882389,,0.76674,True,1
2,192,regular_holdout,18252,17803,17983,180,4,200,temporal,2,2,429.9880603277931,1.092552,0.918559,1.728745,1.549353,1.28923,2.355923,,0.76674,True,2
2,193,regular_holdout,27179,26777,27137,360,4,1000,temporal,6,6,1216.18270775301,1.963079,1.676856,2.911183,2.371026,1.862026,3.233951,,7.524871,True,1
2,193,regular_holdout,27179,26777,27137,360,4,1000,static,21,21,1216.18270775301,1.362311,1.142838,2.10252,1.865261,1.496994,2.737249,,7.524871,True,2
2,194,regular_holdout,19803,19518,19578,60,8,5000,static,13,13,-487.3174219060925,1.202799,1.001866,1.8912,2.296924,1.544516,3.110164,,2.20202,True,1
2,194,regular_holdout,19803,19518,19578,60,8,5000,temporal,5,5,-487.3174219060925,1.103389,0.914954,1.777268,1.631768,1.384394,2.335262,,2.20202,True,2
2,195,regular_holdout,18044,17916,17976,60,2,5000,temporal,1,1,38.745078226720096,1.649304,1.391885,2.283413,1.397293,1.178162,2.155971,,1.775686,True,1
2,195,regular_holdout,18044,17916,17976,60,2,5000,static,3,3,38.745078226720096,0.784516,0.636874,1.536414,1.859122,1.463563,2.570298,,1.775686,True,2
2,196,regular_holdout,23768,23577,23757,180,2,200,static,5,5,-316.6289264108975,1.218693,1.013243,1.87772,2.515524,1.569394,3.284818,,3.297627,True,1
2,196,regular_holdout,23768,23577,23757,180,2,200,temporal,1,1,-316.6289264108975,1.253366,0.969366,2.047457,1.80467,1.486258,2.576576,,3.297627,True,2
2,197,regular_holdout,27828,26202,27642,1440,2,200,temporal,6,6,-163.72996440485207,1.20957,0.937608,1.794834,1.802316,1.130269,2.553192,,1.425085,True,1
2,197,regular_holdout,27828,26202,27642,1440,2,200,static,34,34,-163.72996440485207,1.102418,0.841853,1.657787,1.946625,1.263662,2.722368,,1.425085,True,2
2,198,regular_holdout,23483,23192,23252,60,8,1000,static,11,11,193.70944950033865,1.098802,0.89877,1.761944,1.766552,1.462072,2.465749,,1.348239,True,1
2,198,regular_holdout,23483,23192,23252,60,8,1000,temporal,5,5,193.70944950033865,1.077449,0.890357,1.646641,2.712943,2.138013,3.41884,,1.348239,True,2
2,199,regular_holdout,19112,17382,18822,1440,2,1000,temporal,4,4,48.95565336695726,1.526449,1.227827,18.829449,2.69785,1.854555,3.471761,,1.555403,True,1
2,199,regular_holdout,19112,17382,18822,1440,2,1000,static,39,39,48.95565336695726,1.323162,0.843386,1.958291,2.636006,1.720221,3.358079,,1.555403,True,2
2,200,regular_holdout,18148,17799,17859,60,4,200,static,4,4,156.85915958172876,1.253225,1.027784,1.842236,2.220979,1.939734,2.916051,,5.112662,True,1
2,200,regular_holdout,18148,17799,17859,60,4,200,temporal,2,2,156.85915958172876,1.833102,1.409742,2.409754,1.576014,1.321428,2.311185,,5.112662,True,2
2,201,regular_holdout,17766,17625,17685,60,6,200,temporal,3,3,415.9889514767242,1.16338,0.989116,2.02392,2.942431,2.540622,3.858566,,3.790643,True,1
2,201,regular_holdout,17766,17625,17685,60,6,200,static,8,8,415.9889514767242,1.231603,0.993623,2.037021,3.529478,2.848978,5.394979,,3.790643,True,2
2,202,regular_holdout,23215,22766,22946,180,4,200,static,8,8,535.6929062603957,1.530485,1.174586,2.37419,1.87056,1.542323,2.743349,,1.811891,True,1
2,202,regular_holdout,23215,22766,22946,180,4,200,temporal,2,2,535.6929062603957,1.813673,1.516934,2.685241,1.51455,1.239805,2.440801,,1.811891,True,2
2,203,regular_holdout,17312,16367,17087,720,2,1000,temporal,3,3,-497.7053107442754,1.09096,0.902996,1.869308,2.787896,2.099856,4.008782,,3.480074,True,1
2,203,regular_holdout,17312,16367,17087,720,2,1000,static,20,20,-497.7053107442754,1.4349,1.225914,2.417877,1.483464,1.174296,2.514723,,3.480074,True,2
2,204,regular_holdout,16441,16020,16200,180,4,200,static,9,9,402.7698334615672,1.611298,1.340327,2.289954,2.415573,1.961917,3.159198,,0.843115,True,1
2,204,regular_holdout,16441,16020,16200,180,4,200,temporal,2,2,402.7698334615672,0.861132,0.724015,1.541911,1.643205,1.387028,2.361352,,0.843115,True,2
2,205,regular_holdout,20040,18501,19941,1440,4,200,temporal,11,11,-106.33396589324164,1.674533,1.319286,2.601575,2.243243,1.48094,3.037464,,1.383262,True,1
2,205,regular_holdout,20040,18501,19941,1440,4,200,static,73,73,-106.33396589324164,1.951932,1.608523,2.61863,3.095822,1.346817,3.977696,,1.383262,True,2
2,206,regular_holdout,16111,15850,16030,180,2,1000,static,8,8,-151.8297491782284,1.350653,1.181327,2.007907,1.733952,1.242009,2.496916,,2.200808,True,1
2,206,regular_holdout,16111,15850,16030,180,2,1000,temporal,3,3,-151.8297491782284,2.067236,1.74586,2.732783,1.583876,1.165633,2.298316,,2.200808,True,2
2,207,regular_holdout,21535,19932,21372,1440,4,1000,temporal,11,11,-13.76759317775355,1.075096,0.824658,1.682344,2.031873,1.435311,2.828839,,0.986421,True,1
2,207,regular_holdout,21535,19932,21372,1440,4,1000,static,75,75,-13.767593177751223,1.436142,1.151771,2.061538,2.601143,1.861265,3.341564,,0.986421,True,2
2,208,regular_holdout,28322,26663,28103,1440,2,1000,static,41,41,-94.31023882359978,1.390092,1.052933,2.091213,1.836898,1.277482,2.656808,,3.81506,True,1
2,208,regular_holdout,28322,26663,28103,1440,2,1000,temporal,6,6,-94.31023882359978,0.998831,0.736163,1.63927,1.935548,1.436032,2.64515,,3.81506,True,2
2,209,regular_holdout,26350,24679,26119,1440,2,1000,temporal,6,6,-37.41323160695914,1.848116,1.26269,2.469635,1.93092,1.360858,2.60561,,1.728053,True,1
2,209,regular_holdout,26350,24679,26119,1440,2,1000,static,34,34,-37.41323160695914,1.175598,0.896215,1.749786,20.059338,1.851761,20.952869,,1.728053,True,2
2,210,regular_holdout,16897,16747,16807,60,2,200,static,4,4,-77.03043498335282,1.648614,1.356121,2.229943,1.877139,1.548632,2.547954,,1.913354,True,1
2,210,regular_holdout,16897,16747,16807,60,2,200,temporal,2,2,-77.03043498335282,1.515993,1.327688,2.132205,1.270371,1.072412,1.959704,,1.913354,True,2
2,211,regular_holdout,18823,18355,18535,180,2,1000,temporal,1,1,-242.7896778249574,0.79996,0.656062,1.392706,2.21484,1.87109,2.87626,,1.870208,True,1
2,211,regular_holdout,18823,18355,18535,180,2,1000,static,5,5,-242.7896778249574,0.929426,0.777576,1.502723,1.766591,1.295309,2.425628,,1.870208,True,2
2,212,regular_holdout,19031,18540,18720,180,2,5000,static,5,5,57.41815273581958,1.172283,0.95203,1.840534,1.456263,1.201236,2.176492,,2.832854,True,1
2,212,regular_holdout,19031,18540,18720,180,2,5000,temporal,1,1,57.41815273581958,0.926191,0.782333,1.509223,2.521964,2.14893,3.202143,,2.832854,True,2
2,213,regular_holdout,18022,17956,18016,60,4,5000,temporal,2,2,75.65553489270391,1.228618,1.03095,1.839663,1.352746,1.138602,2.088458,,1.690066,True,1
2,213,regular_holdout,18022,17956,18016,60,4,5000,static,5,5,75.65553489270391,1.058411,0.834212,1.654352,1.323391,1.063779,1.964802,,1.690066,True,2
2,214,regular_holdout,25759,24056,25496,1440,2,1000,static,40,40,100.2145140451563,1.630526,1.284813,2.203683,1.602173,1.122758,2.398518,,0.796704,True,1
2,214,regular_holdout,25759,24056,25496,1440,2,1000,temporal,5,5,100.2145140451563,1.536965,1.206845,2.096721,2.169952,1.583605,2.876551,,0.796704,True,2
2,215,regular_holdout,17342,16452,17172,720,2,200,temporal,3,3,-665.8748002661976,1.013042,0.845669,1.652609,1.790208,1.324994,2.529175,,1.85173,True,1
2,215,regular_holdout,17342,16452,17172,720,2,200,static,17,17,-665.8748002661976,1.638508,1.334929,2.316764,1.455931,1.124,23.917041,,1.85173,True,2
2,216,regular_holdout,22768,22470,22650,180,4,1000,static,12,12,-134.2300334958438,1.487279,1.254748,2.109961,2.646532,1.856808,3.380212,,2.53254,True,1
2,216,regular_holdout,22768,22470,22650,180,4,1000,temporal,5,5,-134.2300334958438,1.501641,1.155117,2.074627,1.899433,1.351294,2.604028,,2.53254,True,2
2,217,regular_holdout,17051,16468,16828,360,2,1000,temporal,3,3,-93.25309244717172,1.199594,0.930057,1.848315,2.268551,1.638639,2.993778,,1.900053,True,1
2,217,regular_holdout,17051,16468,16828,360,2,1000,static,10,10,-93.25309244717172,1.082326,0.884588,1.651087,2.609696,2.145295,3.323857,,1.900053,True,2
2,218,regular_holdout,25991,25503,25863,360,2,1000,static,9,9,637.8089143193826,1.137491,0.890627,1.731068,2.001878,1.65272,2.637128,,1.599669,True,1
2,218,regular_holdout,25991,25503,25863,360,2,1000,temporal,1,1,637.8089143193826,1.386577,1.167626,2.012023,1.830989,1.469061,2.514063,,1.599669,True,2
2,219,regular_holdout,22409,22176,22356,180,4,200,temporal,2,2,-752.489109138324,1.604306,1.303411,2.290594,1.784339,1.44781,2.494212,,1.860624,True,1
2,219,regular_holdout,22409,22176,22356,180,4,200,static,7,7,-752.489109138324,1.412737,1.172733,2.118144,2.123181,1.296581,2.880416,,1.860624,True,2
2,220,regular_holdout,16033,15209,15929,720,4,200,static,39,39,-1617.000910856751,1.255539,0.969616,1.869247,1.771309,1.247036,2.771241,,1.734423,True,1
2,220,regular_holdout,16033,15209,15929,720,4,200,temporal,6,6,-1617.000910856751,1.01137,0.779338,1.614522,1.412006,1.074786,2.086145,,1.734423,True,2
2,221,regular_holdout,21424,20956,21316,360,6,1000,temporal,9,9,-1179.2679615519644,0.877146,0.719849,1.501621,1.417203,1.085582,2.156401,,1.91802,True,1
2,221,regular_holdout,21424,20956,21316,360,6,1000,static,36,36,-1179.2679615519644,1.469282,1.224732,2.038984,1.437785,1.093123,2.177754,,1.91802,True,2
2,222,regular_holdout,25419,25093,25153,60,2,1000,static,3,3,-70.14409562877375,1.368449,1.106774,2.093867,2.251896,1.855026,2.981079,,1.717908,True,1
2,222,regular_holdout,25419,25093,25153,60,2,1000,temporal,1,1,-70.14409562877375,1.482943,1.026502,2.136321,1.495962,1.292575,2.25487,,1.717908,True,2
2,223,regular_holdout,25327,24628,24988,360,2,1000,temporal,1,1,-256.2354375714639,1.461571,1.172463,3.970976,1.824169,1.46161,3.086017,,11.036883,True,1
2,223,regular_holdout,25327,24628,24988,360,2,1000,static,9,9,-256.2354375714639,1.335199,1.086273,2.129201,1.695684,1.118682,2.57549,,11.036883,True,2
2,224,regular_holdout,26707,26449,26629,180,4,1000,static,11,11,-458.25743345491526,1.0906,0.83975,1.685239,1.925362,1.441661,2.628936,,3.126699,True,1
2,224,regular_holdout,26707,26449,26629,180,4,1000,temporal,2,2,-458.25743345491526,1.070119,0.914723,1.753552,1.56735,1.280267,2.295652,,3.126699,True,2
2,225,regular_holdout,22467,22140,22200,60,8,200,temporal,4,4,-343.1512035651211,0.989086,0.8396,1.60699,1.698929,1.14382,2.663859,,1.940996,True,1
2,225,regular_holdout,22467,22140,22200,60,8,200,static,10,10,-343.1512035651211,1.820283,1.582633,2.562816,1.509503,1.220236,2.390505,,1.940996,True,2
2,226,regular_holdout,26262,25478,26198,720,6,200,static,59,59,1429.422988113205,0.922756,0.717805,1.51393,2.152736,1.6991,2.903702,,1.297262,True,1
2,226,regular_holdout,26262,25478,26198,720,6,200,temporal,10,10,1429.422988113205,1.047564,0.828733,1.748154,1.564886,1.123028,2.263002,,1.297262,True,2
2,227,regular_holdout,28236,28023,28083,60,4,1000,temporal,2,2,6.01960612423332,1.280406,0.795132,1.92386,2.101328,1.627861,2.826074,,1.526158,True,1
2,227,regular_holdout,28236,28023,28083,60,4,1000,static,4,4,6.01960612423332,1.112062,0.92566,2.061878,2.405779,2.019424,3.244286,,1.526158,True,2
2,228,regular_holdout,19310,18814,19174,360,4,200,static,23,23,1211.543701106597,1.057229,0.862825,1.783297,1.493048,1.178201,2.270274,,1.974767,True,1
2,228,regular_holdout,19310,18814,19174,360,4,200,temporal,7,7,1211.543701106597,0.880652,0.725888,1.446177,1.635975,1.08421,2.414793,,1.974767,True,2
2,229,regular_holdout,19815,19375,19735,360,4,1000,temporal,6,6,-1239.7528418529566,0.904868,0.744636,1.572688,14.40084,1.641293,15.165045,,1.575362,True,1
2,229,regular_holdout,19815,19375,19735,360,4,1000,static,22,22,-1239.7528418529566,1.246405,1.016177,1.973194,2.002298,1.570695,2.930372,,1.575362,True,2
2,230,regular_holdout,17787,17267,17627,360,6,1000,static,35,35,1346.7260041670406,1.656616,1.371694,2.329643,1.84434,1.405035,2.595265,,1.484615,True,1
2,230,regular_holdout,17787,17267,17627,360,6,1000,temporal,9,9,1346.7260041670406,1.00437,0.824818,1.70633,1.945032,1.264232,2.742558,,1.484615,True,2
2,231,regular_holdout,16677,16174,16354,180,4,5000,temporal,2,2,627.2442769327456,1.578067,1.214787,2.204914,1.697047,1.40194,2.603898,,1.07125,True,1
2,231,regular_holdout,16677,16174,16354,180,4,5000,static,12,12,627.2442769327456,1.254648,1.060554,2.156802,2.007095,1.339005,2.871663,,1.07125,True,2
2,232,regular_holdout,23151,22157,22877,720,2,1000,static,21,21,-97.75991458800245,1.231062,0.966191,2.16867,1.521161,1.195508,3.02792,,2.100947,True,1
2,232,regular_holdout,23151,22157,22877,720,2,1000,temporal,3,3,-97.75991458800245,1.819522,1.557115,2.779283,1.541671,1.213385,4.812258,,2.100947,True,2
2,233,regular_holdout,22326,20679,22119,1440,6,5000,temporal,16,16,-433.0403543282932,1.609505,1.312966,2.528785,1.912883,1.288669,3.019978,,1.053313,True,1
2,233,regular_holdout,22326,20679,22119,1440,6,5000,static,106,106,-433.0403543282932,0.956407,0.724055,1.771549,4.696103,1.099393,7.619694,,1.053313,True,2
2,234,regular_holdout,23993,23924,23984,60,8,200,static,14,14,16.010922253035776,1.199124,0.967874,1.972273,2.264014,1.906473,3.479492,,1.594532,True,1
2,234,regular_holdout,23993,23924,23984,60,8,200,temporal,6,6,16.010922253035776,0.922755,0.754431,1.630586,1.394088,1.146905,2.140857,,1.594532,True,2
2,235,regular_holdout,23051,22412,22772,360,4,1000,temporal,6,6,253.42289287046955,0.871198,0.710865,1.596265,1.92432,1.474069,2.718231,,1.519308,True,1
2,235,regular_holdout,23051,22412,22772,360,4,1000,static,23,23,253.42289287046955,0.857477,0.686699,1.718119,1.274999,0.987003,2.27445,,1.519308,True,2
2,236,regular_holdout,27194,26517,26877,360,2,200,static,9,9,470.28303706398447,1.111351,0.870347,1.711929,1.332385,1.083899,2.034798,,3.124926,True,1
2,236,regular_holdout,27194,26517,26877,360,2,200,temporal,1,1,470.28303706398447,0.805118,0.648832,1.377754,1.178092,0.9057,2.131013,,3.124926,True,2
2,237,regular_holdout,23778,23243,23423,180,2,200,temporal,4,4,-193.4144613481365,1.471255,1.217922,2.075178,1.65295,1.268579,2.543637,,0.489621,True,1
2,237,regular_holdout,23778,23243,23423,180,2,200,static,8,8,-193.4144613481365,1.098771,0.889144,1.708443,1.505086,1.211202,2.295212,,0.489621,True,2
2,238,regular_holdout,18582,16823,18263,1440,6,1000,static,115,115,-535.6182999248372,1.843578,1.431375,2.616507,2.520432,1.843218,3.435326,,0.539376,True,1
2,238,regular_holdout,18582,16823,18263,1440,6,1000,temporal,16,16,-535.6182999248372,2.041858,1.660872,2.710118,2.411797,1.678459,3.406301,,0.539376,True,2
2,239,regular_holdout,24457,23833,24193,360,4,5000,temporal,6,6,193.98287572424107,1.864771,1.586149,2.451668,3.077484,2.387391,3.836072,,0.788883,True,1
2,239,regular_holdout,24457,23833,24193,360,4,5000,static,23,23,193.98287572424107,1.796908,1.451665,2.764551,1.863468,1.362801,2.675897,,0.788883,True,2
2,240,regular_holdout,17115,15348,16788,1440,2,200,static,40,40,-11.933110663564207,1.339416,1.074816,2.125765,1.344904,0.976197,2.12839,,1.49469,True,1
2,240,regular_holdout,17115,15348,16788,1440,2,200,temporal,5,5,-11.933110663564207,0.886792,0.696985,1.531096,2.316343,1.979874,3.185748,,1.49469,True,2
2,241,regular_holdout,20655,20275,20455,180,6,200,temporal,6,6,1100.007632508425,0.984239,0.785608,1.574111,1.509643,1.233255,2.368041,,1.870449,True,1
2,241,regular_holdout,20655,20275,20455,180,6,200,static,19,19,1100.007632508425,0.957208,0.741792,20.15938,1.824569,1.50085,2.963782,,1.870449,True,2
2,242,regular_holdout,20369,19926,20286,360,2,1000,static,12,12,147.30709347371513,0.972781,0.801312,1.544807,1.438746,1.201437,2.307881,,1.048335,True,1
2,242,regular_holdout,20369,19926,20286,360,2,1000,temporal,3,3,147.30709347371513,0.953653,0.810616,1.543334,1.291323,1.062056,2.123291,,1.048335,True,2
2,243,regular_holdout,24557,24096,24276,180,4,200,temporal,2,2,467.9667850382789,0.883537,0.728072,1.452788,1.491476,1.253846,2.22825,,1.258895,True,1
2,243,regular_holdout,24557,24096,24276,180,4,200,static,8,8,467.9667850382789,0.855924,0.671095,1.455672,1.305204,1.068146,2.180368,,1.258895,True,2
2,244,regular_holdout,20228,19311,20031,720,2,200,static,20,20,-876.2139506642078,0.925009,0.77402,1.583004,1.310682,1.034504,2.015008,,1.762436,True,1
2,244,regular_holdout,20228,19311,20031,720,2,200,temporal,3,3,-876.2139506642078,1.047184,0.802945,1.616565,1.376842,1.066013,2.53888,,1.762436,True,2
2,245,regular_holdout,25140,24751,25111,360,8,1000,temporal,6,6,-2410.9191110093984,1.228028,1.050389,1.795376,1.485607,1.166254,2.379309,,0.812899,True,1
2,245,regular_holdout,25140,24751,25111,360,8,1000,static,37,37,-2410.9191110093984,1.115207,0.96488,1.708034,1.43478,1.06453,2.107257,,0.812899,True,2
2,246,regular_holdout,24465,24207,24387,180,4,200,static,9,9,666.0363839025974,0.953753,0.796194,1.536374,1.701743,1.457985,2.388372,,1.400008,True,1
2,246,regular_holdout,24465,24207,24387,180,4,200,temporal,2,2,666.0363839025974,0.844618,0.696504,1.408951,1.28928,1.045992,2.06274,,1.400008,True,2
2,247,regular_holdout,23640,22049,23489,1440,2,1000,temporal,7,7,15.853368332065711,1.1311,0.915665,1.927255,1.364644,1.004048,2.203443,,1.885912,True,1
2,247,regular_holdout,23640,22049,23489,1440,2,1000,static,41,41,15.853368332065711,0.99866,0.774602,2.331766,3.334062,2.495484,4.161975,,1.885912,True,2
2,248,regular_holdout,24372,23350,24070,720,2,200,static,22,22,-850.2304609726788,1.278203,1.055626,2.085464,17.963444,1.151853,19.325433,,3.461105,True,1
2,248,regular_holdout,24372,23350,24070,720,2,200,temporal,4,4,-850.2304609726788,1.300246,1.03846,2.252036,1.486729,1.1572,2.291856,,3.461105,True,2
2,249,regular_holdout,24461,24055,24415,360,2,200,temporal,1,1,451.2208669991674,0.976166,0.781742,1.668374,1.344954,1.094105,2.36058,,1.341048,True,1
2,249,regular_holdout,24461,24055,24415,360,2,200,static,10,10,451.2208669991674,0.901543,0.680709,1.612139,1.196249,0.971219,2.422784,,1.341048,True,2
2,250,regular_holdout,25221,24905,24965,60,8,5000,static,8,8,-483.3778029469833,1.073804,0.867172,1.706891,1.42135,1.206265,2.447832,,2.277625,True,1
2,250,regular_holdout,25221,24905,24965,60,8,5000,temporal,4,4,-483.3778029469833,0.824286,0.659898,1.44116,1.492708,1.285334,2.22839,,2.277625,True,2
2,251,regular_holdout,18140,16461,17901,1440,2,200,temporal,6,6,109.9147459000868,1.081596,0.87936,2.057292,1.510384,1.125182,2.281681,,3.655469,True,1
2,251,regular_holdout,18140,16461,17901,1440,2,200,static,42,42,109.9147459000868,0.867482,0.685967,1.531496,1.270742,0.959841,1.975668,,3.655469,True,2
2,252,regular_holdout,27353,26929,27289,360,2,1000,static,11,11,615.2674420203141,0.804567,0.649643,1.362901,1.32903,1.078451,2.154048,,0.466756,True,1
2,252,regular_holdout,27353,26929,27289,360,2,1000,temporal,2,2,615.2674420203141,0.756054,0.607709,1.299936,1.208848,0.982536,1.999665,,0.466756,True,2
2,253,regular_holdout,22590,22086,22266,180,2,200,temporal,1,1,-157.04087719817227,0.874142,0.72695,1.456663,1.331153,1.113825,2.055189,,0.623503,True,1
2,253,regular_holdout,22590,22086,22266,180,2,200,static,5,5,-157.04087719817227,0.809144,0.622812,1.389992,1.207797,0.972231,2.105113,,0.623503,True,2
2,254,regular_holdout,24167,23472,23832,360,4,1000,static,17,17,-1286.6085640388585,0.905249,0.750936,1.471986,1.325234,1.050118,2.187579,,0.620318,True,1
2,254,regular_holdout,24167,23472,23832,360,4,1000,temporal,2,2,-1286.6085640388585,1.629505,1.375972,2.261731,1.314188,1.061676,1.993756,,0.620318,True,2
2,255,regular_holdout,21397,19665,21105,1440,4,200,temporal,11,11,-343.7033286659873,1.622995,1.268569,3.000418,3.547506,2.812804,4.329458,,0.851558,True,1
2,255,regular_holdout,21397,19665,21105,1440,4,200,static,75,75,-343.7033286659873,1.374419,1.115437,2.312888,2.206007,1.687432,3.002911,,0.851558,True,2
2,256,regular_holdout,21482,19831,21271,1440,4,1000,static,73,73,-358.5869695417072,1.431505,0.956537,1.980665,1.672339,1.100054,2.391887,,1.453498,True,1
2,256,regular_holdout,21482,19831,21271,1440,4,1000,temporal,11,11,-358.5869695417072,1.136399,0.739809,1.731589,1.995087,1.471506,2.683899,,1.453498,True,2
2,257,regular_holdout,20014,19589,19949,360,8,5000,temporal,8,8,-1773.4417946549984,1.28287,1.100535,1.985914,1.636726,1.276851,2.527072,,2.950473,True,1
2,257,regular_holdout,20014,19589,19949,360,8,5000,static,37,37,-1773.4417946549984,1.182058,0.997338,2.337636,1.604857,1.201928,2.359078,,2.950473,True,2
2,258,regular_holdout,23625,22906,23266,360,6,200,static,32,32,1213.6088829931505,1.053123,0.868914,1.651588,1.637527,1.295459,2.42669,,1.801394,True,1
2,258,regular_holdout,23625,22906,23266,360,6,200,temporal,9,9,1213.6088829931505,0.837898,0.670664,1.509913,1.351744,1.089918,2.12309,,1.801394,True,2
2,259,regular_holdout,19056,18049,18769,720,6,1000,temporal,10,10,-2193.6484411846227,0.980733,0.76064,1.575212,2.004331,1.502482,2.709708,,2.524338,True,1
2,259,regular_holdout,19056,18049,18769,720,6,1000,static,62,62,-2193.6484411846227,1.28299,1.043077,1.979915,2.780696,2.160307,3.664332,,2.524338,True,2
2,260,regular_holdout,25415,25157,25337,180,2,5000,static,6,6,-209.61388788136173,1.319906,1.060283,2.012403,2.152842,1.30902,2.866715,,1.938292,True,1
2,260,regular_holdout,25415,25157,25337,180,2,5000,temporal,3,3,-209.61388788136173,1.28947,1.102527,1.886393,1.58688,1.324704,2.911314,,1.938292,True,2
2,261,regular_holdout,23732,23555,23615,60,4,1000,temporal,2,2,-219.7084370149443,1.112142,0.926651,1.740212,1.374098,1.149869,2.059916,,2.30734,True,1
2,261,regular_holdout,23732,23555,23615,60,4,1000,static,6,6,-219.7084370149443,9.532738,9.295549,10.765392,1.438185,1.188648,2.359148,,2.30734,True,2
2,262,regular_holdout,25563,23805,25245,1440,2,1000,static,41,41,-4.5333391796662,1.10408,0.850507,2.217795,1.518887,1.114746,2.320669,,1.784749,True,1
2,262,regular_holdout,25563,23805,25245,1440,2,1000,temporal,5,5,-4.5333391796662,1.065641,0.805518,1.826803,1.504095,1.142308,2.197183,,1.784749,True,2
2,263,regular_holdout,24811,23137,24577,1440,4,200,temporal,10,10,175.68896779185548,1.05167,0.800191,1.654863,1.808125,1.146935,2.495364,,1.116268,True,1
2,263,regular_holdout,24811,23137,24577,1440,4,200,static,73,73,175.68896779185548,0.974433,0.738818,1.624236,1.727613,1.132853,2.598771,,1.116268,True,2
2,264,regular_holdout,23352,22952,23312,360,6,200,static,32,32,1541.0473420777416,1.393107,1.166454,2.086356,1.56681,1.163209,2.343024,,1.501481,True,1
2,264,regular_holdout,23352,22952,23312,360,6,200,temporal,9,9,1541.0473420777416,1.230922,1.038721,1.839382,1.720943,1.174327,2.412338,,1.501481,True,2
2,265,regular_holdout,24981,24686,24866,180,4,1000,temporal,2,2,-187.7241243401649,0.977338,0.759549,1.532729,1.583164,1.313156,2.317815,,0.493336,True,1
2,265,regular_holdout,24981,24686,24866,180,4,1000,static,9,9,-187.7241243401649,0.955345,0.719569,1.596234,1.624357,1.371925,2.503446,,0.493336,True,2
2,266,regular_holdout,19662,19426,19606,180,8,200,static,23,23,-1133.1222679966866,1.13023,0.93217,1.674142,1.431625,1.162628,2.119326,,1.846664,True,1
2,266,regular_holdout,19662,19426,19606,180,8,200,temporal,10,10,-1133.1222679966866,0.856325,0.709833,1.416212,1.665949,1.385616,2.505099,,1.846664,True,2
2,267,regular_holdout,26107,25361,26081,720,4,200,temporal,7,7,1567.45156965323,1.138412,0.911067,1.847834,1.441751,1.068617,2.191344,,1.921717,True,1
2,267,regular_holdout,26107,25361,26081,720,4,200,static,38,38,1567.45156965323,1.007374,0.834623,1.714974,1.397223,1.042807,2.108379,,1.921717,True,2
2,268,regular_holdout,22221,20577,22017,1440,2,200,static,32,32,-58.21075100434467,1.279425,1.042957,2.288331,1.634141,1.24283,2.373931,,2.748898,True,1
2,268,regular_holdout,22221,20577,22017,1440,2,200,temporal,5,5,-58.21075100434467,1.303672,0.993863,2.030892,1.49412,1.125182,2.291166,,2.748898,True,2
2,269,regular_holdout,19407,19220,19400,180,4,1000,temporal,2,2,-183.0432511569564,1.003027,0.823005,1.75218,1.873664,1.528893,2.675417,,1.954406,True,1
2,269,regular_holdout,19407,19220,19400,180,4,1000,static,11,11,-183.0432511569564,0.964889,0.808963,1.72594,1.511937,1.229039,2.262001,,1.954406,True,2
2,270,regular_holdout,22355,21951,22131,180,8,1000,static,21,21,-279.7292027588727,1.05791,0.872389,1.702364,1.392606,1.081926,2.257524,,2.835619,True,1
2,270,regular_holdout,22355,21951,22131,180,8,1000,temporal,5,5,-279.7292027588727,1.175338,1.010148,1.843488,1.308179,1.049918,2.024643,,2.835619,True,2
2,271,regular_holdout,23814,23170,23530,360,6,1000,temporal,5,5,-252.5409419480519,1.054034,0.871388,1.664688,2.025503,1.426598,3.026788,,2.135009,True,1
2,271,regular_holdout,23814,23170,23530,360,6,1000,static,29,29,-252.5409419480519,0.898248,0.711666,2.628325,1.513068,1.179073,2.41336,,2.135009,True,2
2,272,regular_holdout,19202,18868,18928,60,4,200,static,6,6,235.38350649727892,1.350553,1.155538,2.011763,1.967686,1.687502,2.7241,,1.830078,True,1
2,272,regular_holdout,19202,18868,18928,60,4,200,temporal,2,2,235.38350649727892,1.153505,0.974815,1.729315,1.787744,1.557836,2.529876,,1.830078,True,2
2,273,regular_holdout,21163,20953,21133,180,6,1000,temporal,9,9,-1034.5941901213505,1.459387,1.260356,2.166427,1.973184,1.618598,2.963352,,3.032457,True,1
2,273,regular_holdout,21163,20953,21133,180,6,1000,static,23,23,-1034.5941901213505,1.19671,1.009737,1.807945,1.583024,1.133965,2.412829,,3.032457,True,2
2,274,regular_holdout,24693,23770,24490,720,4,200,static,37,37,634.1702903080106,1.615814,1.400648,2.367019,1.753192,1.264793,2.726344,,0.588169,True,1
2,274,regular_holdout,24693,23770,24490,720,4,200,temporal,6,6,634.1702903080106,0.943897,0.741812,1.63251,1.50074,1.11076,2.537858,,0.588169,True,2
2,275,regular_holdout,25235,24751,24931,180,6,1000,temporal,4,4,-765.295981039399,1.63277,1.405957,2.339168,1.621632,1.279916,2.470085,,0.505384,True,1
2,275,regular_holdout,25235,24751,24931,180,6,1000,static,14,14,-765.295981039399,0.946712,0.759619,1.532087,1.414109,1.133244,2.061909,,0.505384,True,2
2,276,regular_holdout,23755,23469,23649,180,4,200,static,8,8,-603.4882376048888,1.064209,0.859661,1.919272,1.383733,1.104951,2.387351,,1.998813,True,1
2,276,regular_holdout,23755,23469,23649,180,4,200,temporal,3,3,-603.4882376048888,0.89891,0.726979,1.537175,4.885138,1.094125,5.690586,,1.998813,True,2
2,277,regular_holdout,22741,22213,22393,180,4,1000,temporal,2,2,-724.1481238976967,3.441334,3.128311,4.076686,7.606855,4.046881,8.371251,,2.166117,True,1
2,277,regular_holdout,22741,22213,22393,180,4,1000,static,9,9,-724.1481238976967,1.370683,1.135066,2.93306,1.782195,1.401179,2.894398,,2.166117,True,2
2,278,regular_holdout,28108,27754,27814,60,2,200,static,1,1,-104.14833748585578,1.419837,1.15739,2.12244,1.813913,1.524455,2.612651,,1.868215,True,1
2,278,regular_holdout,28108,27754,27814,60,2,200,temporal,1,1,-104.14833748585578,1.089988,0.869014,2.064041,1.562453,1.262059,2.533186,,1.868215,True,2
2,279,regular_holdout,17904,17557,17617,60,8,200,temporal,4,4,486.0778624747831,1.95694,1.654813,2.681575,2.119675,1.805541,3.0807,,2.589807,True,1
2,279,regular_holdout,17904,17557,17617,60,8,200,static,9,9,486.0778624747831,1.149929,0.965851,1.897024,1.624347,1.360998,2.699162,,2.589807,True,2
2,280,regular_holdout,17086,16754,16934,180,4,5000,static,10,10,-653.8210751865746,1.326146,1.096628,1.965253,2.40731,1.969569,3.23665,,2.078644,True,1
2,280,regular_holdout,17086,16754,16934,180,4,5000,temporal,2,2,-653.8210751865746,1.136529,0.927562,1.973785,1.414038,1.157971,2.440461,,2.078644,True,2
2,281,regular_holdout,22090,21581,21761,180,4,1000,temporal,2,2,589.1114210247915,1.026603,0.851038,1.82476,1.346447,1.070048,2.335101,,1.63974,True,1
2,281,regular_holdout,22090,21581,21761,180,4,1000,static,12,12,589.1114210247915,0.885639,0.729122,1.69891,1.50076,1.027514,2.454753,,1.63974,True,2
2,282,regular_holdout,17888,16423,17863,1440,8,200,static,145,145,526.3766001510044,1.036508,0.777326,1.994106,2.100046,1.121906,3.283345,,2.180769,True,1
2,282,regular_holdout,17888,16423,17863,1440,8,200,temporal,20,20,526.3766001510044,1.837109,1.503364,2.741306,9.398154,8.381046,10.465578,,2.180769,True,2
2,283,regular_holdout,22951,21510,22950,1440,4,1000,temporal,10,10,406.6581328069548,1.535653,1.23,2.445388,1.969639,1.430684,2.838253,,1.906533,True,1
2,283,regular_holdout,22951,21510,22950,1440,4,1000,static,73,73,406.6581328069548,1.140415,0.861003,1.919453,1.998853,1.398585,2.994258,,1.906533,True,2
2,284,regular_holdout,16499,16200,16380,180,2,5000,static,6,6,311.0192563472437,1.38813,1.19027,2.160197,1.585668,1.311463,2.718442,,1.886703,True,1
2,284,regular_holdout,16499,16200,16380,180,2,5000,temporal,1,1,311.0192563472437,1.065352,0.837096,1.882518,2.023721,1.608733,3.125337,,1.886703,True,2
2,285,regular_holdout,24838,23313,24753,1440,4,200,temporal,10,10,-215.6355553777729,1.361699,1.039192,2.398437,2.032193,1.37505,3.046187,,1.906744,True,1
2,285,regular_holdout,24838,23313,24753,1440,4,200,static,73,73,-215.6355553777729,1.44124,1.16363,2.393981,2.209773,1.603145,3.102102,,1.906744,True,2
2,286,regular_holdout,27170,25619,27059,1440,6,200,static,108,108,689.0171326232924,1.4937,1.133355,2.52517,2.098945,1.378695,3.060279,,1.44166,True,1
2,286,regular_holdout,27170,25619,27059,1440,6,200,temporal,15,15,689.0171326232924,1.398725,1.057169,2.399248,1.809137,1.244703,2.781236,,1.44166,True,2
2,287,regular_holdout,18934,18146,18866,720,6,1000,temporal,12,12,-1211.7991387669483,1.402171,1.174988,2.222161,2.311176,1.78492,3.18629,,1.684628,True,1
2,287,regular_holdout,18934,18146,18866,720,6,1000,static,61,61,-1211.7991387669483,1.087205,0.854262,1.822487,1.766712,1.244873,2.731601,,1.684628,True,2
2,288,regular_holdout,23602,21934,23374,1440,6,200,static,111,111,-251.33449649127147,2.025834,1.584446,3.076683,3.377929,2.219167,22.384846,,1.916188,True,1
2,288,regular_holdout,23602,21934,23374,1440,6,200,temporal,16,16,-251.33449649127147,1.89738,1.485927,2.986306,2.908909,1.98315,3.891566,,1.916188,True,2
2,289,regular_holdout,19849,19633,19693,60,8,1000,temporal,4,4,-481.31116870839867,1.967165,1.711759,2.784671,2.724862,2.31377,3.877324,,2.764761,True,1
2,289,regular_holdout,19849,19633,19693,60,8,1000,static,13,13,-481.31116870839867,1.734743,1.414409,2.592701,2.272296,1.853212,3.516438,,2.764761,True,2
2,290,regular_holdout,17699,16018,17458,1440,4,1000,static,74,74,231.58034259539272,1.382691,1.086423,2.164644,3.16033,2.469896,4.155095,,2.966436,True,1
2,290,regular_holdout,17699,16018,17458,1440,4,1000,temporal,10,10,231.58034259539272,1.118121,0.889465,2.132145,2.316644,1.649224,3.395746,,2.966436,True,2
2,291,regular_holdout,16412,16226,16286,60,8,200,temporal,4,4,403.6100306689989,1.786281,1.529473,2.590618,2.375854,2.024692,3.627867,,2.706934,True,1
2,291,regular_holdout,16412,16226,16286,60,8,200,static,8,8,403.6100306689989,1.515602,1.310301,2.346279,2.595024,2.165825,3.728098,,2.706934,True,2
2,292,regular_holdout,19272,19210,19270,60,8,5000,static,9,9,172.98392688362918,2.167347,1.853363,3.025125,1.846653,1.532858,2.82364,,2.793555,True,1
2,292,regular_holdout,19272,19210,19270,60,8,5000,temporal,4,4,172.98392688362918,1.231633,1.049207,2.150813,1.542643,1.256701,2.627394,,2.793555,True,2
2,293,regular_holdout,19378,19213,19273,60,4,200,temporal,2,2,111.48252872380056,1.942608,1.616545,2.84979,2.337566,1.939243,3.278598,,17.848966,True,1
2,293,regular_holdout,19378,19213,19273,60,4,200,static,4,4,111.48252872380056,1.826433,1.472047,2.656899,2.156782,1.854695,3.125797,,17.848966,True,2
2,294,regular_holdout,16236,15729,15909,180,2,200,static,5,5,-132.9202374124862,1.635753,1.371194,2.462143,2.489456,1.506178,3.619494,,1.364223,True,1
2,294,regular_holdout,16236,15729,15909,180,2,200,temporal,1,1,-132.9202374124862,1.146744,0.962606,2.172025,2.84305,1.867625,4.032448,,1.364223,True,2
2,295,regular_holdout,22860,22122,22842,720,4,1000,temporal,7,7,-1295.9634751570177,1.505627,1.246545,2.469615,2.090111,1.503354,3.109604,,2.140087,True,1
2,295,regular_holdout,22860,22122,22842,720,4,1000,static,39,39,-1295.9634751570177,1.063268,0.84628,1.902827,1.611147,1.11739,2.649558,,2.140087,True,2
2,296,regular_holdout,18061,17706,17766,60,2,5000,static,2,2,105.907045261393,1.279805,1.060774,2.091163,1.28265,1.065041,2.21496,,3.530941,True,1
2,296,regular_holdout,18061,17706,17766,60,2,5000,temporal,1,1,105.907045261393,0.920432,0.755193,1.694433,1.184361,0.983858,2.068168,,3.530941,True,2
2,297,regular_holdout,24045,23776,23836,60,6,200,temporal,4,4,-361.3700990923472,1.620631,1.316451,2.279117,1.681423,1.385386,2.401492,,1.438611,True,1
2,297,regular_holdout,24045,23776,23836,60,6,200,static,4,4,-361.3700990923472,0.907022,0.684335,1.473478,1.353498,1.09732,1.99012,,1.438611,True,2
2,298,regular_holdout,24941,23239,24679,1440,4,200,static,73,73,152.54057568817453,1.371745,1.10475,24.271649,2.63813,1.846793,3.549388,,1.695083,True,1
2,298,regular_holdout,24941,23239,24679,1440,4,200,temporal,10,10,152.54057568817453,1.092492,0.811247,2.052966,2.408643,1.787013,3.147301,,1.695083,True,2
2,299,regular_holdout,20345,18601,20041,1440,4,200,temporal,10,10,-144.45620998085693,1.13736,0.855464,1.752941,1.724399,1.232885,2.457377,,1.120735,True,1
2,299,regular_holdout,20345,18601,20041,1440,4,200,static,71,71,-144.45620998085693,1.241838,0.97831,1.960696,1.875386,1.332004,2.584158,,1.120735,True,2
2,300,regular_holdout,17961,17387,17747,360,4,200,static,24,24,1158.475455932604,1.043448,0.847943,1.628062,2.041919,1.405396,2.739042,,1.340287,True,1
2,300,regular_holdout,17961,17387,17747,360,4,200,temporal,6,6,1158.475455932604,1.11096,0.894153,1.7256,1.641543,1.180826,2.309333,,1.340287,True,2
2,301,regular_holdout,16380,16187,16367,180,6,200,temporal,3,3,960.997490434351,1.044199,0.856585,1.58626,1.79871,1.4277,2.530117,,0.602401,True,1
2,301,regular_holdout,16380,16187,16367,180,6,200,static,16,16,960.997490434351,0.999451,0.824938,1.560891,1.483193,1.184832,2.170553,,0.602401,True,2
2,302,regular_holdout,25759,24176,25616,1440,4,200,static,71,71,415.0475317109021,1.274578,0.98495,1.959434,2.744911,2.010811,3.628287,,0.509681,True,1
2,302,regular_holdout,25759,24176,25616,1440,4,200,temporal,10,10,415.0475317109021,1.112473,0.863206,1.83128,1.671038,1.149559,2.356574,,0.509681,True,2
2,303,regular_holdout,24148,23854,24034,180,4,1000,temporal,6,6,227.6716698452592,1.027093,0.822864,1.657007,1.433668,1.126914,2.165054,,1.524776,True,1
2,303,regular_holdout,24148,23854,24034,180,4,1000,static,15,15,227.6716698452592,1.358805,1.119513,1.947135,1.539929,1.190981,2.257354,,1.524776,True,2
2,304,regular_holdout,23784,23576,23756,180,2,1000,static,5,5,-316.02183073532547,0.988285,0.808733,1.608763,1.369281,1.113424,2.469675,,1.691157,True,1
2,304,regular_holdout,23784,23576,23756,180,2,1000,temporal,1,1,-316.02183073532547,1.397704,1.116619,2.034177,1.790328,1.256401,19.590429,,1.691157,True,2
2,305,regular_holdout,18310,18038,18218,180,4,5000,temporal,6,6,-467.4678115009247,1.612068,1.341769,2.240258,1.902147,1.584157,2.828007,,1.756076,True,1
2,305,regular_holdout,18310,18038,18218,180,4,5000,static,14,14,-467.4678115009247,1.457624,1.19648,2.116281,1.709045,1.404634,2.405729,,1.756076,True,2
2,306,regular_holdout,20391,19884,20064,180,2,200,static,5,5,-68.23170526293913,1.278644,1.086604,2.067497,1.686171,1.427489,2.584719,,2.092245,True,1
2,306,regular_holdout,20391,19884,20064,180,2,200,temporal,1,1,-68.23170526293913,1.331664,1.061215,2.032855,1.419948,1.167456,2.186076,,2.092245,True,2
2,307,regular_holdout,28387,28046,28106,60,4,1000,temporal,2,2,50.68633059209409,1.01186,0.815854,1.603475,1.815295,1.456884,2.544308,,1.833603,True,1
2,307,regular_holdout,28387,28046,28106,60,4,1000,static,5,5,50.68633059209409,1.012942,0.794913,1.644798,1.30235,1.115497,1.971141,,1.833603,True,2
2,308,regular_holdout,17095,16574,16754,180,4,1000,static,13,13,-209.46511351573417,1.297433,1.086704,1.906864,1.566109,1.268308,2.367501,,8.025177,True,1
2,308,regular_holdout,17095,16574,16754,180,4,1000,temporal,4,4,-209.46511351573417,1.161506,0.946943,2.132866,1.361159,1.067003,2.081177,,8.025177,True,2
2,309,regular_holdout,27597,26078,27518,1440,4,5000,temporal,12,12,-267.0472932822777,1.18345,0.9191,1.903829,1.839252,1.293106,2.567153,,1.414689,True,1
2,309,regular_holdout,27597,26078,27518,1440,4,5000,static,75,75,-267.0472932822777,1.116278,0.842684,1.714733,1.881926,1.072773,2.577288,,1.414689,True,2
2,310,regular_holdout,25186,24872,25052,180,2,1000,static,7,7,-381.0370969240604,1.258363,1.054175,1.843909,1.450994,1.162328,2.20145,,1.866623,True,1
2,310,regular_holdout,25186,24872,25052,180,2,1000,temporal,1,1,-381.0370969240604,1.100324,0.887042,1.673712,1.723066,1.365305,2.47948,,1.866623,True,2
2,311,regular_holdout,22457,22096,22276,180,4,5000,temporal,2,2,-633.0683933911885,1.478977,1.216691,2.474573,1.614242,1.264192,3.039738,,15.687266,True,1
2,311,regular_holdout,22457,22096,22276,180,4,5000,static,13,13,-633.0683933911885,1.533059,1.280286,2.588084,2.059645,1.676175,3.644923,,15.687266,True,2
2,312,regular_holdout,19224,19005,19065,60,6,1000,static,10,10,226.3894787637425,1.163019,0.940373,2.050241,1.742686,1.432627,2.831041,,2.410886,True,1
2,312,regular_holdout,19224,19005,19065,60,6,1000,temporal,3,3,226.3894787637425,1.067936,0.861814,1.9573,1.923459,1.577316,3.427154,,2.410886,True,2
2,313,regular_holdout,20390,19420,20140,720,4,1000,temporal,6,6,-1026.5485914130654,1.307627,1.077029,2.125234,2.374231,1.806492,3.3921,,1.391564,True,1
2,313,regular_holdout,20390,19420,20140,720,4,1000,static,38,38,-1026.5485914130654,1.007453,0.802874,1.793673,2.09554,1.529242,3.024274,,1.391564,True,2
2,314,regular_holdout,24359,22602,24042,1440,2,200,static,33,33,-3.946105800827581,1.194296,0.930557,2.194709,1.836788,1.361228,2.785052,,0.621139,True,1
2,314,regular_holdout,24359,22602,24042,1440,2,200,temporal,5,5,-3.946105800827581,1.353487,1.049557,2.210323,1.58023,1.231132,2.583607,,0.621139,True,2
2,315,regular_holdout,22958,22428,22608,180,6,5000,temporal,8,8,-520.2941099977952,1.067284,0.878679,1.879071,1.528632,1.188458,2.600633,,0.684496,True,1
2,315,regular_holdout,22958,22428,22608,180,6,5000,static,21,21,-520.2941099977952,3.161602,2.929861,3.945427,1.660782,1.354598,2.609587,,0.684496,True,2
2,316,regular_holdout,16544,16379,16439,60,4,1000,static,3,3,157.7766033340541,1.383903,1.13037,2.185515,1.723356,1.484556,2.421347,,1.579128,True,1
2,316,regular_holdout,16544,16379,16439,60,4,1000,temporal,2,2,157.7766033340541,2.00978,1.728344,3.036191,1.534871,1.326215,2.283914,,1.579128,True,2
2,317,regular_holdout,28661,28123,28483,360,6,200,temporal,9,9,1914.0178060264043,1.096619,0.798278,1.700853,3.322445,2.787015,4.237098,,0.514628,True,1
2,317,regular_holdout,28661,28123,28483,360,6,200,static,34,34,1914.0178060264043,2.396384,2.133456,3.011855,1.739401,1.392767,2.456986,,0.514628,True,2
2,318,regular_holdout,20607,20252,20312,60,6,200,static,13,13,344.73107145730086,1.801975,1.591517,2.635416,1.426477,1.17677,2.548354,,1.546989,True,1
2,318,regular_holdout,20607,20252,20312,60,6,200,temporal,8,8,344.73107145730086,1.772961,1.504946,2.491408,1.776357,1.313386,2.490998,,1.546989,True,2
2,319,regular_holdout,22636,22283,22463,180,6,5000,temporal,4,4,-823.1969612447365,1.033654,0.837637,1.723066,1.932243,1.492547,2.779874,,2.699753,True,1
2,319,regular_holdout,22636,22283,22463,180,6,5000,static,15,15,-823.1969612447365,1.358936,1.126855,2.003049,2.351086,1.750397,3.086978,,2.699753,True,2
2,320,regular_holdout,20955,20705,20885,180,6,200,static,17,17,-762.6962195308547,1.198763,1.032822,1.819572,1.595944,1.299305,2.648196,,1.493749,True,1
2,320,regular_holdout,20955,20705,20885,180,6,200,temporal,4,4,-762.6962195308547,1.298805,1.07727,1.961317,1.613921,1.297483,2.632121,,1.493749,True,2
2,321,regular_holdout,19202,19018,19198,180,2,200,temporal,1,1,309.0420831786768,1.349421,1.087244,2.042799,1.956729,1.61385,2.906646,,1.881706,True,1
2,321,regular_holdout,19202,19018,19198,180,2,200,static,4,4,309.0420831786768,0.884528,0.717986,1.464875,2.283003,1.911701,2.944864,,1.881706,True,2
2,322,regular_holdout,26760,26695,26755,60,2,1000,static,3,3,7.735679968041314,1.432457,1.185933,1.996499,1.725359,1.46782,2.396664,,0.894553,True,1
2,322,regular_holdout,26760,26695,26755,60,2,1000,temporal,2,2,7.735679968041314,0.905279,0.742894,1.437294,1.377493,1.160736,2.073967,,0.894553,True,2
2,323,regular_holdout,20276,19806,20166,360,2,1000,temporal,1,1,16.319714656572287,1.589173,1.277282,2.253298,1.737949,1.439046,2.76353,,6.759764,True,1
2,323,regular_holdout,20276,19806,20166,360,2,1000,static,8,8,16.319714656572287,1.210311,0.961054,1.867375,1.636375,1.314959,2.374021,,6.759764,True,2
2,324,regular_holdout,19238,19171,19231,60,2,200,static,3,3,69.3433327083831,1.523173,1.311373,2.161219,1.961276,1.658318,2.70453,,4.804356,True,1
2,324,regular_holdout,19238,19171,19231,60,2,200,temporal,1,1,69.3433327083831,1.080695,0.840281,1.675184,1.318163,1.117189,2.080957,,4.804356,True,2
2,325,regular_holdout,21020,20602,20782,180,2,5000,temporal,1,1,49.67827295840449,1.624026,1.361029,2.200348,1.493098,1.202799,2.286638,,1.89093,True,1
2,325,regular_holdout,21020,20602,20782,180,2,5000,static,5,5,49.67827295840449,1.205052,1.013853,1.822015,1.376893,1.120675,2.015979,,1.89093,True,2
2,326,regular_holdout,23345,22569,23289,720,6,1000,static,54,54,2366.6110350637805,1.273536,1.019011,1.878361,1.831029,1.320507,2.555024,,1.354599,True,1
2,326,regular_holdout,23345,22569,23289,720,6,1000,temporal,11,11,2366.6110350637805,0.992491,0.831247,1.606449,1.768304,1.279034,2.475674,,1.354599,True,2
2,327,regular_holdout,27438,26433,27153,720,8,200,temporal,13,13,2027.7718233395124,1.100153,0.918219,1.857669,4.025288,1.547701,4.791847,,1.543374,True,1
2,327,regular_holdout,27438,26433,27153,720,8,200,static,74,74,2027.7718233395124,21.746249,0.931248,23.087428,2.127528,1.567862,3.095461,,1.543374,True,2
2,328,regular_holdout,25647,25378,25438,60,4,200,static,4,4,66.89844147311317,2.046855,1.634482,2.686663,1.708253,1.431255,2.401872,,1.960085,True,1
2,328,regular_holdout,25647,25378,25438,60,4,200,temporal,2,2,66.89844147311317,2.328982,1.761605,2.952846,1.579949,1.354398,2.250163,,1.960085,True,2
2,329,regular_holdout,22922,22035,22755,720,4,200,temporal,6,6,-1110.7453838761407,2.731341,1.029387,3.321023,3.270266,1.898852,4.309708,,2.306849,True,1
2,329,regular_holdout,22922,22035,22755,720,4,200,static,38,38,-1110.7453838761407,1.377053,1.082507,2.007066,1.802526,1.398205,2.494552,,2.306849,True,2
2,330,regular_holdout,17484,15850,17290,1440,6,1000,static,114,114,-172.00762600292836,2.107217,1.721994,2.764632,2.40018,1.597436,3.175583,,2.303043,True,1
2,330,regular_holdout,17484,15850,17290,1440,6,1000,temporal,15,15,-172.00762600292836,1.300527,1.041856,2.038423,5.021084,1.740763,5.751198,,2.303043,True,2
2,331,regular_holdout,18970,17513,18953,1440,4,1000,temporal,11,11,431.3758263656808,1.332365,1.0512,2.211134,2.74393,1.942557,3.501476,,6.945895,True,1
2,331,regular_holdout,18970,17513,18953,1440,4,1000,static,73,73,431.3758263656808,1.165703,0.916977,1.770818,1.860805,1.347699,2.720215,,6.945895,True,2
2,332,regular_holdout,26695,26376,26556,180,4,5000,static,11,11,-657.6634764112234,1.038912,0.841713,1.676816,2.391477,2.007816,21.826131,,1.810178,True,1
2,332,regular_holdout,26695,26376,26556,180,4,5000,temporal,2,2,-657.6634764112234,1.842146,1.550856,2.613483,1.63301,1.277723,2.614655,,1.810178,True,2
2,333,regular_holdout,19785,19389,19749,360,6,200,temporal,9,9,-1598.850893286893,2.13579,1.7453,2.782889,1.867534,1.440679,2.595235,,2.755157,True,1
2,333,regular_holdout,19785,19389,19749,360,6,200,static,31,31,-1598.850893286893,1.697958,1.482372,2.292888,1.732179,1.335711,2.528885,,2.755157,True,2
2,334,regular_holdout,16275,16080,16140,60,4,200,static,3,3,121.54596539521503,1.812531,1.499027,2.450496,2.200808,1.885562,2.993797,,1.994147,True,1
2,334,regular_holdout,16275,16080,16140,60,4,200,temporal,2,2,121.54596539521503,1.262159,1.059993,1.892072,1.421069,1.162909,2.069099,,1.994147,True,2
2,335,regular_holdout,18777,17817,18537,720,4,5000,temporal,6,6,-1102.811373814009,1.094906,0.900963,1.722485,2.14253,1.479397,2.866175,,2.727285,True,1
2,335,regular_holdout,18777,17817,18537,720,4,5000,static,36,36,-1102.811373814009,0.964999,0.705597,1.614922,1.760243,1.112573,2.4464,,2.727285,True,2
2,336,regular_holdout,24126,23714,23894,180,2,5000,static,3,3,-196.84195529229743,2.371857,2.15537,3.025606,2.209421,1.882527,2.956021,,4.348557,True,1
2,336,regular_holdout,24126,23714,23894,180,2,5000,temporal,1,1,-196.84195529229743,1.099052,0.924398,1.701403,1.695725,1.418946,2.392098,,4.348557,True,2
2,337,regular_holdout,22925,22662,22842,180,6,1000,temporal,3,3,661.8718520639867,1.102237,0.935676,1.719281,1.402902,1.11771,2.094287,,1.760282,True,1
2,337,regular_holdout,22925,22662,22842,180,6,1000,static,15,15,661.8718520639867,0.960152,0.817988,1.516263,1.268368,1.032291,1.96337,,1.760282,True,2
2,338,regular_holdout,27806,27601,27661,60,4,200,static,6,6,-234.11131577144843,0.835894,0.678496,21.479436,1.85777,1.562843,2.688806,,1.527781,True,1
2,338,regular_holdout,27806,27601,27661,60,4,200,temporal,2,2,-234.11131577144843,0.783616,0.625816,1.445997,1.208768,1.015095,1.935748,,1.527781,True,2
2,339,regular_holdout,20014,18430,19870,1440,8,200,temporal,22,22,-357.1919224814201,1.016127,0.757896,1.627481,4.942746,1.243661,5.690035,,9.186194,True,1
2,339,regular_holdout,20014,18430,19870,1440,8,200,static,145,145,-357.1919224814201,1.864871,1.465236,2.500783,4.690474,1.333907,5.747944,,9.186194,True,2
2,340,regular_holdout,19193,18661,18841,180,2,5000,static,6,6,224.89262327878276,1.317192,1.129759,2.058002,1.346066,1.100745,2.217614,,3.043513,True,1
2,340,regular_holdout,19193,18661,18841,180,2,5000,temporal,1,1,224.89262327878276,1.082477,0.915816,1.664687,1.205603,0.973042,1.994256,,3.043513,True,2
2,341,regular_holdout,23913,22452,23892,1440,4,1000,temporal,12,12,-136.2720837968293,1.528211,1.171081,2.166006,1.710697,1.167095,2.457286,,1.546529,True,1
2,341,regular_holdout,23913,22452,23892,1440,4,1000,static,72,72,-136.2720837968293,0.944358,0.712217,1.579049,2.004802,1.465286,2.711081,,1.546529,True,2
2,342,regular_holdout,21352,20956,21136,180,2,1000,static,6,6,-364.5046432028928,1.067685,0.916566,1.628824,1.153935,0.903677,1.842226,,0.539446,True,1
2,342,regular_holdout,21352,20956,21136,180,2,1000,temporal,2,2,-364.5046432028928,8.818968,0.722843,9.425826,1.83787,1.485858,2.8035,,0.539446,True,2
2,343,regular_holdout,28406,27950,28130,180,4,5000,temporal,2,2,56.56309232370458,1.863408,1.551316,2.747565,1.71248,1.370552,2.6975,,1.26281,True,1
2,343,regular_holdout,28406,27950,28130,180,4,5000,static,9,9,56.56309232370458,1.222469,0.959742,1.922998,1.907365,1.538947,2.722728,,1.26281,True,2
2,344,regular_holdout,21073,20656,21016,360,4,1000,static,22,22,-1013.6746810702756,1.207947,0.986862,1.807694,2.329053,1.833823,3.339371,,0.567238,True,1
2,344,regular_holdout,21073,20656,21016,360,4,1000,temporal,5,5,-1013.6746810702756,1.234517,0.987934,1.892703,2.189722,1.736526,2.980728,,0.567238,True,2
2,345,regular_holdout,18918,17179,18619,1440,2,200,temporal,5,5,-16.420450632837046,1.387549,1.058271,2.015198,2.870151,1.517025,3.727848,,1.457524,True,1
2,345,regular_holdout,18918,17179,18619,1440,2,200,static,39,39,-16.420450632837046,1.242479,0.93917,2.029129,2.044613,1.512617,2.853606,,1.457524,True,2
2,346,regular_holdout,16527,16156,16336,180,2,200,static,7,7,331.2683632214284,1.293977,1.054956,1.973124,1.75894,1.439537,2.442464,,2.411057,True,1
2,346,regular_holdout,16527,16156,16336,180,2,200,temporal,1,1,331.2683632214284,0.918569,0.761301,1.552167,1.807213,1.517926,2.449234,,2.411057,True,2
2,347,regular_holdout,18255,17610,17970,360,4,1000,temporal,2,2,757.0377907945435,0.955355,0.784917,1.595853,1.782996,1.405135,2.434442,,1.701484,True,1
2,347,regular_holdout,18255,17610,17970,360,4,1000,static,18,18,757.0377907945435,1.185993,0.966021,1.796807,1.630456,1.361029,2.590649,,1.701484,True,2
2,348,regular_holdout,27647,26828,27548,720,6,1000,static,61,61,1451.0997710959605,1.103889,0.850005,1.759832,1.612198,1.151972,2.26088,,2.097762,True,1
2,348,regular_holdout,27647,26828,27548,720,6,1000,temporal,10,10,1451.0997710959605,0.941794,0.751356,1.635714,1.748194,1.094365,2.455964,,2.097762,True,2
2,349,regular_holdout,19427,19014,19074,60,6,5000,temporal,4,4,289.2641781984157,1.47455,1.262018,2.173076,1.499879,1.214707,2.435234,,2.982741,True,1
2,349,regular_holdout,19427,19014,19074,60,6,5000,static,9,9,289.2641781984157,1.122748,0.976877,1.761264,1.45398,1.222959,2.220939,,2.982741,True,2
2,350,regular_holdout,22361,22255,22315,60,6,5000,static,7,7,-408.9610391971836,1.092002,0.908414,1.728234,1.910399,1.520199,2.663849,,1.703276,True,1
2,350,regular_holdout,22361,22255,22315,60,6,5000,temporal,3,3,-408.9610391971836,0.869716,0.726379,1.498206,1.485717,1.285274,2.258857,,1.703276,True,2
2,351,regular_holdout,27821,27476,27536,60,6,1000,temporal,9,9,-207.14541143895448,0.910146,0.721571,1.478015,1.254167,1.014364,2.151664,,1.838441,True,1
2,351,regular_holdout,27821,27476,27536,60,6,1000,static,16,16,-207.14541143895448,0.841162,0.682092,1.480539,1.238243,1.002987,1.889988,,1.838441,True,2
2,352,regular_holdout,16533,15861,16221,360,4,1000,static,21,21,164.03333173933729,0.856896,0.689012,1.522553,1.326877,1.005311,2.08896,,1.782256,True,1
2,352,regular_holdout,16533,15861,16221,360,4,1000,temporal,6,6,164.03333173933729,0.917968,0.76699,1.462222,1.310222,1.033113,2.026434,,1.782256,True,2
2,353,regular_holdout,16540,16207,16387,180,4,200,temporal,2,2,604.4073302700198,0.840211,0.689402,1.568052,1.381219,1.153094,2.12199,,1.11751,True,1
2,353,regular_holdout,16540,16207,16387,180,4,200,static,11,11,604.4073302700198,0.773369,0.604153,1.431314,1.299475,1.020363,2.153376,,1.11751,True,2
2,354,regular_holdout,22729,22443,22623,180,8,200,static,29,29,-564.5013476600003,0.929767,0.732978,1.503594,1.445967,1.140865,2.223483,,0.573166,True,1
2,354,regular_holdout,22729,22443,22623,180,8,200,temporal,11,11,-564.5013476600003,0.834362,0.680799,1.443984,1.279876,0.987424,1.987736,,0.573166,True,2
2,355,regular_holdout,21534,20042,21482,1440,6,200,temporal,16,16,139.97215150390136,0.955875,0.71413,1.675233,5.132763,0.96509,27.035039,,0.613728,True,1
2,355,regular_holdout,21534,20042,21482,1440,6,200,static,115,115,139.97215150390136,1.374859,1.068085,2.417546,20.544112,19.467113,21.360876,,0.613728,True,2
2,356,regular_holdout,24165,23714,24074,360,4,200,static,22,22,-22.22273491848426,1.34938,1.134586,2.087688,1.647332,1.140975,2.367951,,1.472507,True,1
2,356,regular_holdout,24165,23714,24074,360,4,200,temporal,6,6,-22.22273491848426,0.857567,0.689473,1.402181,1.455931,1.144621,2.17542,,1.472507,True,2
2,357,regular_holdout,21456,19742,21182,1440,8,200,temporal,21,21,-558.8607278416093,0.947503,0.739439,2.267019,4.518594,1.084711,5.217632,,1.218523,True,1
2,357,regular_holdout,21456,19742,21182,1440,8,200,static,146,146,-558.8607278416093,1.48822,1.19652,2.313008,2.065874,1.242899,2.847086,,1.218523,True,2
2,358,regular_holdout,23226,22410,23130,720,6,1000,static,53,53,1311.6555874796795,1.432777,1.171692,2.328802,1.60694,1.118802,2.512901,,1.490584,True,1
2,358,regular_holdout,23226,22410,23130,720,6,1000,temporal,9,9,1311.6555874796795,0.927202,0.755303,1.626701,1.570786,1.07823,2.344135,,1.490584,True,2
2,359,regular_holdout,16974,16865,16925,60,4,200,temporal,2,2,-236.73182484463476,0.83971,0.670844,1.485737,1.687582,1.41477,2.43308,,1.327197,True,1
2,359,regular_holdout,16974,16865,16925,60,4,200,static,7,7,-236.73182484463476,1.056858,0.893522,1.709185,1.214957,1.004479,1.881335,,1.327197,True,2
2,360,maintenance_burst,32957,32014,32734,720,4,10000,static,39,39,1689.0762392403524,1.605338,1.286576,2.538369,2.151544,1.590215,2.94236,,20.413213,True,1
2,360,maintenance_burst,32957,32014,32734,720,4,10000,temporal,7,7,1689.0762392403524,1.133815,0.851558,1.749255,1.458506,1.072022,2.385858,,20.413213,True,2
2,361,maintenance_burst,32167,31742,31922,180,4,5000,temporal,10,10,-483.4198065680623,1.354689,1.086864,2.04946,1.871841,1.479898,2.937323,,2.226147,True,1
2,361,maintenance_burst,32167,31742,31922,180,4,5000,static,46,46,-483.4198065680623,1.845191,1.49422,2.475423,1.945713,1.584086,2.655125,,2.226147,True,2
2,362,maintenance_burst,34469,33481,34201,720,4,10000,static,35,35,1430.340421458798,1.450964,1.106995,2.081729,2.092434,1.563925,2.83658,,0.950046,True,1
2,362,maintenance_burst,34469,33481,34201,720,4,10000,temporal,6,6,1430.340421458798,1.187606,0.963787,1.944781,1.836878,1.364273,2.898875,,0.950046,True,2
2,363,maintenance_burst,35317,34873,35053,180,4,1000,temporal,2,2,736.9169585474874,1.865382,1.559168,2.555796,1.810168,1.387709,2.51246,,4.587969,True,1
2,363,maintenance_burst,35317,34873,35053,180,4,1000,static,10,10,736.9169585474874,1.392326,1.147105,2.007406,2.206607,1.779461,3.138677,,4.587969,True,2
2,364,maintenance_burst,31201,30782,30962,180,4,10000,static,12,12,467.7679934762834,1.664097,1.386927,24.849503,2.312858,1.723597,3.388936,,4.172651,True,1
2,364,maintenance_burst,31201,30782,30962,180,4,10000,temporal,2,2,467.7679934762834,1.219515,0.961034,1.865862,2.159206,1.743837,2.972946,,4.172651,True,2
2,365,maintenance_burst,33062,31606,33046,1440,4,5000,temporal,15,15,-370.65829520772337,1.735355,1.366867,2.558209,2.660233,1.632269,3.43858,,5.484625,True,1
2,365,maintenance_burst,33062,31606,33046,1440,4,5000,static,105,105,-370.65829520772337,1.245915,0.889085,1.876058,5.152573,1.883269,6.746653,,5.484625,True,2
2,366,maintenance_burst,30580,30026,30386,360,2,5000,static,13,13,-393.2209038279113,1.584637,1.231643,2.265487,2.320409,1.885521,3.029161,,4.085419,True,1
2,366,maintenance_burst,30580,30026,30386,360,2,5000,temporal,3,3,-393.2209038279117,1.226005,1.012281,1.851239,1.827384,1.350953,2.745303,,4.085419,True,2
2,367,maintenance_burst,32567,31082,32522,1440,4,5000,temporal,12,12,370.7013566677141,1.332996,0.990869,2.165025,2.038433,1.451305,2.751712,,1.614112,True,1
2,367,maintenance_burst,32567,31082,32522,1440,4,5000,static,102,102,370.7013566677141,1.047584,0.770044,1.631989,1.892963,1.240757,2.539151,,1.614112,True,2
2,368,maintenance_burst,32246,31764,32124,360,6,10000,static,78,78,-133.5153126800367,2.010981,1.597867,2.666833,2.326649,1.713832,3.15422,,3.948622,True,1
2,368,maintenance_burst,32246,31764,32124,360,6,10000,temporal,14,14,-133.5153126800367,1.505667,1.226165,2.159246,11.275172,1.433137,12.190677,,3.948622,True,2
2,369,maintenance_burst,33142,32120,32840,720,4,10000,temporal,6,6,711.2650577270223,1.367859,1.07768,1.98371,1.730777,1.281879,2.577408,,0.645216,True,1
2,369,maintenance_burst,33142,32120,32840,720,4,10000,static,37,37,711.2650577270223,1.086543,0.76727,1.663375,1.555472,1.109918,2.395372,,0.645216,True,2
2,370,maintenance_burst,31749,29997,31437,1440,4,1000,static,73,73,-46.81101615141051,1.352896,1.030649,2.112155,5.529593,1.379426,6.375352,,3.407654,True,1
2,370,maintenance_burst,31749,29997,31437,1440,4,1000,temporal,10,10,-46.81101615141051,1.401099,1.109388,2.08935,1.940946,1.420769,2.637499,,3.407654,True,2
2,371,maintenance_burst,31786,30061,31501,1440,4,5000,temporal,10,10,-307.50604641611443,1.377713,1.067325,2.194198,6.019424,1.266085,6.800355,,4.494988,True,1
2,371,maintenance_burst,31786,30061,31501,1440,4,5000,static,73,73,-307.50604641611443,2.321952,1.810619,2.992616,2.033366,1.387919,3.00168,,4.494988,True,2
2,372,maintenance_burst,32461,31949,32129,180,2,5000,static,6,6,-31.59766244735504,1.358565,1.099823,1.971092,1.55389,1.271543,2.236904,,4.559415,True,1
2,372,maintenance_burst,32461,31949,32129,180,2,5000,temporal,1,1,-31.59766244735504,1.107875,0.882615,1.646511,2.329223,1.892292,3.095772,,4.559415,True,2
2,373,maintenance_burst,34024,33313,33673,360,2,10000,temporal,2,2,189.659256362928,2.180368,1.778791,2.935249,2.169491,1.69265,3.233681,,2.440291,True,1
2,373,maintenance_burst,34024,33313,33673,360,2,10000,static,10,10,189.659256362928,1.485887,1.124611,2.192316,2.013645,1.58019,3.012006,,2.440291,True,2
2,374,maintenance_burst,33675,33208,33388,180,6,1000,static,20,20,283.044812379643,1.40168,1.13079,2.084563,3.168101,2.596948,4.090005,,2.520673,True,1
2,374,maintenance_burst,33675,33208,33388,180,6,1000,temporal,10,10,283.044812379643,1.293426,1.000042,1.887745,1.683797,1.244002,2.436425,,2.520673,True,2
2,375,maintenance_burst,33464,31773,33213,1440,2,5000,temporal,10,10,-173.66491765520584,2.259477,1.718018,2.983903,2.431938,1.736717,3.319851,,3.300352,True,1
2,375,maintenance_burst,33464,31773,33213,1440,2,5000,static,57,57,-173.66491765520584,1.311423,0.964419,2.304165,8.610663,1.442772,9.411775,,3.300352,True,2
2,376,maintenance_burst,32872,31084,32524,1440,4,1000,static,101,101,367.8098632243574,2.336123,1.792821,3.208883,2.899696,1.936128,3.705344,,4.004457,True,1
2,376,maintenance_burst,32872,31084,32524,1440,4,1000,temporal,12,12,367.8098632243574,1.552778,1.145793,2.200087,2.451918,1.840624,3.170625,,4.004457,True,2
2,377,maintenance_burst,35153,34798,34978,180,2,5000,temporal,1,1,183.11216168017356,1.500489,1.211372,2.253598,3.101401,2.522956,4.143487,,23.815048,True,1
2,377,maintenance_burst,35153,34798,34978,180,2,5000,static,6,6,183.11216168017356,1.285124,1.030809,1.931672,1.568582,1.219104,2.438799,,23.815048,True,2
2,378,maintenance_burst,33613,33044,33404,360,2,5000,static,12,12,-241.90653102193303,1.188768,0.97174,1.773102,2.878042,2.265196,3.849331,,1.041345,True,1
2,378,maintenance_burst,33613,33044,33404,360,2,5000,temporal,3,3,-241.90653102193303,1.512227,1.245504,2.117974,2.188821,1.670747,3.042943,,1.041345,True,2
2,379,maintenance_burst,34255,33849,34029,180,2,10000,temporal,3,3,176.1399244106881,1.408891,1.167196,2.150452,1.437404,1.156719,2.448954,,7.110545,True,1
2,379,maintenance_burst,34255,33849,34029,180,2,10000,static,7,7,176.1399244106881,2.282842,1.909448,2.989782,1.950971,1.556494,2.693885,,7.110545,True,2
2,380,maintenance_burst,30361,29321,30041,720,2,10000,static,21,21,714.69494658319,1.191572,0.956317,1.852681,1.718959,1.36245,2.383755,,4.557203,True,1
2,380,maintenance_burst,30361,29321,30041,720,2,10000,temporal,3,3,714.69494658319,1.124411,0.926131,1.820073,1.476633,1.166614,2.301971,,4.557203,True,2
2,381,maintenance_burst,34978,33447,34887,1440,6,5000,temporal,16,16,217.81690726594476,1.868395,1.38861,3.301403,8.277759,2.488874,9.345795,,27.344357,True,1
2,381,maintenance_burst,34978,33447,34887,1440,6,5000,static,115,115,217.81690726594476,1.886924,1.023288,3.506924,2.640092,1.733642,3.741859,,27.344357,True,2
2,382,maintenance_burst,30500,30075,30435,360,2,1000,static,11,11,-539.0305077770051,1.156539,0.926351,1.868846,1.676285,1.318454,2.711831,,3.842311,True,1
2,382,maintenance_burst,30500,30075,30435,360,2,1000,temporal,3,3,-539.0305077770051,1.265094,1.046012,1.874124,1.530214,1.249039,2.280128,,3.842311,True,2
2,383,maintenance_burst,33334,32943,33303,360,2,1000,temporal,3,3,-568.5175023538451,1.151332,0.940783,1.708904,1.726951,1.374119,2.63152,,2.522485,True,1
2,383,maintenance_burst,33334,32943,33303,360,2,1000,static,13,13,-568.5175023538451,0.880352,0.66159,1.542773,2.600914,1.927205,3.314613,,2.522485,True,2
2,384,maintenance_burst,30619,30189,30369,180,8,5000,static,16,16,-1312.5380532630525,1.094435,0.897177,1.70633,1.97719,1.60686,2.860026,,3.541196,True,1
2,384,maintenance_burst,30619,30189,30369,180,8,5000,temporal,4,4,-1312.5380532630525,0.934514,0.735472,1.614472,1.538787,1.25638,2.345487,,3.541196,True,2
2,385,maintenance_burst,33508,32989,33349,360,4,10000,temporal,6,6,-1052.6264873913049,1.153365,0.835464,1.846723,2.932775,1.983971,23.204475,,4.45015,True,1
2,385,maintenance_burst,33508,32989,33349,360,4,10000,static,23,23,-1052.6264873913049,2.464838,2.091844,3.302355,2.418969,1.895356,3.250306,,4.45015,True,2
2,386,maintenance_burst,30392,29698,30058,360,2,10000,static,7,7,428.8788534823428,1.212513,0.933552,1.879803,1.897519,1.498777,2.919235,,2.190443,True,1
2,386,maintenance_burst,30392,29698,30058,360,2,10000,temporal,1,1,428.8788534823428,0.967063,0.775112,1.54011,1.903599,1.347328,2.714065,,2.190443,True,2
2,387,maintenance_burst,35037,34796,34856,60,2,1000,temporal,1,1,95.91188555687758,1.424104,1.197932,2.088829,1.349441,1.12406,2.099025,,2.29452,True,1
2,387,maintenance_burst,35037,34796,34856,60,2,1000,static,3,3,95.91188555687758,1.860805,1.690447,2.541364,8.943216,1.509874,9.643134,,2.29452,True,2
2,388,maintenance_burst,34308,34078,34138,60,4,5000,static,3,3,-36.03989312541981,1.535132,1.260206,2.219717,1.56659,1.266045,2.328251,,9.718649,True,1
2,388,maintenance_burst,34308,34078,34138,60,4,5000,temporal,2,2,-36.03989312541981,0.996437,0.805068,1.63296,4.090497,1.076508,4.815073,,9.718649,True,2
2,389,maintenance_burst,32411,32125,32185,60,4,5000,temporal,2,2,60.59573435526834,2.309032,1.902838,3.152288,1.601993,1.331815,2.288341,,23.75001,True,1
2,389,maintenance_burst,32411,32125,32185,60,4,5000,static,5,5,60.59573435526834,1.038521,0.743635,2.027006,1.869026,1.545738,2.632471,,23.75001,True,2
2,390,maintenance_burst,34194,34003,34183,180,2,5000,static,4,4,-42.00269011851636,1.574221,1.251102,2.38026,1.624637,1.303321,2.30072,,15.821159,True,1
2,390,maintenance_burst,34194,34003,34183,180,2,5000,temporal,1,1,-42.00269011851636,1.03137,0.807451,1.621372,1.459828,1.180866,2.451608,,15.821159,True,2
2,391,maintenance_burst,33430,32696,33416,720,4,5000,temporal,6,6,-1707.1641794786356,1.121346,0.869475,1.695695,1.853744,1.259395,2.565801,,1.46783,True,1
2,391,maintenance_burst,33430,32696,33416,720,4,5000,static,36,36,-1707.1641794786356,1.153084,0.868874,1.737819,1.604948,1.214637,2.283193,,1.46783,True,2
2,392,maintenance_burst,31181,29523,30963,1440,4,5000,static,75,75,404.8650746665824,1.463864,1.145954,2.197243,1.842727,1.292735,2.574444,,3.990155,True,1
2,392,maintenance_burst,31181,29523,30963,1440,4,5000,temporal,12,12,404.86507466658526,1.923109,1.492807,2.648735,2.329373,1.525438,3.058096,,3.990155,True,2
2,393,maintenance_burst,30350,29332,30052,720,2,5000,temporal,4,4,752.1485472730814,1.383472,1.141997,1.971291,1.962888,1.516093,20.110104,,0.900362,True,1
2,393,maintenance_burst,30350,29332,30052,720,2,5000,static,18,18,752.1485472730814,1.845912,1.473538,2.745563,2.117272,1.617026,3.111085,,0.900362,True,2
2,394,maintenance_burst,33594,33344,33404,60,4,5000,static,3,3,-1.3953503119352852,1.682775,1.335469,2.299428,2.127057,1.761554,2.833155,,0.639447,True,1
2,394,maintenance_burst,33594,33344,33404,60,4,5000,temporal,2,2,-1.3953503119352852,1.125633,0.816565,1.738339,1.446688,1.195068,2.161218,,0.639447,True,2
2,395,maintenance_burst,32319,32073,32133,60,4,5000,temporal,2,2,95.3528584341154,1.512587,1.247637,2.149231,1.582863,1.273195,2.279347,,3.517179,True,1
2,395,maintenance_burst,32319,32073,32133,60,4,5000,static,5,5,95.3528584341154,0.977929,0.785128,1.549453,1.431055,1.153735,2.081659,,3.517179,True,2
2,396,maintenance_burst,31179,30651,30831,180,4,5000,static,8,8,288.7035754610266,1.053663,0.828853,1.633841,1.87807,1.469503,2.86327,,3.364668,True,1
2,396,maintenance_burst,31179,30651,30831,180,4,5000,temporal,2,2,288.7035754610266,1.032141,0.779238,1.632288,1.491376,1.191553,2.179106,,3.364668,True,2
2,397,maintenance_burst,34177,34029,34089,60,2,1000,temporal,1,1,-6.239131612241518,1.138322,0.88641,1.999233,1.281608,1.010989,1.998041,,7.414785,True,1
2,397,maintenance_burst,34177,34029,34089,60,2,1000,static,3,3,-6.239131612241518,0.821363,0.593558,1.399557,1.766802,1.455311,2.473612,,7.414785,True,2
2,398,maintenance_burst,32383,30910,32350,1440,6,10000,static,160,160,592.2404857440446,1.327017,0.995896,1.968247,2.361001,1.393998,3.042652,,3.329035,True,1
2,398,maintenance_burst,32383,30910,32350,1440,6,10000,temporal,24,24,592.2404857440429,1.218072,0.766419,1.920544,1.875646,1.110038,2.567403,,3.329035,True,2
2,399,maintenance_burst,35034,34484,34844,360,4,10000,temporal,6,6,228.13951385404465,1.609935,1.283321,2.583718,1.420929,1.087846,2.561033,,12.216597,True,1
2,399,maintenance_burst,35034,34484,34844,360,4,10000,static,20,20,228.13951385404465,1.061205,0.854693,1.739341,2.262462,1.757999,3.116613,,12.216597,True,2
2,400,maintenance_burst,30294,28687,30127,1440,4,1000,static,107,107,-193.57598688101112,1.469392,0.881112,2.058052,2.1485,1.157852,2.842319,,0.549701,True,1
2,400,maintenance_burst,30294,28687,30127,1440,4,1000,temporal,14,14,-193.57598688101112,1.227276,0.719108,1.964241,1.720743,1.154566,2.391076,,0.549701,True,2
2,401,maintenance_burst,31639,29885,31325,1440,4,1000,temporal,10,10,35.33900773938484,1.634141,1.264132,2.385207,1.848115,1.210621,2.661836,,3.285179,True,1
2,401,maintenance_burst,31639,29885,31325,1440,4,1000,static,71,71,35.33900773938484,1.088547,0.763845,1.77192,2.007496,1.116429,2.675477,,3.285179,True,2
2,402,maintenance_burst,32906,32518,32698,180,4,1000,static,15,15,78.5843970664495,1.664437,1.340267,2.398317,1.548572,1.202979,2.507693,,14.881497,True,1
2,402,maintenance_burst,32906,32518,32698,180,4,1000,temporal,6,6,78.5843970664495,1.066903,0.863816,1.651658,1.657336,1.234446,2.383545,,14.881497,True,2
2,403,maintenance_burst,31824,31396,31756,360,4,5000,temporal,3,3,-915.1473211958294,1.099373,0.869686,1.661803,1.619709,1.218222,2.319658,,0.50856,True,1
2,403,maintenance_burst,31824,31396,31756,360,4,5000,static,18,18,-915.1473211958294,0.934874,0.745879,1.497445,1.446407,1.095167,2.243994,,0.50856,True,2
2,404,maintenance_burst,32314,32131,32191,60,2,10000,static,3,3,26.462039056334667,1.880404,1.571958,2.712853,1.853393,1.470124,2.59163,,2.018552,True,1
2,404,maintenance_burst,32314,32131,32191,60,2,10000,temporal,1,1,26.462039056334667,0.967143,0.75352,1.52717,2.136951,1.696416,2.845904,,2.018552,True,2
2,405,maintenance_burst,33186,31510,32950,1440,4,5000,temporal,13,13,-335.7264405748448,2.24118,1.376091,3.042652,1.984031,1.351384,2.709098,,3.31917,True,1
2,405,maintenance_burst,33186,31510,32950,1440,4,5000,static,104,104,-335.7264405748448,1.637747,1.049297,2.265857,2.319578,1.361109,3.057645,,3.31917,True,2
2,406,maintenance_burst,34080,33603,33963,360,6,10000,static,34,34,1758.9212622043888,1.524405,1.181607,2.119556,1.840454,1.406757,2.610078,,3.291839,True,1
2,406,maintenance_burst,34080,33603,33963,360,6,10000,temporal,7,7,1758.9212622043888,1.277162,0.993212,1.888216,2.285357,1.744529,3.05477,,3.291839,True,2
2,407,maintenance_burst,31877,30180,31620,1440,6,10000,temporal,15,15,-609.7650529918119,1.403322,1.05812,2.30746,2.54565,1.473279,3.348314,,3.436057,True,1
2,407,maintenance_burst,31877,30180,31620,1440,6,10000,static,111,111,-609.7650529918119,1.315921,0.990218,2.323975,2.210663,1.451475,3.005515,,3.436057,True,2
2,408,maintenance_burst,32166,31823,31883,60,2,1000,static,14,14,-114.07036229079056,1.186234,0.907463,1.836858,1.478446,1.246155,2.128409,,2.748437,True,1
2,408,maintenance_burst,32166,31823,31883,60,2,1000,temporal,1,1,-114.07036229079056,1.089688,0.848723,1.718349,1.331314,1.080354,2.029519,,2.748437,True,2
2,409,maintenance_burst,35777,34900,35620,720,4,5000,temporal,7,7,734.687225001065,1.733802,1.42228,2.499691,1.926093,1.386667,2.674675,,21.180033,True,1
2,409,maintenance_burst,35777,34900,35620,720,4,5000,static,37,37,734.687225001065,1.133384,0.908625,1.726993,2.163912,1.656585,2.920297,,21.180033,True,2
2,410,maintenance_burst,35949,35152,35872,720,4,5000,static,37,37,-1184.6991312563478,1.473248,1.155227,2.158705,1.743998,1.298193,2.442845,,2.890151,True,1
2,410,maintenance_burst,35949,35152,35872,720,4,5000,temporal,6,6,-1184.6991312563478,1.201147,0.958941,1.760503,1.632429,1.242219,2.364115,,2.890151,True,2
2,411,maintenance_burst,35803,35315,35495,180,6,10000,temporal,9,9,-564.007360027848,1.525177,1.277192,2.159416,1.770347,1.38201,2.608766,,7.790192,True,1
2,411,maintenance_burst,35803,35315,35495,180,6,10000,static,23,23,-564.007360027848,1.09062,0.877467,1.71256,1.576574,1.227336,2.233248,,7.790192,True,2
2,412,maintenance_burst,35157,34668,34848,180,4,10000,static,14,14,355.7116583854702,1.5069,1.2099,2.246748,1.691999,1.341209,2.428954,,3.195393,True,1
2,412,maintenance_burst,35157,34668,34848,180,4,10000,temporal,6,6,355.7116583854702,1.041255,0.794712,1.676475,1.741724,1.184321,2.436625,,3.195393,True,2
2,413,maintenance_burst,34203,33793,33973,180,4,10000,temporal,2,2,216.91662877031052,1.166405,0.906131,1.837229,2.149602,1.768404,2.945495,,3.179329,True,1
2,413,maintenance_burst,34203,33793,33973,180,4,10000,static,8,8,216.91662877031052,1.184742,0.921924,1.828256,1.713592,1.373017,2.416505,,3.179329,True,2
2,414,maintenance_burst,35603,35169,35349,180,8,10000,static,15,15,451.022962431334,2.243553,1.805009,4.105489,2.832464,2.327621,3.898316,,21.642423,True,1
2,414,maintenance_burst,35603,35169,35349,180,8,10000,temporal,4,4,451.022962431334,1.407328,1.145463,2.074968,2.501944,2.091113,3.261153,,21.642423,True,2
2,415,maintenance_burst,34915,33182,34622,1440,2,10000,temporal,7,7,-243.73402891241372,2.849119,1.793212,3.531921,2.811602,1.657737,3.561606,,4.572005,True,1
2,415,maintenance_burst,34915,33182,34622,1440,2,10000,static,41,41,-243.73402891241372,1.484735,1.102056,2.091433,2.221861,1.4218,3.181192,,4.572005,True,2
2,416,maintenance_burst,35231,34724,34904,180,2,1000,static,4,4,79.8824698584281,1.387428,1.119193,2.08937,1.753712,1.425997,2.893196,,4.180523,True,1
2,416,maintenance_burst,35231,34724,34904,180,2,1000,temporal,1,1,79.8824698584281,0.902155,0.657815,1.478837,1.476793,1.187035,2.143371,,4.180523,True,2
2,417,maintenance_burst,33872,33471,33531,60,2,1000,temporal,1,1,136.82997500115317,1.708544,1.433969,2.408873,1.707392,1.419677,2.415363,,3.50476,True,1
2,417,maintenance_burst,33872,33471,33531,60,2,1000,static,1,1,136.82997500115317,0.98483,0.817436,1.576154,2.312598,1.977652,3.021661,,3.50476,True,2
2,418,maintenance_burst,30494,29760,30480,720,6,1000,static,58,58,-2063.9220323477507,23.01598,22.418676,23.993598,2.160237,1.551357,3.587596,,2.842099,True,1
2,418,maintenance_burst,30494,29760,30480,720,6,1000,temporal,10,10,-2063.9220323477507,1.15692,0.944037,1.842136,2.147288,1.695615,2.947758,,2.842099,True,2
2,419,maintenance_burst,34736,34240,34600,360,2,10000,temporal,1,1,-675.5594419970531,2.186637,1.747093,3.718189,2.597759,1.834164,3.373021,,3.455226,True,1
2,419,maintenance_burst,34736,34240,34600,360,2,10000,static,9,9,-675.5594419970531,1.108527,0.891468,1.680752,1.585778,1.188969,2.325823,,3.455226,True,2
2,420,maintenance_burst,35264,33593,35033,1440,4,5000,static,74,74,371.08498626568417,1.423654,1.036147,2.216683,2.613122,1.53409,3.404389,,3.608147,True,1
2,420,maintenance_burst,35264,33593,35033,1440,4,5000,temporal,11,11,371.08498626568417,1.212954,0.933542,1.885552,1.801334,1.213856,2.6839,,3.608147,True,2
2,421,maintenance_burst,31247,30878,31058,180,4,1000,temporal,2,2,604.878559228711,1.511375,1.195018,2.204484,1.6665,1.336571,2.751962,,7.92129,True,1
2,421,maintenance_burst,31247,30878,31058,180,4,1000,static,7,7,604.878559228711,0.987764,0.809364,1.600741,1.492718,1.226324,2.214258,,7.92129,True,2
2,422,maintenance_burst,35626,35277,35337,60,6,1000,static,7,7,46.31922395663773,1.029707,0.835574,1.643526,2.624069,2.04347,3.415716,,3.430058,True,1
2,422,maintenance_burst,35626,35277,35337,60,6,1000,temporal,3,3,46.31922395663773,1.185453,0.982476,1.807894,1.771209,1.214898,2.455063,,3.430058,True,2
2,423,maintenance_burst,35052,34986,35046,60,2,1000,temporal,2,2,141.68183158070505,1.257271,1.012071,1.85126,1.6266,1.369221,2.352187,,2.869771,True,1
2,423,maintenance_burst,35052,34986,35046,60,2,1000,static,3,3,141.68183158070505,0.802043,0.633328,1.336551,2.252907,1.893173,2.967708,,2.869771,True,2
2,424,maintenance_burst,32222,31734,32094,360,6,1000,static,83,83,-1083.426018299047,1.382541,1.100375,2.346178,1.920194,1.448311,3.386271,,2.685412,True,1
2,424,maintenance_burst,32222,31734,32094,360,6,1000,temporal,17,17,-1083.426018299047,1.16389,0.884868,1.995468,1.833603,1.40126,6.307384,,2.685412,True,2
2,425,maintenance_burst,32118,30589,32029,1440,4,5000,temporal,14,14,-21.52075540588976,1.801044,1.432687,3.108281,2.473652,1.772841,3.773827,,3.020318,True,1
2,425,maintenance_burst,32118,30589,32029,1440,4,5000,static,103,103,-21.52075540588976,2.132245,1.60733,3.1542,2.066085,1.433568,3.106028,,3.020318,True,2
2,426,maintenance_burst,32534,30995,32435,1440,4,1000,static,104,104,442.5196194390074,1.429773,0.976517,2.225976,2.954157,2.026414,4.015853,,3.084204,True,1
2,426,maintenance_burst,32534,30995,32435,1440,4,1000,temporal,13,13,442.5196194390074,1.2492,0.8462,2.12208,1.967926,1.26237,2.911102,,3.084204,True,2
2,427,maintenance_burst,34680,34253,34613,360,4,10000,temporal,2,2,-973.9165334184304,1.671508,1.321098,2.551669,1.782977,1.380017,2.788899,,3.934882,True,1
2,427,maintenance_burst,34680,34253,34613,360,4,10000,static,18,18,-973.9165334184304,1.721013,1.409903,2.529295,1.808225,1.440148,2.989952,,3.934882,True,2
2,428,maintenance_burst,32724,30929,32369,1440,4,10000,static,104,104,412.159025418722,2.205296,1.373778,3.214953,2.300439,1.638538,3.420623,,4.477251,True,1
2,428,maintenance_burst,32724,30929,32369,1440,4,10000,temporal,15,15,412.159025418722,1.610426,1.027985,2.457297,2.235962,1.410243,3.177776,,4.477251,True,2
2,429,maintenance_burst,30601,28831,30271,1440,2,5000,temporal,8,8,-199.05191806448315,1.409893,1.086724,2.190864,2.55912,1.870609,3.518411,,2.556677,True,1
2,429,maintenance_burst,30601,28831,30271,1440,2,5000,static,51,51,-199.05191806448315,1.219624,0.903467,2.025604,1.763136,1.299596,2.666443,,2.556677,True,2
2,430,maintenance_burst,33085,32117,32837,720,2,5000,static,21,21,513.1049355399012,1.317032,1.096879,1.914045,1.563805,1.195889,2.462194,,0.495309,True,1
2,430,maintenance_burst,33085,32117,32837,720,2,5000,temporal,3,3,513.1049355399012,1.032701,0.852119,1.607631,1.485998,1.060123,2.149922,,0.495309,True,2
2,431,maintenance_burst,33517,32906,33266,360,4,10000,temporal,3,3,-1065.670276482345,1.408771,1.147546,2.044973,3.328704,2.633814,4.123436,,2.787566,True,1
2,431,maintenance_burst,33517,32906,33266,360,4,10000,static,20,20,-1065.670276482345,1.755755,1.38885,21.430031,6.373038,1.921226,7.720867,,2.787566,True,2
2,432,maintenance_burst,31584,31139,31499,360,2,1000,static,9,9,99.35272605400338,1.813903,1.509083,2.652482,1.552098,1.240556,2.548895,,3.330297,True,1
2,432,maintenance_burst,31584,31139,31499,360,2,1000,temporal,1,1,99.35272605400338,1.052692,0.855924,1.674102,1.375481,1.101707,2.191044,,3.330297,True,2
2,433,maintenance_burst,30445,29985,30165,180,2,5000,temporal,1,1,-171.83746039037672,1.134205,0.93272,1.762576,1.393748,1.099563,2.084092,,3.367713,True,1
2,433,maintenance_burst,30445,29985,30165,180,2,5000,static,3,3,-171.83746039037672,0.976197,0.752218,1.563224,1.257221,0.99791,2.027808,,3.367713,True,2
2,434,maintenance_burst,33323,31869,33309,1440,6,1000,static,116,116,-313.8095051651662,1.230131,0.924879,1.906563,2.005724,1.401881,2.714576,,1.338124,True,1
2,434,maintenance_burst,33323,31869,33309,1440,6,1000,temporal,18,18,-313.8095051651662,1.167425,0.882504,1.88393,1.83114,1.14344,2.553352,,1.338124,True,2
2,435,maintenance_burst,35183,34510,34870,360,8,10000,temporal,11,11,4.1393230935890415,1.982818,1.546018,2.784341,2.321091,1.816517,3.315405,,4.238961,True,1
2,435,maintenance_burst,35183,34510,34870,360,8,10000,static,39,39,4.1393230935890415,1.102798,0.89241,1.770257,2.167228,1.607992,2.927147,,4.238961,True,2
2,436,maintenance_burst,35763,34903,35623,720,6,5000,static,54,54,-175.08397283474503,1.683316,1.374008,2.381743,1.949659,1.292175,2.838613,,3.668528,True,1
2,436,maintenance_burst,35763,34903,35623,720,6,5000,temporal,9,9,-175.08397283474503,1.819872,1.402902,2.470897,13.736381,13.040508,14.587512,,3.668528,True,2
2,437,maintenance_burst,35118,34805,34985,180,4,5000,temporal,2,2,492.6419303921006,1.664257,1.310602,2.582856,2.468183,2.031462,3.833808,,4.829164,True,1
2,437,maintenance_burst,35118,34805,34985,180,4,5000,static,9,9,492.6419303921006,1.279716,1.04459,2.045273,1.780963,1.328519,2.606683,,4.829164,True,2
2,438,maintenance_burst,30727,30496,30676,180,4,1000,static,9,9,-159.8347910782579,1.234597,0.980433,2.026544,1.528191,1.21027,2.288761,,2.949481,True,1
2,438,maintenance_burst,30727,30496,30676,180,4,1000,temporal,2,2,-159.8347910782579,0.851157,0.655601,1.445186,2.57849,2.070571,3.481375,,2.949481,True,2
2,439,maintenance_burst,34597,34142,34322,180,6,5000,temporal,3,3,-1141.0171435262523,1.253696,0.987684,1.87783,1.752751,1.376662,2.423536,,3.8217,True,1
2,439,maintenance_burst,34597,34142,34322,180,6,5000,static,12,12,-1141.0171435262523,0.953993,0.745548,1.649354,1.527841,1.247196,2.270814,,3.8217,True,2
2,440,maintenance_burst,34252,32780,34220,1440,4,1000,static,72,72,-284.1532861631255,1.576785,1.160976,2.586251,1.780573,1.159103,2.541284,,6.884793,True,1
2,440,maintenance_burst,34252,32780,34220,1440,4,1000,temporal,10,10,-284.1532861631255,1.649645,1.257652,2.300339,1.772561,1.149909,2.43986,,6.884793,True,2
2,441,maintenance_burst,34145,33907,33967,60,2,10000,temporal,1,1,12.176163852850308,1.602023,1.309671,3.418741,19.710832,19.39214,21.301432,,4.507497,True,1
2,441,maintenance_burst,34145,33907,33967,60,2,10000,static,1,1,12.176163852850308,1.055185,0.834692,2.108839,3.041891,2.191735,4.037858,,4.507497,True,2
2,442,maintenance_burst,34427,32974,34414,1440,6,5000,static,114,114,-714.487743017762,2.315282,1.713322,3.190977,5.364738,1.795605,6.445699,,4.381847,True,1
2,442,maintenance_burst,34427,32974,34414,1440,6,5000,temporal,17,17,-714.487743017762,1.653331,1.0512,2.516646,2.194669,1.284593,3.215533,,4.381847,True,2
2,443,maintenance_burst,31510,31150,31330,180,4,10000,temporal,2,2,243.36521652086307,1.575102,1.312635,2.605741,2.097903,1.688584,3.277757,,3.769341,True,1
2,443,maintenance_burst,31510,31150,31330,180,4,10000,static,12,12,243.36521652086307,1.483664,1.148227,2.437066,1.839622,1.499628,3.094229,,3.769341,True,2
2,444,maintenance_burst,35392,35332,35392,60,8,5000,static,12,12,70.9191816566792,1.737828,1.403773,2.63779,1.919493,1.301579,2.879915,,7.129552,True,1
2,444,maintenance_burst,35392,35332,35392,60,8,5000,temporal,7,7,70.9191816566792,1.324573,1.043558,2.128279,1.594311,1.227156,2.676969,,7.129552,True,2
2,445,maintenance_burst,32002,31186,31906,720,2,1000,temporal,3,3,-872.0319973235717,1.647912,1.260266,2.718892,2.610798,1.781223,3.650481,,26.856458,True,1
2,445,maintenance_burst,32002,31186,31906,720,2,1000,static,32,32,-872.0319973235717,1.426758,0.848924,2.263674,1.91105,1.270031,2.969772,,26.856458,True,2
2,446,maintenance_burst,33493,33244,33424,180,6,5000,static,20,20,-46.20335525745453,1.988858,1.404334,3.066198,2.489776,1.685429,3.548127,,6.986737,True,1
2,446,maintenance_burst,33493,33244,33424,180,6,5000,temporal,8,8,-46.20335525745453,1.799842,1.311864,2.628686,2.064432,1.604406,3.152608,,6.986737,True,2
2,447,maintenance_burst,34986,34715,34775,60,4,1000,temporal,2,2,117.8478234952135,2.384797,1.880123,3.620075,2.486912,2.057091,3.707057,,4.768773,True,1
2,447,maintenance_burst,34986,34715,34775,60,4,1000,static,3,3,117.8478234952135,1.603715,1.293266,2.607183,1.972674,1.595854,3.122874,,4.768773,True,2
2,448,maintenance_burst,30512,29898,30258,360,2,10000,static,9,9,-79.01775115906355,2.404918,2.0035,3.387413,3.294072,1.989289,4.434977,,3.135122,True,1
2,448,maintenance_burst,30512,29898,30258,360,2,10000,temporal,1,1,-79.01775115906355,1.284663,1.006091,2.095079,1.903018,1.183279,2.909851,,3.135122,True,2
2,449,maintenance_burst,31670,30134,31574,1440,4,5000,temporal,10,10,-289.94764435553634,1.693822,1.352085,2.762078,2.817131,1.853704,4.181684,,20.726437,True,1
2,449,maintenance_burst,31670,30134,31574,1440,4,5000,static,72,72,-289.94764435553634,1.617517,0.976787,2.482485,2.132976,1.468651,3.140289,,20.726437,True,2
2,450,maintenance_burst,33286,32908,33088,180,2,5000,static,5,5,-335.84785599887965,1.376061,1.050749,2.265827,2.165545,1.44786,3.241683,,4.440486,True,1
2,450,maintenance_burst,33286,32908,33088,180,2,5000,temporal,1,1,-335.84785599887965,1.134576,0.923187,2.576647,2.73116,1.951872,3.845877,,4.440486,True,2
2,451,maintenance_burst,33267,32904,33264,360,6,10000,temporal,3,3,-1185.007756597086,1.72593,1.426728,3.008981,3.069862,2.381732,4.294655,,4.794781,True,1
2,451,maintenance_burst,33267,32904,33264,360,6,10000,static,26,26,-1185.007756597086,1.825071,1.481371,2.777772,2.211926,1.667001,3.249735,,4.794781,True,2
2,452,maintenance_burst,32016,31060,31780,720,4,5000,static,38,38,-996.2567902065952,2.979446,2.167718,4.119161,3.072227,2.112144,4.207233,,7.63664,True,1
2,452,maintenance_burst,32016,31060,31780,720,4,5000,temporal,6,6,-996.2567902065952,1.585748,1.297142,2.523837,2.073987,1.515312,3.104726,,7.63664,True,2
2,453,maintenance_burst,34255,33917,33977,60,2,5000,temporal,1,1,5.472148869195136,1.651228,1.348029,2.702417,2.913727,2.447692,3.978347,,23.24054,True,1
2,453,maintenance_burst,34255,33917,33977,60,2,5000,static,1,1,5.472148869195136,1.581111,1.320457,2.451117,2.063891,1.784439,3.02197,,23.24054,True,2
2,454,maintenance_burst,31613,31132,31312,180,6,1000,static,16,16,640.4405203361832,2.101388,1.702274,3.068652,2.431738,2.005032,3.460774,,4.306824,True,1
2,454,maintenance_burst,31613,31132,31312,180,6,1000,temporal,3,3,640.4405203361832,1.165623,0.943867,1.923149,1.982288,1.602834,2.791302,,4.306824,True,2
2,455,maintenance_burst,30680,30345,30405,60,2,1000,temporal,2,2,-137.4342503600438,1.226255,0.947192,1.833143,2.048307,1.718329,2.893386,,3.389707,True,1
2,455,maintenance_burst,30680,30345,30405,60,2,1000,static,3,3,-137.4342503600438,1.148978,0.896185,1.928547,1.828545,1.569914,2.590668,,3.389707,True,2
2,456,maintenance_burst,31590,31305,31485,180,2,5000,static,5,5,52.10044336422729,1.383793,1.151532,1.999895,1.855466,1.504896,2.59836,,3.369136,True,1
2,456,maintenance_burst,31590,31305,31485,180,2,5000,temporal,1,1,52.10044336422729,1.147926,0.924749,1.753772,2.005634,1.640391,2.69127,,3.369136,True,2
2,457,maintenance_burst,35056,34614,34794,180,6,10000,temporal,9,9,679.596136089263,1.485968,1.194076,2.123862,2.071482,1.515411,2.979907,,3.906909,True,1
2,457,maintenance_burst,35056,34614,34794,180,6,10000,static,21,21,679.596136089263,1.237531,0.961805,20.382277,3.310226,2.648406,4.777646,,3.906909,True,2
2,458,maintenance_burst,31840,31008,31728,720,4,5000,static,37,37,-676.7946503475816,1.763207,1.463022,2.9353,2.221279,1.565017,3.547165,,4.442138,True,1
2,458,maintenance_burst,31840,31008,31728,720,4,5000,temporal,6,6,-676.7946503475816,1.239515,1.017338,1.945973,3.023703,2.273229,3.813107,,4.442138,True,2
2,459,maintenance_burst,30966,30801,30861,60,4,10000,temporal,2,2,181.93169226999723,2.161119,1.75896,3.08107,2.784491,2.361461,3.641237,,4.249457,True,1
2,459,maintenance_burst,30966,30801,30861,60,4,10000,static,6,6,181.93169226999723,1.314658,1.079743,2.080476,3.329315,2.792393,4.140267,,4.249457,True,2
2,460,maintenance_burst,30613,29993,30353,360,2,5000,static,11,11,-460.6126410984907,1.231773,0.978159,2.316103,2.857812,2.373179,4.109285,,3.823873,True,1
2,460,maintenance_burst,30613,29993,30353,360,2,5000,temporal,2,2,-460.6126410984907,1.422872,1.128967,2.278466,1.854324,1.513889,3.011415,,3.823873,True,2
2,461,maintenance_burst,35157,35092,35152,60,4,5000,temporal,2,2,167.0062843011224,2.089129,1.645408,3.270356,2.231455,1.780442,21.493126,,4.33746,True,1
2,461,maintenance_burst,35157,35092,35152,60,4,5000,static,6,6,167.0062843011224,1.098942,0.830256,2.249472,120.761262,116.945882,122.089727,,4.33746,True,2
2,462,maintenance_burst,31237,30594,30954,360,4,10000,static,20,20,260.1811808245524,2.534994,2.107438,3.324197,2.418899,1.955888,3.208002,,9.729305,True,1
2,462,maintenance_burst,31237,30594,30954,360,4,10000,temporal,2,2,260.1811808245524,1.195779,0.940072,1.860554,1.59312,1.251202,2.306839,,9.729305,True,2
2,463,maintenance_burst,31303,30792,30972,180,4,10000,temporal,2,2,654.983315950565,1.816818,1.005792,2.539871,1.697397,1.390413,2.508134,,3.838415,True,1
2,463,maintenance_burst,31303,30792,30972,180,4,10000,static,8,8,654.983315950565,0.958881,0.749644,1.566479,2.443746,1.979854,3.253241,,3.838415,True,2
2,464,maintenance_burst,33393,31631,33071,1440,4,1000,static,106,106,-389.63570318683446,1.963109,1.226415,2.862159,3.503609,2.530027,4.318522,,5.081906,True,1
2,464,maintenance_burst,33393,31631,33071,1440,4,1000,temporal,16,16,-389.63570318683446,1.452588,0.943197,2.113416,2.193087,1.523534,2.991875,,5.081906,True,2
2,465,maintenance_burst,32043,31599,31779,180,2,1000,temporal,3,3,-308.654641441664,1.612709,0.969276,2.449514,2.032595,1.40152,2.971544,,3.377147,True,1
2,465,maintenance_burst,32043,31599,31779,180,2,1000,static,9,9,-308.654641441664,1.309691,1.029718,2.184524,2.206707,1.826562,3.111206,,3.377147,True,2
2,466,maintenance_burst,35641,34146,35586,1440,4,10000,static,74,74,-442.08416209200425,1.690017,1.311744,2.586492,2.474712,1.726371,3.284227,,5.788655,True,1
2,466,maintenance_burst,35641,34146,35586,1440,4,10000,temporal,11,11,-442.08416209200425,1.324964,1.032381,2.190623,4.382138,1.386517,5.40183,,5.788655,True,2
2,467,maintenance_burst,33805,33420,33780,360,4,1000,temporal,2,2,1270.419120734914,1.434279,1.159764,2.124534,2.251205,1.570536,3.33234,,4.420726,True,1
2,467,maintenance_burst,33805,33420,33780,360,4,1000,static,19,19,1270.419120734914,1.039732,0.830556,1.694804,2.193197,1.752651,2.926787,,4.420726,True,2
2,468,maintenance_burst,34911,34175,34895,720,2,5000,static,20,20,-625.8039814659546,1.710036,1.405496,2.528494,1.565788,1.098812,2.284906,,3.919198,True,1
2,468,maintenance_burst,34911,34175,34895,720,2,5000,temporal,3,3,-625.8039814659546,1.161246,0.921734,1.793833,1.539308,1.102297,2.226428,,3.919198,True,2
2,469,maintenance_burst,31482,29687,31127,1440,6,1000,temporal,16,16,481.2568491157869,1.684658,1.346247,2.301992,20.568018,1.31561,21.524895,,3.635739,True,1
2,469,maintenance_burst,31482,29687,31127,1440,6,1000,static,106,106,481.2568491157869,2.695297,2.06937,4.120853,3.405701,2.634354,4.492224,,3.635739,True,2
2,470,maintenance_burst,34740,33240,34680,1440,2,5000,static,32,32,11.141141411535116,2.134368,1.689756,3.469848,2.694355,1.800473,3.979108,,2.350776,True,1
2,470,maintenance_burst,34740,33240,34680,1440,2,5000,temporal,5,5,11.141141411535116,1.757739,1.344584,2.642286,2.396624,1.750527,3.300432,,2.350776,True,2
2,471,maintenance_burst,35995,34414,35854,1440,6,5000,temporal,14,14,-459.7894739387671,2.046255,1.626419,2.706263,2.759183,1.919544,3.620426,,0.536372,True,1
2,471,maintenance_burst,35995,34414,35854,1440,6,5000,static,104,104,-459.7894739387671,1.672249,1.273837,2.810281,2.792433,1.863298,4.081993,,0.536372,True,2
2,472,maintenance_burst,33914,33761,33821,60,4,10000,static,3,3,217.6740443898827,2.106185,1.67282,2.887397,2.253739,1.871581,3.199319,,2.700424,True,1
2,472,maintenance_burst,33914,33761,33821,60,4,10000,temporal,2,2,217.6740443898827,1.454931,1.211062,3.220501,2.000766,1.688143,2.72433,,2.700424,True,2
2,473,maintenance_burst,31986,31533,31713,180,4,5000,temporal,2,2,-703.6568067978626,1.667432,1.37526,20.682736,3.14099,2.278065,4.022775,,2.795267,True,1
2,473,maintenance_burst,31986,31533,31713,180,4,5000,static,11,11,-703.6568067978626,1.528431,1.151842,2.257524,1.981647,1.538347,2.877121,,2.795267,True,2
2,474,maintenance_burst,35126,34846,35026,180,2,1000,static,4,4,299.4982856132409,1.836988,1.470754,2.488052,1.735505,1.424174,3.152428,,3.541306,True,1
2,474,maintenance_burst,35126,34846,35026,180,2,1000,temporal,1,1,299.4982856132409,1.026773,0.842064,1.627572,1.528241,1.151962,2.423346,,3.541306,True,2
2,475,maintenance_burst,35674,34080,35520,1440,2,1000,temporal,4,4,-92.89129758470676,1.909718,1.417795,2.634955,2.362673,1.640862,3.162012,,5.15765,True,1
2,475,maintenance_burst,35674,34080,35520,1440,2,1000,static,32,32,-92.891297584708,1.539299,1.129529,2.384036,2.335122,1.638068,3.113579,,5.15765,True,2
2,476,maintenance_burst,35095,34647,34827,180,4,1000,static,14,14,555.7072874257967,2.014456,1.630897,2.743725,1.987547,1.532899,3.104465,,6.596687,True,1
2,476,maintenance_burst,35095,34647,34827,180,4,1000,temporal,6,6,555.7072874257967,1.13775,0.910848,1.830308,2.529145,2.04931,3.35909,,6.596687,True,2
2,477,maintenance_burst,34825,34217,34577,360,2,10000,temporal,1,1,-571.5297747311995,1.823067,1.376171,2.926181,2.442093,2.002559,3.469176,,18.96242,True,1
2,477,maintenance_burst,34825,34217,34577,360,2,10000,static,9,9,-571.5297747311995,1.195728,0.979782,2.067387,1.532547,1.230451,2.92902,,18.96242,True,2
2,478,maintenance_burst,32951,31388,32828,1440,2,1000,static,49,49,-156.08760987741124,1.958072,1.310712,2.838914,1.959254,1.38864,3.166069,,10.891102,True,1
2,478,maintenance_burst,32951,31388,32828,1440,2,1000,temporal,6,6,-156.0876098774108,1.198562,0.824597,2.007246,2.365979,1.636084,3.444159,,10.891102,True,2
2,479,maintenance_burst,34918,34044,34764,720,2,5000,temporal,4,4,-843.5669014394538,1.715264,1.30248,2.654985,2.606392,1.249439,3.59662,,9.449832,True,1
2,479,maintenance_burst,34918,34044,34764,720,2,5000,static,22,22,-843.5669014394538,1.751099,1.405366,2.630619,1.861746,1.297973,3.197546,,9.449832,True,2
2,480,window_drift,40081,38608,40048,1440,4,1000,static,72,72,-154.69001830435053,1.677958,1.240877,2.647865,5.449873,1.244272,6.369283,,1.432277,True,1
2,480,window_drift,40081,38608,40048,1440,4,1000,temporal,10,10,-154.69001830435053,1.211042,0.942646,2.232336,20.714109,1.321659,21.859421,,1.432277,True,2
2,481,window_drift,42259,40517,41957,1440,6,1000,temporal,15,15,350.555955246558,1.605759,1.276921,2.423435,2.577578,1.751599,3.538061,,2.331276,True,1
2,481,window_drift,42259,40517,41957,1440,6,1000,static,110,110,350.555955246558,1.162618,0.863496,2.40657,2.434492,1.528392,3.343337,,2.331276,True,2
2,482,window_drift,39333,38843,39203,360,2,1000,static,11,11,643.6232341576599,1.191021,0.954264,1.91755,1.523985,1.116959,2.421302,,0.656753,True,1
2,482,window_drift,39333,38843,39203,360,2,1000,temporal,3,3,643.6232341576599,1.148858,0.903237,1.909548,1.521922,1.188006,2.378948,,0.656753,True,2
2,483,window_drift,42027,41104,41824,720,4,1000,temporal,6,6,441.2371284832327,1.280858,0.933121,2.015248,2.786815,2.211094,3.885536,,1.243901,True,1
2,483,window_drift,42027,41104,41824,720,4,1000,static,37,37,441.2371284832327,1.287197,0.838488,2.038433,2.402844,1.757879,3.405771,,1.243901,True,2
2,484,window_drift,41518,39848,41288,1440,2,5000,static,34,34,-106.42975094650578,1.886593,1.446277,2.621245,2.567744,1.89123,3.586333,,0.63472,True,1
2,484,window_drift,41518,39848,41288,1440,2,5000,temporal,6,6,-106.42975094650578,1.263621,0.91233,2.059735,2.586311,1.895497,3.588297,,0.63472,True,2
2,485,window_drift,40194,37284,40164,2880,4,5000,temporal,19,19,407.0322859665703,1.419186,1.031069,2.488073,24.939169,1.670136,26.069127,,0.642522,True,1
2,485,window_drift,40194,37284,40164,2880,4,5000,static,144,144,407.0322859665703,1.825451,1.412016,3.164601,7.606244,1.361499,8.682642,,0.642522,True,2
2,486,window_drift,39581,36498,39378,2880,2,1000,static,65,65,111.13792923734184,1.878612,1.437664,2.670168,2.038113,1.30246,2.744431,,2.860476,True,1
2,486,window_drift,39581,36498,39378,2880,2,1000,temporal,9,9,111.13792923734182,1.046272,0.775312,1.665409,3.00163,2.013556,3.714778,,2.860476,True,2
2,487,window_drift,39182,38179,38899,720,6,5000,temporal,9,9,-1149.9568016498897,2.144814,1.747944,3.159428,3.652054,2.868889,5.082887,,4.549811,True,1
2,487,window_drift,39182,38179,38899,720,6,5000,static,54,54,-1149.9568016498897,2.589727,2.1686,3.560204,3.241563,2.346649,4.477262,,4.549811,True,2
2,488,window_drift,41155,38019,40899,2880,2,200,static,65,65,-380.267462149995,1.847705,1.362571,2.992136,3.411169,2.233027,4.379694,,1.532688,True,1
2,488,window_drift,41155,38019,40899,2880,2,200,temporal,9,9,-380.267462149995,2.669517,1.517244,6.558699,24.05344,2.167218,25.350121,,1.532688,True,2
2,489,window_drift,38277,35300,38180,2880,4,200,temporal,18,18,-111.80448906067976,2.186937,1.681764,2.958714,7.502296,1.727683,8.420896,,0.76696,True,1
2,489,window_drift,38277,35300,38180,2880,4,200,static,142,142,-111.80448906067976,2.223683,1.6593,3.185088,2.987909,1.82498,3.953439,,0.76696,True,2
2,490,window_drift,38984,38521,38881,360,6,1000,static,26,26,-234.3225720557,1.873423,1.489774,2.677219,2.298446,1.5405,3.251328,,1.825531,True,1
2,490,window_drift,38984,38521,38881,360,6,1000,temporal,3,3,-234.3225720557,1.094265,0.870546,1.84477,2.589286,1.984602,3.586525,,1.825531,True,2
2,491,window_drift,38733,37223,38663,1440,2,200,temporal,5,5,-54.94389920861708,1.507429,1.169409,2.561424,2.024482,1.456844,2.970493,,0.65493,True,1
2,491,window_drift,38733,37223,38663,1440,2,200,static,33,33,-54.94389920861708,1.024519,0.783054,1.963149,2.629587,1.770608,3.57721,,0.65493,True,2
2,492,window_drift,40813,39360,40800,1440,2,1000,static,37,37,-22.57047918938997,1.203751,0.89263,2.09608,1.949168,1.268879,2.844438,,0.62815,True,1
2,492,window_drift,40813,39360,40800,1440,2,1000,temporal,5,5,-22.57047918938997,1.125502,0.837217,1.895898,1.688694,1.143839,2.414181,,0.62815,True,2
2,493,window_drift,38936,35997,38877,2880,8,1000,temporal,39,39,898.056918027243,1.690887,1.301118,3.161962,3.661247,2.522264,4.599566,,24.12655,True,1
2,493,window_drift,38936,35997,38877,2880,8,1000,static,291,291,898.0569180272425,1.577686,1.118612,4.578224,3.041169,1.572608,3.81534,,24.12655,True,2
2,494,window_drift,38771,38075,38435,360,2,5000,static,11,11,-601.625491642834,1.57352,1.233185,2.378207,1.711779,1.386066,2.463606,,1.69963,True,1
2,494,window_drift,38771,38075,38435,360,2,5000,temporal,3,3,-601.625491642834,0.908635,0.719578,1.4941,4.633818,4.081172,5.42819,,1.69963,True,2
2,495,window_drift,40945,40296,40656,360,6,200,temporal,10,10,960.1828693681364,2.096771,1.673991,2.759713,2.107177,1.658599,2.832093,,0.590643,True,1
2,495,window_drift,40945,40296,40656,360,6,200,static,32,32,960.1828693681364,1.997751,1.57998,2.682647,2.072315,1.570395,2.912545,,0.590643,True,2
2,496,window_drift,42172,41409,42129,720,2,1000,static,20,20,768.2099711092181,1.267176,1.007945,1.876208,1.623024,1.201628,2.319257,,2.046515,True,1
2,496,window_drift,42172,41409,42129,720,2,1000,temporal,3,3,768.2099711092181,0.906581,0.716945,1.484676,1.300687,0.975626,1.961306,,2.046515,True,2
2,497,window_drift,40961,40165,40885,720,4,1000,temporal,6,6,1403.585320994065,2.769488,2.500632,4.155259,8.495949,6.798883,9.246966,,1.763367,True,1
2,497,window_drift,40961,40165,40885,720,4,1000,static,38,38,1403.585320994065,1.412576,1.162058,21.411594,2.3468,1.821625,3.630641,,1.763367,True,2
2,498,window_drift,42860,41282,42722,1440,6,1000,static,107,107,3.193012560966281,2.108509,1.736877,3.024534,5.662724,1.493969,6.618009,,1.677577,True,1
2,498,window_drift,42860,41282,42722,1440,6,1000,temporal,16,16,3.193012560966281,1.386467,1.044199,2.440241,4.982235,1.511486,6.066595,,1.677577,True,2
2,499,window_drift,39191,37465,38905,1440,4,5000,temporal,10,10,371.7181406827212,1.412066,1.120735,2.490416,2.680955,1.85079,3.592233,,1.852932,True,1
2,499,window_drift,39191,37465,38905,1440,4,5000,static,73,73,371.7181406827212,1.160235,0.754601,2.139897,1.500009,0.976738,2.491428,,1.852932,True,2
2,500,window_drift,38590,37730,38450,720,4,1000,static,38,38,-993.406842431469,1.457865,1.115727,2.183122,2.465739,1.923829,3.492803,,1.935637,True,1
2,500,window_drift,38590,37730,38450,720,4,1000,temporal,6,6,-993.406842431469,1.291062,1.044029,2.14224,1.677527,1.257051,2.608235,,1.935637,True,2
2,501,window_drift,39957,38444,39884,1440,2,1000,temporal,5,5,-69.55274932565789,1.397483,1.058471,2.327199,1.906444,1.260537,2.891263,,2.177774,True,1
2,501,window_drift,39957,38444,39884,1440,2,1000,static,40,40,-69.55274932565789,1.15706,0.818508,2.184614,1.924801,1.251332,2.864432,,2.177774,True,2
2,502,window_drift,38837,37913,38633,720,2,200,static,21,21,-605.9075498043876,1.379256,1.125362,2.158484,2.650838,1.964861,25.978271,,1.518927,True,1
2,502,window_drift,38837,37913,38633,720,2,200,temporal,3,3,-605.9075498043876,1.766792,1.453378,2.63181,2.169411,1.668995,3.394674,,1.518927,True,2
2,503,window_drift,42436,41732,42092,360,4,1000,temporal,6,6,905.5278773692994,1.566679,1.250091,2.418358,2.040236,1.581151,3.023153,,2.437677,True,1
2,503,window_drift,42436,41732,42092,360,4,1000,static,22,22,905.5278773692994,1.215558,0.967734,2.04337,2.748166,2.199437,3.825706,,2.437677,True,2
2,504,window_drift,41151,39686,41126,1440,2,5000,static,34,34,-156.13302747834183,1.467059,1.115727,2.483145,2.455955,1.730737,3.472612,,2.310725,True,1
2,504,window_drift,41151,39686,41126,1440,2,5000,temporal,6,6,-156.13302747834183,1.164401,0.941995,2.264846,1.558397,1.025341,2.539672,,2.310725,True,2
2,505,window_drift,37941,37402,37762,360,4,200,temporal,5,5,1078.0871413635002,0.930177,0.736444,1.756247,2.529146,1.812751,3.470488,,1.83804,True,1
2,505,window_drift,37941,37402,37762,360,4,200,static,19,19,1078.0871413635002,1.426017,1.121276,2.272938,2.108549,1.493649,3.112587,,1.83804,True,2
2,506,window_drift,42081,41176,41896,720,4,1000,static,37,37,1399.951320119849,0.976577,0.747281,1.835375,1.91727,1.40841,2.891774,,1.922027,True,1
2,506,window_drift,42081,41176,41896,720,4,1000,temporal,5,5,1399.951320119849,2.072355,1.709766,2.891383,1.770858,1.166404,2.851502,,1.922027,True,2
2,507,window_drift,40597,37621,40501,2880,2,200,temporal,9,9,432.45489653733455,1.735985,0.820191,2.565039,2.220878,1.446728,22.741665,,1.929979,True,1
2,507,window_drift,40597,37621,40501,2880,2,200,static,66,66,432.4548965373344,1.400428,1.050799,2.857972,3.148032,1.928898,4.259312,,1.929979,True,2
2,508,window_drift,37617,36924,37284,360,6,1000,static,27,27,-1747.0917939010524,1.937781,1.57983,2.782449,2.029669,1.35521,3.205037,,3.833648,True,1
2,508,window_drift,37617,36924,37284,360,6,1000,temporal,3,3,-1747.0917939010524,1.936198,1.575943,2.820356,2.237153,1.684959,3.205037,,3.833648,True,2
2,509,window_drift,42659,40918,42358,1440,2,5000,temporal,5,5,-171.31991966621032,1.604848,1.092553,2.702047,2.718051,1.918352,3.720266,,2.339458,True,1
2,509,window_drift,42659,40918,42358,1440,2,5000,static,39,39,-171.31991966621032,1.829837,1.225754,2.673654,2.559922,1.722876,3.504861,,2.339458,True,2
2,510,window_drift,41543,39811,41251,1440,4,200,static,72,72,-440.753945619028,1.537416,1.134366,2.383836,2.279007,1.27567,3.201692,,1.783858,True,1
2,510,window_drift,41543,39811,41251,1440,4,200,temporal,10,10,-440.753945619028,1.517465,1.194927,2.348953,2.423696,1.594692,3.351459,,1.783858,True,2
2,511,window_drift,38718,37905,38625,720,2,1000,temporal,3,3,-587.7192977813896,1.578687,1.293957,2.501823,2.388412,1.621322,3.39858,,4.250769,True,1
2,511,window_drift,38718,37905,38625,720,2,1000,static,20,20,-587.7192977813896,21.17163,0.71441,22.049237,4.08643,2.299258,5.205353,,4.250769,True,2
2,512,window_drift,41881,40956,41676,720,4,1000,static,38,38,410.7587818529895,1.652639,1.283791,2.428293,1.85109,1.411395,2.81642,,2.063721,True,1
2,512,window_drift,41881,40956,41676,720,4,1000,temporal,7,7,410.7587818529895,1.235619,1.021895,2.070461,2.293538,1.805311,3.514315,,2.063721,True,2
2,513,window_drift,37906,34815,37695,2880,6,5000,temporal,28,28,1149.5598407465868,1.819331,1.330823,2.741355,3.673796,2.39961,4.649682,,1.840603,True,1
2,513,window_drift,37906,34815,37695,2880,6,5000,static,223,223,1149.5598407465868,2.237855,1.598057,3.237346,3.334654,1.34227,4.248736,,1.840603,True,2
2,514,window_drift,42798,39593,42473,2880,4,5000,static,140,140,-793.0049214344854,2.365327,1.885122,3.315464,7.708148,1.804599,8.656082,,2.438197,True,1
2,514,window_drift,42798,39593,42473,2880,4,5000,temporal,18,18,-793.0049214344854,2.681335,2.286047,3.644662,7.710562,2.193938,8.765748,,2.438197,True,2
2,515,window_drift,40617,37470,40350,2880,2,200,temporal,9,9,366.7982858625661,21.384067,1.188948,22.193055,3.13365,2.165305,4.371532,,4.374526,True,1
2,515,window_drift,40617,37470,40350,2880,2,200,static,65,65,366.7982858625661,1.38223,1.012431,2.115169,3.143114,1.991542,4.136907,,4.374526,True,2
2,516,window_drift,39807,39405,39765,360,2,1000,static,12,12,-417.8995436696554,1.777688,1.417724,2.392158,1.592028,1.045151,2.507613,,1.741814,True,1
2,516,window_drift,39807,39405,39765,360,2,1000,temporal,2,2,-417.8995436696554,1.183189,0.913111,1.818691,1.869157,1.49409,2.7643,,1.741814,True,2
2,517,window_drift,41994,39081,41961,2880,4,200,temporal,19,19,608.1706516848374,1.948938,1.509804,3.435411,3.195443,1.773352,4.310279,,6.368773,True,1
2,517,window_drift,41994,39081,41961,2880,4,200,static,141,141,608.1706516848374,2.886535,2.287059,4.122696,4.004316,2.292307,5.10424,,6.368773,True,2
2,518,window_drift,39220,38228,38948,720,4,5000,static,38,38,224.0712735898156,2.055379,1.60733,3.015611,2.939125,2.270314,4.234695,,3.770312,True,1
2,518,window_drift,39220,38228,38948,720,4,5000,temporal,6,6,224.0712735898156,1.278824,0.934232,2.097322,3.06135,2.180838,4.084537,,3.770312,True,2
2,519,window_drift,41336,40511,41231,720,4,1000,temporal,6,6,-1705.3519536874187,2.441112,2.093426,3.316936,19.766992,2.082169,20.914692,,1.989179,True,1
2,519,window_drift,41336,40511,41231,720,4,1000,static,36,36,-1705.3519536874187,1.753963,1.404514,3.836542,2.342072,1.741454,3.431209,,1.989179,True,2
2,520,window_drift,42579,41754,42474,720,4,1000,static,37,37,-1059.576310541145,2.01656,1.510074,2.847607,3.115783,2.286849,4.151429,,2.197974,True,1
2,520,window_drift,42579,41754,42474,720,4,1000,temporal,6,6,-1059.576310541145,1.287717,1.031239,2.104092,2.418247,1.747853,3.561125,,2.197974,True,2
2,521,window_drift,39613,39078,39438,360,4,1000,temporal,2,2,556.1558589975181,2.019415,1.594622,2.764471,2.424687,1.850459,3.355415,,2.467321,True,1
2,521,window_drift,39613,39078,39438,360,4,1000,static,16,16,556.1558589975181,1.357183,1.074284,2.066756,2.071913,1.603746,3.122974,,2.467321,True,2
2,522,window_drift,42291,40598,42038,1440,2,1000,static,32,32,-63.095595190456,1.459959,1.131511,2.506832,2.759243,1.587411,3.687617,,2.111383,True,1
2,522,window_drift,42291,40598,42038,1440,2,1000,temporal,5,5,-63.095595190456,1.669404,1.028756,2.469975,2.010712,1.466518,3.051105,,2.111383,True,2
2,523,window_drift,41408,40603,41323,720,4,5000,temporal,6,6,-1413.2614656639348,1.318554,1.06426,2.050491,2.014777,1.569073,2.883231,,2.233758,True,1
2,523,window_drift,41408,40603,41323,720,4,5000,static,38,38,-1413.2614656639348,1.496723,1.156489,2.270624,1.981927,1.174928,2.863201,,2.233758,True,2
2,524,window_drift,42055,40515,41955,1440,2,200,static,38,38,129.66883549417858,2.298056,1.82476,3.57734,2.377215,1.431505,3.335755,,21.886502,True,1
2,524,window_drift,42055,40515,41955,1440,2,200,temporal,5,5,129.66883549417858,1.120895,0.845549,1.890019,2.784471,2.124353,3.767348,,21.886502,True,2
2,525,window_drift,41989,40510,41950,1440,4,200,temporal,10,10,251.9680701955259,1.543083,1.192964,2.370235,1.806993,1.161487,2.563077,,2.133287,True,1
2,525,window_drift,41989,40510,41950,1440,4,200,static,71,71,251.9680701955259,2.199176,1.836848,2.96874,1.99624,1.289169,2.719523,,2.133287,True,2
2,526,window_drift,39204,36232,39112,2880,2,200,static,65,65,347.0390069648,1.250331,0.940412,1.998593,2.503397,1.640511,3.212369,,2.531278,True,1
2,526,window_drift,39204,36232,39112,2880,2,200,temporal,9,9,347.0390069647999,1.066002,0.760921,1.723427,1.975197,1.373988,2.673754,,2.531278,True,2
2,527,window_drift,39517,38680,39400,720,2,1000,temporal,3,3,803.1739017695036,2.111183,1.777809,3.543068,2.16883,1.511647,2.924282,,3.936304,True,1
2,527,window_drift,39517,38680,39400,720,2,1000,static,16,16,803.1739017695036,1.10453,0.87315,1.737788,1.491656,1.035336,2.343955,,3.936304,True,2
2,528,window_drift,40486,40085,40445,360,4,1000,static,20,20,994.5462606489714,1.934927,1.513519,2.643308,2.025323,1.419828,2.788718,,5.686721,True,1
2,528,window_drift,40486,40085,40445,360,4,1000,temporal,6,6,994.5462606489714,1.407539,1.154116,2.340209,2.092855,1.557606,2.844432,,5.686721,True,2
2,529,window_drift,40577,39546,40266,720,6,200,temporal,8,8,-1819.8737906023384,1.740803,1.38209,2.428302,2.211525,1.661352,3.050063,,0.775033,True,1
2,529,window_drift,40577,39546,40266,720,6,200,static,56,56,-1819.8737906023384,1.074575,0.843165,1.65902,1.765901,1.266044,2.470747,,0.775033,True,2
2,530,window_drift,38949,38475,38835,360,8,200,static,38,38,295.66909717161275,1.493569,1.153665,2.136651,7.700701,1.354458,8.434597,,3.435907,True,1
2,530,window_drift,38949,38475,38835,360,8,200,temporal,4,4,295.66909717161275,2.037952,1.667311,2.853266,2.795448,2.091954,4.37701,,3.435907,True,2
2,531,window_drift,39568,38546,39266,720,2,200,temporal,3,3,715.0019214921313,1.900825,1.505637,2.844853,3.121962,2.097092,4.279532,,1.053203,True,1
2,531,window_drift,39568,38546,39266,720,2,200,static,19,19,715.0019214921313,1.7657,1.409091,2.704641,4.102189,3.57299,5.705549,,1.053203,True,2
2,532,window_drift,42366,39327,42207,2880,2,200,static,75,75,-102.68367078299582,2.401212,1.77217,3.534646,3.176364,2.045083,4.418333,,4.891849,True,1
2,532,window_drift,42366,39327,42207,2880,2,200,temporal,9,9,-102.68367078299582,17.584896,16.831657,19.206919,2.24744,1.622403,3.560705,,4.891849,True,2
2,533,window_drift,41367,39728,41168,1440,4,200,temporal,14,14,-337.5567092993141,1.708954,1.321789,3.035511,2.62551,1.869988,5.238252,,2.417507,True,1
2,533,window_drift,41367,39728,41168,1440,4,200,static,74,74,-337.5567092993141,2.137173,0.973282,3.079838,2.009279,1.369622,3.125377,,2.417507,True,2
2,534,window_drift,38445,38083,38443,360,8,200,static,42,42,-2408.722394679785,1.463393,1.204031,2.312278,2.21545,1.442161,3.260241,,2.152745,True,1
2,534,window_drift,38445,38083,38443,360,8,200,temporal,12,12,-2408.722394679785,1.007884,0.781241,1.842587,1.505857,1.141827,2.49244,,2.152745,True,2
2,535,window_drift,42753,39756,42636,2880,4,5000,temporal,18,18,-562.4904625624688,2.002249,1.567401,3.210546,2.471858,1.644197,3.523118,,2.277074,True,1
2,535,window_drift,42753,39756,42636,2880,4,5000,static,140,140,-562.4904625624688,1.706711,1.331114,2.577528,2.202652,1.356571,3.487545,,2.277074,True,2
2,536,window_drift,40542,39910,40270,360,4,5000,static,19,19,-4.370630872454932,1.999514,1.661152,2.820927,1.73871,1.389942,2.708396,,0.814281,True,1
2,536,window_drift,40542,39910,40270,360,4,5000,temporal,2,2,-4.370630872454932,1.026202,0.834062,1.801685,1.574111,1.25663,2.635786,,0.814281,True,2
2,537,window_drift,41441,38282,41162,2880,4,1000,temporal,19,19,-770.8170468403107,1.822056,1.392727,2.665151,2.472479,1.630937,3.486673,,2.362513,True,1
2,537,window_drift,41441,38282,41162,2880,4,1000,static,140,140,-770.81704684031,1.516744,1.055346,15.606995,2.840937,1.863829,4.202406,,2.362513,True,2
2,538,window_drift,42776,41085,42525,1440,4,5000,static,72,72,-422.8288432377532,1.73871,1.35565,2.738942,2.612902,1.769136,3.720897,,4.461187,True,1
2,538,window_drift,42776,41085,42525,1440,4,5000,temporal,10,10,-422.8288432377532,1.872322,1.027354,2.88308,2.559992,1.799672,3.585984,,4.461187,True,2
2,539,window_drift,43087,42527,42887,360,4,5000,temporal,6,6,578.4782649184995,1.803577,1.536444,2.579261,2.365758,1.794965,3.711254,,0.868804,True,1
2,539,window_drift,43087,42527,42887,360,4,5000,static,22,22,578.4782649184995,1.393006,1.109067,2.311466,2.323874,1.820904,3.35286,,0.868804,True,2
2,540,window_drift,38459,35530,38410,2880,4,1000,static,146,146,-687.8427368328839,2.202121,1.672199,3.34523,3.526173,2.596066,4.63455,,6.813385,True,1
2,540,window_drift,38459,35530,38410,2880,4,1000,temporal,20,20,-687.8427368328839,1.874866,1.286826,2.945205,3.348504,2.423505,4.569541,,6.813385,True,2
2,541,window_drift,40404,39562,40282,720,2,1000,temporal,4,4,-254.61382605109867,1.836328,1.552197,2.734947,1.803618,1.452147,2.808237,,2.891363,True,1
2,541,window_drift,40404,39562,40282,720,2,1000,static,21,21,-254.61382605109867,1.006612,0.796334,1.803898,15.235493,1.100284,16.271249,,2.891363,True,2
2,542,window_drift,37459,35673,37113,1440,2,200,static,40,40,-174.52420090954,1.932512,1.507319,3.164877,2.457748,1.832552,3.569579,,0.89921,True,1
2,542,window_drift,37459,35673,37113,1440,2,200,temporal,6,6,-174.52420090954,1.17685,0.925239,2.13611,2.462985,1.749075,3.555608,,0.89921,True,2
2,543,window_drift,41997,40442,41882,1440,8,1000,temporal,19,19,429.8660038923766,1.649505,1.30879,2.486831,2.021667,1.426988,3.004183,,0.848693,True,1
2,543,window_drift,41997,40442,41882,1440,8,1000,static,141,141,429.8660038923766,2.219867,1.226725,3.051485,2.068909,1.266295,3.096754,,0.848693,True,2
2,544,window_drift,40678,37521,40401,2880,6,1000,static,222,222,1131.805260778408,1.853533,1.333247,2.845674,2.328341,1.452036,3.092598,,1.912502,True,1
2,544,window_drift,40678,37521,40401,2880,6,1000,temporal,28,28,1131.805260778408,1.023939,0.784376,1.740853,2.250614,1.518045,3.38544,,1.912502,True,2
2,545,window_drift,42372,41599,42319,720,4,1000,temporal,6,6,789.9331360579233,1.359205,0.979451,2.097532,1.580621,1.215709,2.623398,,3.007719,True,1
2,545,window_drift,42372,41599,42319,720,4,1000,static,38,38,789.9331360579233,1.078221,0.861994,1.651208,1.673911,1.009217,2.387461,,3.007719,True,2
2,546,window_drift,39680,38077,39517,1440,6,5000,static,107,107,-431.10091780284847,1.17673,0.872319,1.787384,1.682835,1.11137,2.363384,,2.27434,True,1
2,546,window_drift,39680,38077,39517,1440,6,5000,temporal,15,15,-431.10091780284847,0.99845,0.788042,1.743837,1.657958,1.171902,2.400631,,2.27434,True,2
2,547,window_drift,42593,42022,42382,360,2,1000,temporal,1,1,-291.6014575775425,2.156662,1.68576,3.022933,2.410165,1.907054,3.553024,,1.394709,True,1
2,547,window_drift,42593,42022,42382,360,2,1000,static,10,10,-291.6014575775425,1.521742,1.24991,2.144814,2.475895,1.863568,3.216325,,1.394709,True,2
2,548,window_drift,39289,36392,39272,2880,6,200,static,207,207,1037.4718106607595,2.045534,1.486978,2.92935,2.255892,1.387068,2.952897,,4.725627,True,1
2,548,window_drift,39289,36392,39272,2880,6,200,temporal,27,27,1037.4718106607595,1.128958,0.869836,1.859993,2.067096,1.296911,2.835959,,4.725627,True,2
2,549,window_drift,38848,37860,38580,720,2,1000,temporal,3,3,-479.9871401498185,1.333187,1.047874,1.893764,1.586419,1.147164,2.353729,,0.519075,True,1
2,549,window_drift,38848,37860,38580,720,2,1000,static,21,21,-479.9871401498185,1.258994,1.015546,1.992543,1.226696,0.95177,1.938311,,0.519075,True,2
2,550,window_drift,43144,40173,43053,2880,2,5000,static,78,78,234.03541060177008,1.050379,0.74007,1.79851,2.050792,1.443514,2.769509,,0.775362,True,1
2,550,window_drift,43144,40173,43053,2880,2,5000,temporal,9,9,234.03541060177008,0.984159,0.742022,1.566249,1.681302,0.955455,2.350815,,0.775362,True,2
2,551,window_drift,38449,35502,38382,2880,6,1000,temporal,28,28,-854.5520591345357,1.016047,0.748081,1.694713,2.652031,1.748254,3.404889,,0.518565,True,1
2,551,window_drift,38449,35502,38382,2880,6,1000,static,223,223,-854.5520591345357,1.168608,0.797356,1.890178,2.698712,1.472357,3.390147,,0.518565,True,2
2,552,window_drift,42112,40352,41792,1440,8,1000,static,146,146,565.0393227817221,1.422221,0.876385,2.108159,22.045271,1.966725,22.954777,,4.414197,True,1
2,552,window_drift,42112,40352,41792,1440,8,1000,temporal,23,23,565.0393227817221,2.100687,1.664838,3.080639,2.766775,1.772321,3.575017,,4.414197,True,2
2,553,window_drift,37951,37188,37908,720,2,5000,temporal,3,3,422.0391417935675,1.5204,1.209489,2.343405,2.054057,1.58646,2.878673,,1.248959,True,1
2,553,window_drift,37951,37188,37908,720,2,5000,static,21,21,422.0391417935675,1.051921,0.820491,1.643135,1.960054,1.559578,2.650639,,1.248959,True,2
2,554,window_drift,41632,39947,41387,1440,4,1000,static,72,72,59.35152347688211,1.239034,0.930277,2.103591,2.233748,1.520079,2.915259,,0.920082,True,1
2,554,window_drift,41632,39947,41387,1440,4,1000,temporal,11,11,59.35152347688211,1.313086,0.99199,1.933895,2.120457,1.511136,2.876801,,0.920082,True,2
2,555,window_drift,40311,37328,40208,2880,6,5000,temporal,25,25,279.4552391916697,1.429512,1.087514,2.005754,6.488723,1.461841,7.243796,,0.639687,True,1
2,555,window_drift,40311,37328,40208,2880,6,5000,static,221,221,279.4552391916697,1.944731,1.362761,2.766705,3.302645,1.761564,4.074953,,0.639687,True,2
2,556,window_drift,38947,38188,38908,720,2,5000,static,21,21,-543.642814230841,1.622654,1.300798,2.212707,1.994156,1.530545,2.723849,,3.112257,True,1
2,556,window_drift,38947,38188,38908,720,2,5000,temporal,3,3,-543.642814230841,1.308228,1.029607,1.922207,1.823308,1.386818,2.626908,,3.112257,True,2
2,557,window_drift,38546,35550,38430,2880,2,5000,temporal,9,9,-358.9733947160617,1.535052,1.166364,2.187398,2.14229,1.488692,3.002861,,2.394641,True,1
2,557,window_drift,38546,35550,38430,2880,2,5000,static,65,65,-358.9733947160617,1.512377,0.956557,16.865969,2.951113,2.018072,3.797674,,2.394641,True,2
2,558,window_drift,37585,37016,37376,360,4,1000,static,16,16,-834.9041115167161,1.635774,1.312856,2.257925,2.226327,1.733973,3.026918,,1.67941,True,1
2,558,window_drift,37585,37016,37376,360,4,1000,temporal,2,2,-834.9041115167161,1.033983,0.834532,1.651047,1.999634,1.501711,2.696448,,1.67941,True,2
2,559,window_drift,39204,37691,39131,1440,4,200,temporal,10,10,346.549409403944,1.459317,0.786059,2.037211,1.986985,1.241248,2.804651,,2.169401,True,1
2,559,window_drift,39204,37691,39131,1440,4,200,static,73,73,346.549409403944,1.32911,0.983197,2.085394,2.298166,1.548803,3.042462,,2.169401,True,2
2,560,window_drift,42114,41043,41763,720,8,200,static,70,70,1.6109652557204406,1.22311,0.917147,1.846493,1.809187,1.243961,2.482725,,2.183462,True,1
2,560,window_drift,42114,41043,41763,720,8,200,temporal,12,12,1.6109652557204406,1.347678,1.099532,2.02297,2.278376,1.643746,3.133029,,2.183462,True,2
2,561,window_drift,38009,36333,37773,1440,4,1000,temporal,11,11,445.6740224798998,1.565307,1.016507,2.215421,2.265166,1.620931,3.025386,,1.48768,True,1
2,561,window_drift,38009,36333,37773,1440,4,1000,static,74,74,445.6740224798998,1.089718,0.821843,1.809376,1.643156,1.087055,2.30062,,1.48768,True,2
2,562,window_drift,41330,38426,41306,2880,6,1000,static,220,220,-1024.730880285544,1.614633,1.152323,2.311176,5.680111,1.189158,6.416935,,2.444317,True,1
2,562,window_drift,41330,38426,41306,2880,6,1000,temporal,26,26,-1024.730880285544,1.473469,0.940232,2.090612,26.686983,1.318445,27.673715,,2.444317,True,2
2,563,window_drift,41841,38621,41501,2880,6,1000,temporal,29,29,231.44202354862608,2.08292,1.182288,2.910292,3.271208,1.911631,4.052289,,2.13536,True,1
2,563,window_drift,41841,38621,41501,2880,6,1000,static,217,217,231.4420235486234,1.670647,1.152042,2.414832,2.669137,1.680883,3.455246,,2.13536,True,2
2,564,window_drift,41411,40507,41227,720,2,5000,static,17,17,-856.6352228058847,1.693891,1.261898,2.269222,2.153437,1.69218,2.992426,,0.514818,True,1
2,564,window_drift,41411,40507,41227,720,2,5000,temporal,3,3,-856.6352228058847,1.344504,1.065591,1.933354,1.8251,1.420598,2.546562,,0.514818,True,2
2,565,window_drift,41055,40379,40739,360,4,5000,temporal,6,6,1035.4617807261106,1.546198,1.277342,2.137513,2.167038,1.581221,2.895179,,2.666673,True,1
2,565,window_drift,41055,40379,40739,360,4,5000,static,22,22,1035.4617807261106,1.32199,0.989517,2.017451,1.892582,1.501561,2.687624,,2.666673,True,2
2,566,window_drift,37866,34740,37620,2880,8,1000,static,287,287,1345.1284822024068,1.64628,1.158593,2.265797,6.289642,1.272495,7.032356,,0.570733,True,1
2,566,window_drift,37866,34740,37620,2880,8,1000,temporal,38,38,1345.1284822024068,1.360658,0.992832,2.121788,5.358895,1.397724,6.189181,,0.570733,True,2
2,567,window_drift,42556,41021,42461,1440,4,1000,temporal,10,10,-479.3661830235293,1.967997,1.482843,2.600819,1.974816,1.388089,2.840316,,2.913567,True,1
2,567,window_drift,42556,41021,42461,1440,4,1000,static,71,71,-479.3661830235293,1.131882,0.79369,1.919754,1.986865,1.104211,3.139308,,2.913567,True,2
2,568,window_drift,41897,41019,41739,720,4,200,static,38,38,788.2461961222427,1.367589,1.106494,2.022759,1.7653,1.30291,2.674645,,0.630022,True,1
2,568,window_drift,41897,41019,41739,720,4,200,temporal,7,7,788.2461961222427,1.087345,0.875514,1.656615,1.895206,1.409482,2.88331,,0.630022,True,2
2,569,window_drift,39704,36542,39422,2880,4,200,temporal,18,18,-26.332436555250524,2.430746,1.822256,3.569394,5.52694,2.26134,6.437276,,2.670729,True,1
2,569,window_drift,39704,36542,39422,2880,4,200,static,143,143,-26.332436555250524,1.816808,1.276591,2.536276,3.306331,1.905893,4.092619,,2.670729,True,2
2,570,window_drift,38759,37242,38682,1440,8,200,static,146,146,179.13745466019225,1.63958,1.209019,2.668676,2.442043,1.581331,3.265158,,1.652239,True,1
2,570,window_drift,38759,37242,38682,1440,8,200,temporal,20,20,179.13745466019225,1.443913,1.126644,2.161169,2.461753,1.755345,3.245999,,1.652239,True,2
2,571,window_drift,41534,39756,41196,1440,6,1000,temporal,16,16,-454.7080289060691,1.849737,1.39519,2.646333,2.324846,1.54037,3.145407,,4.7343,True,1
2,571,window_drift,41534,39756,41196,1440,6,1000,static,111,111,-454.7080289060691,1.451055,1.074385,2.111052,2.75062,1.741523,3.475115,,4.7343,True,2
2,572,window_drift,38257,36726,38166,1440,4,1000,static,72,72,-201.3110487958386,1.634221,1.186685,2.45925,1.901506,1.277672,2.751912,,3.004194,True,1
2,572,window_drift,38257,36726,38166,1440,4,1000,temporal,10,10,-201.3110487958386,1.059753,0.796845,1.79208,2.561313,1.747092,3.329786,,3.004194,True,2
2,573,window_drift,43136,39995,42875,2880,2,1000,temporal,9,9,127.89907851087791,2.365878,1.800093,3.312609,2.959205,2.178265,3.713116,,19.817723,True,1
2,573,window_drift,43136,39995,42875,2880,2,1000,static,74,74,127.89907851087791,1.255959,0.835553,2.018893,1.982639,1.296461,2.708366,,19.817723,True,2
2,574,window_drift,41990,40546,41986,1440,4,200,static,70,70,134.56674444051237,1.614102,1.258272,2.465248,2.449395,1.360528,3.23945,,2.342693,True,1
2,574,window_drift,41990,40546,41986,1440,4,200,temporal,11,11,134.56674444051237,1.215768,0.828493,1.866863,1.685699,1.149508,2.427611,,2.342693,True,2
2,575,window_drift,40446,39649,40369,720,6,1000,temporal,9,9,1009.3838395216746,1.44142,1.118852,2.212836,1.77232,1.329651,2.505454,,2.623739,True,1
2,575,window_drift,40446,39649,40369,720,6,1000,static,54,54,1009.3838395216746,0.918259,0.721532,1.754243,1.637136,1.094625,2.384066,,2.623739,True,2
2,576,window_drift,43038,42443,42803,360,6,1000,static,32,32,-215.4513649531181,1.062347,0.821393,1.652319,1.667493,1.250311,2.745032,,2.913736,True,1
2,576,window_drift,43038,42443,42803,360,6,1000,temporal,9,9,-215.4513649531181,1.004169,0.719278,1.742866,1.63988,1.058721,2.38698,,2.913736,True,2
2,577,window_drift,38133,34959,37839,2880,4,5000,temporal,18,18,734.2732907865018,1.762496,1.068125,2.356734,3.062662,1.926373,3.830173,,0.534348,True,1
2,577,window_drift,38133,34959,37839,2880,4,5000,static,145,145,734.2732907865018,1.076578,0.714501,1.934346,2.068869,1.08457,2.780706,,0.534348,True,2
2,578,window_drift,38662,37024,38464,1440,8,200,static,146,146,-634.062395547913,1.298243,0.953281,2.1488,18.583125,1.308889,19.661066,,1.601482,True,1
2,578,window_drift,38662,37024,38464,1440,8,200,temporal,20,20,-634.0623955479193,1.793983,1.231042,2.673995,2.213868,1.364704,3.235324,,1.601482,True,2
2,579,window_drift,43040,42538,42898,360,2,5000,temporal,3,3,281.85988157458445,1.565337,1.234848,2.196512,1.583334,1.226705,2.296323,,1.274968,True,1
2,579,window_drift,43040,42538,42898,360,2,5000,static,11,11,281.85988157458445,1.069428,0.841113,1.76527,1.360387,1.054705,2.067988,,1.274968,True,2
2,580,window_drift,38730,37655,38375,720,2,1000,static,20,20,326.8874082213026,1.124131,0.855114,1.675113,1.519749,1.136159,2.37392,,2.260649,True,1
2,580,window_drift,38730,37655,38375,720,2,1000,temporal,3,3,326.8874082213026,0.922085,0.685376,1.573429,1.711138,1.159503,2.586241,,2.260649,True,2
2,581,window_drift,39582,39183,39543,360,4,1000,temporal,2,2,-177.78266905331924,1.011609,0.809765,1.653991,1.662224,1.156579,2.355092,,2.414672,True,1
2,581,window_drift,39582,39183,39543,360,4,1000,static,19,19,-177.78266905331924,0.836164,0.649994,1.606449,1.672299,1.211723,3.306811,,2.414672,True,2
2,582,window_drift,42410,40936,42376,1440,2,1000,static,34,34,-207.03073137818072,1.256821,0.898098,2.22808,2.12282,1.392606,2.897792,,2.543688,True,1
2,582,window_drift,42410,40936,42376,1440,2,1000,temporal,6,6,-207.03073137818072,1.000934,0.777496,1.666891,1.34828,0.970247,2.077933,,2.543688,True,2
2,583,window_drift,41321,40959,41319,360,6,1000,temporal,9,9,-1476.6828184086448,1.213796,0.953723,1.840164,1.95,1.372927,2.625722,,2.435404,True,1
2,583,window_drift,41321,40959,41319,360,6,1000,static,31,31,-1476.6828184086448,0.956146,0.709814,1.601262,2.800284,2.251755,3.584732,,2.435404,True,2
2,584,window_drift,39913,36825,39705,2880,6,1000,static,222,222,-1257.5552282028038,2.047797,1.518537,3.02782,2.640563,1.557395,3.435837,,0.789935,True,1
2,584,window_drift,39913,36825,39705,2880,6,1000,temporal,27,27,-1257.5552282028038,2.163873,1.728885,3.23958,2.514413,1.352896,3.447123,,0.789935,True,2
2,585,window_drift,42632,41600,42320,720,4,200,temporal,6,6,323.19103385008054,1.569384,1.270342,2.202341,2.137192,1.701964,2.81021,,1.888477,True,1
2,585,window_drift,42632,41600,42320,720,4,200,static,38,38,323.19103385008054,1.18348,0.934984,1.916228,1.978593,1.253376,2.663749,,1.888477,True,2
2,586,window_drift,38433,36921,38361,1440,4,5000,static,73,73,-358.52869541576274,1.530075,1.137981,2.299388,2.312307,1.537355,3.04199,,0.523441,True,1
2,586,window_drift,38433,36921,38361,1440,4,5000,temporal,10,10,-358.52869541576274,1.565087,1.033022,2.201159,2.426239,1.521632,3.10765,,0.523441,True,2
2,587,window_drift,42944,41464,42904,1440,6,200,temporal,15,15,426.3600518623848,1.566279,1.197922,2.326028,2.29431,1.597486,3.06804,,0.494137,True,1
2,587,window_drift,42944,41464,42904,1440,6,200,static,105,105,426.36005186238526,1.763347,1.04451,2.442094,2.276654,1.471475,3.005816,,0.494137,True,2
2,588,window_drift,40977,37959,40839,2880,4,1000,static,144,144,-329.46219962790906,2.022058,1.255639,2.856059,3.094159,1.696565,3.810643,,1.643576,True,1
2,588,window_drift,40977,37959,40839,2880,4,1000,temporal,20,20,-329.4621996279073,1.597036,1.00489,2.219097,3.389616,2.151013,4.096166,,1.643576,True,2
2,589,window_drift,42831,42413,42773,360,2,1000,temporal,3,3,-269.4741640890964,2.036129,1.665539,2.884272,2.702267,1.856217,3.41205,,19.249394,True,1
2,589,window_drift,42831,42413,42773,360,2,1000,static,10,10,-269.4741640890964,1.232554,1.006753,1.966985,1.580481,1.218503,2.820075,,19.249394,True,2
2,590,window_drift,40441,37475,40355,2880,8,5000,static,288,288,1353.211677302796,1.347207,0.925951,2.196753,2.864362,1.336201,3.614557,,0.56183,True,1
2,590,window_drift,40441,37475,40355,2880,8,5000,temporal,37,37,1353.211677302796,1.646661,1.210962,2.31407,2.681105,1.089768,3.428856,,0.56183,True,2
2,591,window_drift,38157,37173,37893,720,4,200,temporal,5,5,1066.149801665664,1.108777,0.835944,1.712369,1.84477,1.16989,2.7436,,1.51409,True,1
2,591,window_drift,38157,37173,37893,720,4,200,static,36,36,1066.149801665664,0.949857,0.694651,1.50778,2.29441,1.501732,2.994899,,1.51409,True,2
2,592,window_drift,40621,39691,40411,720,2,200,static,17,17,190.3996241960686,1.16401,0.900512,1.735595,2.815658,1.769977,3.524681,,0.485454,True,1
2,592,window_drift,40621,39691,40411,720,2,200,temporal,3,3,190.3996241960686,0.989477,0.704676,1.610756,1.397553,1.030278,2.29445,,0.485454,True,2
2,593,window_drift,40478,38859,40299,1440,4,1000,temporal,9,9,256.47399237259856,1.671888,1.294618,2.418107,2.440171,1.618477,3.169303,,1.450353,True,1
2,593,window_drift,40478,38859,40299,1440,4,1000,static,72,72,256.47399237259725,1.655394,1.175287,2.439579,2.049419,1.483764,2.764471,,1.450353,True,2
2,594,window_drift,42737,39502,42382,2880,4,1000,static,143,143,-786.6826679181737,1.490615,1.030038,2.193758,7.33249,1.455151,8.075373,,1.803257,True,1
2,594,window_drift,42737,39502,42382,2880,4,1000,temporal,20,20,-786.6826679181737,1.973935,1.241087,2.667745,11.981837,1.480108,12.837045,,1.803257,True,2
2,595,window_drift,39797,38069,39509,1440,2,1000,temporal,5,5,-142.52594864465095,1.455371,1.198232,2.059975,2.495083,1.621873,3.251858,,3.190836,True,1
2,595,window_drift,39797,38069,39509,1440,2,1000,static,40,40,-142.52594864465095,1.558397,1.147776,2.289613,1.396663,1.020834,2.12246,,3.190836,True,2
2,596,window_drift,38441,37407,38127,720,2,1000,static,16,16,844.0158394842327,1.067054,0.835934,1.657627,1.472647,1.097871,2.282853,,1.169339,True,1
2,596,window_drift,38441,37407,38127,720,2,1000,temporal,2,2,844.0158394842327,0.96556,0.749824,1.697287,1.485156,0.996156,2.156371,,1.169339,True,2
2,597,window_drift,42056,41157,41877,720,2,1000,temporal,3,3,292.0280694579925,1.664758,1.166775,2.22824,1.472897,1.152543,2.284996,,0.505184,True,1
2,597,window_drift,42056,41157,41877,720,2,1000,static,20,20,292.0280694579925,0.992952,0.735863,1.613511,1.466688,1.158202,2.110933,,0.505184,True,2
2,598,window_drift,39231,36067,38947,2880,2,1000,static,80,80,207.22923457228072,2.062159,1.201367,2.68446,1.757959,1.106864,2.842148,,2.167898,True,1
2,598,window_drift,39231,36067,38947,2880,2,1000,temporal,10,10,207.22923457228077,1.783978,1.108707,3.161001,1.627261,1.050078,2.399099,,2.167898,True,2
2,599,window_drift,42039,41263,41983,720,4,1000,temporal,6,6,1684.672288482942,1.485076,1.178673,2.077603,2.473201,1.775255,3.237186,,1.809797,True,1
2,599,window_drift,42039,41263,41983,720,4,1000,static,38,38,1684.672288482942,1.410853,1.031209,2.035619,2.18831,1.591387,2.965885,,1.809797,True,2
3,0,calibration,11546,10857,11217,360,8,200,temporal,13,13,2064.50932832452,1.014855,0.845759,1.705179,2.489185,1.727032,22.402473,,1.217591,True,1
3,0,calibration,11546,10857,11217,360,8,200,static,47,47,2064.50932832452,1.776277,1.486379,2.554734,2.279118,1.7985,3.055341,,1.217591,True,2
3,1,calibration,10500,10394,10454,60,6,1000,static,8,8,-260.3249038677108,1.345164,1.102637,1.978513,2.014287,1.720322,3.000979,,2.643718,True,1
3,1,calibration,10500,10394,10454,60,6,1000,temporal,3,3,-260.3249038677108,1.119463,0.949425,1.767253,2.325612,1.778014,3.053949,,2.643718,True,2
3,2,calibration,4992,4556,4736,180,2,1000,temporal,3,3,-185.8650546244482,0.958179,0.801632,1.676726,1.718189,1.454109,2.390596,,2.007226,True,1
3,2,calibration,4992,4556,4736,180,2,1000,static,7,7,-185.8650546244482,0.856886,0.665517,1.493459,1.89773,1.507259,2.563196,,2.007226,True,2
3,3,calibration,7147,6519,6879,360,4,200,static,22,22,540.7113543480731,1.515412,1.132613,2.106856,1.962157,1.319717,2.639932,,0.704185,True,1
3,3,calibration,7147,6519,6879,360,4,200,temporal,7,7,540.7113543480731,0.915735,0.736944,1.558186,1.444444,1.050518,2.160057,,0.704185,True,2
3,4,calibration,3077,2608,2968,360,4,1000,temporal,2,2,922.49225014919,1.026312,0.792148,1.744839,1.888276,1.529513,2.590768,,1.647022,True,1
3,4,calibration,3077,2608,2968,360,4,1000,static,15,15,922.49225014919,1.174897,1.001454,1.81851,1.396802,1.09726,2.174099,,1.647022,True,2
3,5,calibration,3799,3308,3668,360,4,5000,static,16,16,-994.3817051020092,1.102988,0.951549,1.683667,1.866303,1.544917,2.550107,,1.164261,True,1
3,5,calibration,3799,3308,3668,360,4,5000,temporal,2,2,-994.3817051020092,1.171602,1.000914,1.807164,1.767793,1.435221,2.510598,,1.164261,True,2
3,6,calibration,10172,9317,10037,720,4,200,temporal,7,7,1566.6455861265904,1.126955,0.906131,1.773602,2.998566,1.851841,27.205927,,1.822787,True,1
3,6,calibration,10172,9317,10037,720,4,200,static,36,36,1566.6455861265904,1.450423,1.183259,2.16877,2.10926,1.584346,2.876991,,1.822787,True,2
3,7,calibration,7212,5677,7117,1440,2,200,static,32,32,107.05222663388474,1.672569,1.107675,2.246988,2.177824,1.429032,3.240411,,1.612288,True,1
3,7,calibration,7212,5677,7117,1440,2,200,temporal,5,5,107.05222663388474,1.075647,0.854863,1.809026,1.56717,1.191202,2.372919,,1.612288,True,2
3,8,calibration,4936,4671,4851,180,6,1000,temporal,3,3,-905.3854869481206,1.327828,1.15041,1.913615,1.89123,1.583475,2.662497,,2.614084,True,1
3,8,calibration,4936,4671,4851,180,6,1000,static,15,15,-905.3854869481206,1.093945,0.922896,1.84519,1.883089,1.555082,2.71063,,2.614084,True,2
3,9,calibration,11052,10556,10736,180,2,200,static,6,6,-47.37548648690922,1.087454,0.909225,1.848716,1.785551,1.505337,2.7308,,0.748743,True,1
3,9,calibration,11052,10556,10736,180,2,200,temporal,2,2,-47.37548648690922,1.122567,0.955765,1.748875,1.721113,1.47461,2.571239,,0.748743,True,2
3,10,calibration,6365,6270,6330,60,6,200,temporal,3,3,-273.2894094962925,1.240116,1.019893,1.885812,1.358594,1.15717,2.302042,,1.651699,True,1
3,10,calibration,6365,6270,6330,60,6,200,static,9,9,-273.2894094962925,0.838728,0.711876,1.496123,1.239073,1.022607,1.928987,,1.651699,True,2
3,11,calibration,3641,3079,3439,360,2,200,static,7,7,120.08719073242683,1.014675,0.807251,1.621272,1.18383,0.969246,2.022729,,1.578367,True,1
3,11,calibration,3641,3079,3439,360,2,200,temporal,1,1,120.08719073242683,0.908344,0.783615,1.535652,1.11752,0.896606,1.843478,,1.578367,True,2
3,12,calibration,11349,9779,11219,1440,6,200,temporal,15,15,162.68273110021778,1.001074,0.807491,1.595163,24.003063,1.332044,24.938027,,0.815813,True,1
3,12,calibration,11349,9779,11219,1440,6,200,static,113,113,162.68273110021778,1.574181,1.283652,2.440331,2.454582,1.63984,3.203576,,0.815813,True,2
3,13,calibration,1552,1181,1541,360,4,1000,static,18,18,928.4819678301224,1.364534,1.18395,3.895782,2.783981,2.306538,3.750132,,1.267507,True,1
3,13,calibration,1552,1181,1541,360,4,1000,temporal,2,2,928.4819678301224,1.382631,1.204862,2.179386,1.918462,1.386917,2.921398,,1.267507,True,2
3,14,calibration,8318,8056,8116,60,6,1000,temporal,7,7,305.4927254077687,1.307597,1.111641,2.074627,2.209172,1.567561,3.12048,,0.635792,True,1
3,14,calibration,8318,8056,8116,60,6,1000,static,9,9,305.4927254077687,0.764416,0.632496,1.608683,1.972784,1.558286,2.876049,,0.635792,True,2
3,15,calibration,9545,9300,9360,60,2,5000,static,3,3,88.55991454957393,1.18336,0.799138,1.937791,1.796847,1.432587,2.659893,,1.584466,True,1
3,15,calibration,9545,9300,9360,60,2,5000,temporal,1,1,88.55991454957393,1.881456,1.61351,2.740906,1.973634,1.675204,2.921648,,1.584466,True,2
3,16,calibration,6185,5657,6017,360,8,200,temporal,12,12,875.7331900596046,1.439016,1.22299,2.244224,2.68414,2.105375,3.461936,,2.094668,True,1
3,16,calibration,6185,5657,6017,360,8,200,static,42,42,875.7331900596046,1.352265,1.170771,2.041248,1.891931,1.449272,2.635065,,2.094668,True,2
3,17,calibration,6988,5346,6786,1440,2,200,static,33,33,166.7683671893567,1.12425,0.889505,1.707132,2.092805,1.56682,2.928659,,1.569865,True,1
3,17,calibration,6988,5346,6786,1440,2,200,temporal,6,6,166.7683671893567,0.914593,0.658045,1.616395,1.596755,1.164892,2.374672,,1.569865,True,2
3,18,calibration,8312,7671,8031,360,6,200,temporal,5,5,-252.5132757967998,1.536003,1.319916,2.456315,1.879233,1.463444,2.905895,,15.440623,True,1
3,18,calibration,8312,7671,8031,360,6,200,static,30,30,-252.5132757967998,1.259425,1.065692,2.183883,1.664097,1.1836,2.702508,,15.440623,True,2
3,19,calibration,6009,4291,5731,1440,4,200,static,73,73,362.6290967636663,1.466568,0.948194,2.296414,1.870249,1.271714,2.802519,,2.655346,True,1
3,19,calibration,6009,4291,5731,1440,4,200,temporal,11,11,362.6290967636663,1.17027,0.974644,1.977611,2.225045,1.367488,3.18661,,2.655346,True,2
3,20,calibration,1798,1534,1714,180,6,1000,temporal,9,9,733.749027567594,1.163059,1.008115,2.020295,1.535993,1.291313,2.776689,,1.677597,True,1
3,20,calibration,1798,1534,1714,180,6,1000,static,20,20,733.749027567594,0.942385,0.776013,1.77896,1.405776,1.127735,2.345698,,1.677597,True,2
3,21,calibration,4530,3079,4519,1440,4,200,static,71,71,216.57709096920095,1.364964,0.894593,2.131083,1.815827,1.183751,2.754316,,0.688642,True,1
3,21,calibration,4530,3079,4519,1440,4,200,temporal,9,9,216.57709096920095,1.040934,0.861493,2.028458,1.722946,1.075176,2.727165,,0.688642,True,2
3,22,calibration,12329,11899,12259,360,6,1000,temporal,3,3,766.187088320966,1.10385,0.913782,1.933244,2.346449,1.859863,3.31286,,1.888647,True,1
3,22,calibration,12329,11899,12259,360,6,1000,static,27,27,766.187088320966,1.023909,0.846731,1.809617,1.688414,1.293186,2.749479,,1.888647,True,2
3,23,calibration,12046,11789,11849,60,2,1000,static,1,1,-109.37571331199808,0.967914,0.79967,1.714544,1.701454,1.466308,2.614764,,2.603648,True,1
3,23,calibration,12046,11789,11849,60,2,1000,temporal,1,1,-109.37571331199808,0.859139,0.686128,1.624487,1.543655,1.347719,2.406639,,2.603648,True,2
3,24,calibration,8233,7969,8029,60,2,1000,temporal,1,1,64.37612776419452,1.403542,1.138913,2.227539,1.832522,1.578027,2.798813,,2.117022,True,1
3,24,calibration,8233,7969,8029,60,2,1000,static,1,1,64.37612776419452,1.125883,0.941884,1.906253,1.882677,1.628624,2.775287,,2.117022,True,2
3,25,calibration,4954,4812,4872,60,8,1000,static,9,9,-367.9438481509216,1.430673,1.123149,2.258506,1.81182,1.54012,3.132467,,1.973355,True,1
3,25,calibration,4954,4812,4872,60,8,1000,temporal,4,4,-367.9438481509216,1.057249,0.891168,1.834735,1.986905,1.660511,2.938254,,1.973355,True,2
3,26,calibration,12973,11996,12716,720,4,1000,temporal,7,7,1661.7116666897946,1.041556,0.850276,1.856898,1.918732,1.462772,2.867697,,2.032754,True,1
3,26,calibration,12973,11996,12716,720,4,1000,static,39,39,1661.7116666897946,0.947513,0.771026,1.700381,1.887935,1.447359,3.005806,,2.032754,True,2
3,27,calibration,3621,3231,3291,60,2,200,static,2,2,-8.73726026325311,0.970988,0.831016,1.528913,1.415061,1.221498,2.132625,,1.808115,True,1
3,27,calibration,3621,3231,3291,60,2,200,temporal,1,1,-8.73726026325311,0.94531,0.802444,1.484676,1.152323,0.962896,1.867335,,1.808115,True,2
3,28,calibration,6092,4330,5770,1440,2,200,temporal,4,4,183.89749210262613,2.11594,1.85138,3.059057,1.715845,1.235369,2.436115,,1.759532,True,1
3,28,calibration,6092,4330,5770,1440,2,200,static,32,32,183.89749210262613,1.07757,0.843355,1.802616,1.701003,1.2964,2.37393,,1.759532,True,2
3,29,calibration,12544,12230,12410,180,4,1000,static,12,12,716.5181006359155,1.037729,0.878628,1.654332,1.558557,1.281147,2.350816,,1.580771,True,1
3,29,calibration,12544,12230,12410,180,4,1000,temporal,6,6,716.5181006359155,0.944329,0.788042,1.502973,1.272715,1.019162,1.976119,,1.580771,True,2
3,30,calibration,9463,9070,9250,180,4,1000,temporal,2,2,-556.2984556605985,1.443283,1.225394,2.185084,3.94065,3.505582,5.043448,,22.182479,True,1
3,30,calibration,9463,9070,9250,180,4,1000,static,9,9,-556.2984556605985,1.091921,0.888313,1.740142,1.803047,1.479888,2.511138,,22.182479,True,2
3,31,calibration,12700,12005,12365,360,4,200,static,19,19,1051.559508743971,1.084951,0.907973,1.73229,1.53352,1.199745,2.34686,,1.655464,True,1
3,31,calibration,12700,12005,12365,360,4,200,temporal,4,4,1051.559508743971,0.960272,0.809124,1.55387,1.759711,1.220777,2.583147,,1.655464,True,2
3,32,calibration,10455,8674,10114,1440,2,1000,temporal,6,6,-130.30182919381934,1.347168,1.079122,1.991993,1.711359,1.2493,2.438439,,0.769724,True,1
3,32,calibration,10455,8674,10114,1440,2,1000,static,34,34,-130.30182919381934,1.345095,1.036097,2.019784,1.827955,1.297893,2.606372,,0.769724,True,2
3,33,calibration,1456,464,1184,720,2,1000,static,18,18,-792.0655710968272,1.02479,0.864598,1.63365,1.611467,1.281778,2.470636,,1.500279,True,1
3,33,calibration,1456,464,1184,720,2,1000,temporal,3,3,-792.0655710968272,0.901683,0.715973,1.557405,1.694082,1.16413,2.361171,,1.500279,True,2
3,34,calibration,9490,8976,9336,360,4,5000,temporal,2,2,-484.8664213922197,0.903266,0.729353,1.721133,1.688234,1.325254,2.761246,,1.403022,True,1
3,34,calibration,9490,8976,9336,360,4,5000,static,18,18,-484.8664213922197,0.948795,0.789114,1.671237,1.81791,1.23654,2.553392,,1.403022,True,2
3,35,calibration,13484,13225,13405,180,2,200,static,5,5,92.75987937168529,1.150881,0.956447,1.763607,1.838991,1.152273,2.581003,,1.741444,True,1
3,35,calibration,13484,13225,13405,180,2,200,temporal,1,1,92.75987937168529,1.016357,0.858408,1.694272,1.665138,1.305565,2.454782,,1.741444,True,2
3,36,calibration,3884,3807,3867,60,6,1000,temporal,3,3,-145.33442372707484,1.131822,0.965761,1.887204,21.31857,1.12379,22.230119,,1.378725,True,1
3,36,calibration,3884,3807,3867,60,6,1000,static,8,8,-145.33442372707484,1.680722,1.48771,2.468243,2.409614,1.839631,3.193199,,1.378725,True,2
3,37,calibration,11723,11324,11504,180,6,1000,static,14,14,-803.9557796618274,1.314017,1.094956,2.160337,1.721854,1.356952,2.687485,,1.288659,True,1
3,37,calibration,11723,11324,11504,180,6,1000,temporal,4,4,-803.9557796618274,0.887602,0.717125,1.526709,1.364534,1.099943,2.128309,,1.288659,True,2
3,38,calibration,10176,9752,9932,180,4,1000,temporal,2,2,531.7321997347375,1.199163,1.001064,1.813703,1.658839,1.098992,2.394361,,1.103849,True,1
3,38,calibration,10176,9752,9932,180,4,1000,static,9,9,531.7321997347375,0.960302,0.796204,1.766672,1.41489,1.165733,2.284365,,1.103849,True,2
3,39,calibration,10391,8668,10108,1440,8,200,static,148,148,-603.7264530891218,1.795786,1.079352,2.550888,5.075836,1.220867,5.846271,,1.537736,True,1
3,39,calibration,10391,8668,10108,1440,8,200,temporal,22,22,-603.7264530891218,0.996397,0.790606,1.772621,1.996409,1.3087,2.747044,,1.537736,True,2
3,40,calibration,11301,10786,11146,360,6,1000,temporal,9,9,1759.535604400289,1.016217,0.848714,1.673041,2.075855,1.248368,3.711503,,2.233738,True,1
3,40,calibration,11301,10786,11146,360,6,1000,static,34,34,1759.535604400289,2.352788,1.836317,3.219439,1.768595,1.36236,2.879004,,2.233738,True,2
3,41,calibration,6847,6468,6648,180,8,200,static,23,23,232.541203066859,1.178702,0.983888,1.97091,2.827126,2.362333,3.894961,,2.193016,True,1
3,41,calibration,6847,6468,6648,180,8,200,temporal,7,7,232.541203066859,1.050538,0.878269,1.882707,24.044984,1.72531,25.46381,,2.193016,True,2
3,42,calibration,1606,605,1325,720,2,5000,temporal,3,3,-634.3782780019221,1.759631,1.502873,2.591149,2.281311,1.692089,3.241372,,2.073126,True,1
3,42,calibration,1606,605,1325,720,2,5000,static,21,21,-634.3782780019221,1.598458,1.38811,2.406659,1.568582,1.256371,2.496806,,2.073126,True,2
3,43,calibration,8806,7898,8618,720,4,200,static,39,39,1562.5727039891028,1.452898,1.186544,2.178995,1.617346,1.237791,2.591059,,1.998292,True,1
3,43,calibration,8806,7898,8618,720,4,200,temporal,9,9,1562.5727039891028,1.169068,0.968144,1.97027,1.531627,1.179875,2.442864,,1.998292,True,2
3,44,calibration,6256,5619,5979,360,4,200,temporal,6,6,1025.9528561406523,1.386056,1.147826,2.126306,2.027045,1.428079,2.973617,,1.900475,True,1
3,44,calibration,6256,5619,5979,360,4,200,static,23,23,1025.9528561406523,2.272267,1.892172,3.099057,2.004171,1.590495,2.912364,,1.900475,True,2
3,45,calibration,6455,5840,6200,360,2,200,static,12,12,-502.9390272129826,1.0714,0.883035,1.85452,1.937711,1.457414,2.687504,,2.010971,True,1
3,45,calibration,6455,5840,6200,360,2,200,temporal,3,3,-502.9390272129826,1.069277,0.883336,1.947405,1.630366,1.195138,2.324365,,2.010971,True,2
3,46,calibration,2142,1908,2088,180,2,1000,temporal,2,2,-279.8293952659228,1.486368,1.263331,2.107116,1.594512,1.330262,2.397346,,2.980487,True,1
3,46,calibration,2142,1908,2088,180,2,1000,static,8,8,-279.8293952659228,1.027374,0.870526,1.644027,1.60682,1.218402,2.328101,,2.980487,True,2
3,47,calibration,2995,1366,2806,1440,4,200,static,72,72,315.1490761527713,1.072753,0.835304,1.769026,1.965522,1.265203,2.667353,,1.442431,True,1
3,47,calibration,2995,1366,2806,1440,4,200,temporal,11,11,315.1490761527713,1.086543,0.882314,1.794174,1.782546,1.222429,2.464067,,1.442431,True,2
3,48,calibration,5455,5137,5317,180,2,200,temporal,1,1,-216.4453259129222,1.62695,1.373908,2.295201,2.079725,1.782956,2.937563,,1.688974,True,1
3,48,calibration,5455,5137,5317,180,2,200,static,6,6,-216.4453259129222,1.630556,1.365995,2.263253,1.598086,1.310522,2.567583,,1.688974,True,2
3,49,calibration,13644,13252,13432,180,2,200,static,5,5,36.99000173291792,0.979401,0.798578,1.587771,1.449943,1.006432,2.113917,,1.526468,True,1
3,49,calibration,13644,13252,13432,180,2,200,temporal,1,1,36.99000173291792,1.381379,1.099784,2.008948,1.406397,1.158302,2.156481,,1.526468,True,2
3,50,calibration,4498,3694,4414,720,4,200,temporal,5,5,937.3442735019644,1.141457,0.962405,1.760432,1.546089,1.175558,2.236743,,1.482993,True,1
3,50,calibration,4498,3694,4414,720,4,200,static,36,36,937.3442735019644,0.956055,0.797767,1.607972,2.058433,1.60665,3.909212,,1.482993,True,2
3,51,calibration,12479,12277,12457,180,4,1000,static,15,15,451.4376269576293,1.046522,0.874793,1.668854,1.673721,1.384153,2.420861,,1.316361,True,1
3,51,calibration,12479,12277,12457,180,4,1000,temporal,5,5,451.4376269576293,1.204461,1.040834,1.899082,1.723897,1.293677,2.447982,,1.316361,True,2
3,52,calibration,4984,4443,4803,360,2,1000,temporal,2,2,-98.98462389611458,1.338445,1.142087,1.915847,2.037071,1.753292,2.695496,,1.358134,True,1
3,52,calibration,4984,4443,4803,360,2,1000,static,9,9,-98.98462389611458,1.06473,0.893812,1.684447,5.225583,4.899169,6.518548,,1.358134,True,2
3,53,calibration,9119,8440,8800,360,4,5000,static,23,23,266.2309982803285,1.152513,0.927072,1.786251,1.504475,1.095677,2.175139,,5.305523,True,1
3,53,calibration,9119,8440,8800,360,4,5000,temporal,7,7,266.2309982803285,1.939483,1.734933,2.665702,1.473248,1.192173,2.292547,,5.305523,True,2
3,54,calibration,10301,8529,9969,1440,2,1000,temporal,5,5,123.5859805167778,1.5144,1.238182,2.324165,1.793232,1.33608,2.748036,,1.522733,True,1
3,54,calibration,10301,8529,9969,1440,2,1000,static,39,39,123.5859805167778,0.953932,0.761051,1.611367,1.373447,0.996798,2.170242,,1.522733,True,2
3,55,calibration,11632,9985,11425,1440,2,200,static,40,40,-76.87232444003189,1.068226,0.823806,1.648954,2.379659,1.774143,3.2797,,1.958211,True,1
3,55,calibration,11632,9985,11425,1440,2,200,temporal,6,6,-76.87232444003189,1.032542,0.757676,1.662344,1.87081,1.263852,2.586271,,1.958211,True,2
3,56,calibration,6176,5700,6060,360,2,200,temporal,3,3,232.1531587198005,1.563054,1.314158,2.193838,1.671087,1.240316,2.365407,,1.544616,True,1
3,56,calibration,6176,5700,6060,360,2,200,static,10,10,232.1531587198005,0.844847,0.697084,1.450554,1.347328,1.086613,2.123762,,1.544616,True,2
3,57,calibration,7491,7025,7205,180,2,1000,static,6,6,317.0017790401305,1.270882,1.083318,1.99021,1.698678,1.310081,2.482114,,1.97053,True,1
3,57,calibration,7491,7025,7205,180,2,1000,temporal,1,1,317.0017790401305,0.735052,0.576933,1.50128,4.123316,3.88105,5.036006,,1.97053,True,2
3,58,calibration,13760,13175,13535,360,2,1000,temporal,1,1,351.1267815486589,1.324693,1.141135,1.953815,1.308299,1.064219,2.095719,,1.828646,True,1
3,58,calibration,13760,13175,13535,360,2,1000,static,12,12,351.1267815486589,0.901182,0.710464,1.50742,1.302009,1.062347,2.089229,,1.828646,True,2
3,59,calibration,6011,5237,5957,720,6,5000,static,57,57,2348.491280707344,1.69908,1.413537,2.337455,1.876568,1.375259,2.608656,,3.609669,True,1
3,59,calibration,6011,5237,5957,720,6,5000,temporal,8,8,2348.491280707344,0.911318,0.772959,1.485727,1.356331,0.930598,2.048488,,3.609669,True,2
3,60,calibration,9847,9066,9786,720,2,200,temporal,3,3,784.7331011818119,1.190761,0.986471,1.919553,1.316821,1.016267,2.357456,,20.649328,True,1
3,60,calibration,9847,9066,9786,720,2,200,static,16,16,784.7331011818119,0.889465,0.736934,1.512347,2.383014,1.959103,3.384108,,20.649328,True,2
3,61,calibration,2941,1413,2853,1440,4,200,static,72,72,361.5076242602697,1.08426,0.836085,1.986444,3.144335,2.421332,3.902692,,2.826334,True,1
3,61,calibration,2941,1413,2853,1440,4,200,temporal,11,11,361.5076242602697,0.995185,0.797967,1.629604,5.102928,1.920744,5.939272,,2.826334,True,2
3,62,calibration,11276,10849,11209,360,4,1000,temporal,6,6,862.1587115635346,1.07137,0.891739,1.930299,1.863098,1.523544,2.650388,,1.957781,True,1
3,62,calibration,11276,10849,11209,360,4,1000,static,24,24,862.1587115635346,1.311403,1.094275,1.919843,1.680652,1.238433,2.3938,,1.957781,True,2
3,63,calibration,10928,10301,10661,360,2,200,static,7,7,-490.80248707917934,1.084169,0.908665,1.654011,1.495301,1.211382,2.211004,,1.806462,True,1
3,63,calibration,10928,10301,10661,360,2,200,temporal,1,1,-490.80248707917934,0.982546,0.813541,1.544996,2.264164,1.879002,2.954779,,1.806462,True,2
3,64,calibration,5432,3848,5288,1440,2,200,temporal,5,5,-41.409575798993785,0.939881,0.744386,1.671808,2.178184,1.532087,2.885794,,1.840904,True,1
3,64,calibration,5432,3848,5288,1440,2,200,static,41,41,-41.409575798993785,1.050238,0.857116,1.650697,1.812901,1.411675,2.467622,,1.840904,True,2
3,65,calibration,12841,11886,12606,720,4,200,static,38,38,1664.4505403035955,1.100014,0.929226,1.63345,1.420368,1.037809,2.106686,,0.505164,True,1
3,65,calibration,12841,11886,12606,720,4,200,temporal,6,6,1664.4505403035955,1.477845,1.225504,2.108519,1.545287,1.160636,2.213657,,0.505164,True,2
3,66,calibration,12204,12082,12142,60,2,1000,temporal,1,1,78.96427219840236,1.364694,1.155498,1.967265,1.471956,1.224072,2.167528,,0.686849,True,1
3,66,calibration,12204,12082,12142,60,2,1000,static,4,4,78.96427219840236,0.920703,0.77363,1.479087,2.59227,1.87822,3.268403,,0.686849,True,2
3,67,calibration,9562,9193,9253,60,4,200,static,7,7,-6.276627559684787,1.337513,1.114825,1.993565,1.683215,1.384764,2.36717,,3.27962,True,1
3,67,calibration,9562,9193,9253,60,4,200,temporal,2,2,-6.276627559684787,1.820523,1.598137,2.392468,1.301468,1.100405,1.936398,,3.27962,True,2
3,68,calibration,6266,5955,6135,180,2,5000,temporal,1,1,-61.87695300219841,1.0645,0.89934,1.682785,1.97723,1.614141,2.818002,,1.366727,True,1
3,68,calibration,6266,5955,6135,180,2,5000,static,5,5,-61.87695300219841,1.053223,0.878269,1.627932,2.170783,1.685318,2.84358,,1.366727,True,2
3,69,calibration,2216,1634,1994,360,2,200,static,11,11,-1.756313958762563,0.9853,0.822564,1.551376,1.619809,1.370593,2.421502,,1.594471,True,1
3,69,calibration,2216,1634,1994,360,2,200,temporal,3,3,-1.756313958762563,0.834442,0.704626,1.383472,1.461791,1.235879,2.124513,,1.594471,True,2
3,70,calibration,5659,4828,5548,720,2,1000,temporal,3,3,201.22368619423855,1.412065,1.189019,1.995718,1.518817,1.194306,2.19481,,0.667319,True,1
3,70,calibration,5659,4828,5548,720,2,1000,static,14,14,201.22368619423855,0.790315,0.646568,1.475351,1.318684,1.052261,2.035288,,0.667319,True,2
3,71,calibration,8696,8408,8588,180,2,200,static,4,4,-20.723292170564925,1.135998,0.940863,1.747683,2.031732,1.687291,2.847917,,2.319047,True,1
3,71,calibration,8696,8408,8588,180,2,200,temporal,1,1,-20.723292170564925,0.995605,0.828122,1.625778,1.628293,1.23702,2.261319,,2.319047,True,2
3,72,calibration,7111,6587,6767,180,6,200,temporal,9,9,352.2592791825575,1.023878,0.853601,1.620841,21.844596,1.368549,22.597585,,1.753612,True,1
3,72,calibration,7111,6587,6767,180,6,200,static,24,24,352.2592791825575,1.394829,1.219624,2.032294,2.582525,2.133766,3.36562,,1.753612,True,2
3,73,calibration,11935,11650,11830,180,4,200,static,13,13,-573.3101976507509,1.168537,1.002125,1.749646,2.061248,1.727612,2.849369,,1.291283,True,1
3,73,calibration,11935,11650,11830,180,4,200,temporal,5,5,-573.3101976507509,1.548422,1.190561,2.141298,1.697598,1.429882,2.407932,,1.291283,True,2
3,74,calibration,5252,4724,5084,360,2,200,temporal,2,2,-554.7338667361411,1.190841,0.994093,1.786882,1.557535,1.299636,2.223493,,1.635894,True,1
3,74,calibration,5252,4724,5084,360,2,200,static,10,10,-554.7338667361411,2.864642,2.487582,3.43795,1.806582,1.372946,2.498859,,1.635894,True,2
3,75,calibration,2454,1921,2101,180,6,1000,static,18,18,-503.9431932413006,1.221186,1.030599,1.844089,1.598117,1.292876,2.344746,,2.378757,True,1
3,75,calibration,2454,1921,2101,180,6,1000,temporal,4,4,-503.9431932413006,7.755919,0.709333,8.389108,1.809948,1.459918,2.555585,,2.378757,True,2
3,76,calibration,1591,1398,1578,180,6,200,temporal,9,9,908.8566772565194,1.511286,1.292014,2.22811,1.873493,1.384544,2.580513,,1.902968,True,1
3,76,calibration,1591,1398,1578,180,6,200,static,21,21,908.8566772565194,1.109208,0.953993,1.707281,1.789646,1.483964,2.596456,,1.902968,True,2
3,77,calibration,10063,9057,9777,720,2,200,static,21,21,223.07504215003576,1.054204,0.853131,1.620761,1.468181,1.169328,2.134438,,0.472846,True,1
3,77,calibration,10063,9057,9777,720,2,200,temporal,3,3,223.07504215003576,0.955506,0.792489,1.529623,2.183622,1.66616,2.859264,,0.472846,True,2
3,78,calibration,13340,11624,13064,1440,4,5000,temporal,12,12,-365.658899011357,1.812261,1.227306,2.54571,2.676428,1.93695,3.453453,,20.97414,True,1
3,78,calibration,13340,11624,13064,1440,4,5000,static,74,74,-365.658899011357,1.27618,0.967614,2.234669,2.28109,1.52715,3.797623,,20.97414,True,2
3,79,calibration,5092,4966,5026,60,2,5000,static,3,3,-121.84684890531096,1.109888,0.897166,1.753332,1.949098,1.629054,2.674304,,2.182291,True,1
3,79,calibration,5092,4966,5026,60,2,5000,temporal,1,1,-121.84684890531096,1.15057,0.889756,1.771329,1.504145,1.304723,2.309994,,2.182291,True,2
3,80,calibration,3751,3495,3675,180,2,1000,temporal,1,1,-313.9820281364275,5.18386,0.951689,5.907183,2.221089,1.866022,3.049983,,2.166707,True,1
3,80,calibration,3751,3495,3675,180,2,1000,static,3,3,-313.9820281364275,1.286526,1.026943,1.907595,1.682334,1.425716,2.546441,,2.166707,True,2
3,81,calibration,2679,2188,2368,180,8,1000,static,29,29,-1448.5002966187285,1.268639,1.075707,1.868315,1.512888,1.239164,2.251605,,0.66815,True,1
3,81,calibration,2679,2188,2368,180,8,1000,temporal,12,12,-1448.5002966187285,1.419207,1.224842,2.154999,1.780303,1.423793,2.632001,,0.66815,True,2
3,82,calibration,14328,13766,14126,360,2,200,temporal,3,3,174.69225208022965,1.602764,1.271873,2.170923,1.694282,1.394038,2.674855,,0.923868,True,1
3,82,calibration,14328,13766,14126,360,2,200,static,11,11,174.69225208022965,1.133714,0.907022,1.909258,1.704147,1.437063,2.464046,,0.923868,True,2
3,83,calibration,2396,730,2170,1440,2,5000,static,34,34,-150.9740026795978,1.420258,1.193335,2.298295,1.581031,1.106854,2.324585,,1.701203,True,1
3,83,calibration,2396,730,2170,1440,2,5000,temporal,6,6,-150.9740026795978,1.323611,1.043578,2.092394,20.236514,19.600382,21.103676,,1.701203,True,2
3,84,calibration,9988,8946,9666,720,4,1000,temporal,7,7,273.4894300957726,1.360257,1.151472,1.990991,2.365177,1.882307,3.12137,,2.179726,True,1
3,84,calibration,9988,8946,9666,720,4,1000,static,38,38,273.4894300957726,1.433127,1.198282,2.039153,1.69929,1.299215,2.875634,,2.179726,True,2
3,85,calibration,9909,9284,9644,360,2,200,static,12,12,585.2363460653847,1.0979,0.907242,1.926644,2.124484,1.713782,3.225017,,1.660692,True,1
3,85,calibration,9909,9284,9644,360,2,200,temporal,3,3,585.2363460653847,1.920324,1.645869,2.729979,1.718749,1.409101,2.8031,,1.660692,True,2
3,86,calibration,3144,1369,2809,1440,4,200,temporal,11,11,319.5943873431496,1.806272,1.223991,2.643018,2.783249,2.130312,3.788259,,1.845621,True,1
3,86,calibration,3144,1369,2809,1440,4,200,static,72,72,319.5943873431496,1.596264,1.272855,2.568064,2.579251,1.770848,3.668458,,1.845621,True,2
3,87,calibration,7514,6620,7340,720,6,200,static,58,58,2097.2209391066435,1.700121,1.449292,2.647074,2.531739,1.677377,3.622408,,1.643285,True,1
3,87,calibration,7514,6620,7340,720,6,200,temporal,10,10,2097.2209391066435,1.431645,1.186394,2.295792,3.095632,2.4863,4.165901,,1.643285,True,2
3,88,calibration,3005,2326,2686,360,4,200,temporal,4,4,-269.1993574500742,1.583554,1.369081,2.198034,2.183261,1.664437,2.94241,,2.087352,True,1
3,88,calibration,3005,2326,2686,360,4,200,static,16,16,-269.1993574500742,1.378725,1.190601,1.994386,2.190142,1.789927,2.901237,,2.087352,True,2
3,89,calibration,3234,2942,3122,180,6,200,static,22,22,950.8069035559604,1.647011,1.376942,2.295221,2.018904,1.717087,3.020027,,0.997629,True,1
3,89,calibration,3234,2942,3122,180,6,200,temporal,9,9,950.8069035559604,1.891891,1.625057,2.489175,2.211295,1.826212,2.992766,,0.997629,True,2
3,90,calibration,8603,6964,8404,1440,4,200,temporal,11,11,237.1748324927746,1.248158,1.019271,1.799922,1.734473,1.139113,2.476746,,0.907392,True,1
3,90,calibration,8603,6964,8404,1440,4,200,static,74,74,237.1748324927746,1.63339,1.33605,2.323283,1.876287,1.346406,2.675596,,0.907392,True,2
3,91,calibration,12422,12231,12291,60,2,200,static,3,3,135.80439980024673,1.32919,1.143319,2.030992,1.230912,1.070378,2.138123,,1.694342,True,1
3,91,calibration,12422,12231,12291,60,2,200,temporal,1,1,135.80439980024673,1.310773,1.093313,1.952623,1.385896,1.155378,2.085534,,1.694342,True,2
3,92,calibration,9627,9235,9295,60,4,1000,temporal,2,2,58.62968630836787,1.096889,0.948825,1.8714,1.605067,1.289229,2.291596,,1.730967,True,1
3,92,calibration,9627,9235,9295,60,4,1000,static,7,7,58.62968630836787,1.001014,0.818658,1.846692,1.854194,1.529743,2.574053,,1.730967,True,2
3,93,calibration,12076,11624,11804,180,6,200,static,22,22,-906.320987859098,1.094235,0.908924,1.764629,1.844309,1.539769,2.874247,,1.464185,True,1
3,93,calibration,12076,11624,11804,180,6,200,temporal,9,9,-906.320987859098,0.982115,0.829414,1.617796,1.595533,1.273215,2.320299,,1.464185,True,2
3,94,calibration,12336,11782,12142,360,2,5000,temporal,1,1,158.08389966487013,1.462262,1.21649,2.135109,1.619939,1.320507,2.450536,,1.694562,True,1
3,94,calibration,12336,11782,12142,360,2,5000,static,11,11,158.08389966487013,1.29598,1.045752,1.963118,1.790448,1.314347,2.5657,,1.694562,True,2
3,95,calibration,4038,3615,3795,180,4,5000,static,13,13,-722.5447357253887,1.529834,1.268128,2.174538,18.662784,1.364504,19.914397,,1.848125,True,1
3,95,calibration,4038,3615,3795,180,4,5000,temporal,5,5,-722.5447357253887,1.420608,1.227216,2.178054,2.28787,1.911961,3.232619,,1.848125,True,2
3,96,calibration,4345,2710,4150,1440,4,200,temporal,10,10,365.4201577867877,1.268679,1.007464,2.060446,2.534523,1.927976,3.304868,,1.726811,True,1
3,96,calibration,4345,2710,4150,1440,4,200,static,71,71,365.4201577867877,1.471595,1.188808,2.130702,2.217092,1.400087,2.979545,,1.726811,True,2
3,97,calibration,14240,13705,14065,360,4,200,static,22,22,252.72280141231207,1.424004,1.179093,2.033285,1.668413,1.324463,2.406679,,1.96373,True,1
3,97,calibration,14240,13705,14065,360,4,200,temporal,6,6,252.72280141231207,1.098271,0.903206,1.707272,1.650847,1.308299,2.332648,,1.96373,True,2
3,98,calibration,3363,3090,3270,180,4,1000,temporal,2,2,299.12268210282406,0.974734,0.825909,1.607441,1.479818,1.254147,2.202221,,1.441961,True,1
3,98,calibration,3363,3090,3270,180,4,1000,static,10,10,299.12268210282406,1.46116,1.219164,2.126586,1.327488,1.080935,1.967145,,1.441961,True,2
3,99,calibration,8665,7063,8503,1440,2,200,static,34,34,210.45190553295367,1.248538,0.986561,1.820644,1.901806,1.410623,2.670379,,1.695053,True,1
3,99,calibration,8665,7063,8503,1440,2,200,temporal,6,6,210.45190553295367,1.100594,0.884407,1.885241,2.326778,1.69282,3.167801,,1.695053,True,2
3,100,calibration,13973,12301,13741,1440,4,1000,temporal,10,10,274.5285104945299,1.67936,1.185593,2.466791,2.271005,1.443263,3.215923,,1.651107,True,1
3,100,calibration,13973,12301,13741,1440,4,1000,static,73,73,274.5285104945299,1.324853,1.003167,2.131513,2.496505,1.735555,3.316516,,1.651107,True,2
3,101,calibration,10410,10110,10290,180,2,1000,static,9,9,-305.23263237431746,1.020463,0.848223,1.743977,1.44822,1.154456,2.197673,,2.526351,True,1
3,101,calibration,10410,10110,10290,180,2,1000,temporal,3,3,-305.23263237431746,1.242509,1.000083,1.888145,2.016349,1.301429,2.741917,,2.526351,True,2
3,102,calibration,5457,4960,5320,360,2,200,temporal,3,3,-457.8808521545404,2.027516,1.616434,2.65146,1.639098,1.332826,2.690158,,0.746539,True,1
3,102,calibration,5457,4960,5320,360,2,200,static,10,10,-457.8808521545404,1.051811,0.779549,1.718259,2.404997,1.986404,3.161121,,0.746539,True,2
3,103,calibration,13731,13028,13388,360,2,1000,static,11,11,-117.92595452106768,1.209459,0.99157,1.864079,1.893203,1.547881,2.668636,,2.164263,True,1
3,103,calibration,13731,13028,13388,360,2,1000,temporal,3,3,-117.92595452106768,1.047825,0.862715,1.670547,1.446157,1.143159,2.221339,,2.164263,True,2
3,104,calibration,7275,6895,7075,180,4,5000,temporal,3,3,658.155909317035,2.02349,1.812021,2.615325,1.588733,1.26954,2.288981,,0.560107,True,1
3,104,calibration,7275,6895,7075,180,4,5000,static,10,10,658.155909317035,1.193785,1.010107,1.824319,1.416212,1.153754,2.206156,,0.560107,True,2
3,105,calibration,7623,6913,7273,360,2,200,static,7,7,463.0407496299008,1.984111,1.554892,2.575695,2.183463,1.637337,2.898363,,1.181857,True,1
3,105,calibration,7623,6913,7273,360,2,200,temporal,1,1,463.0407496299008,1.259374,1.09788,1.833423,1.535262,1.214717,2.318456,,1.181857,True,2
3,106,calibration,7142,6832,7012,180,4,200,temporal,3,3,642.5462245273734,1.300537,1.105301,1.960515,2.733484,2.205055,3.441956,,4.155074,True,1
3,106,calibration,7142,6832,7012,180,4,200,static,12,12,642.5462245273734,1.083669,0.92576,1.75285,1.583795,1.281778,2.340349,,4.155074,True,2
3,107,calibration,3023,2839,3019,180,4,200,static,11,11,706.0689435092451,1.020353,0.86593,1.674122,1.673701,1.212063,2.398388,,1.936829,True,1
3,107,calibration,3023,2839,3019,180,4,200,temporal,3,3,706.0689435092451,1.579379,1.33575,2.252006,21.009773,1.270252,22.00659,,1.936829,True,2
3,108,calibration,1766,1088,1448,360,8,200,temporal,4,4,838.2096767080666,1.236961,1.054895,1.910739,2.751081,2.235661,3.62355,,2.230603,True,1
3,108,calibration,1766,1088,1448,360,8,200,static,35,35,838.2096767080666,0.993072,0.828333,1.693451,2.300689,1.861505,3.084354,,2.230603,True,2
3,109,calibration,14166,13499,13859,360,2,1000,static,11,11,628.4273869637826,1.457764,1.146214,2.081158,1.792861,1.462582,2.462634,,2.313719,True,1
3,109,calibration,14166,13499,13859,360,2,1000,temporal,3,3,628.4273869637826,1.112712,0.929705,1.735294,1.574561,1.267137,2.421422,,2.313719,True,2
3,110,calibration,11843,10995,11715,720,4,1000,temporal,6,6,-56.45166042542076,1.031621,0.838067,1.659069,2.058423,1.645278,2.767545,,0.505424,True,1
3,110,calibration,11843,10995,11715,720,4,1000,static,37,37,-56.45166042542076,1.040163,0.814692,1.680331,1.895006,1.508702,2.55231,,0.505424,True,2
3,111,calibration,10049,9509,9689,180,4,1000,static,10,10,717.730335563158,1.308969,1.098902,1.938101,1.628002,1.330933,2.535875,,1.033773,True,1
3,111,calibration,10049,9509,9689,180,4,1000,temporal,2,2,717.730335563158,1.26991,1.054084,1.895506,1.502271,1.2495,2.196592,,1.033773,True,2
3,112,calibration,4624,3157,4597,1440,8,1000,temporal,19,19,152.34186430837804,1.85831,1.574772,2.692371,2.527652,1.710057,3.263916,,2.167969,True,1
3,112,calibration,4624,3157,4597,1440,8,1000,static,143,143,152.34186430837804,1.769756,1.148867,2.381091,3.256355,2.04949,4.096435,,2.167969,True,2
3,113,calibration,1778,1570,1750,180,6,200,static,17,17,902.682431761532,1.690126,1.383633,2.279157,1.774894,1.482001,2.496736,,1.459016,True,1
3,113,calibration,1778,1570,1750,180,6,200,temporal,6,6,902.682431761532,1.284763,1.115938,18.932692,2.205435,1.84508,3.28648,,1.459016,True,2
3,114,calibration,10661,10143,10323,180,6,200,temporal,9,9,-998.5260170461364,1.989373,1.68269,2.642185,2.012303,1.637366,2.695667,,1.191051,True,1
3,114,calibration,10661,10143,10323,180,6,200,static,21,21,-998.5260170461364,1.343622,1.1572,1.98419,1.908616,1.557445,2.773274,,1.191051,True,2
3,115,calibration,8500,8079,8259,180,4,200,static,12,12,677.1118480362595,1.145483,0.977518,1.764909,1.812331,1.337022,2.468323,,1.377172,True,1
3,115,calibration,8500,8079,8259,180,4,200,temporal,6,6,677.1118480362595,0.928424,0.757175,1.512137,1.508371,1.112342,2.256723,,1.377172,True,2
3,116,calibration,5996,5519,5699,180,2,1000,temporal,1,1,344.16229729342257,0.901283,0.763535,1.6267,1.444685,1.061495,2.119185,,0.492274,True,1
3,116,calibration,5996,5519,5699,180,2,1000,static,3,3,344.16229729342257,1.411174,1.222539,2.031583,1.522693,1.151411,2.194379,,0.492274,True,2
3,117,calibration,13874,13489,13549,60,6,1000,static,8,8,319.5106696780032,1.266596,1.076058,1.88456,1.833883,1.542893,2.843641,,0.806359,True,1
3,117,calibration,13874,13489,13549,60,6,1000,temporal,3,3,319.5106696780032,1.115587,0.948314,1.834033,1.569103,1.142648,2.298707,,0.806359,True,2
3,118,calibration,6296,5804,5984,180,2,200,temporal,3,3,20.840098596815714,0.974564,0.814962,1.598096,1.759271,1.455902,2.595455,,3.39167,True,1
3,118,calibration,6296,5804,5984,180,2,200,static,6,6,20.840098596815714,0.860371,0.718496,1.524605,1.811219,1.307998,2.605421,,3.39167,True,2
3,119,calibration,11932,10881,11601,720,4,200,static,38,38,260.9122829692174,1.22341,0.895815,1.877049,1.75876,1.375991,2.581413,,2.844552,True,1
3,119,calibration,11932,10881,11601,720,4,200,temporal,7,7,260.9122829692174,0.907893,0.746609,1.581852,1.756327,1.380118,20.223845,,2.844552,True,2
3,120,calibration,7959,7532,7712,180,6,1000,temporal,3,3,-1037.05190068299,1.33555,1.062907,1.987897,2.275231,1.81849,3.076032,,0.723374,True,1
3,120,calibration,7959,7532,7712,180,6,1000,static,16,16,-1037.05190068299,1.198703,1.028836,1.843559,2.28819,1.612749,3.119488,,0.723374,True,2
3,121,calibration,12521,12284,12344,60,6,200,static,8,8,386.4311232353281,1.341149,1.158863,2.56577,1.305334,1.09744,2.311807,,2.740154,True,1
3,121,calibration,12521,12284,12344,60,6,200,temporal,6,6,386.4311232353281,0.89276,0.750415,1.594371,1.693782,1.395841,2.409765,,2.740154,True,2
3,122,calibration,7361,6661,7021,360,2,1000,temporal,1,1,477.55208151141454,1.195337,1.034374,1.826001,1.67938,1.390463,2.547452,,1.408119,True,1
3,122,calibration,7361,6661,7021,360,2,1000,static,7,7,477.55208151141454,1.067965,0.931058,1.648793,1.23025,0.988975,1.968477,,1.408119,True,2
3,123,calibration,7672,7150,7330,180,4,200,static,8,8,149.99277081348762,0.989596,0.828773,1.632018,1.565748,1.286556,2.329473,,0.573677,True,1
3,123,calibration,7672,7150,7330,180,4,200,temporal,2,2,149.99277081348762,1.20358,1.04467,1.955197,1.746721,1.49432,2.934258,,0.573677,True,2
3,124,calibration,2178,2103,2163,60,2,1000,temporal,2,2,-98.6080347702656,1.074254,0.920722,1.744148,1.720933,1.533129,2.604989,,1.493719,True,1
3,124,calibration,2178,2103,2163,60,2,1000,static,2,2,-98.6080347702656,1.100615,0.937788,1.742675,1.420508,1.269109,2.196091,,1.493719,True,2
3,125,calibration,6495,6205,6385,180,2,1000,static,4,4,-327.4493428547683,1.07805,0.917898,1.754683,1.752881,1.487409,2.568565,,1.54064,True,1
3,125,calibration,6495,6205,6385,180,2,1000,temporal,1,1,-327.4493428547683,0.960913,0.81993,1.699781,1.353958,1.132874,2.020836,,1.54064,True,2
3,126,calibration,5947,5660,5840,180,4,1000,temporal,3,3,420.0973160508572,2.106536,1.784129,2.871963,2.618129,1.879151,3.389977,,20.239478,True,1
3,126,calibration,5947,5660,5840,180,4,1000,static,10,10,420.0973160508572,1.192934,1.008215,1.834515,2.042689,1.723026,2.74357,,20.239478,True,2
3,127,calibration,8154,6642,8082,1440,6,1000,static,116,116,220.80471063944788,1.19706,0.901503,1.777028,2.200428,1.517826,3.035771,,0.582561,True,1
3,127,calibration,8154,6642,8082,1440,6,1000,temporal,19,19,220.80471063944788,1.212664,0.990067,1.946223,2.197593,1.303952,2.913676,,0.582561,True,2
3,128,calibration,13627,12060,13500,1440,8,5000,temporal,21,21,719.5943580459065,2.166977,1.793933,2.798753,4.637323,1.704468,5.393386,,1.604466,True,1
3,128,calibration,13627,12060,13500,1440,8,5000,static,145,145,719.5943580459065,1.462371,1.153234,2.197083,2.562065,1.733061,3.358198,,1.604466,True,2
3,129,calibration,11596,10998,11358,360,2,1000,static,9,9,272.31994479073774,1.1112,0.926481,1.669164,1.614271,1.356592,2.407942,,1.327708,True,1
3,129,calibration,11596,10998,11358,360,2,1000,temporal,1,1,272.31994479073774,0.912721,0.752418,1.50725,2.441733,1.996369,3.203144,,1.327708,True,2
3,130,calibration,10144,9891,10071,180,4,200,temporal,2,2,-248.6288478251799,1.780383,1.5473,2.449154,2.255761,1.991532,3.07473,,1.123228,True,1
3,130,calibration,10144,9891,10071,180,4,200,static,9,9,-248.6288478251799,1.05175,0.911438,1.714623,2.240659,1.863829,2.941168,,1.123228,True,2
3,131,calibration,5229,4989,5169,180,4,200,static,12,12,-576.4947570509744,1.010248,0.858909,1.636305,1.310282,1.069408,2.179677,,1.131982,True,1
3,131,calibration,5229,4989,5169,180,4,200,temporal,6,6,-576.4947570509744,18.968437,0.787822,19.714364,1.968237,1.67306,3.0017,,1.131982,True,2
3,132,calibration,10550,9875,10235,360,2,1000,temporal,1,1,-523.7577085807521,1.329771,1.153765,1.89096,1.788805,1.427839,2.590277,,0.500527,True,1
3,132,calibration,10550,9875,10235,360,2,1000,static,11,11,-523.7577085807521,1.122177,0.940963,1.823989,2.859665,2.323684,3.733386,,0.500527,True,2
3,133,calibration,3317,1617,3057,1440,4,5000,static,75,75,368.6669463804823,1.377253,1.109798,2.292267,2.28093,1.6796,3.032656,,1.346417,True,1
3,133,calibration,3317,1617,3057,1440,4,5000,temporal,13,13,368.6669463804823,1.488211,0.919581,2.18901,2.693443,2.024431,3.435065,,1.346417,True,2
3,134,calibration,12695,12086,12446,360,4,200,temporal,6,6,1070.590550234356,1.519367,1.284362,2.126516,22.055665,21.454066,23.054641,,1.011499,True,1
3,134,calibration,12695,12086,12446,360,4,200,static,21,21,1070.590550234356,1.677346,1.421359,2.478378,1.747903,1.410924,3.07467,,1.011499,True,2
3,135,calibration,10905,10573,10753,180,8,1000,static,22,22,379.2793813779238,1.138321,0.960122,1.797098,1.578357,1.270512,2.297925,,1.202268,True,1
3,135,calibration,10905,10573,10753,180,8,1000,temporal,5,5,379.2793813779238,0.994624,0.849815,1.642223,1.766311,1.405396,2.648255,,1.202268,True,2
3,136,calibration,5068,4690,5050,360,6,5000,temporal,3,3,-1880.8684996196916,1.623555,1.444886,2.26125,1.771259,1.397423,2.77039,,0.96527,True,1
3,136,calibration,5068,4690,5050,360,6,5000,static,27,27,-1880.8684996196916,1.836898,1.60675,2.504878,1.839132,1.51421,2.849739,,0.96527,True,2
3,137,calibration,9337,8836,9196,360,4,200,static,17,17,-1149.8761966856016,1.379857,1.179473,2.082769,1.696876,1.411816,2.798782,,1.526719,True,1
3,137,calibration,9337,8836,9196,360,4,200,temporal,2,2,-1149.8761966856016,0.934252,0.791998,1.694162,1.450243,1.173024,2.204153,,1.526719,True,2
3,138,calibration,8477,7447,8167,720,2,5000,temporal,4,4,-426.8581879634653,1.525988,1.294338,2.189581,1.618187,1.145152,2.368783,,2.407491,True,1
3,138,calibration,8477,7447,8167,720,2,5000,static,17,17,-426.8581879634653,0.833661,0.673178,1.487369,1.420739,1.109057,2.39376,,2.407491,True,2
3,139,calibration,3124,2699,3059,360,2,200,static,12,12,631.2605296992845,1.470814,0.982937,2.08304,2.901418,2.497107,3.645002,,2.407171,True,1
3,139,calibration,3124,2699,3059,360,2,200,temporal,3,3,631.2605296992845,1.248177,1.07768,1.894926,1.551928,1.320217,2.601815,,2.407171,True,2
3,140,calibration,10958,10894,10954,60,4,1000,temporal,6,6,181.09282291141812,1.198964,1.040414,1.859472,1.321789,1.101656,2.03646,,1.306155,True,1
3,140,calibration,10958,10894,10954,60,4,1000,static,10,10,181.09282291141812,0.937107,0.715532,1.649425,2.335933,2.051262,3.061259,,1.306155,True,2
3,141,calibration,13077,12340,13060,720,6,1000,static,61,61,-539.8683738744876,1.09105,0.876155,1.885041,2.144673,1.630215,24.513983,,1.298904,True,1
3,141,calibration,13077,12340,13060,720,6,1000,temporal,10,10,-539.8683738744876,1.539678,1.248598,2.349032,2.746844,2.114558,3.51086,,1.298904,True,2
3,142,calibration,8886,8487,8847,360,4,1000,temporal,7,7,-36.60220623702685,2.21507,1.976489,2.922509,4.037576,3.707446,4.938709,,2.972265,True,1
3,142,calibration,8886,8487,8847,360,4,1000,static,24,24,-36.60220623702685,2.478704,2.281886,3.144556,1.800112,1.532638,2.667744,,2.972265,True,2
3,143,calibration,10979,10461,10641,180,4,200,static,11,11,83.31579172532976,2.048909,1.586549,2.714325,1.99738,1.640722,2.701346,,1.238453,True,1
3,143,calibration,10979,10461,10641,180,4,200,temporal,2,2,83.31579172532976,1.584917,1.3747,2.207879,2.064081,1.716465,2.813686,,1.238453,True,2
3,144,calibration,2678,2008,2368,360,2,200,temporal,5,5,-626.8365040028202,1.592218,1.371935,2.256412,2.012594,1.643075,2.986297,,2.125815,True,1
3,144,calibration,2678,2008,2368,360,2,200,static,12,12,-626.8365040028202,1.307226,1.108987,1.947284,1.988306,1.680221,2.775808,,2.125815,True,2
3,145,calibration,6088,5515,5875,360,6,1000,static,26,26,1709.0291452086562,1.73239,1.491175,2.386088,2.077362,1.723717,2.941679,,1.345765,True,1
3,145,calibration,6088,5515,5875,360,6,1000,temporal,4,4,1709.0291452086562,1.216991,1.045081,1.879112,2.65844,1.576103,3.748079,,1.345765,True,2
3,146,calibration,4848,4446,4626,180,8,1000,temporal,12,12,86.87056920814838,1.738038,1.530916,2.352397,21.619226,1.278503,22.47528,,2.620734,True,1
3,146,calibration,4848,4446,4626,180,8,1000,static,29,29,86.87056920814838,1.822587,1.590345,2.54613,2.261981,1.588552,3.038505,,2.620734,True,2
3,147,calibration,1823,1358,1538,180,6,1000,static,14,14,725.6390223834935,1.195238,0.957007,1.796927,1.753582,1.313837,2.471387,,3.283665,True,1
3,147,calibration,1823,1358,1538,180,6,1000,temporal,4,4,725.6390223834935,1.072953,0.835764,1.704899,1.58032,1.178202,2.260188,,3.283665,True,2
3,148,calibration,1891,254,1694,1440,4,5000,temporal,10,10,305.0984899449693,1.622023,1.353357,2.549516,1.99664,1.338524,2.725642,,2.378377,True,1
3,148,calibration,1891,254,1694,1440,4,5000,static,73,73,305.0984899449693,1.354168,0.851978,2.013585,2.063901,1.508412,2.80379,,2.378377,True,2
3,149,calibration,5485,5098,5158,60,4,1000,static,8,8,-165.23423371094592,1.3031,1.01849,1.935527,3.514225,3.289094,4.401056,,1.696886,True,1
3,149,calibration,5485,5098,5158,60,4,1000,temporal,5,5,-165.23423371094592,0.980322,0.847552,1.612529,2.510166,2.334961,3.256555,,1.696886,True,2
3,150,calibration,1818,1520,1700,180,4,1000,temporal,6,6,506.9326596583809,1.067144,0.926961,1.713601,1.662454,1.359386,2.612982,,2.555515,True,1
3,150,calibration,1818,1520,1700,180,4,1000,static,14,14,506.9326596583809,1.09109,0.831167,1.740002,1.87834,1.579689,2.752322,,2.555515,True,2
3,151,calibration,10933,10816,10876,60,4,200,static,5,5,238.3158686032056,1.118261,0.965139,1.751569,1.440799,1.251693,2.21528,,2.079836,True,1
3,151,calibration,10933,10816,10876,60,4,200,temporal,3,3,238.3158686032056,1.180235,1.022026,1.839982,1.603965,1.398395,2.318897,,2.079836,True,2
3,152,calibration,9809,9532,9712,180,2,5000,temporal,1,1,349.5499204118567,1.923018,1.684898,2.620503,1.690787,1.404014,2.833786,,2.858803,True,1
3,152,calibration,9809,9532,9712,180,2,5000,static,5,5,349.5499204118567,1.033633,0.870897,1.632199,2.104092,1.867805,2.885264,,2.858803,True,2
3,153,calibration,10797,10389,10569,180,6,200,static,13,13,-574.7348691820711,1.281658,1.126123,1.98323,1.740763,1.492007,2.44697,,0.758878,True,1
3,153,calibration,10797,10389,10569,180,6,200,temporal,3,3,-574.7348691820711,1.088706,0.947113,2.749137,1.921335,1.615613,2.939645,,0.758878,True,2
3,154,calibration,11193,9499,10939,1440,6,200,temporal,16,16,578.6386742921336,1.439147,1.184291,2.117973,5.955096,1.589984,6.861908,,4.005938,True,1
3,154,calibration,11193,9499,10939,1440,6,200,static,111,111,578.6386742921318,1.307447,1.061024,2.591178,2.039925,1.349431,3.0554,,4.005938,True,2
3,155,calibration,13007,12675,12855,180,4,200,static,9,9,-696.0617951537909,1.305013,1.04444,1.89742,1.587461,1.32867,2.417566,,2.158424,True,1
3,155,calibration,13007,12675,12855,180,4,200,temporal,2,2,-696.0617951537909,0.969076,0.812719,3.71584,1.407288,1.163229,2.106706,,2.158424,True,2
3,156,calibration,3846,3323,3683,360,6,1000,temporal,5,5,-1569.2485412936692,1.542433,1.406046,2.201169,1.626119,1.318064,2.652621,,2.622135,True,1
3,156,calibration,3846,3323,3683,360,6,1000,static,25,25,-1569.2485412936692,1.106193,0.692678,1.709375,1.605919,1.187286,3.25336,,2.622135,True,2
3,157,calibration,4983,3209,4649,1440,2,200,static,40,40,21.9720863311776,2.364877,2.075579,3.290987,2.178584,1.640451,2.954417,,1.771819,True,1
3,157,calibration,4983,3209,4649,1440,2,200,temporal,5,5,21.972086331177763,1.168097,0.8989,1.902808,2.131273,1.531456,2.854787,,1.771819,True,2
3,158,calibration,6506,6067,6247,180,4,200,temporal,2,2,-559.600035211505,1.215569,1.026432,1.848265,1.590025,1.296951,2.864742,,2.213478,True,1
3,158,calibration,6506,6067,6247,180,4,200,static,11,11,-559.600035211505,1.240235,1.05117,1.99045,1.763286,1.464906,2.663868,,2.213478,True,2
3,159,calibration,10193,9623,9983,360,2,200,static,7,7,492.5007953975261,1.697267,1.457464,3.751393,2.885084,2.508744,4.011697,,2.305757,True,1
3,159,calibration,10193,9623,9983,360,2,200,temporal,1,1,492.5007953975261,1.483373,1.258433,2.344375,1.813142,1.457595,3.056783,,2.305757,True,2
3,160,calibration,13326,12855,13035,180,6,5000,temporal,3,3,-941.7591451659276,1.774063,1.498836,2.672923,2.137162,1.777158,3.443798,,2.351086,True,1
3,160,calibration,13326,12855,13035,180,6,5000,static,13,13,-941.7591451659276,1.232704,1.034976,2.22133,1.857108,1.488051,2.901508,,2.351086,True,2
3,161,calibration,11788,10139,11579,1440,2,5000,static,40,40,-192.46305556149505,1.569773,1.215869,2.56623,2.16214,1.559989,3.131276,,1.729936,True,1
3,161,calibration,11788,10139,11579,1440,2,5000,temporal,6,6,-192.46305556149505,1.319696,1.052902,2.344015,1.656045,1.248729,2.774285,,1.729936,True,2
3,162,calibration,5084,4591,4951,360,6,1000,temporal,5,5,-1521.6822008011775,1.689645,1.449532,2.550047,1.549784,1.246756,2.53941,,2.137933,True,1
3,162,calibration,5084,4591,4951,360,6,1000,static,31,31,-1521.6822008011775,0.977408,0.798808,1.73539,1.445837,1.15683,2.214409,,2.137933,True,2
3,163,calibration,6059,5407,5767,360,4,5000,static,18,18,1275.104301645821,1.099763,0.930898,1.833053,1.420709,1.136279,2.117462,,3.422245,True,1
3,163,calibration,6059,5407,5767,360,4,5000,temporal,3,3,1275.104301645821,0.744946,0.626868,1.291203,1.420719,1.162768,2.38743,,3.422245,True,2
3,164,calibration,10157,8714,10154,1440,4,1000,temporal,11,11,-310.6471643333103,3.118637,2.849339,3.913604,4.915534,1.306065,6.670278,,3.363457,True,1
3,164,calibration,10157,8714,10154,1440,4,1000,static,74,74,-310.6471643333103,1.068666,0.794001,1.969038,2.317925,1.737727,4.197237,,3.363457,True,2
3,165,calibration,13785,13424,13604,180,2,1000,static,6,6,373.6025234159749,1.181697,1.003218,2.000655,1.412406,1.135037,2.407641,,2.044492,True,1
3,165,calibration,13785,13424,13604,180,2,1000,temporal,1,1,373.6025234159749,1.215969,0.996127,2.068839,1.22994,1.036859,2.224925,,2.044492,True,2
3,166,calibration,4569,3835,4555,720,4,200,temporal,6,6,1452.1721321196485,1.252634,1.049548,2.078874,1.815255,1.395501,2.799634,,1.743868,True,1
3,166,calibration,4569,3835,4555,720,4,200,static,38,38,1452.1721321196485,1.086844,0.904618,1.933024,1.496584,1.202238,2.383164,,1.743868,True,2
3,167,calibration,7566,7344,7524,180,2,1000,static,5,5,-151.96126308892926,1.497985,1.303201,2.335021,2.319028,1.642524,3.348574,,1.896308,True,1
3,167,calibration,7566,7344,7524,180,2,1000,temporal,1,1,-151.96126308892926,1.36231,1.181306,2.252056,1.735214,1.450944,2.793475,,1.896308,True,2
3,168,calibration,9332,8951,9011,60,4,1000,temporal,2,2,-199.35467111733809,1.813883,1.542833,4.189495,1.537926,1.309059,4.226462,,7.258528,True,1
3,168,calibration,9332,8951,9011,60,4,1000,static,6,6,-199.35467111733809,1.469713,1.279946,3.156704,1.816387,1.584677,2.840806,,7.258528,True,2
3,169,calibration,7581,5863,7303,1440,4,200,static,75,75,-141.10931199091866,1.722726,1.381529,3.020779,5.053894,2.379379,25.214437,,2.08244,True,1
3,169,calibration,7581,5863,7303,1440,4,200,temporal,12,12,-141.10931199091866,1.513199,1.248858,2.663228,1.895166,1.236029,3.313671,,2.08244,True,2
3,170,calibration,14070,13365,13725,360,4,5000,temporal,2,2,1073.06219794909,1.722705,1.425666,2.440541,1.672369,1.394739,2.502384,,7.353361,True,1
3,170,calibration,14070,13365,13725,360,4,5000,static,17,17,1073.06219794909,1.59343,1.381129,2.613342,1.43526,1.174316,2.178435,,7.353361,True,2
3,171,calibration,6374,4618,6058,1440,4,5000,static,72,72,-124.86014498790232,1.400518,1.120585,2.049389,2.167488,1.543574,2.915349,,1.648153,True,1
3,171,calibration,6374,4618,6058,1440,4,5000,temporal,11,11,-124.86014498790232,2.223392,1.880975,3.262854,1.790108,1.265614,2.555796,,1.648153,True,2
3,172,calibration,9054,7452,8892,1440,4,1000,temporal,13,13,-358.6485373216784,1.834454,1.321758,2.505749,2.30778,1.704367,3.141271,,3.932297,True,1
3,172,calibration,9054,7452,8892,1440,4,1000,static,76,76,-358.6485373216784,1.30917,1.026933,2.500151,1.638648,1.09072,2.35396,,3.932297,True,2
3,173,calibration,8974,7349,8789,1440,6,200,static,114,114,-285.6438601739674,1.529303,1.206054,2.160878,2.550758,1.799752,3.307392,,2.334902,True,1
3,173,calibration,8974,7349,8789,1440,6,200,temporal,16,16,-285.6438601739674,0.987594,0.79343,2.053967,2.508303,1.714813,3.324027,,2.334902,True,2
3,174,calibration,4054,3668,4028,360,8,200,temporal,12,12,42.44849790158646,1.410393,1.199935,2.114317,2.387721,1.93092,3.199189,,0.711116,True,1
3,174,calibration,4054,3668,4028,360,8,200,static,45,45,42.44849790158646,0.993813,0.834081,1.579569,2.436685,1.975057,3.330477,,0.711116,True,2
3,175,calibration,12330,11940,12300,360,2,1000,static,9,9,284.4167602241449,1.303541,1.068756,1.985933,1.757718,1.44794,2.813695,,1.546529,True,1
3,175,calibration,12330,11940,12300,360,2,1000,temporal,1,1,284.4167602241449,1.098902,0.931509,1.853653,1.723186,1.432576,2.457216,,1.546529,True,2
3,176,calibration,12619,12237,12597,360,2,1000,temporal,4,4,614.5092262991432,1.468932,1.253335,2.13552,1.879372,1.51401,2.892545,,1.569934,True,1
3,176,calibration,12619,12237,12597,360,2,1000,static,12,12,614.5092262991432,0.928354,0.742183,1.584727,1.317883,1.039842,2.038673,,1.569934,True,2
3,177,calibration,9186,7478,8918,1440,4,1000,static,76,76,-405.04938843027566,1.703356,1.346657,2.514182,2.001557,1.402441,2.852374,,7.335123,True,1
3,177,calibration,9186,7478,8918,1440,4,1000,temporal,13,13,-405.04938843027566,1.574802,1.284854,2.297835,2.147377,1.542733,2.925364,,7.335123,True,2
3,178,calibration,8679,7967,8327,360,6,200,temporal,9,9,1306.8884389300565,1.458656,1.254367,2.092003,2.169241,1.647312,2.897152,,2.527082,True,1
3,178,calibration,8679,7967,8327,360,6,200,static,36,36,1306.8884389300565,1.214096,1.020132,1.852631,2.065012,1.62732,2.851903,,2.527082,True,2
3,179,calibration,12688,12431,12491,60,2,200,static,3,3,-2.166481099977874,1.26288,1.042267,1.921997,1.730277,1.498826,2.439339,,1.631427,True,1
3,179,calibration,12688,12431,12491,60,2,200,temporal,3,3,-2.166481099977874,1.129739,0.915755,1.779271,2.041397,1.775685,21.351,,1.631427,True,2
3,180,regular_holdout,19783,18001,19441,1440,4,200,temporal,10,10,-152.078106101882,1.497455,1.205013,2.409394,2.237244,1.667131,3.024895,,2.217543,True,1
3,180,regular_holdout,19783,18001,19441,1440,4,200,static,72,72,-152.078106101882,1.412777,1.109017,2.336714,2.369093,1.719681,3.359471,,2.217543,True,2
3,181,regular_holdout,25411,25021,25201,180,2,1000,static,4,4,-92.66129352412592,4.128083,3.804264,4.77428,1.994466,1.644927,2.930091,,1.723556,True,1
3,181,regular_holdout,25411,25021,25201,180,2,1000,temporal,1,1,-92.66129352412592,1.447108,1.216991,2.232305,1.64651,1.144231,2.354611,,1.723556,True,2
3,182,regular_holdout,17389,16463,17183,720,4,5000,temporal,6,6,-1554.0226022182148,1.632249,1.372095,2.487813,1.955808,1.372015,2.702196,,1.870619,True,1
3,182,regular_holdout,17389,16463,17183,720,4,5000,static,37,37,-1554.0226022182148,0.94563,0.754942,1.607511,2.126556,1.707773,2.820045,,1.870619,True,2
3,183,regular_holdout,20866,20365,20545,180,2,200,static,8,8,55.52176261792965,1.397994,1.148386,2.396785,1.944731,1.614312,2.765913,,1.472887,True,1
3,183,regular_holdout,20866,20365,20545,180,2,200,temporal,3,3,55.52176261792965,1.248879,1.009887,1.941616,1.47501,1.199074,2.198324,,1.472887,True,2
3,184,regular_holdout,21288,20618,20978,360,6,200,temporal,4,4,-1430.7160457135838,1.252354,1.081867,1.883569,1.987355,1.547901,2.738361,,1.625989,True,1
3,184,regular_holdout,21288,20618,20978,360,6,200,static,27,27,-1430.7160457135838,0.996467,0.823014,1.721864,2.004111,1.556013,2.706013,,1.625989,True,2
3,185,regular_holdout,17394,17007,17367,360,4,200,static,17,17,-85.30372614855682,1.033784,0.8397,18.499517,2.311286,1.776817,3.249094,,2.788728,True,1
3,185,regular_holdout,17394,17007,17367,360,4,200,temporal,2,2,-85.30372614855682,2.027786,1.722665,2.80353,1.681914,1.245924,2.38734,,2.788728,True,2
3,186,regular_holdout,25452,23818,25258,1440,4,5000,temporal,11,11,-222.1427361781857,1.816707,1.454039,2.621825,2.370715,1.657606,3.325109,,0.58223,True,1
3,186,regular_holdout,25452,23818,25258,1440,4,5000,static,73,73,-222.1427361781857,1.509573,1.170029,2.297173,2.321391,1.711118,3.062701,,0.58223,True,2
3,187,regular_holdout,16550,15932,16292,360,4,200,static,22,22,517.7007837374381,1.058862,0.870467,1.756647,1.885712,1.523133,2.647624,,1.161346,True,1
3,187,regular_holdout,16550,15932,16292,360,4,200,temporal,5,5,517.7007837374381,1.351534,1.109929,2.171754,2.028428,1.62629,3.212448,,1.161346,True,2
3,188,regular_holdout,18846,18383,18743,360,4,1000,temporal,3,3,-260.7124969824564,1.455742,1.215929,2.117973,2.180418,1.579639,2.87643,,1.46185,True,1
3,188,regular_holdout,18846,18383,18743,360,4,1000,static,17,17,-260.7124969824564,1.069838,0.838228,1.664887,2.383465,1.976339,3.165938,,1.46185,True,2
3,189,regular_holdout,19814,19445,19625,180,8,200,static,27,27,-1409.652096664349,1.438936,1.217811,2.075489,1.888707,1.338084,2.609888,,2.269382,True,1
3,189,regular_holdout,19814,19445,19625,180,8,200,temporal,8,8,-1409.652096664349,1.738019,1.443753,2.488263,2.124759,1.832376,2.926486,,2.269382,True,2
3,190,regular_holdout,26112,24600,26040,1440,6,1000,temporal,17,17,-82.03378463502165,1.229519,0.969937,1.9181,23.918552,2.116932,24.898194,,2.112194,True,1
3,190,regular_holdout,26112,24600,26040,1440,6,1000,static,112,112,-82.03378463502165,2.002549,1.564807,2.919546,4.973652,1.515121,5.883528,,2.112194,True,2
3,191,regular_holdout,21193,20923,21103,180,4,1000,static,13,13,-665.6929022607982,1.582644,1.343351,2.193718,2.339368,1.571808,3.086438,,2.065263,True,1
3,191,regular_holdout,21193,20923,21103,180,4,1000,temporal,6,6,-665.6929022607982,1.431244,1.208027,2.263464,1.914796,1.549844,2.740344,,2.065263,True,2
3,192,regular_holdout,18252,17803,17983,180,4,200,temporal,2,2,429.9880603277931,2.137493,1.840544,2.892504,2.345467,1.93711,3.554856,,2.225155,True,1
3,192,regular_holdout,18252,17803,17983,180,4,200,static,9,9,429.9880603277931,1.645299,1.416472,2.377034,1.989769,1.655664,2.788878,,2.225155,True,2
3,193,regular_holdout,27179,26777,27137,360,4,1000,static,21,21,1216.18270775301,1.65998,1.396593,2.33395,2.124934,1.693771,3.046448,,1.813733,True,1
3,193,regular_holdout,27179,26777,27137,360,4,1000,temporal,6,6,1216.18270775301,1.371124,1.121416,2.073276,1.891491,1.486558,2.683048,,1.813733,True,2
3,194,regular_holdout,19803,19518,19578,60,8,5000,temporal,5,5,-487.3174219060925,1.683295,1.458315,2.409383,2.654805,1.985643,3.380462,,2.579681,True,1
3,194,regular_holdout,19803,19518,19578,60,8,5000,static,13,13,-487.3174219060925,1.306345,1.088466,1.984612,2.328861,1.620351,3.117404,,2.579681,True,2
3,195,regular_holdout,18044,17916,17976,60,2,5000,static,3,3,38.745078226720096,22.631216,1.291604,23.589531,2.153817,1.868446,3.443869,,2.071253,True,1
3,195,regular_holdout,18044,17916,17976,60,2,5000,temporal,1,1,38.745078226720096,1.32932,1.119703,2.324505,1.345685,1.154646,2.08921,,2.071253,True,2
3,196,regular_holdout,23768,23577,23757,180,2,200,temporal,1,1,-316.6289264108975,1.64675,1.314759,2.593963,1.90466,1.616585,3.104335,,7.479201,True,1
3,196,regular_holdout,23768,23577,23757,180,2,200,static,5,5,-316.6289264108975,1.290772,1.085512,2.038763,1.91133,1.554681,2.891984,,7.479201,True,2
3,197,regular_holdout,27828,26202,27642,1440,2,200,static,34,34,-163.72996440485207,1.495542,1.152213,2.415062,2.320099,1.888216,3.076563,,1.800964,True,1
3,197,regular_holdout,27828,26202,27642,1440,2,200,temporal,6,6,-163.72996440485207,1.337894,1.035717,2.326629,2.065373,1.582513,2.842099,,1.800964,True,2
3,198,regular_holdout,23483,23192,23252,60,8,1000,temporal,5,5,193.70944950033865,1.36188,1.160905,2.040405,1.784709,1.308439,2.603898,,1.782165,True,1
3,198,regular_holdout,23483,23192,23252,60,8,1000,static,11,11,193.70944950033865,1.316952,1.080014,1.999404,3.172638,2.886856,4.236777,,1.782165,True,2
3,199,regular_holdout,19112,17382,18822,1440,2,1000,static,39,39,48.95565336695726,2.02372,1.669575,3.280271,2.308772,1.811359,3.473704,,2.821036,True,1
3,199,regular_holdout,19112,17382,18822,1440,2,1000,temporal,4,4,48.95565336695726,1.312755,1.055997,2.250313,2.015669,1.510895,3.016912,,2.821036,True,2
3,200,regular_holdout,18148,17799,17859,60,4,200,temporal,2,2,156.85915958172876,2.217434,1.93093,3.591201,2.547342,2.223973,3.73599,,21.128543,True,1
3,200,regular_holdout,18148,17799,17859,60,4,200,static,4,4,156.85915958172876,1.688604,1.45455,2.96895,2.031753,1.781514,3.178717,,21.128543,True,2
3,201,regular_holdout,17766,17625,17685,60,6,200,static,8,8,415.9889514767242,1.490073,1.220065,2.436605,2.061448,1.690987,3.470368,,5.521479,True,1
3,201,regular_holdout,17766,17625,17685,60,6,200,temporal,3,3,415.9889514767242,1.30283,1.105892,2.23493,1.914626,1.630666,3.04202,,5.521479,True,2
3,202,regular_holdout,23215,22766,22946,180,4,200,temporal,2,2,535.6929062603957,1.018621,0.829034,1.85766,1.995948,1.567731,3.225618,,2.024261,True,1
3,202,regular_holdout,23215,22766,22946,180,4,200,static,8,8,535.6929062603957,1.187966,0.9919,2.068879,2.114418,1.545487,3.089541,,2.024261,True,2
3,203,regular_holdout,17312,16367,17087,720,2,1000,static,20,20,-497.7053107442754,1.759601,1.488331,2.597237,2.297825,1.83134,3.311097,,1.867564,True,1
3,203,regular_holdout,17312,16367,17087,720,2,1000,temporal,3,3,-497.7053107442754,1.284102,1.039251,2.173577,8.473134,8.134863,9.838564,,1.867564,True,2
3,204,regular_holdout,16441,16020,16200,180,4,200,temporal,2,2,402.7698334615672,1.691027,1.412376,4.638725,3.065956,2.593802,24.083753,,1.726772,True,1
3,204,regular_holdout,16441,16020,16200,180,4,200,static,9,9,402.7698334615672,1.668242,1.376582,3.133769,2.235781,1.853463,3.450618,,1.726772,True,2
3,205,regular_holdout,20040,18501,19941,1440,4,200,static,73,73,-106.33396589324164,1.36219,0.992211,2.232166,2.625621,1.886783,3.454995,,1.763227,True,1
3,205,regular_holdout,20040,18501,19941,1440,4,200,temporal,11,11,-106.33396589324164,1.128046,0.908414,1.905291,2.287419,1.643425,3.104676,,1.763227,True,2
3,206,regular_holdout,16111,15850,16030,180,2,1000,temporal,3,3,-151.8297491782284,1.315349,1.115077,2.031422,1.557836,1.336621,2.693273,,1.823167,True,1
3,206,regular_holdout,16111,15850,16030,180,2,1000,static,8,8,-151.8297491782284,0.950979,0.808432,1.56717,1.723677,1.267206,2.598019,,1.823167,True,2
3,207,regular_holdout,21535,19932,21372,1440,4,1000,static,75,75,-13.767593177751223,1.680372,1.376041,2.262372,1.817899,1.229179,2.707765,,0.856775,True,1
3,207,regular_holdout,21535,19932,21372,1440,4,1000,temporal,11,11,-13.767593177751223,1.625298,1.180396,2.398387,1.764939,1.284012,2.494493,,0.856775,True,2
3,208,regular_holdout,28322,26663,28103,1440,2,1000,temporal,6,6,-94.31023882359978,1.383142,1.088466,2.085374,1.553339,1.084881,3.062161,,1.793582,True,1
3,208,regular_holdout,28322,26663,28103,1440,2,1000,static,41,41,-94.31023882359978,1.370602,1.063999,2.325457,1.680241,1.08395,2.440641,,1.793582,True,2
3,209,regular_holdout,26350,24679,26119,1440,2,1000,static,34,34,-37.41323160695914,1.947205,1.55391,2.732463,2.8827,2.465318,3.61703,,1.671618,True,1
3,209,regular_holdout,26350,24679,26119,1440,2,1000,temporal,6,6,-37.41323160695914,1.627251,1.23009,2.379078,22.155205,1.23021,23.16022,,1.671618,True,2
3,210,regular_holdout,16897,16747,16807,60,2,200,temporal,2,2,-77.03043498335282,1.613521,1.386136,2.181329,1.717828,1.44832,2.457296,,0.600038,True,1
3,210,regular_holdout,16897,16747,16807,60,2,200,static,4,4,-77.03043498335282,1.17058,0.894833,2.250764,2.266387,1.890609,3.020878,,0.600038,True,2
3,211,regular_holdout,18823,18355,18535,180,2,1000,static,5,5,-242.7896778249574,2.508643,2.264524,6.186552,2.017291,1.584717,3.585812,,3.077064,True,1
3,211,regular_holdout,18823,18355,18535,180,2,1000,temporal,1,1,-242.7896778249574,1.238674,1.045,2.473681,1.542773,1.255789,3.421625,,3.077064,True,2
3,212,regular_holdout,19031,18540,18720,180,2,5000,temporal,1,1,57.41815273581958,2.450106,2.117713,3.457689,2.093726,1.779911,3.108281,,2.919966,True,1
3,212,regular_holdout,19031,18540,18720,180,2,5000,static,5,5,57.41815273581958,0.875384,0.702132,1.770508,1.305955,1.09759,2.524528,,2.919966,True,2
3,213,regular_holdout,18022,17956,18016,60,4,5000,static,5,5,75.65553489270391,1.605858,1.374429,2.381442,1.506618,1.261228,2.487932,,2.652191,True,1
3,213,regular_holdout,18022,17956,18016,60,4,5000,temporal,2,2,75.65553489270391,1.250741,1.043037,1.977811,1.325275,1.123679,2.004963,,2.652191,True,2
3,214,regular_holdout,25759,24056,25496,1440,2,1000,temporal,5,5,100.2145140451563,0.975495,0.742103,1.933234,1.992313,1.443853,2.765081,,1.103599,True,1
3,214,regular_holdout,25759,24056,25496,1440,2,1000,static,40,40,100.2145140451563,1.694563,1.328479,2.469515,1.700642,1.320066,2.584989,,1.103599,True,2
3,215,regular_holdout,17342,16452,17172,720,2,200,static,17,17,-665.8748002661976,0.981203,0.812358,1.767403,1.790248,1.39494,13.356069,,1.966023,True,1
3,215,regular_holdout,17342,16452,17172,720,2,200,temporal,3,3,-665.8748002661976,1.365435,1.148026,2.14233,2.357165,1.854915,3.197896,,1.966023,True,2
3,216,regular_holdout,22768,22470,22650,180,4,1000,temporal,5,5,-134.2300334958438,1.343381,1.062998,2.297935,1.834264,1.479146,2.682516,,1.832712,True,1
3,216,regular_holdout,22768,22470,22650,180,4,1000,static,12,12,-134.2300334958438,0.985521,0.796174,1.597185,1.510794,1.147616,2.233067,,1.832712,True,2
3,217,regular_holdout,17051,16468,16828,360,2,1000,static,10,10,-93.25309244717172,1.05808,0.887652,1.651568,1.491826,1.204041,2.186827,,1.85105,True,1
3,217,regular_holdout,17051,16468,16828,360,2,1000,temporal,3,3,-93.25309244717172,1.053073,0.877036,1.677347,1.257642,1.009106,2.235431,,1.85105,True,2
3,218,regular_holdout,25991,25503,25863,360,2,1000,temporal,1,1,637.8089143193826,1.129609,0.889916,1.714944,1.702775,1.27649,2.44017,,1.603855,True,1
3,218,regular_holdout,25991,25503,25863,360,2,1000,static,9,9,637.8089143193826,0.986983,0.768352,1.64671,2.462795,1.91774,3.265679,,1.603855,True,2
3,219,regular_holdout,22409,22176,22356,180,4,200,static,7,7,-752.489109138324,1.187906,0.987303,1.841245,1.581903,1.244932,2.299077,,2.128088,True,1
3,219,regular_holdout,22409,22176,22356,180,4,200,temporal,2,2,-752.489109138324,1.032902,0.787301,1.690366,1.67292,1.361559,2.529455,,2.128088,True,2
3,220,regular_holdout,16033,15209,15929,720,4,200,temporal,6,6,-1617.000910856751,0.975365,0.792869,1.713281,1.660651,1.30958,2.47333,,1.562854,True,1
3,220,regular_holdout,16033,15209,15929,720,4,200,static,39,39,-1617.000910856751,0.915294,0.736084,1.837399,1.615854,1.238754,2.661976,,1.562854,True,2
3,221,regular_holdout,21424,20956,21316,360,6,1000,static,36,36,-1179.2679615519644,1.081986,0.89253,1.662394,1.513389,1.148116,2.321911,,1.89759,True,1
3,221,regular_holdout,21424,20956,21316,360,6,1000,temporal,9,9,-1179.2679615519644,1.152773,0.934654,2.190963,1.515672,1.192333,2.398468,,1.89759,True,2
3,222,regular_holdout,25419,25093,25153,60,2,1000,temporal,1,1,-70.14409562877375,1.775585,1.502472,2.644058,2.662447,2.285517,3.515347,,19.270903,True,1
3,222,regular_holdout,25419,25093,25153,60,2,1000,static,3,3,-70.14409562877375,2.892565,2.671871,3.613335,1.463463,1.162488,2.628996,,19.270903,True,2
3,223,regular_holdout,25327,24628,24988,360,2,1000,static,9,9,-256.2354375714639,1.004189,0.805508,1.710066,2.020857,1.738329,3.393372,,2.217885,True,1
3,223,regular_holdout,25327,24628,24988,360,2,1000,temporal,1,1,-256.2354375714639,0.842474,0.678856,1.564356,2.730469,2.206597,3.789852,,2.217885,True,2
3,224,regular_holdout,26707,26449,26629,180,4,1000,temporal,2,2,-458.25743345491526,1.447309,1.240226,2.225135,1.556824,1.273696,2.562585,,1.723827,True,1
3,224,regular_holdout,26707,26449,26629,180,4,1000,static,11,11,-458.25743345491526,0.984229,0.807061,1.795755,2.357896,1.938722,3.344148,,1.723827,True,2
3,225,regular_holdout,22467,22140,22200,60,8,200,static,10,10,-343.1512035651211,1.214227,0.953512,1.95738,1.50729,1.264503,2.394531,,2.61139,True,1
3,225,regular_holdout,22467,22140,22200,60,8,200,temporal,4,4,-343.1512035651211,1.004128,0.853761,1.736577,2.392919,1.925261,3.723261,,2.61139,True,2
3,226,regular_holdout,26262,25478,26198,720,6,200,temporal,10,10,1429.422988113205,1.275579,1.033493,2.07031,1.918051,1.324412,2.893335,,2.495955,True,1
3,226,regular_holdout,26262,25478,26198,720,6,200,static,59,59,1429.422988113205,1.063509,0.854663,1.817108,1.815756,1.185583,2.796939,,2.495955,True,2
3,227,regular_holdout,28236,28023,28083,60,4,1000,static,4,4,6.01960612423332,1.065071,0.845438,1.880123,1.489793,1.266145,2.384266,,2.163482,True,1
3,227,regular_holdout,28236,28023,28083,60,4,1000,temporal,2,2,6.01960612423332,20.814798,20.510718,21.766818,1.595252,1.380007,2.632801,,2.163482,True,2
3,228,regular_holdout,19310,18814,19174,360,4,200,temporal,7,7,1211.543701106597,1.124751,0.951028,1.897099,1.503203,1.132082,2.461904,,3.335574,True,1
3,228,regular_holdout,19310,18814,19174,360,4,200,static,23,23,1211.543701106597,1.735825,1.426187,2.563847,1.475191,1.168587,2.648386,,3.335574,True,2
3,229,regular_holdout,19815,19375,19735,360,4,1000,static,22,22,-1239.7528418529566,1.00489,0.795674,1.780392,1.65968,1.331193,2.548955,,2.975439,True,1
3,229,regular_holdout,19815,19375,19735,360,4,1000,temporal,6,6,-1239.7528418529566,1.449712,1.212604,2.164383,1.598698,1.294418,2.418618,,2.975439,True,2
3,230,regular_holdout,17787,17267,17627,360,6,1000,temporal,9,9,1346.7260041670404,1.193375,1.02486,1.781324,1.54029,1.090359,2.265376,,2.974328,True,1
3,230,regular_holdout,17787,17267,17627,360,6,1000,static,35,35,1346.7260041670404,0.986913,0.790496,1.572028,1.334859,0.999462,2.028818,,2.974328,True,2
3,231,regular_holdout,16677,16174,16354,180,4,5000,static,12,12,627.2442769327456,1.484645,1.283951,2.135449,1.614121,1.307167,2.430586,,2.067366,True,1
3,231,regular_holdout,16677,16174,16354,180,4,5000,temporal,2,2,627.2442769327456,1.052322,0.884577,1.648583,1.418205,1.136999,2.098053,,2.067366,True,2
3,232,regular_holdout,23151,22157,22877,720,2,1000,temporal,3,3,-97.75991458800245,1.20945,1.001725,1.854655,1.470734,1.208608,3.635968,,3.060869,True,1
3,232,regular_holdout,23151,22157,22877,720,2,1000,static,21,21,-97.75991458800245,1.047504,0.873561,1.962228,7.063823,6.53924,8.209686,,3.060869,True,2
3,233,regular_holdout,22326,20679,22119,1440,6,5000,static,106,106,-433.0403543282932,1.754413,1.401179,2.539291,1.983499,1.379316,2.669888,,2.820736,True,1
3,233,regular_holdout,22326,20679,22119,1440,6,5000,temporal,16,16,-433.0403543282932,0.942626,0.748652,1.766541,1.720872,1.230591,2.455613,,2.820736,True,2
3,234,regular_holdout,23993,23924,23984,60,8,200,temporal,6,6,16.010922253035776,1.09762,0.939281,1.785941,1.462211,1.26956,5.708203,,2.134068,True,1
3,234,regular_holdout,23993,23924,23984,60,8,200,static,14,14,16.010922253035776,1.172834,0.995075,8.941943,1.761814,1.493139,3.918837,,2.134068,True,2
3,235,regular_holdout,23051,22412,22772,360,4,1000,static,23,23,253.42289287046955,1.153173,0.878468,1.813793,1.489192,1.179263,2.497988,,1.866602,True,1
3,235,regular_holdout,23051,22412,22772,360,4,1000,temporal,6,6,253.42289287046955,0.834171,0.686728,1.400097,1.40826,1.101105,3.646495,,1.866602,True,2
3,236,regular_holdout,27194,26517,26877,360,2,200,temporal,1,1,470.28303706398447,1.64637,1.367037,2.550818,1.614521,1.314828,2.599391,,1.633781,True,1
3,236,regular_holdout,27194,26517,26877,360,2,200,static,9,9,470.28303706398447,0.984229,0.761511,1.748815,1.649144,1.301218,2.531438,,1.633781,True,2
3,237,regular_holdout,23778,23243,23423,180,2,200,static,8,8,-193.4144613481365,0.966862,0.755672,1.774013,1.410052,1.197741,2.600553,,1.735835,True,1
3,237,regular_holdout,23778,23243,23423,180,2,200,temporal,4,4,-193.4144613481365,1.203831,1.007093,2.08947,1.419266,1.178292,2.352417,,1.735835,True,2
3,238,regular_holdout,18582,16823,18263,1440,6,1000,temporal,16,16,-535.6182999248372,1.096939,0.887352,2.018022,16.88749,15.878824,17.848323,,0.633318,True,1
3,238,regular_holdout,18582,16823,18263,1440,6,1000,static,115,115,-535.6182999248372,1.925692,1.593029,2.94281,2.464878,1.768104,3.459992,,0.633318,True,2
3,239,regular_holdout,24457,23833,24193,360,4,5000,static,23,23,193.98287572424107,1.497324,1.219304,2.279477,1.936819,1.551337,2.984123,,2.089651,True,1
3,239,regular_holdout,24457,23833,24193,360,4,5000,temporal,6,6,193.98287572424107,1.644117,1.392056,2.431808,1.941056,1.558587,2.907287,,2.089651,True,2
3,240,regular_holdout,17115,15348,16788,1440,2,200,temporal,5,5,-11.933110663564207,2.210273,1.807343,3.226479,1.695424,1.175047,2.590568,,0.737536,True,1
3,240,regular_holdout,17115,15348,16788,1440,2,200,static,40,40,-11.933110663564207,0.922535,0.728101,1.642784,1.558808,1.075957,2.430205,,0.737536,True,2
3,241,regular_holdout,20655,20275,20455,180,6,200,static,19,19,1100.007632508425,0.856405,0.708061,1.677337,1.294488,1.0442,2.164213,,1.623245,True,1
3,241,regular_holdout,20655,20275,20455,180,6,200,temporal,6,6,1100.007632508425,0.930227,0.789634,1.724739,1.251272,0.996207,2.216291,,1.623245,True,2
3,242,regular_holdout,20369,19926,20286,360,2,1000,temporal,3,3,147.30709347371513,1.918692,1.643245,2.71058,1.835285,1.275669,2.724461,,1.450214,True,1
3,242,regular_holdout,20369,19926,20286,360,2,1000,static,12,12,147.30709347371513,0.781181,0.604925,1.479147,1.594221,1.181838,2.43347,,1.450214,True,2
3,243,regular_holdout,24557,24096,24276,180,4,200,static,8,8,467.9667850382789,0.881534,0.726329,1.591507,1.285504,1.072131,2.363174,,2.457597,True,1
3,243,regular_holdout,24557,24096,24276,180,4,200,temporal,2,2,467.9667850382789,0.861473,0.718637,1.556474,1.226354,1.017148,2.101548,,2.457597,True,2
3,244,regular_holdout,20228,19311,20031,720,2,200,temporal,3,3,-876.2139506642078,0.850746,0.699058,1.59345,1.258964,0.999291,2.098875,,1.596935,True,1
3,244,regular_holdout,20228,19311,20031,720,2,200,static,20,20,-876.2139506642078,0.842734,0.694941,1.662043,18.312209,0.900793,19.239597,,1.596935,True,2
3,245,regular_holdout,25140,24751,25111,360,8,1000,static,37,37,-2410.9191110093984,1.985222,1.649825,2.639763,9.080988,6.46043,11.853757,,2.150402,True,1
3,245,regular_holdout,25140,24751,25111,360,8,1000,temporal,6,6,-2410.9191110093984,2.137232,1.819091,4.363519,2.733865,2.191445,4.973572,,2.150402,True,2
3,246,regular_holdout,24465,24207,24387,180,4,200,temporal,2,2,666.0363839025974,1.98359,1.616124,3.011695,2.20181,1.812191,3.118086,,3.566764,True,1
3,246,regular_holdout,24465,24207,24387,180,4,200,static,9,9,666.0363839025974,1.637026,1.33575,2.356984,2.036319,1.668874,3.156794,,3.566764,True,2
3,247,regular_holdout,23640,22049,23489,1440,2,1000,static,41,41,15.853368332065711,1.691358,1.314217,2.795938,2.296022,1.668934,3.431219,,2.101297,True,1
3,247,regular_holdout,23640,22049,23489,1440,2,1000,temporal,7,7,15.853368332065711,1.423012,1.140896,2.38029,2.17499,1.648103,2.965295,,2.101297,True,2
3,248,regular_holdout,24372,23350,24070,720,2,200,temporal,4,4,-850.2304609726788,1.489383,1.227857,2.141319,2.945084,2.355852,3.829722,,1.673121,True,1
3,248,regular_holdout,24372,23350,24070,720,2,200,static,22,22,-850.2304609726788,1.387608,1.030479,2.131664,1.843758,1.438435,2.749217,,1.673121,True,2
3,249,regular_holdout,24461,24055,24415,360,2,200,static,10,10,451.2208669991674,1.397534,1.181577,2.058463,1.756327,1.412085,2.769668,,1.879282,True,1
3,249,regular_holdout,24461,24055,24415,360,2,200,temporal,1,1,451.2208669991674,1.175118,0.951169,1.801655,1.671477,1.357473,8.09671,,1.879282,True,2
3,250,regular_holdout,25221,24905,24965,60,8,5000,temporal,4,4,-483.3778029469833,1.434219,1.21034,2.093917,2.112375,1.779922,2.953767,,2.364956,True,1
3,250,regular_holdout,25221,24905,24965,60,8,5000,static,8,8,-483.3778029469833,1.239013,1.027314,1.881907,1.942618,1.642444,2.922039,,2.364956,True,2
3,251,regular_holdout,18140,16461,17901,1440,2,200,static,42,42,109.9147459000868,1.373197,1.084029,2.247479,2.003861,1.530225,2.895749,,2.045063,True,1
3,251,regular_holdout,18140,16461,17901,1440,2,200,temporal,6,6,109.9147459000868,1.257462,0.968665,2.072244,2.183683,1.4347,2.851633,,2.045063,True,2
3,252,regular_holdout,27353,26929,27289,360,2,1000,temporal,2,2,615.2674420203141,1.390953,1.136839,2.094928,2.074106,1.674783,2.909089,,1.01827,True,1
3,252,regular_holdout,27353,26929,27289,360,2,1000,static,11,11,615.2674420203141,1.235389,1.017929,1.91803,1.475562,1.164922,2.252777,,1.01827,True,2
3,253,regular_holdout,22590,22086,22266,180,2,200,static,5,5,-157.04087719817227,1.023578,0.854482,1.707122,1.352896,1.109628,2.554203,,2.108749,True,1
3,253,regular_holdout,22590,22086,22266,180,2,200,temporal,1,1,-157.04087719817227,2.581955,1.698328,3.244036,5.771699,5.168867,7.378018,,2.108749,True,2
3,254,regular_holdout,24167,23472,23832,360,4,1000,temporal,2,2,-1286.6085640388585,1.291773,1.061666,1.989949,1.76507,1.357243,2.583828,,2.260578,True,1
3,254,regular_holdout,24167,23472,23832,360,4,1000,static,17,17,-1286.6085640388585,0.99238,0.82658,1.551286,118.556907,115.374163,119.875776,,2.260578,True,2
3,255,regular_holdout,21397,19665,21105,1440,4,200,static,75,75,-343.703328665989,2.040025,1.704157,2.725422,1.825771,1.235318,2.670258,,4.319042,True,1
3,255,regular_holdout,21397,19665,21105,1440,4,200,temporal,11,11,-343.703328665989,0.93933,0.747801,2.921358,2.007265,1.470984,3.508476,,4.319042,True,2
3,256,regular_holdout,21482,19831,21271,1440,4,1000,temporal,11,11,-358.58696954170574,0.992551,0.765838,1.930059,1.515292,1.001094,2.578109,,2.332017,True,1
3,256,regular_holdout,21482,19831,21271,1440,4,1000,static,73,73,-358.58696954170574,1.47505,1.072582,2.369143,1.708494,1.205293,2.733895,,2.332017,True,2
3,257,regular_holdout,20014,19589,19949,360,8,5000,static,37,37,-1773.4417946549984,2.087557,1.722205,3.050663,2.042969,1.566079,3.071435,,5.655162,True,1
3,257,regular_holdout,20014,19589,19949,360,8,5000,temporal,8,8,-1773.4417946549984,1.162928,0.957428,2.089019,1.736296,1.318554,2.77087,,5.655162,True,2
3,258,regular_holdout,23625,22906,23266,360,6,200,temporal,9,9,1213.6088829931505,0.991018,0.75379,1.776636,1.753973,1.36171,2.80405,,2.070111,True,1
3,258,regular_holdout,23625,22906,23266,360,6,200,static,32,32,1213.6088829931505,1.254397,1.050719,2.193077,1.498616,1.051921,2.30787,,2.070111,True,2
3,259,regular_holdout,19056,18049,18769,720,6,1000,static,62,62,-2193.6484411846227,1.134696,0.937808,1.791509,1.519758,1.062536,2.416154,,2.986807,True,1
3,259,regular_holdout,19056,18049,18769,720,6,1000,temporal,10,10,-2193.6484411846227,0.914904,0.767811,1.748504,1.595653,1.16397,2.326748,,2.986807,True,2
3,260,regular_holdout,25415,25157,25337,180,2,5000,temporal,3,3,-209.61388788136173,1.009547,0.795884,1.741894,1.324824,1.036648,2.179166,,7.502326,True,1
3,260,regular_holdout,25415,25157,25337,180,2,5000,static,6,6,-209.61388788136173,1.043939,0.881993,1.65257,1.311504,0.962796,3.455716,,7.502326,True,2
3,261,regular_holdout,23732,23555,23615,60,4,1000,static,6,6,-219.7084370149443,1.683145,1.39539,2.738877,1.662965,1.385635,2.503796,,2.263053,True,1
3,261,regular_holdout,23732,23555,23615,60,4,1000,temporal,2,2,-219.7084370149443,1.110309,0.933722,1.837869,1.562783,1.306997,2.327009,,2.263053,True,2
3,262,regular_holdout,25563,23805,25245,1440,2,1000,temporal,5,5,-4.533339179669514,1.202438,0.9195,2.696909,1.835096,1.416993,2.629967,,2.58567,True,1
3,262,regular_holdout,25563,23805,25245,1440,2,1000,static,41,41,-4.5333391796662,1.063468,0.815554,1.885832,1.430383,0.989086,2.170943,,2.58567,True,2
3,263,regular_holdout,24811,23137,24577,1440,4,200,static,73,73,175.68896779185536,2.006444,1.56709,3.358329,3.071444,1.784068,5.902266,,1.712991,True,1
3,263,regular_holdout,24811,23137,24577,1440,4,200,temporal,10,10,175.68896779185548,1.486658,1.159273,2.739613,2.711831,1.760573,3.903433,,1.712991,True,2
3,264,regular_holdout,23352,22952,23312,360,6,200,temporal,9,9,1541.047342077744,2.00389,1.683316,2.848849,1.83826,1.382551,3.033227,,2.857407,True,1
3,264,regular_holdout,23352,22952,23312,360,6,200,static,32,32,1541.047342077744,1.299426,1.013052,2.193077,2.251044,1.852902,3.368549,,2.857407,True,2
3,265,regular_holdout,24981,24686,24866,180,4,1000,static,9,9,-187.7241243401649,1.100805,0.890266,1.836131,2.260178,1.821485,3.271868,,2.133086,True,1
3,265,regular_holdout,24981,24686,24866,180,4,1000,temporal,2,2,-187.7241243401649,1.291443,1.080774,2.032124,1.932543,1.59397,2.897172,,2.133086,True,2
3,266,regular_holdout,19662,19426,19606,180,8,200,temporal,10,10,-1133.1222679966866,1.75223,1.46178,2.66436,2.02293,1.612508,3.071285,,2.252066,True,1
3,266,regular_holdout,19662,19426,19606,180,8,200,static,23,23,-1133.1222679966866,1.344894,1.128066,2.152876,2.083792,1.680601,3.149493,,2.252066,True,2
3,267,regular_holdout,26107,25361,26081,720,4,200,static,38,38,1567.45156965323,1.622373,1.28964,2.44051,2.077602,1.337012,3.085496,,6.85068,True,1
3,267,regular_holdout,26107,25361,26081,720,4,200,temporal,7,7,1567.45156965323,1.458496,1.200967,2.293148,2.324285,1.848005,3.47167,,6.85068,True,2
3,268,regular_holdout,22221,20577,22017,1440,2,200,temporal,5,5,-58.210751004345234,1.780142,1.138491,2.589156,2.70476,2.13639,3.814128,,2.054607,True,1
3,268,regular_holdout,22221,20577,22017,1440,2,200,static,32,32,-58.21075100434467,1.304883,0.99859,2.111132,2.103441,1.40175,3.054986,,2.054607,True,2
3,269,regular_holdout,19407,19220,19400,180,4,1000,static,11,11,-183.0432511569564,1.535252,1.280366,2.23478,1.935838,1.263461,2.740194,,7.166598,True,1
3,269,regular_holdout,19407,19220,19400,180,4,1000,temporal,2,2,-183.0432511569564,0.964338,0.791778,1.576354,1.316501,1.04522,2.285837,,7.166598,True,2
3,270,regular_holdout,22355,21951,22131,180,8,1000,temporal,5,5,-279.7292027588727,1.113955,0.938088,1.822115,1.464815,1.166834,2.270994,,3.138857,True,1
3,270,regular_holdout,22355,21951,22131,180,8,1000,static,21,21,-279.7292027588727,0.915775,0.754981,1.567951,2.965765,2.38006,3.719726,,3.138857,True,2
3,271,regular_holdout,23814,23170,23530,360,6,1000,static,29,29,-252.5409419480519,0.908624,0.724566,1.663916,1.479107,1.138832,2.251105,,1.982237,True,1
3,271,regular_holdout,23814,23170,23530,360,6,1000,temporal,5,5,-252.5409419480519,0.778978,0.620399,1.568222,1.345404,1.024409,2.124012,,1.982237,True,2
3,272,regular_holdout,19202,18868,18928,60,4,200,temporal,2,2,235.38350649727892,0.800501,0.661601,1.386507,1.136388,0.964539,1.832181,,2.000766,True,1
3,272,regular_holdout,19202,18868,18928,60,4,200,static,6,6,235.38350649727892,0.711536,0.584224,1.235058,1.0979,0.926982,1.83851,,2.000766,True,2
3,273,regular_holdout,21163,20953,21133,180,6,1000,static,23,23,-1034.5941901213505,2.390846,1.956479,3.021029,2.752693,2.244524,3.830864,,1.037579,True,1
3,273,regular_holdout,21163,20953,21133,180,6,1000,temporal,9,9,-1034.5941901213505,1.199574,0.90592,1.8846,3.792165,2.750048,4.535559,,1.037579,True,2
3,274,regular_holdout,24693,23770,24490,720,4,200,temporal,6,6,634.1702903080106,1.960205,1.615854,2.687013,2.454782,1.593329,3.182463,,2.918754,True,1
3,274,regular_holdout,24693,23770,24490,720,4,200,static,37,37,634.1702903080106,1.366807,1.093153,1.988327,2.229241,1.689805,3.219409,,2.918754,True,2
3,275,regular_holdout,25235,24751,24931,180,6,1000,static,14,14,-765.295981039399,1.523714,1.267997,2.120076,2.371326,2.009169,3.13411,,2.266548,True,1
3,275,regular_holdout,25235,24751,24931,180,6,1000,temporal,4,4,-765.295981039399,1.311273,1.085271,1.946563,1.948747,1.539679,2.937683,,2.266548,True,2
3,276,regular_holdout,23755,23469,23649,180,4,200,temporal,3,3,-603.4882376048888,1.202529,0.978179,1.803688,1.885802,1.543294,2.68461,,1.985733,True,1
3,276,regular_holdout,23755,23469,23649,180,4,200,static,8,8,-603.4882376048888,1.100544,0.907292,1.71248,1.701253,1.370933,2.480011,,1.985733,True,2
3,277,regular_holdout,22741,22213,22393,180,4,1000,static,9,9,-724.1481238976967,1.615983,1.378885,2.265516,2.266057,1.566339,3.007458,,1.81206,True,1
3,277,regular_holdout,22741,22213,22393,180,4,1000,temporal,2,2,-724.1481238976967,1.07129,0.905129,1.638528,1.858671,1.501611,3.295134,,1.81206,True,2
3,278,regular_holdout,28108,27754,27814,60,2,200,temporal,1,1,-104.14833748585578,1.200355,0.975135,1.86489,1.702094,1.412266,2.409654,,2.007836,True,1
3,278,regular_holdout,28108,27754,27814,60,2,200,static,1,1,-104.14833748585578,1.015226,0.824106,1.612398,2.053676,1.796407,2.761867,,2.007836,True,2
3,279,regular_holdout,17904,17557,17617,60,8,200,static,9,9,486.0778624747831,1.366877,1.153083,2.052664,2.216872,1.466538,2.932865,,1.702174,True,1
3,279,regular_holdout,17904,17557,17617,60,8,200,temporal,4,4,486.0778624747831,1.15741,0.983407,1.863849,2.164243,1.831831,3.237466,,1.702174,True,2
3,280,regular_holdout,17086,16754,16934,180,4,5000,temporal,2,2,-653.8210751865746,1.318224,1.130981,1.972633,1.458826,1.193145,2.534443,,1.062827,True,1
3,280,regular_holdout,17086,16754,16934,180,4,5000,static,10,10,-653.8210751865746,1.006012,0.857817,1.584677,1.34896,1.102747,2.198074,,1.062827,True,2
3,281,regular_holdout,22090,21581,21761,180,4,1000,static,12,12,589.1114210247915,1.030098,0.828363,1.630686,1.733251,1.171121,2.431447,,1.893874,True,1
3,281,regular_holdout,22090,21581,21761,180,4,1000,temporal,2,2,589.1114210247915,0.868885,0.703164,1.468782,1.467069,0.986873,2.161259,,1.893874,True,2
3,282,regular_holdout,17888,16423,17863,1440,8,200,temporal,20,20,526.3766001510044,1.075477,0.801853,1.698859,1.951381,1.137039,2.660694,,2.064012,True,1
3,282,regular_holdout,17888,16423,17863,1440,8,200,static,145,145,526.3766001510044,0.903296,0.656162,1.605187,1.762926,1.01188,2.476706,,2.064012,True,2
3,283,regular_holdout,22951,21510,22950,1440,4,1000,static,73,73,406.6581328069548,1.292064,1.016246,2.181829,1.864279,1.133564,2.564688,,1.809527,True,1
3,283,regular_holdout,22951,21510,22950,1440,4,1000,temporal,10,10,406.6581328069548,0.911618,0.73388,1.672429,2.204785,1.40874,2.861778,,1.809527,True,2
3,284,regular_holdout,16499,16200,16380,180,2,5000,temporal,1,1,311.0192563472437,0.923767,0.782153,1.517926,1.436543,1.184061,2.147348,,1.59401,True,1
3,284,regular_holdout,16499,16200,16380,180,2,5000,static,6,6,311.0192563472437,0.737065,0.607238,1.372345,1.381118,1.149658,2.056109,,1.59401,True,2
3,285,regular_holdout,24838,23313,24753,1440,4,200,static,73,73,-215.6355553777729,1.573059,1.262779,2.688587,1.932943,1.227156,2.670088,,1.682154,True,1
3,285,regular_holdout,24838,23313,24753,1440,4,200,temporal,10,10,-215.6355553777729,1.185863,0.980864,1.786592,1.79158,1.032681,2.549626,,1.682154,True,2
3,286,regular_holdout,27170,25619,27059,1440,6,200,temporal,15,15,689.0171326232924,1.065281,0.848534,1.786181,1.924039,1.212864,2.640614,,2.815738,True,1
3,286,regular_holdout,27170,25619,27059,1440,6,200,static,108,108,689.0171326232924,0.967914,0.722803,1.559829,1.869437,1.270992,2.615535,,2.815738,True,2
3,287,regular_holdout,18934,18146,18866,720,6,1000,static,61,61,-1211.7991387669483,1.197511,0.983076,1.803267,2.181219,1.599448,2.866956,,1.726181,True,1
3,287,regular_holdout,18934,18146,18866,720,6,1000,temporal,12,12,-1211.7991387669483,1.357533,1.173985,2.919195,1.832181,1.332144,3.525011,,1.726181,True,2
3,288,regular_holdout,23602,21934,23374,1440,6,200,temporal,16,16,-251.33449649127147,1.577465,1.234036,2.827165,2.740754,1.886253,3.563549,,3.840308,True,1
3,288,regular_holdout,23602,21934,23374,1440,6,200,static,111,111,-251.33449649127147,1.211021,0.969006,1.879041,1.721584,1.140175,2.561504,,3.840308,True,2
3,289,regular_holdout,19849,19633,19693,60,8,1000,static,13,13,-481.31116870839867,1.39508,1.181898,2.139376,1.485466,1.258113,2.583927,,2.271435,True,1
3,289,regular_holdout,19849,19633,19693,60,8,1000,temporal,4,4,-481.31116870839867,1.5006,1.279605,2.153607,1.504776,1.257091,2.359308,,2.271435,True,2
3,290,regular_holdout,17699,16018,17458,1440,4,1000,temporal,10,10,231.58034259539272,1.19753,0.95268,2.112956,22.543263,1.545196,23.597257,,2.034847,True,1
3,290,regular_holdout,17699,16018,17458,1440,4,1000,static,74,74,231.58034259539272,1.655384,1.352275,2.97563,1.99745,1.434449,2.950332,,2.034847,True,2
3,291,regular_holdout,16412,16226,16286,60,8,200,static,8,8,403.6100306689989,1.69924,1.430434,2.349083,1.83159,1.515191,2.951934,,1.71908,True,1
3,291,regular_holdout,16412,16226,16286,60,8,200,temporal,4,4,403.6100306689989,1.014194,0.831698,1.700812,1.906584,1.273596,2.80987,,1.71908,True,2
3,292,regular_holdout,19272,19210,19270,60,8,5000,temporal,4,4,172.98392688362918,1.349621,1.115287,1.962018,1.5339,1.300517,2.210513,,2.133487,True,1
3,292,regular_holdout,19272,19210,19270,60,8,5000,static,9,9,172.98392688362918,1.227867,1.086252,1.869247,1.84497,1.422661,2.599341,,2.133487,True,2
3,293,regular_holdout,19378,19213,19273,60,4,200,static,4,4,111.48252872380056,1.073673,0.820982,1.751749,2.371567,2.092344,3.37241,,1.836387,True,1
3,293,regular_holdout,19378,19213,19273,60,4,200,temporal,2,2,111.48252872380056,1.006792,0.829585,1.680612,2.26134,2.05649,3.337508,,1.836387,True,2
3,294,regular_holdout,16236,15729,15909,180,2,200,temporal,1,1,-132.9202374124862,1.250661,1.061315,1.961096,1.436393,1.182148,2.891573,,1.683276,True,1
3,294,regular_holdout,16236,15729,15909,180,2,200,static,5,5,-132.9202374124862,1.609414,1.34894,2.227859,1.515292,1.286256,2.222541,,1.683276,True,2
3,295,regular_holdout,22860,22122,22842,720,4,1000,static,39,39,-1295.9634751570177,1.558597,1.085161,2.273669,3.962282,3.205737,6.001726,,2.626132,True,1
3,295,regular_holdout,22860,22122,22842,720,4,1000,temporal,7,7,-1295.9634751570177,25.028111,0.902835,26.395243,2.950352,2.324165,3.979628,,2.626132,True,2
3,296,regular_holdout,18061,17706,17766,60,2,5000,temporal,1,1,105.907045261393,1.584917,1.30898,2.227168,1.472297,1.26268,2.127337,,2.596297,True,1
3,296,regular_holdout,18061,17706,17766,60,2,5000,static,2,2,105.907045261393,1.234837,0.992341,1.833453,1.535993,1.28957,2.18208,,2.596297,True,2
3,297,regular_holdout,24045,23776,23836,60,6,200,static,4,4,-361.3700990923472,0.995706,0.775483,1.596785,1.541932,1.287697,2.19553,,1.887675,True,1
3,297,regular_holdout,24045,23776,23836,60,6,200,temporal,4,4,-361.3700990923472,1.178492,0.983968,1.761965,1.579779,1.35549,2.682347,,1.887675,True,2
3,298,regular_holdout,24941,23239,24679,1440,4,200,temporal,10,10,152.54057568817453,1.380267,1.073143,2.148069,2.24153,1.47441,2.963983,,2.027076,True,1
3,298,regular_holdout,24941,23239,24679,1440,4,200,static,73,73,152.54057568817453,1.273336,0.964438,1.980064,2.747895,1.465947,3.462586,,2.027076,True,2
3,299,regular_holdout,20345,18601,20041,1440,4,200,static,71,71,-144.45620998085693,1.617776,0.938249,2.408001,2.589807,1.594582,3.306711,,1.714092,True,1
3,299,regular_holdout,20345,18601,20041,1440,4,200,temporal,10,10,-144.45620998085693,1.30251,0.99874,1.905662,1.70565,1.062346,2.402393,,1.714092,True,2
3,300,regular_holdout,17961,17387,17747,360,4,200,temporal,6,6,1158.475455932604,1.352045,1.13705,1.949989,2.303644,1.530464,2.983051,,2.061237,True,1
3,300,regular_holdout,17961,17387,17747,360,4,200,static,24,24,1158.475455932604,1.277802,1.051901,1.923719,1.958391,1.548762,2.743358,,2.061237,True,2
3,301,regular_holdout,16380,16187,16367,180,6,200,static,16,16,960.997490434351,1.414519,1.230771,2.003921,20.337276,1.347898,21.130376,,1.753943,True,1
3,301,regular_holdout,16380,16187,16367,180,6,200,temporal,3,3,960.997490434351,1.337843,1.156048,2.124203,1.5869,1.295369,2.703679,,1.753943,True,2
3,302,regular_holdout,25759,24176,25616,1440,4,200,temporal,10,10,415.0475317109021,1.091711,0.87244,1.689696,2.343324,1.583475,3.128191,,0.935966,True,1
3,302,regular_holdout,25759,24176,25616,1440,4,200,static,71,71,415.0475317109021,1.04475,0.793139,1.812592,2.546491,1.446788,3.254342,,0.935966,True,2
3,303,regular_holdout,24148,23854,24034,180,4,1000,static,15,15,227.6716698452592,1.202108,0.969937,2.023561,1.901286,1.548432,2.657068,,1.640411,True,1
3,303,regular_holdout,24148,23854,24034,180,4,1000,temporal,6,6,227.6716698452592,1.125833,0.955965,1.709826,1.812931,1.455691,2.633473,,1.640411,True,2
3,304,regular_holdout,23784,23576,23756,180,2,1000,temporal,1,1,-316.02183073532547,1.218953,1.021976,1.795035,1.692239,1.411294,2.370786,,1.846582,True,1
3,304,regular_holdout,23784,23576,23756,180,2,1000,static,5,5,-316.02183073532547,1.072282,0.895024,1.655574,1.542793,1.257662,2.394942,,1.846582,True,2
3,305,regular_holdout,18310,18038,18218,180,4,5000,static,14,14,-467.4678115009247,0.929085,0.785919,1.491956,1.667362,1.281578,2.549796,,1.766782,True,1
3,305,regular_holdout,18310,18038,18218,180,4,5000,temporal,6,6,-467.4678115009247,0.768272,0.631334,1.366827,1.847634,1.357012,2.542175,,1.766782,True,2
3,306,regular_holdout,20391,19884,20064,180,2,200,temporal,1,1,-68.23170526293913,1.086413,0.906571,1.65976,1.361139,1.156539,2.22124,,1.312585,True,1
3,306,regular_holdout,20391,19884,20064,180,2,200,static,5,5,-68.23170526293913,0.756945,0.619206,1.333407,1.312876,1.059002,2.002929,,1.312585,True,2
3,307,regular_holdout,28387,28046,28106,60,4,1000,static,5,5,50.68633059209409,0.935004,0.745808,1.519178,1.363813,1.101045,2.115039,,1.334338,True,1
3,307,regular_holdout,28387,28046,28106,60,4,1000,temporal,2,2,50.68633059209409,1.313796,1.057399,1.910369,1.190431,0.975025,1.886073,,1.334338,True,2
3,308,regular_holdout,17095,16574,16754,180,4,1000,temporal,4,4,-209.46511351573417,1.709495,1.486598,2.438658,2.020856,1.639118,2.699372,,1.751499,True,1
3,308,regular_holdout,17095,16574,16754,180,4,1000,static,13,13,-209.46511351573417,0.902084,0.756484,1.500619,1.715765,1.469993,2.859265,,1.751499,True,2
3,309,regular_holdout,27597,26078,27518,1440,4,5000,static,75,75,-267.0472932822777,1.193134,0.900101,2.028778,2.429374,1.623946,3.190385,,1.89776,True,1
3,309,regular_holdout,27597,26078,27518,1440,4,5000,temporal,12,12,-267.0472932822777,1.141116,0.678656,1.760532,2.125705,1.483143,2.844031,,1.89776,True,2
3,310,regular_holdout,25186,24872,25052,180,2,1000,temporal,1,1,-381.0370969240604,0.962195,0.775973,1.644717,1.681273,1.232464,2.371256,,1.670486,True,1
3,310,regular_holdout,25186,24872,25052,180,2,1000,static,7,7,-381.0370969240604,0.911439,0.757526,1.486388,1.51439,1.297692,2.371877,,1.670486,True,2
3,311,regular_holdout,22457,22096,22276,180,4,5000,static,13,13,-633.0683933911885,1.000393,0.825919,1.584546,1.351684,1.083619,2.14886,,2.082169,True,1
3,311,regular_holdout,22457,22096,22276,180,4,5000,temporal,2,2,-633.0683933911885,1.098752,0.950157,1.679289,1.450574,1.195057,2.170182,,2.082169,True,2
3,312,regular_holdout,19224,19005,19065,60,6,1000,temporal,3,3,226.3894787637425,0.895274,0.750845,1.455211,1.723496,1.430914,2.398688,,2.052114,True,1
3,312,regular_holdout,19224,19005,19065,60,6,1000,static,10,10,226.3894787637425,0.918479,0.780551,1.446948,1.620861,1.350733,2.432769,,2.052114,True,2
3,313,regular_holdout,20390,19420,20140,720,4,1000,static,38,38,-1026.5485914130654,1.133515,0.887212,1.695084,1.877148,1.373107,2.540502,,1.604066,True,1
3,313,regular_holdout,20390,19420,20140,720,4,1000,temporal,6,6,-1026.5485914130654,0.858799,0.62123,1.455901,1.674262,1.28974,2.353189,,1.604066,True,2
3,314,regular_holdout,24359,22602,24042,1440,2,200,temporal,5,5,-3.946105800827581,1.163089,0.919681,2.000014,21.451743,1.279004,22.36305,,1.585538,True,1
3,314,regular_holdout,24359,22602,24042,1440,2,200,static,33,33,-3.946105800827581,1.623416,1.341949,2.917882,2.406329,1.902908,3.185087,,1.585538,True,2
3,315,regular_holdout,22958,22428,22608,180,6,5000,static,21,21,-520.2941099977952,1.149488,0.977398,1.724849,1.892562,1.363232,2.602206,,1.425636,True,1
3,315,regular_holdout,22958,22428,22608,180,6,5000,temporal,8,8,-520.2941099977952,1.282409,1.060904,1.89776,1.62661,1.370813,2.369493,,1.425636,True,2
3,316,regular_holdout,16544,16379,16439,60,4,1000,temporal,2,2,157.7766033340541,0.955074,0.807821,1.804109,1.694242,1.494459,2.380149,,2.063932,True,1
3,316,regular_holdout,16544,16379,16439,60,4,1000,static,3,3,157.7766033340541,0.965981,0.823715,1.550154,1.60727,1.417664,2.249752,,2.063932,True,2
3,317,regular_holdout,28661,28123,28483,360,6,200,static,34,34,1914.0178060264043,0.860972,0.685166,1.472176,1.782316,1.203971,2.455674,,0.72081,True,1
3,317,regular_holdout,28661,28123,28483,360,6,200,temporal,9,9,1914.0178060264043,0.980433,0.765588,1.572929,1.672389,1.122167,2.32735,,0.72081,True,2
3,318,regular_holdout,20607,20252,20312,60,6,200,temporal,8,8,344.73107145730086,1.614061,1.357073,2.468964,2.575195,1.757728,3.339721,,2.602136,True,1
3,318,regular_holdout,20607,20252,20312,60,6,200,static,13,13,344.73107145730086,1.485817,1.205494,2.120477,1.943299,1.373908,2.609477,,2.602136,True,2
3,319,regular_holdout,22636,22283,22463,180,6,5000,static,15,15,-823.1969612447365,1.689265,1.443153,2.301901,2.132485,1.406597,2.837681,,2.70473,True,1
3,319,regular_holdout,22636,22283,22463,180,6,5000,temporal,4,4,-823.1969612447365,1.020413,0.846069,1.619949,1.909468,1.552879,2.631459,,2.70473,True,2
3,320,regular_holdout,20955,20705,20885,180,6,200,temporal,4,4,-762.6962195308547,1.288228,0.956386,23.368426,2.8699,2.376594,4.352742,,1.703697,True,1
3,320,regular_holdout,20955,20705,20885,180,6,200,static,17,17,-762.6962195308547,1.147966,0.967843,1.910159,2.084152,1.783998,3.334403,,1.703697,True,2
3,321,regular_holdout,19202,19018,19198,180,2,200,static,4,4,309.0420831786768,2.740153,2.243793,3.475175,3.872236,3.093227,5.161295,,5.300786,True,1
3,321,regular_holdout,19202,19018,19198,180,2,200,temporal,1,1,309.0420831786768,1.724578,1.529944,2.569887,1.821936,1.176339,2.509626,,5.300786,True,2
3,322,regular_holdout,26760,26695,26755,60,2,1000,temporal,2,2,7.735679968041314,1.449452,1.221467,2.192716,1.470504,1.266035,2.178705,,1.397804,True,1
3,322,regular_holdout,26760,26695,26755,60,2,1000,static,3,3,7.735679968041314,1.100605,0.905179,1.83127,1.538877,1.316831,2.336954,,1.397804,True,2
3,323,regular_holdout,20276,19806,20166,360,2,1000,static,8,8,16.319714656572287,2.630298,2.329153,3.519513,2.374221,1.578077,3.172187,,1.909979,True,1
3,323,regular_holdout,20276,19806,20166,360,2,1000,temporal,1,1,16.319714656572287,1.244151,1.042546,1.943309,2.217854,1.398245,3.026207,,1.909979,True,2
3,324,regular_holdout,19238,19171,19231,60,2,200,temporal,1,1,69.3433327083831,1.443303,1.193905,2.118134,1.750358,1.484475,2.518749,,2.795327,True,1
3,324,regular_holdout,19238,19171,19231,60,2,200,static,3,3,69.3433327083831,1.251202,0.991089,1.855516,1.639189,1.414298,2.292016,,2.795327,True,2
3,325,regular_holdout,21020,20602,20782,180,2,5000,static,5,5,49.67827295840449,2.118854,1.751479,2.896291,2.03673,1.673541,3.348414,,23.471987,True,1
3,325,regular_holdout,21020,20602,20782,180,2,5000,temporal,1,1,49.67827295840449,1.143129,0.946972,2.214919,1.906964,1.515472,2.808057,,23.471987,True,2
3,326,regular_holdout,23345,22569,23289,720,6,1000,temporal,11,11,2366.6110350637805,1.522012,1.264813,2.122309,2.579341,1.810368,3.421865,,2.063471,True,1
3,326,regular_holdout,23345,22569,23289,720,6,1000,static,54,54,2366.6110350637805,1.253085,1.014715,1.898621,2.050912,1.510324,2.740355,,2.063471,True,2
3,327,regular_holdout,27438,26433,27153,720,8,200,static,74,74,2027.7718233395124,1.592318,1.254247,2.331726,2.956131,1.973013,3.791093,,1.94386,True,1
3,327,regular_holdout,27438,26433,27153,720,8,200,temporal,13,13,2027.7718233395124,1.506408,1.214837,2.15611,2.829579,1.940194,3.589878,,1.94386,True,2
3,328,regular_holdout,25647,25378,25438,60,4,200,temporal,2,2,66.89844147311317,1.63919,1.3753,2.330805,1.807514,1.546499,2.529124,,2.169631,True,1
3,328,regular_holdout,25647,25378,25438,60,4,200,static,4,4,66.89844147311317,1.198403,1.010698,1.940545,1.829036,1.534841,2.563607,,2.169631,True,2
3,329,regular_holdout,22922,22035,22755,720,4,200,static,38,38,-1110.7453838761407,1.476613,1.18367,2.263292,2.24155,1.707922,2.938835,,2.110722,True,1
3,329,regular_holdout,22922,22035,22755,720,4,200,temporal,6,6,-1110.7453838761407,1.29637,1.066673,2.288822,1.993575,1.483283,2.920918,,2.110722,True,2
3,330,regular_holdout,17484,15850,17290,1440,6,1000,temporal,15,15,-172.00762600292836,1.729145,1.409361,2.559972,2.754716,1.700031,3.468346,,2.292176,True,1
3,330,regular_holdout,17484,15850,17290,1440,6,1000,static,114,114,-172.00762600292836,2.751421,1.754784,22.76654,2.779523,1.839763,3.592263,,2.292176,True,2
3,331,regular_holdout,18970,17513,18953,1440,4,1000,static,73,73,431.3758263656808,2.223623,1.804579,3.157335,2.520962,1.865812,3.260751,,2.617549,True,1
3,331,regular_holdout,18970,17513,18953,1440,4,1000,temporal,11,11,431.3758263656808,1.390663,1.127956,2.20193,2.71064,1.559018,3.585984,,2.617549,True,2
3,332,regular_holdout,26695,26376,26556,180,4,5000,temporal,2,2,-657.6634764112234,1.890474,1.499713,2.56571,1.464255,1.189149,2.456975,,1.855726,True,1
3,332,regular_holdout,26695,26376,26556,180,4,5000,static,11,11,-657.6634764112234,1.237802,1.078811,1.816477,1.285213,1.03776,3.719365,,1.855726,True,2
3,333,regular_holdout,19785,19389,19749,360,6,200,static,31,31,-1598.850893286893,1.824179,1.530836,2.593302,2.248571,1.619389,3.026097,,2.322252,True,1
3,333,regular_holdout,19785,19389,19749,360,6,200,temporal,9,9,-1598.850893286893,0.893632,0.741401,1.523384,2.164654,1.695945,2.864942,,2.322252,True,2
3,334,regular_holdout,16275,16080,16140,60,4,200,temporal,2,2,121.54596539521503,1.219795,1.024409,1.892843,1.380097,1.187076,2.140337,,1.773873,True,1
3,334,regular_holdout,16275,16080,16140,60,4,200,static,3,3,121.54596539521503,1.141586,0.967453,1.796637,1.204942,1.047555,1.987786,,1.773873,True,2
3,335,regular_holdout,18777,17817,18537,720,4,5000,static,36,36,-1102.811373814009,1.36238,1.079893,2.031552,2.373259,1.622043,3.370547,,5.105321,True,1
3,335,regular_holdout,18777,17817,18537,720,4,5000,temporal,6,6,-1102.811373814009,20.698773,20.361213,21.58942,2.244655,1.849538,3.499181,,5.105321,True,2
3,336,regular_holdout,24126,23714,23894,180,2,5000,temporal,1,1,-196.84195529229743,1.162298,0.95221,1.756807,1.918962,1.57341,2.885193,,1.913905,True,1
3,336,regular_holdout,24126,23714,23894,180,2,5000,static,3,3,-196.84195529229743,1.20365,0.98504,1.813973,2.042334,1.361734,2.721045,,1.913905,True,2
3,337,regular_holdout,22925,22662,22842,180,6,1000,static,15,15,661.8718520639867,1.528252,1.260065,2.260749,2.086986,1.651468,2.947578,,2.322693,True,1
3,337,regular_holdout,22925,22662,22842,180,6,1000,temporal,3,3,661.8718520639867,1.402822,1.206865,1.99687,1.903939,1.529263,2.905574,,2.322693,True,2
3,338,regular_holdout,27806,27601,27661,60,4,200,temporal,2,2,-234.11131577144843,1.505797,1.208137,2.150873,2.101548,1.766662,2.859985,,2.2346,True,1
3,338,regular_holdout,27806,27601,27661,60,4,200,static,6,6,-234.11131577144843,1.361439,1.094565,2.045844,1.928637,1.64667,2.836349,,2.2346,True,2
3,339,regular_holdout,20014,18430,19870,1440,8,200,static,145,145,-357.19192248142565,3.141381,1.757268,4.261525,3.046677,1.894145,4.414576,,2.951403,True,1
3,339,regular_holdout,20014,18430,19870,1440,8,200,temporal,22,22,-357.1919224814201,1.630486,1.310903,2.708957,3.141471,1.996359,4.616632,,2.951403,True,2
3,340,regular_holdout,19193,18661,18841,180,2,5000,temporal,1,1,224.89262327878276,23.726773,23.321871,24.849091,2.802559,1.854425,3.857324,,3.304207,True,1
3,340,regular_holdout,19193,18661,18841,180,2,5000,static,6,6,224.89262327878276,1.498767,1.24287,2.513912,2.150523,1.387819,2.999647,,3.304207,True,2
3,341,regular_holdout,23913,22452,23892,1440,4,1000,static,72,72,-136.2720837968293,1.901476,1.518617,5.218873,5.359436,4.560026,7.113909,,1.780643,True,1
3,341,regular_holdout,23913,22452,23892,1440,4,1000,temporal,12,12,-136.2720837968293,1.61294,1.260286,2.981529,2.329653,1.715184,3.561636,,1.780643,True,2
3,342,regular_holdout,21352,20956,21136,180,2,1000,temporal,2,2,-364.5046432028928,1.504615,1.283561,2.422003,1.953494,1.638058,3.236665,,0.801422,True,1
3,342,regular_holdout,21352,20956,21136,180,2,1000,static,6,6,-364.5046432028928,1.301869,1.110609,2.202671,2.072344,1.680982,3.388545,,0.801422,True,2
3,343,regular_holdout,28406,27950,28130,180,4,5000,static,9,9,56.56309232370458,1.941116,1.677487,2.840096,2.048518,1.668143,3.131867,,2.557678,True,1
3,343,regular_holdout,28406,27950,28130,180,4,5000,temporal,2,2,56.56309232370458,1.274878,1.036608,2.143742,1.867785,1.517075,3.018315,,2.557678,True,2
3,344,regular_holdout,21073,20656,21016,360,4,1000,temporal,5,5,-1013.6746810702756,1.466477,1.173425,2.316994,22.041696,1.556274,23.277875,,1.559339,True,1
3,344,regular_holdout,21073,20656,21016,360,4,1000,static,22,22,-1013.6746810702756,1.594081,1.358815,2.792554,1.644888,1.333587,3.009402,,1.559339,True,2
3,345,regular_holdout,18918,17179,18619,1440,2,200,static,39,39,-16.420450632837046,1.662945,1.353187,2.549266,1.702625,1.171051,2.767646,,3.139578,True,1
3,345,regular_holdout,18918,17179,18619,1440,2,200,temporal,5,5,-16.420450632837046,2.828828,0.962906,3.688849,1.993716,1.451926,3.112698,,3.139578,True,2
3,346,regular_holdout,16527,16156,16336,180,2,200,temporal,1,1,331.2683632214284,3.442456,3.177245,4.261845,1.985413,1.61308,2.960477,,2.058503,True,1
3,346,regular_holdout,16527,16156,16336,180,2,200,static,7,7,331.2683632214284,1.152553,0.968805,2.005954,1.830919,1.486979,2.758452,,2.058503,True,2
3,347,regular_holdout,18255,17610,17970,360,4,1000,static,18,18,757.0377907945435,1.315139,1.070449,1.985593,1.997802,1.566309,2.90904,,2.105364,True,1
3,347,regular_holdout,18255,17610,17970,360,4,1000,temporal,2,2,757.0377907945435,1.455071,1.098752,2.343164,2.046946,1.664297,2.879605,,2.105364,True,2
3,348,regular_holdout,27647,26828,27548,720,6,1000,temporal,10,10,1451.0997710959605,1.571006,1.278633,2.161409,2.233217,1.691128,2.980067,,1.774403,True,1
3,348,regular_holdout,27647,26828,27548,720,6,1000,static,61,61,1451.0997710959605,1.263811,1.013423,1.865381,2.205135,1.571707,2.921128,,1.774403,True,2
3,349,regular_holdout,19427,19014,19074,60,6,5000,static,9,9,289.2641781984157,24.072056,23.646493,26.096167,2.561624,2.219096,3.519893,,2.787215,True,1
3,349,regular_holdout,19427,19014,19074,60,6,5000,temporal,4,4,289.2641781984157,1.425376,1.195027,2.337025,2.177363,1.792351,3.290597,,2.787215,True,2
3,350,regular_holdout,22361,22255,22315,60,6,5000,temporal,3,3,-408.9610391971836,1.636816,1.411906,2.377546,2.046725,1.690136,3.232489,,2.087858,True,1
3,350,regular_holdout,22361,22255,22315,60,6,5000,static,7,7,-408.9610391971836,1.189559,1.010569,1.842106,1.927846,1.634162,2.643388,,2.087858,True,2
3,351,regular_holdout,27821,27476,27536,60,6,1000,static,16,16,-207.14541143895448,1.449933,1.220676,2.104412,2.145645,1.828806,2.987799,,1.926344,True,1
3,351,regular_holdout,27821,27476,27536,60,6,1000,temporal,9,9,-207.14541143895448,1.272144,1.068386,1.895367,2.040015,1.657907,3.362595,,1.926344,True,2
3,352,regular_holdout,16533,15861,16221,360,4,1000,temporal,6,6,164.03333173933729,1.647922,1.300987,2.345949,2.428012,1.703556,3.290256,,2.246528,True,1
3,352,regular_holdout,16533,15861,16221,360,4,1000,static,21,21,164.03333173933729,1.406087,1.143099,2.056601,2.026085,1.640061,2.88314,,2.246528,True,2
3,353,regular_holdout,16540,16207,16387,180,4,200,static,11,11,604.4073302700198,1.911491,1.582623,3.069372,2.190162,1.793432,3.41233,,2.47323,True,1
3,353,regular_holdout,16540,16207,16387,180,4,200,temporal,2,2,604.4073302700198,1.472116,1.221137,2.205456,2.073496,1.730267,2.955019,,2.47323,True,2
3,354,regular_holdout,22729,22443,22623,180,8,200,temporal,11,11,-564.5013476600003,1.718068,1.417523,22.997121,2.769935,2.022529,3.783433,,0.572696,True,1
3,354,regular_holdout,22729,22443,22623,180,8,200,static,29,29,-564.5013476600003,1.691449,1.413058,2.788278,2.443065,1.950891,3.310777,,0.572696,True,2
3,355,regular_holdout,21534,20042,21482,1440,6,200,static,115,115,139.97215150390136,2.246197,1.770739,4.651345,2.928849,1.99089,3.950965,,1.772911,True,1
3,355,regular_holdout,21534,20042,21482,1440,6,200,temporal,16,16,139.97215150390136,1.562774,1.255289,2.491378,2.631741,1.757368,3.406633,,1.772911,True,2
3,356,regular_holdout,24165,23714,24074,360,4,200,temporal,6,6,-22.22273491848426,1.944141,1.645549,2.637379,2.310184,1.79851,3.376667,,3.519643,True,1
3,356,regular_holdout,24165,23714,24074,360,4,200,static,22,22,-22.22273491848426,1.407088,1.159323,2.026164,2.130903,1.685199,2.951975,,3.519643,True,2
3,357,regular_holdout,21456,19742,21182,1440,8,200,static,146,146,-558.8607278416093,1.721233,1.364063,2.703519,2.741146,1.840594,3.604902,,1.98378,True,1
3,357,regular_holdout,21456,19742,21182,1440,8,200,temporal,21,21,-558.8607278416093,1.398595,1.131451,2.065183,2.984033,1.805881,3.785665,,1.98378,True,2
3,358,regular_holdout,23226,22410,23130,720,6,1000,temporal,9,9,1311.6555874796795,1.894566,1.597746,2.610188,2.876741,1.951932,3.665363,,2.249252,True,1
3,358,regular_holdout,23226,22410,23130,720,6,1000,static,53,53,1311.6555874796795,1.517014,1.225233,2.500112,24.755951,23.660345,25.759109,,2.249252,True,2
3,359,regular_holdout,16974,16865,16925,60,4,200,static,7,7,-236.73182484463476,1.60643,1.385316,2.478058,2.038192,1.746041,3.761309,,1.73221,True,1
3,359,regular_holdout,16974,16865,16925,60,4,200,temporal,2,2,-236.73182484463476,1.446879,1.206084,2.464357,1.971692,1.709876,2.681946,,1.73221,True,2
3,360,maintenance_burst,32957,32014,32734,720,4,10000,temporal,7,7,1689.0762392403524,2.3335,1.842526,3.589078,2.612972,1.655684,3.674488,,13.973313,True,1
3,360,maintenance_burst,32957,32014,32734,720,4,10000,static,39,39,1689.0762392403524,1.663075,1.314077,2.955069,2.282662,1.736486,3.311608,,13.973313,True,2
3,361,maintenance_burst,32167,31742,31922,180,4,5000,static,46,46,-483.4198065680623,2.093827,1.761164,2.913186,1.795355,1.366987,3.032807,,6.579731,True,1
3,361,maintenance_burst,32167,31742,31922,180,4,5000,temporal,10,10,-483.4198065680623,1.071541,0.850125,1.724078,1.955798,1.383513,2.738702,,6.579731,True,2
3,362,maintenance_burst,34469,33481,34201,720,4,10000,temporal,6,6,1430.340421458798,1.661803,1.287407,2.269001,2.147118,1.609414,3.100309,,1.736045,True,1
3,362,maintenance_burst,34469,33481,34201,720,4,10000,static,35,35,1430.340421458798,1.558146,1.249179,2.530587,2.886886,2.371576,20.844786,,1.736045,True,2
3,363,maintenance_burst,35317,34873,35053,180,4,1000,static,10,10,736.9169585474874,1.785491,1.387488,2.562365,1.834484,1.510925,2.942631,,6.788667,True,1
3,363,maintenance_burst,35317,34873,35053,180,4,1000,temporal,2,2,736.9169585474874,1.129548,0.937898,1.744548,1.924551,1.561933,2.738452,,6.788667,True,2
3,364,maintenance_burst,31201,30782,30962,180,4,10000,temporal,2,2,467.7679934762834,1.589604,1.320367,2.570357,2.405459,1.961207,3.892808,,4.582921,True,1
3,364,maintenance_burst,31201,30782,30962,180,4,10000,static,12,12,467.7679934762834,1.27007,1.020954,2.244514,2.859365,2.096942,4.249097,,4.582921,True,2
3,365,maintenance_burst,33062,31606,33046,1440,4,5000,static,105,105,-370.65829520772337,2.332037,1.962528,3.965187,2.752112,1.492567,3.962272,,10.977613,True,1
3,365,maintenance_burst,33062,31606,33046,1440,4,5000,temporal,15,15,-370.65829520772337,1.084791,0.848193,2.106546,2.627084,1.75856,3.653285,,10.977613,True,2
3,366,maintenance_burst,30580,30026,30386,360,2,5000,temporal,3,3,-393.2209038279113,1.977471,1.665389,2.945265,2.450857,1.620852,18.409713,,3.63623,True,1
3,366,maintenance_burst,30580,30026,30386,360,2,5000,static,13,13,-393.2209038279113,1.978712,1.410783,2.858273,2.73105,1.735275,4.781742,,3.63623,True,2
3,367,maintenance_burst,32567,31082,32522,1440,4,5000,static,102,102,370.7013566677141,3.370017,1.453748,4.450391,2.56567,1.855286,3.624512,,10.759262,True,1
3,367,maintenance_burst,32567,31082,32522,1440,4,5000,temporal,12,12,370.7013566677141,1.075347,0.752398,2.112124,1.762395,1.220966,2.746384,,10.759262,True,2
3,368,maintenance_burst,32246,31764,32124,360,6,10000,temporal,14,14,-133.5153126800367,1.780583,1.459277,2.855128,2.321631,1.612208,3.486453,,4.735081,True,1
3,368,maintenance_burst,32246,31764,32124,360,6,10000,static,78,78,-133.5153126800367,0.957267,0.744155,1.825791,1.84442,1.140165,2.925195,,4.735081,True,2
3,369,maintenance_burst,33142,32120,32840,720,4,10000,static,37,37,711.2650577270223,2.058113,1.781414,3.085917,2.112936,1.420188,3.065827,,5.389551,True,1
3,369,maintenance_burst,33142,32120,32840,720,4,10000,temporal,6,6,711.2650577270223,0.997679,0.819329,1.713461,1.622194,1.110419,2.383766,,5.389551,True,2
3,370,maintenance_burst,31749,29997,31437,1440,4,1000,temporal,10,10,-46.81101615141051,1.733432,1.442522,2.653182,15.79588,1.708243,17.002204,,3.796602,True,1
3,370,maintenance_burst,31749,29997,31437,1440,4,1000,static,73,73,-46.81101615141051,1.802837,1.457304,2.919115,2.253067,1.479478,3.08786,,3.796602,True,2
3,371,maintenance_burst,31786,30061,31501,1440,4,5000,static,73,73,-307.50604641611443,1.870358,1.512768,3.194081,2.045464,1.469773,2.914629,,6.447621,True,1
3,371,maintenance_burst,31786,30061,31501,1440,4,5000,temporal,10,10,-307.50604641611443,1.069127,0.810916,1.83167,1.677157,1.170681,2.501123,,6.447621,True,2
3,372,maintenance_burst,32461,31949,32129,180,2,5000,temporal,1,1,-31.59766244735504,1.610576,1.339135,2.491148,1.675604,1.310392,2.784681,,3.474836,True,1
3,372,maintenance_burst,32461,31949,32129,180,2,5000,static,6,6,-31.59766244735504,1.103459,0.930257,1.768285,1.523164,1.201397,2.257114,,3.474836,True,2
3,373,maintenance_burst,34024,33313,33673,360,2,10000,static,10,10,189.659256362928,1.470293,1.211852,2.334411,1.63331,1.312024,2.822108,,5.056859,True,1
3,373,maintenance_burst,34024,33313,33673,360,2,10000,temporal,2,2,189.659256362928,0.961274,0.785248,1.611627,1.376792,1.128688,2.160828,,5.056859,True,2
3,374,maintenance_burst,33675,33208,33388,180,6,1000,temporal,10,10,283.044812379643,1.889177,1.384254,2.659062,1.821295,1.469723,2.685191,,6.028647,True,1
3,374,maintenance_burst,33675,33208,33388,180,6,1000,static,20,20,283.044812379643,1.154225,0.956317,1.937961,1.610476,1.32236,2.67122,,6.028647,True,2
3,375,maintenance_burst,33464,31773,33213,1440,2,5000,static,57,57,-173.66491765520595,2.141379,1.646731,3.25285,2.12859,1.523845,3.35197,,22.830058,True,1
3,375,maintenance_burst,33464,31773,33213,1440,2,5000,temporal,10,10,-173.66491765520584,1.311413,0.924809,2.434933,2.022499,1.398875,3.031424,,22.830058,True,2
3,376,maintenance_burst,32872,31084,32524,1440,4,1000,temporal,12,12,367.8098632243574,2.267219,1.740463,3.522878,3.497465,1.578888,4.622291,,13.950669,True,1
3,376,maintenance_burst,32872,31084,32524,1440,4,1000,static,101,101,367.8098632243574,2.027196,1.089618,3.132188,2.495855,1.753572,3.513935,,13.950669,True,2
3,377,maintenance_burst,35153,34798,34978,180,2,5000,static,6,6,183.11216168017356,1.778971,1.498807,2.579822,1.695745,1.332546,2.928279,,8.904718,True,1
3,377,maintenance_burst,35153,34798,34978,180,2,5000,temporal,1,1,183.11216168017356,1.441551,1.223771,2.173898,1.803778,1.503164,2.839925,,8.904718,True,2
3,378,maintenance_burst,33613,33044,33404,360,2,5000,temporal,3,3,-241.90653102193303,1.862197,1.43507,2.79647,2.555385,1.769116,3.382505,,5.588141,True,1
3,378,maintenance_burst,33613,33044,33404,360,2,5000,static,12,12,-241.90653102193303,1.340558,1.110099,2.047617,12.629741,1.608643,13.577395,,5.588141,True,2
3,379,maintenance_burst,34255,33849,34029,180,2,10000,static,7,7,176.1399244106881,1.882878,1.522673,3.046738,2.088389,1.269691,2.892034,,9.478506,True,1
3,379,maintenance_burst,34255,33849,34029,180,2,10000,temporal,3,3,176.1399244106881,1.080604,0.831227,1.796437,1.949859,1.345415,2.827506,,9.478506,True,2
3,380,maintenance_burst,30361,29321,30041,720,2,10000,temporal,3,3,714.69494658319,1.892522,1.508952,2.834568,1.982298,1.56016,3.13404,,4.138909,True,1
3,380,maintenance_burst,30361,29321,30041,720,2,10000,static,21,21,714.69494658319,1.234498,0.972762,1.96379,2.308782,1.522814,3.097686,,4.138909,True,2
3,381,maintenance_burst,34978,33447,34887,1440,6,5000,static,115,115,217.8169072659444,2.337485,1.816978,3.922673,2.81668,1.830769,3.919337,,5.563364,True,1
3,381,maintenance_burst,34978,33447,34887,1440,6,5000,temporal,16,16,217.8169072659444,1.175899,0.892079,2.384847,1.93072,1.307037,3.028531,,5.563364,True,2
3,382,maintenance_burst,30500,30075,30435,360,2,1000,temporal,3,3,-539.0305077770051,1.432316,1.164791,2.397175,1.738149,1.256921,2.905614,,4.316979,True,1
3,382,maintenance_burst,30500,30075,30435,360,2,1000,static,11,11,-539.0305077770051,0.916856,0.74097,1.71245,1.687903,1.180185,2.744912,,4.316979,True,2
3,383,maintenance_burst,33334,32943,33303,360,2,1000,static,13,13,-568.5175023538451,1.959974,1.647451,3.071816,1.576535,1.173865,2.60514,,9.224391,True,1
3,383,maintenance_burst,33334,32943,33303,360,2,1000,temporal,3,3,-568.5175023538451,1.346747,0.817336,2.266408,1.555332,1.193014,2.553953,,9.224391,True,2
3,384,maintenance_burst,30619,30189,30369,180,8,5000,temporal,4,4,-1312.5380532630525,2.022258,1.661883,3.130544,1.922407,1.556594,3.188863,,3.803623,True,1
3,384,maintenance_burst,30619,30189,30369,180,8,5000,static,16,16,-1312.5380532630525,1.080304,0.908073,1.978272,1.422872,1.135617,2.306238,,3.803623,True,2
3,385,maintenance_burst,33508,32989,33349,360,4,10000,static,23,23,-1052.6264873913049,1.73236,1.363302,2.504458,1.491185,1.141246,2.263743,,4.490762,True,1
3,385,maintenance_burst,33508,32989,33349,360,4,10000,temporal,6,6,-1052.6264873913049,1.304082,0.941233,1.958212,1.960456,1.287347,2.757591,,4.490762,True,2
3,386,maintenance_burst,30392,29698,30058,360,2,10000,temporal,1,1,428.8788534823428,1.506478,1.251472,2.321952,1.325064,1.022507,2.226006,,4.677915,True,1
3,386,maintenance_burst,30392,29698,30058,360,2,10000,static,7,7,428.8788534823428,0.957027,0.718637,1.911081,1.415902,1.054515,2.200153,,4.677915,True,2
3,387,maintenance_burst,35037,34796,34856,60,2,1000,static,3,3,95.91188555687758,2.567884,2.231575,3.888602,1.577075,1.314097,2.431948,,5.6137,True,1
3,387,maintenance_burst,35037,34796,34856,60,2,1000,temporal,1,1,95.91188555687758,1.224833,0.818688,1.89117,1.380047,1.081285,2.098424,,5.6137,True,2
3,388,maintenance_burst,34308,34078,34138,60,4,5000,temporal,2,2,-36.03989312541981,1.700892,1.440058,2.515865,1.644707,1.270362,2.52589,,6.041938,True,1
3,388,maintenance_burst,34308,34078,34138,60,4,5000,static,3,3,-36.03989312541981,0.885449,0.734682,1.50764,1.447339,1.215679,2.316323,,6.041938,True,2
3,389,maintenance_burst,32411,32125,32185,60,4,5000,static,5,5,60.59573435526834,1.640151,1.391554,2.462975,2.084963,1.733221,2.814346,,8.367696,True,1
3,389,maintenance_burst,32411,32125,32185,60,4,5000,temporal,2,2,60.59573435526834,1.346737,1.073924,1.976249,1.929238,1.651067,2.805143,,8.367696,True,2
3,390,maintenance_burst,34194,34003,34183,180,2,5000,temporal,1,1,-42.00269011851636,2.059174,1.7258,2.891363,2.225035,1.77801,2.951444,,10.564298,True,1
3,390,maintenance_burst,34194,34003,34183,180,2,5000,static,4,4,-42.00269011851636,1.334248,1.01171,1.969499,1.928407,1.605438,2.912665,,10.564298,True,2
3,391,maintenance_burst,33430,32696,33416,720,4,5000,static,36,36,-1707.1641794786356,2.198244,1.816337,2.965385,2.451127,1.938983,3.403047,,4.083346,True,1
3,391,maintenance_burst,33430,32696,33416,720,4,5000,temporal,6,6,-1707.1641794786356,1.508782,1.182068,2.354891,2.364156,1.838752,3.510299,,4.083346,True,2
3,392,maintenance_burst,31181,29523,30963,1440,4,5000,temporal,12,12,404.8650746665824,1.975327,1.597266,2.650989,3.026077,2.427431,3.798415,,4.142385,True,1
3,392,maintenance_burst,31181,29523,30963,1440,4,5000,static,75,75,404.8650746665824,1.556213,1.194026,2.19516,2.273188,1.645409,3.032236,,4.142385,True,2
3,393,maintenance_burst,30350,29332,30052,720,2,5000,static,18,18,752.1485472730814,2.4994,2.218075,3.334123,1.971833,1.616755,2.818133,,7.334324,True,1
3,393,maintenance_burst,30350,29332,30052,720,2,5000,temporal,4,4,752.1485472730814,1.134336,0.931418,1.799542,1.482622,1.178783,3.428134,,7.334324,True,2
3,394,maintenance_burst,33594,33344,33404,60,4,5000,temporal,2,2,-1.3953503119352852,1.683116,1.41502,2.399459,1.782927,1.524515,2.73756,,4.750765,True,1
3,394,maintenance_burst,33594,33344,33404,60,4,5000,static,3,3,-1.3953503119352852,1.436162,1.172543,2.061989,1.416021,1.211512,2.073577,,4.750765,True,2
3,395,maintenance_burst,32319,32073,32133,60,4,5000,static,5,5,95.3528584341154,1.50777,1.273746,2.169532,1.919272,1.604677,2.647905,,3.849742,True,1
3,395,maintenance_burst,32319,32073,32133,60,4,5000,temporal,2,2,95.3528584341154,0.97851,0.813601,1.550605,1.158783,0.976717,1.941386,,3.849742,True,2
3,396,maintenance_burst,31179,30651,30831,180,4,5000,temporal,2,2,288.7035754610266,1.171591,0.970327,1.811509,1.57373,1.2696,2.471638,,3.494635,True,1
3,396,maintenance_burst,31179,30651,30831,180,4,5000,static,8,8,288.7035754610266,1.021615,0.818638,1.594411,1.366406,1.118021,2.04948,,3.494635,True,2
3,397,maintenance_burst,34177,34029,34089,60,2,1000,static,3,3,-6.239131612241518,1.700001,1.436282,2.548885,1.89126,1.554271,2.747265,,8.605956,True,1
3,397,maintenance_burst,34177,34029,34089,60,2,1000,temporal,1,1,-6.239131612241518,1.287257,1.055516,1.891661,17.530294,17.029867,18.41419,,8.605956,True,2
3,398,maintenance_burst,32383,30910,32350,1440,6,10000,temporal,24,24,592.2404857440446,2.179666,1.721263,3.996745,2.42634,1.544666,3.288874,,4.34411,True,1
3,398,maintenance_burst,32383,30910,32350,1440,6,10000,static,160,160,592.2404857440446,1.238604,0.89955,3.296466,3.421885,2.344266,4.629332,,4.34411,True,2
3,399,maintenance_burst,35034,34484,34844,360,4,10000,static,20,20,228.13951385404465,1.79171,1.491296,2.703299,3.230936,2.364887,4.483361,,5.565517,True,1
3,399,maintenance_burst,35034,34484,34844,360,4,10000,temporal,6,6,228.13951385404465,1.578478,1.244262,2.938384,2.449775,2.011533,3.740808,,5.565517,True,2
3,400,maintenance_burst,30294,28687,30127,1440,4,1000,temporal,14,14,-193.5759868810095,3.334644,2.134017,4.199692,6.489346,1.690136,7.753718,,4.6214,True,1
3,400,maintenance_burst,30294,28687,30127,1440,4,1000,static,107,107,-193.5759868810095,2.141359,1.695885,3.015871,3.918156,1.693031,4.910496,,4.6214,True,2
3,401,maintenance_burst,31639,29885,31325,1440,4,1000,static,71,71,35.339007739383305,17.161004,16.716081,18.387124,7.128731,3.005456,8.816715,,4.382368,True,1
3,401,maintenance_burst,31639,29885,31325,1440,4,1000,temporal,10,10,35.33900773938484,1.958378,1.561387,2.911343,1.919493,1.301719,2.831372,,4.382368,True,2
3,402,maintenance_burst,32906,32518,32698,180,4,1000,temporal,6,6,78.5843970664495,2.245617,1.906554,3.597812,2.012694,1.63963,3.027118,,9.172053,True,1
3,402,maintenance_burst,32906,32518,32698,180,4,1000,static,15,15,78.5843970664495,1.343261,1.131902,2.081628,1.706071,1.35497,2.914698,,9.172053,True,2
3,403,maintenance_burst,31824,31396,31756,360,4,5000,static,18,18,-915.1473211958294,1.781154,1.530215,2.59201,1.776767,1.453748,2.675276,,3.24682,True,1
3,403,maintenance_burst,31824,31396,31756,360,4,5000,temporal,3,3,-915.1473211958294,1.467059,1.186735,2.278145,1.921967,1.550785,2.63836,,3.24682,True,2
3,404,maintenance_burst,32314,32131,32191,60,2,10000,temporal,1,1,26.462039056334667,1.5801,1.298755,2.590288,1.541832,1.338034,2.523797,,3.890704,True,1
3,404,maintenance_burst,32314,32131,32191,60,2,10000,static,3,3,26.462039056334667,1.259915,1.009667,2.082339,1.235148,1.07118,2.143322,,3.890704,True,2
3,405,maintenance_burst,33186,31510,32950,1440,4,5000,static,104,104,-335.7264405748488,2.083451,1.663286,3.289015,11.260525,1.292324,13.281076,,7.326811,True,1
3,405,maintenance_burst,33186,31510,32950,1440,4,5000,temporal,13,13,-335.7264405748488,2.090672,1.445917,3.003994,4.046921,1.698318,4.989156,,7.326811,True,2
3,406,maintenance_burst,34080,33603,33963,360,6,10000,temporal,7,7,1758.9212622043888,2.230414,1.846693,3.17415,2.54502,1.724118,3.646635,,5.28335,True,1
3,406,maintenance_burst,34080,33603,33963,360,6,10000,static,34,34,1758.9212622043888,1.400317,1.112352,2.583658,2.170783,1.678509,3.406513,,5.28335,True,2
3,407,maintenance_burst,31877,30180,31620,1440,6,10000,static,111,111,-609.7650529918119,2.620724,1.664617,3.522287,2.655166,1.704638,3.511942,,5.635082,True,1
3,407,maintenance_burst,31877,30180,31620,1440,6,10000,temporal,15,15,-609.7650529918119,1.437825,1.084871,2.297985,3.135472,2.394461,3.912107,,5.635082,True,2
3,408,maintenance_burst,32166,31823,31883,60,2,1000,temporal,1,1,-114.07036229079056,1.846302,1.567881,2.6182,1.830088,1.525948,2.550337,,4.243859,True,1
3,408,maintenance_burst,32166,31823,31883,60,2,1000,static,14,14,-114.07036229079056,1.278213,1.005181,2.02319,1.583195,1.345455,2.656288,,4.243859,True,2
3,409,maintenance_burst,35777,34900,35620,720,4,5000,static,37,37,734.687225001065,3.840067,3.503268,21.809586,2.443586,1.628422,3.481415,,4.764526,True,1
3,409,maintenance_burst,35777,34900,35620,720,4,5000,temporal,7,7,734.687225001065,1.159774,0.953643,1.8974,1.456683,1.07757,3.202754,,4.764526,True,2
3,410,maintenance_burst,35949,35152,35872,720,4,5000,temporal,6,6,-1184.6991312563478,1.744197,1.469833,2.606032,2.166196,1.387299,3.337417,,4.066561,True,1
3,410,maintenance_burst,35949,35152,35872,720,4,5000,static,37,37,-1184.6991312563478,1.160675,0.829314,1.797149,1.690817,1.116569,2.857753,,4.066561,True,2
3,411,maintenance_burst,35803,35315,35495,180,6,10000,static,23,23,-564.007360027848,2.251946,1.813042,3.527035,2.238536,1.840944,3.672043,,9.966073,True,1
3,411,maintenance_burst,35803,35315,35495,180,6,10000,temporal,9,9,-564.007360027848,1.26949,1.021175,2.152035,1.894996,1.517175,3.025937,,9.966073,True,2
3,412,maintenance_burst,35157,34668,34848,180,4,10000,temporal,6,6,355.7116583854702,2.068679,1.704008,3.238207,1.654672,1.272043,3.190546,,10.2486,True,1
3,412,maintenance_burst,35157,34668,34848,180,4,10000,static,14,14,355.7116583854702,1.327437,1.079763,2.302642,1.999615,1.595143,3.049452,,10.2486,True,2
3,413,maintenance_burst,34203,33793,33973,180,4,10000,static,8,8,216.91662877031052,1.876068,1.558196,2.972776,2.321872,1.870299,3.642329,,5.03794,True,1
3,413,maintenance_burst,34203,33793,33973,180,4,10000,temporal,2,2,216.91662877031052,1.224042,1.023127,1.913484,1.847704,1.557776,2.688366,,5.03794,True,2
3,414,maintenance_burst,35603,35169,35349,180,8,10000,temporal,4,4,451.022962431334,1.880334,1.611007,3.41166,1.75207,1.390914,2.732984,,16.611694,True,1
3,414,maintenance_burst,35603,35169,35349,180,8,10000,static,15,15,451.022962431334,1.135657,0.935535,1.818801,1.526769,1.213575,2.447492,,16.611694,True,2
3,415,maintenance_burst,34915,33182,34622,1440,2,10000,static,41,41,-243.73402891241372,1.853904,1.517395,3.268394,1.60641,1.215909,2.852274,,4.827942,True,1
3,415,maintenance_burst,34915,33182,34622,1440,2,10000,temporal,7,7,-243.7340289124137,1.09769,0.837627,2.014958,1.5015,1.088736,2.200788,,4.827942,True,2
3,416,maintenance_burst,35231,34724,34904,180,2,1000,temporal,1,1,79.8824698584281,1.932563,1.617716,2.857091,1.886273,1.505738,3.136433,,4.68752,True,1
3,416,maintenance_burst,35231,34724,34904,180,2,1000,static,4,4,79.8824698584281,1.016447,0.762163,1.700963,1.693361,1.328639,13.479107,,4.68752,True,2
3,417,maintenance_burst,33872,33471,33531,60,2,1000,static,1,1,136.82997500115317,1.932583,1.630426,2.744,1.52725,1.253266,2.51248,,4.07253,True,1
3,417,maintenance_burst,33872,33471,33531,60,2,1000,temporal,1,1,136.82997500115317,1.253987,1.007423,2.086135,1.858461,1.484956,2.915699,,4.07253,True,2
3,418,maintenance_burst,30494,29760,30480,720,6,1000,temporal,10,10,-2063.9220323477507,1.413738,1.138041,2.206237,1.559759,1.132873,2.530848,,3.280101,True,1
3,418,maintenance_burst,30494,29760,30480,720,6,1000,static,58,58,-2063.9220323477507,2.232897,1.867214,2.935519,2.546392,1.984522,3.633165,,3.280101,True,2
3,419,maintenance_burst,34736,34240,34600,360,2,10000,static,9,9,-675.5594419970531,2.118665,1.715304,3.081911,2.146296,1.729967,3.657382,,4.646758,True,1
3,419,maintenance_burst,34736,34240,34600,360,2,10000,temporal,1,1,-675.5594419970531,1.365846,1.127245,1.998332,1.716366,1.407729,2.751672,,4.646758,True,2
3,420,maintenance_burst,35264,33593,35033,1440,4,5000,temporal,11,11,371.08498626568417,2.173147,1.722325,3.210005,2.487072,1.775826,3.308253,,10.080556,True,1
3,420,maintenance_burst,35264,33593,35033,1440,4,5000,static,74,74,371.08498626568417,1.386006,1.055226,2.064924,2.138565,1.61376,3.007349,,10.080556,True,2
3,421,maintenance_burst,31247,30878,31058,180,4,1000,static,7,7,604.878559228711,2.12221,1.669275,2.954669,2.544378,2.068028,3.386332,,3.961441,True,1
3,421,maintenance_burst,31247,30878,31058,180,4,1000,temporal,2,2,604.878559228711,1.346747,1.107775,2.264655,2.046596,1.653841,2.913216,,3.961441,True,2
3,422,maintenance_burst,35626,35277,35337,60,6,1000,temporal,3,3,46.31922395663773,2.112475,1.719,3.206089,2.182191,1.802065,3.520675,,5.293026,True,1
3,422,maintenance_burst,35626,35277,35337,60,6,1000,static,7,7,46.31922395663773,1.260416,1.029557,2.02308,1.800252,1.491185,3.032787,,5.293026,True,2
3,423,maintenance_burst,35052,34986,35046,60,2,1000,static,3,3,141.68183158070505,1.986544,1.653551,2.835599,2.023721,1.649454,2.768917,,0.908995,True,1
3,423,maintenance_burst,35052,34986,35046,60,2,1000,temporal,2,2,141.68183158070505,1.073564,0.874763,1.738389,1.769527,1.484555,2.689127,,0.908995,True,2
3,424,maintenance_burst,32222,31734,32094,360,6,1000,temporal,17,17,-1083.426018299047,1.631478,1.332425,2.523097,1.962748,1.552268,3.031535,,0.753109,True,1
3,424,maintenance_burst,32222,31734,32094,360,6,1000,static,83,83,-1083.426018299047,1.176429,0.944157,1.813042,1.608532,1.206995,2.329263,,0.753109,True,2
3,425,maintenance_burst,32118,30589,32029,1440,4,5000,static,103,103,-21.52075540588976,2.264475,1.841736,3.111426,2.637419,1.969498,19.606163,,0.740009,True,1
3,425,maintenance_burst,32118,30589,32029,1440,4,5000,temporal,14,14,-21.52075540588976,2.180067,1.747022,3.069312,2.680364,1.893063,3.859788,,0.740009,True,2
3,426,maintenance_burst,32534,30995,32435,1440,4,1000,temporal,13,13,442.5196194390074,1.602394,1.165483,2.758738,2.781667,1.919563,3.817274,,2.020476,True,1
3,426,maintenance_burst,32534,30995,32435,1440,4,1000,static,104,104,442.5196194390074,1.504976,1.119964,2.421052,2.412939,1.632399,3.490679,,2.020476,True,2
3,427,maintenance_burst,34680,34253,34613,360,4,10000,static,18,18,-973.9165334184304,2.133136,1.726972,3.547906,2.578339,2.063941,3.74891,,12.272001,True,1
3,427,maintenance_burst,34680,34253,34613,360,4,10000,temporal,2,2,-973.9165334184304,3.084906,0.99148,4.236457,3.578321,2.503997,4.832739,,12.272001,True,2
3,428,maintenance_burst,32724,30929,32369,1440,4,10000,temporal,15,15,412.159025418722,2.232927,1.780112,4.302387,2.623929,1.720492,4.07354,,3.188423,True,1
3,428,maintenance_burst,32724,30929,32369,1440,4,10000,static,104,104,412.1590254187235,1.111501,0.794231,1.951331,1.877389,1.288749,13.031009,,3.188423,True,2
3,429,maintenance_burst,30601,28831,30271,1440,2,5000,static,51,51,-199.05191806448315,2.16898,1.643395,3.354533,3.112467,1.964191,4.288005,,5.239565,True,1
3,429,maintenance_burst,30601,28831,30271,1440,2,5000,temporal,8,8,-199.05191806448315,1.543074,1.180666,2.372989,2.343655,1.685108,3.324989,,5.239565,True,2
3,430,maintenance_burst,33085,32117,32837,720,2,5000,temporal,3,3,513.1049355399012,1.58696,1.327988,2.430025,2.166467,1.544646,3.083303,,1.332856,True,1
3,430,maintenance_burst,33085,32117,32837,720,2,5000,static,21,21,513.1049355399012,0.960833,0.747891,1.859843,1.801635,1.241127,2.48605,,1.332856,True,2
3,431,maintenance_burst,33517,32906,33266,360,4,10000,static,20,20,-1065.670276482345,1.809506,1.402782,3.884305,2.327,1.854164,3.348375,,3.681337,True,1
3,431,maintenance_burst,33517,32906,33266,360,4,10000,temporal,3,3,-1065.670276482345,0.946902,0.751376,1.631567,2.270424,1.695343,3.044815,,3.681337,True,2
3,432,maintenance_burst,31584,31139,31499,360,2,1000,temporal,1,1,99.35272605400338,1.6325,1.358505,2.54544,1.89154,1.542402,2.911394,,2.744716,True,1
3,432,maintenance_burst,31584,31139,31499,360,2,1000,static,9,9,99.35272605400338,1.064199,0.841082,1.928376,1.603686,1.13074,2.521884,,2.744716,True,2
3,433,maintenance_burst,30445,29985,30165,180,2,5000,static,3,3,-171.83746039037672,1.413528,1.171111,2.313649,1.551246,1.259665,2.296473,,4.47986,True,1
3,433,maintenance_burst,30445,29985,30165,180,2,5000,temporal,1,1,-171.83746039037672,1.562794,1.226214,8.044967,2.010111,1.641202,2.828959,,4.47986,True,2
3,434,maintenance_burst,33323,31869,33309,1440,6,1000,temporal,18,18,-313.8095051651662,2.367351,1.810849,3.235523,2.817771,1.933544,3.793217,,7.228934,True,1
3,434,maintenance_burst,33323,31869,33309,1440,6,1000,static,116,116,-313.8095051651662,3.067179,2.157713,4.339233,3.308834,2.284455,5.618147,,7.228934,True,2
3,435,maintenance_burst,35183,34510,34870,360,8,10000,static,39,39,4.1393230935890415,2.170773,1.817129,6.290474,2.837432,1.939274,4.202136,,9.711869,True,1
3,435,maintenance_burst,35183,34510,34870,360,8,10000,temporal,11,11,4.1393230935890415,1.566078,1.301378,2.953717,2.371247,1.752661,3.463548,,9.711869,True,2
3,436,maintenance_burst,35763,34903,35623,720,6,5000,temporal,9,9,-175.08397283474503,2.07624,1.732099,3.077996,2.442274,1.826101,3.630691,,3.795921,True,1
3,436,maintenance_burst,35763,34903,35623,720,6,5000,static,54,54,-175.08397283474503,1.263561,1.019642,2.220859,13.040594,1.613811,14.205645,,3.795921,True,2
3,437,maintenance_burst,35118,34805,34985,180,4,5000,static,9,9,492.6419303921006,1.595182,1.340057,2.511168,1.554361,1.224272,2.340089,,6.296693,True,1
3,437,maintenance_burst,35118,34805,34985,180,4,5000,temporal,2,2,492.6419303921006,0.963488,0.804858,1.764859,1.314037,1.046172,2.028007,,6.296693,True,2
3,438,maintenance_burst,30727,30496,30676,180,4,1000,temporal,2,2,-159.8347910782579,1.491677,1.267437,2.525444,1.693711,1.418244,2.792834,,4.946692,True,1
3,438,maintenance_burst,30727,30496,30676,180,4,1000,static,9,9,-159.8347910782579,0.972862,0.777195,1.822987,1.418796,1.189149,2.326349,,4.946692,True,2
3,439,maintenance_burst,34597,34142,34322,180,6,5000,static,12,12,-1141.0171435262523,1.764729,1.462753,2.64493,1.83168,1.422892,2.815067,,3.995332,True,1
3,439,maintenance_burst,34597,34142,34322,180,6,5000,temporal,3,3,-1141.0171435262523,1.207767,0.929627,2.010641,1.675645,1.35549,2.653703,,3.995332,True,2
3,440,maintenance_burst,34252,32780,34220,1440,4,1000,temporal,10,10,-284.1532861631293,2.162871,1.83103,3.177335,2.070792,1.439798,7.070163,,5.128145,True,1
3,440,maintenance_burst,34252,32780,34220,1440,4,1000,static,72,72,-284.1532861631293,1.479577,1.099673,2.88271,2.285296,1.600791,4.414737,,5.128145,True,2
3,441,maintenance_burst,34145,33907,33967,60,2,10000,static,1,1,12.176163852850308,1.87749,1.449562,3.982072,2.35686,1.745691,3.237697,,19.12212,True,1
3,441,maintenance_burst,34145,33907,33967,60,2,10000,temporal,1,1,12.176163852850308,1.308379,1.058051,2.014397,1.91758,1.571927,2.658621,,19.12212,True,2
3,442,maintenance_burst,34427,32974,34414,1440,6,5000,temporal,17,17,-714.4877430177495,2.106176,1.67304,3.165608,2.24173,1.5338,5.406617,,6.731891,True,1
3,442,maintenance_burst,34427,32974,34414,1440,6,5000,static,114,114,-714.4877430177495,2.094708,1.686911,5.53431,3.059066,2.209061,4.11592,,6.731891,True,2
3,443,maintenance_burst,31510,31150,31330,180,4,10000,static,12,12,243.36521652086307,2.045829,1.72921,4.882163,2.153787,1.772631,4.123907,,5.418224,True,1
3,443,maintenance_burst,31510,31150,31330,180,4,10000,temporal,2,2,243.36521652086307,1.14404,0.934253,3.126999,1.741624,1.441119,2.502805,,5.418224,True,2
3,444,maintenance_burst,35392,35332,35392,60,8,5000,temporal,7,7,70.9191816566792,2.05622,1.70618,3.075571,1.849727,1.509072,2.754936,,6.95629,True,1
3,444,maintenance_burst,35392,35332,35392,60,8,5000,static,12,12,70.9191816566792,1.137691,0.870957,1.844129,1.612829,1.308739,2.363785,,6.95629,True,2
3,445,maintenance_burst,32002,31186,31906,720,2,1000,static,32,32,-872.0319973235697,1.637676,1.279315,2.355852,1.786622,1.337983,2.597459,,4.102769,True,1
3,445,maintenance_burst,32002,31186,31906,720,2,1000,temporal,3,3,-872.0319973235697,2.317965,1.935167,3.002751,2.238255,1.585858,2.971314,,4.102769,True,2
3,446,maintenance_burst,33493,33244,33424,180,6,5000,temporal,8,8,-46.20335525745453,2.022028,1.728894,2.832404,1.847764,1.475641,2.829939,,5.189148,True,1
3,446,maintenance_burst,33493,33244,33424,180,6,5000,static,20,20,-46.20335525745453,1.15054,0.886951,1.98357,1.581702,1.275259,2.486951,,5.189148,True,2
3,447,maintenance_burst,34986,34715,34775,60,4,1000,static,3,3,117.8478234952135,1.885111,1.534581,2.927818,1.598698,1.332105,2.45339,,7.660545,True,1
3,447,maintenance_burst,34986,34715,34775,60,4,1000,temporal,2,2,117.8478234952135,1.042987,0.746559,1.711859,1.91793,1.652168,2.708486,,7.660545,True,2
3,448,maintenance_burst,30512,29898,30258,360,2,10000,temporal,1,1,-79.01775115906355,2.071963,1.782646,2.6852,2.398358,2.008277,5.057954,,1.004889,True,1
3,448,maintenance_burst,30512,29898,30258,360,2,10000,static,9,9,-79.01775115906355,1.113594,0.934212,1.913253,1.98382,1.518416,2.856004,,1.004889,True,2
3,449,maintenance_burst,31670,30134,31574,1440,4,5000,static,72,72,-289.94764435553634,1.73901,1.469753,2.61203,2.735898,1.940725,7.245097,,0.926101,True,1
3,449,maintenance_burst,31670,30134,31574,1440,4,5000,temporal,10,10,-289.94764435553634,1.34898,1.053223,2.59227,1.828315,1.158011,2.725231,,0.926101,True,2
3,450,maintenance_burst,33286,32908,33088,180,2,5000,temporal,1,1,-335.84785599887965,1.650867,1.381399,2.69733,1.462983,1.122828,2.533982,,6.016638,True,1
3,450,maintenance_burst,33286,32908,33088,180,2,5000,static,5,5,-335.84785599887965,0.830396,0.650954,1.63997,1.536694,1.017548,2.44009,,6.016638,True,2
3,451,maintenance_burst,33267,32904,33264,360,6,10000,static,26,26,-1185.007756597086,1.810308,1.486608,2.625139,2.045263,1.311073,2.814767,,5.325634,True,1
3,451,maintenance_burst,33267,32904,33264,360,6,10000,temporal,3,3,-1185.007756597086,0.942305,0.726919,1.549363,2.333219,1.652729,3.427493,,5.325634,True,2
3,452,maintenance_burst,32016,31060,31780,720,4,5000,temporal,6,6,-996.2567902065952,1.724258,1.353847,2.637098,1.508472,1.15736,2.492931,,3.807678,True,1
3,452,maintenance_burst,32016,31060,31780,720,4,5000,static,38,38,-996.2567902065952,0.942114,0.730125,1.741213,1.465867,1.113834,2.425678,,3.807678,True,2
3,453,maintenance_burst,34255,33917,33977,60,2,5000,static,1,1,5.472148869195136,1.571727,1.317933,2.655386,1.523875,1.306495,2.563347,,7.59754,True,1
3,453,maintenance_burst,34255,33917,33977,60,2,5000,temporal,1,1,5.472148869195136,0.890187,0.726158,1.728383,1.306015,1.092292,2.246898,,7.59754,True,2
3,454,maintenance_burst,31613,31132,31312,180,6,1000,temporal,3,3,640.4405203361832,2.088739,1.733651,3.030633,2.218866,1.748414,3.042527,,14.022952,True,1
3,454,maintenance_burst,31613,31132,31312,180,6,1000,static,16,16,640.4405203361832,1.245834,0.970147,1.904991,2.042048,1.600901,3.092106,,14.022952,True,2
3,455,maintenance_burst,30680,30345,30405,60,2,1000,static,3,3,-137.4342503600438,1.610275,1.335811,2.502985,1.737808,1.447959,2.450526,,4.062614,True,1
3,455,maintenance_burst,30680,30345,30405,60,2,1000,temporal,2,2,-137.4342503600438,0.833831,0.650134,1.455641,1.254918,1.081937,1.951552,,4.062614,True,2
3,456,maintenance_burst,31590,31305,31485,180,2,5000,temporal,1,1,52.10044336422729,1.676906,1.413938,2.443155,1.8511,1.434339,2.814286,,8.764034,True,1
3,456,maintenance_burst,31590,31305,31485,180,2,5000,static,5,5,52.10044336422729,1.350302,1.151491,2.133517,1.512127,1.245654,2.261049,,8.764034,True,2
3,457,maintenance_burst,35056,34614,34794,180,6,10000,static,21,21,679.596136089263,1.724508,1.377824,2.647544,2.521574,2.14268,3.623189,,10.051992,True,1
3,457,maintenance_burst,35056,34614,34794,180,6,10000,temporal,9,9,679.596136089263,1.166805,0.91928,1.874134,1.463573,1.15098,2.172856,,10.051992,True,2
3,458,maintenance_burst,31840,31008,31728,720,4,5000,temporal,6,6,-676.7946503475816,3.122863,1.701403,4.194238,2.476806,1.876798,3.666344,,5.584125,True,1
3,458,maintenance_burst,31840,31008,31728,720,4,5000,static,37,37,-676.7946503475816,1.158372,0.951509,2.052334,1.351374,1.029247,2.10887,,5.584125,True,2
3,459,maintenance_burst,30966,30801,30861,60,4,10000,static,6,6,181.93169226999723,1.749055,1.442321,2.562405,1.402911,1.166644,2.282832,,6.857601,True,1
3,459,maintenance_burst,30966,30801,30861,60,4,10000,temporal,2,2,181.93169226999723,0.811307,0.611625,1.466708,1.66644,1.223371,2.392348,,6.857601,True,2
3,460,maintenance_burst,30613,29993,30353,360,2,5000,temporal,2,2,-460.6126410984907,1.467189,1.177751,2.130141,1.440719,1.111301,2.152565,,3.612543,True,1
3,460,maintenance_burst,30613,29993,30353,360,2,5000,static,11,11,-460.6126410984907,1.186013,0.870056,1.788494,1.526168,1.027665,2.505759,,3.612543,True,2
3,461,maintenance_burst,35157,35092,35152,60,4,5000,static,6,6,167.0062843011224,1.688814,1.391835,2.513241,1.473258,1.198522,2.189781,,9.839029,True,1
3,461,maintenance_burst,35157,35092,35152,60,4,5000,temporal,2,2,167.0062843011224,1.081095,0.850686,1.827414,1.629635,1.421409,2.310565,,9.839029,True,2
3,462,maintenance_burst,31237,30594,30954,360,4,10000,temporal,2,2,260.1811808245524,1.489783,1.2428,2.377676,1.952232,1.481962,3.037644,,5.588241,True,1
3,462,maintenance_burst,31237,30594,30954,360,4,10000,static,20,20,260.1811808245524,1.132923,0.880892,1.8978,2.409834,1.659309,3.575307,,5.588241,True,2
3,463,maintenance_burst,31303,30792,30972,180,4,10000,static,8,8,654.983315950565,2.012985,1.636445,2.887261,2.393349,1.883188,3.210885,,14.556334,True,1
3,463,maintenance_burst,31303,30792,30972,180,4,10000,temporal,2,2,654.983315950565,1.535232,1.298965,2.329002,3.231136,2.494813,4.221749,,14.556334,True,2
3,464,maintenance_burst,33393,31631,33071,1440,4,1000,temporal,16,16,-389.6357031868374,2.104983,1.396532,3.004544,2.431336,1.683746,3.304978,,5.544805,True,1
3,464,maintenance_burst,33393,31631,33071,1440,4,1000,static,106,106,-389.6357031868374,2.427206,1.950966,3.119492,2.1557,1.52101,3.092167,,5.544805,True,2
3,465,maintenance_burst,32043,31599,31779,180,2,1000,static,9,9,-308.65464144166407,1.740563,1.450453,2.73047,2.133246,1.559598,3.300161,,4.403228,True,1
3,465,maintenance_burst,32043,31599,31779,180,2,1000,temporal,3,3,-308.654641441664,1.394459,1.177411,2.382102,1.735264,1.319175,2.784431,,4.403228,True,2
3,466,maintenance_burst,35641,34146,35586,1440,4,10000,temporal,11,11,-442.08416209200425,2.068628,1.669965,3.103102,1.965392,1.246535,3.086187,,5.374478,True,1
3,466,maintenance_burst,35641,34146,35586,1440,4,10000,static,74,74,-442.08416209200425,1.073333,0.825218,1.896398,1.519898,1.043128,2.45952,,5.374478,True,2
3,467,maintenance_burst,33805,33420,33780,360,4,1000,static,19,19,1270.419120734914,1.770087,1.524115,2.789208,1.932051,1.212063,2.888197,,4.989816,True,1
3,467,maintenance_burst,33805,33420,33780,360,4,1000,temporal,2,2,1270.419120734914,0.977778,0.769263,1.845832,1.373357,1.086713,2.312126,,4.989816,True,2
3,468,maintenance_burst,34911,34175,34895,720,2,5000,temporal,3,3,-625.8039814659546,1.398555,1.159694,2.237583,1.380668,1.078942,2.302972,,4.156456,True,1
3,468,maintenance_burst,34911,34175,34895,720,2,5000,static,20,20,-625.8039814659546,1.003959,0.828513,1.731819,1.406177,1.10395,2.349202,,4.156456,True,2
3,469,maintenance_burst,31482,29687,31127,1440,6,1000,static,106,106,481.2568491157869,1.633861,1.213535,2.51924,2.217845,1.379546,3.137535,,3.566593,True,1
3,469,maintenance_burst,31482,29687,31127,1440,6,1000,temporal,16,16,481.2568491157869,1.080855,0.696833,1.878451,4.337289,1.173805,5.284642,,3.566593,True,2
3,470,maintenance_burst,34740,33240,34680,1440,2,5000,temporal,5,5,11.141141411535116,1.759361,1.432476,2.79681,1.720221,1.326155,2.749648,,13.107693,True,1
3,470,maintenance_burst,34740,33240,34680,1440,2,5000,static,32,32,11.141141411535116,1.109217,0.840381,1.905251,1.479888,1.034054,2.455443,,13.107693,True,2
3,471,maintenance_burst,35995,34414,35854,1440,6,5000,static,104,104,-459.7894739387671,1.088736,0.795613,1.914746,5.258321,1.141597,6.286226,,0.612246,True,1
3,471,maintenance_burst,35995,34414,35854,1440,6,5000,temporal,14,14,-459.7894739387671,1.164501,0.928865,2.107287,1.69958,1.141556,2.687965,,0.612246,True,2
3,472,maintenance_burst,33914,33761,33821,60,4,10000,temporal,2,2,217.6740443898827,2.076541,1.755324,3.114661,1.693691,1.458636,2.707124,,4.684384,True,1
3,472,maintenance_burst,33914,33761,33821,60,4,10000,static,3,3,217.6740443898827,0.994754,0.807632,1.796567,1.301678,1.029196,2.212475,,4.684384,True,2
3,473,maintenance_burst,31986,31533,31713,180,4,5000,static,11,11,-703.6568067978626,1.387779,1.148296,2.282823,1.728714,1.153084,2.677268,,4.651124,True,1
3,473,maintenance_burst,31986,31533,31713,180,4,5000,temporal,2,2,-703.6568067978626,1.245934,1.05816,2.093025,1.450995,1.170941,2.381441,,4.651124,True,2
3,474,maintenance_burst,35126,34846,35026,180,2,1000,temporal,1,1,299.4982856132409,1.627161,1.307077,3.079097,1.933204,1.306986,2.631239,,2.309553,True,1
3,474,maintenance_burst,35126,34846,35026,180,2,1000,static,4,4,299.4982856132409,0.834622,0.672677,1.428801,1.499177,1.085542,2.221489,,2.309553,True,2
3,475,maintenance_burst,35674,34080,35520,1440,2,1000,static,32,32,-92.89129758470676,1.821134,1.478376,2.555495,1.91817,1.489121,2.622335,,2.109991,True,1
3,475,maintenance_burst,35674,34080,35520,1440,2,1000,temporal,4,4,-92.89129758470676,1.264393,0.927703,2.375893,1.66617,1.202379,2.410796,,2.109991,True,2
3,476,maintenance_burst,35095,34647,34827,180,4,1000,temporal,6,6,555.7072874257967,1.746141,1.477885,2.666242,2.212226,1.889338,3.353382,,3.865425,True,1
3,476,maintenance_burst,35095,34647,34827,180,4,1000,static,14,14,555.7072874257967,1.014094,0.819199,1.820814,1.405225,1.127285,2.484367,,3.865425,True,2
3,477,maintenance_burst,34825,34217,34577,360,2,10000,static,9,9,-571.5297747311995,1.710587,1.363842,2.832263,1.513649,1.168447,2.528875,,6.507752,True,1
3,477,maintenance_burst,34825,34217,34577,360,2,10000,temporal,1,1,-571.5297747311995,0.877277,0.677535,1.782015,2.071743,1.776117,2.96908,,6.507752,True,2
3,478,maintenance_burst,32951,31388,32828,1440,2,1000,temporal,6,6,-156.08760987741124,2.080827,1.757998,2.858534,2.080977,1.203931,2.944974,,5.884369,True,1
3,478,maintenance_burst,32951,31388,32828,1440,2,1000,static,49,49,-156.08760987741124,0.998279,0.716463,1.897259,1.814544,1.340478,2.762297,,5.884369,True,2
3,479,maintenance_burst,34918,34044,34764,720,2,5000,static,22,22,-843.5669014394538,2.133767,1.827084,3.163815,15.714485,1.260827,16.60042,,6.834195,True,1
3,479,maintenance_burst,34918,34044,34764,720,2,5000,temporal,4,4,-843.5669014394538,1.495211,1.218322,2.342362,1.715124,1.422622,2.429504,,6.834195,True,2
3,480,window_drift,40081,38608,40048,1440,4,1000,temporal,10,10,-154.69001830435053,2.36758,1.491345,3.057243,2.259988,1.40857,2.989822,,5.403111,True,1
3,480,window_drift,40081,38608,40048,1440,4,1000,static,72,72,-154.69001830435053,1.265995,0.835023,1.926684,1.796717,1.371424,2.761817,,5.403111,True,2
3,481,window_drift,42259,40517,41957,1440,6,1000,static,110,110,350.555955246558,1.271483,1.002446,1.915567,5.83838,1.26269,6.661044,,2.65852,True,1
3,481,window_drift,42259,40517,41957,1440,6,1000,temporal,15,15,350.555955246558,1.639269,1.339025,2.403624,1.850038,1.297502,2.531628,,2.65852,True,2
3,482,window_drift,39333,38843,39203,360,2,1000,temporal,3,3,643.6232341576599,2.014977,1.604547,2.71775,2.179206,1.819151,3.064834,,2.718261,True,1
3,482,window_drift,39333,38843,39203,360,2,1000,static,11,11,643.6232341576599,1.248679,0.961194,1.921566,1.971271,1.571737,2.681576,,2.718261,True,2
3,483,window_drift,42027,41104,41824,720,4,1000,static,37,37,441.2371284832327,1.320697,1.060534,2.105064,1.960385,1.30245,2.73058,,4.474707,True,1
3,483,window_drift,42027,41104,41824,720,4,1000,temporal,6,6,441.2371284832327,1.252464,0.992501,1.866202,1.770207,1.295179,2.503987,,4.474707,True,2
3,484,window_drift,41518,39848,41288,1440,2,5000,temporal,6,6,-106.42975094650578,1.493659,1.135507,2.177964,1.72539,1.348279,2.834677,,2.384946,True,1
3,484,window_drift,41518,39848,41288,1440,2,5000,static,34,34,-106.42975094650578,0.97248,0.652998,1.591276,15.958233,1.031991,16.918596,,2.384946,True,2
3,485,window_drift,40194,37284,40164,2880,4,5000,static,144,144,407.0322859665703,2.238024,1.704127,2.98918,2.840586,1.825371,3.600294,,1.914705,True,1
3,485,window_drift,40194,37284,40164,2880,4,5000,temporal,19,19,407.0322859665703,1.681262,1.146464,2.321291,2.515224,1.693171,3.371168,,1.914705,True,2
3,486,window_drift,39581,36498,39378,2880,2,1000,temporal,9,9,111.13792923734184,1.895276,1.227616,2.638911,1.835015,1.283541,2.533031,,2.154478,True,1
3,486,window_drift,39581,36498,39378,2880,2,1000,static,65,65,111.13792923734182,1.226304,0.725507,1.832451,1.914445,1.255819,2.620613,,2.154478,True,2
3,487,window_drift,39182,38179,38899,720,6,5000,static,54,54,-1149.9568016498897,3.155522,1.795916,3.839487,2.566541,1.887965,3.622268,,2.569607,True,1
3,487,window_drift,39182,38179,38899,720,6,5000,temporal,9,9,-1149.9568016498897,1.328158,1.128617,2.182961,2.290363,1.591757,3.005285,,2.569607,True,2
3,488,window_drift,41155,38019,40899,2880,2,200,temporal,9,9,-380.267462149995,1.959663,1.244372,2.771241,2.165284,1.543194,2.859224,,2.052644,True,1
3,488,window_drift,41155,38019,40899,2880,2,200,static,65,65,-380.267462149995,1.337432,1.009697,1.973194,2.091513,1.391014,2.911337,,2.052644,True,2
3,489,window_drift,38277,35300,38180,2880,4,200,static,142,142,-111.80448906067626,2.451767,1.884761,3.426321,3.362745,1.986364,17.954708,,9.527278,True,1
3,489,window_drift,38277,35300,38180,2880,4,200,temporal,18,18,-111.80448906067976,2.179907,1.692189,3.12742,2.224233,1.356942,3.152533,,9.527278,True,2
3,490,window_drift,38984,38521,38881,360,6,1000,temporal,3,3,-234.3225720557,2.030561,1.716616,3.071215,2.174419,1.696225,3.332159,,2.298987,True,1
3,490,window_drift,38984,38521,38881,360,6,1000,static,26,26,-234.3225720557,1.098831,0.90606,1.984681,3.310326,2.248281,4.485103,,2.298987,True,2
3,491,window_drift,38733,37223,38663,1440,2,200,static,33,33,-54.94389920861708,2.005964,1.628703,2.784671,2.319878,1.718179,3.196665,,2.906344,True,1
3,491,window_drift,38733,37223,38663,1440,2,200,temporal,5,5,-54.94389920861708,1.583775,1.063328,2.773564,2.67108,1.704918,3.614106,,2.906344,True,2
3,492,window_drift,40813,39360,40800,1440,2,1000,temporal,5,5,-22.57047918938997,2.22181,1.371634,3.011184,2.258706,1.727162,3.760006,,2.094658,True,1
3,492,window_drift,40813,39360,40800,1440,2,1000,static,37,37,-22.57047918938997,1.161146,0.886781,1.925822,1.818259,1.337893,2.53195,,2.094658,True,2
3,493,window_drift,38936,35997,38877,2880,8,1000,static,291,291,898.056918027243,2.103822,1.499718,2.877472,7.738292,1.932503,8.912278,,4.23879,True,1
3,493,window_drift,38936,35997,38877,2880,8,1000,temporal,39,39,898.056918027243,21.131472,1.865842,22.263558,4.461437,1.913274,5.849225,,4.23879,True,2
3,494,window_drift,38771,38075,38435,360,2,5000,temporal,3,3,-601.625491642834,1.406477,1.154406,2.128169,1.954536,1.245294,2.812304,,2.291756,True,1
3,494,window_drift,38771,38075,38435,360,2,5000,static,11,11,-601.625491642834,1.058872,0.824487,2.145815,1.601793,1.277011,2.614795,,2.291756,True,2
3,495,window_drift,40945,40296,40656,360,6,200,static,32,32,960.1828693681364,1.475872,1.142898,2.128228,1.576054,1.230391,2.299808,,2.926725,True,1
3,495,window_drift,40945,40296,40656,360,6,200,temporal,10,10,960.1828693681364,0.883656,0.684015,1.577556,1.484706,0.9657,2.161048,,2.926725,True,2
3,496,window_drift,42172,41409,42129,720,2,1000,temporal,3,3,768.2099711092181,2.006254,1.587931,3.24665,2.410646,1.557265,3.381814,,2.399488,True,1
3,496,window_drift,42172,41409,42129,720,2,1000,static,20,20,768.2099711092181,1.559599,0.989085,2.411286,1.873904,1.224872,2.595354,,2.399488,True,2
3,497,window_drift,40961,40165,40885,720,4,1000,static,38,38,1403.585320994065,1.847334,1.411064,2.833285,2.010751,1.521111,2.851251,,2.734335,True,1
3,497,window_drift,40961,40165,40885,720,4,1000,temporal,6,6,1403.585320994065,1.346036,1.1174,2.123942,1.860413,1.26321,2.650849,,2.734335,True,2
3,498,window_drift,42860,41282,42722,1440,6,1000,temporal,16,16,3.193012560966281,2.256652,1.19051,3.011565,2.014216,1.346196,2.975139,,2.916921,True,1
3,498,window_drift,42860,41282,42722,1440,6,1000,static,107,107,3.193012560966281,1.60717,1.177941,2.437717,2.439519,1.607441,3.17404,,2.916921,True,2
3,499,window_drift,39191,37465,38905,1440,4,5000,static,73,73,371.7181406827212,1.755394,1.364503,2.72485,2.659692,1.893874,3.59048,,25.998628,True,1
3,499,window_drift,39191,37465,38905,1440,4,5000,temporal,10,10,371.7181406827212,1.545858,1.217742,2.44007,3.33269,2.368622,4.613137,,25.998628,True,2
3,500,window_drift,38590,37730,38450,720,4,1000,temporal,6,6,-993.406842431469,2.129019,1.787984,3.088776,2.857031,2.210232,6.409302,,6.061052,True,1
3,500,window_drift,38590,37730,38450,720,4,1000,static,38,38,-993.406842431469,1.50103,1.175938,2.535906,2.363925,1.748485,3.393022,,6.061052,True,2
3,501,window_drift,39957,38444,39884,1440,2,1000,static,40,40,-69.55274932565746,1.95757,1.535433,2.83654,2.560362,1.835475,3.625634,,2.793154,True,1
3,501,window_drift,39957,38444,39884,1440,2,1000,temporal,5,5,-69.55274932565789,1.218763,0.937277,2.072303,1.87815,1.357634,2.842128,,2.793154,True,2
3,502,window_drift,38837,37913,38633,720,2,200,temporal,3,3,-605.9075498043876,1.872642,1.386747,2.754516,1.961737,1.512437,2.939125,,2.714014,True,1
3,502,window_drift,38837,37913,38633,720,2,200,static,21,21,-605.9075498043876,1.531196,1.205653,2.39985,1.776446,1.39467,2.73112,,2.714014,True,2
3,503,window_drift,42436,41732,42092,360,4,1000,static,22,22,905.5278773693,2.163983,1.704788,3.573645,2.567573,1.951511,3.928506,,16.607585,True,1
3,503,window_drift,42436,41732,42092,360,4,1000,temporal,6,6,905.5278773693,1.954546,1.597396,2.885554,2.034347,1.498997,2.79717,,16.607585,True,2
3,504,window_drift,41151,39686,41126,1440,2,5000,temporal,6,6,-156.13302747834183,2.086245,1.623966,3.121,2.805793,1.895396,4.048663,,2.390205,True,1
3,504,window_drift,41151,39686,41126,1440,2,5000,static,34,34,-156.13302747834118,1.855537,1.469302,2.725743,2.226127,1.665008,3.331799,,2.390205,True,2
3,505,window_drift,37941,37402,37762,360,4,200,static,19,19,1078.0871413635002,1.987476,1.647021,2.92246,2.257895,1.777588,3.424709,,2.066415,True,1
3,505,window_drift,37941,37402,37762,360,4,200,temporal,5,5,1078.0871413635002,1.654131,1.347648,2.537076,2.179766,1.676526,3.343636,,2.066415,True,2
3,506,window_drift,42081,41176,41896,720,4,1000,temporal,5,5,1399.951320119849,1.991832,1.59393,2.866225,2.457597,1.863979,3.467433,,2.88963,True,1
3,506,window_drift,42081,41176,41896,720,4,1000,static,37,37,1399.951320119849,1.460048,1.140435,2.258305,2.288431,1.539157,3.230686,,2.88963,True,2
3,507,window_drift,40597,37621,40501,2880,2,200,static,66,66,432.4548965373344,1.347748,1.01161,2.123161,1.958201,1.179434,2.976331,,2.395312,True,1
3,507,window_drift,40597,37621,40501,2880,2,200,temporal,9,9,432.45489653733335,1.132312,0.729833,1.835596,16.974611,1.120795,17.933341,,2.395312,True,2
3,508,window_drift,37617,36924,37284,360,6,1000,temporal,3,3,-1747.0917939010524,1.50092,1.205994,2.324876,1.773052,1.400638,2.512049,,6.75861,True,1
3,508,window_drift,37617,36924,37284,360,6,1000,static,27,27,-1747.0917939010524,0.990779,0.794762,1.579689,1.821434,1.358395,2.521854,,6.75861,True,2
3,509,window_drift,42659,40918,42358,1440,2,5000,static,39,39,-171.31991966621032,2.448003,1.425836,3.280771,2.217504,1.509953,3.005606,,2.514332,True,1
3,509,window_drift,42659,40918,42358,1440,2,5000,temporal,5,5,-171.31991966621032,1.052001,0.814712,1.71904,1.630245,1.173044,2.653823,,2.514332,True,2
3,510,window_drift,41543,39811,41251,1440,4,200,temporal,10,10,-440.753945619028,1.407709,1.078932,2.049019,2.53903,1.995457,3.380622,,2.391507,True,1
3,510,window_drift,41543,39811,41251,1440,4,200,static,72,72,-440.753945619028,0.955916,0.719919,1.545437,2.725982,1.976178,3.736501,,2.391507,True,2
3,511,window_drift,38718,37905,38625,720,2,1000,static,20,20,-587.7192977813896,2.032052,1.688714,3.586864,2.270424,1.55378,4.07314,,0.942886,True,1
3,511,window_drift,38718,37905,38625,720,2,1000,temporal,3,3,-587.7192977813896,1.505798,1.240185,5.449962,2.476825,1.719119,4.146766,,0.942886,True,2
3,512,window_drift,41881,40956,41676,720,4,1000,temporal,7,7,410.7587818529895,1.64717,1.346356,2.679212,17.23881,1.28955,18.308789,,2.369613,True,1
3,512,window_drift,41881,40956,41676,720,4,1000,static,38,38,410.7587818529895,1.916268,1.509433,3.077274,2.260128,1.755124,3.441394,,2.369613,True,2
3,513,window_drift,37906,34815,37695,2880,6,5000,static,223,223,1149.5598407465868,2.101769,1.548091,3.040699,2.946516,1.736616,4.09365,,3.389416,True,1
3,513,window_drift,37906,34815,37695,2880,6,5000,temporal,28,28,1149.5598407465868,21.208764,20.687616,22.529316,2.306619,1.497454,3.430423,,3.389416,True,2
3,514,window_drift,42798,39593,42473,2880,4,5000,temporal,18,18,-793.0049214344849,2.03702,1.511816,3.023311,7.097394,1.833283,8.330158,,3.793537,True,1
3,514,window_drift,42798,39593,42473,2880,4,5000,static,140,140,-793.0049214344849,2.207228,1.411805,3.199227,2.877031,1.728464,3.988742,,3.793537,True,2
3,515,window_drift,40617,37470,40350,2880,2,200,static,65,65,366.7982858625661,1.900945,1.420478,2.77124,2.740604,1.695715,3.864123,,2.195531,True,1
3,515,window_drift,40617,37470,40350,2880,2,200,temporal,9,9,366.7982858625661,1.259245,0.934924,2.210183,2.383945,1.666931,3.401324,,2.195531,True,2
3,516,window_drift,39807,39405,39765,360,2,1000,temporal,2,2,-417.8995436696554,1.83177,1.51432,2.9296,2.587003,1.801754,3.615848,,7.976603,True,1
3,516,window_drift,39807,39405,39765,360,2,1000,static,12,12,-417.8995436696554,1.261247,1.049147,2.250965,1.755375,1.470905,2.783159,,7.976603,True,2
3,517,window_drift,41994,39081,41961,2880,4,200,static,141,141,608.1706516848374,1.636195,1.182799,2.560032,11.537358,1.704628,12.699796,,2.228039,True,1
3,517,window_drift,41994,39081,41961,2880,4,200,temporal,19,19,608.1706516848379,2.216042,1.701994,3.277857,4.52285,1.787172,5.53495,,2.228039,True,2
3,518,window_drift,39220,38228,38948,720,4,5000,temporal,6,6,224.0712735898156,1.795164,1.430723,2.593993,2.216842,1.606178,3.372881,,2.648546,True,1
3,518,window_drift,39220,38228,38948,720,4,5000,static,38,38,224.0712735898156,1.089608,0.85962,1.913554,2.195851,1.598858,3.059707,,2.648546,True,2
3,519,window_drift,41336,40511,41231,720,4,1000,static,36,36,-1705.3519536874187,1.706701,1.344684,2.43342,2.162129,1.563645,2.870021,,2.453951,True,1
3,519,window_drift,41336,40511,41231,720,4,1000,temporal,6,6,-1705.3519536874187,1.378845,1.173215,2.153878,1.501731,1.076919,2.474102,,2.453951,True,2
3,520,window_drift,42579,41754,42474,720,4,1000,temporal,6,6,-1059.576310541145,1.216029,0.977418,2.013215,1.671247,1.16376,2.627444,,3.016021,True,1
3,520,window_drift,42579,41754,42474,720,4,1000,static,37,37,-1059.576310541145,1.115427,0.878138,1.907054,1.49416,1.139012,2.388456,,3.016021,True,2
3,521,window_drift,39613,39078,39438,360,4,1000,static,16,16,556.1558589975181,1.574962,1.250562,7.059846,2.105464,1.740392,2.923281,,3.772065,True,1
3,521,window_drift,39613,39078,39438,360,4,1000,temporal,2,2,556.1558589975181,1.22976,0.998791,1.91102,1.526008,1.05787,2.323724,,3.772065,True,2
3,522,window_drift,42291,40598,42038,1440,2,1000,temporal,5,5,-63.095595190456,1.42793,1.136629,2.151114,2.057552,1.421259,3.093308,,4.103746,True,1
3,522,window_drift,42291,40598,42038,1440,2,1000,static,32,32,-63.095595190456,0.922415,0.665557,1.871109,1.545036,1.086743,2.639151,,4.103746,True,2
3,523,window_drift,41408,40603,41323,720,4,5000,static,38,38,-1413.2614656639348,1.349781,1.065752,2.183432,1.788905,1.366056,2.906466,,2.489014,True,1
3,523,window_drift,41408,40603,41323,720,4,5000,temporal,6,6,-1413.2614656639348,0.999862,0.796815,1.897349,1.472046,1.12435,2.51275,,2.489014,True,2
3,524,window_drift,42055,40515,41955,1440,2,200,temporal,5,5,129.66883549417858,1.635924,0.960964,2.430315,1.594421,1.17714,2.620052,,2.928739,True,1
3,524,window_drift,42055,40515,41955,1440,2,200,static,38,38,129.66883549417858,1.310843,0.756815,2.160257,2.701475,1.963189,3.758334,,2.928739,True,2
3,525,window_drift,41989,40510,41950,1440,4,200,static,71,71,251.9680701955259,1.410623,1.055686,2.235691,5.52154,1.402751,6.581072,,3.042421,True,1
3,525,window_drift,41989,40510,41950,1440,4,200,temporal,10,10,251.9680701955259,1.432676,0.909305,2.27514,1.981156,1.372916,2.983953,,3.042421,True,2
3,526,window_drift,39204,36232,39112,2880,2,200,temporal,9,9,347.03900696480014,1.188127,0.815032,1.998232,1.750357,1.142708,2.785603,,2.503767,True,1
3,526,window_drift,39204,36232,39112,2880,2,200,static,65,65,347.03900696480014,1.652449,0.832769,2.437216,11.244255,1.288999,12.389056,,2.503767,True,2
3,527,window_drift,39517,38680,39400,720,2,1000,static,16,16,803.1739017695036,1.866022,1.410323,2.789398,2.918765,2.335011,3.957225,,2.688175,True,1
3,527,window_drift,39517,38680,39400,720,2,1000,temporal,3,3,803.1739017695036,2.002418,1.664527,2.920327,1.79865,1.298714,2.779924,,2.688175,True,2
3,528,window_drift,40486,40085,40445,360,4,1000,temporal,6,6,994.5462606489714,1.708424,1.438396,2.549275,2.490447,1.714032,3.570129,,2.240839,True,1
3,528,window_drift,40486,40085,40445,360,4,1000,static,20,20,994.5462606489714,1.076258,0.871057,1.898741,1.931121,1.598046,2.858242,,2.240839,True,2
3,529,window_drift,40577,39546,40266,720,6,200,static,56,56,-1819.8737906023384,1.162488,0.908183,2.016289,1.955347,1.330432,2.943291,,2.411807,True,1
3,529,window_drift,40577,39546,40266,720,6,200,temporal,8,8,-1819.8737906023384,1.329761,1.076979,2.137662,2.163863,1.583104,3.075351,,2.411807,True,2
3,530,window_drift,38949,38475,38835,360,8,200,temporal,4,4,295.66909717161275,1.99676,1.661893,2.96864,2.574354,1.759872,3.720196,,4.809453,True,1
3,530,window_drift,38949,38475,38835,360,8,200,static,38,38,295.66909717161275,1.115958,0.898398,1.975448,2.109871,1.419036,3.10773,,4.809453,True,2
3,531,window_drift,39568,38546,39266,720,2,200,static,19,19,715.0019214921313,1.144591,0.904027,1.95685,2.269503,1.524355,3.175953,,2.868127,True,1
3,531,window_drift,39568,38546,39266,720,2,200,temporal,3,3,715.0019214921313,0.953282,0.727731,1.711228,1.75901,1.14378,2.627022,,2.868127,True,2
3,532,window_drift,42366,39327,42207,2880,2,200,temporal,9,9,-102.68367078299468,13.194529,0.864488,14.193444,2.582135,1.629434,3.80901,,2.554794,True,1
3,532,window_drift,42366,39327,42207,2880,2,200,static,75,75,-102.683670782996,1.668303,1.234006,2.595456,2.408643,1.680632,3.44531,,2.554794,True,2
3,533,window_drift,41367,39728,41168,1440,4,200,static,74,74,-337.5567092993141,1.632158,1.173214,2.449915,1.937601,1.207096,2.878313,,2.092054,True,1
3,533,window_drift,41367,39728,41168,1440,4,200,temporal,14,14,-337.5567092993141,1.238162,0.949826,2.060636,2.111994,1.339535,3.055722,,2.092054,True,2
3,534,window_drift,38445,38083,38443,360,8,200,temporal,12,12,-2408.722394679785,1.188988,0.962656,1.95063,1.876027,1.473298,2.786775,,2.144894,True,1
3,534,window_drift,38445,38083,38443,360,8,200,static,42,42,-2408.722394679785,1.291062,1.051671,2.084613,1.841926,1.280867,2.860685,,2.144894,True,2
3,535,window_drift,42753,39756,42636,2880,4,5000,static,140,140,-562.4904625624688,1.826162,1.382491,2.647804,6.006733,1.443093,7.071113,,2.608304,True,1
3,535,window_drift,42753,39756,42636,2880,4,5000,temporal,18,18,-562.4904625624688,1.737497,1.389091,2.750469,2.359899,1.319756,3.475597,,2.608304,True,2
3,536,window_drift,40542,39910,40270,360,4,5000,temporal,2,2,-4.370630872454932,1.680872,1.408971,2.463766,1.678789,1.298964,2.65158,,2.267659,True,1
3,536,window_drift,40542,39910,40270,360,4,5000,static,19,19,-4.370630872454932,1.206114,1.001915,2.03636,1.830218,1.348008,2.797841,,2.267659,True,2
3,537,window_drift,41441,38282,41162,2880,4,1000,static,140,140,-770.8170468403164,2.282062,1.504485,22.610324,2.399349,1.405966,3.43829,,1.995518,True,1
3,537,window_drift,41441,38282,41162,2880,4,1000,temporal,19,19,-770.8170468403108,1.067314,0.786519,1.900284,1.783868,1.109738,2.796799,,1.995518,True,2
3,538,window_drift,42776,41085,42525,1440,4,5000,temporal,10,10,-422.8288432377532,1.89111,1.470404,2.696788,1.763156,1.04491,2.725932,,2.138914,True,1
3,538,window_drift,42776,41085,42525,1440,4,5000,static,72,72,-422.8288432377532,1.245674,0.818447,2.098914,1.782306,1.126904,2.784441,,2.138914,True,2
3,539,window_drift,43087,42527,42887,360,4,5000,static,22,22,578.4782649184995,2.191213,1.779901,3.143594,2.541424,2.006254,3.614046,,2.458789,True,1
3,539,window_drift,43087,42527,42887,360,4,5000,temporal,6,6,578.4782649184995,1.40234,1.127305,2.251605,2.125344,1.730197,3.098275,,2.458789,True,2
3,540,window_drift,38459,35530,38410,2880,4,1000,temporal,20,20,-687.8427368328839,1.881165,1.422721,2.800525,2.826425,1.78557,3.865686,,3.070203,True,1
3,540,window_drift,38459,35530,38410,2880,4,1000,static,146,146,-687.8427368328839,1.581131,1.118431,2.740214,2.817311,1.812632,3.918997,,3.070203,True,2
3,541,window_drift,40404,39562,40282,720,2,1000,static,21,21,-254.61382605109867,1.58697,1.294698,2.443014,2.078453,1.503884,2.99568,,2.112104,True,1
3,541,window_drift,40404,39562,40282,720,2,1000,temporal,4,4,-254.61382605109867,1.260146,0.9918,2.025193,1.978272,1.529172,2.934818,,2.112104,True,2
3,542,window_drift,37459,35673,37113,1440,2,200,temporal,6,6,-174.52420090954,1.718419,1.380538,2.963182,2.049649,1.26985,3.179248,,19.874711,True,1
3,542,window_drift,37459,35673,37113,1440,2,200,static,40,40,-174.52420090954,0.922926,0.630613,1.813102,2.182651,1.532107,3.313852,,19.874711,True,2
3,543,window_drift,41997,40442,41882,1440,8,1000,static,141,141,429.8660038923766,2.339378,1.901316,3.35244,3.039897,2.051502,4.290659,,7.744151,True,1
3,543,window_drift,41997,40442,41882,1440,8,1000,temporal,19,19,429.8660038923766,1.724378,1.330092,2.852103,2.689998,1.79853,3.840988,,7.744151,True,2
3,544,window_drift,40678,37521,40401,2880,6,1000,temporal,28,28,1131.805260778408,2.143322,1.681984,3.130094,5.191561,1.345976,6.312516,,6.868036,True,1
3,544,window_drift,40678,37521,40401,2880,6,1000,static,222,222,1131.805260778408,1.353117,1.001725,2.311355,4.792889,1.274818,5.84556,,6.868036,True,2
3,545,window_drift,42372,41599,42319,720,4,1000,static,38,38,789.9331360579233,1.971191,1.561572,2.838202,2.28793,1.780082,3.318919,,4.499845,True,1
3,545,window_drift,42372,41599,42319,720,4,1000,temporal,6,6,789.9331360579233,1.007033,0.80004,1.807604,20.823602,20.306831,21.881091,,4.499845,True,2
3,546,window_drift,39680,38077,39517,1440,6,5000,temporal,15,15,-431.10091780284847,1.669665,1.346416,2.537067,2.676337,1.80506,3.667396,,2.070221,True,1
3,546,window_drift,39680,38077,39517,1440,6,5000,static,107,107,-431.10091780284847,1.292494,0.801672,2.091613,1.819712,1.111451,2.701685,,2.070221,True,2
3,547,window_drift,42593,42022,42382,360,2,1000,static,10,10,-291.6014575775425,0.936306,0.748602,1.786863,1.564486,1.031489,2.4864,,2.475825,True,1
3,547,window_drift,42593,42022,42382,360,2,1000,temporal,1,1,-291.6014575775425,2.009188,1.647051,2.845172,1.661733,1.1967,2.548484,,2.475825,True,2
3,548,window_drift,39289,36392,39272,2880,6,200,temporal,27,27,1037.471810660761,1.518226,0.847631,2.338927,2.348532,1.182538,3.262874,,2.066986,True,1
3,548,window_drift,39289,36392,39272,2880,6,200,static,207,207,1037.471810660761,1.25584,0.66739,1.992483,5.355119,1.789566,6.378025,,2.066986,True,2
3,549,window_drift,38848,37860,38580,720,2,1000,static,21,21,-479.9871401498185,1.258013,1.022957,2.048418,1.426547,1.040093,2.359268,,0.841323,True,1
3,549,window_drift,38848,37860,38580,720,2,1000,temporal,3,3,-479.9871401498185,0.88564,0.711035,1.60738,1.616785,1.257522,2.528263,,0.841323,True,2
3,550,window_drift,43144,40173,43053,2880,2,5000,temporal,9,9,234.03541060177008,1.219975,0.704195,1.967626,2.719362,1.759421,3.705715,,0.649011,True,1
3,550,window_drift,43144,40173,43053,2880,2,5000,static,78,78,234.03541060177008,1.330261,0.805328,2.161208,2.110151,1.44117,3.098997,,0.649011,True,2
3,551,window_drift,38449,35502,38382,2880,6,1000,static,223,223,-854.5520591345357,2.383605,1.218292,3.184826,3.587295,2.390205,4.682501,,0.924758,True,1
3,551,window_drift,38449,35502,38382,2880,6,1000,temporal,28,28,-854.5520591345357,2.219005,1.461209,3.171496,2.961559,1.648273,3.990966,,0.924758,True,2
3,552,window_drift,42112,40352,41792,1440,8,1000,temporal,23,23,565.0393227817221,2.191754,1.714973,3.04865,2.70438,1.671308,3.662079,,2.83732,True,1
3,552,window_drift,42112,40352,41792,1440,8,1000,static,146,146,565.0393227817221,2.32735,1.208107,3.17376,2.897141,1.678669,3.892487,,2.83732,True,2
3,553,window_drift,37951,37188,37908,720,2,5000,static,21,21,422.0391417935675,1.868155,1.447129,2.684911,2.246728,1.589113,3.224426,,2.600213,True,1
3,553,window_drift,37951,37188,37908,720,2,5000,temporal,3,3,422.0391417935675,1.252775,0.989626,2.054487,1.612518,1.237191,2.510236,,2.600213,True,2
3,554,window_drift,41632,39947,41387,1440,4,1000,temporal,11,11,59.35152347688211,1.338013,1.050629,2.160808,2.238615,1.484144,3.177845,,0.915395,True,1
3,554,window_drift,41632,39947,41387,1440,4,1000,static,72,72,59.35152347688211,1.162959,0.83281,1.902988,2.012955,1.180074,2.923241,,0.915395,True,2
3,555,window_drift,40311,37328,40208,2880,6,5000,static,221,221,279.4552391916703,1.880424,0.908293,2.685281,3.337007,1.367738,4.293022,,1.09122,True,1
3,555,window_drift,40311,37328,40208,2880,6,5000,temporal,25,25,279.4552391916697,2.067647,1.651408,2.887617,16.766486,1.780703,17.926451,,1.09122,True,2
3,556,window_drift,38947,38188,38908,720,2,5000,temporal,3,3,-543.642814230841,1.597136,1.260957,2.433651,2.891492,2.368662,3.84158,,4.115934,True,1
3,556,window_drift,38947,38188,38908,720,2,5000,static,21,21,-543.642814230841,1.371203,1.030929,2.133647,1.870168,1.466908,2.827105,,4.115934,True,2
3,557,window_drift,38546,35550,38430,2880,2,5000,static,65,65,-358.9733947160617,1.677918,1.184641,2.478839,2.657499,1.664477,3.598281,,2.04984,True,1
3,557,window_drift,38546,35550,38430,2880,2,5000,temporal,9,9,-358.9733947160617,1.761554,1.195898,2.545329,2.363695,1.572628,3.263786,,2.04984,True,2
3,558,window_drift,37585,37016,37376,360,4,1000,temporal,2,2,-834.9041115167161,1.589534,1.336251,2.372478,1.806692,1.387218,2.758742,,4.321485,True,1
3,558,window_drift,37585,37016,37376,360,4,1000,static,16,16,-834.9041115167161,1.267316,1.006552,2.047506,1.960064,1.572187,2.87668,,4.321485,True,2
3,559,window_drift,39204,37691,39131,1440,4,200,static,73,73,346.549409403944,1.75914,1.323501,2.587293,7.038033,1.565387,8.197757,,2.171845,True,1
3,559,window_drift,39204,37691,39131,1440,4,200,temporal,10,10,346.549409403944,1.884841,1.532958,2.838202,3.11479,2.144984,4.116827,,2.171845,True,2
3,560,window_drift,42114,41043,41763,720,8,200,temporal,12,12,1.6109652557204406,2.150652,1.653681,2.987167,2.641254,1.744147,3.553975,,23.238524,True,1
3,560,window_drift,42114,41043,41763,720,8,200,static,70,70,1.6109652557204406,1.055065,0.806891,1.669996,1.559789,1.058701,2.403095,,23.238524,True,2
3,561,window_drift,38009,36333,37773,1440,4,1000,static,74,74,445.6740224798998,1.720872,1.303291,2.49962,1.710517,1.154035,2.438628,,2.140107,True,1
3,561,window_drift,38009,36333,37773,1440,4,1000,temporal,11,11,445.6740224798998,0.917348,0.710114,1.483183,1.493589,0.968916,2.295001,,2.140107,True,2
3,562,window_drift,41330,38426,41306,2880,6,1000,temporal,26,26,-1024.730880285544,1.83811,1.281578,2.788597,2.851632,1.853483,4.501838,,3.799566,True,1
3,562,window_drift,41330,38426,41306,2880,6,1000,static,220,220,-1024.730880285544,1.231182,0.830966,1.928857,2.509735,1.485977,3.399842,,3.799566,True,2
3,563,window_drift,41841,38621,41501,2880,6,1000,static,217,217,231.4420235486261,1.482142,0.921313,2.165705,2.477496,1.662253,3.215432,,2.26801,True,1
3,563,window_drift,41841,38621,41501,2880,6,1000,temporal,29,29,231.4420235486261,1.220365,0.876425,1.835216,2.220097,1.333987,2.943402,,2.26801,True,2
3,564,window_drift,41411,40507,41227,720,2,5000,temporal,3,3,-856.6352228058847,1.32939,1.074435,1.951492,1.712931,1.311052,2.458418,,1.664347,True,1
3,564,window_drift,41411,40507,41227,720,2,5000,static,17,17,-856.6352228058847,1.076758,0.808493,1.727072,1.451555,1.126464,2.153296,,1.664347,True,2
3,565,window_drift,41055,40379,40739,360,4,5000,static,22,22,1035.4617807261106,1.181647,0.963227,1.77225,20.830051,20.348132,21.658134,,1.614621,True,1
3,565,window_drift,41055,40379,40739,360,4,5000,temporal,6,6,1035.4617807261106,1.299104,1.065391,2.021187,2.220598,1.583575,2.899365,,1.614621,True,2
3,566,window_drift,37866,34740,37620,2880,8,1000,temporal,38,38,1345.1284822024068,1.345845,1.019251,1.958612,2.573883,1.24956,3.395395,,2.134618,True,1
3,566,window_drift,37866,34740,37620,2880,8,1000,static,287,287,1345.1284822024068,1.241608,0.905449,1.79868,1.977981,1.155667,2.675086,,2.134618,True,2
3,567,window_drift,42556,41021,42461,1440,4,1000,static,71,71,-479.3661830235293,1.405125,1.031189,2.050841,1.677697,1.136379,2.378387,,3.429015,True,1
3,567,window_drift,42556,41021,42461,1440,4,1000,temporal,10,10,-479.3661830235293,1.665529,1.366497,2.232266,1.862206,1.219454,2.554012,,3.429015,True,2
3,568,window_drift,41897,41019,41739,720,4,200,temporal,7,7,788.2461961222427,1.257202,1.031119,1.861855,1.565718,1.187986,2.270714,,2.10239,True,1
3,568,window_drift,41897,41019,41739,720,4,200,static,38,38,788.2461961222427,0.893371,0.717055,1.461801,1.742716,1.299615,2.43983,,2.10239,True,2
3,569,window_drift,39704,36542,39422,2880,4,200,static,143,143,-26.332436555250524,1.630726,0.919431,2.2547,2.06927,1.024158,2.747585,,4.228505,True,1
3,569,window_drift,39704,36542,39422,2880,4,200,temporal,18,18,-26.332436555250524,1.425716,1.125031,2.045793,2.228971,1.252614,3.060609,,4.228505,True,2
3,570,window_drift,38759,37242,38682,1440,8,200,temporal,20,20,179.13745466019225,1.245614,0.960493,1.919413,2.611429,1.787914,3.306971,,5.852631,True,1
3,570,window_drift,38759,37242,38682,1440,8,200,static,146,146,179.13745466019225,1.452396,0.843997,2.058333,2.095949,1.179844,2.790781,,5.852631,True,2
3,571,window_drift,41534,39756,41196,1440,6,1000,static,111,111,-454.7080289060691,1.579378,1.100294,2.333689,2.383975,1.444044,3.082271,,19.055918,True,1
3,571,window_drift,41534,39756,41196,1440,6,1000,temporal,16,16,-454.7080289060691,1.613119,1.303531,2.239607,2.083501,1.347768,3.038175,,19.055918,True,2
3,572,window_drift,38257,36726,38166,1440,4,1000,temporal,10,10,-201.3110487958386,1.19005,0.878939,1.789106,1.624637,1.137961,2.265316,,1.58032,True,1
3,572,window_drift,38257,36726,38166,1440,4,1000,static,72,72,-201.3110487958386,1.072442,0.759429,1.667001,1.641533,0.962886,2.301991,,1.58032,True,2
3,573,window_drift,43136,39995,42875,2880,2,1000,static,74,74,127.8990785108781,1.431945,1.005731,2.190843,2.326349,1.283912,3.111065,,2.766773,True,1
3,573,window_drift,43136,39995,42875,2880,2,1000,temporal,9,9,127.8990785108781,1.71971,1.321759,2.34766,2.029089,1.442271,2.766463,,2.766773,True,2
3,574,window_drift,41990,40546,41986,1440,4,200,temporal,11,11,134.56674444051237,1.363162,1.037419,1.97737,1.751078,1.198793,2.458427,,5.273375,True,1
3,574,window_drift,41990,40546,41986,1440,4,200,static,70,70,134.56674444051237,1.466138,1.150841,2.096029,1.905482,1.162107,2.631279,,5.273375,True,2
3,575,window_drift,40446,39649,40369,720,6,1000,static,54,54,1009.3838395216746,1.389441,1.138752,2.025193,1.49486,1.075897,2.190913,,1.858651,True,1
3,575,window_drift,40446,39649,40369,720,6,1000,temporal,9,9,1009.3838395216746,0.854212,0.68106,1.713852,1.450534,0.970427,2.166106,,1.858651,True,2
3,576,window_drift,43038,42443,42803,360,6,1000,temporal,9,9,-215.4513649531181,1.892632,1.558677,2.587202,2.12223,1.703967,2.873986,,3.521726,True,1
3,576,window_drift,43038,42443,42803,360,6,1000,static,32,32,-215.4513649531181,1.242359,0.972351,20.39918,1.991662,1.574731,2.847516,,3.521726,True,2
3,577,window_drift,38133,34959,37839,2880,4,5000,static,145,145,734.2732907865025,1.715615,1.079542,2.483406,2.392118,1.577565,3.162011,,1.760762,True,1
3,577,window_drift,38133,34959,37839,2880,4,5000,temporal,18,18,734.2732907865025,1.156499,0.884087,1.751028,1.948707,1.160836,2.639092,,1.760762,True,2
3,578,window_drift,38662,37024,38464,1440,8,200,temporal,20,20,-634.0623955479193,1.141866,0.895554,1.754833,3.026347,1.928255,3.731743,,1.785851,True,1
3,578,window_drift,38662,37024,38464,1440,8,200,static,146,146,-634.0623955479193,1.136629,0.85987,1.721654,4.376559,1.548612,5.199784,,1.785851,True,2
3,579,window_drift,43040,42538,42898,360,2,5000,static,11,11,281.85988157458445,1.222148,0.97865,1.941716,2.168269,1.791149,2.867858,,4.655581,True,1
3,579,window_drift,43040,42538,42898,360,2,5000,temporal,3,3,281.85988157458445,1.09078,0.870806,1.67913,1.507028,1.241007,2.21529,,4.655581,True,2
3,580,window_drift,38730,37655,38375,720,2,1000,temporal,3,3,326.8874082213026,1.092753,0.812179,1.660111,1.998523,1.314988,2.6645,,1.843799,True,1
3,580,window_drift,38730,37655,38375,720,2,1000,static,20,20,326.8874082213026,0.875564,0.702252,1.445947,2.00329,1.586529,2.689487,,1.843799,True,2
3,581,window_drift,39582,39183,39543,360,4,1000,static,19,19,-177.78266905331924,1.214517,0.977228,1.768164,1.658558,1.335529,2.312727,,1.592379,True,1
3,581,window_drift,39582,39183,39543,360,4,1000,temporal,2,2,-177.78266905331924,0.898789,0.70117,1.617106,1.893794,1.42828,2.661685,,1.592379,True,2
3,582,window_drift,42410,40936,42376,1440,2,1000,temporal,6,6,-207.03073137818072,1.257051,0.926371,1.843959,18.945581,1.063428,20.608451,,1.97033,True,1
3,582,window_drift,42410,40936,42376,1440,2,1000,static,34,34,-207.03073137818072,1.320978,1.013814,2.306227,2.95605,2.194829,3.752535,,1.97033,True,2
3,583,window_drift,41321,40959,41319,360,6,1000,static,31,31,-1476.6828184086448,2.062399,1.609945,2.833235,2.381832,1.984401,3.263365,,2.164753,True,1
3,583,window_drift,41321,40959,41319,360,6,1000,temporal,9,9,-1476.6828184086448,1.083318,0.887913,1.762766,1.624056,1.292995,2.502034,,2.164753,True,2
3,584,window_drift,39913,36825,39705,2880,6,1000,temporal,27,27,-1257.5552282028038,1.328329,0.942134,1.942257,2.310234,1.323742,3.231717,,2.573262,True,1
3,584,window_drift,39913,36825,39705,2880,6,1000,static,222,222,-1257.5552282028038,1.179945,0.844537,1.813433,1.898361,1.158853,2.841397,,2.573262,True,2
3,585,window_drift,42632,41600,42320,720,4,200,static,38,38,323.19103385008054,1.168597,0.940963,1.916148,2.766153,1.838751,3.900859,,2.619592,True,1
3,585,window_drift,42632,41600,42320,720,4,200,temporal,6,6,323.19103385008054,1.198042,0.961564,1.833272,1.697507,1.290742,2.386379,,2.619592,True,2
3,586,window_drift,38433,36921,38361,1440,4,5000,temporal,10,10,-358.52869541576274,1.224532,0.953431,2.138444,2.137002,1.387628,2.9553,,1.767793,True,1
3,586,window_drift,38433,36921,38361,1440,4,5000,static,73,73,-358.52869541576274,1.5732,1.226776,2.788948,2.224383,1.397964,3.250225,,1.767793,True,2
3,587,window_drift,42944,41464,42904,1440,6,200,static,105,105,426.3600518623848,1.482002,1.159103,2.338457,3.25983,2.177162,4.320384,,2.650107,True,1
3,587,window_drift,42944,41464,42904,1440,6,200,temporal,15,15,426.3600518623848,1.215768,0.95858,2.082899,1.97712,1.226425,2.967237,,2.650107,True,2
3,588,window_drift,40977,37959,40839,2880,4,1000,temporal,20,20,-329.4621996279077,1.86451,1.41506,2.732993,2.344746,1.530525,3.285719,,2.0632,True,1
3,588,window_drift,40977,37959,40839,2880,4,1000,static,144,144,-329.4621996279077,1.433538,0.992932,2.251044,6.021896,1.599419,7.06884,,2.0632,True,2
3,589,window_drift,42831,42413,42773,360,2,1000,static,10,10,-269.4741640890964,1.643375,1.349962,2.530967,1.981136,1.5805,2.944082,,2.793775,True,1
3,589,window_drift,42831,42413,42773,360,2,1000,temporal,3,3,-269.4741640890964,1.054474,0.847291,1.866934,1.681022,1.382201,2.616768,,2.793775,True,2
3,590,window_drift,40441,37475,40355,2880,8,5000,temporal,37,37,1353.2116773027958,1.859432,1.444164,2.740134,7.305528,1.631837,8.52398,,3.76931,True,1
3,590,window_drift,40441,37475,40355,2880,8,5000,static,288,288,1353.2116773027958,2.020355,1.516704,3.005355,6.952153,1.734893,8.138598,,3.76931,True,2
3,591,window_drift,38157,37173,37893,720,4,200,static,36,36,1066.149801665664,1.745179,1.446357,2.608865,2.514232,1.678037,3.453282,,4.891367,True,1
3,591,window_drift,38157,37173,37893,720,4,200,temporal,5,5,1066.149801665664,1.008385,0.80698,1.782066,19.823234,1.353607,21.211598,,4.891367,True,2
3,592,window_drift,40621,39691,40411,720,2,200,temporal,3,3,190.3996241960686,1.682915,1.299756,2.334621,1.795545,1.437734,2.769257,,2.274891,True,1
3,592,window_drift,40621,39691,40411,720,2,200,static,17,17,190.3996241960686,0.918719,0.729043,1.907234,1.805861,1.054605,2.739093,,2.274891,True,2
3,593,window_drift,40478,38859,40299,1440,4,1000,static,72,72,256.47399237259856,1.26273,0.935795,2.065323,6.614352,1.196169,7.618481,,2.36063,True,1
3,593,window_drift,40478,38859,40299,1440,4,1000,temporal,9,9,256.47399237259856,1.241627,0.914683,2.132245,2.179436,1.471816,3.148201,,2.36063,True,2
3,594,window_drift,42737,39502,42382,2880,4,1000,temporal,20,20,-786.6826679181737,1.729025,1.347498,2.606722,2.2943,1.576905,5.698517,,3.731323,True,1
3,594,window_drift,42737,39502,42382,2880,4,1000,static,143,143,-786.6826679181737,1.016347,0.67457,1.896368,2.209351,1.258223,3.172518,,3.731323,True,2
3,595,window_drift,39797,38069,39509,1440,2,1000,static,40,40,-142.52594864465095,2.637649,1.07806,3.468185,1.993745,1.380858,5.52818,,2.927346,True,1
3,595,window_drift,39797,38069,39509,1440,2,1000,temporal,5,5,-142.52594864465095,4.010035,2.944703,4.819849,25.245412,21.923759,26.425412,,2.927346,True,2
3,596,window_drift,38441,37407,38127,720,2,1000,temporal,2,2,844.0158394842327,1.592598,1.281277,2.278816,1.517115,1.053603,2.467061,,2.79071,True,1
3,596,window_drift,38441,37407,38127,720,2,1000,static,16,16,844.0158394842327,0.952481,0.715372,1.549183,1.403443,1.131631,2.087537,,2.79071,True,2
3,597,window_drift,42056,41157,41877,720,2,1000,static,20,20,292.0280694579925,1.14418,0.889105,1.964681,1.722204,1.373598,2.635516,,2.582786,True,1
3,597,window_drift,42056,41157,41877,720,2,1000,temporal,3,3,292.0280694579925,0.890557,0.68111,1.675684,1.480179,0.982185,2.178114,,2.582786,True,2
3,598,window_drift,39231,36067,38947,2880,2,1000,temporal,10,10,207.22923457228077,1.244592,0.942516,1.87792,1.510725,0.974915,2.36715,,2.145675,True,1
3,598,window_drift,39231,36067,38947,2880,2,1000,static,80,80,207.22923457228077,0.969917,0.682452,1.575633,1.760933,1.046282,2.557297,,2.145675,True,2
3,599,window_drift,42039,41263,41983,720,4,1000,static,38,38,1684.672288482942,1.480088,1.21,2.304115,1.723185,1.206875,2.610137,,6.472018,True,1
3,599,window_drift,42039,41263,41983,720,4,1000,temporal,6,6,1684.672288482942,0.855975,0.650424,1.540109,1.295419,0.929315,2.150322,,6.472018,True,2
