query_id,static_server_ms,temporal_server_ms,static_client_ms,temporal_client_ms,static_resolver_ms,temporal_resolver_ms,static_slices,temporal_slices,segment,server_saving_ms,server_gain_pct,client_saving_ms,client_gain_pct,resolver_saving_ms,resolver_gain_pct
0,2.6362,2.7574455,4.37412475,8.484284500000001,2.32357675,1.7849925,47.0,13.0,calibration,-0.12124550000000012,-4.599252712237315,-4.110159750000001,-93.96530700227517,0.53858425,23.17910307890626
1,6.847549,2.3284504999999998,7.84844325,3.417281,1.6464225,1.58600875,8.0,3.0,calibration,4.5190985,65.99585486719408,4.43116225,56.45912327900186,0.06041374999999993,3.6693953101345453
2,2.167781,1.81971,3.1061125,3.48995575,1.2638989999999999,1.36866,7.0,3.0,calibration,0.34807100000000024,16.05655737364615,-0.38384324999999997,-12.357673780328303,-0.1047610000000001,-8.288716107853563
3,2.19877825,1.832862,3.060476,2.78385325,1.4090962500000002,1.53390975,22.0,7.0,calibration,0.36591625000000016,16.641798689795124,0.27662275000000003,9.038553153169637,-0.12481349999999991,-8.857698684529172
4,1.8590365,2.02621225,2.7207975,2.89382425,1.228035,1.259963,15.0,2.0,calibration,-0.16717574999999996,-8.99260181282078,-0.17302675,-6.3594130029890135,-0.031927999999999956,-2.5999258978775
5,2.3031562500000002,4.8949505,3.154521,5.795594250000001,1.7983022499999999,1.376124,16.0,2.0,calibration,-2.59179425,-112.53228043038763,-2.6410732500000007,-83.7234321787682,0.42217825,23.47649011727589
6,2.14678425,2.30583025,3.0144755,9.032268,1.5527035,1.278499,36.0,7.0,calibration,-0.15904600000000002,-7.408569352043645,-6.0177925000000005,-199.62983610249944,0.27420449999999996,17.65981077520595
7,2.3933097500000002,2.37258325,3.3407602499999998,3.2511675,4.989641,1.454167,32.0,5.0,calibration,0.020726500000000314,0.8660182828403349,0.08959274999999955,2.6818072323507667,3.535474,70.85628004098892
8,2.4629255,2.17525975,3.32901875,3.20673025,1.313206,1.4579925,15.0,3.0,calibration,0.28766574999999994,11.679839686584105,0.1222884999999998,3.6734097697707413,-0.14478649999999993,-11.025421754088843
9,1.80713575,1.83854075,2.69730075,2.716361,1.223628,1.25773475,6.0,2.0,calibration,-0.031404999999999905,-1.7378329215168205,-0.01906024999999989,-0.7066416305263656,-0.034106750000000075,-2.787346317671717
10,1.9933145,2.0393992499999998,2.8622502499999998,3.03360825,1.3933544999999998,1.43518075,9.0,3.0,calibration,-0.046084749999999675,-2.3119658237573484,-0.17135800000000012,-5.986828021064898,-0.041826250000000176,-3.0018383692018205
11,1.71685425,2.25493025,2.6092035,3.3509682499999998,1.492728,1.4987745000000001,7.0,1.0,calibration,-0.5380760000000002,-31.340808341768106,-0.7417647499999998,-28.428781043716974,-0.006046500000000066,-0.4050637490554251
12,3.27986025,12.679404,4.2113647499999995,13.940050750000001,1.6331075,1.6362047499999999,113.0,15.0,calibration,-9.39954375,-286.58366617906967,-9.728686000000001,-231.01029185372752,-0.0030972499999999403,-0.1896537735574627
13,2.1529965,1.942553,3.10080225,2.8451255,1.325192,1.556629,18.0,2.0,calibration,0.2104435,9.774446916193316,0.2556767500000001,8.245503240330793,-0.23143700000000011,-17.464412703970453
14,1.8179547500000002,1.86001125,2.74238225,2.7230085,1.29641575,1.360142,9.0,7.0,calibration,-0.04205649999999972,-2.3133964142946746,0.019373749999999745,0.70645694997478,-0.06372624999999998,-4.915572030037431
15,1.534681,1.67907425,2.44321775,2.60199525,1.289365,1.4695277500000001,3.0,1.0,calibration,-0.14439325000000003,-9.408681673911389,-0.1587774999999998,-6.498704423705164,-0.18016275000000004,-13.972982824878915
16,2.01777675,2.2361145000000002,2.87945475,3.15030725,1.29509625,1.5089872500000001,42.0,12.0,calibration,-0.21833775000000033,-10.820708980812686,-0.27085250000000016,-9.40638153803251,-0.21389100000000005,-16.51545203686599
17,2.167661,2.067735,3.1561760000000003,2.95305375,1.663065,1.3882492499999999,33.0,6.0,calibration,0.09992599999999996,4.609853662542251,0.20312225000000028,6.435707324306383,0.27481575000000014,16.52465477897738
18,3.7234665,2.33435325,4.73737,3.3292605,1.6182275,2.09566675,30.0,5.0,calibration,1.3891132499999999,37.30698933372973,1.4081095000000001,29.72344359845231,-0.47743925,-29.503839849464924
19,2.1588077500000002,2.40075725,3.211252,3.36374725,1.2871515,1.743014,73.0,11.0,calibration,-0.2419494999999996,-11.207551946207325,-0.15249524999999986,-4.748778669503355,-0.45586250000000006,-35.41638260919558
20,2.0246447499999998,1.86568675,2.9725885,2.9270405,1.3149837500000001,1.42928425,20.0,9.0,calibration,0.1589579999999997,7.85115512239862,0.045548000000000144,1.5322672478885033,-0.11430049999999992,-8.692160644570695
21,2.1998025,1.9702025,3.10207975,2.89109775,1.83585175,1.491656,71.0,9.0,calibration,0.22960000000000003,10.437300621305777,0.210982,6.801308057924687,0.3441957499999999,18.74855908163608
22,10.61270375,2.23652275,11.65111175,3.20479425,1.15185725,1.59449925,27.0,3.0,calibration,8.376180999999999,78.92598528438145,8.4463175,72.49366138815036,-0.442642,-38.42854659290463
23,1.8211819999999999,2.059923,2.7291325,3.1163980000000002,1.23456475,1.26765475,1.0,1.0,calibration,-0.2387410000000001,-13.109123635089745,-0.38726550000000026,-14.19005856256522,-0.03308999999999984,-2.680296841457675
24,1.816157,1.8155735,2.65028825,2.6721815,1.32351175,1.45129225,1.0,1.0,calibration,0.0005835000000000701,0.0321282796586457,-0.021893250000000197,-0.8260705227063584,-0.12778050000000007,-9.654655502680658
25,2.13305375,2.19784675,3.20829,3.10628075,1.34430275,1.433298,9.0,4.0,calibration,-0.06479299999999988,-3.037569962782226,0.10200925000000005,3.1795520355080136,-0.08899524999999997,-6.620179122597196
26,2.09640075,2.121326,3.05150525,3.0183225,1.4714705,1.26093725,39.0,7.0,calibration,-0.0249252499999999,-1.188954449668075,0.03318274999999993,1.0874223467254376,0.2105332499999999,14.307677252109364
27,1.70339125,1.817186,2.5296885,2.6329522499999998,1.30304075,1.58918625,2.0,1.0,calibration,-0.11379475000000006,-6.6804822438767415,-0.10326374999999999,-4.082073741490306,-0.28614549999999994,-21.959827426732428
28,2.08686675,2.34495425,2.9166135,3.18461925,1.5465517500000001,1.7896145,32.0,4.0,calibration,-0.2580874999999998,-12.367224692232977,-0.26800574999999993,-9.188936072606122,-0.24306275,-15.716431732724105
29,1.88111,2.0148775,2.651678,2.7394085,1.33112075,1.35682475,12.0,6.0,calibration,-0.13376749999999982,-7.111093981744811,-0.08773050000000016,-3.308489944857564,-0.02570399999999995,-1.931004381082629
30,2.0239085,2.5455875,2.8034274999999997,3.4704715,1.45296725,1.422922,9.0,2.0,calibration,-0.5216789999999998,-25.77581941080833,-0.6670440000000002,-23.793873749187387,0.030045249999999912,2.0678545920425884
31,1.892082,1.79571325,7.96392025,2.66924325,1.3077325,1.2349355,19.0,4.0,calibration,0.09636875000000011,5.0932649853441925,5.294677,66.48330010587436,0.072797,5.566658318884023
32,1.934989,3.43268675,2.73910025,4.31744,1.41044825,1.3886905,34.0,6.0,calibration,-1.4976977499999997,-77.40084052157401,-1.5783397500000005,-57.622562372443305,0.02175774999999991,1.5426124283538876
33,1.8741320000000001,1.845133,2.714318,2.67781475,1.060707,1.2454285,18.0,3.0,calibration,0.02899900000000022,1.547329643803116,0.03650324999999999,1.3448405824225453,-0.18472149999999998,-17.414941166599256
34,2.0395925,2.03320025,2.8443845,2.9931367499999997,1.40992,1.26070175,18.0,2.0,calibration,0.006392249999999766,0.3134081930581607,-0.1487522499999998,-5.229681500514428,0.1492182500000001,10.583455089650483
35,2.05118725,2.094873,2.8781605,2.903809,1.2941325,1.31172425,5.0,1.0,calibration,-0.0436857500000003,-2.1297787415556675,-0.025648499999999963,-0.8911421027423579,-0.017591750000000017,-1.3593468984049175
36,2.17918075,6.86490475,3.1034509999999997,7.7825675,1.6369785000000001,1.32223975,8.0,3.0,calibration,-4.6857240000000004,-215.02227385222636,-4.6791165,-150.77139932288284,0.31473875000000007,19.226810248271438
37,1.97029275,2.349694,3.03088175,3.2955495,1.463854,6.84584925,14.0,4.0,calibration,-0.3794012499999999,-19.256085168054337,-0.2646677500000001,-8.732368064178027,-5.381995249999999,-367.6592918419459
38,2.11758025,2.067597,7.95160625,2.91885675,1.32224225,1.36496675,9.0,2.0,calibration,0.049983249999999924,2.3603946060603804,5.0327494999999995,63.29223733883955,-0.042724500000000054,-3.2312157624671314
39,3.45151975,2.70021375,4.30909725,3.56308375,2.07574475,1.5342605,148.0,22.0,calibration,0.751306,21.767396811216276,0.7460134999999997,17.31252410235113,0.5414842500000001,26.086263737388716
40,2.0735864999999998,2.147662,3.0910902499999997,3.247341,1.703957,1.4067227500000001,34.0,9.0,calibration,-0.07407550000000018,-3.572337107711696,-0.15625075000000033,-5.054875055815674,0.2972342499999998,17.443764719414858
41,2.15878875,7.59257025,3.11156125,8.581313,1.27782,1.203951,23.0,7.0,calibration,-5.4337815,-251.7051054671283,-5.46975175,-175.7880147787546,0.07386899999999996,5.780861154153165
42,4.424049,2.1111055,5.35275325,2.9883545,1.3564215,1.58109375,21.0,3.0,calibration,2.3129435000000003,52.28114562022257,2.3643987500000003,44.17163727844171,-0.22467225000000002,-16.563601358427306
43,2.50485975,2.18953175,6.664665,3.19850725,1.38251375,1.54564525,39.0,9.0,calibration,0.31532800000000005,12.588648925354006,3.4661577500000003,52.00798164648936,-0.16313149999999998,-11.799629479272811
44,1.90544675,2.10998625,2.83999775,2.9940735,1.6472989999999998,1.395335,23.0,6.0,calibration,-0.20453949999999987,-10.734464240472732,-0.15407574999999962,-5.425206762927879,0.25196399999999985,15.295583861824714
45,1.9839069999999999,2.00556325,2.8634055,2.8259214999999998,1.16040225,1.41596175,12.0,3.0,calibration,-0.021656249999999932,-1.0915960274347505,0.03748400000000007,1.309070615391361,-0.25555949999999994,-22.02335440145863
46,2.311223,2.1020895,3.11904475,2.9933725,1.50724,1.4657265,8.0,2.0,calibration,0.20913350000000008,9.048607598660972,0.12567225000000004,4.029190347461351,0.04151349999999998,2.754272710384543
47,2.2446497499999998,2.35863725,3.03023775,3.1544685,1.3982375,1.47087975,72.0,11.0,calibration,-0.11398750000000035,-5.078186474304081,-0.12423075000000017,-4.099703067853345,-0.07264224999999991,-5.1952726199948085
48,1.8719335,2.17756075,2.9122445,3.05614975,1.57276375,1.3231009999999999,6.0,1.0,calibration,-0.30562725000000013,-16.32682197310963,-0.14390524999999998,-4.941386274401068,0.24966275000000016,15.874141936447872
49,2.1250187499999997,2.060536,3.07795,4.861516,1.15030475,1.48453275,5.0,1.0,calibration,0.06448274999999981,3.034455578333124,-1.783566,-57.94655533715622,-0.33422799999999997,-29.05560461260374
50,2.1312255,2.134759,3.1819497500000002,2.92793075,1.46351075,1.4903089999999999,36.0,5.0,calibration,-0.003533499999999634,-0.16579662733951117,0.25401900000000044,7.98312418352931,-0.026798249999999912,-1.8310934853057903
51,2.50971075,2.02599925,3.28521375,2.8213645,1.32812075,1.555044,15.0,5.0,calibration,0.48371150000000007,19.2735955727169,0.46384925,14.119301978448128,-0.22692325000000002,-17.08604055768273
52,2.88305525,2.218255,3.7853802500000002,2.9433837499999997,1.4400005,1.4279725,9.0,2.0,calibration,0.6648002499999999,23.05887998504364,0.8419965000000005,22.24337964462092,0.012027999999999928,0.8352774877508673
53,2.578202,1.93408775,3.31578725,2.74671925,1.35721775,1.6600605000000002,23.0,7.0,calibration,0.6441142500000001,24.9830792932439,0.5690680000000001,17.162379763659448,-0.30284275000000016,-22.31349759461959
54,2.032304,2.52696425,2.904563,3.45617725,1.572583,1.57680225,39.0,5.0,calibration,-0.4946602499999999,-24.339874841559134,-0.5516142500000001,-18.991299207488357,-0.004219250000000008,-0.2683006238780406
55,2.453889,2.38486225,3.34450325,3.279067,1.62938425,1.34244275,40.0,6.0,calibration,0.06902675000000036,2.812953234641027,0.06543624999999986,1.9565312128191195,0.28694149999999996,17.610425533449213
56,1.9563112500000002,1.89431475,2.7636772499999998,2.707337,1.72738225,1.46830075,10.0,3.0,calibration,0.06199650000000023,3.169050937063324,0.05634024999999987,2.038597307265162,0.25908149999999996,14.998504239579859
57,1.964451,2.75004475,2.829462,3.650358,1.3895215,1.249978,6.0,1.0,calibration,-0.7855937499999999,-39.99049861767995,-0.8208960000000003,-29.01244123441136,0.13954350000000004,10.042557815766077
58,1.8031920000000001,4.5474380000000005,2.5713235,5.3528245000000005,1.19710575,1.223588,12.0,1.0,calibration,-2.7442460000000004,-152.18823064876065,-2.7815010000000004,-108.1739034392211,-0.02648224999999993,-2.2121896916792796
59,2.217614,2.099037,3.05573925,2.90979325,1.51135325,1.383352,57.0,8.0,calibration,0.11857700000000015,5.3470531841880575,0.1459459999999999,4.77612741335832,0.12800125000000007,8.469313841750767
60,2.12911525,1.8573115,3.00715075,2.7748495,1.33148625,1.28352125,16.0,3.0,calibration,0.2718037499999999,12.766042138864954,0.2323012499999999,7.724961909541778,0.047965000000000035,3.6023654018207125
61,2.34883725,3.14666675,3.15137875,4.007849,1.2640495,1.3725885,72.0,11.0,calibration,-0.7978295000000002,-33.9669979263144,-0.8564702500000001,-27.177636137833325,-0.10853899999999994,-8.586609938930392
62,2.08597,1.9431289999999999,2.9293755,2.78997475,1.4094817499999999,1.28490575,24.0,6.0,calibration,0.14284100000000022,6.847701548919697,0.13940075000000007,4.758719051210747,0.1245759999999998,8.838425896610566
63,4.628648,2.23017325,5.48640425,3.08577975,1.34344975,1.49001625,7.0,1.0,calibration,2.39847475,51.81804168301413,2.4006244999999997,43.75588073007927,-0.14656650000000004,-10.90971210497453
64,2.49787025,2.2522365,3.3004365,3.034104,2.07212375,1.56088825,41.0,5.0,calibration,0.2456337500000001,9.833727352331454,0.26633249999999986,8.069614428273347,0.5112354999999997,24.672054456207057
65,2.09135025,2.04745425,2.91986875,8.4406905,7.124478,1.53455575,38.0,6.0,calibration,0.04389600000000016,2.0989310614039973,-5.5208217500000005,-189.07773679895715,5.58992225,78.46079740859611
66,1.92300075,1.79782675,2.718126,2.54328675,1.52299125,1.233145,4.0,1.0,calibration,0.1251739999999999,6.509305833604064,0.17483924999999978,6.432345299666013,0.2898462500000001,19.031379858551393
67,1.584505,1.570678,2.3047785000000003,2.306766,1.6104785,1.37727075,7.0,2.0,calibration,0.013827000000000034,0.8726384580673481,-0.001987499999999809,-0.08623388321263013,0.23320774999999982,14.480649695106134
68,1.76148675,28.556867250000003,2.44874875,29.67177125,1.15276575,1.09224175,5.0,1.0,calibration,-26.795380500000004,-1521.1797931491683,-27.2230225,-1111.7115424765402,0.06052400000000002,5.250329479341317
69,1.9842187500000001,2.033671,2.75725775,2.99327225,1.178645,1.584569,11.0,3.0,calibration,-0.049452249999999864,-2.4922781321363816,-0.23601450000000002,-8.559754705558449,-0.40592399999999995,-34.43988647981369
70,1.6965107499999998,1.82620175,2.425646,2.67354875,1.2183950000000001,1.5422449999999999,14.0,3.0,calibration,-0.12969100000000022,-7.644572838692607,-0.24790275000000017,-10.220071271735453,-0.32384999999999975,-26.58004998379013
71,1.861901,2.04179825,2.6160315,2.74804375,1.139343,1.3341675,4.0,1.0,calibration,-0.1798972499999998,-9.662020161114892,-0.13201224999999983,-5.0462790681228356,-0.19482449999999996,-17.0997232615639
72,2.1619070000000002,11.417495249999998,3.05425925,12.34834425,1.70188375,1.41755875,24.0,9.0,calibration,-9.255588249999999,-428.1214802486877,-9.294085,-304.29915207754556,0.28432499999999994,16.706487737485006
73,2.5844135,1.91164625,3.806014,6.22353775,1.74573525,1.6891275,13.0,5.0,calibration,0.6727672500000001,26.03171860849667,-2.4175237500000004,-63.51851963760513,0.05660775000000018,3.2426308628413256
74,2.20123925,1.7662562499999999,3.1478085,2.63894875,2.01770175,1.38869025,10.0,2.0,calibration,0.4349830000000001,19.76082336347583,0.50885975,16.165524364013883,0.6290115000000001,31.174652051523474
75,1.8932007499999999,1.65981575,2.7917275,2.5948070000000003,1.303301,3.1471825,18.0,4.0,calibration,0.23338499999999995,12.327535788267566,0.1969204999999996,7.053714948898114,-1.8438815,-141.47779369462617
76,2.28169325,1.8395745,3.20508725,2.69045675,1.3086722499999999,1.42678775,21.0,9.0,calibration,0.4421187500000001,19.37678300972316,0.5146305,16.056676772215795,-0.11811550000000004,-9.025598273364476
77,2.05433,1.8715155,2.8584757499999998,2.812496,1.1771052499999999,1.33406075,21.0,3.0,calibration,0.1828145000000001,8.898984097004867,0.045979749999999875,1.608540845588768,-0.15695550000000003,-13.334024293919345
78,6.93543925,2.40831725,8.27224125,3.2407037499999998,1.38196975,1.49662125,74.0,12.0,calibration,4.527122,65.27520228801659,5.031537500000001,60.82435639797135,-0.1146514999999999,-8.296238032706569
79,9.00748625,1.84872625,14.50185325,2.6605665,1.375888,1.5200665,3.0,1.0,calibration,7.158759999999999,79.47566947437748,11.84128675,81.6536103756256,-0.1441785,-10.478941599897665
80,1.9921077500000002,1.90874425,2.82786425,2.71849175,1.31956575,2.2631255,3.0,1.0,calibration,0.08336350000000015,4.184688303130196,0.1093725000000001,3.8676715121668264,-0.9435597500000001,-71.50532286852703
81,1.734919,2.035794,2.598485,2.8774045,1.12047725,1.262377,29.0,12.0,calibration,-0.300875,-17.342308199979364,-0.27891949999999976,-10.733927653998379,-0.1418997500000001,-12.664224106290431
82,1.69104275,1.648686,2.4979705,2.5318365,1.1360780000000001,1.15704475,11.0,3.0,calibration,0.04235674999999994,2.5047710946396795,-0.03386599999999973,-1.3557405902111226,-0.020966749999999923,-1.8455378944051306
83,7.1399535,6.5952917499999995,8.0067115,7.56369175,1.308349,1.39273125,34.0,6.0,calibration,0.5446617500000004,7.6283655068622,0.4430197499999995,5.533104945769552,-0.08438224999999999,-6.449521496175714
84,2.47630025,1.96147675,3.54950725,2.8395615000000003,1.28493575,1.37243575,38.0,7.0,calibration,0.5148234999999999,20.790027380565014,0.7099457499999997,20.001248060558257,-0.08749999999999991,-6.809679005351039
85,2.10490375,1.86605225,3.108784,2.8068555,1.310084,1.6165622499999999,12.0,3.0,calibration,0.2388515,11.347383461120252,0.3019284999999998,9.712109300613996,-0.30647824999999984,-23.393786199968844
86,2.41035325,2.1855545000000003,7.13806075,3.05478275,1.3647015,1.31636075,72.0,11.0,calibration,0.22479874999999971,9.326381931777,4.083278,57.20430440438602,0.04834074999999993,3.542221504116463
87,2.015676,2.265817,2.90184875,3.14238025,1.2565680000000001,1.5610840000000001,58.0,10.0,calibration,-0.25014100000000017,-12.409782127683227,-0.2405314999999999,-8.288905477930228,-0.304516,-24.233945158558864
88,1.9974385,1.843583,2.80199525,2.65114975,1.39376275,1.1664015,16.0,4.0,calibration,0.15385549999999992,7.70264015638028,0.15084549999999997,5.383503059114749,0.22736124999999996,16.31276556931945
89,1.7138795,1.75174425,2.619782,2.5734719999999998,1.17012725,1.27498825,22.0,9.0,calibration,-0.03786475,-2.2093005955202805,0.04631000000000007,1.7677043357042714,-0.10486100000000009,-8.961503973178994
90,2.023147,1.80880825,2.97836225,2.7882344999999997,1.22385325,1.13750025,74.0,11.0,calibration,0.2143387499999998,10.594324090142724,0.19012775000000026,6.3836341600152995,0.0863529999999999,7.055829610290279
91,1.453203,1.50924025,2.3474155000000003,2.32239225,1.0646852500000001,1.28494825,3.0,1.0,calibration,-0.05603724999999993,-3.85611989515573,0.025023250000000274,1.0659915127935498,-0.22026299999999988,-20.688085985975654
92,1.63970025,1.4075065,2.40985475,2.154376,1.043844,1.05484775,7.0,2.0,calibration,0.23219374999999998,14.160743709101709,0.25547875,10.601416952619239,-0.011003749999999979,-1.0541565597924574
93,1.9177605,1.6959925,3.011903,2.55208725,6.18727525,1.34151875,22.0,9.0,calibration,0.22176799999999997,11.563904877590291,0.4598157500000002,15.266618812093224,4.8457565,78.31810133224637
94,1.63777725,2.5552799999999998,2.67856825,3.58837475,1.41368575,1.0808024999999999,11.0,1.0,calibration,-0.9175027499999997,-56.02121717101637,-0.9098064999999997,-33.966149639830896,0.3328832500000001,23.54718861670637
95,6.14271225,2.1919075,7.2310175,3.045546,1.265682,1.324423,13.0,5.0,calibration,3.9508047499999996,64.31694321999211,4.1854715,57.88219292789708,-0.05874099999999993,-4.641055178156909
96,1.9847139999999999,2.17675225,2.849827,3.01789425,1.233909,1.23747925,71.0,10.0,calibration,-0.19203824999999997,-9.675865137243953,-0.16806725,-5.897454477061239,-0.003570250000000108,-0.28934467614711523
97,1.7145255,1.7904957499999998,2.54618075,2.5318092500000002,1.20698825,1.25770475,22.0,6.0,calibration,-0.0759702499999999,-4.430978133600224,0.01437149999999976,0.5644336129711043,-0.05071650000000005,-4.201905030972759
98,2.2544445,1.54870725,3.2554735,2.3922167500000002,1.7928175,1.1431262500000001,10.0,2.0,calibration,0.7057372499999999,31.30426364454746,0.8632567499999997,26.51708729928226,0.6496912499999998,36.23856025501758
99,1.936599,6.16100525,2.7023497499999998,7.011566999999999,1.22887625,1.5028075,34.0,6.0,calibration,-4.2244062499999995,-218.13531092394447,-4.30921725,-159.46186277331424,-0.2739312500000002,-22.29119897141801
100,2.0398449999999997,2.0424569999999997,2.807137,2.8969025,1.2999785,1.4287637499999999,73.0,10.0,calibration,-0.0026120000000000587,-0.12804894489532584,-0.08976549999999994,-3.197759852832261,-0.12878524999999996,-9.906721534240756
101,3.3637752499999998,1.6962975,4.32626675,2.4505262500000002,28.904283500000002,1.15149425,9.0,3.0,calibration,1.6674777499999998,49.57161599901777,1.8757405,43.35702369716338,27.752789250000003,96.01618130406173
102,2.0835862499999998,1.70728725,2.8587362499999998,2.5120467499999997,1.22149525,1.236475,10.0,3.0,calibration,0.3762989999999997,18.060159496637095,0.3466895000000001,12.127369217779364,-0.014979749999999958,-1.226345333721106
103,1.919741,1.8632179999999998,2.74492675,2.61022525,1.2591995,1.20850025,11.0,3.0,calibration,0.0565230000000001,2.9443034242640076,0.1347014999999998,4.907289420382522,0.050699250000000085,4.026307983762707
104,1.70669375,2.0358165,2.50453025,2.80098125,1.23678775,1.3502619999999999,10.0,3.0,calibration,-0.32912275000000024,-19.284230108653077,-0.2964509999999998,-11.836590913605447,-0.11347424999999989,-9.1749170381094
105,1.72361475,1.847547,2.4350075,2.6647775,1.3120945,1.3733495,7.0,1.0,calibration,-0.12393224999999997,-7.1902523461231675,-0.2297699999999998,-9.436110566394552,-0.06125500000000006,-4.66848996013626
106,2.24406125,6.831898,3.08089,7.7564340000000005,1.384076,1.2402885000000001,12.0,3.0,calibration,-4.587836749999999,-204.4434727438923,-4.675544,-151.75952403363965,0.14378749999999996,10.388699753481742
107,1.88523875,6.920609,2.8295120000000002,10.695393,1.3517272500000002,1.54138125,11.0,3.0,calibration,-5.03537025,-267.0945656087326,-7.865880999999999,-277.9942619080604,-0.18965399999999977,-14.030493207856818
108,2.22520775,1.98427375,3.058548,2.768367,1.3893515,1.17164975,35.0,4.0,calibration,0.24093399999999998,10.827483411380353,0.290181,9.487541146975625,0.21770175000000003,15.66930686726865
109,1.80518025,1.77764875,2.56006175,2.58173725,1.14170675,1.2220955,11.0,3.0,calibration,0.027531500000000042,1.5251385561081805,-0.02167550000000018,-0.8466787959313943,-0.08038875000000001,-7.0411031554293615
110,2.0550532500000003,1.9048485,2.851409,2.7333515,1.1846815,1.158863,37.0,6.0,calibration,0.15020475000000033,7.309044181701876,0.11805749999999993,4.140321504210723,0.025818499999999966,2.1793621323537145
111,1.70566975,1.7771724999999998,2.53183425,2.57094325,3.1561295,1.42830525,10.0,2.0,calibration,-0.07150274999999984,-4.192062971158387,-0.03910899999999984,-1.5446903761571216,1.72782425,54.74503660258554
112,3.335359,2.4067697499999996,4.305293499999999,3.7900625000000003,2.6924895,1.35679425,143.0,19.0,calibration,0.9285892500000004,27.840758670955672,0.5152309999999991,11.967383872899704,1.3356952500000001,49.60818788708368
113,1.86533625,2.17403775,2.720612,3.1387675,1.6244364999999998,1.388014,17.0,6.0,calibration,-0.3087015000000002,-16.54937548123027,-0.4181555000000001,-15.369905741796337,0.23642249999999976,14.554123845407302
114,1.8455759999999999,1.94252025,2.6964230000000002,2.77581325,1.414512,1.39754475,21.0,9.0,calibration,-0.09694425000000018,-5.252790998582566,-0.07939024999999988,-2.944280255731385,0.01696724999999999,1.199512623434795
115,2.07070925,1.7053645,2.893689,2.5419665,1.48699375,1.28135275,12.0,6.0,calibration,0.3653447500000002,17.643459602066304,0.35172250000000016,12.154813457838772,0.20564099999999996,13.82931165648813
116,1.575906,1.75525725,2.344093,2.64350075,1.2710599999999999,1.05138025,3.0,1.0,calibration,-0.17935125000000007,-11.380834262957313,-0.29940774999999986,-12.772861400976833,0.21967974999999984,17.28319276824067
117,1.7949445,1.8495775,2.76622625,2.74388775,1.219525,1.2424315,8.0,3.0,calibration,-0.054633000000000154,-3.043715279218948,0.02233850000000004,0.8075442129869181,-0.02290649999999994,-1.8783132777105793
118,1.85907675,2.44299475,2.77143175,3.26195375,1.22754925,1.1116365,6.0,3.0,calibration,-0.5839179999999999,-31.4090313915227,-0.4905219999999999,-17.699227123309093,0.11591275000000012,9.442615031535404
119,1.89382925,2.055672,2.7712037499999997,7.3919015,1.30737475,1.29832125,38.0,7.0,calibration,-0.16184274999999992,-8.545794189206864,-4.620697750000001,-166.739733590502,0.009053499999999826,0.6924946347632785
120,2.190881,2.12153375,3.13299325,3.11220725,1.41333975,1.38202,16.0,3.0,calibration,0.06934724999999986,3.1652677621468195,0.020786000000000193,0.6634549882927514,0.03131974999999998,2.216009986275415
121,1.87834825,1.93953875,2.83616225,2.8108385,1.38774925,1.3724155,8.0,6.0,calibration,-0.06119050000000015,-3.2576759927239345,0.02532375000000009,0.8928879157036974,0.015333749999999924,1.1049366447144486
122,2.07292975,1.7675485,2.96020925,2.67019825,1.3633117499999998,1.22072875,7.0,1.0,calibration,0.30538125000000016,14.731866817966221,0.29001100000000024,9.796976345506664,0.1425829999999999,10.458576330762199
123,1.8119857499999998,2.2901309999999997,2.619229,3.2404434999999996,1.14607825,1.295159,8.0,2.0,calibration,-0.47814524999999986,-26.387914474492966,-0.6212144999999998,-23.71745654923643,-0.14908074999999998,-13.007903256169461
124,1.658123,1.762135,2.5700545,2.60628925,1.37489975,1.22192575,2.0,2.0,calibration,-0.104012,-6.272876017038542,-0.036234750000000204,-1.4098825530742716,0.15297399999999994,11.126193018800095
125,1.86131275,2.0387234999999997,2.7759460000000002,2.97799125,1.1793209999999998,9.06217,4.0,1.0,calibration,-0.17741074999999973,-9.531485238039643,-0.20204524999999984,-7.278428687013357,-7.882849,-668.4226771167478
126,2.0550129999999998,2.23303475,2.86499075,3.0313297500000003,1.37049,1.68336825,10.0,3.0,calibration,-0.1780217500000001,-8.662804079584904,-0.16633900000000024,-5.805917523468453,-0.31287825,-22.829663113193092
127,2.2890645000000003,3.0620485,3.04497525,3.81925375,1.442294,1.680544,116.0,19.0,calibration,-0.7729839999999997,-33.76855479607497,-0.7742785000000003,-25.428072034411457,-0.23825000000000007,-16.518823485364294
128,7.9490975,3.03133475,13.107559,3.9590699999999996,1.7332435,1.850228,145.0,21.0,calibration,4.91776275,61.86567405922496,9.148489000000001,69.79552027955779,-0.11698450000000005,-6.749455572745552
129,1.616179,2.11256,2.4636519999999997,3.07210625,1.22276875,1.660737,9.0,1.0,calibration,-0.4963810000000002,-30.713244015669066,-0.6084542500000003,-24.697248231487254,-0.43796824999999995,-35.817749676707066
130,2.04039875,1.842008,2.83075375,2.727839,1.18804175,1.443443,9.0,2.0,calibration,0.19839074999999995,9.723136225210878,0.10291475000000005,3.6355952897704387,-0.25540125,-21.49766622258856
131,2.28199375,1.6892975,3.16986175,5.55584025,1.0802562500000001,5.7090315,12.0,6.0,calibration,0.5926962499999999,25.97273765539454,-2.3859785000000002,-75.27074327452925,-4.62877525,-428.48863406251985
132,2.199519,2.40684,3.1555885,3.28110725,1.359063,6.652158,11.0,1.0,calibration,-0.20732099999999987,-9.425742628274632,-0.1255187499999999,-3.9776653388108083,-5.293095,-389.4664927232954
133,2.0235255,2.94447825,2.828386,3.7270645,1.1849669999999999,1.64118725,75.0,13.0,calibration,-0.9209527500000001,-45.51228783625411,-0.8986784999999999,-31.773545053610075,-0.4562202500000001,-38.50067132671206
134,2.606428,7.56736225,4.68335825,9.72419775,1.7009345,1.7912715,21.0,6.0,calibration,-4.96093425,-190.33459777135604,-5.0408395,-107.63301099163189,-0.09033699999999989,-5.3110216766136435
135,2.15876,2.3532712499999997,2.9961725,3.2294514999999997,1.583044,1.43640475,22.0,5.0,calibration,-0.1945112499999997,-9.010323055828332,-0.23327899999999957,-7.7859001776432955,0.14663925,9.263119028908863
136,2.216087,1.973452,3.10257675,2.91062075,1.66408675,1.416983,27.0,3.0,calibration,0.24263499999999993,10.948803002770196,0.1919559999999998,6.186986349330432,0.24710374999999996,14.84921083591345
137,1.78941875,1.89097975,2.650804,2.76519425,1.3588525,1.21093125,17.0,2.0,calibration,-0.10156100000000001,-5.675641880918037,-0.11439025000000003,-4.315303960609688,0.14792125,10.885747349325994
138,2.14536975,1.755625,3.1329529999999997,2.5895437500000003,1.24333575,1.4310245,17.0,4.0,calibration,0.38974475,18.166786867391973,0.5434092499999994,17.34495378641172,-0.18768874999999996,-15.095580578295118
139,1.964018,1.8575245,2.86099675,2.819602,1.191224,1.49489825,12.0,3.0,calibration,0.10649350000000002,5.4222262728753,0.041394749999999814,1.4468646285599525,-0.30367425000000003,-25.49262355358858
140,1.82385625,1.72983075,2.633986,2.610423,1.4320055,1.21037575,10.0,6.0,calibration,0.09402549999999987,5.1553130900530055,0.023563000000000223,0.8945757494534983,0.22162974999999996,15.476878405844108
141,4.21887775,2.24081875,10.456083750000001,3.07725525,1.5674255000000001,1.78594575,61.0,10.0,calibration,1.978059,46.88590466979045,7.378828500000001,70.56971497574318,-0.21852024999999986,-13.941348408584641
142,2.42001025,2.5198485,3.4189232499999997,3.53220925,1.976533,1.5618045,24.0,7.0,calibration,-0.09983825000000035,-4.125530046825229,-0.11328600000000044,-3.313499359776516,0.41472850000000006,20.98262462604976
143,2.1137515000000002,1.8778725,2.95318025,2.7258225,1.3339927500000002,1.410836,11.0,2.0,calibration,0.23587900000000017,11.159258787042855,0.22735774999999991,7.698742736749641,-0.07684324999999981,-5.760394874709761
144,2.26956225,2.455241,3.37649925,3.5116085,1.3896415,1.4891044999999998,12.0,5.0,calibration,-0.18567875000000011,-8.181258302124126,-0.13510924999999974,-4.001459499805893,-0.09946299999999986,-7.157457516920721
145,1.88958775,3.792671,2.8622615,4.8387335,1.50536925,1.2413925,26.0,4.0,calibration,-1.90308325,-100.71420340230296,-1.9764720000000002,-69.05281016427047,0.2639767500000001,17.535681029754002
146,2.0636085,7.145499,2.92641825,8.10822,1.52248775,1.34349425,29.0,12.0,calibration,-5.0818905,-246.26233609718125,-5.181801749999999,-177.069759252629,0.17899350000000003,11.756646317843938
147,2.44018075,1.877074,3.3846665000000002,2.827624,1.206127,1.3891735,14.0,4.0,calibration,0.5631067500000002,23.076436038600836,0.5570425000000001,16.45782531306999,-0.1830465000000001,-15.176386897897162
148,2.456345,6.89661375,3.32836375,7.724505250000001,1.6129545,1.37510475,73.0,10.0,calibration,-4.44026875,-180.76730874531063,-4.396141500000001,-132.0811615016538,0.23784975000000008,14.746215717802336
149,2.451182,2.12520175,3.32201425,2.901746,1.323494,1.586016,8.0,5.0,calibration,0.3259802500000002,13.29890028565811,0.4202682499999999,12.651006840202443,-0.26252200000000014,-19.835526266080553
150,2.10518875,1.8895355,2.9380235,2.720313,1.44439725,1.7604327499999999,14.0,6.0,calibration,0.2156532499999999,10.243891432537815,0.21771049999999992,7.410100702053606,-0.3160354999999999,-21.880095659279323
151,1.4424465,1.8580477499999999,2.246818,2.652121,1.3615065,1.5766170000000002,5.0,3.0,calibration,-0.4156012499999999,-28.81224710933819,-0.40530299999999997,-18.038977789923347,-0.2151105000000002,-15.799447156513773
152,2.44813275,2.11789775,3.39369025,3.0785335,1.47242425,1.69563925,5.0,1.0,calibration,0.33023500000000006,13.489260335249387,0.3151567500000003,9.286550238343063,-0.22321499999999994,-15.15969327454366
153,7.1529282499999995,2.065569,8.357894,3.0913405000000003,1.4016275,2.0195105,13.0,3.0,calibration,5.0873592499999996,71.12274962355453,5.2665535,63.01292526562313,-0.617883,-44.08325321813391
154,3.2949655,4.4012635,4.4138125,5.37710725,1.7619147499999999,1.4965135,111.0,16.0,calibration,-1.1062979999999998,-33.57540465901691,-0.9632947500000002,-21.824550771017126,0.2654012499999998,15.063228796966474
155,1.7219965,2.185394,2.801081,3.2847505000000004,1.26190075,1.3466745,9.0,2.0,calibration,-0.46339750000000013,-26.910478621762593,-0.4836695000000004,-17.26724432460184,-0.08477375000000009,-6.717941169303536
156,2.23794475,1.81325475,3.5033135,2.89784225,1.44976275,1.3606555,25.0,5.0,calibration,0.42469,18.976786625317715,0.6054712499999999,17.28281668197836,0.08910725000000008,6.146333253492688
157,1.8182545,2.2929250000000003,2.7813862499999997,3.2032647499999998,1.4220760000000001,1.723389,40.0,5.0,calibration,-0.4746705000000002,-26.105833919289086,-0.42187850000000005,-15.167922110781992,-0.30131299999999994,-21.188248729322478
158,1.902407,1.99613625,3.491603,3.6967835,1.374203,1.42127725,11.0,2.0,calibration,-0.09372924999999999,-4.9268768460166505,-0.2051805,-5.876398319052882,-0.04707424999999987,-3.4255674016138715
159,2.1200840000000003,1.91413725,3.108814,2.971469,1.3455602500000001,1.573109,7.0,1.0,calibration,0.2059467500000003,9.714084441937219,0.13734500000000027,4.417922719081948,-0.22754874999999997,-16.911078489424757
160,2.3903425,2.1822705,3.37794275,3.19516725,1.66615975,1.789018,13.0,3.0,calibration,0.20807200000000003,8.704693992597296,0.18277549999999998,5.410852507787469,-0.12285824999999995,-7.373737722328244
161,2.16163175,1.9713665,3.062815,2.8456035,1.733542,1.5289975,40.0,6.0,calibration,0.19026525000000016,8.801927062738608,0.2172114999999999,7.091890956522019,0.2045444999999999,11.799223785751941
162,2.205859,1.84358575,3.17429075,5.428981,1.76907575,1.4534205,31.0,5.0,calibration,0.3622732499999999,16.423227867239017,-2.2546902500000003,-71.0297331774035,0.31565525000000005,17.84294708691813
163,2.14330425,2.161917,3.0752535,3.155297,1.51745225,1.64780725,18.0,3.0,calibration,-0.018612749999999956,-0.8684138054594889,-0.08004349999999993,-2.602826075964142,-0.130355,-8.590385628279241
164,2.3222545,3.1201815,3.4805435,4.376761999999999,1.7181635,2.24693825,74.0,11.0,calibration,-0.797927,-34.360015235194936,-0.8962184999999994,-25.749383681025662,-0.52877475,-30.775578109999426
165,2.61024025,1.98801175,3.5232532500000002,2.94467875,1.296468,1.4810397499999999,6.0,1.0,calibration,0.6222284999999999,23.837978132472667,0.5785745000000002,16.421598419017997,-0.18457174999999992,-14.236506415893022
166,2.3985955,2.63494025,3.4737335,3.812128,1.67565925,9.21317925,38.0,6.0,calibration,-0.23634475000000021,-9.85346424605567,-0.33839450000000015,-9.741521622196986,-7.53752,-449.8241513004508
167,2.38657475,2.096075,3.5416317500000005,3.2034322499999996,1.7259627499999999,1.7241525,5.0,1.0,calibration,0.29049974999999995,12.172246019111698,0.3381995000000009,9.549256497375845,0.0018102499999999022,0.10488349183665188
168,2.08307025,1.906739,3.06193825,3.5411029999999997,1.6870492499999998,1.643731,6.0,2.0,calibration,0.17633125000000005,8.464968956279803,-0.4791647499999998,-15.649066404262065,0.04331824999999978,2.5676932668088845
169,2.97394275,2.29776025,8.70606525,3.361226,1.6804215,1.88168625,75.0,12.0,calibration,0.6761824999999999,22.736903728224085,5.34483925,61.392134064237574,-0.20126475,-11.977039689149418
170,1.937255,3.052324,2.7804130000000002,3.92102,1.5326305,1.7194479999999999,17.0,2.0,calibration,-1.115069,-57.559226844168684,-1.1406069999999997,-41.022934362628845,-0.18681749999999986,-12.189337221202361
171,2.12425775,2.29857425,3.1088542500000003,3.2350149999999998,3.63116225,1.958299,72.0,11.0,calibration,-0.1743165000000002,-8.205995717798379,-0.1261607499999995,-4.058110797571146,1.67286325,46.069636519271484
172,2.237494,3.4888267500000003,3.02665525,4.41905125,1.451493,1.62549075,76.0,13.0,calibration,-1.2513327500000004,-55.9256360017055,-1.3923959999999997,-46.00444665774206,-0.17399775000000006,-11.987501834318186
173,2.782751,2.0964355,3.69251725,2.990733,1.442927,1.28716175,114.0,16.0,calibration,0.6863155000000001,24.663201989685746,0.7017842499999998,19.005578105288468,0.15576524999999997,10.795088732832635
174,1.88098225,1.82340525,2.68436725,3.67118725,1.40711575,1.23207325,45.0,12.0,calibration,0.05757699999999999,3.061007088184909,-0.9868199999999998,-36.76173593609443,0.1750425,12.439808167878157
175,1.87432475,1.83932925,2.89035125,8.012357999999999,1.50614025,1.4200202499999999,9.0,1.0,calibration,0.03499549999999996,1.8670990712788675,-5.122006749999999,-177.21052934310316,0.0861200000000002,5.717926999162275
176,1.93180175,2.6738865,2.78257875,3.84156275,4.75695175,1.5406024999999999,12.0,4.0,calibration,-0.7420847500000001,-38.4141255695622,-1.0589840000000001,-38.05764706569401,3.21634925,67.6136614166835
177,2.2496549999999997,2.23448175,3.08483575,3.123827,1.5158625000000001,1.8951015,76.0,13.0,calibration,0.015173249999999694,0.6744700854130832,-0.03899125000000003,-1.2639651884221075,-0.3792389999999999,-25.018034287410625
178,2.0741065,2.1796865,2.898206,2.985891,1.44959025,1.648736,36.0,9.0,calibration,-0.10557999999999979,-5.090384703003427,-0.08768500000000001,-3.025492321801832,-0.19914575,-13.738071844785104
179,1.8004580000000001,2.22725325,2.7871752499999998,7.72386625,1.43742675,1.28578475,3.0,3.0,calibration,-0.42679524999999985,-23.704815663570038,-4.936691000000001,-177.12165749175625,0.15164200000000005,10.549546263835708
180,2.38018975,2.8404534999999997,3.23745425,3.6948955,1.533342,1.51108525,72.0,10.0,regular_holdout,-0.46026374999999975,-19.337271324691645,-0.45744125,-14.129659129546003,0.022256749999999936,1.4515189696753847
181,1.9680567500000001,5.39843475,2.8595295,8.60906275,2.1558555,1.62708575,4.0,1.0,regular_holdout,-3.4303779999999997,-174.3027989411382,-5.74953325,-201.06570853701632,0.5287697499999999,24.527142473138852
182,2.03472975,2.51547675,2.87794025,3.3021962499999997,1.46777625,1.60300725,37.0,6.0,regular_holdout,-0.48074700000000004,-23.62706890190209,-0.42425599999999974,-14.741654209117085,-0.1352310000000001,-9.213325259895717
183,2.18443375,1.769253,2.99867675,2.69860225,1.46244675,1.45340075,8.0,3.0,regular_holdout,0.4151807500000002,19.00633287688401,0.3000745,10.006897208910564,0.00904600000000011,0.6185524361827266
184,2.2890395,2.58041275,3.12669125,3.39209025,1.75379525,1.68771025,27.0,4.0,regular_holdout,-0.2913732499999999,-12.729061687227324,-0.26539899999999994,-8.488174200122893,0.06608499999999995,3.7681137521612027
185,1.88563175,1.625113,2.72372675,2.387451,1.0262575,1.5227125,17.0,2.0,regular_holdout,0.2605187499999999,13.815992968934678,0.33627575,12.346163211856696,-0.49645499999999987,-48.37528592970086
186,3.40106375,2.52345875,4.24921875,3.62998275,1.4461295,1.50491325,73.0,11.0,regular_holdout,0.877605,25.803838578444758,0.6192359999999999,14.572937672366242,-0.05878374999999991,-4.064902209656874
187,1.8287305,5.609711750000001,2.7037619999999998,6.895513750000001,1.41873075,1.2104035,22.0,5.0,regular_holdout,-3.780981250000001,-206.7544260895742,-4.191751750000002,-155.0340507041671,0.20832724999999996,14.684058268279585
188,2.1616645,2.321148,2.978257,3.7954375000000002,1.23528325,1.1970352499999999,17.0,3.0,regular_holdout,-0.1594834999999999,-7.377810016309186,-0.8171805000000001,-27.43821302191181,0.03824800000000006,3.096293906680922
189,2.00805475,1.9847255,3.489555,2.8027715,1.3199415,1.44583675,27.0,8.0,regular_holdout,0.023329249999999968,1.1617835619272816,0.6867835000000002,19.681119798942852,-0.1258952499999999,-9.537941643625865
190,3.23080875,11.1709245,4.1100182499999995,12.314291,1.826177,1.35655175,112.0,17.0,regular_holdout,-7.94011575,-245.76248129821983,-8.204272750000001,-199.6164554743766,0.46962525,25.716305155524356
191,1.917422,1.75722775,2.72372175,2.5987602499999998,1.54835475,1.39691025,13.0,6.0,regular_holdout,0.16019424999999998,8.354668403721245,0.12496150000000039,4.587895220941728,0.15144449999999998,9.780994956097755
192,1.81886825,1.85182525,2.57628125,2.8620585,1.39380575,1.62649525,9.0,2.0,regular_holdout,-0.032957000000000125,-1.8119509205793287,-0.28577724999999976,-11.092626241797154,-0.2326895,-16.694542980612614
193,1.78287425,1.85306025,2.610681,2.6703687499999997,1.31051475,1.39414625,21.0,6.0,regular_holdout,-0.07018599999999986,-3.9366769697862796,-0.059687749999999706,-2.2862904353308466,-0.08363149999999986,-6.381576399655163
194,2.04107675,1.963339,2.89588475,2.80174475,1.28470775,1.3623177499999999,13.0,5.0,regular_holdout,0.07773775000000027,3.8086637359423285,0.09413999999999989,3.2508199782467133,-0.07760999999999996,-6.0410626463489425
195,1.760042,1.5018162499999999,2.686209,2.31159,6.4474807499999995,1.3565315,3.0,1.0,regular_holdout,0.25822575000000025,14.671567496684752,0.37461900000000004,13.946010902353466,5.0909492499999995,78.96028615517774
196,1.81557325,1.65241925,2.657274,2.5630812499999998,1.225571,1.2431955000000001,5.0,1.0,regular_holdout,0.16315400000000002,8.986362847106282,0.09419275000000038,3.5447134920975545,-0.017624500000000154,-1.438064379787067
197,2.272838,2.1970347500000003,3.1399867500000003,3.0462675,1.71218,1.58417625,34.0,6.0,regular_holdout,0.07580324999999988,3.335180510005547,0.09371925000000036,2.984702085128237,0.12800374999999997,7.476068520833088
198,2.3814142499999997,2.17059275,3.358369,3.02915125,1.39160975,1.23165525,11.0,5.0,regular_holdout,0.21082149999999977,8.852785692367458,0.3292177500000002,9.802905815293084,0.1599545,11.494206619348564
199,6.3796687499999996,2.2256887499999998,7.3451242500000005,3.2127165,2.7873505,1.4196897499999999,39.0,4.0,regular_holdout,4.15398,65.11278504859676,4.1324077500000005,56.26055610972136,1.3676607500000002,49.0666943393018
200,1.758119,2.189807,2.628578,3.1625255,1.3207550000000001,1.85438975,4.0,2.0,regular_holdout,-0.43168800000000007,-24.553969327445984,-0.5339475,-20.31316932577234,-0.5336347499999998,-40.40376527062171
201,2.38999975,2.27620025,3.7334765,3.20801075,1.4104207500000001,1.27763,8.0,3.0,regular_holdout,0.11379949999999983,4.7614858537119025,0.52546575,14.074435716951745,0.13279075000000007,9.414974219572425
202,1.7952730000000001,1.90351625,2.66690075,2.8875645,1.35544875,1.35223775,8.0,2.0,regular_holdout,-0.1082432499999999,-6.029347625681437,-0.22066374999999994,-8.27416430851429,0.003211000000000075,0.23689571442668522
203,1.64560875,3.7353217499999998,2.52251975,4.79219625,1.35863975,1.33130075,20.0,3.0,regular_holdout,-2.0897129999999997,-126.98723192860999,-2.2696765,-89.97656014387995,0.027339000000000002,2.012233191322424
204,2.56899025,2.2750857499999997,3.472474,8.0824185,1.488967,1.32700175,9.0,2.0,regular_holdout,0.29390450000000046,11.440467709054186,-4.609944499999999,-132.75677514072098,0.16196524999999995,10.87769238673523
205,3.69948275,2.3347185,4.6909944999999995,3.13747525,1.68332075,1.5791410000000001,73.0,11.0,regular_holdout,1.36476425,36.89067748727845,1.5535192499999995,33.11705545593796,0.1041797499999999,6.18894230347959
206,1.81118675,1.6296775000000001,2.581096,2.44312,1.26323075,1.473736,8.0,3.0,regular_holdout,0.18150924999999996,10.021564590178231,0.1379760000000001,5.345636117370299,-0.21050524999999998,-16.664037825235017
207,3.251775,2.2597725,4.38779375,3.06904675,1.71473075,1.513817,75.0,11.0,regular_holdout,0.9920024999999999,30.506492607883384,1.3187470000000001,30.05489945829838,0.20091375,11.716926986933663
208,2.15369975,1.99168225,2.98329425,2.963279,1.75617825,1.3551145,41.0,6.0,regular_holdout,0.16201749999999993,7.522752417090634,0.02001525000000015,0.6709110239461008,0.40106375000000005,22.837303104055643
209,6.8483475,7.15028625,7.69999775,7.9981795,1.7198137500000001,1.72601075,34.0,6.0,regular_holdout,-0.3019387499999997,-4.408928577295467,-0.29818175000000036,-3.8724913913124244,-0.006196999999999786,-0.36032971593579743
210,2.138777,1.62380825,2.93291825,2.423996,1.32120575,1.4226945,4.0,2.0,regular_holdout,0.5149687500000002,24.077720585175552,0.5089222500000004,17.35207757665937,-0.1014887499999999,-7.681525000931906
211,1.9396407500000001,3.4632682499999996,2.92262475,4.5676485,1.6026835,1.404805,5.0,1.0,regular_holdout,-1.5236274999999995,-78.55204630032645,-1.6450237499999996,-56.28583518975535,0.19787849999999985,12.34669852157334
212,2.372864,2.15831175,3.3336995,3.0275165,1.580936,1.5308552500000001,5.0,1.0,regular_holdout,0.21455224999999967,9.041910956548698,0.30618299999999987,9.184481084752836,0.050080749999999785,3.167791106028314
213,1.525477,1.66640075,2.4576545,2.5324702500000003,1.3486645,1.3621225,5.0,2.0,regular_holdout,-0.14092375000000001,-9.238012110310414,-0.0748157500000004,-3.044193152454928,-0.01345799999999997,-0.9978760470079824
214,1.90737975,1.9298715,2.783014,2.71450075,1.45501075,1.2979055,40.0,5.0,regular_holdout,-0.02249174999999992,-1.179196224558844,0.06851325000000008,2.461836340025601,0.15710525000000009,10.797531908269411
215,2.1130255,1.93396275,11.050890500000001,2.7858605,1.300294,1.3325577499999999,17.0,3.0,regular_holdout,0.17906274999999994,8.474235166589326,8.265030000000001,74.79062433927837,-0.03226374999999981,-2.4812657752784997
216,1.894242,2.05122,2.742405,3.01419075,1.36013225,1.56217225,12.0,5.0,regular_holdout,-0.15697799999999984,-8.287114318022715,-0.2717857499999998,-9.910489150945969,-0.20204,-14.854437868082314
217,1.8555432500000002,1.90751,2.548021,6.043580500000001,1.09149275,1.1359605,10.0,3.0,regular_holdout,-0.05196674999999984,-2.8006218663994944,-3.495559500000001,-137.1872327582858,-0.04446774999999992,-4.074030725352955
218,1.88705175,1.784068,2.60710525,2.5317817500000004,1.12142125,1.198117,9.0,1.0,regular_holdout,0.10298374999999993,5.457388754706909,0.07532349999999965,2.8891622231208216,-0.07669575000000006,-6.8391561155096765
219,1.8036957500000002,1.7515717499999999,2.52276025,2.515457,1.29193125,1.37378,7.0,2.0,regular_holdout,0.05212400000000028,2.889844365381483,0.007303250000000094,0.2894944139063589,-0.08184875000000003,-6.335379688354161
220,1.6974575,2.11682675,2.59753125,3.1634045,1.10251725,1.02326025,39.0,6.0,regular_holdout,-0.4193692499999999,-24.705729009415546,-0.5658732500000001,-21.78504108468378,0.07925699999999991,7.188731060670471
221,1.67917725,1.72042675,2.42953425,2.5339525,1.21882825,1.1775005,36.0,9.0,regular_holdout,-0.04124949999999994,-2.4565304228603586,-0.10441824999999971,-4.29787108372725,0.041327749999999996,3.3907771665121804
222,1.76890525,1.97518225,2.709195,8.411687,1.870504,1.3789052499999999,3.0,1.0,regular_holdout,-0.20627700000000004,-11.661280331436636,-5.702492000000001,-210.48658365307782,0.4915987500000001,26.28161982011266
223,1.7831495,2.18494925,2.839563,3.25972025,1.16885275,1.32460575,9.0,1.0,regular_holdout,-0.4017997499999999,-22.533149912556404,-0.4201572499999999,-14.79654615868709,-0.1557529999999998,-13.325288407799853
224,2.1648092500000002,2.58722275,3.09939775,3.67773725,1.281208,1.5104945,11.0,2.0,regular_holdout,-0.4224134999999998,-19.5127353599399,-0.5783394999999998,-18.65973800877928,-0.22928650000000017,-17.896118350806443
225,1.8434730000000001,2.08072175,2.82483475,3.2241037500000003,1.595836,1.4134600000000002,10.0,4.0,regular_holdout,-0.2372487499999998,-12.869662316724996,-0.3992690000000003,-14.134242719861767,0.18237599999999987,11.428241999804483
226,2.05584675,2.0160465,3.0023605,2.95966325,1.35161475,1.35664175,59.0,10.0,regular_holdout,0.039800250000000315,1.9359541269309257,0.0426972499999998,1.4221226931276174,-0.005027000000000115,-0.3719255061399792
227,1.771747,6.656442,2.74378725,7.653773,1.40112425,6.20938175,4.0,2.0,regular_holdout,-4.884695000000001,-275.69935210839924,-4.909985750000001,-178.94921517694203,-4.8082575,-343.1713854071114
228,1.62020075,1.6453735,2.53144875,2.50727975,1.3993515,1.0663175,23.0,7.0,regular_holdout,-0.025172750000000077,-1.553680925033523,0.024169000000000107,0.9547497258240012,0.33303400000000005,23.79916697127205
229,1.77507675,4.89130525,2.67835825,5.700887,1.12024675,1.214504,22.0,6.0,regular_holdout,-3.1162285,-175.55457813303005,-3.0225287499999998,-112.85005469301949,-0.09425725000000007,-8.413972189609126
230,1.65493575,1.84222125,2.3754975,2.57642925,1.25722175,1.05437,35.0,9.0,regular_holdout,-0.1872855,-11.316783748251254,-0.20093175000000008,-8.458512374776236,0.20285175,16.134922101053373
231,1.7518292500000001,1.59461925,2.53281825,2.3573002499999998,1.2329925,1.2193665,12.0,2.0,regular_holdout,0.15721000000000007,8.974048127121982,0.17551800000000028,6.929751078665052,0.013625999999999916,1.105116211169161
232,3.00356025,1.74258025,4.004947,5.4486205,1.1806705,1.34566275,21.0,3.0,regular_holdout,1.26098,41.982843527110866,-1.4436735,-36.04725605607266,-0.16499225000000006,-13.97445349909226
233,2.7849144999999997,2.1822225,4.07474975,3.0658494999999997,1.31964825,1.2986469999999999,106.0,16.0,regular_holdout,0.6026919999999998,21.641310711693297,1.00890025,24.759808869244058,0.021001250000000082,1.5914278672365976
234,2.2187805,1.71749725,3.539012,3.35191175,1.21318475,1.2617855,14.0,6.0,regular_holdout,0.5012832499999997,22.592737316737722,0.18710024999999986,5.286793319717477,-0.04860075000000008,-4.006046894341533
235,1.75085825,1.90381425,2.72109825,3.1101235,1.127182,1.3481640000000001,23.0,6.0,regular_holdout,-0.15295599999999987,-8.736058444480006,-0.38902525,-14.296626371355757,-0.22098200000000023,-19.604819807271607
236,1.62487975,1.637211,2.43305725,2.5284917499999997,1.09385475,1.18640175,9.0,1.0,regular_holdout,-0.012331249999999905,-0.7589023126172816,-0.09543449999999964,-3.9224107858538733,-0.09254699999999993,-8.460629713405726
237,1.6552835,1.6748427499999998,2.5652245000000002,2.5491,1.277239,1.23882625,8.0,4.0,regular_holdout,-0.019559249999999917,-1.1816253832047452,0.016124500000000097,0.6285804614761825,0.038412749999999996,3.0074833292751
238,2.7878615,6.06934925,3.83852275,7.042566000000001,1.931559,1.6831355,115.0,16.0,regular_holdout,-3.28148775,-117.7062687655036,-3.2040432500000007,-83.47073753828867,0.24842350000000013,12.86129494361809
239,2.0321955,2.467805,2.9438695,3.369674,1.68109725,2.04564675,23.0,6.0,regular_holdout,-0.4356095,-21.435413079105825,-0.4258044999999999,-14.464109227667867,-0.36454949999999986,-21.68521184601306
240,1.9089770000000001,2.3652670000000002,2.7873445,3.2687035,1.4778624999999999,1.70787575,40.0,5.0,regular_holdout,-0.4562900000000001,-23.902330934317177,-0.48135899999999987,-17.2694476768121,-0.23001325000000006,-15.563914098909748
241,1.94545725,1.65751925,2.9648525,2.62895075,1.187899,1.264908,19.0,6.0,regular_holdout,0.287938,14.800530826364858,0.3359017500000001,11.329459054033888,-0.07700899999999988,-6.482790203544231
242,1.73738525,1.85308,2.6256285,2.73398525,1.15555,1.3413840000000001,12.0,3.0,regular_holdout,-0.11569475000000007,-6.659130437535375,-0.10835675,-4.126888095555026,-0.18583400000000005,-16.08186577820086
243,1.74911775,1.803833,2.6761775,2.68374375,1.1188745,1.33078525,8.0,2.0,regular_holdout,-0.054715250000000104,-3.128162755194732,-0.007566249999999997,-0.2827260149971366,-0.21191074999999993,-18.939635321030188
244,5.932188,1.6277092499999999,6.78623825,2.55817675,1.40361025,1.15183175,20.0,3.0,regular_holdout,4.30447875,72.56140145929292,4.228061500000001,62.30346392568814,0.2517785000000001,17.937921157244336
245,3.71628625,2.13800825,4.9968145,3.44286975,1.4915007500000002,1.600458,37.0,6.0,regular_holdout,1.578278,42.469225829953224,1.5539447500000003,31.098707986858432,-0.10895724999999978,-7.305209199526032
246,1.93597,1.9441025,2.913644,2.8791895,1.62790475,1.376249,9.0,2.0,regular_holdout,-0.008132500000000098,-0.4200736581661957,0.03445450000000028,1.18252264175034,0.25165574999999984,15.458874359817418
247,2.48115,4.073193,3.46254425,4.995712,1.3272095,1.5747339999999999,41.0,7.0,regular_holdout,-1.5920429999999999,-64.16552808173628,-1.53316775,-44.27864712487068,-0.24752449999999993,-18.64999459392055
248,6.01980075,2.0237107500000002,6.977839250000001,2.80651975,1.3012427500000001,1.30710175,22.0,4.0,regular_holdout,3.9960899999999997,66.3824296842383,4.171319500000001,59.77952988813837,-0.0058589999999998366,-0.45026187465788653
249,1.48388925,1.52606275,2.53163875,3.72287175,1.22531825,1.1550120000000001,10.0,1.0,regular_holdout,-0.042173499999999864,-2.8420921574841156,-1.191233,-47.05383025125524,0.07030624999999979,5.737795058549058
250,1.82797225,1.95877275,2.7075822499999997,2.82810925,1.301343,1.80028,8.0,4.0,regular_holdout,-0.1308005000000001,-7.155497026828504,-0.12052700000000005,-4.451462185497784,-0.4989370000000002,-38.34016089532123
251,2.00489725,2.4476415,2.8304885,3.3041825,1.3138847500000002,2.5440655,42.0,6.0,regular_holdout,-0.44274425000000006,-22.08313917334168,-0.47369400000000006,-16.735415105908398,-1.2301807499999997,-93.62927380046078
252,1.6560822499999999,1.6530974999999999,2.424239,2.41847525,1.228373,1.10120525,11.0,2.0,regular_holdout,0.0029847499999999805,0.18022957495015604,0.005763749999999845,0.23775502332896406,0.1271677499999999,10.352535426942787
253,1.50082775,2.5645284999999998,2.38849975,3.5340275,1.133209,1.4152405,5.0,1.0,regular_holdout,-1.0637007499999998,-70.87427254726597,-1.1455277500000003,-47.96013690183557,-0.2820315,-24.88786269787833
254,30.87172575,1.6656145,31.830357,2.39872075,1.2159537500000002,1.3156444999999999,17.0,2.0,regular_holdout,29.20611125,94.60472500472378,29.43163625,92.46404697880078,-0.09969074999999972,-8.198564295722573
255,2.11206175,2.3293955,2.982721,3.2955242499999997,1.538254,1.38812925,75.0,11.0,regular_holdout,-0.21733374999999988,-10.290122909521934,-0.31280324999999953,-10.48717764752384,0.15012475000000003,9.759425296472495
256,2.11791075,4.77830175,3.027108,5.652813,1.5503095,1.312485,73.0,11.0,regular_holdout,-2.6603909999999997,-125.61393344832871,-2.625705,-86.73971989106434,0.2378245000000001,15.340452986968094
257,1.84891375,1.795859,2.67316,2.6739315,1.56128625,1.23391875,37.0,8.0,regular_holdout,0.05305474999999982,2.869509191545567,-0.000771499999999925,-0.02886097352945297,0.32736750000000003,20.967807793093677
258,1.6539314999999999,1.81777675,2.410488,2.7059595,1.60496475,1.03945475,32.0,9.0,regular_holdout,-0.16384525000000005,-9.90641087614572,-0.2954715000000001,-12.257746149327444,0.56551,35.23504176649362
259,2.25386375,1.8570232500000001,3.08323525,2.5659855,1.207386,1.19817225,62.0,10.0,regular_holdout,0.3968404999999997,17.607120217448802,0.51724975,16.776201232131086,0.00921375000000002,0.7631155239500889
260,1.89042325,1.8380400000000001,2.95953575,2.7430287499999997,1.43628975,1.3519395,6.0,3.0,regular_holdout,0.05238324999999988,2.7709799908565387,0.21650700000000045,7.31557305905159,0.08435024999999996,5.8727878549575365
261,1.71013875,1.59553025,2.49781025,2.3445235,3.4700705,1.160445,6.0,2.0,regular_holdout,0.11460850000000011,6.70170768307543,0.15328674999999992,6.136845262765653,2.3096255,66.55846041168328
262,1.92083,2.022529,2.6543692500000002,2.7825059999999997,1.47138275,6.485043,41.0,5.0,regular_holdout,-0.10169899999999998,-5.294534133681793,-0.12813674999999947,-4.827389783844107,-5.01366025,-340.7448028053883
263,2.85253925,2.2749805,4.37424325,3.18320425,1.6513695,1.4017650000000001,73.0,10.0,regular_holdout,0.5775587500000001,20.247179771496576,1.191039,27.22845831676142,0.24960449999999978,15.115000004541674
264,1.9326755,1.85385625,2.7793175,2.847316,1.39167525,1.454132,32.0,9.0,regular_holdout,0.07881925000000001,4.078245416781038,-0.0679985000000003,-2.4465898552432495,-0.06245674999999995,-4.487882499886374
265,1.82839775,1.87797025,2.67644275,2.68254225,1.1747795,1.3065435,9.0,2.0,regular_holdout,-0.04957250000000002,-2.7112536098887685,-0.006099499999999924,-0.22789577695991906,-0.131764,-11.216062248277229
266,1.80185275,1.9498415,2.6093315,3.47295525,1.334646,1.42658025,23.0,10.0,regular_holdout,-0.1479887500000001,-8.213143388104278,-0.8636237499999999,-33.09750984112213,-0.09193425,-6.888287231220863
267,1.7462460000000002,1.88140325,2.63326525,2.77633125,1.218583,1.1854305,38.0,7.0,regular_holdout,-0.13515724999999978,-7.739874565210157,-0.14306600000000014,-5.433026543755899,0.03315249999999992,2.7205779171381774
268,3.812734,2.0119755,4.6593985,2.911676,1.1966025,1.5154995,32.0,5.0,regular_holdout,1.8007584999999997,47.23011099122047,1.7477225,37.509616316355,-0.318897,-26.650203388343243
269,1.68037675,1.77787375,2.41629175,2.6940795,1.2689314999999999,6.0524309999999995,11.0,2.0,regular_holdout,-0.09749699999999994,-5.802091703542074,-0.2777877499999999,-11.496449052561632,-4.7834995,-376.9706639010853
270,2.3868097500000003,1.6176365,3.19359475,2.493276,1.07628525,1.27447525,21.0,5.0,regular_holdout,0.7691732500000004,32.225997484717844,0.7003187500000001,21.928854623774672,-0.1981900000000001,-18.41426331913404
271,1.85257925,1.73633575,2.6602235,2.5608407499999997,1.03509525,1.0609819999999999,29.0,5.0,regular_holdout,0.11624349999999994,6.274684335366486,0.09938275000000019,3.735879710858888,-0.02588674999999996,-2.5009051099403616
272,1.53190175,1.464938,2.29146075,2.17356475,1.3348865,1.07243475,6.0,2.0,regular_holdout,0.06696374999999999,4.371282296661649,0.117896,5.145015030259628,0.2624517500000001,19.660978667474733
273,1.8340785,3.12373575,2.675261,4.035218,1.4985564999999998,1.27481775,23.0,9.0,regular_holdout,-1.2896572499999999,-70.31636050474393,-1.3599570000000005,-50.8345540864985,0.22373874999999988,14.930284577191443
274,2.1414515,2.2723315,3.2433605,3.2904312499999997,1.537766,1.6794625,37.0,6.0,regular_holdout,-0.13087999999999989,-6.1117424326443945,-0.047070749999999606,-1.4512956546150082,-0.14169650000000011,-9.214438347576948
275,1.8570435,29.41569475,3.290159,30.399114500000003,1.31643575,1.60815975,14.0,4.0,regular_holdout,-27.55865125,-1484.0067693621609,-27.108955500000004,-823.9405907130932,-0.2917240000000001,-22.1601396042306
276,1.853288,2.7419492500000002,2.67172075,3.598382,1.12203425,1.6132727500000001,8.0,3.0,regular_holdout,-0.8886612500000002,-47.95052091202231,-0.92666125,-34.68406082484481,-0.49123850000000013,-43.781061050498245
277,1.85138,3.20636725,2.74891,4.204414,1.3990455,1.66111725,9.0,2.0,regular_holdout,-1.35498725,-73.18795979215504,-1.455504,-52.94840500416529,-0.26207175000000005,-18.732182048403722
278,1.71583475,1.5748039999999999,2.5179355,2.425014,1.20906375,1.15175425,1.0,1.0,regular_holdout,0.1410307500000001,8.219366696006134,0.0929215000000001,3.6903844439224156,0.057309500000000124,4.739989930224946
279,1.868849,3.36859675,2.7734695,4.45995575,1.2256259999999999,1.57428075,9.0,4.0,regular_holdout,-1.49974775,-80.24980883955847,-1.6864862499999997,-60.80781670755708,-0.3486547500000001,-28.44707520891366
280,1.8011789999999999,1.98331675,2.70169475,8.24534775,1.179662,1.656653,10.0,2.0,regular_holdout,-0.1821377500000001,-10.112140436902724,-5.543653000000001,-205.19168570024428,-0.47699099999999994,-40.434548201094884
281,1.86731575,1.6813105,2.8448175,2.63879325,1.2290462500000001,1.37540275,12.0,2.0,regular_holdout,0.18600525,9.961103257443206,0.20602425000000002,7.242090221956243,-0.14635649999999978,-11.908136085196123
282,2.122375,4.1367065,2.99905575,5.09787,1.262462,1.5390705,145.0,20.0,regular_holdout,-2.0143315,-94.9093115024442,-2.09881425,-69.98250199250215,-0.27660850000000003,-21.91024363505595
283,1.93000875,1.9584995,2.764443,3.1620297500000003,1.33372475,1.359143,73.0,10.0,regular_holdout,-0.02849075000000001,-1.476197970605056,-0.3975867500000003,-14.382164870102235,-0.025418249999999976,-1.9058092758644523
284,1.79936725,1.6545424999999998,2.61720825,2.52588525,1.0938445,1.01473725,6.0,1.0,regular_holdout,0.14482475000000017,8.048648768060003,0.09132300000000004,3.4893287532621846,0.07910725000000007,7.23203800905888
285,2.0788817500000003,2.00471925,2.8985814999999997,2.83439925,1.445544,1.31976075,73.0,10.0,regular_holdout,0.07416250000000035,3.567422726184418,0.06418224999999955,2.214264115050743,0.12578325,8.701447344390763
286,7.10954,1.89918525,7.9897625,2.8298275,1.23325325,1.5229932499999999,108.0,15.0,regular_holdout,5.2103547500000005,73.28680547545974,5.159935000000001,64.5818320632184,-0.2897399999999999,-23.49395795226973
287,1.9307325,2.03480975,2.799524,3.10905725,1.25629,1.483291,61.0,12.0,regular_holdout,-0.10407725000000001,-5.390557728737669,-0.3095332500000003,-11.056638557126151,-0.227001,-18.069156006972914
288,2.5585347499999997,2.415275,7.9615265,3.30416475,1.56026975,1.4665905,111.0,16.0,regular_holdout,0.1432597499999999,5.599288811691923,4.65736175,58.498351415397536,0.0936792500000001,6.004041929288196
289,1.9411555,2.00443425,2.9683265,2.9679685,1.4676145,1.59167225,13.0,4.0,regular_holdout,-0.06327875000000005,-3.259849610193519,0.00035799999999985843,0.012060667854424318,-0.12405774999999997,-8.453020190247505
290,2.3286315,7.21484375,3.25207875,8.10670525,1.606267,1.17952875,74.0,10.0,regular_holdout,-4.88621225,-209.83192274088879,-4.854626499999999,-149.27764280000906,0.4267382499999999,26.56708069081914
291,2.13599025,2.11381725,3.0720537500000002,3.13192475,1.39586125,1.4063542500000001,8.0,4.0,regular_holdout,0.022173,1.038066536118318,-0.059870999999999786,-1.9488916819896065,-0.010493000000000086,-0.7517222789872622
292,1.947638,1.64086175,3.0469555,2.4815385,1.39418575,1.2046845,9.0,4.0,regular_holdout,0.30677625,15.75119452382835,0.5654170000000001,18.55678561764358,0.18950124999999995,13.592252682255573
293,1.98835725,2.17102125,2.8455785,3.33961575,1.41025275,1.603177,4.0,2.0,regular_holdout,-0.18266399999999994,-9.18667910406945,-0.4940372500000003,-17.361575159497455,-0.19292425000000013,-13.680118687944422
294,1.98518025,1.855361,2.9150335,2.96587025,1.5799345,1.190558,5.0,1.0,regular_holdout,0.12981924999999994,6.539418775700591,-0.05083675000000021,-1.7439507985071256,0.3893765,24.645103958423597
295,2.37761075,2.30059175,3.4984884999999997,3.22064325,1.55435075,7.66082325,39.0,7.0,regular_holdout,0.07701899999999995,3.23934437123486,0.2778452499999995,7.941865465614637,-6.1064725,-392.8632260125329
296,1.486238,1.44859325,2.2418855,2.1731439999999997,1.333529,1.2517455,2.0,1.0,regular_holdout,0.037644749999999894,2.532888406836583,0.06874150000000023,3.0662359875203364,0.08178350000000001,6.13286250242777
297,1.750658,2.05057875,2.468541,2.92829125,1.09799075,2.02124075,4.0,4.0,regular_holdout,-0.29992075000000007,-17.131886981923373,-0.4597502499999999,-18.624371643006935,-0.9232500000000001,-84.08540782333552
298,2.55223725,2.79943125,3.3308299999999997,4.0092715,1.68657325,1.50331075,73.0,10.0,regular_holdout,-0.2471939999999999,-9.685384852054797,-0.6784414999999999,-20.368541774872927,0.18326249999999988,10.86596742833434
299,4.03007525,2.084939,4.78104575,2.83374825,1.5313607500000002,1.648128,71.0,10.0,regular_holdout,1.9451362500000005,48.265506953002934,1.9472974999999995,40.729530772634824,-0.11676724999999988,-7.625064832045608
300,2.0567755,2.20519525,2.8165195,3.255521,1.4297645,1.6371212499999999,24.0,6.0,regular_holdout,-0.14841974999999996,-7.216137590125901,-0.4390014999999998,-15.58666645127079,-0.20735674999999976,-14.502860436106767
301,6.485854,2.08618475,7.224335999999999,2.920557,1.300767,1.5342052499999999,16.0,3.0,regular_holdout,4.39966925,67.83484873387529,4.303778999999999,59.573350408951065,-0.23343824999999985,-17.94620020341843
302,3.5427055000000003,2.33879475,4.51282525,3.11257975,1.3722105,1.48503875,71.0,10.0,regular_holdout,1.2039107500000004,33.98280636084485,1.4002454999999996,31.02813475881876,-0.11282824999999996,-8.222371859128025
303,1.93043225,1.8354905000000001,2.667041,2.6406035,1.4018225,1.4263047500000001,15.0,6.0,regular_holdout,0.09494174999999982,4.918160168532194,0.026437500000000114,0.991267100880718,-0.02448225000000015,-1.746458627964678
304,1.58827475,1.95874725,2.4526695,7.00817175,1.170255,1.298987,5.0,1.0,regular_holdout,-0.3704725,-23.325466831226773,-4.55550225,-185.73649038323347,-0.12873199999999985,-11.00033753327265
305,2.068103,4.30523875,2.92664875,5.15638625,1.7226905000000001,1.4119127500000002,14.0,6.0,regular_holdout,-2.23713575,-108.17332357237528,-2.2297374999999997,-76.18739693309625,0.31077774999999996,18.040254474033492
306,1.8873425,1.70712725,2.6723455,2.527117,2.2104295,1.2934337500000002,5.0,1.0,regular_holdout,0.18021524999999983,9.548624587217203,0.14522849999999998,5.434495651853399,0.9169957499999999,41.484958013815856
307,1.6344794999999999,1.782413,2.4087092500000002,2.503449,1.1437445,1.3765665,5.0,2.0,regular_holdout,-0.14793350000000016,-9.050801799594316,-0.09473974999999957,-3.9332165141973676,-0.23282200000000008,-20.356119745275286
308,1.782839,2.1586295,2.644918,2.93646825,1.24392875,1.22723825,13.0,4.0,regular_holdout,-0.3757904999999999,-21.078207286244016,-0.2915502499999998,-11.023035496752632,0.01669049999999994,1.3417569133280296
309,2.24358075,2.10671125,3.03237625,2.8635657500000002,1.29833825,1.5962592500000001,75.0,12.0,regular_holdout,0.13686949999999998,6.100493597121475,0.16881049999999975,5.566937809910618,-0.2979210000000001,-22.94633158963006
310,1.53915775,1.65264725,2.32629575,2.426973,1.17298675,1.04182325,7.0,1.0,regular_holdout,-0.11348950000000002,-7.373480723467106,-0.10067724999999994,-4.327792371197856,0.1311635,11.182010367977302
311,1.7686175,1.74854975,2.816973,2.7933195,1.41359525,1.3701675,13.0,2.0,regular_holdout,0.02006774999999994,1.1346574372355775,0.023653499999999994,0.8396779095859277,0.04342774999999999,3.0721488346823453
312,1.9428835,1.9408125,2.9367235,2.96713525,1.286,1.15059525,10.0,3.0,regular_holdout,0.002070999999999934,0.10659414216034745,-0.030411750000000293,-1.0355673593377208,0.13540474999999996,10.529140746500776
313,5.068175500000001,2.08769725,5.93448675,3.00160175,1.2898885,1.312828,38.0,6.0,regular_holdout,2.9804782500000004,58.807715912757956,2.9328849999999997,49.42103881182312,-0.022939500000000113,-1.7784095291957494
314,2.33017175,7.496395,3.17487925,8.4119815,1.43832775,1.2267055,33.0,5.0,regular_holdout,-5.16622325,-221.70997695770708,-5.2371022499999995,-164.95437582389943,0.21162225,14.713075653306417
315,1.723116,1.6203557499999999,7.086672999999999,2.485181,1.6442967499999999,1.29944,21.0,8.0,regular_holdout,0.10276025000000022,5.963629262336385,4.6014919999999995,64.9316258842478,0.34485674999999993,20.972902245291184
316,1.724663,1.78290875,2.48492675,2.5539472500000002,1.31610825,1.25645525,3.0,2.0,regular_holdout,-0.058245749999999985,-3.3772249998985298,-0.06902050000000015,-2.777566783407203,0.05965300000000018,4.532529903980176
317,2.29695925,2.4567579999999998,3.0621035,3.25968,1.58917325,1.12212725,34.0,9.0,regular_holdout,-0.15979874999999977,-6.956969306268701,-0.19757649999999982,-6.452312928024798,0.46704600000000007,29.38924374670918
318,2.109528,1.93736275,3.03474975,2.752055,1.39891275,1.5181135000000001,13.0,8.0,regular_holdout,0.17216525000000016,8.161316180681183,0.2826947500000001,9.315257378306073,-0.11920075000000008,-8.520956721568238
319,2.0090684999999997,1.79150225,2.74900225,2.62595875,1.356835,1.12393275,15.0,4.0,regular_holdout,0.21756624999999974,10.82921015385985,0.12304350000000008,4.475933040796895,0.23290224999999998,17.16511219123917
320,2.526013,2.3621925,8.660733500000001,3.4602805,1.505452,1.3423954999999999,17.0,4.0,regular_holdout,0.16382049999999992,6.485338753205148,5.200453000000001,60.0463344126684,0.16305650000000016,10.831066018710668
321,2.6182925,2.19439125,3.5696885,3.31097,1.8368277499999999,1.6693594999999999,4.0,1.0,regular_holdout,0.4239012500000001,16.189988322542273,0.25871849999999963,7.24764919964304,0.16746824999999999,9.11725391779387
322,1.6604812500000001,1.501851,2.456873,2.293231,1.32142125,1.24724375,3.0,2.0,regular_holdout,0.15863025000000008,9.553269571697967,0.16364199999999984,6.660580339317492,0.07417750000000001,5.613463534054716
323,1.8620889999999999,1.89582975,2.6177115,2.85970275,1.4890819999999998,1.37872,8.0,1.0,regular_holdout,-0.03374075000000021,-1.8119837451378644,-0.24199124999999988,-9.244381972574132,0.11036199999999985,7.41141186314789
324,1.8976825,1.539536,2.8273585,2.3108,1.36955625,1.47270525,3.0,1.0,regular_holdout,0.3581464999999999,18.87283568247059,0.5165584999999999,18.27000360937603,-0.10314899999999994,-7.531563599523564
325,1.686218,1.8807695,2.5307075,2.69324575,1.40442625,1.62670025,5.0,1.0,regular_holdout,-0.1945515,-11.53774304390061,-0.16253824999999988,-6.422640704229939,-0.22227400000000008,-15.82667655207955
326,2.00499975,1.94016675,2.75258575,2.72000625,1.40702525,1.22166,54.0,11.0,regular_holdout,0.06483300000000014,3.233566487975878,0.032579500000000206,1.183596187693706,0.18536525000000004,13.174266062389432
327,2.40616175,2.8428695,3.32758225,3.59626125,6.624453749999999,1.3098785,74.0,13.0,regular_holdout,-0.43670775000000006,-18.149559147467958,-0.2686790000000001,-8.074300793015714,5.314575249999999,80.22661868535198
328,1.650108,1.98351725,2.353081,2.69942475,1.4758547499999999,1.51075,4.0,2.0,regular_holdout,-0.3334092500000001,-20.20529868348012,-0.34634374999999995,-14.718734714189607,-0.034895250000000155,-2.364409505745749
329,2.6500327500000003,2.4579797500000002,8.225202,3.363069,1.28450525,1.8479925000000001,38.0,6.0,regular_holdout,0.19205300000000003,7.247193454495987,4.862133,59.11262726435169,-0.5634872500000001,-43.86803790798053
330,2.5794735,2.96182675,3.4129345,3.73242525,2.1076224999999997,1.39936375,114.0,15.0,regular_holdout,-0.38235325,-14.822918320347153,-0.31949074999999993,-9.361174379408686,0.7082587499999997,33.60463033584049
331,2.06674325,2.38525025,3.00522525,3.235581,1.55331675,1.47722925,73.0,11.0,regular_holdout,-0.3185069999999999,-15.411057953134716,-0.23035574999999975,-7.665174182866982,0.07608750000000009,4.898389204906216
332,2.10430625,2.21745125,8.181161,3.759721,1.4676375000000002,2.3046265,11.0,2.0,regular_holdout,-0.11314499999999983,-5.376831437914507,4.42144,54.044163169506135,-0.8369889999999998,-57.029682057047445
333,2.174554,2.3465385000000003,3.0876675,3.2241210000000002,1.755355,6.46432925,31.0,9.0,regular_holdout,-0.1719845000000002,-7.908955123671347,-0.13645350000000045,-4.4193068068372146,-4.70897425,-268.2633569847695
334,1.984456,1.84313525,2.84713325,2.63040575,1.5947642499999999,1.275484,3.0,2.0,regular_holdout,0.14132075,7.121384903469767,0.21672750000000018,7.612130552723522,0.3192802499999998,20.020529680170586
335,2.219337,2.30025375,3.11396175,3.25774175,1.36982125,6.31358575,36.0,6.0,regular_holdout,-0.08091675000000009,-3.645987517893862,-0.14378000000000002,-4.617269303323973,-4.9437644999999995,-360.9058116159316
336,2.3727022499999997,7.0575865,3.210861,7.9328725,1.7477405,1.29696625,3.0,1.0,regular_holdout,-4.6848842500000005,-197.4493112231002,-4.722011500000001,-147.0637159316458,0.4507742499999998,25.791829507870297
337,1.897362,2.1154595,2.7629012499999996,3.055829,1.4197297500000001,1.73481875,15.0,3.0,regular_holdout,-0.21809750000000006,-11.494775377603222,-0.2929277500000005,-10.60217950243428,-0.31508899999999995,-22.193590012465396
338,2.29314325,1.60629175,3.16249775,2.39204525,1.34368225,1.18750125,6.0,2.0,regular_holdout,0.6868515,29.952402668258948,0.7704525000000002,24.36215172010795,0.15618100000000013,11.623358126521364
339,3.17864475,3.11212475,4.175520000000001,4.0589135,1.97676,1.4702685,145.0,22.0,regular_holdout,0.06652000000000013,2.0927157713991202,0.1166065000000005,2.79262223627238,0.5064915000000001,25.622306198021008
340,1.6417682500000002,2.164479,2.45007075,2.991835,1.38374025,6.766055250000001,6.0,1.0,regular_holdout,-0.5227107499999999,-31.838278636464057,-0.54176425,-22.112187984775538,-5.382315000000001,-388.9685943586595
341,2.7744235,2.2649255,3.77746825,3.29581675,1.51472825,6.425473,72.0,12.0,regular_holdout,0.5094980000000002,18.364103389406853,0.4816514999999999,12.75064323836474,-4.91074475,-324.199720312868
342,1.97609375,1.971021,2.8426792499999998,2.9211252500000002,1.3191825,3.25820775,6.0,2.0,regular_holdout,0.00507275000000007,0.2567059381671578,-0.07844600000000046,-2.7595797169167247,-1.93902525,-146.98688392242923
343,1.9748695,1.9582792500000001,2.797704,2.8971345,1.358134,1.490374,9.0,2.0,regular_holdout,0.016590249999999918,0.8400681665294804,-0.09943049999999998,-3.55400356864057,-0.13224000000000014,-9.736888996225714
344,2.0848685,6.975307000000001,3.03490025,7.88647975,1.4073060000000002,1.2506887500000001,22.0,5.0,regular_holdout,-4.890438500000001,-234.56819938523708,-4.8515795,-159.85960329338664,0.15661725000000004,11.128869627501057
345,1.97745825,2.320302,2.8402907500000003,6.1653095,1.5426479999999998,1.93020175,39.0,5.0,regular_holdout,-0.3428437499999999,-17.337597393017017,-3.32501875,-117.06614014779998,-0.38755375000000014,-25.122630049110374
346,1.9634245,1.74765075,7.62918825,2.5744885,1.26537875,1.67682075,7.0,1.0,regular_holdout,0.21577374999999988,10.989663722745636,5.05469975,66.25475193904148,-0.4114420000000001,-32.51532396920686
347,2.4770215,2.5658380000000003,3.3863079999999997,3.35922275,1.22827,1.29054975,18.0,2.0,regular_holdout,-0.08881650000000008,-3.5856168386104064,0.02708524999999984,0.7998460270004926,-0.06227975000000008,-5.070526024408321
348,2.419752,2.515567,3.2290912499999997,3.35135125,1.6318124999999999,1.34469125,61.0,10.0,regular_holdout,-0.09581499999999998,-3.9597033084382196,-0.12226000000000026,-3.7862045552289754,0.28712125,17.595235359454595
349,2.1131735000000003,2.0380625,2.96929825,2.99199275,7.133844,1.6121732500000001,9.0,4.0,regular_holdout,0.07511100000000015,3.5544170888003346,-0.022694500000000062,-0.7643051687381037,5.52167075,77.40105825134388
350,2.123677,2.3654925,2.93474875,3.393435,1.41010275,6.7391950000000005,7.0,3.0,regular_holdout,-0.2418155000000004,-11.38664213060651,-0.4586862500000004,-15.629489577259395,-5.32909225,-377.92226488459795
351,2.0270157500000003,2.0746677499999997,2.790941,3.0252602499999997,1.5720574999999999,1.41027025,16.0,9.0,regular_holdout,-0.04765199999999936,-2.350845078534755,-0.23431924999999953,-8.395707755914565,0.16178724999999994,10.291433360420973
352,2.151096,2.10744725,3.7181509999999998,2.90135525,1.4245195000000002,1.569814,21.0,6.0,regular_holdout,0.043648750000000014,2.02914002908285,0.8167957499999998,21.967793938438753,-0.14529449999999988,-10.19954447798011
353,1.8913725,2.0775495,2.78450325,2.8463955,1.45626725,1.425899,11.0,2.0,regular_holdout,-0.18617700000000004,-9.843486674359495,-0.06189224999999965,-2.2227393701192355,0.030368249999999986,2.0853486885734736
354,1.9789605,2.08670725,2.79567075,2.95396025,1.3450597499999999,1.38154425,29.0,11.0,regular_holdout,-0.10774675,-5.444613472578155,-0.15828949999999997,-5.661950714332149,-0.03648450000000003,-2.7124817317595022
355,7.52191125,3.71902475,8.4203875,9.87837575,1.67209875,7.170815,115.0,16.0,regular_holdout,3.8028864999999996,50.55744974390651,-1.4579882499999997,-17.3149780814719,-5.49871625,-328.8511668344947
356,1.9918452500000001,2.1175825,2.7469345,2.943462,1.43158725,1.4257815,22.0,6.0,regular_holdout,-0.12573725000000002,-6.312601342900511,-0.19652749999999974,-7.154429783454966,0.005805749999999943,0.40554636121549303
357,2.83148,3.3141845,3.747378,4.17639925,1.73428275,1.51655125,146.0,21.0,regular_holdout,-0.4827045000000001,-17.04778066594149,-0.42902125000000035,-11.448571507864974,0.21773149999999997,12.554556054945479
358,7.73779525,2.3058325,8.648229749999999,3.147062,1.4681655,1.425281,53.0,9.0,regular_holdout,5.431962749999999,70.20039396881171,5.501167749999999,63.610333085797116,0.04288449999999999,2.9209581617331284
359,1.7703745,2.0974145,2.813988,2.9006195,1.3425905,1.32674175,7.0,2.0,regular_holdout,-0.3270400000000002,-18.4729276206814,-0.08663149999999975,-3.0786023252408947,0.015848749999999967,1.18046046057975
360,2.14511675,2.07255225,2.97759325,2.9727935,1.708504,1.61137475,39.0,7.0,maintenance_burst,0.07256449999999992,3.382776252155036,0.0047997500000001025,0.16119562334446125,0.09712925000000006,5.685046684116634
361,1.97584325,2.026655,2.81173,2.82768425,1.6816785,1.35621375,46.0,10.0,maintenance_burst,-0.05081174999999982,-2.571648839046307,-0.01595425000000006,-0.5674175685432121,0.3254647500000001,19.353565500183304
362,2.56469625,2.03641,7.69226125,2.92697675,1.5293952499999999,1.5084085,35.0,6.0,maintenance_burst,0.5282862499999998,20.598394449245205,4.7652845,61.94907251752533,0.020986749999999832,1.3722253943184297
363,2.155635,2.01336,3.133399,2.79564325,1.45107975,4.31588775,10.0,2.0,maintenance_burst,0.14227500000000015,6.600143345232386,0.3377557499999999,10.779212925005718,-2.864808,-197.42595126146583
364,2.38898575,2.2245475,3.941892,3.2092885,1.40947675,6.280947,12.0,2.0,maintenance_burst,0.1644382499999999,6.883182538866124,0.7326035000000002,18.58507285334048,-4.87147025,-345.6226042749552
365,3.11787275,2.57561075,4.1695885,3.371807,1.645689,1.4139110000000001,105.0,15.0,maintenance_burst,0.542262,17.392050397181862,0.7977814999999997,19.13333893740353,0.23177799999999982,14.083949032897458
366,2.2725265,1.89308325,3.3025975,6.5760885,1.50469575,1.4160667500000002,13.0,3.0,maintenance_burst,0.37944325,16.696978011037494,-3.273491,-99.11867855528868,0.08862899999999985,5.890160851454512
367,2.1913894999999997,2.035546,3.00855775,2.95625625,2.009564,1.36821175,102.0,12.0,maintenance_burst,0.15584349999999958,7.111629402258229,0.0523015,1.7384243330546008,0.6413522500000002,31.91499499393899
368,1.9656004999999999,9.883307499999999,2.8057835,10.942312000000001,1.59556275,1.51173375,78.0,14.0,maintenance_burst,-7.917706999999999,-402.8136439729233,-8.1365285,-289.9913161510858,0.08382899999999993,5.253882995200278
369,1.911343,1.87668825,7.79633975,2.72936025,1.52060225,1.3358955000000001,37.0,6.0,maintenance_burst,0.03465475000000007,1.813109944159686,5.0669794999999995,64.99177386413925,0.18470674999999992,12.146947040226983
370,3.21586575,5.4373362499999995,4.15466825,6.355517,1.609577,1.534178,73.0,10.0,maintenance_burst,-2.2214704999999997,-69.07845888778162,-2.2008487499999996,-52.97291185644003,0.075399,4.684398447542429
371,2.0037985000000003,2.89610275,2.8991525,3.8628549999999997,1.67729925,1.2778875,73.0,10.0,maintenance_burst,-0.8923042499999996,-44.53063768637413,-0.9637024999999997,-33.240835037135845,0.39941174999999984,23.812790114822974
372,1.706113,1.94214475,2.47615775,2.88395425,1.2436085000000001,1.27161825,6.0,1.0,maintenance_burst,-0.23603174999999998,-13.834473449296736,-0.4077964999999999,-16.468922466672403,-0.028009749999999833,-2.2522964421680802
373,2.0143565,5.07686825,3.0140485,6.1089945000000005,1.64263925,1.5480615000000002,10.0,2.0,maintenance_burst,-3.0625117500000005,-152.03424766172228,-3.0949460000000006,-102.68401454057559,0.0945777499999998,5.757670164036309
374,2.2295995,1.84817275,3.16225,2.6711825,1.200393,1.538389,20.0,10.0,maintenance_burst,0.3814267499999999,17.10741099466518,0.49106749999999977,15.52905368013281,-0.33799599999999996,-28.157111879192897
375,3.6926674999999998,4.791945,4.6169405,5.69877125,1.659983,1.57959375,57.0,10.0,maintenance_burst,-1.0992775000000004,-29.769198012006235,-1.08183075,-23.43176720601013,0.08038925000000008,4.8427754983033005
376,2.45910925,2.4168515,3.412556,3.2896277499999997,1.831843,1.6245017499999999,101.0,12.0,maintenance_burst,0.042257750000000094,1.7184169430455396,0.12292825000000018,3.602233926710659,0.20734125000000025,11.31872382076413
377,1.8679952499999999,2.09414475,2.8522015,3.0464052500000003,1.30367675,1.384609,6.0,1.0,maintenance_burst,-0.2261495,-12.106535067474075,-0.19420375000000023,-6.808907084580111,-0.08093225000000004,-6.207999797495817
378,4.89311275,1.9451947499999998,5.7858855,2.76173175,1.46052675,1.38247575,12.0,3.0,maintenance_burst,2.9479180000000005,60.24627166010021,3.02415375,52.26777733503368,0.07805100000000009,5.344030843666512
379,2.04420425,4.508454,2.85255925,5.98043775,1.7686675,1.23701825,7.0,3.0,maintenance_burst,-2.4642497500000005,-120.54811792901813,-3.1278785,-109.65165754225788,0.5316492500000001,30.05931018690625
380,2.12075225,1.7662812499999998,3.06590975,2.6683529999999998,1.240967,1.46785,21.0,3.0,maintenance_burst,0.354471,16.714399336367556,0.3975567500000001,12.967007590487624,-0.22688300000000017,-18.282758526213847
381,2.5782265,7.515728999999999,3.685539,8.610478,2.08861625,1.70591,115.0,16.0,maintenance_burst,-4.937502499999999,-191.5077088843823,-4.924939,-133.62873110283192,0.3827062499999998,18.323435432430436
382,1.71851925,1.9049485,2.727923,2.87028075,1.14087275,1.27939,11.0,3.0,maintenance_burst,-0.18642925,-10.848249154031878,-0.14235774999999995,-5.21853989280489,-0.13851725000000004,-12.141340916416842
383,4.5200865,1.795032,5.44623975,2.71968325,1.390313,1.24508325,13.0,3.0,maintenance_burst,2.7250544999999997,60.28766263654468,2.7265565,50.06310087615955,0.14522974999999994,10.445831262456723
384,1.727748,2.02609925,2.6023235,2.97996925,1.13606825,1.4149025,16.0,4.0,maintenance_burst,-0.29835125000000007,-17.268215619407464,-0.3776457500000001,-14.511867951851494,-0.27883425000000006,-24.54379391378996
385,1.8520287500000001,6.4860995,2.754621,12.276210749999999,1.7756984999999998,1.238313,23.0,6.0,maintenance_burst,-4.634070749999999,-250.21591862437336,-9.521589749999999,-345.65879480335036,0.5373854999999998,30.263330176828998
386,1.60673275,1.63755425,2.56085925,2.54268525,1.0385855,1.2085505,7.0,1.0,maintenance_burst,-0.030821500000000057,-1.918271722537557,0.018174000000000134,0.7096836735560588,-0.16996500000000014,-16.36504649833838
387,3.42675025,1.396705,4.29884375,2.18302925,1.70225975,1.19256625,3.0,1.0,maintenance_burst,2.0300452499999997,59.24112065068062,2.1158144999999995,49.21822292331513,0.5096935,29.942169519076042
388,1.57449125,2.174028,2.3779209999999997,3.0698105,1.258536,1.2505362500000001,3.0,2.0,maintenance_burst,-0.59953675,-38.07812523569121,-0.6918895000000003,-29.096403959593292,0.007999749999999972,0.6356393460338021
389,1.77025225,1.642474,2.525607,2.53382725,1.3276355,1.78063075,5.0,2.0,maintenance_burst,0.12777824999999998,7.218081490928764,-0.008220249999999929,-0.3254762122531308,-0.45299525000000007,-34.1204532418725
390,1.784121,1.96991425,2.5484572500000002,2.9027677499999998,1.3751522500000002,7.0094864999999995,4.0,1.0,maintenance_burst,-0.1857932499999999,-10.413713531761573,-0.35431049999999953,-13.902940690882671,-5.634334249999999,-409.7243959714278
391,1.9089825,2.2763505,2.7450595,3.16898525,1.52367675,1.21348775,36.0,6.0,maintenance_burst,-0.3673679999999999,-19.244178508708167,-0.42392575,-15.443226276151757,0.3101889999999998,20.357926968433418
392,2.0338085,2.39925625,2.83199325,3.1747195,1.49385675,1.559844,75.0,12.0,maintenance_burst,-0.36544774999999996,-17.968641098707174,-0.3427262500000001,-12.101944452021561,-0.06598725000000005,-4.4172408097362785
393,1.9912017499999999,1.92438775,2.86576425,7.3633185,1.749271,1.21845025,18.0,4.0,maintenance_burst,0.06681399999999993,3.3554610927797714,-4.49755425,-156.94083175194893,0.53082075,30.345255252044993
394,1.71547425,1.57205775,2.45479525,2.3935045,1.42520025,1.2927605,3.0,2.0,maintenance_burst,0.14341650000000006,8.360166292207538,0.06129074999999995,2.4967764623139117,0.13243975000000008,9.292711673324508
395,1.62181025,1.6335655,7.718666000000001,2.452842,1.177851,3.58726025,5.0,2.0,maintenance_burst,-0.011755249999999995,-0.7248227713445512,5.265824,68.22194405095388,-2.40940925,-204.559766048507
396,1.8836285,1.6729829999999999,2.6905915,2.429387,1.28610975,1.12403225,8.0,2.0,maintenance_burst,0.21064550000000004,11.182964156679517,0.26120449999999984,9.70806976830187,0.1620775000000001,12.602151565991946
397,1.8727425,5.38856,2.60376325,6.12425975,1.4977805,1.20588875,3.0,1.0,maintenance_burst,-3.5158175,-187.7363011732793,-3.5204965,-135.2080109433913,0.29189175,19.48828616743241
398,2.560758,2.33275275,3.5270894999999998,3.1064807500000002,1.4413702499999999,1.63512275,160.0,24.0,maintenance_burst,0.22800524999999983,8.903818713052926,0.42060874999999953,11.925094330608836,-0.19375250000000022,-13.44224358730869
399,2.344681,1.8395745,3.32901975,2.84508,1.52780575,1.4469910000000001,20.0,6.0,maintenance_burst,0.5051065000000001,21.542653350285182,0.4839397500000002,14.537004474064783,0.08081474999999982,5.289595879580885
400,3.5390852500000003,3.0772045,4.4060559999999995,3.9728417499999997,1.538459,1.8485335,107.0,14.0,maintenance_burst,0.4618807500000002,13.050851205124266,0.4332142499999998,9.8322456636956,-0.31007450000000003,-20.154875755545
401,3.3599565,2.04940675,4.35121125,2.8328445,10.071993249999998,1.633477,71.0,10.0,maintenance_burst,1.3105497499999998,39.004961820190225,1.5183667500000002,34.89526623190267,8.43851625,83.7819887339579
402,1.703687,1.8478672500000002,2.58722325,2.72167125,1.394947,1.5053239999999999,15.0,6.0,maintenance_burst,-0.14418025000000023,-8.462836776943197,-0.1344479999999999,-5.196613782749513,-0.11037699999999995,-7.912630372336722
403,1.7038345,2.29957,2.53250525,3.2067125,1.3629415,1.37643175,18.0,3.0,maintenance_burst,-0.5957355000000002,-34.96439941790122,-0.6742072500000003,-26.622146192984214,-0.013490250000000037,-0.9897893636667485
404,1.5162452499999999,1.78246325,2.2871345,2.56361475,1.38969925,1.4939722500000001,3.0,1.0,maintenance_burst,-0.26621800000000007,-17.557713700999233,-0.2764802500000001,-12.08849982368768,-0.10427300000000006,-7.503278137337992
405,4.4186464999999995,2.4355865000000003,5.52038925,3.254187,1.72916775,1.74494675,104.0,13.0,maintenance_burst,1.9830599999999992,44.87935389264562,2.26620225,41.051493787326685,-0.015778999999999987,-0.9125199102284892
406,1.87922225,2.29886725,2.7736605,3.22311975,1.3850295,1.7924434999999999,34.0,7.0,maintenance_burst,-0.4196449999999998,-22.33078072590934,-0.44945924999999987,-16.204551710636537,-0.40741399999999994,-29.41554674467222
407,2.34271275,2.512943,3.1677885,3.3455399999999997,1.7885155,1.59749125,111.0,15.0,maintenance_burst,-0.17023024999999992,-7.266373139429915,-0.17775149999999984,-5.61121741555662,0.1910242499999999,10.68060355082189
408,1.8624519999999998,1.82847775,2.7087820000000002,2.5687535,3.13424025,1.3287947500000001,14.0,1.0,maintenance_burst,0.03397424999999976,1.8241678174793103,0.1400285000000001,5.169426701742705,1.8054454999999998,57.60392809708828
409,2.20374775,1.85579425,3.0385305000000002,2.847136,2.0211465,1.29193125,37.0,7.0,maintenance_burst,0.3479534999999998,15.7891709702256,0.19139450000000036,6.298916532185553,0.72921525,36.07928717685729
410,1.9103244999999998,1.94340925,2.8280525,2.911641,1.2745275,1.5419520000000002,37.0,6.0,maintenance_burst,-0.03308475000000022,-1.7318916236482451,-0.08358849999999984,-2.955691239819623,-0.2674245000000002,-20.982246361887068
411,1.9291477499999998,1.838563,2.87401175,2.73895,1.529318,1.3489452499999999,23.0,9.0,maintenance_burst,0.09058474999999988,4.695583840066158,0.1350617500000002,4.699415372953858,0.18037275000000008,11.794325967522784
412,1.76813175,1.77162425,2.611377,2.746987,1.302197,1.37775125,14.0,6.0,maintenance_burst,-0.0034924999999998985,-0.1975248733585548,-0.1356099999999998,-5.193045661350306,-0.07555424999999993,-5.8020599033786695
413,2.0764579999999997,2.02714125,3.156658,7.7754145,1.445927,1.2162122499999999,8.0,2.0,maintenance_burst,0.049316749999999576,2.3750420186683083,-4.6187565,-146.31792547688093,0.22971475000000008,15.887022650521091
414,6.8119802499999995,2.012947,8.556299749999999,2.85737175,1.47076425,1.5051615,15.0,4.0,maintenance_burst,4.799033249999999,70.4498996455546,5.698927999999999,66.60505319486965,-0.034397250000000046,-2.3387330770380124
415,2.02599675,2.15241025,2.93434575,2.87039825,1.76006175,1.7208425,41.0,7.0,maintenance_burst,-0.12641349999999996,-6.239570719943156,0.06394749999999982,2.179276249228634,0.03921924999999993,2.2282882972713844
416,1.774619,1.8216975,5.37755575,2.6639885,1.35333425,1.319223,4.0,1.0,maintenance_burst,-0.04707850000000002,-2.652879294090733,2.71356725,50.46097848450943,0.03411125000000004,2.520534007027461
417,2.606084,1.7059677500000001,3.49446025,2.5514785,1.50385225,1.40286175,1.0,1.0,maintenance_burst,0.90011625,34.539034428667684,0.94298175,26.985047261590687,0.10099049999999998,6.715453595923401
418,2.3482564999999997,2.14509175,3.5235365,3.08383925,7.134558,1.6005155,58.0,10.0,maintenance_burst,0.20316474999999956,8.651727356019224,0.43969725000000004,12.478861791271356,5.5340425,77.56671821856379
419,1.91298325,1.9775335,2.9826075000000003,2.81502975,6.360009,1.4607792499999999,9.0,1.0,maintenance_burst,-0.06455025000000014,-3.374323847320678,0.1675777500000004,5.618498243567093,4.89922975,77.03180530090445
420,2.1191625,2.1776785,2.93143125,3.12258275,1.36814675,1.6814355,74.0,11.0,maintenance_burst,-0.05851600000000001,-2.761279514902704,-0.1911514999999997,-6.520756712271512,-0.3132887500000001,-22.89876798669442
421,1.890807,1.8048395,2.62106125,2.6315625,1.3888604999999998,1.37877775,7.0,2.0,maintenance_burst,0.08596749999999997,4.54660364595646,-0.010501249999999906,-0.40064878300726114,0.010082749999999807,0.725972838884813
422,2.003485,2.27967025,2.934333,3.3107397499999998,1.166254,1.41145225,7.0,3.0,maintenance_burst,-0.27618525000000016,-13.78524171630934,-0.3764067499999997,-12.827676681549082,-0.24519825000000006,-21.02442949820537
423,1.7973235,1.6309642500000001,5.33766225,2.3816819999999996,1.384351,1.182433,3.0,2.0,maintenance_burst,0.16635924999999996,9.255943629513549,2.9559802500000005,55.379679559155335,0.20191800000000004,14.585751734928499
424,1.913659,7.517539500000001,2.84337275,9.3543615,1.4182472499999998,1.37956425,83.0,17.0,maintenance_burst,-5.603880500000001,-292.83589709556406,-6.510988749999999,-228.98822358060508,0.0386829999999998,2.7275215939956734
425,2.34938075,2.442239,7.20777625,3.4576595,1.9696315000000002,1.7594985,103.0,14.0,maintenance_burst,-0.09285824999999992,-3.9524564079279156,3.75011675,52.02876199160594,0.21013300000000013,10.668645378589858
426,2.43716525,2.240158,3.31965525,3.08118475,1.5906384999999998,1.3991315,104.0,13.0,maintenance_burst,0.19700724999999997,8.083458846296942,0.23847050000000003,7.183592332366442,0.19150699999999987,12.039630626317663
427,2.02800225,2.24665525,2.9651317500000003,3.19279925,1.6321385,1.741409,18.0,2.0,maintenance_burst,-0.21865299999999976,-10.78169415245963,-0.2276674999999999,-7.678157977297295,-0.10927050000000005,-6.694928157138628
428,2.248438,2.20038525,5.7566665,3.26262875,6.89774975,1.8741745,104.0,15.0,maintenance_burst,0.04805275000000009,2.137161442743811,2.4940377499999995,43.32433970249969,5.02357525,72.82918969334891
429,2.30786275,2.3266465,3.1881945,3.2210375,1.6853185,1.5008675,51.0,8.0,maintenance_burst,-0.018783749999999877,-0.8139023865262298,-0.03284300000000018,-1.030144177213786,0.18445099999999992,10.944578131670657
430,1.8130845,3.8542769999999997,2.6520460000000003,5.3291397499999995,1.54891125,1.2520885,21.0,3.0,maintenance_burst,-2.0411924999999997,-112.58121174164799,-2.677093749999999,-100.94446891192682,0.29682275,19.16331552243552
431,2.9558280000000003,2.2939655,3.9127755,3.05838775,1.4277615,1.33806625,20.0,3.0,maintenance_burst,0.6618625000000002,22.391779900589622,0.8543877499999999,21.835849002836987,0.0896952499999999,6.282229209850518
432,1.66855625,1.73702475,2.501874,2.5920655,1.33834375,1.3182390000000002,9.0,1.0,maintenance_burst,-0.06846850000000004,-4.1034577048271546,-0.09019149999999998,-3.604957723690321,0.020104749999999783,1.502211221892715
433,1.8068,1.7000565,2.6486735,2.41354275,1.50854425,1.274743,3.0,1.0,maintenance_burst,0.10674349999999988,5.907875802523792,0.23513075000000017,8.87730216653733,0.23380124999999996,15.498468142382961
434,2.53251025,2.438821,3.73421275,3.33187425,1.6961555,1.831918,116.0,18.0,maintenance_burst,0.09368925000000017,3.699461828436831,0.4023385000000004,10.774386113913847,-0.1357625,-8.004130517514463
435,2.19870325,2.22100175,3.19156475,3.16908525,1.5734997499999999,1.528261,39.0,11.0,maintenance_burst,-0.02229850000000022,-1.0141659635059994,0.022479499999999764,0.7043410289576536,0.04523874999999977,2.8750401771592133
436,5.10629825,5.064188,6.011239,5.9484115,1.6795475,1.93680925,54.0,9.0,maintenance_burst,0.04211025000000035,0.8246727460543526,0.06282750000000004,1.04516722758819,-0.25726175000000007,-15.317325053325378
437,2.044214,1.92151075,2.816397,2.77515475,1.53082775,1.33005425,9.0,2.0,maintenance_burst,0.12270325000000026,6.0024659844810895,0.041242249999999814,1.4643620909978181,0.20077349999999994,13.115355401677292
438,1.85949475,1.9502822499999999,2.625864,2.80333475,1.11202425,1.3503824999999998,9.0,2.0,maintenance_burst,-0.0907874999999998,-4.882374634292449,-0.1774707499999999,-6.758565942485974,-0.23835824999999988,-21.434626987675845
439,1.9384514999999998,1.852815,2.79562775,2.61317975,1.5292605,1.4072182500000001,12.0,3.0,maintenance_burst,0.08563649999999967,4.417778830164163,0.18244799999999994,6.526190763416193,0.1220422499999998,7.980474876582492
440,1.994892,1.83756925,3.0671489999999997,3.6005979999999997,1.87445475,1.61428125,72.0,10.0,maintenance_burst,0.15732275000000007,7.886279056710842,-0.5334490000000001,-17.392340574259684,0.26017350000000006,13.879956291289512
441,2.3871315,6.3843385,3.2202807499999997,7.31525775,1.529826,1.5161305,1.0,1.0,maintenance_burst,-3.997207,-167.4481275958195,-4.094977,-127.1621115643411,0.01369549999999986,0.8952325297125203
442,4.59648275,5.8259335000000005,5.5049925,7.242713999999999,2.1693237499999998,1.88311825,114.0,17.0,maintenance_burst,-1.2294507500000007,-26.747641987778607,-1.7377214999999993,-31.566282787851193,0.28620549999999967,13.193305056472077
443,1.978968,1.8090712500000001,3.1994085,2.68383925,1.8916672499999998,1.5944989999999999,12.0,2.0,maintenance_burst,0.16989674999999993,8.58511860727409,0.51556925,16.114517730386726,0.2971682499999999,15.709329957475342
444,2.546038,1.78556025,3.3737197500000002,2.70914225,1.303003,1.7503297500000001,12.0,7.0,maintenance_burst,0.7604777499999997,29.86906519070021,0.6645775,19.698657542613017,-0.4473267500000002,-34.33044666819649
445,8.45113625,2.4644719999999998,9.511349,3.4952925,1.55457825,2.3831715,32.0,3.0,maintenance_burst,5.98666425,70.83857215057917,6.0160564999999995,63.25134846802489,-0.82859325,-53.300195728326955
446,1.9173925,1.87298275,2.80183,2.76761575,1.50460825,1.67273475,20.0,8.0,maintenance_burst,0.044409750000000026,2.31615331759147,0.03421424999999978,1.2211393981790395,-0.16812650000000007,-11.174104621585057
447,1.8909875,2.06627225,2.77361,3.0338772499999997,1.60415325,1.6335155,3.0,2.0,maintenance_burst,-0.17528474999999988,-9.269482214980261,-0.2602672499999996,-9.383700303936012,-0.029362249999999923,-1.8303893346848203
448,2.55051975,3.237519,3.5153125,4.6417987499999995,1.6579275,1.6071555000000002,9.0,1.0,maintenance_burst,-0.68699925,-26.93565693815937,-1.1264862499999997,-32.04512401102319,0.05077199999999982,3.062377576824066
449,2.2002852500000003,7.7692380000000005,4.056414500000001,8.8327985,1.53815375,1.34643125,72.0,10.0,maintenance_burst,-5.56895275,-253.10139901178718,-4.776384,-117.74891348011894,0.19172250000000002,12.464456170262565
450,1.85729375,1.8527695,2.80236325,2.83357825,1.19066575,1.34639625,5.0,1.0,maintenance_burst,0.004524250000000007,0.24359366955281078,-0.031214999999999993,-1.113881292869509,-0.1557305,-13.07927938634331
451,2.45942225,2.5518065,3.36911525,3.59694225,1.69395975,1.43799725,26.0,3.0,maintenance_burst,-0.09238425000000028,-3.756339522422402,-0.227827,-6.762220437546622,0.2559625000000001,15.11030589717377
452,2.1368769999999997,1.8812579999999999,3.0951285,2.8125315,1.77503675,1.710492,38.0,6.0,maintenance_burst,0.2556189999999998,11.962270172780176,0.282597,9.130380208770006,0.06454475000000004,3.6362486579503237
453,1.99866025,1.99203525,3.00985725,2.92388225,1.68655325,2.759529,1.0,1.0,maintenance_burst,0.006624999999999881,0.3314720448360286,0.08597499999999991,2.8564477601055636,-1.0729757500000001,-63.61944101083082
454,2.18934125,2.09929775,3.13408725,2.9612625,1.72160125,1.64251175,16.0,3.0,maintenance_burst,0.09004350000000017,4.112812472701556,0.17282474999999975,5.5143566918885165,0.07908950000000003,4.593949963732893
455,1.7804275,1.7398185,2.49245975,2.541026,1.3469795,1.20129675,3.0,2.0,maintenance_burst,0.04060900000000012,2.2808567043589316,-0.04856624999999992,-1.9485269521403472,0.14568274999999997,10.815513524890317
456,1.6431200000000001,1.94936875,2.4493065,2.805756,1.39425125,1.3690855,5.0,1.0,maintenance_burst,-0.30624874999999996,-18.638246141486924,-0.3564495000000001,-14.55307859592093,0.025165749999999987,1.8049652098213997
457,2.5076,2.2063764999999997,3.722566,3.20441925,1.4746899999999998,1.588475,21.0,9.0,maintenance_burst,0.3012235000000003,12.012422236401353,0.5181467500000001,13.919074906932478,-0.11378500000000025,-7.715858926282829
458,1.86012575,2.4503459999999997,2.815721,3.55311975,1.4347675,1.73298375,37.0,6.0,maintenance_burst,-0.5902202499999998,-31.73012631000887,-0.7373987500000001,-26.18862983939105,-0.29821625000000007,-20.784987811614084
459,2.2206107499999996,2.2953514999999998,3.0924709999999997,3.14412,1.58483925,1.47168825,6.0,2.0,maintenance_burst,-0.07474075000000013,-3.3657744834388534,-0.05164900000000028,-1.6701530911688511,0.113151,7.139588447219491
460,2.01952175,1.8520835,3.095136,2.84980975,1.40724825,1.4630175,11.0,2.0,maintenance_burst,0.16743825,8.290985229547541,0.2453262500000002,7.926186442211268,-0.05576924999999999,-3.9630001316398857
461,31.570355,2.008816,32.56818325,7.52241225,1.507973,1.56718775,6.0,2.0,maintenance_burst,29.561539,93.63701801896114,25.045770999999995,76.90257331133138,-0.05921474999999998,-3.9267778667124666
462,5.2907495,1.8613025,6.368496749999999,2.827857,1.78524725,1.551772,20.0,2.0,maintenance_burst,3.4294470000000006,64.81968197511526,3.5406397499999995,55.59616168446659,0.23347525000000013,13.0780344291246
463,2.41702025,2.16892275,8.73877775,3.1071555,1.6468335,1.59999975,8.0,2.0,maintenance_burst,0.24809750000000008,10.264601630871734,5.63162225,64.44404939809803,0.04683375000000001,2.8438667296967184
464,2.4621765,2.3276174999999997,3.34974375,3.17093825,1.824045,1.62785225,106.0,16.0,maintenance_burst,0.13455900000000032,5.4650428188231155,0.17880550000000017,5.337885920378243,0.19619275000000003,10.755916109525808
465,1.9312505,1.70060975,2.8991875,2.581046,1.41130975,1.51415525,9.0,3.0,maintenance_burst,0.23064075000000006,11.942560014871196,0.31814149999999985,10.973471015586258,-0.10284549999999992,-7.28723797167843
466,2.0516627499999998,2.4905745,2.895772,3.4111787500000004,1.37214275,1.647206,74.0,11.0,maintenance_burst,-0.4389117500000004,-21.392977476439558,-0.5154067500000004,-17.798595676731466,-0.27506324999999987,-20.0462561202178
467,2.30518375,6.366008000000001,3.2861045,7.392057,1.76949375,1.259825,19.0,2.0,maintenance_burst,-4.060824250000001,-176.16054468542916,-4.105952500000001,-124.94893269523233,0.5096687500000001,28.803082802637764
468,1.75187225,1.769391,2.7574365,2.7720225,1.5201415,5.93072,20.0,3.0,maintenance_burst,-0.017518750000000027,-1.0000015697491658,-0.014585999999999988,-0.5289695701061471,-4.4105785,-290.1426281698118
469,2.511476,7.2534375,3.41560825,8.14481825,1.938384,1.472312,106.0,16.0,maintenance_burst,-4.7419615,-188.81173859515283,-4.72921,-138.4587942718548,0.46607200000000004,24.044358599740818
470,2.2182825,2.1464985,3.1939905,3.07985525,1.58289375,1.6136279999999998,32.0,5.0,maintenance_burst,0.07178400000000007,3.236017053734142,0.11413524999999991,3.57343736620381,-0.030734249999999852,-1.9416495895570913
471,3.26022525,2.237424,4.38466575,3.20027,1.42999025,1.74442075,104.0,14.0,maintenance_burst,1.02280125,31.37210381399261,1.1843957499999997,27.01222436396662,-0.31443050000000006,-21.988296773352133
472,2.08559175,1.94666425,3.090917,3.0136227499999997,1.61614775,1.95815175,3.0,2.0,maintenance_burst,0.13892749999999987,6.661298885556096,0.07729425000000045,2.500689924705207,-0.342004,-21.16167906059331
473,2.01622925,2.34388475,3.027764,3.28228425,1.4534605,1.46036125,11.0,2.0,maintenance_burst,-0.3276555000000001,-16.250905000014267,-0.2545202500000001,-8.40621164661447,-0.006900750000000011,-0.4747807043947882
474,1.5867645000000001,1.7948445,2.666578,2.744676,1.3561684999999999,1.40487,4.0,1.0,maintenance_burst,-0.20807999999999982,-13.113477141693037,-0.07809800000000022,-2.9287723816816995,-0.048701500000000175,-3.5911098067828724
475,1.9790477499999999,2.13859925,2.83086375,2.9600095,1.69741725,1.42403375,32.0,4.0,maintenance_burst,-0.15955150000000007,-8.062033874624808,-0.12914575000000017,-4.562061667574081,0.2733835,16.105851404538278
476,1.9907962499999998,2.27847125,3.10136825,3.3853187499999997,1.5752295,1.625894,14.0,6.0,maintenance_burst,-0.2876750000000001,-14.450248236101517,-0.28395049999999955,-9.155652509178797,-0.05066449999999989,-3.2163249862956405
477,3.6895094999999998,2.1954527500000003,4.82819225,3.155938,1.69377925,1.7324252500000001,9.0,1.0,maintenance_burst,1.4940567499999995,40.49472565391144,1.67225425,34.6352043044682,-0.03864600000000018,-2.2816432542788667
478,2.1215765,2.1929345,3.2100325,3.16595825,1.57184,1.654422,49.0,6.0,maintenance_burst,-0.07135799999999959,-3.363442232698165,0.04407424999999998,1.3730156937663398,-0.08258200000000016,-5.25384263029317
479,5.689154,2.64082675,6.85532025,3.751599,2.02257125,1.7116985,22.0,4.0,maintenance_burst,3.0483272500000003,53.581380465355664,3.10372125,45.27463541911116,0.3108727499999999,15.370175463534347
480,3.29956775,7.0102775,4.27694625,8.0461845,1.6567685,1.853413,72.0,10.0,window_drift,-3.71070975,-112.4604806190144,-3.769238250000001,-88.12919381439505,-0.1966444999999999,-11.86915975285623
481,5.8816505,2.2385555,7.59801475,3.06236875,1.53582275,1.54372475,110.0,15.0,window_drift,3.643095,61.94001156648121,4.535646,59.69514602482181,-0.007902000000000076,-0.5145124982684413
482,1.72090775,1.7599567500000002,2.547353,2.6194990000000002,1.45704875,1.5230185,11.0,3.0,window_drift,-0.03904900000000011,-2.2690931573758157,-0.07214600000000004,-2.8321948312621,-0.06596975000000005,-4.527628193634568
483,2.11840675,2.1090045,2.9561159999999997,3.03018525,1.34670175,1.38275125,37.0,6.0,window_drift,0.009402249999999945,0.4438359158362739,-0.07406925000000042,-2.5056273163840803,-0.03604950000000007,-2.676873331455912
484,5.585865,2.22092125,6.50022025,3.14569125,1.33866925,1.5924935,34.0,6.0,window_drift,3.36494375,60.240334308115216,3.354529,51.60638979886874,-0.2538242500000001,-18.960938260141564
485,3.7021995,7.903481,4.66605925,8.84520225,1.7284039999999998,1.4059235,144.0,19.0,window_drift,-4.2012815,-113.48068897961875,-4.179143,-89.56472209391683,0.3224804999999997,18.65770387015997
486,39.363851000000004,2.61711075,40.29871975,3.61592125,1.65208875,2.1129405,65.0,9.0,window_drift,36.74674025,93.35148700263092,36.6827985,91.02720564714714,-0.46085175,-27.895096434740566
487,3.6242134999999998,3.480266,4.7739125,4.571982,3.336819,2.038628,54.0,9.0,window_drift,0.1439474999999999,3.971827266798711,0.20193049999999957,4.229874343109548,1.298191,38.90504699236009
488,2.6996729999999998,7.943719499999999,3.58595175,8.89021325,1.96545,2.0246065,65.0,9.0,window_drift,-5.2440465,-194.2474699713632,-5.304261500000001,-147.91781568170853,-0.059156500000000056,-3.0098196341804706
489,3.126576,3.772748,7.46023375,4.70092375,2.0843369999999997,2.12944075,142.0,18.0,window_drift,-0.646172,-20.667081177620503,2.75931,36.986910765363085,-0.04510375000000044,-2.163937501469314
490,2.545124,2.30503875,3.60604875,3.34135575,1.42522025,1.5494785,26.0,3.0,window_drift,0.24008524999999992,9.433145497036683,0.26469299999999985,7.340250183805747,-0.12425825000000001,-8.718529644804024
491,2.5530585,2.6123184999999998,3.9628485,3.7113932499999995,4.42331725,1.4381647499999999,33.0,5.0,window_drift,-0.059259999999999646,-2.3211375689197737,0.2514552500000007,6.345315749517063,2.9851525000000003,67.48673747061666
492,2.1260802500000002,2.3563815000000004,2.9784185,3.58911525,1.648298,1.7112305,37.0,5.0,window_drift,-0.23030125000000012,-10.832199301978376,-0.6106967499999998,-20.504061131771767,-0.06293250000000006,-3.8180292641257867
493,5.29268675,4.4653535,7.0803255,6.03901575,2.08574175,6.86779025,291.0,39.0,window_drift,0.8273332499999997,15.631630759179158,1.04130975,14.707088678338305,-4.7820485,-229.2732789186389
494,1.987198,2.8288357499999996,3.0049347500000003,5.4905995,1.4357665000000002,1.82966725,11.0,3.0,window_drift,-0.8416377499999996,-42.352988982476816,-2.4856647499999998,-82.71942510565327,-0.3939007499999998,-27.43487537841284
495,2.0075587500000003,1.9630465,2.83277175,3.86372825,1.587338,1.553577,32.0,10.0,window_drift,0.044512250000000364,2.2172327459906396,-1.0309564999999998,-36.393913487735105,0.03376099999999993,2.1268942090468403
496,1.787796,2.146201,2.56206675,3.04914125,1.3396985,1.4189582500000002,20.0,3.0,window_drift,-0.3584050000000001,-20.047309648304395,-0.48707449999999985,-19.01099961583748,-0.0792597500000003,-5.916237869938669
497,2.3158825,3.4736032499999996,3.28443475,4.324781,1.46243425,1.72265025,38.0,6.0,window_drift,-1.1577207499999997,-49.99047879156217,-1.0403462499999998,-31.675046977261452,-0.260216,-17.79334694876026
498,3.04904875,2.800002,4.4842319999999996,4.4520205,1.531421,1.5453095,107.0,16.0,window_drift,0.24904674999999976,8.168014696386857,0.03221149999999984,0.7183281328887497,-0.01388849999999997,-0.9069028046500585
499,2.0230675,2.48120525,3.6334675,4.108541499999999,1.4488762499999999,1.48748975,73.0,10.0,window_drift,-0.4581377500000001,-22.645697684333328,-0.47507399999999933,-13.074948379199741,-0.03861350000000008,-2.665065425704927
500,2.36200225,2.31542925,3.3040095,3.9190495,1.5794085,1.6790212500000001,38.0,6.0,window_drift,0.046572999999999976,1.9717593410421168,-0.61504,-18.61495858289754,-0.09961275000000014,-6.306965550710924
501,2.5440875,2.1528835,4.152605749999999,3.0700505,1.6414675,1.67696875,40.0,5.0,window_drift,0.39120399999999966,15.37698683712725,1.0825552499999995,26.06929998110222,-0.03550124999999982,-2.162775077788614
502,2.24050175,1.9903350000000002,9.02643675,3.25507275,1.621958,1.65223875,21.0,3.0,window_drift,0.25016674999999977,11.165657424726394,5.771364,63.93845278980102,-0.030280749999999967,-1.8669256540551584
503,2.23466975,2.07382675,3.7912827499999997,2.9409152499999998,1.4534432499999999,1.611367,22.0,6.0,window_drift,0.1608430000000003,7.197618350541518,0.8503674999999999,22.42954577840442,-0.15792375000000014,-10.865491308312185
504,2.309583,2.3597665,3.27311525,3.3171447499999998,3.2366705,1.6886312499999998,34.0,6.0,window_drift,-0.05018350000000016,-2.1728381270558432,-0.04402949999999972,-1.345186363358263,1.54803925,47.82813851456304
505,2.1064332500000003,2.1428535,3.0218125000000002,3.5875,1.4916085000000001,1.330302,19.0,5.0,window_drift,-0.03642024999999993,-1.7290009071020849,-0.5656874999999997,-18.720138989431,0.16130650000000002,10.814265271349688
506,2.03111175,2.0291740000000003,2.8850707499999997,3.5373745,1.2194194999999999,1.6672115,37.0,5.0,window_drift,0.0019377499999997383,0.09540341638020351,-0.6523037500000002,-22.60962751086781,-0.4477920000000002,-36.72173521909402
507,2.56735625,5.929922749999999,3.489525,11.663222000000001,1.9871505,1.526977,66.0,9.0,window_drift,-3.3625664999999993,-130.97389581208293,-8.173697,-234.2352325889627,0.4601735,23.15745586456587
508,1.89005075,1.92112825,2.9304595,2.7893885,1.63811525,1.58015475,27.0,3.0,window_drift,-0.03107750000000009,-1.644268017670959,0.14107100000000017,4.813954944608522,0.05796050000000008,3.538243112015475
509,2.1830292499999997,3.01009225,3.1564415,5.0925265,1.9229735,1.47501625,39.0,5.0,window_drift,-0.8270630000000003,-37.8860246604575,-1.9360849999999998,-61.33758537897819,0.44795725,23.295029806703006
510,2.15043475,2.2867385000000002,3.075857,3.200465,1.2920995,1.4004155,72.0,10.0,window_drift,-0.13630375000000017,-6.3384276133000625,-0.12460799999999983,-4.0511636269176305,-0.10831600000000008,-8.382945740633758
511,2.404459,2.1350385,3.81289675,3.22313075,6.6430315,1.51754275,20.0,3.0,window_drift,0.2694205000000003,11.205036143265504,0.589766,15.467662479976674,5.125488750000001,77.15587002711037
512,2.09410725,5.9475245,3.02182225,6.9024315000000005,1.75551,1.27289725,38.0,7.0,window_drift,-3.85341725,-184.01241149420594,-3.8806092500000005,-128.41950746772085,0.4826127499999999,27.49131306571879
513,3.026615,3.067597,4.8899855,4.91586075,2.0128345000000003,6.6719025,223.0,28.0,window_drift,-0.040982000000000074,-1.3540539513615069,-0.02587525000000035,-0.52914778581655,-4.6590679999999995,-231.46801190063064
514,5.64842525,4.800991,6.6867832499999995,5.89744925,2.50830575,2.20860275,140.0,18.0,window_drift,0.8474342500000001,15.003017876531164,0.7893339999999993,11.804390399524307,0.29970300000000005,11.948423751769498
515,2.39096625,2.273278,3.37425575,3.27048125,1.43144725,6.25166425,65.0,9.0,window_drift,0.11768825000000005,4.922204568968719,0.1037745000000001,3.0754781998963803,-4.820217,-336.7373125345695
516,1.87321575,2.314571,2.717332,3.194819,1.31343875,1.4484105,12.0,2.0,window_drift,-0.44135525,-23.561367664135858,-0.477487,-17.571905089256667,-0.13497175000000006,-10.276211966488734
517,4.970765,2.96595825,5.97906625,3.94424775,1.85866125,1.934561,141.0,19.0,window_drift,2.00480675,40.33195594641872,2.0348184999999996,34.03237921974856,-0.07589975000000004,-4.083570903519942
518,2.267309,2.29863375,3.17125375,3.33167375,1.41642725,1.36441075,38.0,6.0,window_drift,-0.03132475000000001,-1.3815827485358199,-0.16042000000000023,-5.058567136105089,0.05201649999999991,3.672373572310185
519,2.0717652500000003,6.345343,2.8949785,7.228244749999999,1.35902275,1.48690375,36.0,6.0,window_drift,-4.273577749999999,-206.27712285453185,-4.333266249999999,-149.68215653415038,-0.1278809999999999,-9.409776252825782
520,2.0042915,1.9690505,2.893049,2.954904,1.37578325,1.24368825,37.0,6.0,window_drift,0.035240999999999856,1.758277176747986,-0.06185499999999999,-2.1380557328963317,0.13209500000000007,9.60143976167758
521,1.8621137499999998,1.8457165,2.750833,2.7378507499999998,3.2109137500000005,1.330232,16.0,2.0,window_drift,0.016397249999999808,0.8805718769865595,0.012982250000000306,0.4719388636096886,1.8806817500000004,58.571543692196656
522,1.892204,1.8209092499999997,2.84220325,2.7685744999999997,1.11822925,1.40096125,32.0,5.0,window_drift,0.0712947500000003,3.767815203857528,0.07362875000000013,2.590551889629995,-0.282732,-25.283903099476248
523,1.6960852499999999,1.64402375,2.62624475,2.57188725,1.27108225,1.1077477500000001,38.0,6.0,window_drift,0.05206149999999998,3.0695096251795118,0.05435750000000006,2.069780434592018,0.16333449999999994,12.85003389827841
524,2.063398,1.95820425,3.04688825,2.914677,1.49251025,1.34843925,38.0,5.0,window_drift,0.10519374999999975,5.098083355707419,0.13221124999999967,4.339222155587744,0.14407100000000006,9.65293203179007
525,2.85117475,2.3653097499999998,3.74768525,3.53549825,1.60402825,1.33967075,71.0,10.0,window_drift,0.48586500000000044,17.040870609561914,0.21218700000000013,5.661814849579487,0.2643575,16.480850633397512
526,4.3514915,5.322395,5.2674765,6.21560325,1.38755875,1.135039,65.0,9.0,window_drift,-0.9709035000000004,-22.311970504825766,-0.9481267500000001,-17.99963891628183,0.25251975000000004,18.19885103964067
527,1.86364875,1.9146155,2.71580375,2.844562,1.2382025,1.82996,16.0,3.0,window_drift,-0.05096674999999995,-2.7347830432102587,-0.12875824999999974,-4.741073429919218,-0.5917574999999999,-47.79165766504266
528,1.93243,1.9203420000000002,2.750182,2.8471835,1.283619,1.3348037499999998,20.0,6.0,window_drift,0.012087999999999877,0.6255336545178803,-0.09700149999999974,-3.5270938432438195,-0.05118474999999978,-3.987534463107805
529,1.793495,2.0437285000000003,2.6580225,2.91992375,1.10440775,1.8803087500000002,56.0,8.0,window_drift,-0.2502335000000002,-13.952283112024299,-0.2619012500000002,-9.85323675777764,-0.7759010000000002,-70.2549398082366
530,3.46733025,2.25443225,4.427306,3.409449,1.2905745,1.62511,38.0,4.0,window_drift,1.212898,34.98074635376887,1.0178569999999998,22.990437073922603,-0.3345355000000001,-25.921440412777418
531,2.526575,2.101298,3.66629225,3.13185875,1.2705117499999998,1.33119325,19.0,3.0,window_drift,0.4252769999999999,16.832154200845014,0.5344335,14.576947596035204,-0.06068150000000028,-4.776146304825617
532,2.345067,2.1978417500000003,3.42023525,7.17360325,1.721078,8.35640175,75.0,9.0,window_drift,0.14722524999999953,6.27808288633116,-3.753368,-109.74005369952256,-6.6353237499999995,-385.5330060578312
533,2.21832525,2.31306075,3.16987175,3.6798504999999997,1.82432675,1.627033,74.0,14.0,window_drift,-0.09473550000000008,-4.270586560739914,-0.5099787499999997,-16.08830862005694,0.19729375000000005,10.814605990949815
534,2.02921625,2.051262,3.0101197500000003,3.028633,1.40346,1.36470875,42.0,12.0,window_drift,-0.022045749999999753,-1.086416984882698,-0.018513249999999815,-0.6150336710026175,0.038751250000000015,2.761122511507276
535,3.2823165,2.5467515,4.4824015,3.6612675,1.9988755,2.020641,140.0,18.0,window_drift,0.7355649999999998,22.4099351784022,0.8211339999999998,18.319064010664814,-0.021765499999999882,-1.0888872268432868
536,1.839332,2.07970275,2.77362975,3.0406385,1.56499675,1.3524829999999999,19.0,2.0,window_drift,-0.24037075000000008,-13.06837210465539,-0.26700875,-9.626690440567996,0.21251375000000006,13.5791815542109
537,2.39318975,2.312082,3.4371535,3.27040125,1.6551985,1.3622175,140.0,19.0,window_drift,0.0811077499999997,3.3891065261331534,0.16675225000000005,4.851463572982704,0.29298099999999994,17.700656446945786
538,2.22123725,2.1731617500000002,3.2045915000000003,3.10867425,1.62582175,1.7900925,72.0,10.0,window_drift,0.04807549999999994,2.1643568241078226,0.09591725000000029,2.993119403830419,-0.16427075000000002,-10.103859786597148
539,2.326764,2.00610125,3.30079975,3.02291325,1.744753,1.527635,22.0,6.0,window_drift,0.3206627499999999,13.781490086661128,0.2778864999999997,8.418762755904828,0.21711799999999992,12.444053685536
540,2.987423,2.780583,3.92434525,3.715414,1.7760185,1.85823025,146.0,20.0,window_drift,0.20684000000000013,6.923693096022897,0.20893125,5.3239772927725975,-0.08221175000000014,-4.6289917588133305
541,5.351554,2.04812,6.275561000000001,3.03463175,1.39466175,1.5870405,21.0,4.0,window_drift,3.303434,61.72849979650771,3.2409292500000006,51.64365783393708,-0.19237875000000004,-13.793936056538442
542,2.15435075,2.0855315,3.0785762500000002,3.02552325,1.40216825,1.38764375,40.0,6.0,window_drift,0.06881924999999978,3.194431083239337,0.05305300000000024,1.7232966050459277,0.01452449999999983,1.0358599975430787
543,2.748955,2.4090534999999997,3.82384825,3.35181175,1.7879464999999999,1.71694175,141.0,19.0,window_drift,0.3399015000000003,12.364753151652183,0.4720365000000002,12.344540607750325,0.07100474999999995,3.9713017140054223
544,3.0864677499999997,2.9452142500000003,3.98660175,3.9289745,2.72680675,1.550738,222.0,28.0,window_drift,0.14125349999999948,4.5765422301917615,0.05762725000000035,1.4455231200357634,1.1760687500000002,43.129889934444385
545,2.8949747500000003,6.786053000000001,3.7584792499999997,7.845968500000001,1.4942175,1.3280859999999999,38.0,6.0,window_drift,-3.8910782500000005,-134.40802031174883,-4.087489250000001,-108.75380647638274,0.1661315000000001,11.118294358083753
546,1.97259325,2.280862,2.72224425,3.1217315,1.4081595,1.38901575,107.0,15.0,window_drift,-0.30826874999999987,-15.627588201470315,-0.39948724999999996,-14.674923089652957,0.019143750000000015,1.3594873308030813
547,1.902425,2.22383325,2.67603975,3.3038195000000004,1.3777165,2.0232272499999997,10.0,1.0,window_drift,-0.3214082500000002,-16.894660761922292,-0.6277797500000002,-23.459283443005663,-0.6455107499999997,-46.853670548331216
548,3.64824275,3.14593025,4.677975,4.14710925,1.56511975,1.366076,207.0,27.0,window_drift,0.5023124999999999,13.768615040761746,0.5308657500000002,11.34819553332372,0.19904374999999996,12.717477368744465
549,2.28634075,5.576246,3.34704975,6.43619375,4.7827762499999995,1.50625825,21.0,3.0,window_drift,-3.2899052500000003,-143.89391651266334,-3.089144,-92.29453491093163,3.2765179999999994,68.5066126603769
550,2.55238025,2.594391,3.462567,3.478258,1.5426704999999998,1.78440625,78.0,9.0,window_drift,-0.042010749999999764,-1.64594401637451,-0.0156909999999999,-0.453160906344914,-0.24173575000000014,-15.669953499467331
551,3.4375565,2.83131675,4.39891525,3.67588675,1.96895325,1.61397575,223.0,28.0,window_drift,0.6062397499999999,17.6357755865249,0.7230284999999999,16.43651807113128,0.35497749999999995,18.028741921627645
552,7.70711625,2.88482825,8.695301,3.8054930000000002,2.117918,2.10433,146.0,23.0,window_drift,4.822288,62.56929107563416,4.889808,56.2350630530214,0.013587999999999933,0.6415734697943893
553,2.1818697499999997,2.3101065,3.02484225,3.2385025,1.5733842500000002,7.0328655,21.0,3.0,window_drift,-0.12823675000000012,-5.877378794036635,-0.21366025000000022,-7.063517113991654,-5.45948125,-346.9896975262082
554,2.40564825,2.24868325,3.2533455,3.106741,1.7312660000000002,1.52783075,72.0,11.0,window_drift,0.15696500000000002,6.524852500776039,0.14660450000000003,4.506269008317746,0.2034352500000003,11.750663964982866
555,4.36940575,7.1866135,5.31717175,8.12563175,1.808906,1.91032425,221.0,25.0,window_drift,-2.8172077499999997,-64.4757642386496,-2.80846,-52.81868128483907,-0.10141825000000004,-5.606606976813612
556,2.002416,2.212516,2.8394690000000002,3.05368475,1.542863,1.6164144999999999,21.0,3.0,window_drift,-0.21009999999999973,-10.49232527107253,-0.2142157499999997,-7.544218654966815,-0.07355149999999977,-4.7672087541148995
557,2.5843435,11.2149765,3.51584075,12.171721,1.50775025,2.01582125,65.0,9.0,window_drift,-8.630633,-333.9584308355294,-8.65588025,-246.19659607733936,-0.5080710000000002,-33.69729170994999
558,2.371817,2.5391649999999997,3.25241875,3.46226875,1.55344175,1.46449225,16.0,2.0,window_drift,-0.1673479999999996,-7.0556876858543305,-0.20984999999999987,-6.452121209791939,0.08894950000000001,5.725963010843504
559,3.4760220000000004,2.44898875,4.32256725,3.25679825,1.575062,1.70977475,73.0,10.0,window_drift,1.0270332500000006,29.546224103299707,1.0657689999999995,24.655926405771933,-0.13471275000000005,-8.552853792422143
560,2.0707145000000002,2.58095575,2.826097,3.4041615,1.3097835,1.8211415,70.0,12.0,window_drift,-0.51024125,-24.640830495947167,-0.5780645,-20.454517307792337,-0.511358,-39.04141409629912
561,2.2281750000000002,2.1606052499999997,3.01457175,2.99620675,1.513669,1.37046525,74.0,11.0,window_drift,0.06756975000000054,3.032515399373951,0.018365000000000187,0.60920759308516,0.14320374999999985,9.460704420847613
562,3.78290625,9.371709000000001,4.58641675,10.41285375,1.95197025,1.7453949999999998,220.0,26.0,window_drift,-5.588802750000001,-147.73833610071625,-5.826437,-127.0367983895053,0.2065752500000002,10.58290975490022
563,3.34077975,3.87732925,4.1565665,4.6179570000000005,1.688574,1.7588097500000002,217.0,29.0,window_drift,-0.5365495,-16.060606808934352,-0.46139050000000026,-11.100279521571476,-0.07023575000000015,-4.159471246152088
564,1.68006075,1.81390075,2.448691,2.54837675,1.27374375,1.3676585,17.0,3.0,window_drift,-0.13383999999999996,-7.9663785967263365,-0.0996857499999999,-4.070981189541674,-0.09391475000000016,-7.373127444197482
565,6.5815357500000005,2.11775275,7.359933,2.81090375,1.14521725,1.4229717499999999,22.0,6.0,window_drift,4.463783,67.82281779750265,4.54902925,61.808025290447624,-0.2777544999999999,-24.25343313681312
566,3.74073975,8.8909295,4.6148922500000005,9.869302,1.71392,1.2903715,287.0,38.0,window_drift,-5.150189750000001,-137.6783763158076,-5.254409749999999,-113.8576908269093,0.4235485000000001,24.712267783793884
567,2.00533025,5.08509575,2.93371225,5.9352617500000004,1.52234725,1.7364187500000001,71.0,10.0,window_drift,-3.0797654999999997,-153.57896785329996,-3.0015495000000003,-102.31233482424871,-0.2140715000000002,-14.061936263227736
568,1.80439675,1.999867,2.64959475,2.961539,1.18527275,1.27713175,38.0,7.0,window_drift,-0.19547025000000007,-10.832997233008763,-0.31194425000000026,-11.773281555603937,-0.09185899999999991,-7.750030530947406
569,3.3872905,4.49350375,4.12209925,5.37824175,1.724626,1.6851685,143.0,18.0,window_drift,-1.1062132500000001,-32.65776141727437,-1.2561425000000002,-30.473368636138495,0.03945749999999992,2.2878873448504153
570,6.777297,2.40664225,7.641599749999999,3.17587025,1.7439425,1.7613112499999999,146.0,20.0,window_drift,4.37065475,64.48964461790592,4.465729499999999,58.4397200337534,-0.017368749999999933,-0.9959474007887263
571,3.2038029999999997,2.30673625,3.945164,3.113103,1.57184975,1.72480325,111.0,16.0,window_drift,0.8970667499999996,28.000059616649327,0.8320609999999999,21.09065681426678,-0.15295349999999996,-9.730796470845892
572,2.06502325,2.19985675,8.43667975,2.984446,1.50017375,1.58568325,72.0,10.0,window_drift,-0.13483350000000005,-6.529393797382188,5.4522337499999995,64.62534920802226,-0.0855094999999999,-5.699973086450812
573,2.241628,2.4134275,2.9776385,3.1807555,1.40701525,1.8722365,74.0,9.0,window_drift,-0.1717995000000001,-7.664050413360296,-0.20311700000000021,-6.821412337327055,-0.46522125000000014,-33.06440708442927
574,2.31920275,2.30409475,3.2706495,3.197716,1.55014725,1.332385,70.0,11.0,window_drift,0.015108000000000121,0.6514307556767135,0.07293350000000043,2.229939343852052,0.21776225000000005,14.047842874281784
575,1.68427475,1.8510995,2.47339325,3.07806625,1.23790975,1.24934225,54.0,9.0,window_drift,-0.16682474999999997,-9.904841831773584,-0.604673,-24.44710318506772,-0.011432499999999957,-0.9235325919357171
576,1.91853675,1.97461625,2.7636875,2.7514935,1.30664875,1.4624317500000001,32.0,9.0,window_drift,-0.05607950000000006,-2.9230349640161997,0.012194000000000038,0.4412220990976743,-0.15578300000000023,-11.922331843198124
577,5.7941335,3.092049,6.5778885,3.96019975,1.8186907499999998,1.40215575,145.0,18.0,window_drift,2.7020845000000002,46.63483331890783,2.61768875,39.79527396975489,0.4165349999999999,22.903014160048922
578,7.77027925,4.348592,8.64375825,5.1658782500000004,1.402123,1.46949475,146.0,20.0,window_drift,3.4216872499999997,44.03557632758179,3.477879999999999,40.23573889285947,-0.06737174999999995,-4.804981445992966
579,1.864302,2.52618775,2.56575825,3.25158,1.2744075,1.298121,11.0,3.0,window_drift,-0.6618857500000002,-35.503140049198045,-0.6858217500000001,-26.72978835788602,-0.023713500000000165,-1.8607470530423091
580,1.754784,1.7965725,2.51820325,2.5875007500000002,1.1518195,1.12280325,20.0,3.0,window_drift,-0.041788500000000006,-2.3814042070135133,-0.06929750000000023,-2.75186286095057,0.029016249999999966,2.519166414529357
581,1.761499,1.767571,2.6929425,2.48661325,1.13738775,1.13561725,19.0,2.0,window_drift,-0.006072000000000077,-0.34470641198207197,0.20632925000000002,7.66185130206085,0.0017705000000001192,0.155663712748807
582,2.3320992499999997,6.2245235,3.179178,7.1811092499999996,1.3085642499999999,1.17623875,34.0,6.0,window_drift,-3.8924242500000004,-166.90645777618602,-4.00193125,-125.8794333000543,0.13232549999999987,10.112266172639202
583,2.303551,1.90710975,3.1359252499999997,2.70422275,1.46447725,1.2076262500000001,31.0,9.0,window_drift,0.3964412500000001,17.210005335241117,0.43170249999999966,13.766351733033169,0.25685099999999994,17.53874974841705
584,2.620899,2.6489465,3.44419675,3.633007,1.53834925,1.5269145000000002,222.0,27.0,window_drift,-0.028047500000000003,-1.0701480675142385,-0.18881024999999996,-5.481982119633552,0.011434749999999827,0.7433130025577629
585,2.12316625,1.8369255,2.9442552500000003,2.5527435,1.1739130000000002,1.432294,38.0,6.0,window_drift,0.28624075000000015,13.481786930250994,0.39151175000000027,13.297479897505497,-0.25838099999999975,-22.010234148527168
586,1.98626125,1.9713337499999999,2.7784820000000003,2.728722,1.31194225,1.5229409999999999,73.0,10.0,window_drift,0.014927500000000204,0.7515375935567491,0.04976000000000047,1.7909059695186245,-0.2109987499999999,-16.082929717371318
587,3.0481375,3.143354,3.87355575,3.95617575,1.4844755,1.67628625,105.0,15.0,window_drift,-0.09521649999999982,-3.1237600009842015,-0.08261999999999992,-2.132923993671704,-0.19181074999999992,-12.921112541096159
588,3.59618825,3.01693025,4.4302702499999995,3.81422375,1.6548227500000001,1.58186975,144.0,20.0,window_drift,0.5792579999999998,16.107554992428437,0.6160464999999995,13.905393243222568,0.07295300000000005,4.408508403694597
589,1.8798105,2.0842695,2.8758090000000003,2.903063,2.58130125,1.9698665,10.0,3.0,window_drift,-0.20445899999999995,-10.876575059028553,-0.027253999999999667,-0.9476985432620756,0.6114347500000001,23.687074493920466
590,4.04716575,4.06842775,4.9153389999999995,4.91140525,1.67566175,1.6805995,288.0,37.0,window_drift,-0.021262000000000114,-0.5253553057469939,0.003933749999999847,0.08003008541221364,-0.004937750000000074,-0.2946746263080884
591,2.269695,6.390203,3.03345,7.383311249999999,1.37977175,1.22581625,36.0,5.0,window_drift,-4.120507999999999,-181.5445687636444,-4.349861249999999,-143.39650398061607,0.1539554999999999,11.158041176013345
592,5.07242875,1.9511555,6.0211965,3.3733940000000002,1.16706225,1.298241,17.0,3.0,window_drift,3.12127325,61.53409744789417,2.6478025,43.97469008028554,-0.1311787499999999,-11.240081666594897
593,3.10725625,2.10475075,3.9324494999999997,3.00663675,1.35452125,1.35193175,72.0,9.0,window_drift,1.0025054999999998,32.26336740009775,0.9258127499999995,23.54290245812437,0.0025894999999998003,0.1911745570621207
594,4.15639125,5.871057,5.19625375,7.5728729999999995,1.60502525,1.92284025,143.0,20.0,window_drift,-1.71466575,-41.253713783561636,-2.376619249999999,-45.737166896439554,-0.31781499999999996,-19.80124611746762
595,2.284858,7.94032625,3.89576675,8.94281175,1.908336,2.05979525,40.0,5.0,window_drift,-5.65546825,-247.51946291629503,-5.047045000000001,-129.55203234382552,-0.15145925000000005,-7.936718167031385
596,1.9551219999999998,1.939949,2.8748105,2.8861025,1.3859187499999999,1.52528675,16.0,2.0,window_drift,0.015172999999999881,0.7760641023936042,-0.011291999999999636,-0.39279110744863477,-0.13936800000000016,-10.056000757620183
597,2.0648725,1.76380025,3.01859025,2.6763405000000002,1.4372059999999998,1.4193467499999999,20.0,3.0,window_drift,0.3010722499999998,14.580670235087146,0.3422497499999997,11.338065840502855,0.017859249999999882,1.242636754925869
598,2.17776125,2.06568175,3.1679285,3.010691,1.55531475,1.5729515,80.0,10.0,window_drift,0.11207950000000011,5.146546711674666,0.15723749999999992,4.9634169458054345,-0.01763675000000009,-1.1339666135102293
599,2.149686,1.90275025,3.07863075,2.8150399999999998,1.3966720000000001,1.3552575,38.0,6.0,window_drift,0.24693575,11.487061366171618,0.2635907500000001,8.561947547623245,0.04141450000000013,2.9652273404206664
