segment,qid,rep,layout,server_ms,compile_ms,client_ms,slices,signal_sum
normal1,0,0,static,2.189811,1.706841,2.958644,4,10.856
normal1,0,0,temporal,1.981276,1.596854,2.732752,9,10.856
normal1,1,0,temporal,1.940775,1.662384,2.721971,6,21.548000000000002
normal1,1,0,static,1.777388,1.554711,2.544227,6,21.548000000000002
normal1,2,0,static,1.781624,1.52787,2.484596,4,21.548000000000002
normal1,2,0,temporal,1.578147,1.346226,2.418226,4,21.548000000000002
normal1,3,0,temporal,1.609564,1.344062,2.282351,14,21.548000000000002
normal1,3,0,static,1.535632,1.257782,2.340434,8,21.548000000000002
normal1,4,0,static,1.807092,1.541822,2.535334,25,21.548000000000002
normal1,4,0,temporal,1.808245,1.544115,2.591148,17,21.548000000000002
normal1,5,0,temporal,1.677847,1.441659,2.347535,17,21.548000000000002
normal1,5,0,static,1.736967,1.479557,2.764209,25,21.548000000000002
normal1,6,0,static,2.390995,2.025904,3.224431,15,21.548000000000002
normal1,6,0,temporal,2.399538,2.074537,3.170244,14,21.548000000000002
normal1,7,0,temporal,2.405247,2.073155,3.133187,10,21.548000000000002
normal1,7,0,static,2.270723,1.87186,2.99931,10,21.548000000000002
normal1,8,0,static,2.339638,2.019523,3.088329,3,10.921999999999999
normal1,8,0,temporal,2.219476,1.867554,2.975134,8,10.921999999999999
normal1,9,0,temporal,2.266698,1.863888,2.999165,6,21.72
normal1,9,0,static,2.326338,2.02331,3.038364,6,21.72
normal1,10,0,static,2.400259,2.046444,3.117113,5,28.880000000000003
normal1,10,0,temporal,2.178074,1.921325,2.864351,5,28.880000000000003
normal1,11,0,temporal,2.132995,1.786251,2.798321,17,21.72
normal1,11,0,static,2.112614,1.836076,2.773053,9,21.72
normal1,12,0,static,2.415001,2.12291,3.249074,33,28.880000000000003
normal1,12,0,temporal,2.647783,2.357024,3.489907,23,28.880000000000003
normal1,13,0,temporal,2.405687,1.984611,3.18092,23,28.880000000000003
normal1,13,0,static,2.26133,1.894194,2.988159,33,28.880000000000003
normal1,14,0,static,2.180317,1.882716,2.897761,20,28.880000000000003
normal1,14,0,temporal,2.142279,1.882377,2.849219,20,28.880000000000003
normal1,15,0,temporal,2.075268,1.771449,2.779793,13,28.880000000000003
normal1,15,0,static,2.071683,1.824689,2.797229,13,28.880000000000003
normal1,16,0,static,2.042709,1.71291,2.75126,6,11.052000000000001
normal1,16,0,temporal,1.958291,1.626819,2.780724,11,11.052000000000001
normal1,17,0,temporal,2.188219,1.890779,2.8636,6,21.82
normal1,17,0,static,1.792411,1.500759,2.435933,6,21.82
normal1,18,0,static,1.700251,1.452676,2.363043,8,36.306
normal1,18,0,temporal,1.638207,1.404013,2.345707,8,36.306
normal1,19,0,temporal,1.762194,1.469562,2.651539,18,21.82
normal1,19,0,static,1.684707,1.460599,2.36077,10,21.82
normal1,20,0,static,1.842876,1.542863,2.769628,46,36.306
normal1,20,0,temporal,2.246647,1.943028,3.191827,32,36.306
normal1,21,0,temporal,2.435162,2.031071,3.2409,31,36.306
normal1,21,0,static,2.616146,2.256071,3.40634,46,36.306
normal1,22,0,static,2.056419,1.74629,2.803368,28,36.306
normal1,22,0,temporal,1.897519,1.584265,2.574773,27,36.306
normal1,23,0,temporal,1.629715,1.391704,2.289442,18,36.306
normal1,23,0,static,1.617817,1.387418,2.298575,18,36.306
normal1,24,0,static,1.512006,1.268037,2.259106,5,11.108
normal1,24,0,temporal,1.854585,1.621251,2.505609,9,11.108
normal1,25,0,temporal,1.741914,1.480829,2.397996,7,21.996
normal1,25,0,static,1.68035,1.439977,2.448863,7,21.996
normal1,26,0,static,1.738559,1.480869,2.448031,9,43.544
normal1,26,0,temporal,1.583845,1.337222,2.352837,9,43.544
normal1,27,0,temporal,1.556854,1.292965,2.279256,19,21.996
normal1,27,0,static,1.657076,1.386406,2.373238,10,21.996
normal1,28,0,static,1.588031,1.323071,2.340889,56,43.544
normal1,28,0,temporal,1.909938,1.645398,2.588334,40,43.544
normal1,29,0,temporal,1.853532,1.577595,2.590667,37,43.544
normal1,29,0,static,1.73278,1.458766,2.484747,56,43.544
normal1,30,0,static,1.800683,1.510293,2.503055,34,43.544
normal1,30,0,temporal,1.939253,1.552627,2.709998,33,43.544
normal1,31,0,temporal,1.976028,1.563995,2.7379,22,43.544
normal1,31,0,static,2.173416,1.793852,3.018945,22,43.544
normal1,32,0,static,2.111743,1.77245,2.895238,6,11.094
normal1,32,0,temporal,1.823988,1.556974,2.569294,9,11.094
normal1,33,0,temporal,1.87834,1.625427,2.662756,7,22.152
normal1,33,0,static,1.793472,1.529573,2.450525,7,22.152
normal1,34,0,static,1.778138,1.529744,2.44681,9,43.872
normal1,34,0,temporal,1.597816,1.35587,2.567252,9,43.872
normal1,35,0,temporal,1.560239,1.328079,2.704935,19,22.152
normal1,35,0,static,1.583134,1.3359,2.504817,9,22.152
normal1,36,0,static,2.018922,1.68011,2.778281,57,43.872
normal1,36,0,temporal,1.816546,1.527129,2.613281,40,43.872
normal1,37,0,temporal,2.481582,2.177502,3.193138,38,43.872
normal1,37,0,static,1.644246,1.383432,2.330755,57,43.872
normal1,38,0,static,1.886102,1.62694,2.871892,40,51.032
normal1,38,0,temporal,1.603625,1.32236,2.441873,39,51.032
normal1,39,0,temporal,1.701713,1.44233,2.5296,24,51.032
normal1,39,0,static,1.790127,1.489963,2.471162,24,51.032
normal1,40,0,static,1.806671,1.538466,2.542584,6,10.984000000000002
normal1,40,0,temporal,1.724538,1.490224,2.429429,11,10.984000000000002
normal1,41,0,temporal,1.518175,1.286746,2.261419,7,22.02
normal1,41,0,static,1.642113,1.408109,2.319948,7,22.02
normal1,42,0,static,1.794944,1.424744,2.598038,9,43.839999999999996
normal1,42,0,temporal,2.134718,1.843888,2.836839,9,43.839999999999996
normal1,43,0,temporal,2.208699,1.942807,2.898362,20,22.02
normal1,43,0,static,1.618167,1.362431,2.289763,9,22.02
normal1,44,0,static,1.795274,1.48131,2.428973,59,43.839999999999996
normal1,44,0,temporal,1.738498,1.413868,2.483415,41,43.839999999999996
normal1,45,0,temporal,1.764919,1.487108,2.462173,39,43.839999999999996
normal1,45,0,static,1.810798,1.522792,2.521492,59,43.839999999999996
normal1,46,0,static,2.722767,2.432047,3.379751,48,58.326
normal1,46,0,temporal,1.856357,1.585167,2.475724,47,58.326
normal1,47,0,temporal,1.703756,1.461861,2.508052,28,58.326
normal1,47,0,static,1.585047,1.294037,2.190141,28,58.326
normal1,48,0,static,1.563935,1.340446,2.174147,3,10.93
normal1,48,0,temporal,1.578036,1.325914,2.229371,10,10.93
normal1,49,0,temporal,1.793212,1.467839,2.444105,7,21.886
normal1,49,0,static,1.600871,1.377322,2.276953,7,21.886
normal1,50,0,static,1.587361,1.326526,2.316092,10,43.882
normal1,50,0,temporal,1.643956,1.407348,2.367961,10,43.882
normal1,51,0,temporal,1.56025,1.339836,2.154107,20,21.886
normal1,51,0,static,1.552548,1.321929,2.254614,10,21.886
normal1,52,0,static,1.653189,1.360538,2.324535,62,43.882
normal1,52,0,temporal,1.629925,1.270211,2.413389,46,43.882
normal1,53,0,temporal,1.714212,1.441259,2.448713,41,43.882
normal1,53,0,static,1.608442,1.364523,2.236772,62,43.882
normal1,54,0,static,28.577,27.928469,29.590992,53,65.43
normal1,54,0,temporal,2.801076,2.489664,3.891394,53,65.43
normal1,55,0,temporal,1.999873,1.704357,2.673923,33,65.43
normal1,55,0,static,1.965963,1.709305,2.750584,33,65.43
normal1,56,0,static,1.715574,1.488201,2.389063,4,11.158
normal1,56,0,temporal,1.516333,1.300877,2.170031,10,11.158
normal1,57,0,temporal,1.633029,1.350702,2.370564,10,21.956
normal1,57,0,static,1.557675,1.307677,2.257503,10,21.956
normal1,58,0,static,1.580911,1.346956,2.270162,9,44.108000000000004
normal1,58,0,temporal,2.753383,2.287879,3.433582,9,44.108000000000004
normal1,59,0,temporal,1.504826,1.273926,2.123892,21,21.956
normal1,59,0,static,2.597838,2.21577,3.286469,12,21.956
normal1,60,0,static,1.619569,1.342079,2.344765,65,44.108000000000004
normal1,60,0,temporal,1.558656,1.306776,2.278896,47,44.108000000000004
normal1,61,0,temporal,2.50033,2.148669,3.180028,43,44.108000000000004
normal1,61,0,static,2.948068,2.521031,3.69673,65,44.108000000000004
normal1,62,0,static,2.697889,2.220077,3.409556,56,65.828
normal1,62,0,temporal,1.893733,1.614341,2.644228,57,65.828
normal1,63,0,temporal,2.923511,2.500321,3.708477,34,65.828
normal1,63,0,static,4.62999,3.149613,5.386945,34,65.828
normal1,64,0,static,3.768609,3.152136,4.751985,3,11.786000000000001
normal1,64,0,temporal,3.187109,2.779904,4.011376,8,11.786000000000001
normal1,65,0,temporal,2.659982,2.253758,3.388755,10,22.686
normal1,65,0,static,2.339533,2.069675,3.108001,10,22.686
normal1,66,0,static,1.800002,1.521922,2.587834,8,44.705999999999996
normal1,66,0,temporal,1.983079,1.754944,2.68445,8,44.705999999999996
normal1,67,0,temporal,1.716697,1.50719,2.4127,18,22.686
normal1,67,0,static,2.433341,1.878141,3.148413,10,22.686
normal1,68,0,static,1.951692,1.645569,2.65747,61,44.705999999999996
normal1,68,0,temporal,2.622347,1.531938,3.272961,44,44.705999999999996
normal1,69,0,temporal,1.868296,1.594822,2.560823,43,44.705999999999996
normal1,69,0,static,1.835266,1.587861,2.552791,61,44.705999999999996
normal1,70,0,static,1.873213,1.603506,2.562195,53,66.526
normal1,70,0,temporal,1.713752,1.451966,2.370446,55,66.526
normal1,71,0,temporal,1.783067,1.557286,2.509275,34,66.526
normal1,71,0,static,1.886935,1.586069,2.597199,34,66.526
normal1,72,0,static,1.794634,1.587792,2.410536,2,11.566
normal1,72,0,temporal,1.680112,1.393998,2.384627,6,11.566
normal1,73,0,temporal,1.708935,1.493529,2.420712,6,23.048000000000002
normal1,73,0,static,1.767374,1.493169,2.41976,6,23.048000000000002
normal1,74,0,static,1.718199,1.503244,2.381382,7,44.934
normal1,74,0,temporal,1.660392,1.452157,2.416154,7,44.934
normal1,75,0,temporal,1.690777,1.432226,2.352919,15,23.048000000000002
normal1,75,0,static,1.682716,1.442662,2.317706,9,23.048000000000002
normal1,76,0,static,1.649375,1.409082,2.288241,53,44.934
normal1,76,0,temporal,1.788765,1.565257,2.462335,36,44.934
normal1,77,0,temporal,1.64664,1.360357,2.417787,39,44.934
normal1,77,0,static,1.756236,1.465667,2.406449,53,44.934
normal1,78,0,static,1.649144,1.358986,2.455004,52,66.92999999999999
normal1,78,0,temporal,1.651057,1.368339,2.377796,54,66.92999999999999
normal1,79,0,temporal,1.716336,1.49397,2.371798,32,66.92999999999999
normal1,79,0,static,1.5669,1.324092,2.230764,32,66.92999999999999
anomaly1,0,0,static,1.78508,1.493429,2.506045,3,10.867999999999999
anomaly1,0,0,temporal,1.577035,1.350533,2.473081,8,10.867999999999999
anomaly1,1,0,temporal,1.713091,1.502863,2.48544,8,21.733999999999998
anomaly1,1,0,static,1.630035,1.425156,2.390005,8,21.733999999999998
anomaly1,2,0,static,1.556344,1.346657,2.382469,3,21.733999999999998
anomaly1,2,0,temporal,1.69267,1.399467,2.354992,3,21.733999999999998
anomaly1,3,0,temporal,1.795105,1.574892,2.415964,14,21.733999999999998
anomaly1,3,0,static,1.691258,1.451356,2.406981,8,21.733999999999998
anomaly1,4,0,static,1.71279,1.470415,2.395764,25,21.733999999999998
anomaly1,4,0,temporal,1.975427,1.761073,2.754647,18,21.733999999999998
anomaly1,5,0,temporal,1.688634,1.465626,3.536159,18,21.733999999999998
anomaly1,5,0,static,1.750738,1.528672,2.559251,25,21.733999999999998
anomaly1,6,0,static,1.636255,1.338895,2.296123,14,21.733999999999998
anomaly1,6,0,temporal,1.563755,1.317463,2.208711,14,21.733999999999998
anomaly1,7,0,temporal,1.508943,1.297042,2.175471,11,21.733999999999998
anomaly1,7,0,static,1.597997,1.380248,2.377376,11,21.733999999999998
anomaly1,8,0,static,1.684258,1.475111,2.456275,4,10.832
anomaly1,8,0,temporal,1.470624,1.266396,2.206047,8,10.832
anomaly1,9,0,temporal,1.575713,1.372176,2.226237,6,21.766000000000002
anomaly1,9,0,static,1.538928,1.286176,2.149341,6,21.766000000000002
anomaly1,10,0,static,1.411425,1.210441,2.039625,5,29.063999999999997
anomaly1,10,0,temporal,1.534492,1.326697,2.165266,5,29.063999999999997
anomaly1,11,0,temporal,1.390232,1.193696,2.061077,15,21.766000000000002
anomaly1,11,0,static,1.48072,1.276791,2.147578,9,21.766000000000002
anomaly1,12,0,static,1.443364,1.232354,2.137683,35,29.063999999999997
anomaly1,12,0,temporal,1.853653,1.334499,2.570047,25,29.063999999999997
anomaly1,13,0,temporal,1.493859,1.280206,2.164263,24,29.063999999999997
anomaly1,13,0,static,1.670647,1.453959,2.369695,35,29.063999999999997
anomaly1,14,0,static,1.469963,1.247337,2.177214,20,29.063999999999997
anomaly1,14,0,temporal,1.479909,1.270331,2.135119,19,29.063999999999997
anomaly1,15,0,temporal,1.629504,1.395911,2.307891,15,29.063999999999997
anomaly1,15,0,static,1.617807,1.405316,2.259098,15,29.063999999999997
anomaly1,16,0,static,1.538627,1.326075,2.239497,3,10.798
anomaly1,16,0,temporal,1.71908,1.437143,2.495275,8,10.798
anomaly1,17,0,temporal,1.562173,1.276741,2.202992,7,21.690000000000005
anomaly1,17,0,static,1.723506,1.460489,2.382393,7,21.690000000000005
anomaly1,18,0,static,1.587682,1.339466,2.195661,6,36.29599999999999
anomaly1,18,0,temporal,1.770478,1.555142,2.403726,6,36.29599999999999
anomaly1,19,0,temporal,1.468271,1.257693,2.209232,15,21.690000000000005
anomaly1,19,0,static,1.584467,1.259075,2.277975,9,21.690000000000005
anomaly1,20,0,static,1.669365,1.413889,2.329273,41,36.29599999999999
anomaly1,20,0,temporal,1.504065,1.298063,2.205505,30,36.29599999999999
anomaly1,21,0,temporal,1.477425,1.25594,2.130983,29,36.29599999999999
anomaly1,21,0,static,1.655675,1.419207,2.241381,41,36.29599999999999
anomaly1,22,0,static,3.0943,2.613413,4.00606,23,36.29599999999999
anomaly1,22,0,temporal,2.060237,1.779522,2.844983,23,36.29599999999999
anomaly1,23,0,temporal,1.825862,1.509103,2.646063,18,36.29599999999999
anomaly1,23,0,static,1.734063,1.482863,2.474683,18,36.29599999999999
anomaly1,24,0,static,1.688303,1.456633,2.494533,4,10.762
anomaly1,24,0,temporal,1.569394,1.344113,2.348492,8,10.762
anomaly1,25,0,temporal,1.768505,1.50747,2.581845,6,21.624
anomaly1,25,0,static,2.661746,2.270895,3.36494,6,21.624
anomaly1,26,0,static,1.809387,1.57314,2.578109,8,43.358
anomaly1,26,0,temporal,1.948166,1.688694,2.592532,8,43.358
anomaly1,27,0,temporal,1.631648,1.37481,2.336955,15,21.624
anomaly1,27,0,static,1.571467,1.337623,2.648296,9,21.624
anomaly1,28,0,static,1.477194,1.256491,2.16842,52,43.358
anomaly1,28,0,temporal,1.667933,1.426047,2.279348,36,43.358
anomaly1,29,0,temporal,1.588033,1.332956,2.293629,37,43.358
anomaly1,29,0,static,1.779021,1.493118,2.52522,52,43.358
anomaly1,30,0,static,1.777769,1.508362,2.57853,30,43.358
anomaly1,30,0,temporal,1.858231,1.597566,2.541805,29,43.358
anomaly1,31,0,temporal,1.886564,1.630436,2.609326,22,43.358
anomaly1,31,0,static,1.79155,1.540159,2.476426,22,43.358
anomaly1,32,0,static,1.691769,1.443333,2.509145,5,11.219999999999999
anomaly1,32,0,temporal,1.663716,1.426357,2.376274,10,11.219999999999999
anomaly1,33,0,temporal,1.724068,1.460128,2.531078,6,21.948
anomaly1,33,0,static,2.297314,1.988908,3.105007,6,21.948
anomaly1,34,0,static,2.03605,1.77805,2.803882,7,43.714000000000006
anomaly1,34,0,temporal,1.777769,1.511126,2.468964,7,43.714000000000006
anomaly1,35,0,temporal,1.888847,1.63972,2.613443,17,21.948
anomaly1,35,0,static,1.725801,1.485137,2.408894,10,21.948
anomaly1,36,0,static,1.868536,1.588122,2.560783,52,43.714000000000006
anomaly1,36,0,temporal,1.979984,1.714773,2.784332,33,43.714000000000006
anomaly1,37,0,temporal,1.980636,1.719721,2.86249,37,43.714000000000006
anomaly1,37,0,static,2.349183,2.032995,3.026728,52,43.714000000000006
anomaly1,38,0,static,2.211966,1.840103,2.87587,37,51.01199999999999
anomaly1,38,0,temporal,1.647523,1.391084,2.286128,36,51.01199999999999
anomaly1,39,0,temporal,1.599179,1.377363,2.250885,25,51.01199999999999
anomaly1,39,0,static,1.472417,1.244062,2.191725,25,51.01199999999999
anomaly1,40,0,static,1.768636,1.557046,2.457217,3,11.726
anomaly1,40,0,temporal,1.448581,1.246846,2.127238,6,11.726
anomaly1,41,0,temporal,1.533339,1.331854,2.230764,6,22.645999999999997
anomaly1,41,0,static,2.184864,1.883199,2.865094,6,22.645999999999997
anomaly1,42,0,static,1.77228,1.508422,2.565641,8,44.336000000000006
anomaly1,42,0,temporal,1.654272,1.399146,2.32788,8,44.336000000000006
anomaly1,43,0,temporal,1.650176,1.418966,2.322633,15,22.645999999999997
anomaly1,43,0,static,1.464825,1.211463,2.101138,8,22.645999999999997
anomaly1,44,0,static,1.647091,1.419888,2.496346,52,44.336000000000006
anomaly1,44,0,temporal,1.70562,1.460539,2.330275,34,44.336000000000006
anomaly1,45,0,temporal,1.605879,1.378355,2.260439,38,44.336000000000006
anomaly1,45,0,static,1.636997,1.357102,2.284756,52,44.336000000000006
anomaly1,46,0,static,1.761755,1.520209,2.471008,38,58.942
anomaly1,46,0,temporal,1.728835,1.473549,2.344997,38,58.942
anomaly1,47,0,temporal,1.688574,1.431425,2.32716,28,58.942
anomaly1,47,0,static,1.680201,1.432537,2.345537,28,58.942
anomaly1,48,0,static,1.639089,1.426387,2.298466,3,12.018
anomaly1,48,0,temporal,1.516023,1.298204,2.183312,5,12.018
anomaly1,49,0,temporal,1.599289,1.389301,2.253178,5,23.543999999999997
anomaly1,49,0,static,1.542323,1.322841,2.253008,5,23.543999999999997
anomaly1,50,0,static,1.499138,1.266285,2.284936,7,45.168000000000006
anomaly1,50,0,temporal,1.683637,1.452277,2.354642,7,45.168000000000006
anomaly1,51,0,temporal,1.491306,1.271783,2.146987,12,23.543999999999997
anomaly1,51,0,static,1.585108,1.363212,2.239777,7,23.543999999999997
anomaly1,52,0,static,1.549754,1.321679,2.229171,47,45.168000000000006
anomaly1,52,0,temporal,1.586089,1.333447,2.257565,29,45.168000000000006
anomaly1,53,0,temporal,1.543124,1.311533,2.247019,34,45.168000000000006
anomaly1,53,0,static,1.580591,1.275609,2.26722,47,45.168000000000006
anomaly1,54,0,static,1.707643,1.314578,2.36719,43,66.902
anomaly1,54,0,temporal,1.552689,1.310833,2.22117,41,66.902
anomaly1,55,0,temporal,1.59326,1.287848,2.206668,29,66.902
anomaly1,55,0,static,1.556524,1.305816,2.160538,29,66.902
anomaly1,56,0,static,1.480038,1.251403,2.125625,3,11.764
anomaly1,56,0,temporal,1.541421,1.297052,2.18846,6,11.764
anomaly1,57,0,temporal,1.465016,1.225354,2.092285,5,23.59
anomaly1,57,0,static,1.532058,1.264914,2.157593,5,23.59
anomaly1,58,0,static,1.584967,1.346506,2.235491,6,45.538
anomaly1,58,0,temporal,1.607442,1.313166,2.270173,6,45.538
anomaly1,59,0,temporal,1.637917,1.274478,2.321021,8,23.59
anomaly1,59,0,static,1.637918,1.416592,2.266438,6,23.59
anomaly1,60,0,static,1.606811,1.373478,2.282974,43,45.538
anomaly1,60,0,temporal,1.642093,1.337573,2.324035,25,45.538
anomaly1,61,0,temporal,1.635504,1.345435,2.311476,32,45.538
anomaly1,61,0,static,1.655384,1.426147,2.303224,43,45.538
anomaly1,62,0,static,1.620241,1.338655,2.233769,42,67.30400000000002
anomaly1,62,0,temporal,1.678729,1.403092,2.283044,40,67.30400000000002
anomaly1,63,0,temporal,1.916549,1.62573,2.567194,24,67.30400000000002
anomaly1,63,0,static,1.764259,1.484235,2.391948,24,67.30400000000002
anomaly1,64,0,static,1.597636,1.371585,2.264495,3,11.798
anomaly1,64,0,temporal,1.542844,1.307478,2.143732,8,11.798
anomaly1,65,0,temporal,1.605639,1.383343,2.21456,2,23.624
anomaly1,65,0,static,1.612138,1.38172,2.253018,2,23.624
anomaly1,66,0,static,1.611597,1.367308,2.292717,4,46.26999999999999
anomaly1,66,0,temporal,1.980436,1.733993,2.675838,4,46.26999999999999
anomaly1,67,0,temporal,1.741394,1.502553,2.36637,12,23.624
anomaly1,67,0,static,1.643275,1.410423,2.296724,9,23.624
anomaly1,68,0,static,1.502202,1.277523,2.217564,39,46.26999999999999
anomaly1,68,0,temporal,1.636476,1.373157,2.309343,20,46.26999999999999
anomaly1,69,0,temporal,1.629915,1.394369,2.369644,29,46.26999999999999
anomaly1,69,0,static,1.58717,1.34878,2.328211,39,46.26999999999999
anomaly1,70,0,static,1.531827,1.297262,2.138274,43,67.96000000000001
anomaly1,70,0,temporal,1.614192,1.385736,2.211736,40,67.96000000000001
anomaly1,71,0,temporal,1.445746,1.220135,2.225637,23,67.96000000000001
anomaly1,71,0,static,1.54069,1.315059,2.34045,23,67.96000000000001
anomaly1,72,0,static,1.498627,1.28241,2.183833,1,12.028
anomaly1,72,0,temporal,1.464855,1.228999,2.207829,6,12.028
anomaly1,73,0,temporal,1.721794,1.453198,2.395534,3,23.626
anomaly1,73,0,static,1.528592,1.291744,2.262312,3,23.626
anomaly1,74,0,static,1.727263,1.416062,2.376345,2,47.16999999999999
anomaly1,74,0,temporal,1.686872,1.366497,2.382013,2,47.16999999999999
anomaly1,75,0,temporal,1.875557,1.582393,2.576517,11,23.626
anomaly1,75,0,static,1.772661,1.50025,2.459189,8,23.626
anomaly1,76,0,static,1.703116,1.469212,2.429565,32,47.16999999999999
anomaly1,76,0,temporal,1.606119,1.374639,2.425268,15,47.16999999999999
anomaly1,77,0,temporal,1.678749,1.444735,2.335353,25,47.16999999999999
anomaly1,77,0,static,1.537966,1.317743,2.233038,32,47.16999999999999
anomaly1,78,0,static,1.533529,1.30259,2.216333,39,68.79400000000001
anomaly1,78,0,temporal,1.608913,1.36198,2.300239,37,68.79400000000001
anomaly1,79,0,temporal,1.478948,1.24938,2.204825,20,68.79400000000001
anomaly1,79,0,static,1.630957,1.370954,2.501183,20,68.79400000000001
normal2,0,0,static,1.946494,1.708934,2.737571,5,11.062000000000001
normal2,0,0,temporal,1.498416,1.254878,2.203483,11,11.062000000000001
normal2,1,0,temporal,1.656776,1.405406,2.602397,5,22.053999999999995
normal2,1,0,static,1.661263,1.433458,2.431067,5,22.053999999999995
normal2,2,0,static,1.551637,1.338514,2.379249,7,22.053999999999995
normal2,2,0,temporal,1.514511,1.268018,2.200339,7,22.053999999999995
normal2,3,0,temporal,1.882266,1.416142,2.571209,19,22.053999999999995
normal2,3,0,static,1.69921,1.42815,2.401552,9,22.053999999999995
normal2,4,0,static,1.734604,1.498968,2.359319,30,22.053999999999995
normal2,4,0,temporal,3.130605,2.694145,4.040662,24,22.053999999999995
normal2,5,0,temporal,2.010811,1.747213,2.865214,19,22.053999999999995
normal2,5,0,static,1.920345,1.710807,2.838082,30,22.053999999999995
normal2,6,0,static,1.85105,1.559409,2.556557,18,22.053999999999995
normal2,6,0,temporal,1.720603,1.478096,2.546102,19,22.053999999999995
normal2,7,0,temporal,1.806523,1.522263,2.672713,12,22.053999999999995
normal2,7,0,static,1.972804,1.620781,3.658674,12,22.053999999999995
normal2,8,0,static,1.952112,1.660451,3.14737,4,11.062000000000001
normal2,8,0,temporal,1.741845,1.470575,2.537528,11,11.062000000000001
normal2,9,0,temporal,1.89724,1.597837,2.753805,6,22.119999999999997
normal2,9,0,static,2.030091,1.483093,2.768928,6,22.119999999999997
normal2,10,0,static,1.7058,1.349472,2.403155,9,29.545999999999992
normal2,10,0,temporal,1.901276,1.637387,2.632422,9,29.545999999999992
normal2,11,0,temporal,2.005824,1.599109,2.794688,20,22.119999999999997
normal2,11,0,static,1.636586,1.399427,2.441873,11,22.119999999999997
normal2,12,0,static,1.844159,1.525117,2.718912,41,29.545999999999992
normal2,12,0,temporal,1.939413,1.516073,2.667565,32,29.545999999999992
normal2,13,0,temporal,1.973225,1.549664,2.84303,28,29.545999999999992
normal2,13,0,static,1.92394,1.664338,2.717651,41,29.545999999999992
normal2,14,0,static,1.816587,1.40172,2.572531,24,29.545999999999992
normal2,14,0,temporal,1.815566,1.561792,2.516697,26,29.545999999999992
normal2,15,0,temporal,1.636496,1.405265,2.561334,17,29.545999999999992
normal2,15,0,static,1.75244,1.42155,2.56552,17,29.545999999999992
normal2,16,0,static,2.549937,2.230694,3.476719,5,11.096
normal2,16,0,temporal,1.878221,1.508582,2.884012,12,11.096
normal2,17,0,temporal,1.819632,1.508942,2.692393,6,22.186
normal2,17,0,static,1.939754,1.647442,2.840286,6,22.186
normal2,18,0,static,1.765591,1.485978,2.527593,10,37.00999999999999
normal2,18,0,temporal,1.825492,1.550926,2.56517,10,37.00999999999999
normal2,19,0,temporal,1.780012,1.454701,2.554364,22,22.186
normal2,19,0,static,1.718059,1.434419,2.419329,11,22.186
normal2,20,0,static,1.770208,1.424144,2.634325,52,37.00999999999999
normal2,20,0,temporal,2.139417,1.849518,2.855439,39,37.00999999999999
normal2,21,0,temporal,1.617847,1.406698,2.735397,35,37.00999999999999
normal2,21,0,static,3.457931,2.927208,4.234135,52,37.00999999999999
normal2,22,0,static,2.179105,1.888666,2.849319,32,37.00999999999999
normal2,22,0,temporal,2.120217,1.869498,2.761317,34,37.00999999999999
normal2,23,0,temporal,1.846282,1.549644,2.528694,20,37.00999999999999
normal2,23,0,static,2.166507,1.877169,2.812895,20,37.00999999999999
normal2,24,0,static,1.68577,1.400549,2.437247,3,11.127999999999998
normal2,24,0,temporal,1.575733,1.322791,2.226648,8,11.127999999999998
normal2,25,0,temporal,2.041338,1.802236,2.884393,9,22.252
normal2,25,0,static,1.695294,1.454791,2.33355,9,22.252
normal2,26,0,static,1.89739,1.669576,2.740675,10,44.306
normal2,26,0,temporal,1.909408,1.553439,2.631811,10,44.306
normal2,27,0,temporal,1.630977,1.369261,2.292968,19,22.252
normal2,27,0,static,1.733792,1.506929,2.466902,11,22.252
normal2,28,0,static,1.598237,1.377033,2.250524,59,44.306
normal2,28,0,temporal,1.70546,1.448612,2.343555,43,44.306
normal2,29,0,temporal,1.635003,1.354509,2.318887,41,44.306
normal2,29,0,static,2.185195,1.902458,2.857372,59,44.306
normal2,30,0,static,1.669415,1.413969,2.286578,36,44.306
normal2,30,0,temporal,1.965333,1.657987,2.669197,38,44.306
normal2,31,0,temporal,2.078293,1.501161,2.817582,23,44.306
normal2,31,0,static,2.342033,1.795316,3.037855,23,44.306
normal2,32,0,static,2.990093,2.516946,3.620176,5,11.038
normal2,32,0,temporal,2.200338,1.847174,2.962001,10,11.038
normal2,33,0,temporal,1.647412,1.429352,2.472439,8,22.226
normal2,33,0,static,2.042139,1.801805,2.762939,8,22.226
normal2,34,0,static,1.571207,1.359357,2.197745,8,44.346
normal2,34,0,temporal,1.794364,1.488422,2.463066,8,44.346
normal2,35,0,temporal,1.617616,1.400879,2.414111,19,22.226
normal2,35,0,static,1.676336,1.448581,2.392169,10,22.226
normal2,36,0,static,1.654553,1.397414,2.313128,59,44.346
normal2,36,0,temporal,1.547891,1.32869,2.185756,42,44.346
normal2,37,0,temporal,1.949028,1.693982,2.602667,41,44.346
normal2,37,0,static,1.565498,1.344454,2.204635,59,44.346
normal2,38,0,static,1.59978,1.329271,2.249372,43,51.77199999999999
normal2,38,0,temporal,1.463404,1.233015,2.142811,45,51.77199999999999
normal2,39,0,temporal,1.598849,1.338264,2.238837,26,51.77199999999999
normal2,39,0,static,1.667863,1.433298,2.299638,26,51.77199999999999
normal2,40,0,static,1.810127,1.565878,2.461253,5,11.258000000000001
normal2,40,0,temporal,1.680962,1.456382,2.372218,9,11.258000000000001
normal2,41,0,temporal,1.973615,1.703486,2.71019,9,22.384
normal2,41,0,static,1.697137,1.279215,2.321311,9,22.384
normal2,42,0,static,1.684538,1.435,2.343675,6,44.56999999999999
normal2,42,0,temporal,1.652189,1.417815,2.3269,6,44.56999999999999
normal2,43,0,temporal,1.548703,1.326657,2.210955,19,22.384
normal2,43,0,static,2.954449,2.561324,3.807339,10,22.384
normal2,44,0,static,2.126416,1.877029,2.916832,58,44.56999999999999
normal2,44,0,temporal,1.985192,1.676766,2.832785,39,44.56999999999999
normal2,45,0,temporal,1.625258,1.374639,2.441252,40,44.56999999999999
normal2,45,0,static,1.989319,1.689956,2.701486,58,44.56999999999999
normal2,46,0,static,1.885582,1.62615,2.788639,49,59.39399999999999
normal2,46,0,temporal,1.867535,1.538817,2.629687,51,59.39399999999999
normal2,47,0,temporal,1.707342,1.480279,2.593093,28,59.39399999999999
normal2,47,0,static,1.711089,1.473509,2.554954,28,59.39399999999999
normal2,48,0,static,1.808265,1.55381,2.659333,4,11.164
normal2,48,0,temporal,1.756978,1.523555,2.487863,11,11.164
normal2,49,0,temporal,1.549154,1.281619,2.291296,6,22.353999999999996
normal2,49,0,static,1.953675,1.607221,2.751041,6,22.353999999999996
normal2,50,0,static,1.629505,1.415351,2.365968,4,44.606
normal2,50,0,temporal,1.581503,1.373257,2.33348,4,44.606
normal2,51,0,temporal,2.280249,2.011673,3.085046,20,22.353999999999996
normal2,51,0,static,1.850379,1.615073,2.58541,10,22.353999999999996
normal2,52,0,static,1.922188,1.543795,2.752353,56,44.606
normal2,52,0,temporal,1.599038,1.345095,2.66476,37,44.606
normal2,53,0,temporal,1.755926,1.484055,2.672502,40,44.606
normal2,53,0,static,1.760974,1.544035,2.583528,56,44.606
normal2,54,0,static,2.932736,2.445278,3.681498,55,66.66
normal2,54,0,temporal,1.899534,1.605929,2.596077,58,66.66
normal2,55,0,temporal,1.88366,1.624427,2.527713,29,66.66
normal2,55,0,static,1.6926,1.450754,2.376975,29,66.66
normal2,56,0,static,1.748905,1.461971,2.427061,3,11.225999999999999
normal2,56,0,temporal,1.583956,1.310502,2.236683,10,11.225999999999999
normal2,57,0,temporal,1.487931,1.254318,2.169832,4,22.418000000000003
normal2,57,0,static,3.220451,2.166637,3.869593,4,22.418000000000003
normal2,58,0,static,1.69911,1.464545,2.430276,1,44.644
normal2,58,0,temporal,1.456203,1.239394,2.118715,1,44.644
normal2,59,0,temporal,1.494691,1.217451,2.183362,19,22.418000000000003
normal2,59,0,static,1.748234,1.466007,2.409334,11,22.418000000000003
normal2,60,0,static,1.623045,1.384775,2.414001,50,44.644
normal2,60,0,temporal,1.561753,1.333618,2.226788,30,44.644
normal2,61,0,temporal,1.816507,1.523234,2.972075,34,44.644
normal2,61,0,static,1.722716,1.471246,2.440422,50,44.644
normal2,62,0,static,1.598848,1.347528,2.390476,55,66.764
normal2,62,0,temporal,1.687072,1.419477,2.429625,58,66.764
normal2,63,0,temporal,1.685299,1.451465,2.417147,26,66.764
normal2,63,0,static,2.01687,1.688073,2.942571,26,66.764
normal2,64,0,static,3.000238,2.55168,3.932638,4,11.192
normal2,64,0,temporal,5.370273,4.963067,7.530961,11,11.192
normal2,65,0,temporal,3.098517,2.676629,3.843384,4,22.322
normal2,65,0,static,3.739076,3.333532,4.694631,4,22.322
normal2,66,0,static,2.912876,2.503417,3.684734,1,44.70599999999999
normal2,66,0,temporal,2.481353,2.211766,3.452903,1,44.70599999999999
normal2,67,0,temporal,1.879754,1.634373,2.866616,22,22.322
normal2,67,0,static,3.056673,2.621505,3.873709,12,22.322
normal2,68,0,static,1.953245,1.655324,2.634855,51,44.70599999999999
normal2,68,0,temporal,1.733662,1.426668,2.479531,31,44.70599999999999
normal2,69,0,temporal,1.697798,1.441651,2.41339,35,44.70599999999999
normal2,69,0,static,1.769697,1.497766,2.448193,51,44.70599999999999
normal2,70,0,static,2.899055,2.561965,3.575879,57,66.89199999999998
normal2,70,0,temporal,2.28146,2.018152,3.00788,60,66.89199999999998
normal2,71,0,temporal,1.71256,1.436172,2.386645,23,66.89199999999998
normal2,71,0,static,1.709716,1.482853,2.521054,23,66.89199999999998
normal2,72,0,static,1.971061,1.721825,2.658992,5,11.03
normal2,72,0,temporal,2.51841,2.275342,3.27591,11,11.03
normal2,73,0,temporal,2.884724,2.198395,3.586475,6,22.22
normal2,73,0,static,2.225636,1.93698,2.921429,6,22.22
normal2,74,0,static,1.759491,1.50077,2.42648,1,44.574
normal2,74,0,temporal,2.073967,1.856428,2.71722,1,44.574
normal2,75,0,temporal,1.553139,1.279826,2.224965,21,22.22
normal2,75,0,static,1.870119,1.649836,2.508815,12,22.22
normal2,76,0,static,1.678519,1.32231,2.303184,51,44.574
normal2,76,0,temporal,2.020907,1.773803,2.699323,31,44.574
normal2,77,0,temporal,1.626901,1.316271,2.236773,34,44.574
normal2,77,0,static,1.877651,1.600981,2.534904,51,44.574
normal2,78,0,static,1.983551,1.383903,2.678081,57,66.82600000000001
normal2,78,0,temporal,1.629905,1.377243,2.30067,60,66.82600000000001
normal2,79,0,temporal,1.700072,1.383243,2.395324,24,66.82600000000001
normal2,79,0,static,1.808705,1.577206,2.495455,24,66.82600000000001
anomaly2,0,0,static,1.900935,1.450354,2.550548,4,10.892
anomaly2,0,0,temporal,1.591707,1.314368,2.289278,10,10.892
anomaly2,1,0,temporal,3.991748,3.574858,4.896366,9,21.725999999999996
anomaly2,1,0,static,2.079936,1.832712,2.854117,9,21.725999999999996
anomaly2,2,0,static,1.754474,1.533149,2.535315,6,21.725999999999996
anomaly2,2,0,temporal,1.742786,1.468771,2.596597,6,21.725999999999996
anomaly2,3,0,temporal,2.057713,1.827554,2.826285,18,21.725999999999996
anomaly2,3,0,static,2.051183,1.695915,2.923372,9,21.725999999999996
anomaly2,4,0,static,1.727402,1.506428,2.56519,32,21.725999999999996
anomaly2,4,0,temporal,1.684428,1.445236,2.459811,24,21.725999999999996
anomaly2,5,0,temporal,1.800724,1.545728,2.568425,24,21.725999999999996
anomaly2,5,0,static,1.681413,1.443634,2.448143,32,21.725999999999996
anomaly2,6,0,static,1.720733,1.475021,2.439199,17,21.725999999999996
anomaly2,6,0,temporal,1.543755,1.314208,2.311295,18,21.725999999999996
anomaly2,7,0,temporal,1.622775,1.394639,2.418178,15,21.725999999999996
anomaly2,7,0,static,1.663817,1.334518,2.359369,15,21.725999999999996
anomaly2,8,0,static,1.533229,1.325225,2.303073,2,10.86
anomaly2,8,0,temporal,1.52704,1.315309,2.278837,9,10.86
anomaly2,9,0,temporal,1.968698,1.691599,2.924003,10,21.750000000000004
anomaly2,9,0,static,1.624537,1.285083,2.342203,10,21.750000000000004
anomaly2,10,0,static,1.534781,1.329611,2.311747,7,29.051999999999996
anomaly2,10,0,temporal,1.526209,1.310993,2.298918,7,29.051999999999996
anomaly2,11,0,temporal,1.839172,1.631738,2.602116,18,21.750000000000004
anomaly2,11,0,static,3.154611,2.681316,3.915172,11,21.750000000000004
anomaly2,12,0,static,2.087317,1.819472,2.761928,42,29.051999999999996
anomaly2,12,0,temporal,1.752921,1.462172,2.504388,31,29.051999999999996
anomaly2,13,0,temporal,1.953264,1.654653,2.650619,33,29.051999999999996
anomaly2,13,0,static,2.368142,2.030732,3.164396,42,29.051999999999996
anomaly2,14,0,static,2.807787,2.444727,3.463749,22,29.051999999999996
anomaly2,14,0,temporal,2.238326,1.887185,3.177336,24,29.051999999999996
anomaly2,15,0,temporal,2.389344,2.044602,3.174912,20,29.051999999999996
anomaly2,15,0,static,3.702,3.116204,6.410487,20,29.051999999999996
anomaly2,16,0,static,4.654395,2.093602,6.114043,4,11.018
anomaly2,16,0,temporal,3.525422,3.054379,4.751477,10,11.018
anomaly2,17,0,temporal,2.745873,2.258396,3.489098,10,21.907999999999998
anomaly2,17,0,static,2.087617,1.787764,2.78349,10,21.907999999999998
anomaly2,18,0,static,2.136411,1.825912,2.860467,8,36.51
anomaly2,18,0,temporal,4.981775,4.100202,5.694343,8,36.51
anomaly2,19,0,temporal,2.705672,2.313499,3.475417,20,21.907999999999998
anomaly2,19,0,static,2.171294,1.796978,2.818513,12,21.907999999999998
anomaly2,20,0,static,2.185215,1.885011,2.842249,53,36.51
anomaly2,20,0,temporal,1.83125,1.523384,2.506652,38,36.51
anomaly2,21,0,temporal,2.119556,1.864501,2.843641,41,36.51
anomaly2,21,0,static,1.879763,1.603846,2.596026,53,36.51
anomaly2,22,0,static,5.205634,4.854563,5.839833,29,36.51
anomaly2,22,0,temporal,1.902578,1.640351,2.659052,31,36.51
anomaly2,23,0,temporal,1.898001,1.636025,2.535625,24,36.51
anomaly2,23,0,static,1.773593,1.482333,2.492219,24,36.51
anomaly2,24,0,static,1.933214,1.692951,2.620553,5,11.06
anomaly2,24,0,temporal,1.681172,1.432557,2.40009,10,11.06
anomaly2,25,0,temporal,1.760994,1.529865,2.47891,9,21.988000000000003
anomaly2,25,0,static,1.523995,1.294158,2.218851,9,21.988000000000003
anomaly2,26,0,static,1.589735,1.30252,2.230894,9,43.714
anomaly2,26,0,temporal,1.772692,1.485997,2.455394,9,43.714
anomaly2,27,0,temporal,1.754383,1.464115,2.509566,20,21.988000000000003
anomaly2,27,0,static,1.681654,1.423453,2.589737,11,21.988000000000003
anomaly2,28,0,static,1.733272,1.477044,2.389194,62,43.714
anomaly2,28,0,temporal,2.303183,1.647802,2.984725,43,43.714
anomaly2,29,0,temporal,2.183412,1.65242,2.871533,48,43.714
anomaly2,29,0,static,1.852402,1.596665,2.554043,62,43.714
anomaly2,30,0,static,1.60708,1.346547,2.298937,35,43.714
anomaly2,30,0,temporal,1.733823,1.457394,2.686423,37,43.714
anomaly2,31,0,temporal,1.593069,1.346727,2.280299,27,43.714
anomaly2,31,0,static,1.746361,1.449482,2.777581,27,43.714
anomaly2,32,0,static,1.657477,1.410853,10.236714,4,11.296
anomaly2,32,0,temporal,2.073396,1.776357,2.824151,9,11.296
anomaly2,33,0,temporal,1.752811,1.502733,2.418138,8,22.326
anomaly2,33,0,static,1.911541,1.668854,2.568906,8,22.326
anomaly2,34,0,static,1.563965,1.270913,2.391326,7,44.076
anomaly2,34,0,temporal,1.854746,1.561031,2.677099,7,44.076
anomaly2,35,0,temporal,1.683307,1.35509,2.343575,19,22.326
anomaly2,35,0,static,1.586099,1.358846,2.255922,11,22.326
anomaly2,36,0,static,1.869638,1.539108,2.990523,60,44.076
anomaly2,36,0,temporal,1.706892,1.436103,2.794497,39,44.076
anomaly2,37,0,temporal,1.915708,1.642524,2.615997,48,44.076
anomaly2,37,0,static,1.943729,1.696186,2.728818,60,44.076
anomaly2,38,0,static,1.665499,1.421501,2.296023,41,51.378
anomaly2,38,0,temporal,1.575943,1.340738,2.191885,43,51.378
anomaly2,39,0,temporal,1.596795,1.363012,2.231244,31,51.378
anomaly2,39,0,static,1.753823,1.488352,2.352539,31,51.378
anomaly2,40,0,static,1.648403,1.340598,2.39991,2,11.992
anomaly2,40,0,temporal,1.761685,1.538207,2.616322,6,11.992
anomaly2,41,0,temporal,1.569033,1.347077,2.239978,8,23.127999999999997
anomaly2,41,0,static,1.620151,1.384244,2.385728,8,23.127999999999997
anomaly2,42,0,static,1.678939,1.442732,2.367536,6,45.036
anomaly2,42,0,temporal,2.453171,1.414028,3.109644,6,45.036
anomaly2,43,0,temporal,1.825952,1.538858,2.798523,16,23.127999999999997
anomaly2,43,0,static,1.939203,1.699952,2.605541,9,23.127999999999997
anomaly2,44,0,static,1.800504,1.51448,2.57827,58,45.036
anomaly2,44,0,temporal,1.71882,1.430113,2.484769,36,45.036
anomaly2,45,0,temporal,1.747613,1.457665,2.672983,47,45.036
anomaly2,45,0,static,1.960556,1.339726,2.673715,58,45.036
anomaly2,46,0,static,1.899583,1.655374,2.715918,44,59.638000000000005
anomaly2,46,0,temporal,1.479468,1.222829,2.141559,46,59.638000000000005
anomaly2,47,0,temporal,2.104483,1.846433,2.778883,35,59.638000000000005
anomaly2,47,0,static,1.954566,1.65265,2.628055,35,59.638000000000005
anomaly2,48,0,static,2.315042,1.980836,3.04748,1,12.228
anomaly2,48,0,temporal,1.556304,1.28291,2.211775,5,12.228
anomaly2,49,0,temporal,2.205957,1.92357,2.909406,7,24.012
anomaly2,49,0,static,1.616385,1.380758,2.270354,7,24.012
anomaly2,50,0,static,1.854494,1.604768,2.533392,6,46.0
anomaly2,50,0,temporal,2.014627,1.378175,2.710655,6,46.0
anomaly2,51,0,temporal,1.892573,1.637117,2.547303,11,24.012
anomaly2,51,0,static,2.114528,1.821325,2.88271,8,24.012
anomaly2,52,0,static,1.885202,1.616014,2.516857,52,46.0
anomaly2,52,0,temporal,1.756988,1.452948,2.457787,32,46.0
anomaly2,53,0,temporal,3.372271,2.821357,4.149736,43,46.0
anomaly2,53,0,static,1.974006,1.7189,2.942631,52,46.0
anomaly2,54,0,static,2.239547,1.91734,3.068321,46,67.726
anomaly2,54,0,temporal,2.019425,1.660862,2.737811,48,67.726
anomaly2,55,0,temporal,2.070041,1.741324,2.932947,36,67.726
anomaly2,55,0,static,1.596215,1.356061,2.291316,36,67.726
anomaly2,56,0,static,1.701574,1.485577,2.416095,1,12.318
anomaly2,56,0,temporal,1.75822,1.42797,3.045127,7,12.318
anomaly2,57,0,temporal,1.753291,1.469192,2.417837,5,24.576
anomaly2,57,0,static,1.668384,1.451255,2.269683,5,24.576
anomaly2,58,0,static,1.592789,1.378976,2.316975,5,46.90199999999999
anomaly2,58,0,temporal,1.829938,1.483774,2.570192,5,46.90199999999999
anomaly2,59,0,temporal,1.794134,1.568402,2.486711,10,24.576
anomaly2,59,0,static,1.545417,1.290863,2.195551,9,24.576
anomaly2,60,0,static,1.623776,1.399587,2.290865,46,46.90199999999999
anomaly2,60,0,temporal,1.614201,1.392165,2.293929,25,46.90199999999999
anomaly2,61,0,temporal,1.944181,1.714123,2.597248,39,46.90199999999999
anomaly2,61,0,static,1.614802,1.389672,2.281321,46,46.90199999999999
anomaly2,62,0,static,1.814765,1.568603,2.562806,44,68.652
anomaly2,62,0,temporal,1.688444,1.452216,2.376054,46,68.652
anomaly2,63,0,temporal,1.832402,1.331605,2.50528,31,68.652
anomaly2,63,0,static,1.980275,1.693181,2.672372,31,68.652
anomaly2,64,0,static,1.833543,1.564947,2.511198,1,12.13
anomaly2,64,0,temporal,2.015249,1.582354,2.723009,6,12.13
anomaly2,65,0,temporal,1.803107,1.557466,2.517869,4,24.516
anomaly2,65,0,static,2.102861,1.617276,2.818553,4,24.516
anomaly2,66,0,static,1.825241,1.572038,2.451498,4,47.644000000000005
anomaly2,66,0,temporal,2.028187,1.777939,2.747025,4,47.644000000000005
anomaly2,67,0,temporal,2.209442,1.883158,2.857472,11,24.516
anomaly2,67,0,static,1.654022,1.343342,2.295392,10,24.516
anomaly2,68,0,static,1.612199,1.378405,2.336895,40,47.644000000000005
anomaly2,68,0,temporal,2.114279,1.885713,2.800817,20,47.644000000000005
anomaly2,69,0,temporal,1.993104,1.640361,2.708216,35,47.644000000000005
anomaly2,69,0,static,1.953445,1.734203,2.601455,40,47.644000000000005
anomaly2,70,0,static,1.7452,1.406828,2.381357,43,69.55199999999998
anomaly2,70,0,temporal,1.792661,1.489553,2.547152,44,69.55199999999998
anomaly2,71,0,temporal,1.569965,1.325104,2.190333,27,69.55199999999998
anomaly2,71,0,static,1.750688,1.527271,2.438689,27,69.55199999999998
anomaly2,72,0,static,1.429742,1.224151,2.123061,1,12.23
anomaly2,72,0,temporal,1.46105,1.219194,2.153728,6,12.23
anomaly2,73,0,temporal,1.654323,1.442582,2.370045,3,24.49
anomaly2,73,0,static,1.638889,1.372977,2.326358,3,24.49
anomaly2,74,0,static,1.595753,1.38156,2.188711,2,48.50200000000001
anomaly2,74,0,temporal,2.031002,1.739731,2.738362,2,48.50200000000001
anomaly2,75,0,temporal,1.913194,1.644467,2.666254,11,24.49
anomaly2,75,0,static,1.680382,1.461941,2.304616,10,24.49
anomaly2,76,0,static,1.525798,1.310011,2.284035,32,48.50200000000001
anomaly2,76,0,temporal,1.988609,1.737809,2.769549,13,48.50200000000001
anomaly2,77,0,temporal,2.055649,1.787814,2.777962,30,48.50200000000001
anomaly2,77,0,static,1.766241,1.512347,2.441653,32,48.50200000000001
anomaly2,78,0,static,1.721204,1.462172,2.46528,40,70.49
anomaly2,78,0,temporal,1.810789,1.50079,2.553862,41,70.49
anomaly2,79,0,temporal,1.748655,1.504025,2.498309,24,70.49
anomaly2,79,0,static,3.257046,2.777301,4.066201,24,70.49
normal1,0,1,temporal,1.818981,1.593961,2.756229,9,10.856
normal1,0,1,static,2.161709,1.882818,3.058917,4,10.856
normal1,1,1,static,1.809957,1.583004,2.747716,6,21.548000000000002
normal1,1,1,temporal,1.804439,1.605078,2.542635,6,21.548000000000002
normal1,2,1,temporal,1.800143,1.539199,2.541003,4,21.548000000000002
normal1,2,1,static,1.790118,1.54026,2.858003,4,21.548000000000002
normal1,3,1,static,1.745861,1.530746,2.494473,8,21.548000000000002
normal1,3,1,temporal,1.93008,1.729185,3.710713,14,21.548000000000002
normal1,4,1,temporal,1.871901,1.462492,3.487755,17,21.548000000000002
normal1,4,1,static,1.710296,1.488862,2.601054,25,21.548000000000002
normal1,5,1,static,2.033617,1.73196,2.862921,25,21.548000000000002
normal1,5,1,temporal,1.589995,1.369842,2.295161,17,21.548000000000002
normal1,6,1,temporal,1.903139,1.667011,2.685101,14,21.548000000000002
normal1,6,1,static,1.555373,1.344394,2.235041,15,21.548000000000002
normal1,7,1,static,1.828586,1.547591,2.454522,10,21.548000000000002
normal1,7,1,temporal,1.443623,1.23643,2.174539,10,21.548000000000002
normal1,8,1,temporal,1.897259,1.687062,2.596037,8,10.921999999999999
normal1,8,1,static,1.772451,1.464024,2.548675,3,10.921999999999999
normal1,9,1,static,1.668083,1.374088,2.32767,6,21.72
normal1,9,1,temporal,1.739641,1.471536,2.473491,6,21.72
normal1,10,1,temporal,1.713532,1.497826,2.62499,5,28.880000000000003
normal1,10,1,static,1.525327,1.328309,2.242983,5,28.880000000000003
normal1,11,1,static,1.809487,1.602414,2.464007,9,21.72
normal1,11,1,temporal,1.508161,1.305515,2.18143,17,21.72
normal1,12,1,temporal,1.913264,1.704859,2.671771,23,28.880000000000003
normal1,12,1,static,1.64626,1.390604,2.319108,33,28.880000000000003
normal1,13,1,static,1.550556,1.267187,2.431438,33,28.880000000000003
normal1,13,1,temporal,1.629014,1.412026,2.332688,23,28.880000000000003
normal1,14,1,temporal,1.681554,1.4083,2.45317,20,28.880000000000003
normal1,14,1,static,1.569965,1.352906,2.462294,20,28.880000000000003
normal1,15,1,static,2.00331,1.627842,2.765453,13,28.880000000000003
normal1,15,1,temporal,1.54746,1.318054,2.234369,13,28.880000000000003
normal1,16,1,temporal,1.630085,1.380298,2.292217,11,11.052000000000001
normal1,16,1,static,1.470374,1.257803,2.176392,6,11.052000000000001
normal1,17,1,static,2.160608,1.858791,3.129003,6,21.82
normal1,17,1,temporal,1.663587,1.439908,2.641846,6,21.82
normal1,18,1,temporal,1.528842,1.312816,2.495254,8,36.306
normal1,18,1,static,1.502102,1.296621,2.442694,8,36.306
normal1,19,1,static,1.777529,1.541021,2.685962,10,21.82
normal1,19,1,temporal,1.448301,1.208828,2.372278,18,21.82
normal1,20,1,temporal,1.505347,1.286205,2.457817,32,36.306
normal1,20,1,static,1.780393,1.542303,2.702578,46,36.306
normal1,21,1,static,1.646741,1.36872,2.534484,46,36.306
normal1,21,1,temporal,1.600992,1.347918,2.477868,31,36.306
normal1,22,1,temporal,1.62004,1.397574,2.601495,27,36.306
normal1,22,1,static,1.509413,1.292685,2.429394,28,36.306
normal1,23,1,static,1.557386,1.312285,2.672573,18,36.306
normal1,23,1,temporal,1.789496,1.425577,2.73058,18,36.306
normal1,24,1,temporal,1.409242,1.201988,2.441693,9,11.108
normal1,24,1,static,1.384033,1.187015,2.367051,5,11.108
normal1,25,1,static,3.767223,3.17708,5.020734,7,21.996
normal1,25,1,temporal,6.215211,5.722947,7.520956,7,21.996
normal1,26,1,temporal,2.494393,2.112335,3.730583,9,43.544
normal1,26,1,static,1.976179,1.710928,3.088031,9,43.544
normal1,27,1,static,1.958753,1.592559,3.161983,10,21.996
normal1,27,1,temporal,2.106706,1.79831,3.134832,19,21.996
normal1,28,1,temporal,1.979744,1.739882,3.061561,40,43.544
normal1,28,1,static,2.275632,1.979053,3.234953,56,43.544
normal1,29,1,static,2.039775,1.740182,3.164607,56,43.544
normal1,29,1,temporal,2.19541,1.846813,3.189775,37,43.544
normal1,30,1,temporal,2.151064,1.843018,3.110755,33,43.544
normal1,30,1,static,2.287549,1.940465,3.191007,34,43.544
normal1,31,1,static,2.077011,1.777568,3.047159,22,43.544
normal1,31,1,temporal,2.329955,1.995768,3.25982,22,43.544
normal1,32,1,temporal,2.192496,1.895688,3.14054,9,11.094
normal1,32,1,static,2.236393,1.952493,3.160991,6,11.094
normal1,33,1,static,2.422865,2.036471,3.309666,7,22.152
normal1,33,1,temporal,1.908677,1.642845,2.92258,7,22.152
normal1,34,1,temporal,1.63293,1.393238,2.644791,9,43.872
normal1,34,1,static,1.576214,1.359476,2.605441,9,43.872
normal1,35,1,static,1.781395,1.536635,2.986657,9,22.152
normal1,35,1,temporal,1.660762,1.443624,2.620093,19,22.152
normal1,36,1,temporal,1.703347,1.440819,2.685762,40,43.872
normal1,36,1,static,1.954256,1.664128,3.046778,57,43.872
normal1,37,1,static,1.807143,1.509733,2.804512,57,43.872
normal1,37,1,temporal,1.665118,1.433067,2.715277,38,43.872
normal1,38,1,temporal,2.117993,1.846423,3.317598,39,51.032
normal1,38,1,static,1.788786,1.566389,2.759584,40,51.032
normal1,39,1,static,1.755175,1.452127,2.834818,24,51.032
normal1,39,1,temporal,1.794114,1.539299,2.716039,24,51.032
normal1,40,1,temporal,1.802777,1.596254,2.800266,11,10.984000000000002
normal1,40,1,static,1.718289,1.472447,2.638041,6,10.984000000000002
normal1,41,1,static,1.596074,1.385466,2.537718,7,22.02
normal1,41,1,temporal,1.594302,1.39474,2.51187,7,22.02
normal1,42,1,temporal,1.790829,1.572639,2.785683,9,43.839999999999996
normal1,42,1,static,1.606911,1.402702,2.528594,9,43.839999999999996
normal1,43,1,static,1.882157,1.652369,2.75744,9,22.02
normal1,43,1,temporal,1.715495,1.48126,2.916292,20,22.02
normal1,44,1,temporal,1.690758,1.414289,2.51189,41,43.839999999999996
normal1,44,1,static,1.779171,1.45451,2.469566,59,43.839999999999996
normal1,45,1,static,1.868846,1.514962,2.643498,59,43.839999999999996
normal1,45,1,temporal,1.671368,1.451956,2.342043,39,43.839999999999996
normal1,46,1,temporal,1.72619,1.48102,2.410416,47,58.326
normal1,46,1,static,1.656246,1.378795,2.365718,48,58.326
normal1,47,1,static,2.089892,1.828075,2.820907,28,58.326
normal1,47,1,temporal,1.648624,1.386387,2.390145,28,58.326
normal1,48,1,temporal,1.760623,1.510845,2.474914,10,10.93
normal1,48,1,static,1.8712,1.639931,2.599552,3,10.93
normal1,49,1,static,1.622875,1.411885,2.275411,7,21.886
normal1,49,1,temporal,1.655344,1.442772,2.304025,7,21.886
normal1,50,1,temporal,1.525868,1.266376,2.20214,10,43.882
normal1,50,1,static,1.685058,1.470794,2.355603,10,43.882
normal1,51,1,static,2.026595,1.808836,2.718362,10,21.886
normal1,51,1,temporal,1.758911,1.475542,2.479501,20,21.886
normal1,52,1,temporal,1.630957,1.371615,2.304826,46,43.882
normal1,52,1,static,1.739772,1.274998,2.53228,62,43.882
normal1,53,1,static,1.774674,1.506598,2.430726,62,43.882
normal1,53,1,temporal,1.567281,1.330472,2.431959,41,43.882
normal1,54,1,temporal,4.142015,3.805176,4.903748,53,65.43
normal1,54,1,static,1.728314,1.46755,2.516496,53,65.43
normal1,55,1,static,1.708825,1.432377,2.414733,33,65.43
normal1,55,1,temporal,1.701935,1.437294,2.352749,33,65.43
normal1,56,1,temporal,1.609715,1.396703,2.633273,10,11.158
normal1,56,1,static,1.668073,1.457965,2.302923,4,11.158
normal1,57,1,static,2.656847,2.322822,3.360191,10,21.956
normal1,57,1,temporal,1.628021,1.313967,2.26189,10,21.956
normal1,58,1,temporal,2.66502,2.377975,3.346249,9,44.108000000000004
normal1,58,1,static,2.458898,2.070541,3.309755,9,44.108000000000004
normal1,59,1,static,1.489373,1.248378,2.177462,12,21.956
normal1,59,1,temporal,1.564725,1.351203,2.250102,21,21.956
normal1,60,1,temporal,1.630155,1.406046,2.355722,47,44.108000000000004
normal1,60,1,static,1.492456,1.251762,2.121778,65,44.108000000000004
normal1,61,1,static,1.834424,1.598237,2.461332,65,44.108000000000004
normal1,61,1,temporal,1.477715,1.253025,2.141879,43,44.108000000000004
normal1,62,1,temporal,1.611747,1.350953,2.269542,57,65.828
normal1,62,1,static,1.499497,1.241156,2.278525,56,65.828
normal1,63,1,static,1.592708,1.366556,2.342361,34,65.828
normal1,63,1,temporal,1.645217,1.393627,2.358296,34,65.828
normal1,64,1,temporal,1.493218,1.27701,2.159115,8,11.786000000000001
normal1,64,1,static,1.840022,1.600521,2.493551,3,11.786000000000001
normal1,65,1,static,1.778619,1.52762,2.45352,10,22.686
normal1,65,1,temporal,1.466577,1.250821,2.193888,10,22.686
normal1,66,1,temporal,1.592948,1.381709,2.259287,8,44.705999999999996
normal1,66,1,static,1.616023,1.390502,2.26223,8,44.705999999999996
normal1,67,1,static,1.454018,1.246735,2.151273,10,22.686
normal1,67,1,temporal,1.698699,1.345755,2.610688,18,22.686
normal1,68,1,temporal,1.910048,1.641121,2.604247,44,44.705999999999996
normal1,68,1,static,1.667872,1.450533,2.309832,61,44.705999999999996
normal1,69,1,static,1.469512,1.25627,2.141829,61,44.705999999999996
normal1,69,1,temporal,1.471405,1.225463,2.291475,43,44.705999999999996
normal1,70,1,temporal,1.665268,1.438305,2.306689,55,66.526
normal1,70,1,static,2.259546,2.002869,2.92345,53,66.526
normal1,71,1,static,1.863988,1.565557,2.979415,34,66.526
normal1,71,1,temporal,5.250214,4.865272,6.131927,34,66.526
normal1,72,1,temporal,1.806142,1.539508,2.83665,6,11.566
normal1,72,1,static,1.645558,1.447148,2.753935,2,11.566
normal1,73,1,static,1.802315,1.587961,2.694465,6,23.048000000000002
normal1,73,1,temporal,1.830117,1.549653,2.740273,6,23.048000000000002
normal1,74,1,temporal,2.32782,2.018593,3.431078,7,44.934
normal1,74,1,static,1.749835,1.530664,2.652341,7,44.934
normal1,75,1,static,1.850688,1.633079,2.809939,9,23.048000000000002
normal1,75,1,temporal,1.521871,1.319405,2.435482,15,23.048000000000002
normal1,76,1,temporal,1.632269,1.404233,2.728095,36,44.934
normal1,76,1,static,2.533941,2.198475,3.310997,53,44.934
normal1,77,1,static,2.084091,1.758028,2.828607,53,44.934
normal1,77,1,temporal,2.002177,1.768534,2.747904,39,44.934
normal1,78,1,temporal,1.698799,1.357282,2.37424,54,66.92999999999999
normal1,78,1,static,1.751638,1.528331,2.457826,52,66.92999999999999
normal1,79,1,static,1.611447,1.403973,2.317044,32,66.92999999999999
normal1,79,1,temporal,1.638959,1.423022,2.254308,32,66.92999999999999
anomaly1,0,1,temporal,1.371333,1.178282,2.074076,8,10.867999999999999
anomaly1,0,1,static,1.498596,1.274377,2.311606,3,10.867999999999999
anomaly1,1,1,static,1.40219,1.197911,2.10313,8,21.733999999999998
anomaly1,1,1,temporal,1.449122,1.250231,2.247108,8,21.733999999999998
anomaly1,2,1,temporal,1.638478,1.392546,2.531999,3,21.733999999999998
anomaly1,2,1,static,1.578107,1.373116,2.226847,3,21.733999999999998
anomaly1,3,1,static,2.047096,1.612908,2.722337,8,21.733999999999998
anomaly1,3,1,temporal,1.900563,1.643655,2.615645,14,21.733999999999998
anomaly1,4,1,temporal,1.775465,1.552858,2.653503,18,21.733999999999998
anomaly1,4,1,static,2.059995,1.817518,2.861497,25,21.733999999999998
anomaly1,5,1,static,1.889878,1.662384,2.566411,25,21.733999999999998
anomaly1,5,1,temporal,1.809346,1.547389,2.594133,18,21.733999999999998
anomaly1,6,1,temporal,1.811569,1.584536,2.525629,14,21.733999999999998
anomaly1,6,1,static,1.659259,1.351814,2.30771,14,21.733999999999998
anomaly1,7,1,static,1.550936,1.346887,2.231144,11,21.733999999999998
anomaly1,7,1,temporal,1.925342,1.654532,2.624408,11,21.733999999999998
anomaly1,8,1,temporal,1.755575,1.496353,2.418046,8,10.832
anomaly1,8,1,static,1.651226,1.396361,2.345096,4,10.832
anomaly1,9,1,static,1.734964,1.530685,2.411556,6,21.766000000000002
anomaly1,9,1,temporal,1.852591,1.589594,2.549245,6,21.766000000000002
anomaly1,10,1,temporal,1.596003,1.38851,2.269181,5,29.063999999999997
anomaly1,10,1,static,1.718137,1.491465,2.435993,5,29.063999999999997
anomaly1,11,1,static,1.769646,1.513769,2.633972,9,21.766000000000002
anomaly1,11,1,temporal,2.026454,1.757508,2.975049,15,21.766000000000002
anomaly1,12,1,temporal,2.130462,1.833262,3.245057,25,29.063999999999997
anomaly1,12,1,static,1.829717,1.533068,2.959245,35,29.063999999999997
anomaly1,13,1,static,1.958031,1.731568,2.981749,35,29.063999999999997
anomaly1,13,1,temporal,1.47496,1.27689,2.516275,24,29.063999999999997
anomaly1,14,1,temporal,1.940975,1.742995,2.844421,19,29.063999999999997
anomaly1,14,1,static,1.608623,1.380718,2.50601,20,29.063999999999997
anomaly1,15,1,static,2.260769,1.922837,3.390046,15,29.063999999999997
anomaly1,15,1,temporal,5.13159,4.705165,6.315229,15,29.063999999999997
anomaly1,16,1,temporal,2.167257,1.909968,3.305448,8,10.798
anomaly1,16,1,static,1.993434,1.750547,3.042581,3,10.798
anomaly1,17,1,static,1.980955,1.664787,3.046416,7,21.690000000000005
anomaly1,17,1,temporal,2.055158,1.719821,3.029901,7,21.690000000000005
anomaly1,18,1,temporal,2.085734,1.807303,2.85624,6,36.29599999999999
anomaly1,18,1,static,2.006354,1.774453,3.010152,6,36.29599999999999
anomaly1,19,1,static,1.948086,1.71288,2.970431,9,21.690000000000005
anomaly1,19,1,temporal,2.029319,1.788174,3.021438,15,21.690000000000005
anomaly1,20,1,temporal,3.493453,3.205367,4.461347,30,36.29599999999999
anomaly1,20,1,static,1.914495,1.6532,3.011353,41,36.29599999999999
anomaly1,21,1,static,2.022808,1.790717,2.932224,41,36.29599999999999
anomaly1,21,1,temporal,2.301791,2.076019,3.279008,29,36.29599999999999
anomaly1,22,1,temporal,2.071232,1.764088,3.032886,23,36.29599999999999
anomaly1,22,1,static,1.946483,1.728654,2.90339,23,36.29599999999999
anomaly1,23,1,static,1.839482,1.610485,2.838802,18,36.29599999999999
anomaly1,23,1,temporal,2.141117,1.910379,3.16766,18,36.29599999999999
anomaly1,24,1,temporal,1.923519,1.704368,3.089982,8,10.762
anomaly1,24,1,static,1.935647,1.716466,2.843039,4,10.762
anomaly1,25,1,static,1.987004,1.743426,2.919335,6,21.624
anomaly1,25,1,temporal,1.900764,1.651597,2.839123,6,21.624
anomaly1,26,1,temporal,1.980685,1.708894,2.962159,8,43.358
anomaly1,26,1,static,1.882967,1.630806,2.828808,8,43.358
anomaly1,27,1,static,1.963629,1.744357,2.761916,9,21.624
anomaly1,27,1,temporal,2.24852,1.989478,3.037823,15,21.624
anomaly1,28,1,temporal,2.127737,1.821264,2.823419,36,43.358
anomaly1,28,1,static,2.006064,1.775425,2.695236,52,43.358
anomaly1,29,1,static,1.612168,1.383041,2.32787,52,43.358
anomaly1,29,1,temporal,1.601261,1.346666,2.302632,37,43.358
anomaly1,30,1,temporal,1.757107,1.516172,2.614543,29,43.358
anomaly1,30,1,static,1.724468,1.431354,2.457385,30,43.358
anomaly1,31,1,static,2.007796,1.676345,3.079646,22,43.358
anomaly1,31,1,temporal,1.91734,1.65957,2.989481,22,43.358
anomaly1,32,1,temporal,1.551536,1.305234,2.558789,10,11.219999999999999
anomaly1,32,1,static,1.948687,1.64019,3.091615,5,11.219999999999999
anomaly1,33,1,static,2.276251,1.908536,3.206519,6,21.948
anomaly1,33,1,temporal,2.398066,1.999513,3.353802,6,21.948
anomaly1,34,1,temporal,2.201479,1.903168,3.252287,7,43.714000000000006
anomaly1,34,1,static,1.808124,1.560119,2.974958,7,43.714000000000006
anomaly1,35,1,static,1.723827,1.438906,2.693312,10,21.948
anomaly1,35,1,temporal,1.87201,1.560519,2.807967,17,21.948
anomaly1,36,1,temporal,1.960915,1.741383,2.861247,33,43.714000000000006
anomaly1,36,1,static,1.574321,1.338053,2.258315,52,43.714000000000006
anomaly1,37,1,static,1.694222,1.427438,2.429814,52,43.714000000000006
anomaly1,37,1,temporal,1.471024,1.255379,2.309893,37,43.714000000000006
anomaly1,38,1,temporal,1.56795,1.312555,2.325526,36,51.01199999999999
anomaly1,38,1,static,1.52119,1.294798,2.153897,37,51.01199999999999
anomaly1,39,1,static,1.609213,1.379466,2.274389,25,51.01199999999999
anomaly1,39,1,temporal,1.503784,1.26315,2.103971,25,51.01199999999999
anomaly1,40,1,temporal,1.545777,1.334918,2.178273,6,11.726
anomaly1,40,1,static,1.625568,1.378654,2.846034,3,11.726
anomaly1,41,1,static,1.475301,1.273556,2.257874,6,22.645999999999997
anomaly1,41,1,temporal,1.532508,1.31625,2.254239,6,22.645999999999997
anomaly1,42,1,temporal,1.399776,1.170209,2.147156,8,44.336000000000006
anomaly1,42,1,static,1.628612,1.416562,2.419799,8,44.336000000000006
anomaly1,43,1,static,1.479247,1.277652,2.15545,8,22.645999999999997
anomaly1,43,1,temporal,1.442331,1.240996,2.09584,15,22.645999999999997
anomaly1,44,1,temporal,1.460909,1.230671,2.096901,34,44.336000000000006
anomaly1,44,1,static,1.771489,1.502462,2.48671,52,44.336000000000006
anomaly1,45,1,static,1.515011,1.267907,2.379147,52,44.336000000000006
anomaly1,45,1,temporal,1.673771,1.41568,2.447721,38,44.336000000000006
anomaly1,46,1,temporal,1.450183,1.231442,2.17548,38,58.942
anomaly1,46,1,static,1.562413,1.323461,2.179706,38,58.942
anomaly1,47,1,static,1.584135,1.35568,2.315291,28,58.942
anomaly1,47,1,temporal,1.841114,1.536704,2.501302,28,58.942
anomaly1,48,1,temporal,1.72597,1.506457,2.39445,5,12.018
anomaly1,48,1,static,1.60022,1.381709,2.285035,3,12.018
anomaly1,49,1,static,1.599509,1.356772,2.251515,5,23.543999999999997
anomaly1,49,1,temporal,1.448871,1.236139,2.112805,5,23.543999999999997
anomaly1,50,1,temporal,1.536544,1.320546,2.627153,7,45.168000000000006
anomaly1,50,1,static,1.710816,1.460949,2.554132,7,45.168000000000006
anomaly1,51,1,static,1.515842,1.308999,2.220928,7,23.543999999999997
anomaly1,51,1,temporal,1.504655,1.299394,2.240858,12,23.543999999999997
anomaly1,52,1,temporal,1.404965,1.173585,2.222541,29,45.168000000000006
anomaly1,52,1,static,1.472236,1.261858,2.103461,47,45.168000000000006
anomaly1,53,1,static,1.619689,1.317352,2.561703,47,45.168000000000006
anomaly1,53,1,temporal,1.510894,1.2568,2.164062,34,45.168000000000006
anomaly1,54,1,temporal,1.53419,1.302769,2.233688,41,66.902
anomaly1,54,1,static,1.608532,1.34932,2.275861,43,66.902
anomaly1,55,1,static,1.544876,1.300266,2.219166,29,66.902
anomaly1,55,1,temporal,1.603756,1.370723,2.495784,29,66.902
anomaly1,56,1,temporal,1.525156,1.303061,2.279757,6,11.764
anomaly1,56,1,static,1.575282,1.327047,2.294419,3,11.764
anomaly1,57,1,static,2.163882,1.917279,3.204155,5,23.59
anomaly1,57,1,temporal,1.476543,1.264292,2.14923,5,23.59
anomaly1,58,1,temporal,1.40181,1.172714,2.037842,6,45.538
anomaly1,58,1,static,1.332164,1.129067,1.976699,6,45.538
anomaly1,59,1,static,1.523063,1.323461,2.226907,6,23.59
anomaly1,59,1,temporal,1.56077,1.362531,2.214358,8,23.59
anomaly1,60,1,temporal,1.520299,1.309921,2.302772,25,45.538
anomaly1,60,1,static,1.472056,1.248017,2.223272,43,45.538
anomaly1,61,1,static,1.689445,1.460408,2.445898,43,45.538
anomaly1,61,1,temporal,1.536783,1.316621,3.010662,32,45.538
anomaly1,62,1,temporal,1.610986,1.369471,2.344625,40,67.30400000000002
anomaly1,62,1,static,1.392726,1.161536,2.064011,42,67.30400000000002
anomaly1,63,1,static,1.623374,1.399285,2.264724,24,67.30400000000002
anomaly1,63,1,temporal,1.473759,1.268027,2.123671,24,67.30400000000002
anomaly1,64,1,temporal,1.603484,1.404694,2.279337,8,11.798
anomaly1,64,1,static,1.34926,1.150339,2.007686,3,11.798
anomaly1,65,1,static,1.615893,1.400137,2.231334,2,23.624
anomaly1,65,1,temporal,1.592117,1.363071,2.257303,2,23.624
anomaly1,66,1,temporal,1.513739,1.308238,2.254119,4,46.26999999999999
anomaly1,66,1,static,1.463533,1.234266,2.200047,4,46.26999999999999
anomaly1,67,1,static,1.466057,1.23063,2.135829,9,23.624
anomaly1,67,1,temporal,1.336741,1.127124,1.986113,12,23.624
anomaly1,68,1,temporal,1.72613,1.493779,2.441982,20,46.26999999999999
anomaly1,68,1,static,1.48137,1.270761,2.13638,39,46.26999999999999
anomaly1,69,1,static,1.588712,1.369771,2.259487,39,46.26999999999999
anomaly1,69,1,temporal,1.471996,1.204632,2.783609,29,46.26999999999999
anomaly1,70,1,temporal,1.971792,1.719319,2.7054,40,67.96000000000001
anomaly1,70,1,static,1.87155,1.625438,2.550707,43,67.96000000000001
anomaly1,71,1,static,1.641231,1.416762,2.343974,23,67.96000000000001
anomaly1,71,1,temporal,1.611176,1.383903,2.318225,23,67.96000000000001
anomaly1,72,1,temporal,1.887294,1.611067,2.662556,6,12.028
anomaly1,72,1,static,2.051512,1.826892,2.816589,1,12.028
anomaly1,73,1,static,1.541281,1.332594,2.296673,3,23.626
anomaly1,73,1,temporal,1.736545,1.447579,2.413329,3,23.626
anomaly1,74,1,temporal,1.543023,1.324283,2.345316,2,47.16999999999999
anomaly1,74,1,static,1.418164,1.211912,2.074908,2,47.16999999999999
anomaly1,75,1,static,1.352675,1.134015,2.455062,8,23.626
anomaly1,75,1,temporal,1.444985,1.222779,2.120516,11,23.626
anomaly1,76,1,temporal,1.436492,1.234957,2.199996,15,47.16999999999999
anomaly1,76,1,static,1.443142,1.247927,2.083911,32,47.16999999999999
anomaly1,77,1,static,1.459246,1.248057,2.240839,32,47.16999999999999
anomaly1,77,1,temporal,1.807553,1.494189,2.471978,25,47.16999999999999
anomaly1,78,1,temporal,1.796617,1.573018,2.493019,37,68.79400000000001
anomaly1,78,1,static,1.574831,1.350462,2.467251,39,68.79400000000001
anomaly1,79,1,static,1.565577,1.234636,2.257713,20,68.79400000000001
anomaly1,79,1,temporal,1.447008,1.219844,2.32118,20,68.79400000000001
normal2,0,1,temporal,1.36885,1.126464,2.402182,11,11.062000000000001
normal2,0,1,static,1.952913,1.707782,2.973296,5,11.062000000000001
normal2,1,1,static,1.648192,1.406536,2.406228,5,22.053999999999995
normal2,1,1,temporal,1.47478,1.255669,2.253798,5,22.053999999999995
normal2,2,1,temporal,1.675403,1.469412,2.38096,7,22.053999999999995
normal2,2,1,static,1.419256,1.220907,2.177964,7,22.053999999999995
normal2,3,1,static,1.634232,1.365905,2.398416,9,22.053999999999995
normal2,3,1,temporal,1.681763,1.46833,2.385287,19,22.053999999999995
normal2,4,1,temporal,1.513599,1.255378,2.451036,24,22.053999999999995
normal2,4,1,static,1.64007,1.390022,2.396414,30,22.053999999999995
normal2,5,1,static,1.535451,1.288438,2.359537,30,22.053999999999995
normal2,5,1,temporal,1.543785,1.319956,2.278044,19,22.053999999999995
normal2,6,1,temporal,1.544005,1.321118,2.30132,19,22.053999999999995
normal2,6,1,static,1.422481,1.188267,2.191704,18,22.053999999999995
normal2,7,1,static,1.382451,1.179203,2.117101,12,22.053999999999995
normal2,7,1,temporal,1.728914,1.471495,2.468022,12,22.053999999999995
normal2,8,1,temporal,1.444144,1.239173,2.171634,11,11.062000000000001
normal2,8,1,static,1.490725,1.280356,2.216442,4,11.062000000000001
normal2,9,1,static,1.485957,1.28291,2.184664,6,22.119999999999997
normal2,9,1,temporal,1.417143,1.211031,2.163572,6,22.119999999999997
normal2,10,1,temporal,1.418755,1.219474,2.20912,9,29.545999999999992
normal2,10,1,static,1.795866,1.488611,2.511137,9,29.545999999999992
normal2,11,1,static,1.466157,1.237331,2.20259,11,22.119999999999997
normal2,11,1,temporal,1.610966,1.405966,2.353649,20,22.119999999999997
normal2,12,1,temporal,1.54781,1.312905,2.448021,32,29.545999999999992
normal2,12,1,static,1.902958,1.593169,2.654805,41,29.545999999999992
normal2,13,1,static,1.543454,1.313756,2.2354,41,29.545999999999992
normal2,13,1,temporal,1.529413,1.316992,2.696888,28,29.545999999999992
normal2,14,1,temporal,1.528772,1.278112,2.209151,26,29.545999999999992
normal2,14,1,static,2.040185,1.812251,2.709347,24,29.545999999999992
normal2,15,1,static,1.87141,1.472466,2.765131,17,29.545999999999992
normal2,15,1,temporal,1.667411,1.435019,2.402603,17,29.545999999999992
normal2,16,1,temporal,2.082298,1.826291,2.855377,12,11.096
normal2,16,1,static,1.452156,1.251873,2.092775,5,11.096
normal2,17,1,static,1.663164,1.386436,2.529044,6,22.186
normal2,17,1,temporal,1.553819,1.340918,2.26836,6,22.186
normal2,18,1,temporal,1.688243,1.466588,2.378286,10,37.00999999999999
normal2,18,1,static,1.616574,1.383642,2.531568,10,37.00999999999999
normal2,19,1,static,1.936288,1.695714,2.675395,11,22.186
normal2,19,1,temporal,1.519747,1.314067,2.245395,22,22.186
normal2,20,1,temporal,1.658637,1.429902,2.439389,39,37.00999999999999
normal2,20,1,static,1.490624,1.248037,2.198585,52,37.00999999999999
normal2,21,1,static,1.865871,1.582543,2.622165,52,37.00999999999999
normal2,21,1,temporal,1.533158,1.285984,2.195941,35,37.00999999999999
normal2,22,1,temporal,1.751258,1.511716,2.397515,34,37.00999999999999
normal2,22,1,static,1.558437,1.344253,2.22239,32,37.00999999999999
normal2,23,1,static,1.846331,1.618477,2.532198,20,37.00999999999999
normal2,23,1,temporal,1.720642,1.422531,2.46008,20,37.00999999999999
normal2,24,1,temporal,1.630776,1.423172,2.26198,8,11.127999999999998
normal2,24,1,static,2.025933,1.822576,2.845453,3,11.127999999999998
normal2,25,1,static,2.65897,2.410264,3.834558,9,22.252
normal2,25,1,temporal,1.725398,1.467709,2.841125,9,22.252
normal2,26,1,temporal,1.678368,1.40205,2.601934,10,44.306
normal2,26,1,static,3.365659,3.108491,4.330148,10,44.306
normal2,27,1,static,2.148609,1.875656,3.115631,11,22.252
normal2,27,1,temporal,2.008547,1.695523,3.12808,19,22.252
normal2,28,1,temporal,2.021857,1.760522,2.914107,43,44.306
normal2,28,1,static,1.860453,1.605067,2.534282,59,44.306
normal2,29,1,static,1.609965,1.363682,2.368622,59,44.306
normal2,29,1,temporal,1.525857,1.279334,2.174488,41,44.306
normal2,30,1,temporal,1.65964,1.393898,2.376754,38,44.306
normal2,30,1,static,1.648692,1.404453,4.485112,36,44.306
normal2,31,1,static,2.064352,1.758549,2.943591,23,44.306
normal2,31,1,temporal,2.085744,1.761012,3.850372,23,44.306
normal2,32,1,temporal,1.777298,1.523273,2.681364,10,11.038
normal2,32,1,static,1.683215,1.440058,2.461141,5,11.038
normal2,33,1,static,1.628172,1.369551,2.644359,8,22.226
normal2,33,1,temporal,1.42184,1.208037,2.302842,8,22.226
normal2,34,1,temporal,1.500629,1.254517,2.445468,8,44.346
normal2,34,1,static,2.154568,1.813041,2.918062,8,44.346
normal2,35,1,static,1.692048,1.43549,2.614353,10,22.226
normal2,35,1,temporal,2.271044,1.962908,3.345018,19,22.226
normal2,36,1,temporal,1.908776,1.675684,2.798251,42,44.346
normal2,36,1,static,1.440088,1.221477,2.312176,59,44.346
normal2,37,1,static,1.403071,1.154316,2.276442,59,44.346
normal2,37,1,temporal,1.612128,1.367598,2.452568,41,44.346
normal2,38,1,temporal,1.63353,1.354719,2.482024,45,51.77199999999999
normal2,38,1,static,1.973685,1.712589,2.808277,43,51.77199999999999
normal2,39,1,static,24.461618,22.859485,25.574821,26,51.77199999999999
normal2,39,1,temporal,3.061349,2.681725,4.334694,26,51.77199999999999
normal2,40,1,temporal,1.692299,1.442901,2.728055,9,11.258000000000001
normal2,40,1,static,1.740953,1.518476,2.655265,5,11.258000000000001
normal2,41,1,static,1.569333,1.337222,2.441642,9,22.384
normal2,41,1,temporal,1.499878,1.300125,2.329823,9,22.384
normal2,42,1,temporal,1.71964,1.470023,2.757469,6,44.56999999999999
normal2,42,1,static,1.566188,1.326345,2.287288,6,44.56999999999999
normal2,43,1,static,1.611286,1.424544,2.284925,10,22.384
normal2,43,1,temporal,1.621362,1.370272,2.293578,19,22.384
normal2,44,1,temporal,1.756015,1.339566,2.446679,39,44.56999999999999
normal2,44,1,static,1.658738,1.446097,2.607433,58,44.56999999999999
normal2,45,1,static,1.463923,1.262789,2.310453,58,44.56999999999999
normal2,45,1,temporal,1.622523,1.371243,2.537217,40,44.56999999999999
normal2,46,1,temporal,1.677677,1.459627,2.547332,51,59.39399999999999
normal2,46,1,static,1.444334,1.24323,2.315462,49,59.39399999999999
normal2,47,1,static,2.383088,2.071817,3.274181,28,59.39399999999999
normal2,47,1,temporal,2.01763,1.786521,3.00953,28,59.39399999999999
normal2,48,1,temporal,1.729135,1.525276,2.471487,11,11.164
normal2,48,1,static,1.756346,1.50771,2.447952,4,11.164
normal2,49,1,static,1.791799,1.564576,2.516665,6,22.353999999999996
normal2,49,1,temporal,1.678578,1.475561,2.431367,6,22.353999999999996
normal2,50,1,temporal,1.621872,1.327998,2.471277,4,44.606
normal2,50,1,static,1.868786,1.66007,2.55216,4,44.606
normal2,51,1,static,1.642665,1.452306,2.364355,10,22.353999999999996
normal2,51,1,temporal,1.62743,1.380427,2.422343,20,22.353999999999996
normal2,52,1,temporal,1.722545,1.514761,2.452148,37,44.606
normal2,52,1,static,1.686781,1.366597,2.399257,56,44.606
normal2,53,1,static,1.614381,1.409912,2.541032,56,44.606
normal2,53,1,temporal,1.576093,1.377092,2.436364,40,44.606
normal2,54,1,temporal,1.655784,1.429101,2.469074,58,66.66
normal2,54,1,static,1.640881,1.387137,2.486129,55,66.66
normal2,55,1,static,1.624105,1.370993,2.412407,29,66.66
normal2,55,1,temporal,1.621532,1.399456,2.527071,29,66.66
normal2,56,1,temporal,1.636575,1.437303,2.527421,10,11.225999999999999
normal2,56,1,static,1.477754,1.291103,2.310745,3,11.225999999999999
normal2,57,1,static,1.637316,1.373747,2.428972,4,22.418000000000003
normal2,57,1,temporal,1.834293,1.571967,2.662235,4,22.418000000000003
normal2,58,1,temporal,3.308313,2.754315,4.384109,1,44.644
normal2,58,1,static,2.193326,1.867594,3.041139,1,44.644
normal2,59,1,static,1.568912,1.360347,2.450395,11,22.418000000000003
normal2,59,1,temporal,1.744999,1.513198,2.681755,19,22.418000000000003
normal2,60,1,temporal,2.756408,2.513871,3.632332,30,44.644
normal2,60,1,static,2.813665,2.534803,4.812057,50,44.644
normal2,61,1,static,2.435422,2.149861,3.344537,50,44.644
normal2,61,1,temporal,3.740075,3.139197,5.019119,34,44.644
normal2,62,1,temporal,2.283333,1.761644,3.304587,58,66.764
normal2,62,1,static,1.649434,1.400407,2.523185,55,66.764
normal2,63,1,static,1.504545,1.291482,2.401251,26,66.764
normal2,63,1,temporal,1.650466,1.428701,2.826774,26,66.764
normal2,64,1,temporal,1.516633,1.303001,2.323233,11,11.192
normal2,64,1,static,1.460399,1.258934,2.224223,4,11.192
normal2,65,1,static,3.945767,3.257436,5.440317,4,22.322
normal2,65,1,temporal,2.279657,1.833482,3.295603,4,22.322
normal2,66,1,temporal,2.328892,2.047656,3.408854,1,44.70599999999999
normal2,66,1,static,2.067257,1.79815,3.135922,1,44.70599999999999
normal2,67,1,static,2.295,1.782245,3.303966,12,22.322
normal2,67,1,temporal,2.007325,1.757868,3.007918,22,22.322
normal2,68,1,temporal,1.854163,1.591576,2.856739,31,44.70599999999999
normal2,68,1,static,1.628182,1.360747,2.480361,51,44.70599999999999
normal2,69,1,static,1.524115,1.310392,2.352928,51,44.70599999999999
normal2,69,1,temporal,1.876797,1.656064,2.656287,35,44.70599999999999
normal2,70,1,temporal,1.962988,1.72574,3.012405,60,66.89199999999998
normal2,70,1,static,1.519998,1.295469,2.38083,57,66.89199999999998
normal2,71,1,static,1.996379,1.766862,2.809718,23,66.89199999999998
normal2,71,1,temporal,1.516933,1.274577,2.462104,23,66.89199999999998
normal2,72,1,temporal,2.282852,2.036199,3.166638,11,11.03
normal2,72,1,static,2.114117,1.900884,2.987237,5,11.03
normal2,73,1,static,1.589874,1.299465,2.508232,6,22.22
normal2,73,1,temporal,1.954375,1.630706,2.940577,6,22.22
normal2,74,1,temporal,1.727432,1.407118,2.688596,1,44.574
normal2,74,1,static,1.919191,1.61396,2.855728,1,44.574
normal2,75,1,static,1.782616,1.456302,2.749187,12,22.22
normal2,75,1,temporal,1.645008,1.411755,2.570577,21,22.22
normal2,76,1,temporal,1.722245,1.380878,3.030292,31,44.574
normal2,76,1,static,1.638217,1.283431,2.601133,51,44.574
normal2,77,1,static,2.072043,1.726371,3.00904,51,44.574
normal2,77,1,temporal,1.754804,1.479797,2.661364,34,44.574
normal2,78,1,temporal,2.095098,1.779821,3.018384,60,66.82600000000001
normal2,78,1,static,1.608071,1.380407,2.613262,57,66.82600000000001
normal2,79,1,static,2.050551,1.797328,2.99622,24,66.82600000000001
normal2,79,1,temporal,1.79885,1.525587,2.831041,24,66.82600000000001
anomaly2,0,1,temporal,1.664988,1.441329,2.548854,10,10.892
anomaly2,0,1,static,1.68621,1.427739,2.562996,4,10.892
anomaly2,1,1,static,1.526889,1.328269,2.390014,9,21.725999999999996
anomaly2,1,1,temporal,2.44101,1.572798,3.314392,9,21.725999999999996
anomaly2,2,1,temporal,1.637816,1.409181,2.336083,6,21.725999999999996
anomaly2,2,1,static,1.590616,1.346927,2.430164,6,21.725999999999996
anomaly2,3,1,static,1.508501,1.28332,2.146866,9,21.725999999999996
anomaly2,3,1,temporal,1.793191,1.588492,2.465778,18,21.725999999999996
anomaly2,4,1,temporal,1.643334,1.417554,2.339688,24,21.725999999999996
anomaly2,4,1,static,1.696175,1.429061,2.947116,32,21.725999999999996
anomaly2,5,1,static,1.62696,1.407949,2.342943,32,21.725999999999996
anomaly2,5,1,temporal,1.592548,1.384344,2.298425,24,21.725999999999996
anomaly2,6,1,temporal,1.576104,1.373087,2.256813,18,21.725999999999996
anomaly2,6,1,static,1.737717,1.515963,2.470495,17,21.725999999999996
anomaly2,7,1,static,1.498756,1.269539,2.181619,15,21.725999999999996
anomaly2,7,1,temporal,1.41515,1.222369,2.160998,15,21.725999999999996
anomaly2,8,1,temporal,1.569654,1.280045,2.336192,9,10.86
anomaly2,8,1,static,1.571326,1.338003,2.238285,2,10.86
anomaly2,9,1,static,3.74975,3.49858,4.453474,10,21.750000000000004
anomaly2,9,1,temporal,3.556207,3.269875,4.343037,10,21.750000000000004
anomaly2,10,1,temporal,2.7643,2.477036,3.900057,7,29.051999999999996
anomaly2,10,1,static,3.755018,3.238107,4.820699,7,29.051999999999996
anomaly2,11,1,static,1.824188,1.570976,2.532659,11,21.750000000000004
anomaly2,11,1,temporal,1.738218,1.478976,2.530576,18,21.750000000000004
anomaly2,12,1,temporal,1.612047,1.404073,2.486019,31,29.051999999999996
anomaly2,12,1,static,1.939483,1.718559,2.616467,42,29.051999999999996
anomaly2,13,1,static,1.555772,1.338804,2.336323,42,29.051999999999996
anomaly2,13,1,temporal,1.553519,1.293977,2.754835,33,29.051999999999996
anomaly2,14,1,temporal,1.483453,1.259104,2.208719,24,29.051999999999996
anomaly2,14,1,static,1.866412,1.664867,2.577698,22,29.051999999999996
anomaly2,15,1,static,1.578887,1.335499,2.286918,20,29.051999999999996
anomaly2,15,1,temporal,1.662483,1.430393,2.419638,20,29.051999999999996
anomaly2,16,1,temporal,1.371875,1.181596,2.062369,10,11.018
anomaly2,16,1,static,1.40172,1.221487,2.072844,4,11.018
anomaly2,17,1,static,1.771228,1.529063,2.407881,10,21.907999999999998
anomaly2,17,1,temporal,1.433247,1.239845,2.437736,10,21.907999999999998
anomaly2,18,1,temporal,1.343432,1.11826,1.987295,8,36.51
anomaly2,18,1,static,1.29644,1.093904,2.205976,8,36.51
anomaly2,19,1,static,1.473749,1.253214,2.194238,12,21.907999999999998
anomaly2,19,1,temporal,1.430342,1.21746,2.197102,20,21.907999999999998
anomaly2,20,1,temporal,1.350272,1.125392,2.042969,38,36.51
anomaly2,20,1,static,1.525086,1.317882,2.442414,53,36.51
anomaly2,21,1,static,2.11619,1.811079,2.800795,53,36.51
anomaly2,21,1,temporal,2.15627,1.65302,2.963641,41,36.51
anomaly2,22,1,temporal,2.075909,1.809616,4.692495,31,36.51
anomaly2,22,1,static,1.653581,1.362931,2.320088,29,36.51
anomaly2,23,1,static,1.586529,1.371484,2.367761,24,36.51
anomaly2,23,1,temporal,1.423192,1.219384,2.104652,24,36.51
anomaly2,24,1,temporal,1.591766,1.398855,2.250864,10,11.06
anomaly2,24,1,static,1.631517,1.42826,2.230383,5,11.06
anomaly2,25,1,static,1.638287,1.41538,2.3346,9,21.988000000000003
anomaly2,25,1,temporal,1.589133,1.241007,2.205375,9,21.988000000000003
anomaly2,26,1,temporal,1.629013,1.418665,2.277824,9,43.714
anomaly2,26,1,static,1.505977,1.213014,2.1688,9,43.714
anomaly2,27,1,static,1.617326,1.254728,2.302051,11,21.988000000000003
anomaly2,27,1,temporal,1.676866,1.38894,2.335862,20,21.988000000000003
anomaly2,28,1,temporal,1.447619,1.240236,2.147247,43,43.714
anomaly2,28,1,static,1.588012,1.332375,2.278846,62,43.714
anomaly2,29,1,static,1.44174,1.212113,2.262972,62,43.714
anomaly2,29,1,temporal,1.808294,1.498857,2.502033,48,43.714
anomaly2,30,1,temporal,1.472556,1.262349,2.161558,37,43.714
anomaly2,30,1,static,1.331693,1.113644,2.042909,35,43.714
anomaly2,31,1,static,1.624296,1.405906,2.293508,27,43.714
anomaly2,31,1,temporal,1.346055,1.143119,2.095929,27,43.714
anomaly2,32,1,temporal,1.463783,1.228377,2.211294,9,11.296
anomaly2,32,1,static,1.288709,1.080353,2.069179,4,11.296
anomaly2,33,1,static,1.536603,1.331913,2.417135,8,22.326
anomaly2,33,1,temporal,1.400197,1.198031,2.088018,8,22.326
anomaly2,34,1,temporal,1.64641,1.426417,2.339207,7,44.076
anomaly2,34,1,static,1.433478,1.224001,2.13633,7,44.076
anomaly2,35,1,static,1.477905,1.277341,2.255871,11,22.326
anomaly2,35,1,temporal,1.4414,1.214586,2.138193,19,22.326
anomaly2,36,1,temporal,1.515031,1.299946,2.174788,39,44.076
anomaly2,36,1,static,1.444674,1.224171,2.120316,60,44.076
anomaly2,37,1,static,1.439838,1.223059,2.126656,60,44.076
anomaly2,37,1,temporal,1.502031,1.248427,3.41561,48,44.076
anomaly2,38,1,temporal,1.634151,1.348469,2.618694,43,51.378
anomaly2,38,1,static,1.951641,1.732079,2.661845,41,51.378
anomaly2,39,1,static,1.762655,1.447329,2.426299,31,51.378
anomaly2,39,1,temporal,1.515932,1.303291,2.184744,31,51.378
anomaly2,40,1,temporal,1.431315,1.235028,2.230002,6,11.992
anomaly2,40,1,static,1.43499,1.169979,2.215495,2,11.992
anomaly2,41,1,static,1.639259,1.426667,2.477116,8,23.127999999999997
anomaly2,41,1,temporal,1.643726,1.39593,2.426278,8,23.127999999999997
anomaly2,42,1,temporal,1.398805,1.200025,2.313247,6,45.036
anomaly2,42,1,static,1.396011,1.155197,2.224263,6,45.036
anomaly2,43,1,static,1.343862,1.140064,2.116971,9,23.127999999999997
anomaly2,43,1,temporal,1.45471,1.241847,2.274329,16,23.127999999999997
anomaly2,44,1,temporal,3.244636,2.801506,4.638693,36,45.036
anomaly2,44,1,static,1.899442,1.597565,2.996951,58,45.036
anomaly2,45,1,static,1.812581,1.404584,2.769137,58,45.036
anomaly2,45,1,temporal,1.592247,1.316351,2.918252,47,45.036
anomaly2,46,1,temporal,1.917109,1.585678,2.928839,46,59.638000000000005
anomaly2,46,1,static,1.929077,1.568021,2.955088,44,59.638000000000005
anomaly2,47,1,static,1.648533,1.381199,2.553291,35,59.638000000000005
anomaly2,47,1,temporal,1.724328,1.47488,2.71779,35,59.638000000000005
anomaly2,48,1,temporal,1.680832,1.389461,2.662135,5,12.228
anomaly2,48,1,static,1.505757,1.267907,2.4207,1,12.228
anomaly2,49,1,static,1.516363,1.251813,2.46682,7,24.012
anomaly2,49,1,temporal,1.747372,1.500749,2.720133,7,24.012
anomaly2,50,1,temporal,1.589303,1.330653,2.480671,6,46.0
anomaly2,50,1,static,1.567851,1.286215,2.564247,6,46.0
anomaly2,51,1,static,1.568532,1.327097,2.51972,8,24.012
anomaly2,51,1,temporal,1.600891,1.369761,2.522884,11,24.012
anomaly2,52,1,temporal,1.842837,1.557996,2.758892,32,46.0
anomaly2,52,1,static,1.676686,1.42813,2.619281,52,46.0
anomaly2,53,1,static,1.515281,1.265263,2.377585,52,46.0
anomaly2,53,1,temporal,1.667942,1.388349,2.693092,43,46.0
anomaly2,54,1,temporal,1.806331,1.544996,2.734554,48,67.726
anomaly2,54,1,static,1.695023,1.431414,2.582184,46,67.726
anomaly2,55,1,static,1.58769,1.313967,2.664459,36,67.726
anomaly2,55,1,temporal,1.717176,1.433988,2.669917,36,67.726
anomaly2,56,1,temporal,1.461129,1.219804,2.437555,7,12.318
anomaly2,56,1,static,1.921125,1.602754,2.894977,1,12.318
anomaly2,57,1,static,2.091382,1.746341,3.146448,5,24.576
anomaly2,57,1,temporal,2.136701,1.782235,3.132006,5,24.576
anomaly2,58,1,temporal,1.975167,1.664096,2.961788,5,46.90199999999999
anomaly2,58,1,static,1.752019,1.486548,2.68541,5,46.90199999999999
anomaly2,59,1,static,1.579438,1.327007,2.54614,9,24.576
anomaly2,59,1,temporal,1.594301,1.347748,2.53262,10,24.576
anomaly2,60,1,temporal,1.632318,1.376732,2.569475,25,46.90199999999999
anomaly2,60,1,static,1.670626,1.425806,2.591799,46,46.90199999999999
anomaly2,61,1,static,1.618127,1.361459,2.691129,46,46.90199999999999
anomaly2,61,1,temporal,1.556894,1.277572,2.542585,39,46.90199999999999
anomaly2,62,1,temporal,1.662995,1.400608,2.582275,46,68.652
anomaly2,62,1,static,1.549804,1.298294,2.478228,44,68.652
anomaly2,63,1,static,1.691968,1.359826,2.630777,31,68.652
anomaly2,63,1,temporal,1.558737,1.30999,2.486089,31,68.652
anomaly2,64,1,temporal,1.49474,1.229939,2.379277,6,12.13
anomaly2,64,1,static,1.450623,1.185974,2.423214,1,12.13
anomaly2,65,1,static,2.645896,2.222065,3.514254,4,24.516
anomaly2,65,1,temporal,1.887434,1.618948,2.571498,4,24.516
anomaly2,66,1,temporal,1.796887,1.571987,2.425678,4,47.644000000000005
anomaly2,66,1,static,1.497945,1.27615,2.129601,4,47.644000000000005
anomaly2,67,1,static,1.971061,1.750186,2.630738,10,24.516
anomaly2,67,1,temporal,1.425766,1.221497,2.061667,11,24.516
anomaly2,68,1,temporal,1.577456,1.208227,2.208079,20,47.644000000000005
anomaly2,68,1,static,1.498385,1.284673,2.193387,40,47.644000000000005
anomaly2,69,1,static,1.635323,1.393256,2.247468,40,47.644000000000005
anomaly2,69,1,temporal,1.79846,1.571757,2.417526,35,47.644000000000005
anomaly2,70,1,temporal,2.694855,2.415082,3.41909,44,69.55199999999998
anomaly2,70,1,static,2.081848,1.846572,2.820074,43,69.55199999999998
anomaly2,71,1,static,1.906884,1.593379,2.53352,27,69.55199999999998
anomaly2,71,1,temporal,1.854884,1.577755,2.501192,27,69.55199999999998
anomaly2,72,1,temporal,1.976608,1.681963,2.637758,6,12.23
anomaly2,72,1,static,1.763437,1.542813,2.402908,1,12.23
anomaly2,73,1,static,1.544115,1.343962,2.230713,3,24.49
anomaly2,73,1,temporal,1.499657,1.29631,2.3081,3,24.49
anomaly2,74,1,temporal,1.47478,1.248347,2.164904,2,48.50200000000001
anomaly2,74,1,static,1.366637,1.171811,2.113076,2,48.50200000000001
anomaly2,75,1,static,1.627291,1.410713,2.295832,10,24.49
anomaly2,75,1,temporal,1.449882,1.252704,2.391596,11,24.49
anomaly2,76,1,temporal,1.905201,1.666139,3.013256,13,48.50200000000001
anomaly2,76,1,static,1.985081,1.680711,2.865513,32,48.50200000000001
anomaly2,77,1,static,1.920324,1.641773,2.683678,32,48.50200000000001
anomaly2,77,1,temporal,2.026204,1.779281,2.75147,30,48.50200000000001
anomaly2,78,1,temporal,2.135209,1.868345,2.930792,41,70.49
anomaly2,78,1,static,1.963929,1.667621,2.650488,40,70.49
anomaly2,79,1,static,1.960755,1.674082,2.730329,24,70.49
anomaly2,79,1,temporal,2.057841,1.810447,2.81725,24,70.49
normal1,0,2,static,1.903419,1.682714,3.025345,4,10.856
normal1,0,2,temporal,1.895235,1.645348,2.820515,9,10.856
normal1,1,2,temporal,1.783547,1.549353,2.551037,6,21.548000000000002
normal1,1,2,static,1.788774,1.520499,2.495794,6,21.548000000000002
normal1,2,2,static,1.813622,1.572468,2.590778,4,21.548000000000002
normal1,2,2,temporal,4.244277,3.943182,4.89361,4,21.548000000000002
normal1,3,2,temporal,1.786522,1.595863,2.428562,14,21.548000000000002
normal1,3,2,static,1.830578,1.591677,2.59872,8,21.548000000000002
normal1,4,2,static,1.753101,1.539017,2.401963,25,21.548000000000002
normal1,4,2,temporal,100.094396,1.74582,101.088148,17,21.548000000000002
normal1,5,2,temporal,9.616672,8.359771,11.095943,17,21.548000000000002
normal1,5,2,static,1.887685,1.675203,2.746663,25,21.548000000000002
normal1,6,2,static,1.66664,1.466828,2.529835,15,21.548000000000002
normal1,6,2,temporal,1.430794,1.199063,2.449053,14,21.548000000000002
normal1,7,2,temporal,1.332906,1.117439,2.170212,10,21.548000000000002
normal1,7,2,static,1.58034,1.34881,2.195109,10,21.548000000000002
normal1,8,2,static,1.367047,1.194316,2.020776,3,10.921999999999999
normal1,8,2,temporal,1.282539,1.109888,2.030099,8,10.921999999999999
normal1,9,2,temporal,1.268018,1.055456,2.23496,6,21.72
normal1,9,2,static,1.451004,1.22335,2.120227,6,21.72
normal1,10,2,static,1.751448,1.543454,2.390294,5,28.880000000000003
normal1,10,2,temporal,1.442321,1.260105,2.140987,5,28.880000000000003
normal1,11,2,temporal,1.400818,1.218963,2.030991,17,21.72
normal1,11,2,static,1.340928,1.167696,2.196331,9,21.72
normal1,12,2,static,1.416722,1.211121,2.317464,33,28.880000000000003
normal1,12,2,temporal,1.320918,1.117099,1.965032,23,28.880000000000003
normal1,13,2,temporal,1.362761,1.174827,2.30182,23,28.880000000000003
normal1,13,2,static,1.288769,1.085021,2.052474,33,28.880000000000003
normal1,14,2,static,1.364463,1.158752,2.024817,20,28.880000000000003
normal1,14,2,temporal,1.303091,1.081886,2.121197,20,28.880000000000003
normal1,15,2,temporal,1.793522,1.550785,3.223569,13,28.880000000000003
normal1,15,2,static,1.676024,1.479558,2.640253,13,28.880000000000003
normal1,16,2,static,1.432276,1.254427,2.186777,6,11.052000000000001
normal1,16,2,temporal,1.381469,1.197631,2.041036,11,11.052000000000001
normal1,17,2,temporal,1.37513,1.135527,2.019394,6,21.82
normal1,17,2,static,1.33603,1.155347,2.557767,6,21.82
normal1,18,2,static,1.450233,1.276089,2.20932,8,36.306
normal1,18,2,temporal,1.390452,1.19012,2.018633,8,36.306
normal1,19,2,temporal,1.286505,1.095356,2.259486,18,21.82
normal1,19,2,static,1.253034,1.08484,1.923329,10,21.82
normal1,20,2,static,1.404534,1.175548,2.13615,46,36.306
normal1,20,2,temporal,1.525146,1.333426,2.191073,32,36.306
normal1,21,2,temporal,1.492697,1.297241,2.336092,31,36.306
normal1,21,2,static,1.396341,1.21039,2.051993,46,36.306
normal1,22,2,static,1.274137,1.093483,1.918891,28,36.306
normal1,22,2,temporal,1.318915,1.109387,1.926633,27,36.306
normal1,23,2,temporal,1.308338,1.124209,1.936628,18,36.306
normal1,23,2,static,1.420398,1.235488,2.073766,18,36.306
normal1,24,2,static,2.826444,2.37445,3.595937,5,11.108
normal1,24,2,temporal,1.723366,1.513669,2.382613,9,11.108
normal1,25,2,temporal,1.61408,1.42212,2.417886,7,21.996
normal1,25,2,static,1.326636,1.14415,1.988927,7,21.996
normal1,26,2,static,2.035978,1.710546,2.7048,9,43.544
normal1,26,2,temporal,1.420077,1.22382,5.228196,9,43.544
normal1,27,2,temporal,1.515892,1.320557,2.200527,19,21.996
normal1,27,2,static,1.323361,1.144049,2.156181,10,21.996
normal1,28,2,static,1.3163,1.106332,2.009599,56,43.544
normal1,28,2,temporal,2.146746,1.834134,2.847866,40,43.544
normal1,29,2,temporal,1.519017,1.307026,2.298816,37,43.544
normal1,29,2,static,1.730987,1.497604,2.609436,56,43.544
normal1,30,2,static,1.6538,1.410162,2.440871,34,43.544
normal1,30,2,temporal,1.57418,1.334187,2.198624,33,43.544
normal1,31,2,temporal,1.429541,1.225653,2.071492,22,43.544
normal1,31,2,static,1.340967,1.148196,1.983579,22,43.544
normal1,32,2,static,1.706661,1.512828,2.386339,6,11.094
normal1,32,2,temporal,1.277471,1.103178,1.946293,9,11.094
normal1,33,2,temporal,2.567963,2.209521,3.370446,7,22.152
normal1,33,2,static,1.664507,1.427308,2.333288,7,22.152
normal1,34,2,static,1.774524,1.515882,2.434421,9,43.872
normal1,34,2,temporal,2.118183,1.784158,2.811451,9,43.872
normal1,35,2,temporal,1.680781,1.430703,2.489625,19,22.152
normal1,35,2,static,1.538917,1.298313,2.300309,9,22.152
normal1,36,2,static,1.704367,1.217732,2.418607,57,43.872
normal1,36,2,temporal,2.67138,2.226116,3.401864,40,43.872
normal1,37,2,temporal,1.908406,1.6203,2.55914,38,43.872
normal1,37,2,static,1.467469,1.265834,2.264243,57,43.872
normal1,38,2,static,1.456332,1.245744,2.077842,40,51.032
normal1,38,2,temporal,1.550364,1.345534,2.165094,39,51.032
normal1,39,2,temporal,1.435751,1.222178,2.080136,24,51.032
normal1,39,2,static,1.58082,1.380147,2.240147,24,51.032
normal1,40,2,static,1.566749,1.382501,2.238826,6,10.984000000000002
normal1,40,2,temporal,1.596434,1.407378,3.755038,11,10.984000000000002
normal1,41,2,temporal,1.759581,1.435872,2.542314,7,22.02
normal1,41,2,static,1.421049,1.228978,2.091192,7,22.02
normal1,42,2,static,1.426427,1.234026,2.1697,9,43.839999999999996
normal1,42,2,temporal,1.295049,1.096057,1.907364,9,43.839999999999996
normal1,43,2,temporal,1.626579,1.401519,2.340208,20,22.02
normal1,43,2,static,1.589333,1.356611,2.465768,9,22.02
normal1,44,2,static,1.619329,1.306977,2.303172,59,43.839999999999996
normal1,44,2,temporal,1.458785,1.245764,2.230002,41,43.839999999999996
normal1,45,2,temporal,1.584577,1.359776,4.184578,39,43.839999999999996
normal1,45,2,static,1.670346,1.439517,3.489786,59,43.839999999999996
normal1,46,2,static,1.677176,1.331273,2.370324,48,58.326
normal1,46,2,temporal,1.605378,1.323391,2.310554,47,58.326
normal1,47,2,temporal,1.630466,1.376822,2.376303,28,58.326
normal1,47,2,static,1.803657,1.499057,2.654604,28,58.326
normal1,48,2,static,1.578647,1.34907,2.737299,3,10.93
normal1,48,2,temporal,1.894675,1.438475,2.741084,10,10.93
normal1,49,2,temporal,1.400668,1.173344,2.746893,7,21.886
normal1,49,2,static,1.579879,1.276581,2.366137,7,21.886
normal1,50,2,static,1.494099,1.254327,2.137843,10,43.882
normal1,50,2,temporal,1.569263,1.378143,2.325607,10,43.882
normal1,51,2,temporal,1.437303,1.237,2.234519,20,21.886
normal1,51,2,static,1.50101,1.284272,2.19609,10,21.886
normal1,52,2,static,1.424384,1.218713,2.209481,62,43.882
normal1,52,2,temporal,1.382521,1.178422,2.127057,46,43.882
normal1,53,2,temporal,1.36195,1.13097,2.003549,41,43.882
normal1,53,2,static,1.314348,1.13086,1.955136,62,43.882
normal1,54,2,static,1.499117,1.266525,2.443965,53,65.43
normal1,54,2,temporal,1.475912,1.241778,2.133165,53,65.43
normal1,55,2,temporal,1.513319,1.301257,2.258965,33,65.43
normal1,55,2,static,1.5275,1.188808,3.202182,33,65.43
normal1,56,2,static,1.853463,1.437774,2.915249,4,11.158
normal1,56,2,temporal,1.471034,1.267817,2.322822,10,11.158
normal1,57,2,temporal,1.37514,1.160355,2.116761,10,21.956
normal1,57,2,static,1.500169,1.313637,2.216091,10,21.956
normal1,58,2,static,1.445786,1.237731,2.07679,9,44.108000000000004
normal1,58,2,temporal,1.287978,1.106774,1.928766,9,44.108000000000004
normal1,59,2,temporal,1.398094,1.196379,2.042308,21,21.956
normal1,59,2,static,3.773425,3.232368,4.50361,12,21.956
normal1,60,2,static,2.283844,1.921025,3.027468,65,44.108000000000004
normal1,60,2,temporal,2.202281,1.899322,2.919195,47,44.108000000000004
normal1,61,2,temporal,2.084682,1.755534,2.755267,43,44.108000000000004
normal1,61,2,static,2.304935,1.95098,3.027678,65,44.108000000000004
normal1,62,2,static,2.431877,1.98408,3.15476,56,65.828
normal1,62,2,temporal,5.031068,2.318806,5.728272,57,65.828
normal1,63,2,temporal,2.749778,1.99078,3.849391,34,65.828
normal1,63,2,static,7.209161,5.305783,8.04215,34,65.828
normal1,64,2,static,3.137835,2.398276,3.868059,3,11.786000000000001
normal1,64,2,temporal,2.749557,2.292937,3.473722,8,11.786000000000001
normal1,65,2,temporal,2.4471,2.049359,3.139467,10,22.686
normal1,65,2,static,2.218134,1.916548,2.935278,10,22.686
normal1,66,2,static,1.995969,1.711939,2.847756,8,44.705999999999996
normal1,66,2,temporal,2.307739,2.029549,3.031794,8,44.705999999999996
normal1,67,2,temporal,2.072534,1.808785,2.826544,18,22.686
normal1,67,2,static,1.995167,1.693691,4.085428,10,22.686
normal1,68,2,static,2.578744,2.257839,3.962873,61,44.705999999999996
normal1,68,2,temporal,1.927435,1.635433,3.613033,44,44.705999999999996
normal1,69,2,temporal,1.490144,1.271883,2.223072,43,44.705999999999996
normal1,69,2,static,1.640341,1.431214,2.341882,61,44.705999999999996
normal1,70,2,static,1.463463,1.234237,2.140267,53,66.526
normal1,70,2,temporal,1.476893,1.259875,2.111903,55,66.526
normal1,71,2,temporal,1.431265,1.220045,2.220297,34,66.526
normal1,71,2,static,1.48788,1.279614,2.138293,34,66.526
normal1,72,2,static,1.311423,1.12485,1.919513,2,11.566
normal1,72,2,temporal,1.248328,1.069067,1.89161,6,11.566
normal1,73,2,temporal,2.772182,2.364525,3.467744,6,23.048000000000002
normal1,73,2,static,1.655474,1.40816,2.364516,6,23.048000000000002
normal1,74,2,static,1.557375,1.351704,2.211473,7,44.934
normal1,74,2,temporal,1.431033,1.215718,2.019985,7,44.934
normal1,75,2,temporal,1.427428,1.200726,2.026014,15,23.048000000000002
normal1,75,2,static,1.412686,1.23009,2.041657,9,23.048000000000002
normal1,76,2,static,1.643244,1.426797,2.535804,53,44.934
normal1,76,2,temporal,1.484955,1.227286,2.163922,36,44.934
normal1,77,2,temporal,1.427549,1.169678,2.044662,39,44.934
normal1,77,2,static,1.334338,1.117029,1.972112,53,44.934
normal1,78,2,static,1.332885,1.106914,1.951861,52,66.92999999999999
normal1,78,2,temporal,1.438415,1.210641,2.133997,54,66.92999999999999
normal1,79,2,temporal,1.493097,1.255038,2.233357,32,66.92999999999999
normal1,79,2,static,1.398445,1.197861,2.07037,32,66.92999999999999
anomaly1,0,2,static,1.419186,1.215288,2.07644,3,10.867999999999999
anomaly1,0,2,temporal,1.288468,1.100223,1.930529,8,10.867999999999999
anomaly1,1,2,temporal,1.458746,1.229669,2.108218,8,21.733999999999998
anomaly1,1,2,static,1.343101,1.139022,1.958561,8,21.733999999999998
anomaly1,2,2,static,1.450404,1.235388,2.066695,3,21.733999999999998
anomaly1,2,2,temporal,1.3027,1.088687,1.901135,3,21.733999999999998
anomaly1,3,2,temporal,1.548873,1.301128,2.154097,14,21.733999999999998
anomaly1,3,2,static,1.4482,1.260536,2.159655,8,21.733999999999998
anomaly1,4,2,static,1.38866,1.209669,2.031642,25,21.733999999999998
anomaly1,4,2,temporal,1.412615,1.237291,2.05074,18,21.733999999999998
anomaly1,5,2,temporal,1.435381,1.16335,2.173216,18,21.733999999999998
anomaly1,5,2,static,1.44163,1.194857,2.042709,25,21.733999999999998
anomaly1,6,2,static,1.374228,1.150309,2.176942,14,21.733999999999998
anomaly1,6,2,temporal,1.328779,1.122297,2.288861,14,21.733999999999998
anomaly1,7,2,temporal,2.252216,1.218993,3.143873,11,21.733999999999998
anomaly1,7,2,static,1.486988,1.300917,2.444276,11,21.733999999999998
anomaly1,8,2,static,1.443102,1.234617,2.530607,4,10.832
anomaly1,8,2,temporal,1.345594,1.142618,2.23553,8,10.832
anomaly1,9,2,temporal,1.331083,1.142218,2.256632,6,21.766000000000002
anomaly1,9,2,static,1.555502,1.370983,2.465257,6,21.766000000000002
anomaly1,10,2,static,1.432777,1.247416,2.350123,5,29.063999999999997
anomaly1,10,2,temporal,1.316901,1.131461,2.219796,5,29.063999999999997
anomaly1,11,2,temporal,1.324352,1.085661,2.105734,15,21.766000000000002
anomaly1,11,2,static,1.351474,1.151972,2.190262,9,21.766000000000002
anomaly1,12,2,static,1.392615,1.191261,2.266146,35,29.063999999999997
anomaly1,12,2,temporal,1.411154,1.187665,2.290283,25,29.063999999999997
anomaly1,13,2,temporal,1.388169,1.142488,2.045863,24,29.063999999999997
anomaly1,13,2,static,1.284242,1.102908,2.180287,35,29.063999999999997
anomaly1,14,2,static,1.564787,1.341549,2.44734,20,29.063999999999997
anomaly1,14,2,temporal,1.397544,1.188547,2.411155,19,29.063999999999997
anomaly1,15,2,temporal,1.364173,1.152953,2.328371,15,29.063999999999997
anomaly1,15,2,static,1.39488,1.143619,2.08303,15,29.063999999999997
anomaly1,16,2,static,1.493789,1.255409,2.444026,3,10.798
anomaly1,16,2,temporal,1.33619,1.153144,2.262451,8,10.798
anomaly1,17,2,temporal,1.369331,1.188567,2.412918,7,21.690000000000005
anomaly1,17,2,static,1.396251,1.211231,2.308441,7,21.690000000000005
anomaly1,18,2,static,2.941507,2.498918,3.924354,6,36.29599999999999
anomaly1,18,2,temporal,1.462392,1.246645,2.509364,6,36.29599999999999
anomaly1,19,2,temporal,2.051032,1.820173,2.977502,15,21.690000000000005
anomaly1,19,2,static,1.666139,1.436732,2.567211,9,21.690000000000005
anomaly1,20,2,static,1.4749,1.25664,2.379728,41,36.29599999999999
anomaly1,20,2,temporal,1.642143,1.383372,2.54639,30,36.29599999999999
anomaly1,21,2,temporal,1.487299,1.295168,2.442554,29,36.29599999999999
anomaly1,21,2,static,1.644317,1.412476,2.636878,41,36.29599999999999
anomaly1,22,2,static,1.482311,1.267446,2.465287,23,36.29599999999999
anomaly1,22,2,temporal,1.780542,1.536654,2.690398,23,36.29599999999999
anomaly1,23,2,temporal,1.799481,1.583615,2.671249,18,36.29599999999999
anomaly1,23,2,static,1.592709,1.325344,2.521223,18,36.29599999999999
anomaly1,24,2,static,1.324002,1.141576,2.287619,4,10.762
anomaly1,24,2,temporal,2.252165,1.789155,3.239348,8,10.762
anomaly1,25,2,temporal,1.66649,1.455911,2.538889,6,21.624
anomaly1,25,2,static,1.31586,1.140946,2.142149,6,21.624
anomaly1,26,2,static,1.425536,1.221467,2.28824,8,43.358
anomaly1,26,2,temporal,1.814243,1.549563,2.813395,8,43.358
anomaly1,27,2,temporal,1.651437,1.411935,2.54648,15,21.624
anomaly1,27,2,static,1.32946,1.092031,2.263823,9,21.624
anomaly1,28,2,static,1.430433,1.234136,2.305416,52,43.358
anomaly1,28,2,temporal,1.40188,1.17726,2.26238,36,43.358
anomaly1,29,2,temporal,1.810939,1.554531,2.586892,37,43.358
anomaly1,29,2,static,1.754984,1.54748,2.510506,52,43.358
anomaly1,30,2,static,1.827744,1.519497,2.506079,30,43.358
anomaly1,30,2,temporal,1.406337,1.172463,2.063991,29,43.358
anomaly1,31,2,temporal,1.413397,1.224231,2.053074,22,43.358
anomaly1,31,2,static,1.376302,1.159994,2.191374,22,43.358
anomaly1,32,2,static,1.360317,1.16385,2.060055,5,11.219999999999999
anomaly1,32,2,temporal,1.870198,1.638327,2.560181,10,11.219999999999999
anomaly1,33,2,temporal,1.459627,1.232824,2.260858,6,21.948
anomaly1,33,2,static,1.59352,1.407458,2.242931,6,21.948
anomaly1,34,2,static,1.310452,1.108746,2.30125,7,43.714000000000006
anomaly1,34,2,temporal,1.321368,1.137911,2.007696,7,43.714000000000006
anomaly1,35,2,temporal,1.471686,1.279815,2.167087,17,21.948
anomaly1,35,2,static,1.360877,1.17684,2.223713,10,21.948
anomaly1,36,2,static,1.576964,1.314648,2.462303,52,43.714000000000006
anomaly1,36,2,temporal,1.875165,1.198021,2.588774,33,43.714000000000006
anomaly1,37,2,temporal,1.40852,1.171311,2.096861,37,43.714000000000006
anomaly1,37,2,static,1.354108,1.165362,2.357475,52,43.714000000000006
anomaly1,38,2,static,1.430663,1.23061,2.223592,37,51.01199999999999
anomaly1,38,2,temporal,2.873315,2.410485,3.705673,36,51.01199999999999
anomaly1,39,2,temporal,1.630865,1.412245,2.324304,25,51.01199999999999
anomaly1,39,2,static,1.423903,1.198232,2.291846,25,51.01199999999999
anomaly1,40,2,static,1.664698,1.444785,2.582194,3,11.726
anomaly1,40,2,temporal,1.432005,1.174666,2.264844,6,11.726
anomaly1,41,2,temporal,1.48159,1.257001,2.137702,6,22.645999999999997
anomaly1,41,2,static,1.354768,1.175988,2.057,6,22.645999999999997
anomaly1,42,2,static,1.38889,1.206374,2.131132,8,44.336000000000006
anomaly1,42,2,temporal,1.451054,1.23675,2.222971,8,44.336000000000006
anomaly1,43,2,temporal,1.449272,1.252944,2.163812,15,22.645999999999997
anomaly1,43,2,static,1.398315,1.213435,2.020996,8,22.645999999999997
anomaly1,44,2,static,1.511976,1.314127,2.147237,52,44.336000000000006
anomaly1,44,2,temporal,1.506688,1.325895,2.145825,34,44.336000000000006
anomaly1,45,2,temporal,1.371623,1.175277,2.121588,38,44.336000000000006
anomaly1,45,2,static,1.59371,1.327727,2.285857,52,44.336000000000006
anomaly1,46,2,static,1.399296,1.208688,2.313909,38,58.942
anomaly1,46,2,temporal,1.648933,1.429341,2.73835,38,58.942
anomaly1,47,2,temporal,1.642283,1.258493,2.609736,28,58.942
anomaly1,47,2,static,1.721242,1.423692,2.69179,28,58.942
anomaly1,48,2,static,8.821048,8.06185,10.197509,3,12.018
anomaly1,48,2,temporal,4.277888,3.211667,5.865219,5,12.018
anomaly1,49,2,temporal,1.900514,1.573379,2.98946,5,23.543999999999997
anomaly1,49,2,static,2.238715,1.877599,3.231647,5,23.543999999999997
anomaly1,50,2,static,1.717758,1.523724,2.683037,7,45.168000000000006
anomaly1,50,2,temporal,1.444154,1.218142,2.384685,7,45.168000000000006
anomaly1,51,2,temporal,1.445196,1.260876,2.375142,12,23.543999999999997
anomaly1,51,2,static,1.372996,1.200375,2.257644,7,23.543999999999997
anomaly1,52,2,static,1.430082,1.211763,2.286578,47,45.168000000000006
anomaly1,52,2,temporal,2.08994,1.906713,3.027417,29,45.168000000000006
anomaly1,53,2,temporal,1.443262,1.224281,2.337424,34,45.168000000000006
anomaly1,53,2,static,1.451424,1.204882,2.32159,47,45.168000000000006
anomaly1,54,2,static,1.525957,1.297813,2.392858,43,66.902
anomaly1,54,2,temporal,1.51472,1.317192,2.384556,41,66.902
anomaly1,55,2,temporal,1.370503,1.176208,2.243953,29,66.902
anomaly1,55,2,static,3.012846,2.516125,4.161152,29,66.902
anomaly1,56,2,static,1.882897,1.642334,2.898212,3,11.764
anomaly1,56,2,temporal,1.599779,1.358174,2.492759,6,11.764
anomaly1,57,2,temporal,1.573539,1.351794,2.52662,5,23.59
anomaly1,57,2,static,1.570685,1.373507,2.442393,5,23.59
anomaly1,58,2,static,1.783927,1.555081,2.660723,6,45.538
anomaly1,58,2,temporal,1.770247,1.547881,2.718941,6,45.538
anomaly1,59,2,temporal,1.639219,1.41537,2.538589,8,23.59
anomaly1,59,2,static,1.391745,1.180545,2.34112,6,23.59
anomaly1,60,2,static,1.836327,1.645678,2.7715,43,45.538
anomaly1,60,2,temporal,1.768344,1.537574,2.695886,25,45.538
anomaly1,61,2,temporal,1.689945,1.443653,2.608694,32,45.538
anomaly1,61,2,static,1.695874,1.448681,2.784982,43,45.538
anomaly1,62,2,static,1.802546,1.533489,2.65881,42,67.30400000000002
anomaly1,62,2,temporal,1.449031,1.222569,2.304234,40,67.30400000000002
anomaly1,63,2,temporal,1.566359,1.343952,2.502173,24,67.30400000000002
anomaly1,63,2,static,2.128399,1.791168,3.060488,24,67.30400000000002
anomaly1,64,2,static,1.813763,1.607541,2.65821,3,11.798
anomaly1,64,2,temporal,1.542813,1.34942,2.386859,8,11.798
anomaly1,65,2,temporal,2.079704,1.877088,3.207715,2,23.624
anomaly1,65,2,static,1.78543,1.553348,2.702377,2,23.624
anomaly1,66,2,static,1.563033,1.370753,2.4204,4,46.26999999999999
anomaly1,66,2,temporal,1.763978,1.579338,2.561373,4,46.26999999999999
anomaly1,67,2,temporal,1.54105,1.271853,2.503666,12,23.624
anomaly1,67,2,static,3.005975,2.300198,3.852144,9,23.624
anomaly1,68,2,static,1.897449,1.486808,2.851632,39,46.26999999999999
anomaly1,68,2,temporal,1.773141,1.490574,2.686302,20,46.26999999999999
anomaly1,69,2,temporal,1.595433,1.405405,2.464757,29,46.26999999999999
anomaly1,69,2,static,1.48139,1.295168,2.351196,39,46.26999999999999
anomaly1,70,2,static,1.995056,1.687382,2.945774,43,67.96000000000001
anomaly1,70,2,temporal,1.761904,1.496624,2.766208,40,67.96000000000001
anomaly1,71,2,temporal,1.397744,1.160135,2.10906,23,67.96000000000001
anomaly1,71,2,static,3.044283,2.710258,4.001435,23,67.96000000000001
anomaly1,72,2,static,1.983169,1.735394,2.986145,1,12.028
anomaly1,72,2,temporal,1.594441,1.297842,2.474131,6,12.028
anomaly1,73,2,temporal,1.674101,1.410232,2.58609,3,23.626
anomaly1,73,2,static,1.390242,1.208247,2.284103,3,23.626
anomaly1,74,2,static,1.603755,1.413036,2.466279,2,47.16999999999999
anomaly1,74,2,temporal,1.917539,1.623415,2.782617,2,47.16999999999999
anomaly1,75,2,temporal,1.442401,1.250681,2.375341,11,23.626
anomaly1,75,2,static,1.419477,1.148587,2.262331,8,23.626
anomaly1,76,2,static,2.021086,1.721123,2.92917,32,47.16999999999999
anomaly1,76,2,temporal,1.742324,1.53421,2.714124,15,47.16999999999999
anomaly1,77,2,temporal,1.889417,1.556744,2.77108,25,47.16999999999999
anomaly1,77,2,static,1.554581,1.325505,2.568224,32,47.16999999999999
anomaly1,78,2,static,1.7859,1.491005,2.731381,39,68.79400000000001
anomaly1,78,2,temporal,2.081377,1.604927,3.041574,37,68.79400000000001
anomaly1,79,2,temporal,1.417664,1.188727,2.147522,20,68.79400000000001
anomaly1,79,2,static,1.695614,1.444675,2.567257,20,68.79400000000001
normal2,0,2,static,1.689655,1.442061,2.362592,5,11.062000000000001
normal2,0,2,temporal,1.462131,1.27611,2.247248,11,11.062000000000001
normal2,1,2,temporal,1.353637,1.152362,2.308701,5,22.053999999999995
normal2,1,2,static,3.712384,3.159868,4.452002,5,22.053999999999995
normal2,2,2,static,2.145294,1.87202,2.860004,7,22.053999999999995
normal2,2,2,temporal,2.026113,1.717967,2.725811,7,22.053999999999995
normal2,3,2,temporal,1.966043,1.690617,2.875568,19,22.053999999999995
normal2,3,2,static,2.168449,1.903769,2.825432,9,22.053999999999995
normal2,4,2,static,2.399258,2.080506,3.289334,30,22.053999999999995
normal2,4,2,temporal,2.181319,1.893493,3.100118,24,22.053999999999995
normal2,5,2,temporal,2.036249,1.754683,2.855808,19,22.053999999999995
normal2,5,2,static,2.133757,1.860914,2.882979,30,22.053999999999995
normal2,6,2,static,2.325306,2.022488,3.150133,18,22.053999999999995
normal2,6,2,temporal,2.247418,1.926062,2.985704,19,22.053999999999995
normal2,7,2,temporal,1.988076,1.737187,2.701956,12,22.053999999999995
normal2,7,2,static,2.224203,1.935917,2.948739,12,22.053999999999995
normal2,8,2,static,2.044872,1.767282,2.854697,4,11.062000000000001
normal2,8,2,temporal,2.530346,2.223032,3.264446,11,11.062000000000001
normal2,9,2,temporal,2.035909,1.75928,2.739261,6,22.119999999999997
normal2,9,2,static,2.053956,1.796888,2.76447,6,22.119999999999997
normal2,10,2,static,2.14268,1.874395,2.822188,9,29.545999999999992
normal2,10,2,temporal,2.064312,1.764277,2.759212,9,29.545999999999992
normal2,11,2,temporal,1.855485,1.590666,2.541913,20,22.119999999999997
normal2,11,2,static,2.111252,1.828265,2.990792,11,22.119999999999997
normal2,12,2,static,2.227989,1.889698,2.954037,41,29.545999999999992
normal2,12,2,temporal,1.635963,1.389161,2.28172,32,29.545999999999992
normal2,13,2,temporal,1.69349,1.46875,2.411096,28,29.545999999999992
normal2,13,2,static,1.694442,1.26977,2.445297,41,29.545999999999992
normal2,14,2,static,1.869167,1.371654,2.607814,24,29.545999999999992
normal2,14,2,temporal,1.452206,1.221938,2.119334,26,29.545999999999992
normal2,15,2,temporal,1.628993,1.358814,2.311806,17,29.545999999999992
normal2,15,2,static,1.407608,1.207906,2.119896,17,29.545999999999992
normal2,16,2,static,1.369321,1.170339,2.088969,5,11.096
normal2,16,2,temporal,1.330622,1.133364,2.068889,12,11.096
normal2,17,2,temporal,1.479647,1.253155,2.203502,6,22.186
normal2,17,2,static,1.375731,1.174607,2.162079,6,22.186
normal2,18,2,static,1.304072,1.093143,1.994967,10,37.00999999999999
normal2,18,2,temporal,1.28323,1.09072,1.921175,10,37.00999999999999
normal2,19,2,temporal,1.511756,1.133634,2.170462,22,22.186
normal2,19,2,static,1.905021,1.074785,2.573511,11,22.186
normal2,20,2,static,1.532438,1.297332,3.309925,52,37.00999999999999
normal2,20,2,temporal,1.876418,1.580841,2.652051,39,37.00999999999999
normal2,21,2,temporal,1.593129,1.326546,2.46347,35,37.00999999999999
normal2,21,2,static,1.484365,1.257882,2.294494,52,37.00999999999999
normal2,22,2,static,1.671548,1.426097,2.429183,32,37.00999999999999
normal2,22,2,temporal,1.479077,1.25631,2.331781,34,37.00999999999999
normal2,23,2,temporal,1.530925,1.315359,2.260958,20,37.00999999999999
normal2,23,2,static,1.299865,1.099312,2.001126,20,37.00999999999999
normal2,24,2,static,1.493728,1.191221,2.333368,3,11.127999999999998
normal2,24,2,temporal,1.544155,1.328408,2.439689,8,11.127999999999998
normal2,25,2,temporal,1.431394,1.195677,2.124132,9,22.252
normal2,25,2,static,1.489082,1.288889,2.18249,9,22.252
normal2,26,2,static,1.323251,1.119302,2.04631,10,44.306
normal2,26,2,temporal,1.516944,1.297262,2.389403,10,44.306
normal2,27,2,temporal,1.740501,1.384513,2.568744,19,22.252
normal2,27,2,static,1.563704,1.318123,2.629856,11,22.252
normal2,28,2,static,1.766902,1.511045,2.554322,59,44.306
normal2,28,2,temporal,1.664317,1.414759,2.49293,43,44.306
normal2,29,2,temporal,2.245435,1.937089,3.447483,41,44.306
normal2,29,2,static,1.778359,1.547259,2.50629,59,44.306
normal2,30,2,static,2.703108,2.388883,3.464198,36,44.306
normal2,30,2,temporal,1.794834,1.566108,2.597398,38,44.306
normal2,31,2,temporal,1.879883,1.625718,2.692781,23,44.306
normal2,31,2,static,1.676235,1.358214,2.537507,23,44.306
normal2,32,2,static,2.299277,1.678488,4.359872,5,11.038
normal2,32,2,temporal,2.137032,1.732119,3.066747,10,11.038
normal2,33,2,temporal,2.079244,1.789206,2.823369,8,22.226
normal2,33,2,static,1.80588,1.598156,2.772061,8,22.226
normal2,34,2,static,1.568452,1.351714,2.370374,8,44.346
normal2,34,2,temporal,1.413106,1.206134,2.124622,8,44.346
normal2,35,2,temporal,1.527941,1.318103,2.187638,19,22.226
normal2,35,2,static,3.006195,2.613372,4.035572,10,22.226
normal2,36,2,static,1.500009,1.273135,2.265997,59,44.346
normal2,36,2,temporal,2.304384,1.932132,3.331387,42,44.346
normal2,37,2,temporal,1.81194,1.555382,2.764961,41,44.346
normal2,37,2,static,1.971772,1.650085,3.072456,59,44.346
normal2,38,2,static,2.084042,1.815925,3.011313,43,51.77199999999999
normal2,38,2,temporal,2.074617,1.363011,3.010452,45,51.77199999999999
normal2,39,2,temporal,3.183874,2.514472,4.28553,26,51.77199999999999
normal2,39,2,static,2.603206,2.203963,3.728378,26,51.77199999999999
normal2,40,2,static,1.602153,1.342009,2.6588,5,11.258000000000001
normal2,40,2,temporal,1.9974,1.636545,3.189253,9,11.258000000000001
normal2,41,2,temporal,1.803477,1.533138,2.825763,9,22.384
normal2,41,2,static,1.99746,1.756266,3.000958,9,22.384
normal2,42,2,static,1.783958,1.424895,2.707293,6,44.56999999999999
normal2,42,2,temporal,1.954065,1.706581,2.928858,6,44.56999999999999
normal2,43,2,temporal,1.919803,1.684247,2.683503,19,22.384
normal2,43,2,static,1.744788,1.505847,2.486159,10,22.384
normal2,44,2,static,1.726621,1.50164,2.576546,58,44.56999999999999
normal2,44,2,temporal,1.969678,1.754513,2.697099,39,44.56999999999999
normal2,45,2,temporal,1.369881,1.178502,2.067626,40,44.56999999999999
normal2,45,2,static,1.642834,1.377552,2.390309,58,44.56999999999999
normal2,46,2,static,1.522533,1.282279,2.32128,49,59.39399999999999
normal2,46,2,temporal,1.549474,1.339005,2.510737,51,59.39399999999999
normal2,47,2,temporal,12.295611,11.810418,13.64687,28,59.39399999999999
normal2,47,2,static,2.005783,1.69964,2.95573,28,59.39399999999999
normal2,48,2,static,1.351243,1.153785,2.106265,4,11.164
normal2,48,2,temporal,1.672168,1.376601,2.320979,11,11.164
normal2,49,2,temporal,1.577575,1.228958,2.38744,6,22.353999999999996
normal2,49,2,static,1.67983,1.445255,2.447891,6,22.353999999999996
normal2,50,2,static,1.647611,1.403372,2.746473,4,44.606
normal2,50,2,temporal,1.549363,1.281627,2.35397,4,44.606
normal2,51,2,temporal,1.619929,1.430083,2.306597,20,22.353999999999996
normal2,51,2,static,1.382781,1.197711,2.08,10,22.353999999999996
normal2,52,2,static,1.304944,1.113194,2.007736,56,44.606
normal2,52,2,temporal,1.444885,1.24291,2.084102,37,44.606
normal2,53,2,temporal,1.280597,1.093033,1.913424,40,44.606
normal2,53,2,static,1.384824,1.188978,2.02356,56,44.606
normal2,54,2,static,1.46799,1.271182,2.086054,55,66.66
normal2,54,2,temporal,1.322289,1.119793,1.994085,58,66.66
normal2,55,2,temporal,1.240806,1.045812,1.923929,29,66.66
normal2,55,2,static,1.358644,1.167846,1.96407,29,66.66
normal2,56,2,static,1.254267,1.055215,2.046595,3,11.225999999999999
normal2,56,2,temporal,1.289379,1.09075,2.181508,10,11.225999999999999
normal2,57,2,temporal,1.46844,1.258984,2.336913,4,22.418000000000003
normal2,57,2,static,1.449632,1.22333,2.291425,4,22.418000000000003
normal2,58,2,static,1.412826,1.210451,2.34157,1,44.644
normal2,58,2,temporal,1.319886,1.109979,2.217423,1,44.644
normal2,59,2,temporal,1.422341,1.224762,2.329888,19,22.418000000000003
normal2,59,2,static,2.7579,2.3149,3.668757,11,22.418000000000003
normal2,60,2,static,1.810668,1.535732,2.710318,50,44.644
normal2,60,2,temporal,1.448069,1.226545,2.312542,30,44.644
normal2,61,2,temporal,1.590736,1.366366,2.589175,34,44.644
normal2,61,2,static,1.492657,1.248548,2.36796,50,44.644
normal2,62,2,static,1.48103,1.160765,2.277434,55,66.764
normal2,62,2,temporal,1.538547,1.281077,2.444977,58,66.764
normal2,63,2,temporal,1.459127,1.253065,2.384185,26,66.764
normal2,63,2,static,1.407819,1.208007,2.203608,26,66.764
normal2,64,2,static,1.346616,1.114975,2.080325,4,11.192
normal2,64,2,temporal,1.302439,1.120024,2.050821,11,11.192
normal2,65,2,temporal,1.256399,1.053533,2.02368,4,22.322
normal2,65,2,static,1.342249,1.127245,1.99689,4,22.322
normal2,66,2,static,1.221207,1.0518,1.857128,1,44.70599999999999
normal2,66,2,temporal,1.343862,1.120635,2.084382,1,44.70599999999999
normal2,67,2,temporal,1.346537,1.154887,2.081151,22,22.322
normal2,67,2,static,2.780474,2.358236,3.516197,12,22.322
normal2,68,2,static,1.478545,1.25052,2.210352,51,44.70599999999999
normal2,68,2,temporal,1.300817,1.11093,1.987015,31,44.70599999999999
normal2,69,2,temporal,1.301488,1.125111,1.955817,35,44.70599999999999
normal2,69,2,static,1.510524,1.319446,2.146757,51,44.70599999999999
normal2,70,2,static,1.554821,1.357853,2.275591,57,66.89199999999998
normal2,70,2,temporal,1.289099,1.092332,1.942197,60,66.89199999999998
normal2,71,2,temporal,1.48144,1.247807,2.103661,23,66.89199999999998
normal2,71,2,static,1.341368,1.134145,2.175499,23,66.89199999999998
normal2,72,2,static,1.317061,1.14372,2.013425,5,11.03
normal2,72,2,temporal,1.277682,1.107755,1.925252,11,11.03
normal2,73,2,temporal,1.361518,1.184401,2.024722,6,22.22
normal2,73,2,static,1.227897,1.060484,1.847914,6,22.22
normal2,74,2,static,1.382651,1.180575,2.021747,1,44.574
normal2,74,2,temporal,1.404263,1.23053,2.233548,1,44.574
normal2,75,2,temporal,1.241827,1.067634,1.864219,21,22.22
normal2,75,2,static,1.324603,1.130709,2.213707,12,22.22
normal2,76,2,static,1.513719,1.325274,2.339117,51,44.574
normal2,76,2,temporal,1.310501,1.123268,2.042929,31,44.574
normal2,77,2,temporal,1.38881,1.202198,2.091162,34,44.574
normal2,77,2,static,1.249229,1.040723,1.892932,51,44.574
normal2,78,2,static,1.332384,1.135066,2.078983,57,66.82600000000001
normal2,78,2,temporal,1.307777,1.109607,6.469573,60,66.82600000000001
normal2,79,2,temporal,3.003671,2.607603,4.14642,24,66.82600000000001
normal2,79,2,static,1.977911,1.719951,3.25735,24,66.82600000000001
anomaly2,0,2,static,2.346609,1.918031,3.253731,4,10.892
anomaly2,0,2,temporal,2.137362,1.833502,2.959816,10,10.892
anomaly2,1,2,temporal,2.158984,1.854835,3.312068,9,21.725999999999996
anomaly2,1,2,static,1.906573,1.674982,2.852107,9,21.725999999999996
anomaly2,2,2,static,1.887655,1.631116,2.741535,6,21.725999999999996
anomaly2,2,2,temporal,1.667211,1.348158,2.441236,6,21.725999999999996
anomaly2,3,2,temporal,1.977941,1.709725,2.808296,18,21.725999999999996
anomaly2,3,2,static,1.837429,1.599198,2.652246,9,21.725999999999996
anomaly2,4,2,static,1.530134,1.328619,2.573406,32,21.725999999999996
anomaly2,4,2,temporal,1.533749,1.339595,2.311391,24,21.725999999999996
anomaly2,5,2,temporal,1.671598,1.445205,2.363684,24,21.725999999999996
anomaly2,5,2,static,2.30126,2.084582,3.341702,32,21.725999999999996
anomaly2,6,2,static,2.199756,1.890829,3.010713,17,21.725999999999996
anomaly2,6,2,temporal,1.571737,1.351484,2.237563,18,21.725999999999996
anomaly2,7,2,temporal,1.396011,1.204411,2.123982,15,21.725999999999996
anomaly2,7,2,static,1.676475,1.456702,2.482954,15,21.725999999999996
anomaly2,8,2,static,1.464064,1.272725,2.179406,2,10.86
anomaly2,8,2,temporal,1.49478,1.313476,2.173697,9,10.86
anomaly2,9,2,temporal,2.271064,1.954215,3.179007,10,21.750000000000004
anomaly2,9,2,static,2.325447,1.987875,3.547374,10,21.750000000000004
anomaly2,10,2,static,2.238004,1.888606,3.17455,7,29.051999999999996
anomaly2,10,2,temporal,2.18297,1.91762,3.015599,7,29.051999999999996
anomaly2,11,2,temporal,1.583735,1.34898,2.298055,18,21.750000000000004
anomaly2,11,2,static,1.925051,1.638247,2.636577,11,21.750000000000004
anomaly2,12,2,static,1.34244,1.105051,2.061247,42,29.051999999999996
anomaly2,12,2,temporal,1.454559,1.225774,2.128329,31,29.051999999999996
anomaly2,13,2,temporal,1.609884,1.414369,2.372036,33,29.051999999999996
anomaly2,13,2,static,1.394739,1.214787,2.102749,42,29.051999999999996
anomaly2,14,2,static,2.115499,1.824719,2.832913,22,29.051999999999996
anomaly2,14,2,temporal,1.550334,1.361338,2.269161,24,29.051999999999996
anomaly2,15,2,temporal,2.148639,1.89122,3.215562,20,29.051999999999996
anomaly2,15,2,static,1.8188,1.376261,2.801757,20,29.051999999999996
anomaly2,16,2,static,2.395913,2.065433,3.184865,4,11.018
anomaly2,16,2,temporal,2.256062,1.924861,3.005835,10,11.018
anomaly2,17,2,temporal,1.912182,1.58023,2.676828,10,21.907999999999998
anomaly2,17,2,static,1.753321,1.416882,2.669897,10,21.907999999999998
anomaly2,18,2,static,2.220117,1.895105,3.025655,8,36.51
anomaly2,18,2,temporal,1.766952,1.473569,3.603519,8,36.51
anomaly2,19,2,temporal,2.755837,2.390465,3.575126,20,21.907999999999998
anomaly2,19,2,static,2.200918,1.915637,2.955589,12,21.907999999999998
anomaly2,20,2,static,2.130261,1.848646,3.191686,53,36.51
anomaly2,20,2,temporal,2.178595,1.844319,2.87681,38,36.51
anomaly2,21,2,temporal,2.087557,1.832771,2.768666,41,36.51
anomaly2,21,2,static,2.272567,1.965843,3.466512,53,36.51
anomaly2,22,2,static,2.340338,2.079905,3.390547,29,36.51
anomaly2,22,2,temporal,1.700802,1.469502,2.849549,31,36.51
anomaly2,23,2,temporal,2.569025,2.185695,4.178859,24,36.51
anomaly2,23,2,static,1.939002,1.696525,2.84374,24,36.51
anomaly2,24,2,static,1.529562,1.32262,2.560612,5,11.06
anomaly2,24,2,temporal,1.395931,1.200735,2.26845,10,11.06
anomaly2,25,2,temporal,1.795945,1.546518,2.581724,9,21.988000000000003
anomaly2,25,2,static,1.749536,1.546849,2.636407,9,21.988000000000003
anomaly2,26,2,static,1.501009,1.268718,2.389834,9,43.714
anomaly2,26,2,temporal,1.363362,1.105381,2.242941,9,43.714
anomaly2,27,2,temporal,1.49471,1.295599,2.20876,20,21.988000000000003
anomaly2,27,2,static,1.528641,1.305774,2.239476,11,21.988000000000003
anomaly2,28,2,static,1.532968,1.321799,2.166846,62,43.714
anomaly2,28,2,temporal,1.657937,1.415711,2.888037,43,43.714
anomaly2,29,2,temporal,1.909958,1.602163,2.974969,48,43.714
anomaly2,29,2,static,1.495621,1.271372,2.547322,62,43.714
anomaly2,30,2,static,1.515952,1.310431,2.529816,35,43.714
anomaly2,30,2,temporal,1.433398,1.19707,2.478017,37,43.714
anomaly2,31,2,temporal,1.323682,1.125752,2.232967,27,43.714
anomaly2,31,2,static,1.333626,1.120635,2.322141,27,43.714
anomaly2,32,2,static,1.460889,1.263761,2.40052,4,11.296
anomaly2,32,2,temporal,1.298023,1.098611,2.392287,9,11.296
anomaly2,33,2,temporal,3.479091,3.090163,4.519243,8,22.326
anomaly2,33,2,static,2.86324,2.516455,4.075583,8,22.326
anomaly2,34,2,static,1.701152,1.461089,2.973517,7,44.076
anomaly2,34,2,temporal,1.523874,1.317572,2.436755,7,44.076
anomaly2,35,2,temporal,1.595953,1.364193,2.522044,19,22.326
anomaly2,35,2,static,1.612097,1.409251,2.669126,11,22.326
anomaly2,36,2,static,1.504905,1.297112,2.410695,60,44.076
anomaly2,36,2,temporal,1.749185,1.476703,2.720083,39,44.076
anomaly2,37,2,temporal,1.562222,1.347998,2.514492,48,44.076
anomaly2,37,2,static,1.717367,1.505156,2.765962,60,44.076
anomaly2,38,2,static,1.458856,1.214336,2.394721,41,51.378
anomaly2,38,2,temporal,1.817779,1.566198,2.772753,43,51.378
anomaly2,39,2,temporal,1.476322,1.268117,2.463965,31,51.378
anomaly2,39,2,static,1.38278,1.176088,2.379107,31,51.378
anomaly2,40,2,static,1.307647,1.123289,2.32082,2,11.992
anomaly2,40,2,temporal,1.47497,1.29648,2.435713,6,11.992
anomaly2,41,2,temporal,1.32982,1.131321,2.224333,8,23.127999999999997
anomaly2,41,2,static,1.440558,1.248949,2.356002,8,23.127999999999997
anomaly2,42,2,static,1.264342,1.077058,2.09662,6,45.036
anomaly2,42,2,temporal,1.573339,1.371153,2.417696,6,45.036
anomaly2,43,2,temporal,1.521931,1.321679,2.438938,16,23.127999999999997
anomaly2,43,2,static,1.464325,1.240005,2.230013,9,23.127999999999997
anomaly2,44,2,static,1.651958,1.455662,2.379829,58,45.036
anomaly2,44,2,temporal,1.599488,1.393628,2.449384,36,45.036
anomaly2,45,2,temporal,1.413398,1.214837,2.212455,47,45.036
anomaly2,45,2,static,1.569002,1.340306,2.622485,58,45.036
anomaly2,46,2,static,1.302991,1.102747,2.014717,44,59.638000000000005
anomaly2,46,2,temporal,1.559468,1.360488,2.292056,46,59.638000000000005
anomaly2,47,2,temporal,1.310982,1.089067,2.298035,35,59.638000000000005
anomaly2,47,2,static,1.630275,1.410112,2.315591,35,59.638000000000005
anomaly2,48,2,static,1.392446,1.165092,2.332527,1,12.228
anomaly2,48,2,temporal,1.523384,1.26327,2.278475,5,12.228
anomaly2,49,2,temporal,1.418515,1.210871,2.18847,7,24.012
anomaly2,49,2,static,2.264363,1.265503,3.14832,7,24.012
anomaly2,50,2,static,1.927365,1.582944,3.164325,6,46.0
anomaly2,50,2,temporal,1.530824,1.314127,2.528683,6,46.0
anomaly2,51,2,temporal,1.61333,1.40204,2.55907,11,24.012
anomaly2,51,2,static,1.508451,1.30939,2.481012,8,24.012
anomaly2,52,2,static,1.548191,1.308158,2.508994,52,46.0
anomaly2,52,2,temporal,1.875485,1.66036,2.841306,32,46.0
anomaly2,53,2,temporal,1.561712,1.292535,2.299547,43,46.0
anomaly2,53,2,static,1.504004,1.280186,2.26119,52,46.0
anomaly2,54,2,static,1.465526,1.213404,2.264875,46,67.726
anomaly2,54,2,temporal,2.391255,2.091052,3.198927,48,67.726
anomaly2,55,2,temporal,1.639259,1.427849,2.691289,36,67.726
anomaly2,55,2,static,1.590275,1.332926,2.513892,36,67.726
anomaly2,56,2,static,1.518457,1.306676,2.537447,1,12.318
anomaly2,56,2,temporal,2.676026,2.269882,3.55156,7,12.318
anomaly2,57,2,temporal,1.572928,1.351103,2.606261,5,24.576
anomaly2,57,2,static,1.301999,1.090128,1.952132,5,24.576
anomaly2,58,2,static,1.306966,1.11094,1.936989,5,46.90199999999999
anomaly2,58,2,temporal,1.586599,1.250241,2.326658,5,46.90199999999999
anomaly2,59,2,temporal,1.621802,1.311283,2.648045,10,24.576
anomaly2,59,2,static,1.542072,1.312044,2.40714,9,24.576
anomaly2,60,2,static,1.465746,1.235758,2.132284,46,46.90199999999999
anomaly2,60,2,temporal,1.360638,1.128066,2.04329,25,46.90199999999999
anomaly2,61,2,temporal,1.382791,1.19058,2.113576,39,46.90199999999999
anomaly2,61,2,static,1.279044,1.085802,2.384877,46,46.90199999999999
anomaly2,62,2,static,1.330792,1.106213,2.432489,44,68.652
anomaly2,62,2,temporal,1.288137,1.094926,1.953594,46,68.652
anomaly2,63,2,temporal,1.477034,1.260976,3.242123,31,68.652
anomaly2,63,2,static,1.336861,1.14387,2.43326,31,68.652
anomaly2,64,2,static,1.226114,1.054584,2.027757,1,12.13
anomaly2,64,2,temporal,1.330311,1.162217,2.432868,6,12.13
anomaly2,65,2,temporal,1.245843,1.046363,1.972282,4,24.516
anomaly2,65,2,static,1.403492,1.208126,2.217573,4,24.516
anomaly2,66,2,static,1.23643,1.042866,1.923829,4,47.644000000000005
anomaly2,66,2,temporal,1.241407,1.07137,1.929257,4,47.644000000000005
anomaly2,67,2,temporal,1.406937,1.228568,2.036289,11,24.516
anomaly2,67,2,static,1.712449,1.530234,2.39385,10,24.516
anomaly2,68,2,static,1.605748,1.415601,2.344415,40,47.644000000000005
anomaly2,68,2,temporal,1.636084,1.453668,2.417906,20,47.644000000000005
anomaly2,69,2,temporal,1.4548,1.267216,2.174297,35,47.644000000000005
anomaly2,69,2,static,1.458054,1.257031,2.897171,40,47.644000000000005
anomaly2,70,2,static,1.477093,1.284002,2.563126,43,69.55199999999998
anomaly2,70,2,temporal,2.802247,2.339608,3.634946,44,69.55199999999998
anomaly2,71,2,temporal,1.998772,1.665869,2.848286,27,69.55199999999998
anomaly2,71,2,static,1.771669,1.579058,2.576416,27,69.55199999999998
anomaly2,72,2,static,1.79888,1.545076,2.640728,1,12.23
anomaly2,72,2,temporal,2.036479,1.806752,2.788812,6,12.23
anomaly2,73,2,temporal,1.864639,1.634582,2.660183,3,24.49
anomaly2,73,2,static,1.830488,1.624296,2.618579,3,24.49
anomaly2,74,2,static,1.90484,1.65355,2.699271,2,48.50200000000001
anomaly2,74,2,temporal,1.816076,1.605007,2.59916,2,48.50200000000001
anomaly2,75,2,temporal,2.07001,1.844039,2.809569,11,24.49
anomaly2,75,2,static,1.989638,1.675273,2.826939,10,24.49
anomaly2,76,2,static,2.309883,1.929738,3.343095,32,48.50200000000001
anomaly2,76,2,temporal,2.080996,1.797218,2.908077,13,48.50200000000001
anomaly2,77,2,temporal,1.932572,1.699229,2.663558,30,48.50200000000001
anomaly2,77,2,static,1.788223,1.533349,2.550136,32,48.50200000000001
anomaly2,78,2,static,1.889988,1.665789,2.68516,40,70.49
anomaly2,78,2,temporal,1.7857,1.573579,2.465408,41,70.49
anomaly2,79,2,temporal,1.996178,1.705148,2.74438,24,70.49
anomaly2,79,2,static,1.987716,1.727122,2.722407,24,70.49
normal1,0,3,temporal,1.833051,1.562492,2.577067,9,10.856
normal1,0,3,static,1.892621,1.690767,2.59919,4,10.856
normal1,1,3,static,1.719049,1.515923,2.700684,6,21.548000000000002
normal1,1,3,temporal,1.886453,1.652208,3.757401,6,21.548000000000002
normal1,2,3,temporal,2.164252,1.819462,3.469276,4,21.548000000000002
normal1,2,3,static,1.822435,1.546158,2.689687,4,21.548000000000002
normal1,3,3,static,1.829777,1.609494,2.911081,8,21.548000000000002
normal1,3,3,temporal,1.852682,1.661092,2.815998,14,21.548000000000002
normal1,4,3,temporal,1.843859,1.648372,2.812963,17,21.548000000000002
normal1,4,3,static,1.908916,1.643204,2.803309,25,21.548000000000002
normal1,5,3,static,1.495591,1.320637,2.396484,25,21.548000000000002
normal1,5,3,temporal,1.596955,1.404033,2.702416,17,21.548000000000002
normal1,6,3,temporal,1.529402,1.292314,2.559951,14,21.548000000000002
normal1,6,3,static,1.731368,1.521791,2.719603,15,21.548000000000002
normal1,7,3,static,1.729224,1.520299,2.675516,10,21.548000000000002
normal1,7,3,temporal,2.980697,2.455984,4.06083,10,21.548000000000002
normal1,8,3,temporal,2.097682,1.819852,3.107049,8,10.921999999999999
normal1,8,3,static,1.917329,1.642894,2.936911,3,10.921999999999999
normal1,9,3,static,2.120286,1.797528,3.17491,6,21.72
normal1,9,3,temporal,2.584528,2.280198,3.748358,6,21.72
normal1,10,3,temporal,1.939392,1.677357,3.113218,5,28.880000000000003
normal1,10,3,static,2.351655,1.988657,3.394963,5,28.880000000000003
normal1,11,3,static,2.224423,1.969839,3.222693,9,21.72
normal1,11,3,temporal,1.958612,1.657306,2.891042,17,21.72
normal1,12,3,temporal,1.899943,1.617836,2.78451,23,28.880000000000003
normal1,12,3,static,2.114317,1.889798,3.107859,33,28.880000000000003
normal1,13,3,static,1.887073,1.661342,2.761726,33,28.880000000000003
normal1,13,3,temporal,2.280388,1.926473,2.986906,23,28.880000000000003
normal1,14,3,temporal,1.703126,1.414619,2.363123,20,28.880000000000003
normal1,14,3,static,2.120036,1.846743,2.852864,20,28.880000000000003
normal1,15,3,static,1.78524,1.530114,2.44029,13,28.880000000000003
normal1,15,3,temporal,2.002368,1.729886,2.81726,13,28.880000000000003
normal1,16,3,temporal,1.806081,1.579338,2.477897,11,11.052000000000001
normal1,16,3,static,2.07698,1.817639,2.757479,6,11.052000000000001
normal1,17,3,static,1.954646,1.761664,2.630588,6,21.82
normal1,17,3,temporal,1.670295,1.427489,2.323734,6,21.82
normal1,18,3,temporal,1.796246,1.528651,2.450115,8,36.306
normal1,18,3,static,1.956689,1.714773,2.677989,8,36.306
normal1,19,3,static,2.078713,1.841774,2.737019,10,21.82
normal1,19,3,temporal,1.8118,1.563584,2.50005,18,21.82
normal1,20,3,temporal,1.817218,1.579679,2.760474,32,36.306
normal1,20,3,static,2.04359,1.735414,3.023952,46,36.306
normal1,21,3,static,1.897329,1.676195,2.681469,46,36.306
normal1,21,3,temporal,1.657907,1.462812,2.376283,31,36.306
normal1,22,3,temporal,2.409584,2.060535,4.086289,27,36.306
normal1,22,3,static,1.98376,1.718809,2.776809,28,36.306
normal1,23,3,static,1.863839,1.631788,2.517848,18,36.306
normal1,23,3,temporal,1.710045,1.482321,2.43355,18,36.306
normal1,24,3,temporal,1.611047,1.399076,2.307679,9,11.108
normal1,24,3,static,1.69938,1.471996,2.394886,5,11.108
normal1,25,3,static,19.412513,18.921891,20.665357,7,21.996
normal1,25,3,temporal,3.164054,2.776548,4.595629,7,21.996
normal1,26,3,temporal,1.883758,1.644076,2.75814,9,43.544
normal1,26,3,static,2.898673,2.61903,3.681206,9,43.544
normal1,27,3,static,1.527029,1.264111,2.273427,10,21.996
normal1,27,3,temporal,1.357323,1.168717,2.406489,19,21.996
normal1,28,3,temporal,1.626941,1.430043,2.740013,40,43.544
normal1,28,3,static,1.295609,1.102427,2.107186,56,43.544
normal1,29,3,static,1.489402,1.294958,2.221839,56,43.544
normal1,29,3,temporal,1.225674,1.040043,1.911,37,43.544
normal1,30,3,temporal,1.367328,1.126424,2.010109,33,43.544
normal1,30,3,static,1.524144,1.325304,2.233908,34,43.544
normal1,31,3,static,1.971131,1.654492,2.970221,22,43.544
normal1,31,3,temporal,1.713221,1.498476,2.449003,22,43.544
normal1,32,3,temporal,1.811909,1.547861,2.476795,9,11.094
normal1,32,3,static,1.71299,1.500709,2.405387,6,11.094
normal1,33,3,static,1.790387,1.563394,2.521002,7,22.152
normal1,33,3,temporal,1.86446,1.570745,2.551198,7,22.152
normal1,34,3,temporal,1.843988,1.58722,2.951884,9,43.872
normal1,34,3,static,1.694021,1.491184,2.451016,9,43.872
normal1,35,3,static,1.720231,1.499728,2.396574,9,22.152
normal1,35,3,temporal,1.721944,1.545898,2.361251,19,22.152
normal1,36,3,temporal,2.075689,1.850879,3.040097,40,43.872
normal1,36,3,static,1.914866,1.683716,2.699892,57,43.872
normal1,37,3,static,1.937419,1.662994,2.615295,57,43.872
normal1,37,3,temporal,1.85185,1.645358,2.488512,38,43.872
normal1,38,3,temporal,1.914224,1.662483,2.576846,39,51.032
normal1,38,3,static,1.834665,1.605308,2.595655,40,51.032
normal1,39,3,static,1.787143,1.591646,2.626602,24,51.032
normal1,39,3,temporal,1.810448,1.569113,2.484747,24,51.032
normal1,40,3,temporal,1.79843,1.561802,2.555494,11,10.984000000000002
normal1,40,3,static,1.692039,1.437473,2.475613,6,10.984000000000002
normal1,41,3,static,1.564075,1.378104,2.267989,7,22.02
normal1,41,3,temporal,1.761203,1.536603,2.397675,7,22.02
normal1,42,3,temporal,1.690526,1.470955,2.447611,9,43.839999999999996
normal1,42,3,static,1.516337,1.292619,2.241289,9,43.839999999999996
normal1,43,3,static,1.29634,1.122607,2.005051,9,22.02
normal1,43,3,temporal,1.306716,1.134055,2.264084,20,22.02
normal1,44,3,temporal,1.669484,1.445996,2.389163,41,43.839999999999996
normal1,44,3,static,1.499658,1.282459,2.278525,59,43.839999999999996
normal1,45,3,static,1.58682,1.391865,2.304394,59,43.839999999999996
normal1,45,3,temporal,1.327307,1.152212,2.066294,39,43.839999999999996
normal1,46,3,temporal,1.445456,1.232404,2.097131,47,58.326
normal1,46,3,static,1.526067,1.337022,2.166076,48,58.326
normal1,47,3,static,1.500429,1.296671,2.441632,28,58.326
normal1,47,3,temporal,1.504785,1.321388,2.435583,28,58.326
normal1,48,3,temporal,3.126177,2.67188,4.279161,10,10.93
normal1,48,3,static,1.643274,1.34936,2.297163,3,10.93
normal1,49,3,static,1.485797,1.282149,2.167477,7,21.886
normal1,49,3,temporal,1.46832,1.254877,2.161699,7,21.886
normal1,50,3,temporal,1.227316,1.057419,1.916988,10,43.882
normal1,50,3,static,2.983591,2.74437,3.760466,10,43.882
normal1,51,3,static,1.406166,1.19697,2.15593,10,21.886
normal1,51,3,temporal,3.247431,2.48007,4.008352,20,21.886
normal1,52,3,temporal,2.536055,1.996198,3.427602,46,43.882
normal1,52,3,static,2.009959,1.735714,2.853805,62,43.882
normal1,53,3,static,1.542532,1.358464,2.187588,62,43.882
normal1,53,3,temporal,1.734393,1.545447,2.586591,41,43.882
normal1,54,3,temporal,1.370432,1.166373,2.038162,53,65.43
normal1,54,3,static,1.510093,1.31611,2.121909,53,65.43
normal1,55,3,static,3.022846,2.644414,3.818974,33,65.43
normal1,55,3,temporal,1.717176,1.493568,2.783278,33,65.43
normal1,56,3,temporal,1.624226,1.392265,2.708345,10,11.158
normal1,56,3,static,2.005693,1.800453,3.15464,4,11.158
normal1,57,3,static,1.892953,1.577175,2.800224,10,21.956
normal1,57,3,temporal,1.61316,1.370913,2.528132,10,21.956
normal1,58,3,temporal,1.690546,1.406166,2.621473,9,44.108000000000004
normal1,58,3,static,1.58757,1.365705,2.571498,9,44.108000000000004
normal1,59,3,static,1.599379,1.353196,2.520892,12,21.956
normal1,59,3,temporal,1.384143,1.199935,2.295922,21,21.956
normal1,60,3,temporal,1.599929,1.387088,2.471086,47,44.108000000000004
normal1,60,3,static,1.821524,1.570284,2.7177,65,44.108000000000004
normal1,61,3,static,1.828545,1.544205,2.800234,65,44.108000000000004
normal1,61,3,temporal,1.694192,1.477394,2.734094,43,44.108000000000004
normal1,62,3,temporal,1.493879,1.277051,2.509544,57,65.828
normal1,62,3,static,1.582352,1.346666,2.501553,56,65.828
normal1,63,3,static,1.632078,1.385585,2.609776,34,65.828
normal1,63,3,temporal,1.408159,1.214347,2.463876,34,65.828
normal1,64,3,temporal,3.352204,1.372225,4.323007,8,11.786000000000001
normal1,64,3,static,3.006907,2.450084,4.062343,3,11.786000000000001
normal1,65,3,static,2.184513,1.840162,3.093077,10,22.686
normal1,65,3,temporal,2.311365,1.793252,3.180399,10,22.686
normal1,66,3,temporal,1.730356,1.502372,2.608745,8,44.705999999999996
normal1,66,3,static,2.386729,1.996479,3.519692,8,44.705999999999996
normal1,67,3,static,1.948997,1.697026,2.887015,10,22.686
normal1,67,3,temporal,2.450616,2.01681,3.468094,18,22.686
normal1,68,3,temporal,1.97779,1.675063,2.977412,44,44.705999999999996
normal1,68,3,static,1.810418,1.615733,2.710758,61,44.705999999999996
normal1,69,3,static,2.237724,1.862506,3.197786,61,44.705999999999996
normal1,69,3,temporal,1.969188,1.721774,2.911693,43,44.705999999999996
normal1,70,3,temporal,2.206567,1.941586,3.139147,55,66.526
normal1,70,3,static,1.939502,1.588031,2.858593,53,66.526
normal1,71,3,static,1.6203,1.353376,2.494773,34,66.526
normal1,71,3,temporal,2.256402,1.967435,3.198305,34,66.526
normal1,72,3,temporal,1.967505,1.751389,2.906965,6,11.566
normal1,72,3,static,1.721263,1.450073,2.573993,2,11.566
normal1,73,3,static,1.86534,1.56749,2.898793,6,23.048000000000002
normal1,73,3,temporal,1.703005,1.498726,2.595304,6,23.048000000000002
normal1,74,3,temporal,1.622594,1.417954,2.561884,7,44.934
normal1,74,3,static,1.93748,1.709134,2.84379,7,44.934
normal1,75,3,static,1.789416,1.489232,2.719973,9,23.048000000000002
normal1,75,3,temporal,1.689434,1.501129,2.640192,15,23.048000000000002
normal1,76,3,temporal,2.028177,1.787583,2.989185,36,44.934
normal1,76,3,static,1.905131,1.683285,2.604188,53,44.934
normal1,77,3,static,1.661503,1.397173,2.40039,53,44.934
normal1,77,3,temporal,1.383622,1.191392,2.071653,39,44.934
normal1,78,3,temporal,1.681172,1.471325,2.420089,54,66.92999999999999
normal1,78,3,static,1.664266,1.394058,2.344595,52,66.92999999999999
normal1,79,3,static,1.750477,1.479968,2.516755,32,66.92999999999999
normal1,79,3,temporal,1.592458,1.32309,2.319377,32,66.92999999999999
anomaly1,0,3,temporal,1.518306,1.333697,2.288971,8,10.867999999999999
anomaly1,0,3,static,1.744007,1.486037,2.476375,3,10.867999999999999
anomaly1,1,3,static,1.571536,1.380908,2.31449,8,21.733999999999998
anomaly1,1,3,temporal,1.313586,1.146303,1.969608,8,21.733999999999998
anomaly1,2,3,temporal,1.714963,1.504235,2.392257,3,21.733999999999998
anomaly1,2,3,static,1.493629,1.221778,2.29133,3,21.733999999999998
anomaly1,3,3,static,1.557946,1.35512,2.530537,8,21.733999999999998
anomaly1,3,3,temporal,1.69948,1.445957,2.631478,14,21.733999999999998
anomaly1,4,3,temporal,1.829787,1.611567,2.768626,18,21.733999999999998
anomaly1,4,3,static,2.309032,2.047807,3.248482,25,21.733999999999998
anomaly1,5,3,static,2.188369,1.925501,3.064825,25,21.733999999999998
anomaly1,5,3,temporal,1.70662,1.469723,2.578349,18,21.733999999999998
anomaly1,6,3,temporal,2.206145,1.894855,3.218526,14,21.733999999999998
anomaly1,6,3,static,2.072403,1.827934,3.05513,14,21.733999999999998
anomaly1,7,3,static,1.972283,1.685909,2.960987,11,21.733999999999998
anomaly1,7,3,temporal,1.7455,1.523634,2.684219,11,21.733999999999998
anomaly1,8,3,temporal,1.908716,1.680931,2.908368,8,10.832
anomaly1,8,3,static,2.06302,1.75237,3.02904,4,10.832
anomaly1,9,3,static,1.748825,1.506077,2.685661,6,21.766000000000002
anomaly1,9,3,temporal,1.833763,1.589935,2.677899,6,21.766000000000002
anomaly1,10,3,temporal,1.763937,1.544005,2.660553,5,29.063999999999997
anomaly1,10,3,static,2.135619,1.854905,3.08222,5,29.063999999999997
anomaly1,11,3,static,1.87181,1.618287,2.812473,9,21.766000000000002
anomaly1,11,3,temporal,1.714392,1.432016,2.680814,15,21.766000000000002
anomaly1,12,3,temporal,1.459407,1.262999,2.457356,25,29.063999999999997
anomaly1,12,3,static,1.648713,1.438926,2.522224,35,29.063999999999997
anomaly1,13,3,static,1.535812,1.327817,2.489504,35,29.063999999999997
anomaly1,13,3,temporal,1.463613,1.270611,2.503115,24,29.063999999999997
anomaly1,14,3,temporal,1.694212,1.440388,2.614844,19,29.063999999999997
anomaly1,14,3,static,2.052444,1.848596,3.086842,20,29.063999999999997
anomaly1,15,3,static,1.920384,1.71978,2.772252,15,29.063999999999997
anomaly1,15,3,temporal,2.567742,2.233808,3.322904,15,29.063999999999997
anomaly1,16,3,temporal,1.958442,1.711118,2.723619,8,10.798
anomaly1,16,3,static,1.78557,1.526869,2.509996,3,10.798
anomaly1,17,3,static,1.880394,1.57424,2.866901,7,21.690000000000005
anomaly1,17,3,temporal,2.499259,2.20855,3.576688,7,21.690000000000005
anomaly1,18,3,temporal,1.967565,1.708603,3.093708,6,36.29599999999999
anomaly1,18,3,static,2.113646,1.779401,3.206359,6,36.29599999999999
anomaly1,19,3,static,1.78559,1.50816,2.697279,9,21.690000000000005
anomaly1,19,3,temporal,1.592928,1.388009,2.521984,15,21.690000000000005
anomaly1,20,3,temporal,1.528131,1.338444,2.311155,30,36.29599999999999
anomaly1,20,3,static,1.375761,1.179463,2.051552,41,36.29599999999999
anomaly1,21,3,static,1.771599,1.529292,2.568725,41,36.29599999999999
anomaly1,21,3,temporal,2.091322,1.618788,2.741316,29,36.29599999999999
anomaly1,22,3,temporal,1.688543,1.255328,2.451617,23,36.29599999999999
anomaly1,22,3,static,1.767242,1.352054,2.429383,23,36.29599999999999
anomaly1,23,3,static,1.30971,1.119442,1.979794,18,36.29599999999999
anomaly1,23,3,temporal,1.4485,1.278283,2.1825,18,36.29599999999999
anomaly1,24,3,temporal,1.213134,1.047665,1.853493,8,10.762
anomaly1,24,3,static,1.837549,1.571797,2.474041,4,10.762
anomaly1,25,3,static,1.651057,1.374748,2.322742,6,21.624
anomaly1,25,3,temporal,1.754633,1.570625,2.496055,6,21.624
anomaly1,26,3,temporal,1.259985,1.081154,2.044591,8,43.358
anomaly1,26,3,static,1.521961,1.353617,2.29439,8,43.358
anomaly1,27,3,static,2.291895,1.952142,3.078706,9,21.624
anomaly1,27,3,temporal,1.986333,1.757538,2.683007,15,21.624
anomaly1,28,3,temporal,1.341098,1.105221,2.118313,36,43.358
anomaly1,28,3,static,2.162189,1.848595,2.913209,52,43.358
anomaly1,29,3,static,1.636654,1.389481,2.501663,52,43.358
anomaly1,29,3,temporal,1.68581,1.466558,2.673863,37,43.358
anomaly1,30,3,temporal,2.514922,2.130451,3.789275,29,43.358
anomaly1,30,3,static,1.85814,1.60725,2.778582,30,43.358
anomaly1,31,3,static,1.601482,1.412325,2.349653,22,43.358
anomaly1,31,3,temporal,2.022879,1.697227,2.73716,22,43.358
anomaly1,32,3,temporal,1.559919,1.34257,2.338917,10,11.219999999999999
anomaly1,32,3,static,2.142349,1.935256,2.850761,5,11.219999999999999
anomaly1,33,3,static,2.015788,1.738398,2.691069,6,21.948
anomaly1,33,3,temporal,1.86502,1.630155,2.615736,6,21.948
anomaly1,34,3,temporal,1.780743,1.597136,2.448252,7,43.714000000000006
anomaly1,34,3,static,2.412188,2.227098,3.130574,7,43.714000000000006
anomaly1,35,3,static,3.068419,2.841256,3.986768,10,21.948
anomaly1,35,3,temporal,2.464997,2.034857,3.453392,17,21.948
anomaly1,36,3,temporal,1.84504,1.591246,2.853816,33,43.714000000000006
anomaly1,36,3,static,1.918721,1.555372,2.919585,52,43.714000000000006
anomaly1,37,3,static,1.903899,1.633309,2.917331,52,43.714000000000006
anomaly1,37,3,temporal,1.536954,1.303451,2.500851,37,43.714000000000006
anomaly1,38,3,temporal,1.691298,1.407097,2.776028,36,51.01199999999999
anomaly1,38,3,static,1.564806,1.344834,2.535414,37,51.01199999999999
anomaly1,39,3,static,1.813492,1.589604,2.92974,25,51.01199999999999
anomaly1,39,3,temporal,1.471245,1.259674,2.449293,25,51.01199999999999
anomaly1,40,3,temporal,1.54735,1.342911,2.518408,6,11.726
anomaly1,40,3,static,1.500038,1.269009,2.620142,3,11.726
anomaly1,41,3,static,1.442291,1.200455,2.387571,6,22.645999999999997
anomaly1,41,3,temporal,1.823417,1.568582,3.540894,6,22.645999999999997
anomaly1,42,3,temporal,1.790498,1.558557,2.741646,8,44.336000000000006
anomaly1,42,3,static,1.485116,1.291383,2.51947,8,44.336000000000006
anomaly1,43,3,static,1.353837,1.122768,2.245205,8,22.645999999999997
anomaly1,43,3,temporal,1.28926,1.101756,2.258795,15,22.645999999999997
anomaly1,44,3,temporal,1.447068,1.24377,2.411887,34,44.336000000000006
anomaly1,44,3,static,1.384984,1.190551,2.410635,52,44.336000000000006
anomaly1,45,3,static,1.614611,1.341568,2.540101,52,44.336000000000006
anomaly1,45,3,temporal,1.523373,1.1174,2.536586,38,44.336000000000006
anomaly1,46,3,temporal,1.577435,1.374929,2.509895,38,58.942
anomaly1,46,3,static,1.333837,1.13722,2.284244,38,58.942
anomaly1,47,3,static,1.764808,1.52126,2.743959,28,58.942
anomaly1,47,3,temporal,1.441309,1.236079,2.412278,28,58.942
anomaly1,48,3,temporal,1.381509,1.19085,2.356172,5,12.018
anomaly1,48,3,static,1.446377,1.262929,2.49327,3,12.018
anomaly1,49,3,static,1.469432,1.274378,2.396334,5,23.543999999999997
anomaly1,49,3,temporal,1.293616,1.10463,2.233347,5,23.543999999999997
anomaly1,50,3,temporal,1.439026,1.253105,2.344065,7,45.168000000000006
anomaly1,50,3,static,1.386867,1.19004,2.313708,7,45.168000000000006
anomaly1,51,3,static,1.285825,1.099993,2.251084,7,23.543999999999997
anomaly1,51,3,temporal,1.403532,1.197891,2.249061,12,23.543999999999997
anomaly1,52,3,temporal,1.379236,1.186795,2.331956,29,45.168000000000006
anomaly1,52,3,static,2.791791,2.551988,4.03443,47,45.168000000000006
anomaly1,53,3,static,1.563755,1.351383,2.445778,47,45.168000000000006
anomaly1,53,3,temporal,1.630986,1.399005,2.6652,34,45.168000000000006
anomaly1,54,3,temporal,1.53428,1.283281,2.503946,41,66.902
anomaly1,54,3,static,1.582673,1.332184,2.572761,43,66.902
anomaly1,55,3,static,1.527991,1.270481,2.460501,29,66.902
anomaly1,55,3,temporal,1.520358,1.309981,2.509584,29,66.902
anomaly1,56,3,temporal,1.466347,1.266776,2.408662,6,11.764
anomaly1,56,3,static,1.305244,1.119023,2.235801,3,11.764
anomaly1,57,3,static,1.553509,1.349331,2.504647,5,23.59
anomaly1,57,3,temporal,1.438695,1.198592,2.363734,5,23.59
anomaly1,58,3,temporal,1.514821,1.320226,2.514522,6,45.538
anomaly1,58,3,static,1.477514,1.285644,2.526891,6,45.538
anomaly1,59,3,static,1.31613,1.092331,2.206196,6,23.59
anomaly1,59,3,temporal,1.655383,1.475391,2.627367,8,23.59
anomaly1,60,3,temporal,1.313826,1.086382,2.070651,25,45.538
anomaly1,60,3,static,1.434669,1.260416,2.24189,43,45.538
anomaly1,61,3,static,1.383041,1.21014,2.075768,43,45.538
anomaly1,61,3,temporal,1.307538,1.111571,2.01958,32,45.538
anomaly1,62,3,temporal,1.329089,1.132713,2.368571,40,67.30400000000002
anomaly1,62,3,static,1.507459,1.310862,2.479279,42,67.30400000000002
anomaly1,63,3,static,1.396121,1.189379,2.36069,24,67.30400000000002
anomaly1,63,3,temporal,1.587931,1.384603,2.436303,24,67.30400000000002
anomaly1,64,3,temporal,1.349641,1.159643,2.334029,8,11.798
anomaly1,64,3,static,1.491025,1.30323,2.4267,3,11.798
anomaly1,65,3,static,1.392176,1.199163,2.371566,2,23.624
anomaly1,65,3,temporal,1.36245,1.133905,2.281329,2,23.624
anomaly1,66,3,temporal,1.4483,1.240576,2.379138,4,46.26999999999999
anomaly1,66,3,static,1.392585,1.158712,2.350795,4,46.26999999999999
anomaly1,67,3,static,1.391534,1.200555,2.360129,9,23.624
anomaly1,67,3,temporal,1.516553,1.289981,2.536055,12,23.624
anomaly1,68,3,temporal,1.65986,1.286375,2.619912,20,46.26999999999999
anomaly1,68,3,static,1.701733,1.487569,2.682225,39,46.26999999999999
anomaly1,69,3,static,1.470474,1.211882,2.393169,39,46.26999999999999
anomaly1,69,3,temporal,1.50825,1.306646,2.409643,29,46.26999999999999
anomaly1,70,3,temporal,1.385635,1.136058,2.378447,40,67.96000000000001
anomaly1,70,3,static,1.642083,1.424865,2.693994,43,67.96000000000001
anomaly1,71,3,static,1.520058,1.305754,2.395492,23,67.96000000000001
anomaly1,71,3,temporal,1.538727,1.326736,2.51983,23,67.96000000000001
anomaly1,72,3,temporal,1.437814,1.247456,2.42667,6,12.028
anomaly1,72,3,static,1.737227,1.539518,2.663628,1,12.028
anomaly1,73,3,static,1.381529,1.192312,2.298746,3,23.626
anomaly1,73,3,temporal,1.485426,1.281448,2.411862,3,23.626
anomaly1,74,3,temporal,1.456352,1.253355,2.170442,2,47.16999999999999
anomaly1,74,3,static,1.384053,1.114305,2.306813,2,47.16999999999999
anomaly1,75,3,static,1.390964,1.120604,2.338957,8,23.626
anomaly1,75,3,temporal,1.475371,1.274036,2.39453,11,23.626
anomaly1,76,3,temporal,1.381669,1.136358,2.24809,15,47.16999999999999
anomaly1,76,3,static,1.297562,1.106383,2.341701,32,47.16999999999999
anomaly1,77,3,static,1.421589,1.227716,2.422283,32,47.16999999999999
anomaly1,77,3,temporal,1.351554,1.151091,2.324125,25,47.16999999999999
anomaly1,78,3,temporal,1.447368,1.24332,2.536966,37,68.79400000000001
anomaly1,78,3,static,1.407869,1.179934,2.306998,39,68.79400000000001
anomaly1,79,3,static,1.417744,1.213254,2.40114,20,68.79400000000001
anomaly1,79,3,temporal,1.380748,1.189588,2.277694,20,68.79400000000001
normal2,0,3,temporal,1.441019,1.253515,2.438928,11,11.062000000000001
normal2,0,3,static,1.310061,1.102316,2.240508,5,11.062000000000001
normal2,1,3,static,1.815426,1.626369,2.821276,5,22.053999999999995
normal2,1,3,temporal,1.544345,1.319104,2.412578,5,22.053999999999995
normal2,2,3,temporal,1.444855,1.223851,2.435322,7,22.053999999999995
normal2,2,3,static,1.475962,1.280026,2.439489,7,22.053999999999995
normal2,3,3,static,1.590795,1.303081,2.49999,9,22.053999999999995
normal2,3,3,temporal,1.374949,1.188648,2.330284,19,22.053999999999995
normal2,4,3,temporal,1.680251,1.462381,2.722436,24,22.053999999999995
normal2,4,3,static,1.634241,1.363271,2.607577,30,22.053999999999995
normal2,5,3,static,1.48105,1.293967,2.330584,30,22.053999999999995
normal2,5,3,temporal,1.78607,1.574441,2.735958,19,22.053999999999995
normal2,6,3,temporal,2.024311,1.683636,2.839163,19,22.053999999999995
normal2,6,3,static,2.217413,1.926903,3.431849,18,22.053999999999995
normal2,7,3,static,2.255711,1.946263,3.167083,12,22.053999999999995
normal2,7,3,temporal,2.102279,1.817618,3.010231,12,22.053999999999995
normal2,8,3,temporal,2.020465,1.784789,2.911788,11,11.062000000000001
normal2,8,3,static,1.93101,1.71317,2.640673,4,11.062000000000001
normal2,9,3,static,1.834394,1.614401,2.602745,6,22.119999999999997
normal2,9,3,temporal,1.852611,1.591917,2.573601,6,22.119999999999997
normal2,10,3,temporal,1.796247,1.579659,2.487472,9,29.545999999999992
normal2,10,3,static,1.836146,1.611366,2.678821,9,29.545999999999992
normal2,11,3,static,1.967605,1.659389,2.708866,11,22.119999999999997
normal2,11,3,temporal,1.698508,1.45501,2.553011,20,22.119999999999997
normal2,12,3,temporal,1.987295,1.724037,2.729848,32,29.545999999999992
normal2,12,3,static,1.99735,1.693961,2.800379,41,29.545999999999992
normal2,13,3,static,1.972262,1.707642,2.968278,41,29.545999999999992
normal2,13,3,temporal,1.918912,1.659068,2.842874,28,29.545999999999992
normal2,14,3,temporal,2.073635,1.803808,2.932534,26,29.545999999999992
normal2,14,3,static,1.907855,1.650716,2.647844,24,29.545999999999992
normal2,15,3,static,1.953604,1.672409,2.739022,17,29.545999999999992
normal2,15,3,temporal,1.889617,1.650176,2.53277,17,29.545999999999992
normal2,16,3,temporal,1.694763,1.463783,2.326057,12,11.096
normal2,16,3,static,2.587522,2.332617,3.309214,5,11.096
normal2,17,3,static,1.906633,1.621271,2.934898,6,22.186
normal2,17,3,temporal,1.82505,1.553079,2.867131,6,22.186
normal2,18,3,temporal,1.60675,1.345805,2.474332,10,37.00999999999999
normal2,18,3,static,1.740162,1.538997,2.482198,10,37.00999999999999
normal2,19,3,static,1.424765,1.213776,2.432058,11,22.186
normal2,19,3,temporal,1.416101,1.219544,2.263647,22,22.186
normal2,20,3,temporal,1.380077,1.184301,2.151688,39,37.00999999999999
normal2,20,3,static,1.404394,1.180795,2.233407,52,37.00999999999999
normal2,21,3,static,1.553509,1.297372,2.20868,52,37.00999999999999
normal2,21,3,temporal,1.321749,1.133253,2.000014,35,37.00999999999999
normal2,22,3,temporal,1.395711,1.199063,2.039463,34,37.00999999999999
normal2,22,3,static,1.456052,1.263691,2.134893,32,37.00999999999999
normal2,23,3,static,1.577765,1.34901,2.456044,20,37.00999999999999
normal2,23,3,temporal,1.429251,1.212273,2.160567,20,37.00999999999999
normal2,24,3,temporal,1.280767,1.088535,2.130602,8,11.127999999999998
normal2,24,3,static,2.384365,1.192463,3.123723,3,11.127999999999998
normal2,25,3,static,2.025523,1.775996,3.048379,9,22.252
normal2,25,3,temporal,1.730777,1.458165,2.67841,9,22.252
normal2,26,3,temporal,1.595272,1.374599,2.313859,10,44.306
normal2,26,3,static,1.772055,1.53128,2.572925,10,44.306
normal2,27,3,static,1.83868,1.522742,2.855217,11,22.252
normal2,27,3,temporal,1.759981,1.498416,2.950772,19,22.252
normal2,28,3,temporal,1.632849,1.376762,2.708286,43,44.306
normal2,28,3,static,1.571376,1.348149,2.583336,59,44.306
normal2,29,3,static,1.44799,1.226245,2.580382,59,44.306
normal2,29,3,temporal,1.570315,1.33554,2.660863,41,44.306
normal2,30,3,temporal,1.567901,1.359405,2.484567,38,44.306
normal2,30,3,static,1.415991,1.178532,2.352017,36,44.306
normal2,31,3,static,1.334317,1.113644,2.368231,23,44.306
normal2,31,3,temporal,1.619418,1.430493,2.846915,23,44.306
normal2,32,3,temporal,1.423011,1.252824,2.104953,10,11.038
normal2,32,3,static,1.427789,1.253505,2.12925,5,11.038
normal2,33,3,static,1.268288,1.096168,1.95728,8,22.226
normal2,33,3,temporal,1.416722,1.215799,2.155119,8,22.226
normal2,34,3,temporal,1.310892,1.09124,1.935126,8,44.346
normal2,34,3,static,1.388289,1.211291,2.028387,8,44.346
normal2,35,3,static,1.214096,1.046011,1.859482,10,22.226
normal2,35,3,temporal,1.361749,1.19054,2.036249,19,22.226
normal2,36,3,temporal,1.386397,1.198322,2.444406,42,44.346
normal2,36,3,static,1.819351,1.597365,2.510446,59,44.346
normal2,37,3,static,1.542323,1.344353,2.549625,59,44.346
normal2,37,3,temporal,1.65384,1.458856,2.335211,41,44.346
normal2,38,3,temporal,1.383912,1.181837,2.203291,45,51.77199999999999
normal2,38,3,static,1.497805,1.300136,2.227448,43,51.77199999999999
normal2,39,3,static,1.337272,1.156258,2.162911,26,51.77199999999999
normal2,39,3,temporal,1.338274,1.107725,2.014546,26,51.77199999999999
normal2,40,3,temporal,1.380267,1.200556,2.072073,9,11.258000000000001
normal2,40,3,static,1.238753,1.07785,2.029218,5,11.258000000000001
normal2,41,3,static,1.603204,1.218963,2.231855,9,22.384
normal2,41,3,temporal,1.295308,1.129628,1.889187,9,22.384
normal2,42,3,temporal,1.386296,1.212353,1.998172,6,44.56999999999999
normal2,42,3,static,1.253445,1.083198,1.966033,6,44.56999999999999
normal2,43,3,static,1.279475,1.116358,1.982258,10,22.384
normal2,43,3,temporal,1.200616,1.039111,1.856417,19,22.384
normal2,44,3,temporal,1.357202,1.152473,2.165635,39,44.56999999999999
normal2,44,3,static,1.234196,1.060814,1.948756,58,44.56999999999999
normal2,45,3,static,1.333787,1.136078,1.975047,58,44.56999999999999
normal2,45,3,temporal,1.297873,1.069928,1.976058,40,44.56999999999999
normal2,46,3,temporal,1.29625,1.098582,1.932663,51,59.39399999999999
normal2,46,3,static,1.972623,1.712079,3.06902,49,59.39399999999999
normal2,47,3,static,1.791028,1.593459,2.629776,28,59.39399999999999
normal2,47,3,temporal,1.333707,1.122828,2.054686,28,59.39399999999999
normal2,48,3,temporal,1.417534,1.254417,2.171103,11,11.164
normal2,48,3,static,1.26306,1.032601,1.996569,4,11.164
normal2,49,3,static,1.286916,1.114225,1.993164,6,22.353999999999996
normal2,49,3,temporal,1.550874,1.304312,2.189321,6,22.353999999999996
normal2,50,3,temporal,1.414739,1.230431,2.065063,4,44.606
normal2,50,3,static,1.306195,1.142207,1.922938,4,44.606
normal2,51,3,static,1.333787,1.162027,1.971602,10,22.353999999999996
normal2,51,3,temporal,1.211632,1.05134,1.821234,20,22.353999999999996
normal2,52,3,temporal,1.364964,1.187165,2.077011,37,44.606
normal2,52,3,static,1.280536,1.104911,2.013986,56,44.606
normal2,53,3,static,1.31581,1.140464,2.092163,56,44.606
normal2,53,3,temporal,1.347638,1.094936,1.958632,40,44.606
normal2,54,3,temporal,1.300787,1.106563,2.01728,58,66.66
normal2,54,3,static,1.41542,1.218002,2.452569,55,66.66
normal2,55,3,static,1.480249,1.177761,2.117402,29,66.66
normal2,55,3,temporal,1.450714,1.250801,2.223322,29,66.66
normal2,56,3,temporal,1.381779,1.215048,2.124322,10,11.225999999999999
normal2,56,3,static,1.194887,1.030008,1.875035,3,11.225999999999999
normal2,57,3,static,1.294107,1.125081,2.018392,4,22.418000000000003
normal2,57,3,temporal,1.458505,1.270361,2.501523,4,22.418000000000003
normal2,58,3,temporal,1.411144,1.212594,2.118263,1,44.644
normal2,58,3,static,1.238713,1.070018,2.045843,1,44.644
normal2,59,3,static,1.418204,1.235118,2.272496,11,22.418000000000003
normal2,59,3,temporal,1.248487,1.077199,2.168188,19,22.418000000000003
normal2,60,3,temporal,1.358464,1.171191,2.112114,30,44.644
normal2,60,3,static,1.327608,1.127896,2.192886,50,44.644
normal2,61,3,static,1.313566,1.118911,2.115339,50,44.644
normal2,61,3,temporal,1.366236,1.17708,2.12983,34,44.644
normal2,62,3,temporal,1.439677,1.221026,2.058393,58,66.764
normal2,62,3,static,1.417844,1.188236,2.04335,55,66.764
normal2,63,3,static,1.340567,1.120785,2.013344,26,66.764
normal2,63,3,temporal,1.472617,1.278643,2.212345,26,66.764
normal2,64,3,temporal,1.228367,1.062446,1.906032,11,11.192
normal2,64,3,static,1.482472,1.306015,2.364255,4,11.192
normal2,65,3,static,1.209199,1.043908,1.946603,4,22.322
normal2,65,3,temporal,1.198472,1.017638,1.869327,4,22.322
normal2,66,3,temporal,1.416542,1.133715,2.064942,1,44.70599999999999
normal2,66,3,static,1.492567,1.307247,2.416784,1,44.70599999999999
normal2,67,3,static,1.674893,1.46795,2.441402,12,22.322
normal2,67,3,temporal,1.735545,1.548442,2.464707,22,22.322
normal2,68,3,temporal,1.35555,1.165262,2.06324,31,44.70599999999999
normal2,68,3,static,1.882877,1.680721,2.668835,51,44.70599999999999
normal2,69,3,static,1.954415,1.702304,3.042801,51,44.70599999999999
normal2,69,3,temporal,1.631527,1.422581,2.680353,35,44.70599999999999
normal2,70,3,temporal,2.916329,2.496034,3.856521,60,66.89199999999998
normal2,70,3,static,1.498225,1.292254,2.181839,57,66.89199999999998
normal2,71,3,static,1.352856,1.167785,2.022599,23,66.89199999999998
normal2,71,3,temporal,1.48195,1.295018,2.267569,23,66.89199999999998
normal2,72,3,temporal,1.526448,1.352986,2.460611,11,11.03
normal2,72,3,static,1.36865,1.200325,2.247718,5,11.03
normal2,73,3,static,1.460728,1.239124,2.224443,6,22.22
normal2,73,3,temporal,1.33547,1.158862,2.272886,6,22.22
normal2,74,3,temporal,1.321478,1.035095,2.283873,1,44.574
normal2,74,3,static,1.383893,1.213716,2.100717,1,44.574
normal2,75,3,static,1.312314,1.139643,2.130252,12,22.22
normal2,75,3,temporal,1.359376,1.173094,2.137632,21,22.22
normal2,76,3,temporal,1.319035,1.125191,2.536145,31,44.574
normal2,76,3,static,1.27009,1.092732,2.199646,51,44.574
normal2,77,3,static,1.320016,1.108296,2.125194,51,44.574
normal2,77,3,temporal,1.306716,1.126083,2.366108,34,44.574
normal2,78,3,temporal,1.239174,1.0189,2.091343,60,66.82600000000001
normal2,78,3,static,1.345565,1.156028,2.213888,57,66.82600000000001
normal2,79,3,static,1.217591,1.043237,2.118253,24,66.82600000000001
normal2,79,3,temporal,2.947097,2.45403,4.253241,24,66.82600000000001
anomaly2,0,3,temporal,1.961256,1.455571,3.096382,10,10.892
anomaly2,0,3,static,2.850931,1.696295,3.74928,4,10.892
anomaly2,1,3,static,2.038692,1.695223,3.016491,9,21.725999999999996
anomaly2,1,3,temporal,1.747572,1.4088,2.629516,9,21.725999999999996
anomaly2,2,3,temporal,2.154868,1.906653,3.049872,6,21.725999999999996
anomaly2,2,3,static,1.681352,1.443383,2.643857,6,21.725999999999996
anomaly2,3,3,static,2.010941,1.779701,2.945634,9,21.725999999999996
anomaly2,3,3,temporal,1.738098,1.436823,2.699852,18,21.725999999999996
anomaly2,4,3,temporal,1.586288,1.397503,2.54611,24,21.725999999999996
anomaly2,4,3,static,1.69974,1.510243,2.521263,32,21.725999999999996
anomaly2,5,3,static,1.964411,1.687212,2.905353,32,21.725999999999996
anomaly2,5,3,temporal,1.668644,1.458535,2.593711,24,21.725999999999996
anomaly2,6,3,temporal,1.835796,1.575302,2.740283,18,21.725999999999996
anomaly2,6,3,static,2.013825,1.768614,2.979385,17,21.725999999999996
anomaly2,7,3,static,1.887855,1.650476,2.801586,15,21.725999999999996
anomaly2,7,3,temporal,1.777748,1.464815,2.655726,15,21.725999999999996
anomaly2,8,3,temporal,1.650836,1.450263,2.570837,9,10.86
anomaly2,8,3,static,1.412706,1.211061,2.36138,2,10.86
anomaly2,9,3,static,1.71983,1.438285,2.607493,10,21.750000000000004
anomaly2,9,3,temporal,1.55376,1.266785,2.438026,10,21.750000000000004
anomaly2,10,3,temporal,2.229841,1.954115,3.174189,7,29.051999999999996
anomaly2,10,3,static,1.30326,1.12452,2.174999,7,29.051999999999996
anomaly2,11,3,static,1.606259,1.430703,2.497336,11,21.750000000000004
anomaly2,11,3,temporal,1.219173,1.052131,2.126556,18,21.750000000000004
anomaly2,12,3,temporal,2.349012,2.02407,3.318978,31,29.051999999999996
anomaly2,12,3,static,1.680571,1.459146,2.656577,42,29.051999999999996
anomaly2,13,3,static,1.755654,1.54777,2.622285,42,29.051999999999996
anomaly2,13,3,temporal,1.669034,1.461439,2.673413,33,29.051999999999996
anomaly2,14,3,temporal,2.284034,1.973905,3.281662,24,29.051999999999996
anomaly2,14,3,static,1.578897,1.333687,2.505679,22,29.051999999999996
anomaly2,15,3,static,1.77211,1.57408,2.555023,20,29.051999999999996
anomaly2,15,3,temporal,2.231814,1.922447,3.23383,20,29.051999999999996
anomaly2,16,3,temporal,1.642494,1.416902,2.551258,10,11.018
anomaly2,16,3,static,1.449042,1.208898,2.371486,4,11.018
anomaly2,17,3,static,1.359365,1.162458,2.34081,10,21.907999999999998
anomaly2,17,3,temporal,1.879982,1.61383,2.767425,10,21.907999999999998
anomaly2,18,3,temporal,1.839581,1.532868,2.755397,8,36.51
anomaly2,18,3,static,1.551827,1.338494,2.503355,8,36.51
anomaly2,19,3,static,1.796176,1.549813,2.693593,12,21.907999999999998
anomaly2,19,3,temporal,1.585207,1.340897,2.45337,20,21.907999999999998
anomaly2,20,3,temporal,1.544996,1.351724,2.501883,38,36.51
anomaly2,20,3,static,1.899572,1.64,2.679271,53,36.51
anomaly2,21,3,static,1.999904,1.7059,2.730879,53,36.51
anomaly2,21,3,temporal,1.643065,1.440658,2.302202,41,36.51
anomaly2,22,3,temporal,1.964721,1.754893,2.631399,31,36.51
anomaly2,22,3,static,1.647592,1.40214,2.401341,29,36.51
anomaly2,23,3,static,1.482221,1.277371,2.165294,24,36.51
anomaly2,23,3,temporal,1.983169,1.47443,2.683558,24,36.51
anomaly2,24,3,temporal,1.743377,1.508621,2.401822,10,11.06
anomaly2,24,3,static,1.337773,1.169959,2.223953,5,11.06
anomaly2,25,3,static,1.617766,1.387098,2.435282,9,21.988000000000003
anomaly2,25,3,temporal,1.658508,1.460899,2.324264,9,21.988000000000003
anomaly2,26,3,temporal,1.576514,1.361489,2.286077,9,43.714
anomaly2,26,3,static,1.64007,1.370562,2.818011,9,43.714
anomaly2,27,3,static,1.639579,1.430403,2.524758,11,21.988000000000003
anomaly2,27,3,temporal,1.605067,1.398995,2.256533,20,21.988000000000003
anomaly2,28,3,temporal,1.482992,1.288638,2.269872,43,43.714
anomaly2,28,3,static,1.847112,1.632939,2.464516,62,43.714
anomaly2,29,3,static,1.297241,1.096517,1.985062,62,43.714
anomaly2,29,3,temporal,1.515031,1.278544,2.192826,48,43.714
anomaly2,30,3,temporal,1.687842,1.471686,2.455814,37,43.714
anomaly2,30,3,static,1.857208,1.580309,2.934908,35,43.714
anomaly2,31,3,static,1.4612,1.238092,2.140447,27,43.714
anomaly2,31,3,temporal,1.785569,1.576043,2.448832,27,43.714
anomaly2,32,3,temporal,1.566789,1.285193,2.341281,9,11.296
anomaly2,32,3,static,1.435711,1.24996,2.108078,4,11.296
anomaly2,33,3,static,1.298324,1.11122,1.984831,8,22.326
anomaly2,33,3,temporal,1.25681,1.07808,1.873313,8,22.326
anomaly2,34,3,temporal,1.353897,1.162578,2.036319,7,44.076
anomaly2,34,3,static,2.01736,1.769456,2.795948,7,44.076
anomaly2,35,3,static,1.344182,1.172213,1.978862,11,22.326
anomaly2,35,3,temporal,1.477845,1.253205,2.107427,19,22.326
anomaly2,36,3,temporal,1.313426,1.095356,2.070791,39,44.076
anomaly2,36,3,static,1.741012,1.525296,2.392698,60,44.076
anomaly2,37,3,static,1.606389,1.392546,2.338176,60,44.076
anomaly2,37,3,temporal,1.479377,1.24999,2.145524,48,44.076
anomaly2,38,3,temporal,4.47067,4.261945,5.13854,43,51.378
anomaly2,38,3,static,1.275368,1.086833,1.915055,41,51.378
anomaly2,39,3,static,1.518986,1.217681,2.176731,31,51.378
anomaly2,39,3,temporal,1.440177,1.250171,2.078423,31,51.378
anomaly2,40,3,temporal,1.257051,1.049286,1.923038,6,11.992
anomaly2,40,3,static,1.661782,1.443894,2.307089,2,11.992
anomaly2,41,3,static,1.400067,1.164872,2.00411,8,23.127999999999997
anomaly2,41,3,temporal,1.77916,1.580019,2.384235,8,23.127999999999997
anomaly2,42,3,temporal,1.395591,1.198663,2.025402,6,45.036
anomaly2,42,3,static,1.661412,1.466598,2.303192,6,45.036
anomaly2,43,3,static,1.283501,1.047915,2.144273,9,23.127999999999997
anomaly2,43,3,temporal,1.213695,1.006082,1.928616,16,23.127999999999997
anomaly2,44,3,temporal,1.411615,1.222499,2.063,36,45.036
anomaly2,44,3,static,1.219384,1.011689,1.855426,58,45.036
anomaly2,45,3,static,1.388219,1.129908,2.390474,58,45.036
anomaly2,45,3,temporal,1.391814,1.19707,2.090301,47,45.036
anomaly2,46,3,temporal,1.226404,1.029186,1.927675,46,59.638000000000005
anomaly2,46,3,static,1.278183,1.090539,1.918481,44,59.638000000000005
anomaly2,47,3,static,1.485306,1.028626,2.230143,35,59.638000000000005
anomaly2,47,3,temporal,1.315008,1.07758,1.992343,35,59.638000000000005
anomaly2,48,3,temporal,1.346576,1.163289,2.329702,5,12.228
anomaly2,48,3,static,1.211522,0.996737,2.086595,1,12.228
anomaly2,49,3,static,1.207747,1.027473,1.876878,7,24.012
anomaly2,49,3,temporal,1.185573,1.006391,1.806231,7,24.012
anomaly2,50,3,temporal,1.344293,1.157971,2.049009,6,46.0
anomaly2,50,3,static,1.229239,1.04493,1.848345,6,46.0
anomaly2,51,3,static,1.213735,1.037319,3.529516,8,24.012
anomaly2,51,3,temporal,1.51481,1.282729,2.183031,11,24.012
anomaly2,52,3,temporal,1.336651,1.141476,2.065083,32,46.0
anomaly2,52,3,static,1.881936,1.569112,4.18983,52,46.0
anomaly2,53,3,static,3.871154,3.603099,4.977326,52,46.0
anomaly2,53,3,temporal,1.569353,1.358714,2.340619,43,46.0
anomaly2,54,3,temporal,1.530103,1.282509,2.474457,48,67.726
anomaly2,54,3,static,1.690517,1.437243,2.764581,46,67.726
anomaly2,55,3,static,1.597756,1.358414,2.619621,36,67.726
anomaly2,55,3,temporal,1.610936,1.325464,2.594163,36,67.726
anomaly2,56,3,temporal,2.044932,1.65341,3.124174,7,12.318
anomaly2,56,3,static,1.9378,1.693851,3.010432,1,12.318
anomaly2,57,3,static,1.907394,1.649063,3.021058,5,24.576
anomaly2,57,3,temporal,1.72619,1.475801,2.788476,5,24.576
anomaly2,58,3,temporal,1.753982,1.495201,2.785301,5,46.90199999999999
anomaly2,58,3,static,1.806261,1.568351,2.849919,5,46.90199999999999
anomaly2,59,3,static,1.560409,1.324723,2.540071,9,24.576
anomaly2,59,3,temporal,1.524795,1.279785,2.448953,10,24.576
anomaly2,60,3,temporal,1.604586,1.307878,2.708475,25,46.90199999999999
anomaly2,60,3,static,1.895136,1.619308,2.836439,46,46.90199999999999
anomaly2,61,3,static,1.706701,1.413998,2.719061,46,46.90199999999999
anomaly2,61,3,temporal,1.422782,1.198442,2.463986,39,46.90199999999999
anomaly2,62,3,temporal,1.759271,1.507659,2.748026,46,68.652
anomaly2,62,3,static,1.538426,1.285123,2.525894,44,68.652
anomaly2,63,3,static,1.735214,1.502111,2.735937,31,68.652
anomaly2,63,3,temporal,1.595723,1.385555,2.286387,31,68.652
anomaly2,64,3,temporal,1.504865,1.317062,2.261921,6,12.13
anomaly2,64,3,static,1.410413,1.212534,2.158424,1,12.13
anomaly2,65,3,static,1.4551,1.253726,2.138774,4,24.516
anomaly2,65,3,temporal,1.360107,1.165623,2.033465,4,24.516
anomaly2,66,3,temporal,1.189318,0.991209,1.804298,4,47.644000000000005
anomaly2,66,3,static,1.431544,1.21672,2.119155,4,47.644000000000005
anomaly2,67,3,static,1.552297,1.290501,2.380525,10,24.516
anomaly2,67,3,temporal,1.743437,1.50764,2.804451,11,24.516
anomaly2,68,3,temporal,1.592869,1.343571,2.602886,20,47.644000000000005
anomaly2,68,3,static,2.030841,1.699299,3.174369,40,47.644000000000005
anomaly2,69,3,static,1.819591,1.477855,2.978584,40,47.644000000000005
anomaly2,69,3,temporal,1.809817,1.564987,2.804781,35,47.644000000000005
anomaly2,70,3,temporal,1.735895,1.444284,2.735206,44,69.55199999999998
anomaly2,70,3,static,1.661102,1.423413,2.770279,43,69.55199999999998
anomaly2,71,3,static,1.537715,1.278343,2.476955,27,69.55199999999998
anomaly2,71,3,temporal,1.61315,1.379496,2.622706,27,69.55199999999998
anomaly2,72,3,temporal,1.641002,1.430223,2.56619,6,12.23
anomaly2,72,3,static,1.47526,1.253215,2.477066,1,12.23
anomaly2,73,3,static,1.423222,1.204701,2.503265,3,24.49
anomaly2,73,3,temporal,1.741152,1.50841,2.681975,3,24.49
anomaly2,74,3,temporal,1.631106,1.33588,2.769658,2,48.50200000000001
anomaly2,74,3,static,1.522923,1.285434,2.606732,2,48.50200000000001
anomaly2,75,3,static,1.754402,1.462351,2.792843,10,24.49
anomaly2,75,3,temporal,1.866332,1.418835,2.932028,11,24.49
anomaly2,76,3,temporal,1.637917,1.417232,2.392658,13,48.50200000000001
anomaly2,76,3,static,1.455872,1.256711,2.185334,32,48.50200000000001
anomaly2,77,3,static,1.416892,1.193154,2.26438,32,48.50200000000001
anomaly2,77,3,temporal,1.772916,1.493564,2.756738,30,48.50200000000001
anomaly2,78,3,temporal,2.22208,1.912712,3.246289,41,70.49
anomaly2,78,3,static,2.048037,1.751469,3.806405,40,70.49
anomaly2,79,3,static,2.050641,1.729005,2.901026,24,70.49
anomaly2,79,3,temporal,1.790168,1.551977,2.465298,24,70.49
