run_id,phase,rep,query_id,layout,position,lo,hi,latency_ms,cpu_ms,rows_scanned,slices,bytes_seen,signal_sum
0,resolver,0,0,static,0,932,1700,320.238283,0.19752000000000003,2934,263,269312,
0,resolver,0,0,temporal,1,932,1700,1.561879,0.189493,2934,28,28672,
0,resolver,0,1,temporal,0,986,1754,1.4944680000000001,0.18771200000000002,2934,28,28672,
0,resolver,0,1,static,1,986,1754,1.520776,0.190322,2934,265,271360,
0,resolver,0,2,static,0,1024,1792,1.4519069999999998,0.23978800000000003,2934,265,271360,
0,resolver,0,2,temporal,1,1024,1792,1.76331,0.29646300000000003,2934,28,28672,
0,resolver,0,3,temporal,0,540,1308,1.512213,0.18844800000000003,2934,28,28672,
0,resolver,0,3,static,1,540,1308,1.486667,0.182639,2934,264,270336,
0,resolver,0,4,static,0,9,777,1.537825,0.184531,2934,266,272384,
0,resolver,0,4,temporal,1,9,777,1.404389,0.179844,2934,28,28672,
0,resolver,0,5,temporal,0,933,1701,1.6883519999999999,0.194825,2934,28,28672,
0,resolver,0,5,static,1,933,1701,1.647492,0.24544600000000003,2934,262,268288,
0,resolver,0,6,static,0,166,934,1.764306,0.192353,2934,266,272384,
0,resolver,0,6,temporal,1,166,934,1.605069,0.18954400000000005,2934,27,27648,
0,resolver,0,7,temporal,0,669,1437,1.555753,0.243734,2934,28,28672,
0,resolver,0,7,static,1,669,1437,1.4491269999999998,0.189133,2934,265,271360,
0,resolver,0,8,static,0,1003,1771,1.508699,0.24359200000000003,2934,264,270336,
0,resolver,0,8,temporal,1,1003,1771,1.453659,0.24647299999999997,2934,28,28672,
0,resolver,0,9,temporal,0,615,1383,1.4975019999999999,0.19110099999999997,2934,28,28672,
0,resolver,0,9,static,1,615,1383,1.489099,0.185378,2934,263,269312,
0,resolver,0,10,static,0,258,1026,1.4472319999999999,0.18718,2934,266,272384,
0,resolver,0,10,temporal,1,258,1026,1.708892,0.24299600000000005,2934,28,28672,
0,resolver,0,11,temporal,0,21,789,1.572524,0.18554800000000002,2934,28,28672,
0,resolver,0,11,static,1,21,789,1.511812,0.23433300000000004,2934,266,272384,
0,resolver,0,12,static,0,1026,1794,1.502588,0.19010799999999997,2934,264,270336,
0,resolver,0,12,temporal,1,1026,1794,2.117977,0.188014,2934,28,28672,
0,resolver,0,13,temporal,0,18,786,1.486506,0.187398,2934,28,28672,
0,resolver,0,13,static,1,18,786,1.551397,0.234486,2934,265,271360,
0,resolver,0,14,static,0,1016,1784,1.428768,0.184073,2934,263,269312,
0,resolver,0,14,temporal,1,1016,1784,1.503297,0.18821100000000002,2934,28,28672,
0,resolver,0,15,temporal,0,1206,1974,1.442894,0.18982000000000002,2934,28,28672,
0,resolver,0,15,static,1,1206,1974,1.495063,0.239096,2934,266,272384,
0,resolver,0,16,static,0,524,1292,1.427584,0.187806,2934,264,270336,
0,resolver,0,16,temporal,1,524,1292,1.687488,0.19273900000000002,2934,28,28672,
0,resolver,0,17,temporal,0,153,921,1.496559,0.186207,2934,28,28672,
0,resolver,0,17,static,1,153,921,1.976842,0.18604099999999998,2934,264,270336,
0,resolver,0,18,static,0,231,999,1.486341,0.18686799999999998,2934,264,270336,
0,resolver,0,18,temporal,1,231,999,1.465743,0.24815899999999996,2934,28,28672,
0,resolver,0,19,temporal,0,285,1053,1.558959,0.18874800000000003,2934,28,28672,
0,resolver,0,19,static,1,285,1053,1.9327509999999999,0.187693,2934,264,270336,
0,resolver,0,20,static,0,1180,1948,1.5547689999999998,0.185932,2934,264,270336,
0,resolver,0,20,temporal,1,1180,1948,1.590579,0.24566699999999997,2934,28,28672,
0,resolver,0,21,temporal,0,421,1189,1.621216,0.189105,2934,28,28672,
0,resolver,0,21,static,1,421,1189,1.399111,0.18076899999999999,2934,265,271360,
0,resolver,0,22,static,0,561,1329,1.448411,0.23316699999999999,2934,265,271360,
0,resolver,0,22,temporal,1,561,1329,1.59954,0.180804,2934,27,27648,
0,resolver,0,23,temporal,0,430,1198,1.47808,0.18696200000000004,2934,28,28672,
0,resolver,0,23,static,1,430,1198,1.502882,0.188604,2934,264,270336,
0,resolver,0,24,static,0,489,1257,1.5679159999999999,0.30479000000000006,2934,266,272384,
0,resolver,0,24,temporal,1,489,1257,1.52254,0.187408,2934,28,28672,
0,resolver,0,25,temporal,0,360,1128,1.431077,0.19030500000000003,2934,28,28672,
0,resolver,0,25,static,1,360,1128,1.4710940000000001,0.176933,2934,265,271360,
0,resolver,0,26,static,0,719,1487,1.394857,0.180765,2934,265,271360,
0,resolver,0,26,temporal,1,719,1487,1.51528,0.29560600000000004,2934,28,28672,
0,resolver,0,27,temporal,0,1190,1958,1.471255,0.189866,2934,27,27648,
0,resolver,0,27,static,1,1190,1958,1.465446,0.182565,2934,263,269312,
0,resolver,0,28,static,0,48,816,1.464291,0.184244,2934,263,269312,
0,resolver,0,28,temporal,1,48,816,1.413468,0.23443599999999998,2934,28,28672,
0,resolver,0,29,temporal,0,512,1280,1.546417,0.19019,2934,28,28672,
0,resolver,0,29,static,1,512,1280,1.425133,0.186043,2934,264,270336,
0,resolver,0,30,static,0,394,1162,1.819531,0.328519,2934,264,270336,
0,resolver,0,30,temporal,1,394,1162,1.6237190000000001,0.192021,2934,28,28672,
0,resolver,0,31,temporal,0,4,772,3.170023,0.18558099999999997,2934,28,28672,
0,resolver,0,31,static,1,4,772,3.34674,1.969634,2934,266,272384,
0,resolver,0,32,static,0,698,1466,1.595807,0.298511,2934,264,270336,
0,resolver,0,32,temporal,1,698,1466,3.501934,0.41816699999999996,2934,28,28672,
0,resolver,0,33,temporal,0,1206,1974,1.5760450000000001,0.249964,2934,28,28672,
0,resolver,0,33,static,1,1206,1974,1.639108,0.19469999999999998,2934,266,272384,
0,resolver,0,34,static,0,713,1481,1.5785829999999998,0.19056800000000002,2934,264,270336,
0,resolver,0,34,temporal,1,713,1481,2.1750089999999997,0.6523540000000001,2934,28,28672,
0,resolver,0,35,temporal,0,1131,1899,1.6599169999999999,0.24893099999999999,2934,28,28672,
0,resolver,0,35,static,1,1131,1899,1.6766649999999998,0.37481899999999996,2934,266,272384,
0,resolver,0,36,static,0,1056,1824,1.5489410000000001,0.18941200000000002,2934,266,272384,
0,resolver,0,36,temporal,1,1056,1824,1.913909,0.297919,2934,28,28672,
0,resolver,0,37,temporal,0,559,1327,1.58054,0.189976,2934,28,28672,
0,resolver,0,37,static,1,559,1327,1.485333,0.18688699999999994,2934,264,270336,
0,resolver,0,38,static,0,898,1666,1.722849,0.186923,2934,266,272384,
0,resolver,0,38,temporal,1,898,1666,1.453085,0.19166000000000002,2934,28,28672,
0,resolver,0,39,temporal,0,493,1261,1.538796,0.24357299999999998,2934,28,28672,
0,resolver,0,39,static,1,493,1261,1.449163,0.18547699999999998,2934,265,271360,
0,resolver,0,40,static,0,1078,1846,1.469099,0.186255,2934,264,270336,
0,resolver,0,40,temporal,1,1078,1846,1.894061,0.18970700000000004,2934,28,28672,
0,resolver,0,41,temporal,0,52,820,1.6138560000000002,0.192783,2934,28,28672,
0,resolver,0,41,static,1,52,820,1.703539,0.3619710000000001,2934,263,269312,
0,resolver,0,42,static,0,173,941,1.484412,0.190178,2934,266,272384,
0,resolver,0,42,temporal,1,173,941,1.450799,0.19066300000000003,2934,28,28672,
0,resolver,0,43,temporal,0,814,1582,1.605036,0.198465,2934,28,28672,
0,resolver,0,43,static,1,814,1582,1.855375,0.322699,2934,266,272384,
0,resolver,0,44,static,0,435,1203,1.7976159999999999,0.19320199999999998,2934,264,270336,
0,resolver,0,44,temporal,1,435,1203,1.580934,0.196281,2934,28,28672,
0,resolver,0,45,temporal,0,1153,1921,1.52348,0.23107999999999998,2934,28,28672,
0,resolver,0,45,static,1,1153,1921,1.616304,0.250753,2934,263,269312,
0,resolver,0,46,static,0,903,1671,1.583147,0.2414,2934,266,272384,
0,resolver,0,46,temporal,1,903,1671,1.518072,0.195756,2934,28,28672,
0,resolver,0,47,temporal,0,238,1006,1.554036,0.185752,2934,28,28672,
0,resolver,0,47,static,1,238,1006,1.4552070000000001,0.18483800000000003,2934,265,271360,
0,resolver,0,48,static,0,510,1278,1.5101909999999998,0.29486300000000004,2934,264,270336,
0,resolver,0,48,temporal,1,510,1278,1.494392,0.24482099999999998,2934,28,28672,
0,resolver,0,49,temporal,0,74,842,1.4343590000000002,0.17981099999999997,2934,28,28672,
0,resolver,0,49,static,1,74,842,1.4472090000000002,0.18361099999999997,2934,264,270336,
0,resolver,0,50,static,0,23,791,1.441718,0.242038,2934,266,272384,
0,resolver,0,50,temporal,1,23,791,1.5334560000000002,0.19217299999999995,2934,28,28672,
0,resolver,0,51,temporal,0,337,1105,1.51196,0.19096499999999997,2934,28,28672,
0,resolver,0,51,static,1,337,1105,1.755207,0.3376930000000001,2934,265,271360,
0,resolver,0,52,static,0,1,769,1.4467359999999998,0.183903,2934,265,271360,
0,resolver,0,52,temporal,1,1,769,1.5185540000000002,0.245569,2934,28,28672,
0,resolver,0,53,temporal,0,517,1285,2.0999220000000003,0.2648520000000001,2934,28,28672,
0,resolver,0,53,static,1,517,1285,1.748861,0.188934,2934,264,270336,
0,resolver,0,54,static,0,407,1175,1.737899,0.23796300000000004,2934,266,272384,
0,resolver,0,54,temporal,1,407,1175,1.5855050000000002,0.19209900000000002,2934,28,28672,
0,resolver,0,55,temporal,0,866,1634,1.497449,0.24273999999999996,2934,28,28672,
0,resolver,0,55,static,1,866,1634,1.757329,0.411221,2934,264,270336,
0,resolver,0,56,static,0,877,1645,1.602549,0.19281099999999998,2934,264,270336,
0,resolver,0,56,temporal,1,877,1645,1.519209,0.24472299999999997,2934,28,28672,
0,resolver,0,57,temporal,0,1199,1967,1.434439,0.186693,2934,28,28672,
0,resolver,0,57,static,1,1199,1967,1.550556,0.19174199999999997,2934,264,270336,
0,resolver,0,58,static,0,889,1657,1.586543,0.19282600000000003,2934,266,272384,
0,resolver,0,58,temporal,1,889,1657,1.512942,0.194984,2934,28,28672,
0,resolver,0,59,temporal,0,362,1130,1.46112,0.19033299999999997,2934,28,28672,
0,resolver,0,59,static,1,362,1130,1.457271,0.18836499999999998,2934,264,270336,
0,resolver,0,60,static,0,388,1156,1.55061,0.195234,2934,264,270336,
0,resolver,0,60,temporal,1,388,1156,1.469634,0.23543200000000003,2934,28,28672,
0,resolver,0,61,temporal,0,92,860,1.681416,0.189992,2934,28,28672,
0,resolver,0,61,static,1,92,860,1.6729850000000002,0.198152,2934,266,272384,
0,resolver,0,62,static,0,365,1133,1.5265980000000001,0.193237,2934,264,270336,
0,resolver,0,62,temporal,1,365,1133,1.441903,0.237286,2934,28,28672,
0,resolver,0,63,temporal,0,372,1140,1.476872,0.18665900000000002,2934,28,28672,
0,resolver,0,63,static,1,372,1140,1.491279,0.18804,2934,263,269312,
0,resolver,0,64,static,0,796,1564,1.4403160000000002,0.186969,2934,265,271360,
0,resolver,0,64,temporal,1,796,1564,1.495817,0.18746199999999996,2934,28,28672,
0,resolver,0,65,temporal,0,775,1543,1.569899,0.199127,2934,28,28672,
0,resolver,0,65,static,1,775,1543,1.661013,0.189063,2934,263,269312,
0,resolver,0,66,static,0,1121,1889,1.484043,0.24023999999999998,2934,266,272384,
0,resolver,0,66,temporal,1,1121,1889,1.505666,0.24251499999999998,2934,28,28672,
0,resolver,0,67,temporal,0,244,1012,1.447626,0.19285499999999997,2934,28,28672,
0,resolver,0,67,static,1,244,1012,1.547509,0.250587,2934,266,272384,
0,resolver,0,68,static,0,603,1371,1.499657,0.19094900000000004,2934,264,270336,
0,resolver,0,68,temporal,1,603,1371,1.444639,0.18670699999999998,2934,28,28672,
0,resolver,0,69,temporal,0,1037,1805,1.479297,0.18829200000000001,2934,28,28672,
0,resolver,0,69,static,1,1037,1805,1.5034340000000002,0.19272399999999998,2934,265,271360,
0,resolver,0,70,static,0,776,1544,1.633902,0.191759,2934,262,268288,
0,resolver,0,70,temporal,1,776,1544,2.223989,0.18821899999999997,2934,28,28672,
0,resolver,0,71,temporal,0,376,1144,1.7160870000000001,0.194804,2934,28,28672,
0,resolver,0,71,static,1,376,1144,1.5782960000000001,0.32853999999999994,2934,263,269312,
0,resolver,0,72,static,0,203,971,1.581055,0.25250799999999995,2934,264,270336,
0,resolver,0,72,temporal,1,203,971,1.517792,0.19162,2934,28,28672,
0,resolver,0,73,temporal,0,334,1102,1.5464579999999999,0.18734200000000004,2934,28,28672,
0,resolver,0,73,static,1,334,1102,1.57196,0.18504199999999998,2934,265,271360,
0,resolver,0,74,static,0,284,1052,1.517874,0.244442,2934,264,270336,
0,resolver,0,74,temporal,1,284,1052,1.746872,0.193529,2934,28,28672,
0,resolver,0,75,temporal,0,329,1097,1.575784,0.19459499999999996,2934,28,28672,
0,resolver,0,75,static,1,329,1097,1.6805800000000002,0.205581,2934,266,272384,
0,resolver,0,76,static,0,875,1643,1.5213169999999998,0.195494,2934,264,270336,
0,resolver,0,76,temporal,1,875,1643,1.477249,0.2556979999999999,2934,28,28672,
0,resolver,0,77,temporal,0,524,1292,1.777123,0.46420299999999987,2934,28,28672,
0,resolver,0,77,static,1,524,1292,1.529044,0.19025499999999998,2934,264,270336,
0,resolver,0,78,static,0,1038,1806,1.510235,0.190212,2934,264,270336,
0,resolver,0,78,temporal,1,1038,1806,1.728645,0.19692099999999998,2934,28,28672,
0,resolver,0,79,temporal,0,729,1497,1.514276,0.18733499999999997,2934,28,28672,
0,resolver,0,79,static,1,729,1497,1.477094,0.18487399999999998,2934,266,272384,
0,resolver,0,80,static,0,827,1595,1.460696,0.19374999999999998,2934,264,270336,
0,resolver,0,80,temporal,1,827,1595,1.829669,0.18983700000000003,2934,28,28672,
0,resolver,0,81,temporal,0,15,783,1.569798,0.228413,2934,28,28672,
0,resolver,0,81,static,1,15,783,1.9279600000000001,0.202162,2934,266,272384,
0,resolver,0,82,static,0,81,849,1.5758079999999999,0.19370700000000002,2934,266,272384,
0,resolver,0,82,temporal,1,81,849,1.813198,0.22485900000000006,2934,28,28672,
0,resolver,0,83,temporal,0,1206,1974,1.524309,0.20387799999999998,2934,28,28672,
0,resolver,0,83,static,1,1206,1974,1.575602,0.20983300000000005,2934,266,272384,
0,resolver,0,84,static,0,94,862,1.49332,0.191158,2934,266,272384,
0,resolver,0,84,temporal,1,94,862,1.506969,0.24491900000000003,2934,28,28672,
0,resolver,0,85,temporal,0,907,1675,1.6402770000000002,0.197403,2934,28,28672,
0,resolver,0,85,static,1,907,1675,2.271941,0.19672500000000004,2934,265,271360,
0,resolver,0,86,static,0,688,1456,1.532913,0.25371900000000003,2934,263,269312,
0,resolver,0,86,temporal,1,688,1456,1.8252190000000001,0.422292,2934,28,28672,
0,resolver,0,87,temporal,0,665,1433,1.518386,0.18864499999999998,2934,28,28672,
0,resolver,0,87,static,1,665,1433,1.531624,0.24180700000000002,2934,265,271360,
0,resolver,0,88,static,0,430,1198,1.65168,0.29068900000000003,2934,264,270336,
0,resolver,0,88,temporal,1,430,1198,1.7764129999999998,0.456302,2934,28,28672,
0,resolver,0,89,temporal,0,808,1576,1.550083,0.19410299999999997,2934,28,28672,
0,resolver,0,89,static,1,808,1576,1.515112,0.24090799999999998,2934,266,272384,
0,resolver,0,90,static,0,1137,1905,1.508098,0.18875,2934,266,272384,
0,resolver,0,90,temporal,1,1137,1905,1.497676,0.18737499999999999,2934,28,28672,
0,resolver,0,91,temporal,0,1066,1834,1.459281,0.19019400000000003,2934,28,28672,
0,resolver,0,91,static,1,1066,1834,1.450084,0.192731,2934,264,270336,
0,resolver,0,92,static,0,1132,1900,1.5506039999999999,0.238241,2934,266,272384,
0,resolver,0,92,temporal,1,1132,1900,1.494994,0.196076,2934,28,28672,
0,resolver,0,93,temporal,0,928,1696,1.547303,0.190307,2934,28,28672,
0,resolver,0,93,static,1,928,1696,1.74819,0.36158000000000007,2934,263,269312,
0,resolver,0,94,static,0,335,1103,1.5234210000000001,0.19289900000000001,2934,266,272384,
0,resolver,0,94,temporal,1,335,1103,1.463171,0.24135100000000004,2934,28,28672,
0,resolver,0,95,temporal,0,733,1501,1.5486460000000002,0.24691900000000006,2934,28,28672,
0,resolver,0,95,static,1,733,1501,1.500424,0.190732,2934,266,272384,
0,resolver,0,96,static,0,600,1368,1.4386189999999999,0.18386200000000003,2934,264,270336,
0,resolver,0,96,temporal,1,600,1368,1.507067,0.184421,2934,28,28672,
0,resolver,0,97,temporal,0,883,1651,1.652213,0.189971,2934,28,28672,
0,resolver,0,97,static,1,883,1651,1.705889,0.29086900000000004,2934,266,272384,
0,resolver,0,98,static,0,139,907,1.583745,0.250126,2934,264,270336,
0,resolver,0,98,temporal,1,139,907,1.597547,0.250986,2934,28,28672,
0,resolver,0,99,temporal,0,1108,1876,1.4919289999999998,0.194363,2934,28,28672,
0,resolver,0,99,static,1,1108,1876,1.538483,0.18872199999999997,2934,264,270336,
0,resolver,0,100,static,0,1133,1901,1.4527240000000001,0.18649599999999997,2934,266,272384,
0,resolver,0,100,temporal,1,1133,1901,1.519437,0.30042100000000005,2934,28,28672,
0,resolver,0,101,temporal,0,458,1226,1.507076,0.19422699999999998,2934,28,28672,
0,resolver,0,101,static,1,458,1226,1.507957,0.19172999999999998,2934,264,270336,
0,resolver,0,102,static,0,572,1340,1.4553820000000002,0.18848600000000001,2934,265,271360,
0,resolver,0,102,temporal,1,572,1340,1.442945,0.18757300000000002,2934,28,28672,
0,resolver,0,103,temporal,0,1098,1866,1.6871550000000002,0.19736399999999998,2934,28,28672,
0,resolver,0,103,static,1,1098,1866,1.506006,0.19333999999999998,2934,264,270336,
0,resolver,0,104,static,0,318,1086,1.6247099999999999,0.192372,2934,265,271360,
0,resolver,0,104,temporal,1,318,1086,2.179145,0.8095370000000001,2934,28,28672,
0,resolver,0,105,temporal,0,176,944,1.663851,0.25261,2934,28,28672,
0,resolver,0,105,static,1,176,944,1.7745549999999999,0.252685,2934,266,272384,
0,resolver,0,106,static,0,354,1122,1.512263,0.24435499999999996,2934,264,270336,
0,resolver,0,106,temporal,1,354,1122,1.511818,0.252949,2934,28,28672,
0,resolver,0,107,temporal,0,75,843,1.727358,0.23467,2934,28,28672,
0,resolver,0,107,static,1,75,843,1.60324,0.234484,2934,264,270336,
0,resolver,0,108,static,0,1232,2000,1.542214,0.192486,2934,264,270336,
0,resolver,0,108,temporal,1,1232,2000,1.497468,0.19357800000000003,2934,28,28672,
0,resolver,0,109,temporal,0,928,1696,1.526508,0.19717,2934,28,28672,
0,resolver,0,109,static,1,928,1696,1.498002,0.19316400000000003,2934,263,269312,
0,resolver,0,110,static,0,700,1468,1.508847,0.19187099999999999,2934,263,269312,
0,resolver,0,110,temporal,1,700,1468,2.192044,0.7925570000000001,2934,28,28672,
0,resolver,0,111,temporal,0,173,941,1.422238,0.184384,2934,28,28672,
0,resolver,0,111,static,1,173,941,1.745501,0.19051099999999999,2934,266,272384,
0,resolver,0,112,static,0,1003,1771,1.682189,0.187847,2934,264,270336,
0,resolver,0,112,temporal,1,1003,1771,1.504609,0.18839899999999998,2934,28,28672,
0,resolver,0,113,temporal,0,1073,1841,1.481814,0.18996600000000002,2934,27,27648,
0,resolver,0,113,static,1,1073,1841,1.567499,0.185666,2934,263,269312,
0,resolver,0,114,static,0,599,1367,1.443821,0.18825799999999995,2934,264,270336,
0,resolver,0,114,temporal,1,599,1367,1.546206,0.18728099999999995,2934,28,28672,
0,resolver,0,115,temporal,0,1253,2021,1.699636,0.24781600000000004,2934,28,28672,
0,resolver,0,115,static,1,1253,2021,1.719517,0.18973,2934,262,268288,
0,resolver,0,116,static,0,232,1000,1.6853770000000001,0.218441,2934,264,270336,
0,resolver,0,116,temporal,1,232,1000,1.63751,0.193958,2934,28,28672,
0,resolver,0,117,temporal,0,1126,1894,1.5116610000000001,0.19414500000000004,2934,28,28672,
0,resolver,0,117,static,1,1126,1894,1.524111,0.24798599999999996,2934,267,273408,
0,resolver,0,118,static,0,942,1710,1.555936,0.19633899999999999,2934,264,270336,
0,resolver,0,118,temporal,1,942,1710,1.632714,0.19402100000000003,2934,28,28672,
0,resolver,0,119,temporal,0,224,992,1.5074610000000002,0.19527299999999995,2934,28,28672,
0,resolver,0,119,static,1,224,992,1.500241,0.190584,2934,265,271360,
0,resolver,1,0,temporal,0,932,1700,2.02891,0.24253700000000003,2934,28,28672,
0,resolver,1,0,static,1,932,1700,1.937745,0.205539,2934,263,269312,
0,resolver,1,1,static,0,986,1754,1.73854,0.267236,2934,265,271360,
0,resolver,1,1,temporal,1,986,1754,1.751105,0.36904400000000004,2934,28,28672,
0,resolver,1,2,temporal,0,1024,1792,1.49263,0.19589199999999998,2934,28,28672,
0,resolver,1,2,static,1,1024,1792,1.498508,0.23580500000000001,2934,265,271360,
0,resolver,1,3,static,0,540,1308,1.451034,0.18623800000000001,2934,264,270336,
0,resolver,1,3,temporal,1,540,1308,1.884803,0.186301,2934,28,28672,
0,resolver,1,4,temporal,0,9,777,1.69344,0.30010899999999996,2934,28,28672,
0,resolver,1,4,static,1,9,777,1.62572,0.18986000000000003,2934,266,272384,
0,resolver,1,5,static,0,933,1701,1.487633,0.19147299999999995,2934,262,268288,
0,resolver,1,5,temporal,1,933,1701,1.577271,0.24774200000000002,2934,28,28672,
0,resolver,1,6,temporal,0,166,934,1.5721640000000001,0.249775,2934,27,27648,
0,resolver,1,6,static,1,166,934,1.5100319999999998,0.192559,2934,266,272384,
0,resolver,1,7,static,0,669,1437,1.569893,0.19003000000000003,2934,265,271360,
0,resolver,1,7,temporal,1,669,1437,1.430533,0.18934299999999996,2934,28,28672,
0,resolver,1,8,temporal,0,1003,1771,1.619927,0.19116799999999998,2934,28,28672,
0,resolver,1,8,static,1,1003,1771,1.43806,0.23949399999999996,2934,264,270336,
0,resolver,1,9,static,0,615,1383,1.520747,0.270021,2934,263,269312,
0,resolver,1,9,temporal,1,615,1383,1.493812,0.19040100000000004,2934,28,28672,
0,resolver,1,10,temporal,0,258,1026,1.4447869999999998,0.18970299999999998,2934,28,28672,
0,resolver,1,10,static,1,258,1026,1.5287110000000002,0.253742,2934,266,272384,
0,resolver,1,11,static,0,21,789,1.578065,0.258718,2934,266,272384,
0,resolver,1,11,temporal,1,21,789,1.561436,0.24955999999999992,2934,28,28672,
0,resolver,1,12,temporal,0,1026,1794,1.576629,0.24947400000000003,2934,28,28672,
0,resolver,1,12,static,1,1026,1794,1.528653,0.204074,2934,264,270336,
0,resolver,1,13,static,0,18,786,1.478213,0.20862399999999998,2934,265,271360,
0,resolver,1,13,temporal,1,18,786,1.793024,0.269961,2934,28,28672,
0,resolver,1,14,temporal,0,1016,1784,1.6022759999999998,0.20643499999999998,2934,28,28672,
0,resolver,1,14,static,1,1016,1784,1.697206,0.3417510000000001,2934,263,269312,
0,resolver,1,15,static,0,1206,1974,1.872037,0.25836,2934,266,272384,
0,resolver,1,15,temporal,1,1206,1974,2.4238380000000004,0.208521,2934,28,28672,
0,resolver,1,16,temporal,0,524,1292,1.60219,0.19164599999999998,2934,28,28672,
0,resolver,1,16,static,1,524,1292,1.954112,0.23466300000000007,2934,264,270336,
0,resolver,1,17,static,0,153,921,1.806661,0.3735629999999999,2934,264,270336,
0,resolver,1,17,temporal,1,153,921,2.246178,0.194717,2934,28,28672,
0,resolver,1,18,temporal,0,231,999,1.549873,0.193746,2934,28,28672,
0,resolver,1,18,static,1,231,999,1.684806,0.19690799999999997,2934,264,270336,
0,resolver,1,19,static,0,285,1053,1.5569080000000002,0.18872499999999998,2934,264,270336,
0,resolver,1,19,temporal,1,285,1053,3.513667,0.366752,2934,28,28672,
0,resolver,1,20,temporal,0,1180,1948,1.768696,0.19392900000000002,2934,28,28672,
0,resolver,1,20,static,1,1180,1948,1.6549500000000001,0.26244900000000004,2934,264,270336,
0,resolver,1,21,static,0,421,1189,1.580311,0.193119,2934,265,271360,
0,resolver,1,21,temporal,1,421,1189,1.523515,0.19642100000000004,2934,28,28672,
0,resolver,1,22,temporal,0,561,1329,1.510451,0.24032,2934,27,27648,
0,resolver,1,22,static,1,561,1329,1.4924300000000001,0.19433299999999998,2934,265,271360,
0,resolver,1,23,static,0,430,1198,1.531637,0.255555,2934,264,270336,
0,resolver,1,23,temporal,1,430,1198,1.5034219999999998,0.193733,2934,28,28672,
0,resolver,1,24,temporal,0,489,1257,1.624611,0.24100700000000003,2934,28,28672,
0,resolver,1,24,static,1,489,1257,3.482982,0.18832700000000005,2934,266,272384,
0,resolver,1,25,static,0,360,1128,1.713601,0.33146099999999995,2934,265,271360,
0,resolver,1,25,temporal,1,360,1128,1.473304,0.19175299999999998,2934,28,28672,
0,resolver,1,26,temporal,0,719,1487,1.694864,0.20619299999999996,2934,28,28672,
0,resolver,1,26,static,1,719,1487,1.906901,0.5688829999999998,2934,265,271360,
0,resolver,1,27,static,0,1190,1958,2.203077,0.18670800000000004,2934,263,269312,
0,resolver,1,27,temporal,1,1190,1958,1.640655,0.19004200000000002,2934,27,27648,
0,resolver,1,28,temporal,0,48,816,2.190438,0.46089800000000003,2934,28,28672,
0,resolver,1,28,static,1,48,816,3.594744,0.277389,2934,263,269312,
0,resolver,1,29,static,0,512,1280,1.657668,0.243526,2934,264,270336,
0,resolver,1,29,temporal,1,512,1280,1.543929,0.20243200000000003,2934,28,28672,
0,resolver,1,30,temporal,0,394,1162,1.518729,0.24813999999999994,2934,28,28672,
0,resolver,1,30,static,1,394,1162,1.5983530000000001,0.19541699999999998,2934,264,270336,
0,resolver,1,31,static,0,4,772,1.520948,0.24683800000000003,2934,266,272384,
0,resolver,1,31,temporal,1,4,772,1.658886,0.25085,2934,28,28672,
0,resolver,1,32,temporal,0,698,1466,1.612773,0.19419000000000006,2934,28,28672,
0,resolver,1,32,static,1,698,1466,1.6362709999999998,0.19079800000000002,2934,264,270336,
0,resolver,1,33,static,0,1206,1974,1.47193,0.184376,2934,266,272384,
0,resolver,1,33,temporal,1,1206,1974,1.7366709999999999,0.19120600000000001,2934,28,28672,
0,resolver,1,34,temporal,0,713,1481,1.571965,0.18627300000000002,2934,28,28672,
0,resolver,1,34,static,1,713,1481,1.649505,0.319386,2934,264,270336,
0,resolver,1,35,static,0,1131,1899,1.466934,0.19298300000000004,2934,266,272384,
0,resolver,1,35,temporal,1,1131,1899,1.749685,0.19112099999999999,2934,28,28672,
0,resolver,1,36,temporal,0,1056,1824,1.528336,0.24660900000000002,2934,28,28672,
0,resolver,1,36,static,1,1056,1824,1.551695,0.187273,2934,266,272384,
0,resolver,1,37,static,0,559,1327,1.5234429999999999,0.18692499999999998,2934,264,270336,
0,resolver,1,37,temporal,1,559,1327,1.709835,0.191434,2934,28,28672,
0,resolver,1,38,temporal,0,898,1666,1.6230019999999998,0.232243,2934,28,28672,
0,resolver,1,38,static,1,898,1666,1.541971,0.19530099999999997,2934,266,272384,
0,resolver,1,39,static,0,493,1261,1.590801,0.198784,2934,265,271360,
0,resolver,1,39,temporal,1,493,1261,1.6435,0.194841,2934,28,28672,
0,resolver,1,40,temporal,0,1078,1846,1.626358,0.254834,2934,28,28672,
0,resolver,1,40,static,1,1078,1846,1.547501,0.18963200000000005,2934,264,270336,
0,resolver,1,41,static,0,52,820,1.65881,0.18995099999999998,2934,263,269312,
0,resolver,1,41,temporal,1,52,820,1.586422,0.261797,2934,28,28672,
0,resolver,1,42,temporal,0,173,941,1.581369,0.20090199999999994,2934,28,28672,
0,resolver,1,42,static,1,173,941,1.4494969999999998,0.18493800000000002,2934,266,272384,
0,resolver,1,43,static,0,814,1582,1.610487,0.190533,2934,266,272384,
0,resolver,1,43,temporal,1,814,1582,1.440259,0.23932700000000004,2934,28,28672,
0,resolver,1,44,temporal,0,435,1203,1.505916,0.23264600000000002,2934,28,28672,
0,resolver,1,44,static,1,435,1203,1.455219,0.176071,2934,264,270336,
0,resolver,1,45,static,0,1153,1921,1.4715939999999998,0.185079,2934,263,269312,
0,resolver,1,45,temporal,1,1153,1921,1.7864849999999999,0.28629199999999994,2934,28,28672,
0,resolver,1,46,temporal,0,903,1671,1.5089350000000001,0.31025899999999995,2934,28,28672,
0,resolver,1,46,static,1,903,1671,1.634843,0.25006999999999996,2934,266,272384,
0,resolver,1,47,static,0,238,1006,1.509576,0.20284600000000003,2934,265,271360,
0,resolver,1,47,temporal,1,238,1006,1.512038,0.193219,2934,28,28672,
0,resolver,1,48,temporal,0,510,1278,1.438334,0.190162,2934,28,28672,
0,resolver,1,48,static,1,510,1278,1.496691,0.18984599999999996,2934,264,270336,
0,resolver,1,49,static,0,74,842,1.492442,0.19180500000000003,2934,264,270336,
0,resolver,1,49,temporal,1,74,842,1.7216079999999998,0.18918000000000001,2934,28,28672,
0,resolver,1,50,temporal,0,23,791,1.4958790000000002,0.24190299999999995,2934,28,28672,
0,resolver,1,50,static,1,23,791,1.504647,0.18932700000000002,2934,266,272384,
0,resolver,1,51,static,0,337,1105,1.4582950000000001,0.23708700000000002,2934,265,271360,
0,resolver,1,51,temporal,1,337,1105,1.541829,0.19129299999999996,2934,28,28672,
0,resolver,1,52,temporal,0,1,769,1.5127059999999999,0.18827599999999997,2934,28,28672,
0,resolver,1,52,static,1,1,769,1.383133,0.18031799999999998,2934,265,271360,
0,resolver,1,53,static,0,517,1285,1.441162,0.228548,2934,264,270336,
0,resolver,1,53,temporal,1,517,1285,1.470789,0.193159,2934,28,28672,
0,resolver,1,54,temporal,0,407,1175,1.549378,0.237304,2934,28,28672,
0,resolver,1,54,static,1,407,1175,1.448761,0.184652,2934,266,272384,
0,resolver,1,55,static,0,866,1634,1.680571,0.194015,2934,264,270336,
0,resolver,1,55,temporal,1,866,1634,1.602328,0.18712700000000002,2934,28,28672,
0,resolver,1,56,temporal,0,877,1645,1.656669,0.19703199999999998,2934,28,28672,
0,resolver,1,56,static,1,877,1645,1.493057,0.20220400000000005,2934,264,270336,
0,resolver,1,57,static,0,1199,1967,1.553612,0.19766700000000004,2934,264,270336,
0,resolver,1,57,temporal,1,1199,1967,1.4995500000000002,0.198411,2934,28,28672,
0,resolver,1,58,temporal,0,889,1657,1.4288669999999999,0.18959600000000001,2934,28,28672,
0,resolver,1,58,static,1,889,1657,1.481717,0.188167,2934,266,272384,
0,resolver,1,59,static,0,362,1130,1.512597,0.193614,2934,264,270336,
0,resolver,1,59,temporal,1,362,1130,1.742335,0.19335999999999995,2934,28,28672,
0,resolver,1,60,temporal,0,388,1156,1.615699,0.25126,2934,28,28672,
0,resolver,1,60,static,1,388,1156,1.553769,0.187177,2934,264,270336,
0,resolver,1,61,static,0,92,860,1.4179819999999999,0.18303200000000003,2934,266,272384,
0,resolver,1,61,temporal,1,92,860,1.514503,0.323096,2934,28,28672,
0,resolver,1,62,temporal,0,365,1133,1.471305,0.189849,2934,28,28672,
0,resolver,1,62,static,1,365,1133,1.457358,0.18288,2934,264,270336,
0,resolver,1,63,static,0,372,1140,1.511984,0.18054199999999995,2934,263,269312,
0,resolver,1,63,temporal,1,372,1140,1.5120820000000001,0.184763,2934,28,28672,
0,resolver,1,64,temporal,0,796,1564,1.567615,0.19446999999999998,2934,28,28672,
0,resolver,1,64,static,1,796,1564,1.472795,0.19033000000000005,2934,265,271360,
0,resolver,1,65,static,0,775,1543,1.8459640000000002,0.19716200000000003,2934,263,269312,
0,resolver,1,65,temporal,1,775,1543,1.6454760000000002,0.196494,2934,28,28672,
0,resolver,1,66,temporal,0,1121,1889,1.9321810000000001,0.200267,2934,28,28672,
0,resolver,1,66,static,1,1121,1889,1.537728,0.19167800000000002,2934,266,272384,
0,resolver,1,67,static,0,244,1012,1.663162,0.189237,2934,266,272384,
0,resolver,1,67,temporal,1,244,1012,1.4749800000000002,0.251261,2934,28,28672,
0,resolver,1,68,temporal,0,603,1371,1.5503369999999999,0.18952599999999997,2934,28,28672,
0,resolver,1,68,static,1,603,1371,1.8773900000000001,0.186195,2934,264,270336,
0,resolver,1,69,static,0,1037,1805,1.5501099999999999,0.18967000000000003,2934,265,271360,
0,resolver,1,69,temporal,1,1037,1805,1.478703,0.18861999999999995,2934,28,28672,
0,resolver,1,70,temporal,0,776,1544,1.522663,0.19124300000000002,2934,28,28672,
0,resolver,1,70,static,1,776,1544,1.549496,0.189634,2934,262,268288,
0,resolver,1,71,static,0,376,1144,1.566571,0.190062,2934,263,269312,
0,resolver,1,71,temporal,1,376,1144,1.494146,0.24854400000000001,2934,28,28672,
0,resolver,1,72,temporal,0,203,971,1.420146,0.183181,2934,28,28672,
0,resolver,1,72,static,1,203,971,1.757689,0.197189,2934,264,270336,
0,resolver,1,73,static,0,334,1102,1.75761,0.18921599999999994,2934,265,271360,
0,resolver,1,73,temporal,1,334,1102,1.580948,0.185606,2934,28,28672,
0,resolver,1,74,temporal,0,284,1052,1.4651370000000001,0.24660899999999997,2934,28,28672,
0,resolver,1,74,static,1,284,1052,1.687238,0.24518700000000002,2934,264,270336,
0,resolver,1,75,static,0,329,1097,1.499361,0.192527,2934,266,272384,
0,resolver,1,75,temporal,1,329,1097,1.555339,0.19156199999999998,2934,28,28672,
0,resolver,1,76,temporal,0,875,1643,1.444743,0.18880400000000003,2934,28,28672,
0,resolver,1,76,static,1,875,1643,1.536838,0.18853299999999998,2934,264,270336,
0,resolver,1,77,static,0,524,1292,1.510756,0.246601,2934,264,270336,
0,resolver,1,77,temporal,1,524,1292,1.560328,0.24039499999999994,2934,28,28672,
0,resolver,1,78,temporal,0,1038,1806,1.581114,0.18952800000000003,2934,28,28672,
0,resolver,1,78,static,1,1038,1806,1.515664,0.18987400000000001,2934,264,270336,
0,resolver,1,79,static,0,729,1497,1.518805,0.186604,2934,266,272384,
0,resolver,1,79,temporal,1,729,1497,1.444613,0.187248,2934,28,28672,
0,resolver,1,80,temporal,0,827,1595,1.516222,0.243959,2934,28,28672,
0,resolver,1,80,static,1,827,1595,1.517555,0.19553400000000007,2934,264,270336,
0,resolver,1,81,static,0,15,783,1.574875,0.191593,2934,266,272384,
0,resolver,1,81,temporal,1,15,783,1.450132,0.19068599999999997,2934,28,28672,
0,resolver,1,82,temporal,0,81,849,1.772705,0.256202,2934,28,28672,
0,resolver,1,82,static,1,81,849,1.552643,0.18845599999999998,2934,266,272384,
0,resolver,1,83,static,0,1206,1974,1.587188,0.23481899999999997,2934,266,272384,
0,resolver,1,83,temporal,1,1206,1974,1.454936,0.18987800000000002,2934,28,28672,
0,resolver,1,84,temporal,0,94,862,1.6311559999999998,0.236702,2934,28,28672,
0,resolver,1,84,static,1,94,862,1.702358,0.31028400000000006,2934,266,272384,
0,resolver,1,85,static,0,907,1675,1.570081,0.194257,2934,265,271360,
0,resolver,1,85,temporal,1,907,1675,1.640631,0.18752699999999997,2934,28,28672,
0,resolver,1,86,temporal,0,688,1456,1.6218380000000001,0.19215000000000002,2934,28,28672,
0,resolver,1,86,static,1,688,1456,1.644432,0.204774,2934,263,269312,
0,resolver,1,87,static,0,665,1433,4.5674,0.18455,2934,265,271360,
0,resolver,1,87,temporal,1,665,1433,2.146814,0.237687,2934,28,28672,
0,resolver,1,88,temporal,0,430,1198,2.158363,0.18538100000000002,2934,28,28672,
0,resolver,1,88,static,1,430,1198,2.9316210000000003,0.789374,2934,264,270336,
0,resolver,1,89,static,0,808,1576,3.494146,2.014108,2934,266,272384,
0,resolver,1,89,temporal,1,808,1576,1.785145,0.20315399999999997,2934,28,28672,
0,resolver,1,90,temporal,0,1137,1905,1.7588320000000002,0.293755,2934,28,28672,
0,resolver,1,90,static,1,1137,1905,1.630976,0.19312800000000002,2934,266,272384,
0,resolver,1,91,static,0,1066,1834,1.902349,0.188328,2934,264,270336,
0,resolver,1,91,temporal,1,1066,1834,1.729543,0.347206,2934,28,28672,
0,resolver,1,92,temporal,0,1132,1900,1.68284,0.19029300000000002,2934,28,28672,
0,resolver,1,92,static,1,1132,1900,1.799579,0.240713,2934,266,272384,
0,resolver,1,93,static,0,928,1696,1.407566,0.180842,2934,263,269312,
0,resolver,1,93,temporal,1,928,1696,1.652293,0.19095799999999993,2934,28,28672,
0,resolver,1,94,temporal,0,335,1103,1.4537309999999999,0.192315,2934,28,28672,
0,resolver,1,94,static,1,335,1103,1.557909,0.23907399999999998,2934,266,272384,
0,resolver,1,95,static,0,733,1501,1.7106890000000001,0.24275300000000002,2934,266,272384,
0,resolver,1,95,temporal,1,733,1501,1.554178,0.18936099999999995,2934,28,28672,
0,resolver,1,96,temporal,0,600,1368,1.719365,0.192915,2934,28,28672,
0,resolver,1,96,static,1,600,1368,1.528716,0.19248600000000005,2934,264,270336,
0,resolver,1,97,static,0,883,1651,1.824717,0.19216200000000003,2934,266,272384,
0,resolver,1,97,temporal,1,883,1651,1.502001,0.244329,2934,28,28672,
0,resolver,1,98,temporal,0,139,907,1.676651,0.250555,2934,28,28672,
0,resolver,1,98,static,1,139,907,1.443522,0.190774,2934,264,270336,
0,resolver,1,99,static,0,1108,1876,2.520526,0.19785,2934,264,270336,
0,resolver,1,99,temporal,1,1108,1876,1.865782,0.310656,2934,28,28672,
0,resolver,1,100,temporal,0,1133,1901,3.090811,0.20562400000000003,2934,28,28672,
0,resolver,1,100,static,1,1133,1901,2.169556,0.18252,2934,266,272384,
0,resolver,1,101,static,0,458,1226,1.596262,0.19273,2934,264,270336,
0,resolver,1,101,temporal,1,458,1226,1.608985,0.18782899999999997,2934,28,28672,
0,resolver,1,102,temporal,0,572,1340,1.893127,0.47387000000000007,2934,28,28672,
0,resolver,1,102,static,1,572,1340,1.5971760000000002,0.1854,2934,265,271360,
0,resolver,1,103,static,0,1098,1866,1.644145,0.348569,2934,264,270336,
0,resolver,1,103,temporal,1,1098,1866,1.6204329999999998,0.186075,2934,28,28672,
0,resolver,1,104,temporal,0,318,1086,1.585274,0.20602499999999999,2934,28,28672,
0,resolver,1,104,static,1,318,1086,1.6725640000000002,0.223216,2934,265,271360,
0,resolver,1,105,static,0,176,944,1.998755,0.299906,2934,266,272384,
0,resolver,1,105,temporal,1,176,944,1.6893909999999999,0.191911,2934,28,28672,
0,resolver,1,106,temporal,0,354,1122,1.66655,0.19456600000000002,2934,28,28672,
0,resolver,1,106,static,1,354,1122,1.606464,0.18915900000000005,2934,264,270336,
0,resolver,1,107,static,0,75,843,1.530653,0.193888,2934,264,270336,
0,resolver,1,107,temporal,1,75,843,1.643439,0.19203,2934,28,28672,
0,resolver,1,108,temporal,0,1232,2000,1.500811,0.24212599999999998,2934,28,28672,
0,resolver,1,108,static,1,1232,2000,1.6414199999999999,0.19717400000000002,2934,264,270336,
0,resolver,1,109,static,0,928,1696,1.451294,0.190361,2934,263,269312,
0,resolver,1,109,temporal,1,928,1696,1.6610170000000002,0.193976,2934,28,28672,
0,resolver,1,110,temporal,0,700,1468,1.455755,0.23952700000000005,2934,28,28672,
0,resolver,1,110,static,1,700,1468,1.5625490000000002,0.19177900000000003,2934,263,269312,
0,resolver,1,111,static,0,173,941,1.5273780000000001,0.18934499999999999,2934,266,272384,
0,resolver,1,111,temporal,1,173,941,1.567783,0.18723800000000002,2934,28,28672,
0,resolver,1,112,temporal,0,1003,1771,1.620165,0.18663799999999997,2934,28,28672,
0,resolver,1,112,static,1,1003,1771,1.4900479999999998,0.241685,2934,264,270336,
0,resolver,1,113,static,0,1073,1841,1.5759750000000001,0.18633200000000003,2934,263,269312,
0,resolver,1,113,temporal,1,1073,1841,1.578967,0.24873,2934,27,27648,
0,resolver,1,114,temporal,0,599,1367,1.654787,0.20160500000000003,2934,28,28672,
0,resolver,1,114,static,1,599,1367,1.512591,0.190884,2934,264,270336,
0,resolver,1,115,static,0,1253,2021,1.888951,0.4693239999999999,2934,262,268288,
0,resolver,1,115,temporal,1,1253,2021,1.5071640000000002,0.24066199999999996,2934,28,28672,
0,resolver,1,116,temporal,0,232,1000,1.789532,0.387599,2934,28,28672,
0,resolver,1,116,static,1,232,1000,1.7006809999999999,0.362595,2934,264,270336,
0,resolver,1,117,static,0,1126,1894,1.728232,0.19356999999999996,2934,267,273408,
0,resolver,1,117,temporal,1,1126,1894,1.510649,0.19006099999999998,2934,28,28672,
0,resolver,1,118,temporal,0,942,1710,1.793382,0.33069300000000007,2934,28,28672,
0,resolver,1,118,static,1,942,1710,1.6719110000000001,0.190364,2934,264,270336,
0,resolver,1,119,static,0,224,992,1.610289,0.19293400000000002,2934,265,271360,
0,resolver,1,119,temporal,1,224,992,1.604402,0.189616,2934,28,28672,
0,resolver,2,0,static,0,932,1700,1.4851249999999998,0.18599800000000002,2934,263,269312,
0,resolver,2,0,temporal,1,932,1700,1.4723629999999999,0.25170600000000004,2934,28,28672,
0,resolver,2,1,temporal,0,986,1754,1.5688119999999999,0.193825,2934,28,28672,
0,resolver,2,1,static,1,986,1754,2.055505,0.5436660000000001,2934,265,271360,
0,resolver,2,2,static,0,1024,1792,1.7807369999999998,0.19981400000000002,2934,265,271360,
0,resolver,2,2,temporal,1,1024,1792,1.868399,0.20046999999999995,2934,28,28672,
0,resolver,2,3,temporal,0,540,1308,1.686858,0.19633,2934,28,28672,
0,resolver,2,3,static,1,540,1308,1.4932420000000002,0.18803399999999995,2934,264,270336,
0,resolver,2,4,static,0,9,777,1.657727,0.18533000000000002,2934,266,272384,
0,resolver,2,4,temporal,1,9,777,1.5909730000000002,0.197796,2934,28,28672,
0,resolver,2,5,temporal,0,933,1701,1.5700759999999998,0.235495,2934,28,28672,
0,resolver,2,5,static,1,933,1701,1.804899,0.256958,2934,262,268288,
0,resolver,2,6,static,0,166,934,1.52795,0.18765099999999998,2934,266,272384,
0,resolver,2,6,temporal,1,166,934,1.674036,0.29207700000000003,2934,27,27648,
0,resolver,2,7,temporal,0,669,1437,2.575098,0.234826,2934,28,28672,
0,resolver,2,7,static,1,669,1437,1.7830089999999998,0.19761300000000004,2934,265,271360,
0,resolver,2,8,static,0,1003,1771,2.442492,0.27392599999999995,2934,264,270336,
0,resolver,2,8,temporal,1,1003,1771,1.8711039999999999,0.240113,2934,28,28672,
0,resolver,2,9,temporal,0,615,1383,1.660786,0.19588599999999998,2934,28,28672,
0,resolver,2,9,static,1,615,1383,1.725184,0.25942600000000005,2934,263,269312,
0,resolver,2,10,static,0,258,1026,2.059255,0.416858,2934,266,272384,
0,resolver,2,10,temporal,1,258,1026,1.898119,0.200489,2934,28,28672,
0,resolver,2,11,temporal,0,21,789,1.577554,0.19145800000000002,2934,28,28672,
0,resolver,2,11,static,1,21,789,1.75171,0.269783,2934,266,272384,
0,resolver,2,12,static,0,1026,1794,1.60432,0.187556,2934,264,270336,
0,resolver,2,12,temporal,1,1026,1794,1.497838,0.190116,2934,28,28672,
0,resolver,2,13,temporal,0,18,786,1.5047059999999999,0.194904,2934,28,28672,
0,resolver,2,13,static,1,18,786,1.569993,0.19038700000000003,2934,265,271360,
0,resolver,2,14,static,0,1016,1784,1.504329,0.188321,2934,263,269312,
0,resolver,2,14,temporal,1,1016,1784,1.526076,0.189981,2934,28,28672,
0,resolver,2,15,temporal,0,1206,1974,1.459976,0.24207299999999998,2934,28,28672,
0,resolver,2,15,static,1,1206,1974,1.66031,0.189843,2934,266,272384,
0,resolver,2,16,static,0,524,1292,1.504321,0.19118,2934,264,270336,
0,resolver,2,16,temporal,1,524,1292,1.4978660000000001,0.182156,2934,28,28672,
0,resolver,2,17,temporal,0,153,921,1.4915589999999999,0.19081499999999996,2934,28,28672,
0,resolver,2,17,static,1,153,921,1.463937,0.24261699999999994,2934,264,270336,
0,resolver,2,18,static,0,231,999,1.560014,0.195263,2934,264,270336,
0,resolver,2,18,temporal,1,231,999,1.519705,0.247951,2934,28,28672,
0,resolver,2,19,temporal,0,285,1053,1.559118,0.192558,2934,28,28672,
0,resolver,2,19,static,1,285,1053,1.449447,0.190652,2934,264,270336,
0,resolver,2,20,static,0,1180,1948,1.52762,0.300705,2934,264,270336,
0,resolver,2,20,temporal,1,1180,1948,1.750745,0.19904699999999997,2934,28,28672,
0,resolver,2,21,temporal,0,421,1189,1.557424,0.194297,2934,28,28672,
0,resolver,2,21,static,1,421,1189,1.484599,0.23366300000000004,2934,265,271360,
0,resolver,2,22,static,0,561,1329,1.437641,0.184692,2934,265,271360,
0,resolver,2,22,temporal,1,561,1329,1.498578,0.195056,2934,27,27648,
0,resolver,2,23,temporal,0,430,1198,1.467268,0.24856999999999999,2934,28,28672,
0,resolver,2,23,static,1,430,1198,1.55891,0.189822,2934,264,270336,
0,resolver,2,24,static,0,489,1257,1.569062,0.232542,2934,266,272384,
0,resolver,2,24,temporal,1,489,1257,1.7081060000000001,0.18438300000000002,2934,28,28672,
0,resolver,2,25,temporal,0,360,1128,1.4842799999999998,0.19508399999999998,2934,28,28672,
0,resolver,2,25,static,1,360,1128,1.554792,0.24613500000000002,2934,265,271360,
0,resolver,2,26,static,0,719,1487,1.46013,0.18962500000000002,2934,265,271360,
0,resolver,2,26,temporal,1,719,1487,1.602847,0.21944200000000003,2934,28,28672,
0,resolver,2,27,temporal,0,1190,1958,1.533585,0.214595,2934,27,27648,
0,resolver,2,27,static,1,1190,1958,1.507524,0.19141899999999995,2934,263,269312,
0,resolver,2,28,static,0,48,816,1.747201,0.19894199999999998,2934,263,269312,
0,resolver,2,28,temporal,1,48,816,1.591987,0.20588099999999998,2934,28,28672,
0,resolver,2,29,temporal,0,512,1280,1.852378,0.37255699999999997,2934,28,28672,
0,resolver,2,29,static,1,512,1280,1.44286,0.18620099999999998,2934,264,270336,
0,resolver,2,30,static,0,394,1162,1.523698,0.24689199999999997,2934,264,270336,
0,resolver,2,30,temporal,1,394,1162,1.533503,0.266964,2934,28,28672,
0,resolver,2,31,temporal,0,4,772,1.554471,0.241455,2934,28,28672,
0,resolver,2,31,static,1,4,772,1.435754,0.18184599999999998,2934,266,272384,
0,resolver,2,32,static,0,698,1466,1.517212,0.188307,2934,264,270336,
0,resolver,2,32,temporal,1,698,1466,1.470135,0.24895999999999996,2934,28,28672,
0,resolver,2,33,temporal,0,1206,1974,1.5214670000000001,0.204479,2934,28,28672,
0,resolver,2,33,static,1,1206,1974,1.6046820000000002,0.22904999999999995,2934,266,272384,
0,resolver,2,34,static,0,713,1481,1.760725,0.23675400000000002,2934,264,270336,
0,resolver,2,34,temporal,1,713,1481,1.417747,0.18774400000000002,2934,28,28672,
0,resolver,2,35,temporal,0,1131,1899,1.459646,0.19704399999999997,2934,28,28672,
0,resolver,2,35,static,1,1131,1899,1.8775389999999998,0.191185,2934,266,272384,
0,resolver,2,36,static,0,1056,1824,1.601264,0.306259,2934,266,272384,
0,resolver,2,36,temporal,1,1056,1824,1.535572,0.19248899999999997,2934,28,28672,
0,resolver,2,37,temporal,0,559,1327,1.464058,0.25135100000000005,2934,28,28672,
0,resolver,2,37,static,1,559,1327,1.848148,0.44371999999999995,2934,264,270336,
0,resolver,2,38,static,0,898,1666,1.569185,0.2521030000000001,2934,266,272384,
0,resolver,2,38,temporal,1,898,1666,1.571051,0.245931,2934,28,28672,
0,resolver,2,39,temporal,0,493,1261,1.49785,0.19445700000000005,2934,28,28672,
0,resolver,2,39,static,1,493,1261,1.554613,0.188808,2934,265,271360,
0,resolver,2,40,static,0,1078,1846,1.529444,0.19254999999999997,2934,264,270336,
0,resolver,2,40,temporal,1,1078,1846,1.51331,0.24716000000000002,2934,28,28672,
0,resolver,2,41,temporal,0,52,820,1.525001,0.212776,2934,28,28672,
0,resolver,2,41,static,1,52,820,1.512537,0.19064499999999998,2934,263,269312,
0,resolver,2,42,static,0,173,941,1.573311,0.32139,2934,266,272384,
0,resolver,2,42,temporal,1,173,941,1.548619,0.199788,2934,28,28672,
0,resolver,2,43,temporal,0,814,1582,1.440769,0.18354600000000001,2934,28,28672,
0,resolver,2,43,static,1,814,1582,1.4178979999999999,0.188127,2934,266,272384,
0,resolver,2,44,static,0,435,1203,1.4890070000000002,0.18217200000000003,2934,264,270336,
0,resolver,2,44,temporal,1,435,1203,1.423926,0.18706199999999998,2934,28,28672,
0,resolver,2,45,temporal,0,1153,1921,1.444449,0.23746099999999998,2934,28,28672,
0,resolver,2,45,static,1,1153,1921,1.494826,0.18063700000000002,2934,263,269312,
0,resolver,2,46,static,0,903,1671,1.557443,0.18325899999999995,2934,266,272384,
0,resolver,2,46,temporal,1,903,1671,1.753429,0.217448,2934,28,28672,
0,resolver,2,47,temporal,0,238,1006,1.69443,0.19434599999999996,2934,28,28672,
0,resolver,2,47,static,1,238,1006,1.6221880000000002,0.292575,2934,265,271360,
0,resolver,2,48,static,0,510,1278,1.6754120000000001,0.1863,2934,264,270336,
0,resolver,2,48,temporal,1,510,1278,1.451417,0.189326,2934,28,28672,
0,resolver,2,49,temporal,0,74,842,1.578824,0.28829200000000005,2934,28,28672,
0,resolver,2,49,static,1,74,842,1.48046,0.22596299999999997,2934,264,270336,
0,resolver,2,50,static,0,23,791,1.455951,0.183308,2934,266,272384,
0,resolver,2,50,temporal,1,23,791,1.505047,0.189702,2934,28,28672,
0,resolver,2,51,temporal,0,337,1105,1.459535,0.198378,2934,28,28672,
0,resolver,2,51,static,1,337,1105,1.557227,0.29634399999999994,2934,265,271360,
0,resolver,2,52,static,0,1,769,1.419913,0.184331,2934,265,271360,
0,resolver,2,52,temporal,1,1,769,1.700792,0.17691199999999996,2934,28,28672,
0,resolver,2,53,temporal,0,517,1285,1.938906,0.614052,2934,28,28672,
0,resolver,2,53,static,1,517,1285,1.770222,0.180249,2934,264,270336,
0,resolver,2,54,static,0,407,1175,1.28165,0.17359100000000002,2934,266,272384,
0,resolver,2,54,temporal,1,407,1175,1.733644,0.324855,2934,28,28672,
0,resolver,2,55,temporal,0,866,1634,1.6391179999999999,0.18898800000000002,2934,28,28672,
0,resolver,2,55,static,1,866,1634,1.445242,0.16459899999999997,2934,264,270336,
0,resolver,2,56,static,0,877,1645,1.395432,0.19334500000000002,2934,264,270336,
0,resolver,2,56,temporal,1,877,1645,1.591459,0.311674,2934,28,28672,
0,resolver,2,57,temporal,0,1199,1967,1.59936,0.190578,2934,28,28672,
0,resolver,2,57,static,1,1199,1967,1.500297,0.182396,2934,264,270336,
0,resolver,2,58,static,0,889,1657,1.5698590000000001,0.18759900000000002,2934,266,272384,
0,resolver,2,58,temporal,1,889,1657,1.48021,0.203876,2934,28,28672,
0,resolver,2,59,temporal,0,362,1130,1.66748,0.24519399999999997,2934,28,28672,
0,resolver,2,59,static,1,362,1130,1.460859,0.24185099999999998,2934,264,270336,
0,resolver,2,60,static,0,388,1156,1.731909,0.18866700000000003,2934,264,270336,
0,resolver,2,60,temporal,1,388,1156,1.5209270000000001,0.19984899999999997,2934,28,28672,
0,resolver,2,61,temporal,0,92,860,1.844726,0.234842,2934,28,28672,
0,resolver,2,61,static,1,92,860,1.6094620000000002,0.191337,2934,266,272384,
0,resolver,2,62,static,0,365,1133,1.643181,0.262313,2934,264,270336,
0,resolver,2,62,temporal,1,365,1133,1.510527,0.19177,2934,28,28672,
0,resolver,2,63,temporal,0,372,1140,1.647187,0.190689,2934,28,28672,
0,resolver,2,63,static,1,372,1140,1.507704,0.192103,2934,263,269312,
0,resolver,2,64,static,0,796,1564,1.641399,0.265077,2934,265,271360,
0,resolver,2,64,temporal,1,796,1564,1.8903489999999998,0.198482,2934,28,28672,
0,resolver,2,65,temporal,0,775,1543,1.789903,0.233774,2934,28,28672,
0,resolver,2,65,static,1,775,1543,1.5174640000000001,0.186051,2934,263,269312,
0,resolver,2,66,static,0,1121,1889,1.5912870000000001,0.30188999999999994,2934,266,272384,
0,resolver,2,66,temporal,1,1121,1889,1.5654569999999999,0.18724,2934,28,28672,
0,resolver,2,67,temporal,0,244,1012,1.579097,0.252661,2934,28,28672,
0,resolver,2,67,static,1,244,1012,1.581361,0.245451,2934,266,272384,
0,resolver,2,68,static,0,603,1371,1.5522820000000002,0.236529,2934,264,270336,
0,resolver,2,68,temporal,1,603,1371,1.548413,0.235271,2934,28,28672,
0,resolver,2,69,temporal,0,1037,1805,1.445534,0.185823,2934,28,28672,
0,resolver,2,69,static,1,1037,1805,1.622119,0.197073,2934,265,271360,
0,resolver,2,70,static,0,776,1544,1.554927,0.227386,2934,262,268288,
0,resolver,2,70,temporal,1,776,1544,1.659236,0.196806,2934,28,28672,
0,resolver,2,71,temporal,0,376,1144,1.52399,0.19399199999999994,2934,28,28672,
0,resolver,2,71,static,1,376,1144,1.6124729999999998,0.194215,2934,263,269312,
0,resolver,2,72,static,0,203,971,1.715179,0.191932,2934,264,270336,
0,resolver,2,72,temporal,1,203,971,1.6191490000000002,0.18815199999999999,2934,28,28672,
0,resolver,2,73,temporal,0,334,1102,1.462058,0.18403200000000003,2934,28,28672,
0,resolver,2,73,static,1,334,1102,1.584368,0.189577,2934,265,271360,
0,resolver,2,74,static,0,284,1052,2.084452,0.35495100000000007,2934,264,270336,
0,resolver,2,74,temporal,1,284,1052,1.69113,0.191269,2934,28,28672,
0,resolver,2,75,temporal,0,329,1097,1.9358710000000001,0.25814299999999996,2934,28,28672,
0,resolver,2,75,static,1,329,1097,1.6033650000000002,0.19210000000000002,2934,266,272384,
0,resolver,2,76,static,0,875,1643,1.517781,0.18769000000000002,2934,264,270336,
0,resolver,2,76,temporal,1,875,1643,1.440528,0.192301,2934,28,28672,
0,resolver,2,77,temporal,0,524,1292,1.495868,0.18718500000000002,2934,28,28672,
0,resolver,2,77,static,1,524,1292,1.520692,0.19361600000000004,2934,264,270336,
0,resolver,2,78,static,0,1038,1806,1.610022,0.19193500000000002,2934,264,270336,
0,resolver,2,78,temporal,1,1038,1806,1.528311,0.2569040000000001,2934,28,28672,
0,resolver,2,79,temporal,0,729,1497,1.554912,0.26713300000000006,2934,28,28672,
0,resolver,2,79,static,1,729,1497,1.455776,0.18800899999999998,2934,266,272384,
0,resolver,2,80,static,0,827,1595,1.561105,0.19317499999999996,2934,264,270336,
0,resolver,2,80,temporal,1,827,1595,1.6774369999999998,0.19219699999999998,2934,28,28672,
0,resolver,2,81,temporal,0,15,783,1.498284,0.192482,2934,28,28672,
0,resolver,2,81,static,1,15,783,1.715805,0.19957399999999997,2934,266,272384,
0,resolver,2,82,static,0,81,849,1.534056,0.187104,2934,266,272384,
0,resolver,2,82,temporal,1,81,849,1.617472,0.200756,2934,28,28672,
0,resolver,2,83,temporal,0,1206,1974,1.417811,0.185238,2934,28,28672,
0,resolver,2,83,static,1,1206,1974,1.707282,0.22703700000000002,2934,266,272384,
0,resolver,2,84,static,0,94,862,1.4775280000000002,0.24393099999999998,2934,266,272384,
0,resolver,2,84,temporal,1,94,862,1.541385,0.19897499999999999,2934,28,28672,
0,resolver,2,85,temporal,0,907,1675,1.745059,0.21255399999999997,2934,28,28672,
0,resolver,2,85,static,1,907,1675,1.598684,0.24764400000000003,2934,265,271360,
0,resolver,2,86,static,0,688,1456,1.519156,0.19317900000000002,2934,263,269312,
0,resolver,2,86,temporal,1,688,1456,1.5176020000000001,0.238769,2934,28,28672,
0,resolver,2,87,temporal,0,665,1433,1.479719,0.200756,2934,28,28672,
0,resolver,2,87,static,1,665,1433,1.5449599999999999,0.25427800000000006,2934,265,271360,
0,resolver,2,88,static,0,430,1198,1.496051,0.19404800000000003,2934,264,270336,
0,resolver,2,88,temporal,1,430,1198,1.498225,0.18857499999999996,2934,28,28672,
0,resolver,2,89,temporal,0,808,1576,1.464987,0.188193,2934,28,28672,
0,resolver,2,89,static,1,808,1576,1.452298,0.187148,2934,266,272384,
0,resolver,2,90,static,0,1137,1905,1.5666390000000001,0.19067100000000003,2934,266,272384,
0,resolver,2,90,temporal,1,1137,1905,1.505819,0.24248900000000004,2934,28,28672,
0,resolver,2,91,temporal,0,1066,1834,1.7467819999999998,0.23545800000000003,2934,28,28672,
0,resolver,2,91,static,1,1066,1834,1.651988,0.19241299999999997,2934,264,270336,
0,resolver,2,92,static,0,1132,1900,1.5682280000000002,0.18806399999999998,2934,266,272384,
0,resolver,2,92,temporal,1,1132,1900,1.521613,0.18745900000000004,2934,28,28672,
0,resolver,2,93,temporal,0,928,1696,1.5575649999999999,0.20830200000000001,2934,28,28672,
0,resolver,2,93,static,1,928,1696,1.467951,0.185129,2934,263,269312,
0,resolver,2,94,static,0,335,1103,1.553817,0.19780400000000004,2934,266,272384,
0,resolver,2,94,temporal,1,335,1103,1.512172,0.25131799999999993,2934,28,28672,
0,resolver,2,95,temporal,0,733,1501,1.462033,0.20228300000000002,2934,28,28672,
0,resolver,2,95,static,1,733,1501,1.497706,0.189546,2934,266,272384,
0,resolver,2,96,static,0,600,1368,1.4653800000000001,0.240536,2934,264,270336,
0,resolver,2,96,temporal,1,600,1368,1.605858,0.25775699999999996,2934,28,28672,
0,resolver,2,97,temporal,0,883,1651,1.504642,0.189215,2934,28,28672,
0,resolver,2,97,static,1,883,1651,1.613079,0.18721600000000002,2934,266,272384,
0,resolver,2,98,static,0,139,907,1.7814,0.29666900000000007,2934,264,270336,
0,resolver,2,98,temporal,1,139,907,1.508864,0.23996399999999998,2934,28,28672,
0,resolver,2,99,temporal,0,1108,1876,1.446706,0.18546799999999997,2934,28,28672,
0,resolver,2,99,static,1,1108,1876,1.5592920000000001,0.19289,2934,264,270336,
0,resolver,2,100,static,0,1133,1901,1.589045,0.191367,2934,266,272384,
0,resolver,2,100,temporal,1,1133,1901,1.506678,0.198605,2934,28,28672,
0,resolver,2,101,temporal,0,458,1226,1.746237,0.23046000000000005,2934,28,28672,
0,resolver,2,101,static,1,458,1226,1.562344,0.248282,2934,264,270336,
0,resolver,2,102,static,0,572,1340,1.802893,0.236308,2934,265,271360,
0,resolver,2,102,temporal,1,572,1340,2.21475,0.3712480000000001,2934,28,28672,
0,resolver,2,103,temporal,0,1098,1866,1.530664,0.20075,2934,28,28672,
0,resolver,2,103,static,1,1098,1866,1.553601,0.23684100000000002,2934,264,270336,
0,resolver,2,104,static,0,318,1086,1.470822,0.19788999999999998,2934,265,271360,
0,resolver,2,104,temporal,1,318,1086,1.540285,0.2491,2934,28,28672,
0,resolver,2,105,temporal,0,176,944,1.5015910000000001,0.192412,2934,28,28672,
0,resolver,2,105,static,1,176,944,1.513901,0.19804300000000002,2934,266,272384,
0,resolver,2,106,static,0,354,1122,1.441422,0.18587999999999996,2934,264,270336,
0,resolver,2,106,temporal,1,354,1122,1.4602860000000002,0.190327,2934,28,28672,
0,resolver,2,107,temporal,0,75,843,1.568008,0.190333,2934,28,28672,
0,resolver,2,107,static,1,75,843,1.49856,0.24119600000000002,2934,264,270336,
0,resolver,2,108,static,0,1232,2000,1.552395,0.186266,2934,264,270336,
0,resolver,2,108,temporal,1,1232,2000,1.660675,0.19522199999999998,2934,28,28672,
0,resolver,2,109,temporal,0,928,1696,1.5434999999999999,0.26293700000000003,2934,28,28672,
0,resolver,2,109,static,1,928,1696,1.615984,0.18646200000000002,2934,263,269312,
0,resolver,2,110,static,0,700,1468,1.534246,0.241797,2934,263,269312,
0,resolver,2,110,temporal,1,700,1468,1.5516,0.191488,2934,28,28672,
0,resolver,2,111,temporal,0,173,941,1.549693,0.298111,2934,28,28672,
0,resolver,2,111,static,1,173,941,1.5029839999999999,0.242013,2934,266,272384,
0,resolver,2,112,static,0,1003,1771,1.543683,0.192724,2934,264,270336,
0,resolver,2,112,temporal,1,1003,1771,1.454253,0.193294,2934,28,28672,
0,resolver,2,113,temporal,0,1073,1841,1.451174,0.188599,2934,27,27648,
0,resolver,2,113,static,1,1073,1841,1.566813,0.24242499999999997,2934,263,269312,
0,resolver,2,114,static,0,599,1367,1.503239,0.18930700000000003,2934,264,270336,
0,resolver,2,114,temporal,1,599,1367,1.553728,0.18791000000000002,2934,28,28672,
0,resolver,2,115,temporal,0,1253,2021,1.4477069999999999,0.18674500000000002,2934,28,28672,
0,resolver,2,115,static,1,1253,2021,1.517596,0.192669,2934,262,268288,
0,resolver,2,116,static,0,232,1000,1.4989720000000002,0.24546,2934,264,270336,
0,resolver,2,116,temporal,1,232,1000,1.5388069999999998,0.207978,2934,28,28672,
0,resolver,2,117,temporal,0,1126,1894,1.507931,0.19228199999999998,2934,28,28672,
0,resolver,2,117,static,1,1126,1894,1.4497939999999998,0.18452,2934,267,273408,
0,resolver,2,118,static,0,942,1710,2.132623,0.202561,2934,264,270336,
0,resolver,2,118,temporal,1,942,1710,1.647423,0.20543100000000003,2934,28,28672,
0,resolver,2,119,temporal,0,224,992,1.677108,0.20736300000000002,2934,28,28672,
0,resolver,2,119,static,1,224,992,1.469296,0.19170299999999998,2934,265,271360,
0,resolver,3,0,temporal,0,932,1700,1.844952,0.37677499999999986,2934,28,28672,
0,resolver,3,0,static,1,932,1700,1.453697,0.19092599999999998,2934,263,269312,
0,resolver,3,1,static,0,986,1754,1.5695990000000002,0.19179499999999997,2934,265,271360,
0,resolver,3,1,temporal,1,986,1754,1.515101,0.249784,2934,28,28672,
0,resolver,3,2,temporal,0,1024,1792,1.577461,0.19193099999999996,2934,28,28672,
0,resolver,3,2,static,1,1024,1792,1.442124,0.186837,2934,265,271360,
0,resolver,3,3,static,0,540,1308,1.50522,0.28868999999999995,2934,264,270336,
0,resolver,3,3,temporal,1,540,1308,1.440406,0.18353300000000003,2934,28,28672,
0,resolver,3,4,temporal,0,9,777,1.472635,0.188546,2934,28,28672,
0,resolver,3,4,static,1,9,777,1.7843579999999999,0.18787,2934,266,272384,
0,resolver,3,5,static,0,933,1701,1.581734,0.190081,2934,262,268288,
0,resolver,3,5,temporal,1,933,1701,1.496101,0.19195900000000002,2934,28,28672,
0,resolver,3,6,temporal,0,166,934,1.48403,0.25292499999999996,2934,27,27648,
0,resolver,3,6,static,1,166,934,1.569277,0.194509,2934,266,272384,
0,resolver,3,7,static,0,669,1437,1.540626,0.194693,2934,265,271360,
0,resolver,3,7,temporal,1,669,1437,1.5349000000000002,0.24533800000000006,2934,28,28672,
0,resolver,3,8,temporal,0,1003,1771,1.463479,0.191898,2934,28,28672,
0,resolver,3,8,static,1,1003,1771,1.695261,0.26481299999999997,2934,264,270336,
0,resolver,3,9,static,0,615,1383,1.674857,0.194246,2934,263,269312,
0,resolver,3,9,temporal,1,615,1383,1.623752,0.24368699999999996,2934,28,28672,
0,resolver,3,10,temporal,0,258,1026,1.4906279999999998,0.246105,2934,28,28672,
0,resolver,3,10,static,1,258,1026,1.509123,0.18972699999999998,2934,266,272384,
0,resolver,3,11,static,0,21,789,1.5047789999999999,0.23971099999999998,2934,266,272384,
0,resolver,3,11,temporal,1,21,789,1.453773,0.18774,2934,28,28672,
0,resolver,3,12,temporal,0,1026,1794,1.6670280000000002,0.19170099999999998,2934,28,28672,
0,resolver,3,12,static,1,1026,1794,1.7368489999999999,0.18683100000000002,2934,264,270336,
0,resolver,3,13,static,0,18,786,1.488301,0.186217,2934,265,271360,
0,resolver,3,13,temporal,1,18,786,1.633059,0.246887,2934,28,28672,
0,resolver,3,14,temporal,0,1016,1784,1.5780399999999999,0.19625199999999998,2934,28,28672,
0,resolver,3,14,static,1,1016,1784,1.49732,0.18767700000000004,2934,263,269312,
0,resolver,3,15,static,0,1206,1974,1.514735,0.24098099999999995,2934,266,272384,
0,resolver,3,15,temporal,1,1206,1974,2.062477,0.48081,2934,28,28672,
0,resolver,3,16,temporal,0,524,1292,1.602878,0.214069,2934,28,28672,
0,resolver,3,16,static,1,524,1292,1.4609320000000001,0.188413,2934,264,270336,
0,resolver,3,17,static,0,153,921,1.5416379999999998,0.19127000000000002,2934,264,270336,
0,resolver,3,17,temporal,1,153,921,1.494537,0.25931299999999996,2934,28,28672,
0,resolver,3,18,temporal,0,231,999,1.531252,0.20058399999999998,2934,28,28672,
0,resolver,3,18,static,1,231,999,1.5020850000000001,0.23423200000000002,2934,264,270336,
0,resolver,3,19,static,0,285,1053,1.458769,0.187644,2934,264,270336,
0,resolver,3,19,temporal,1,285,1053,1.6453550000000001,0.198671,2934,28,28672,
0,resolver,3,20,temporal,0,1180,1948,1.598553,0.20762700000000003,2934,28,28672,
0,resolver,3,20,static,1,1180,1948,1.648183,0.2915479999999999,2934,264,270336,
0,resolver,3,21,static,0,421,1189,1.940863,0.6481959999999999,2934,265,271360,
0,resolver,3,21,temporal,1,421,1189,1.720492,0.20519700000000002,2934,28,28672,
0,resolver,3,22,temporal,0,561,1329,2.0313559999999997,0.21075900000000003,2934,27,27648,
0,resolver,3,22,static,1,561,1329,1.600991,0.185532,2934,265,271360,
0,resolver,3,23,static,0,430,1198,1.731443,0.299267,2934,264,270336,
0,resolver,3,23,temporal,1,430,1198,1.5262369999999998,0.21189999999999998,2934,28,28672,
0,resolver,3,24,temporal,0,489,1257,1.4797390000000001,0.20116199999999995,2934,28,28672,
0,resolver,3,24,static,1,489,1257,1.8023010000000002,0.19865100000000008,2934,266,272384,
0,resolver,3,25,static,0,360,1128,1.667639,0.28457800000000005,2934,265,271360,
0,resolver,3,25,temporal,1,360,1128,1.625699,0.29974899999999993,2934,28,28672,
0,resolver,3,26,temporal,0,719,1487,1.478318,0.24562399999999995,2934,28,28672,
0,resolver,3,26,static,1,719,1487,1.584235,0.19305399999999995,2934,265,271360,
0,resolver,3,27,static,0,1190,1958,1.510506,0.18954200000000004,2934,263,269312,
0,resolver,3,27,temporal,1,1190,1958,1.560533,0.19087699999999996,2934,27,27648,
0,resolver,3,28,temporal,0,48,816,1.470371,0.20355,2934,28,28672,
0,resolver,3,28,static,1,48,816,1.5457489999999998,0.30316899999999997,2934,263,269312,
0,resolver,3,29,static,0,512,1280,1.755633,0.23760099999999998,2934,264,270336,
0,resolver,3,29,temporal,1,512,1280,1.579509,0.195444,2934,28,28672,
0,resolver,3,30,temporal,0,394,1162,1.492574,0.238821,2934,28,28672,
0,resolver,3,30,static,1,394,1162,1.453854,0.184892,2934,264,270336,
0,resolver,3,31,static,0,4,772,1.5065460000000002,0.19952999999999999,2934,266,272384,
0,resolver,3,31,temporal,1,4,772,1.461089,0.24559400000000003,2934,28,28672,
0,resolver,3,32,temporal,0,698,1466,1.5788060000000002,0.24619000000000002,2934,28,28672,
0,resolver,3,32,static,1,698,1466,1.518714,0.199292,2934,264,270336,
0,resolver,3,33,static,0,1206,1974,1.526036,0.241993,2934,266,272384,
0,resolver,3,33,temporal,1,1206,1974,1.453371,0.19200099999999998,2934,28,28672,
0,resolver,3,34,temporal,0,713,1481,1.532418,0.24817299999999998,2934,28,28672,
0,resolver,3,34,static,1,713,1481,3.3580799999999997,0.8065770000000001,2934,264,270336,
0,resolver,3,35,static,0,1131,1899,1.6986830000000002,0.27215999999999996,2934,266,272384,
0,resolver,3,35,temporal,1,1131,1899,1.661648,0.251016,2934,28,28672,
0,resolver,3,36,temporal,0,1056,1824,1.5472629999999998,0.19476999999999994,2934,28,28672,
0,resolver,3,36,static,1,1056,1824,1.52573,0.18449300000000002,2934,266,272384,
0,resolver,3,37,static,0,559,1327,1.561137,0.19329400000000002,2934,264,270336,
0,resolver,3,37,temporal,1,559,1327,2.3891709999999997,0.18554700000000002,2934,28,28672,
0,resolver,3,38,temporal,0,898,1666,1.975862,0.201087,2934,28,28672,
0,resolver,3,38,static,1,898,1666,1.540728,0.200475,2934,266,272384,
0,resolver,3,39,static,0,493,1261,2.433606,0.198185,2934,265,271360,
0,resolver,3,39,temporal,1,493,1261,2.746016,0.18373799999999998,2934,28,28672,
0,resolver,3,40,temporal,0,1078,1846,2.164994,0.33863599999999994,2934,28,28672,
0,resolver,3,40,static,1,1078,1846,1.672137,0.18946200000000002,2934,264,270336,
0,resolver,3,41,static,0,52,820,1.5378029999999998,0.195329,2934,263,269312,
0,resolver,3,41,temporal,1,52,820,1.474445,0.19225600000000004,2934,28,28672,
0,resolver,3,42,temporal,0,173,941,1.514913,0.19018200000000002,2934,28,28672,
0,resolver,3,42,static,1,173,941,1.488793,0.25646100000000005,2934,266,272384,
0,resolver,3,43,static,0,814,1582,1.919017,0.46804299999999993,2934,266,272384,
0,resolver,3,43,temporal,1,814,1582,1.486439,0.2517420000000001,2934,28,28672,
0,resolver,3,44,temporal,0,435,1203,1.574523,0.193505,2934,28,28672,
0,resolver,3,44,static,1,435,1203,1.504103,0.188107,2934,264,270336,
0,resolver,3,45,static,0,1153,1921,1.590746,0.188437,2934,263,269312,
0,resolver,3,45,temporal,1,1153,1921,1.4451,0.18829900000000002,2934,28,28672,
0,resolver,3,46,temporal,0,903,1671,1.536592,0.304619,2934,28,28672,
0,resolver,3,46,static,1,903,1671,1.5038969999999998,0.24316599999999997,2934,266,272384,
0,resolver,3,47,static,0,238,1006,1.561804,0.18803699999999998,2934,265,271360,
0,resolver,3,47,temporal,1,238,1006,1.9054339999999999,0.19313300000000005,2934,28,28672,
0,resolver,3,48,temporal,0,510,1278,1.629392,0.18474499999999996,2934,28,28672,
0,resolver,3,48,static,1,510,1278,1.515709,0.192342,2934,264,270336,
0,resolver,3,49,static,0,74,842,2.235811,0.2696809999999999,2934,264,270336,
0,resolver,3,49,temporal,1,74,842,1.836371,0.20729699999999998,2934,28,28672,
0,resolver,3,50,temporal,0,23,791,1.739095,0.19272,2934,28,28672,
0,resolver,3,50,static,1,23,791,1.638933,0.194097,2934,266,272384,
0,resolver,3,51,static,0,337,1105,1.829421,0.29741,2934,265,271360,
0,resolver,3,51,temporal,1,337,1105,1.587205,0.189038,2934,28,28672,
0,resolver,3,52,temporal,0,1,769,3.0983120000000004,1.7809630000000003,2934,28,28672,
0,resolver,3,52,static,1,1,769,3.3416740000000003,0.194904,2934,265,271360,
0,resolver,3,53,static,0,517,1285,2.0921070000000004,0.7626890000000001,2934,264,270336,
0,resolver,3,53,temporal,1,517,1285,1.649132,0.31167399999999995,2934,28,28672,
0,resolver,3,54,temporal,0,407,1175,1.5250599999999999,0.182069,2934,28,28672,
0,resolver,3,54,static,1,407,1175,1.439279,0.17709599999999998,2934,266,272384,
0,resolver,3,55,static,0,866,1634,1.461263,0.23448499999999997,2934,264,270336,
0,resolver,3,55,temporal,1,866,1634,1.660012,0.20645600000000003,2934,28,28672,
0,resolver,3,56,temporal,0,877,1645,1.537683,0.258053,2934,28,28672,
0,resolver,3,56,static,1,877,1645,1.6555840000000002,0.19036200000000003,2934,264,270336,
0,resolver,3,57,static,0,1199,1967,1.5128540000000001,0.239889,2934,264,270336,
0,resolver,3,57,temporal,1,1199,1967,1.6476819999999999,0.30862200000000006,2934,28,28672,
0,resolver,3,58,temporal,0,889,1657,1.745282,0.204754,2934,28,28672,
0,resolver,3,58,static,1,889,1657,1.663787,0.3137819999999999,2934,266,272384,
0,resolver,3,59,static,0,362,1130,1.653009,0.183817,2934,264,270336,
0,resolver,3,59,temporal,1,362,1130,1.793582,0.347436,2934,28,28672,
0,resolver,3,60,temporal,0,388,1156,1.5660669999999999,0.18515599999999996,2934,28,28672,
0,resolver,3,60,static,1,388,1156,1.5832920000000001,0.187079,2934,264,270336,
0,resolver,3,61,static,0,92,860,1.549522,0.31130199999999997,2934,266,272384,
0,resolver,3,61,temporal,1,92,860,1.520292,0.23530499999999996,2934,28,28672,
0,resolver,3,62,temporal,0,365,1133,1.49554,0.187821,2934,28,28672,
0,resolver,3,62,static,1,365,1133,1.502359,0.18241900000000003,2934,264,270336,
0,resolver,3,63,static,0,372,1140,1.421804,0.17980600000000002,2934,263,269312,
0,resolver,3,63,temporal,1,372,1140,1.499142,0.192996,2934,28,28672,
0,resolver,3,64,temporal,0,796,1564,1.51306,0.194185,2934,28,28672,
0,resolver,3,64,static,1,796,1564,1.507809,0.188065,2934,265,271360,
0,resolver,3,65,static,0,775,1543,1.748302,0.181948,2934,263,269312,
0,resolver,3,65,temporal,1,775,1543,1.575874,0.18664999999999998,2934,28,28672,
0,resolver,3,66,temporal,0,1121,1889,1.508423,0.18840099999999999,2934,28,28672,
0,resolver,3,66,static,1,1121,1889,1.446714,0.18555900000000003,2934,266,272384,
0,resolver,3,67,static,0,244,1012,1.526189,0.18857899999999997,2934,266,272384,
0,resolver,3,67,temporal,1,244,1012,1.429962,0.197235,2934,28,28672,
0,resolver,3,68,temporal,0,603,1371,1.5168409999999999,0.248371,2934,28,28672,
0,resolver,3,68,static,1,603,1371,1.4759110000000002,0.244838,2934,264,270336,
0,resolver,3,69,static,0,1037,1805,1.523365,0.190825,2934,265,271360,
0,resolver,3,69,temporal,1,1037,1805,1.5182769999999999,0.19013599999999997,2934,28,28672,
0,resolver,3,70,temporal,0,776,1544,1.4439579999999999,0.18711900000000004,2934,28,28672,
0,resolver,3,70,static,1,776,1544,1.516697,0.18585300000000002,2934,262,268288,
0,resolver,3,71,static,0,376,1144,1.476357,0.190838,2934,263,269312,
0,resolver,3,71,temporal,1,376,1144,1.605402,0.18898099999999998,2934,28,28672,
0,resolver,3,72,temporal,0,203,971,1.491523,0.185847,2934,28,28672,
0,resolver,3,72,static,1,203,971,1.529142,0.24041900000000005,2934,264,270336,
0,resolver,3,73,static,0,334,1102,1.4785679999999999,0.188255,2934,265,271360,
0,resolver,3,73,temporal,1,334,1102,1.5658219999999998,0.192243,2934,28,28672,
0,resolver,3,74,temporal,0,284,1052,1.522505,0.20322400000000002,2934,28,28672,
0,resolver,3,74,static,1,284,1052,1.513143,0.18725899999999998,2934,264,270336,
0,resolver,3,75,static,0,329,1097,2.145476,0.208579,2934,266,272384,
0,resolver,3,75,temporal,1,329,1097,1.718173,0.19672400000000004,2934,28,28672,
0,resolver,3,76,temporal,0,875,1643,1.6742899999999998,0.19803600000000002,2934,28,28672,
0,resolver,3,76,static,1,875,1643,1.515447,0.190292,2934,264,270336,
0,resolver,3,77,static,0,524,1292,1.6623409999999998,0.188302,2934,264,270336,
0,resolver,3,77,temporal,1,524,1292,1.629381,0.18974500000000005,2934,28,28672,
0,resolver,3,78,temporal,0,1038,1806,1.508709,0.188247,2934,28,28672,
0,resolver,3,78,static,1,1038,1806,1.450348,0.23308399999999996,2934,264,270336,
0,resolver,3,79,static,0,729,1497,1.5201209999999998,0.182229,2934,266,272384,
0,resolver,3,79,temporal,1,729,1497,1.423841,0.17897100000000005,2934,28,28672,
0,resolver,3,80,temporal,0,827,1595,1.488931,0.237252,2934,28,28672,
0,resolver,3,80,static,1,827,1595,1.389095,0.179661,2934,264,270336,
0,resolver,3,81,static,0,15,783,1.494063,0.18654499999999996,2934,266,272384,
0,resolver,3,81,temporal,1,15,783,1.455649,0.183689,2934,28,28672,
0,resolver,3,82,temporal,0,81,849,1.61508,0.21917300000000003,2934,28,28672,
0,resolver,3,82,static,1,81,849,1.491096,0.184897,2934,266,272384,
0,resolver,3,83,static,0,1206,1974,1.521989,0.19536900000000004,2934,266,272384,
0,resolver,3,83,temporal,1,1206,1974,1.596991,0.195405,2934,28,28672,
0,resolver,3,84,temporal,0,94,862,1.522819,0.201032,2934,28,28672,
0,resolver,3,84,static,1,94,862,1.530361,0.191808,2934,266,272384,
0,resolver,3,85,static,0,907,1675,1.852334,0.184655,2934,265,271360,
0,resolver,3,85,temporal,1,907,1675,1.7459330000000002,0.395737,2934,28,28672,
0,resolver,3,86,temporal,0,688,1456,1.763237,0.2841850000000001,2934,28,28672,
0,resolver,3,86,static,1,688,1456,2.0353429999999997,0.185898,2934,263,269312,
0,resolver,3,87,static,0,665,1433,1.527494,0.191258,2934,265,271360,
0,resolver,3,87,temporal,1,665,1433,1.6837639999999998,0.188851,2934,28,28672,
0,resolver,3,88,temporal,0,430,1198,1.5755439999999998,0.18549500000000002,2934,28,28672,
0,resolver,3,88,static,1,430,1198,1.622499,0.27217100000000005,2934,264,270336,
0,resolver,3,89,static,0,808,1576,1.733781,0.191359,2934,266,272384,
0,resolver,3,89,temporal,1,808,1576,1.546885,0.192298,2934,28,28672,
0,resolver,3,90,temporal,0,1137,1905,1.46203,0.23857299999999998,2934,28,28672,
0,resolver,3,90,static,1,1137,1905,1.568747,0.19800000000000004,2934,266,272384,
0,resolver,3,91,static,0,1066,1834,1.5138459999999998,0.18831300000000004,2934,264,270336,
0,resolver,3,91,temporal,1,1066,1834,1.618689,0.19541100000000003,2934,28,28672,
0,resolver,3,92,temporal,0,1132,1900,1.757095,0.3457970000000001,2934,28,28672,
0,resolver,3,92,static,1,1132,1900,1.633347,0.18818600000000002,2934,266,272384,
0,resolver,3,93,static,0,928,1696,1.5824,0.188487,2934,263,269312,
0,resolver,3,93,temporal,1,928,1696,1.5720269999999998,0.18662499999999999,2934,28,28672,
0,resolver,3,94,temporal,0,335,1103,1.5325829999999998,0.243598,2934,28,28672,
0,resolver,3,94,static,1,335,1103,1.645952,0.191632,2934,266,272384,
0,resolver,3,95,static,0,733,1501,1.573053,0.18983699999999998,2934,266,272384,
0,resolver,3,95,temporal,1,733,1501,1.491956,0.185886,2934,28,28672,
0,resolver,3,96,temporal,0,600,1368,1.637765,0.30214700000000005,2934,28,28672,
0,resolver,3,96,static,1,600,1368,1.571979,0.18581799999999998,2934,264,270336,
0,resolver,3,97,static,0,883,1651,1.77487,0.289461,2934,266,272384,
0,resolver,3,97,temporal,1,883,1651,1.596606,0.19927599999999998,2934,28,28672,
0,resolver,3,98,temporal,0,139,907,1.535769,0.295778,2934,28,28672,
0,resolver,3,98,static,1,139,907,1.746306,0.308156,2934,264,270336,
0,resolver,3,99,static,0,1108,1876,1.690367,0.200912,2934,264,270336,
0,resolver,3,99,temporal,1,1108,1876,1.498529,0.19302099999999994,2934,28,28672,
0,resolver,3,100,temporal,0,1133,1901,1.5638519999999998,0.19317300000000004,2934,28,28672,
0,resolver,3,100,static,1,1133,1901,1.4642069999999998,0.1891,2934,266,272384,
0,resolver,3,101,static,0,458,1226,1.4630839999999998,0.18846100000000002,2934,264,270336,
0,resolver,3,101,temporal,1,458,1226,1.877395,0.352715,2934,28,28672,
0,resolver,3,102,temporal,0,572,1340,1.903834,0.19053199999999995,2934,28,28672,
0,resolver,3,102,static,1,572,1340,1.644671,0.304447,2934,265,271360,
0,resolver,3,103,static,0,1098,1866,1.6122230000000002,0.20091399999999998,2934,264,270336,
0,resolver,3,103,temporal,1,1098,1866,1.514562,0.19034699999999996,2934,28,28672,
0,resolver,3,104,temporal,0,318,1086,1.536318,0.20630400000000002,2934,28,28672,
0,resolver,3,104,static,1,318,1086,1.562556,0.18941299999999997,2934,265,271360,
0,resolver,3,105,static,0,176,944,1.532124,0.19756799999999997,2934,266,272384,
0,resolver,3,105,temporal,1,176,944,1.535897,0.19349500000000003,2934,28,28672,
0,resolver,3,106,temporal,0,354,1122,1.464454,0.20080099999999998,2934,28,28672,
0,resolver,3,106,static,1,354,1122,1.5858400000000001,0.19175500000000004,2934,264,270336,
0,resolver,3,107,static,0,75,843,1.497774,0.23852700000000002,2934,264,270336,
0,resolver,3,107,temporal,1,75,843,1.4571040000000002,0.18572100000000002,2934,28,28672,
0,resolver,3,108,temporal,0,1232,2000,1.506873,0.19096600000000005,2934,28,28672,
0,resolver,3,108,static,1,1232,2000,1.482937,0.247924,2934,264,270336,
0,resolver,3,109,static,0,928,1696,1.546627,0.18659199999999998,2934,263,269312,
0,resolver,3,109,temporal,1,928,1696,1.431958,0.181381,2934,28,28672,
0,resolver,3,110,temporal,0,700,1468,1.503694,0.182408,2934,28,28672,
0,resolver,3,110,static,1,700,1468,1.876433,0.42081199999999996,2934,263,269312,
0,resolver,3,111,static,0,173,941,4.043818,0.18897,2934,266,272384,
0,resolver,3,111,temporal,1,173,941,3.2432239999999997,0.20269700000000002,2934,28,28672,
0,resolver,3,112,temporal,0,1003,1771,2.647457,0.19024899999999997,2934,28,28672,
0,resolver,3,112,static,1,1003,1771,2.411462,0.19297799999999998,2934,264,270336,
0,resolver,3,113,static,0,1073,1841,1.515524,0.19196700000000003,2934,263,269312,
0,resolver,3,113,temporal,1,1073,1841,1.878523,0.20667999999999997,2934,27,27648,
0,resolver,3,114,temporal,0,599,1367,1.9587089999999998,0.20564799999999997,2934,28,28672,
0,resolver,3,114,static,1,599,1367,1.712556,0.287252,2934,264,270336,
0,resolver,3,115,static,0,1253,2021,1.6130980000000001,0.238791,2934,262,268288,
0,resolver,3,115,temporal,1,1253,2021,1.944538,0.40842599999999996,2934,28,28672,
0,resolver,3,116,temporal,0,232,1000,1.708332,0.286758,2934,28,28672,
0,resolver,3,116,static,1,232,1000,1.762367,0.26688999999999996,2934,264,270336,
0,resolver,3,117,static,0,1126,1894,1.5993190000000002,0.18954200000000002,2934,267,273408,
0,resolver,3,117,temporal,1,1126,1894,1.7122680000000001,0.25682,2934,28,28672,
0,resolver,3,118,temporal,0,942,1710,1.550807,0.221516,2934,28,28672,
0,resolver,3,118,static,1,942,1710,1.722754,0.205269,2934,264,270336,
0,resolver,3,119,static,0,224,992,1.543436,0.248565,2934,265,271360,
0,resolver,3,119,temporal,1,224,992,1.742137,0.25643,2934,28,28672,
0,full,0,0,static,0,932,1700,519.3358300000001,0.35666299999999995,35702,263,269312,-128.89151964409507
0,full,0,0,temporal,1,932,1700,2.253962,0.5436709999999999,35702,28,28672,-128.89151964409507
0,full,0,1,temporal,0,986,1754,2.245414,0.4235440000000001,35702,28,28672,-216.1825482251916
0,full,0,1,static,1,986,1754,2.215238,0.35799,35702,265,271360,-216.1825482251916
0,full,0,2,static,0,1024,1792,2.110138,0.405599,35702,265,271360,-178.54661235659518
0,full,0,2,temporal,1,1024,1792,1.960786,0.33961199999999997,35702,28,28672,-178.54661235659518
0,full,0,3,temporal,0,540,1308,2.187723,0.36501500000000003,35702,28,28672,-64.42694054820156
0,full,0,3,static,1,540,1308,2.69125,0.8586309999999999,35702,264,270336,-64.42694054820156
0,full,0,4,static,0,9,777,1.9589719999999997,0.35495100000000007,35702,266,272384,133.8070028710431
0,full,0,4,temporal,1,9,777,2.099721,0.375449,35702,28,28672,133.8070028710431
0,full,0,5,temporal,0,933,1701,2.317378,0.48884599999999995,35702,28,28672,-131.33407469793312
0,full,0,5,static,1,933,1701,2.111126,0.351567,35702,262,268288,-131.33407469793312
0,full,0,6,static,0,166,934,2.0079569999999998,0.39347600000000005,35702,266,272384,-71.55373290697945
0,full,0,6,temporal,1,166,934,2.078005,0.37503499999999995,35702,27,27648,-71.55373290697945
0,full,0,7,temporal,0,669,1437,2.017408,0.360709,35702,28,28672,-116.13079642960459
0,full,0,7,static,1,669,1437,2.604438,0.362291,35702,265,271360,-116.13079642960459
0,full,0,8,static,0,1003,1771,2.203917,0.357698,35702,264,270336,-212.24225208712133
0,full,0,8,temporal,1,1003,1771,1.968343,0.346274,35702,28,28672,-212.24225208712133
0,full,0,9,temporal,0,615,1383,2.093238,0.34620100000000004,35702,28,28672,-244.06798176021286
0,full,0,9,static,1,615,1383,1.933233,0.38922,35702,263,269312,-244.06798176021286
0,full,0,10,static,0,258,1026,2.080966,0.36243400000000003,35702,266,272384,-219.92116318415518
0,full,0,10,temporal,1,258,1026,2.281779,0.42618700000000004,35702,28,28672,-219.92116318415518
0,full,0,11,temporal,0,21,789,2.070963,0.364123,35702,28,28672,157.2991755462777
0,full,0,11,static,1,21,789,3.0873749999999998,0.834007,35702,266,272384,157.2991755462777
0,full,0,12,static,0,1026,1794,2.174058,0.33492,35702,264,270336,-173.65307259578958
0,full,0,12,temporal,1,1026,1794,2.991628,1.0631519999999999,35702,28,28672,-173.65307259578958
0,full,0,13,temporal,0,18,786,2.085231,0.363268,35702,28,28672,151.72050262562246
0,full,0,13,static,1,18,786,2.407976,0.564347,35702,265,271360,151.72050262562246
0,full,0,14,static,0,1016,1784,3.02057,1.1332309999999999,35702,263,269312,-195.22530412854437
0,full,0,14,temporal,1,1016,1784,2.521775,0.5294030000000001,35702,28,28672,-195.22530412854437
0,full,0,15,temporal,0,1206,1974,2.1233779999999998,0.360041,35702,28,28672,138.7586014750798
0,full,0,15,static,1,1206,1974,2.276841,0.35881400000000013,35702,266,272384,138.7586014750798
0,full,0,16,static,0,524,1292,2.874469,0.50723,35702,264,270336,-6.455350305757601
0,full,0,16,temporal,1,524,1292,2.744396,0.37376000000000004,35702,28,28672,-6.455350305757601
0,full,0,17,temporal,0,153,921,2.042899,0.36385,35702,28,28672,-13.612228886100716
0,full,0,17,static,1,153,921,2.018042,0.344381,35702,264,270336,-13.612228886100716
0,full,0,18,static,0,231,999,1.9863929999999999,0.353207,35702,264,270336,-248.278504676328
0,full,0,18,temporal,1,231,999,2.750616,1.055535,35702,28,28672,-248.278504676328
0,full,0,19,temporal,0,285,1053,2.2015160000000003,0.36169200000000007,35702,28,28672,-138.71161618630668
0,full,0,19,static,1,285,1053,2.948055,0.411394,35702,264,270336,-138.71161618630668
0,full,0,20,static,0,1180,1948,2.224566,0.42738500000000007,35702,264,270336,213.41343865723985
0,full,0,20,temporal,1,1180,1948,2.4674139999999998,0.385461,35702,28,28672,213.41343865723985
0,full,0,21,temporal,0,421,1189,2.175898,0.36802000000000007,35702,28,28672,186.97757391504013
0,full,0,21,static,1,421,1189,2.356136,0.365176,35702,265,271360,186.97757391504013
0,full,0,22,static,0,561,1329,2.2374069999999997,0.434288,35702,265,271360,-140.00305668870342
0,full,0,22,temporal,1,561,1329,2.398556,0.364918,35702,27,27648,-140.00305668870342
0,full,0,23,temporal,0,430,1198,2.1370489999999998,0.352546,35702,28,28672,184.14367650354794
0,full,0,23,static,1,430,1198,2.037986,0.41352,35702,264,270336,184.14367650354794
0,full,0,24,static,0,489,1257,2.174847,0.378542,35702,266,272384,99.74243982689951
0,full,0,24,temporal,1,489,1257,2.0494820000000002,0.40552000000000005,35702,28,28672,99.74243982689951
0,full,0,25,temporal,0,360,1128,2.19708,0.36160800000000004,35702,28,28672,125.51251331258617
0,full,0,25,static,1,360,1128,3.5872170000000003,0.6644519999999999,35702,265,271360,125.51251331258617
0,full,0,26,static,0,719,1487,2.441194,0.5217760000000001,35702,265,271360,103.8538242223047
0,full,0,26,temporal,1,719,1487,2.533998,0.356574,35702,28,28672,103.8538242223047
0,full,0,27,temporal,0,1190,1958,2.0687689999999996,0.41332899999999995,35702,27,27648,188.67147484602395
0,full,0,27,static,1,1190,1958,2.183336,0.37534100000000004,35702,263,269312,188.67147484602395
0,full,0,28,static,0,48,816,2.138147,0.414863,35702,263,269312,195.80996510912468
0,full,0,28,temporal,1,48,816,2.781464,0.5349839999999999,35702,28,28672,195.80996510912468
0,full,0,29,temporal,0,512,1280,2.205943,0.36669399999999996,35702,28,28672,34.06952676770391
0,full,0,29,static,1,512,1280,2.4076560000000002,0.731882,35702,264,270336,34.06952676770391
0,full,0,30,static,0,394,1162,2.164081,0.36283799999999994,35702,264,270336,178.66928248152112
0,full,0,30,temporal,1,394,1162,2.4242920000000003,0.5250080000000001,35702,28,28672,178.66928248152112
0,full,0,31,temporal,0,4,772,2.028234,0.362327,35702,28,28672,123.17108841893915
0,full,0,31,static,1,4,772,2.226225,0.41958399999999996,35702,266,272384,123.17108841893915
0,full,0,32,static,0,698,1466,2.2426019999999998,0.36434099999999997,35702,264,270336,14.33856886440937
0,full,0,32,temporal,1,698,1466,2.008228,0.35776600000000003,35702,28,28672,14.33856886440937
0,full,0,33,temporal,0,1206,1974,2.275011,0.38090399999999996,35702,28,28672,138.7586014750798
0,full,0,33,static,1,1206,1974,2.344245,0.644455,35702,266,272384,138.7586014750798
0,full,0,34,static,0,713,1481,2.5087439999999996,0.5781459999999999,35702,264,270336,79.90134622067721
0,full,0,34,temporal,1,713,1481,2.146052,0.36171000000000003,35702,28,28672,79.90134622067721
0,full,0,35,temporal,0,1131,1899,2.2211000000000003,0.517946,35702,28,28672,222.4772167646171
0,full,0,35,static,1,1131,1899,2.163474,0.46268,35702,266,272384,222.4772167646171
0,full,0,36,static,0,1056,1824,2.4753459999999996,0.382119,35702,266,272384,-70.08850019364465
0,full,0,36,temporal,1,1056,1824,3.1403820000000002,0.9069189999999997,35702,28,28672,-70.08850019364465
0,full,0,37,temporal,0,559,1327,2.6238949999999996,0.558898,35702,28,28672,-133.13724617456643
0,full,0,37,static,1,559,1327,2.2392440000000002,0.361146,35702,264,270336,-133.13724617456643
0,full,0,38,static,0,898,1666,2.088374,0.357476,35702,266,272384,-39.834798714834534
0,full,0,38,temporal,1,898,1666,2.930104,0.5516609999999998,35702,28,28672,-39.834798714834534
0,full,0,39,temporal,0,493,1261,2.624042,0.4651389999999999,35702,28,28672,89.61987157301787
0,full,0,39,static,1,493,1261,2.357085,0.38945599999999997,35702,265,271360,89.61987157301787
0,full,0,40,static,0,1078,1846,2.2933939999999997,0.461517,35702,264,270336,28.67386967721174
0,full,0,40,temporal,1,1078,1846,4.084404,0.361561,35702,28,28672,28.67386967721174
0,full,0,41,temporal,0,52,820,3.8929799999999997,0.4203569999999999,35702,28,28672,199.25904674345787
0,full,0,41,static,1,52,820,2.250963,0.359338,35702,263,269312,199.25904674345787
0,full,0,42,static,0,173,941,2.2662,0.48666,35702,266,272384,-101.93271596363299
0,full,0,42,temporal,1,173,941,1.889445,0.340959,35702,28,28672,-101.93271596363299
0,full,0,43,temporal,0,814,1582,2.898003,0.413307,35702,28,28672,174.96417984494377
0,full,0,43,static,1,814,1582,3.049862,1.233197,35702,266,272384,174.96417984494377
0,full,0,44,static,0,435,1203,2.155974,0.3586339999999999,35702,264,270336,181.4449673814679
0,full,0,44,temporal,1,435,1203,2.048448,0.41257499999999997,35702,28,28672,181.4449673814679
0,full,0,45,temporal,0,1153,1921,2.3769400000000003,0.559212,35702,28,28672,244.08739719781872
0,full,0,45,static,1,1153,1921,2.0102689999999996,0.355269,35702,263,269312,244.08739719781872
0,full,0,46,static,0,903,1671,2.047643,0.36119799999999996,35702,266,272384,-53.356039055480316
0,full,0,46,temporal,1,903,1671,2.289119,0.552796,35702,28,28672,-53.356039055480316
0,full,0,47,temporal,0,238,1006,3.0999589999999997,0.5318919999999999,35702,28,28672,-247.08829200577625
0,full,0,47,static,1,238,1006,2.7471069999999997,1.090488,35702,265,271360,-247.08829200577625
0,full,0,48,static,0,510,1278,2.2793370000000004,0.549899,35702,264,270336,40.45785749438776
0,full,0,48,temporal,1,510,1278,2.4368630000000002,0.6106710000000001,35702,28,28672,40.45785749438776
0,full,0,49,temporal,0,74,842,2.3651280000000003,0.365675,35702,28,28672,204.13039866695442
0,full,0,49,static,1,74,842,2.436137,0.5269429999999999,35702,264,270336,204.13039866695442
0,full,0,50,static,0,23,791,2.522974,0.37448400000000004,35702,266,272384,160.89841954372153
0,full,0,50,temporal,1,23,791,2.234179,0.382641,35702,28,28672,160.89841954372153
0,full,0,51,temporal,0,337,1105,2.184687,0.4323140000000001,35702,28,28672,59.697882190795006
0,full,0,51,static,1,337,1105,3.0348129999999998,1.061384,35702,265,271360,59.697882190795006
0,full,0,52,static,0,1,769,2.379657,0.5130900000000002,35702,265,271360,116.57760762526533
0,full,0,52,temporal,1,1,769,2.27091,0.368915,35702,28,28672,116.57760762526533
0,full,0,53,temporal,0,517,1285,2.705234,0.9522899999999999,35702,28,28672,17.61264268276998
0,full,0,53,static,1,517,1285,4.23305,0.3733000000000001,35702,264,270336,17.61264268276998
0,full,0,54,static,0,407,1175,2.064818,0.365116,35702,266,272384,185.98877202256548
0,full,0,54,temporal,1,407,1175,3.150879,0.37224999999999997,35702,28,28672,185.98877202256548
0,full,0,55,temporal,0,866,1634,6.873883,1.6741120000000005,35702,28,28672,47.15174156073452
0,full,0,55,static,1,866,1634,3.6697230000000003,0.35592299999999993,35702,264,270336,47.15174156073452
0,full,0,56,static,0,877,1645,2.4515930000000004,0.52876,35702,264,270336,17.304144164302727
0,full,0,56,temporal,1,877,1645,2.324176,0.530854,35702,28,28672,17.304144164302727
0,full,0,57,temporal,0,1199,1967,2.045332,0.362721,35702,28,28672,161.86192194466838
0,full,0,57,static,1,1199,1967,2.285691,0.348127,35702,264,270336,161.86192194466838
0,full,0,58,static,0,889,1657,2.358456,0.422457,35702,266,272384,-15.377266773144266
0,full,0,58,temporal,1,889,1657,2.3200909999999997,0.370459,35702,28,28672,-15.377266773144266
0,full,0,59,temporal,0,362,1130,2.6256019999999998,0.422151,35702,28,28672,130.11064063420324
0,full,0,59,static,1,362,1130,2.339865,0.49965200000000004,35702,264,270336,130.11064063420324
0,full,0,60,static,0,388,1156,2.065242,0.36784100000000003,35702,264,270336,173.01738943857728
0,full,0,60,temporal,1,388,1156,2.1949330000000002,0.423709,35702,28,28672,173.01738943857728
0,full,0,61,temporal,0,92,860,2.129339,0.34876199999999996,35702,28,28672,187.00309934378427
0,full,0,61,static,1,92,860,2.122703,0.487121,35702,266,272384,187.00309934378427
0,full,0,62,static,0,365,1133,2.201115,0.36588400000000004,35702,264,270336,136.65597964423802
0,full,0,62,temporal,1,365,1133,2.385132,0.41549600000000003,35702,28,28672,136.65597964423802
0,full,0,63,temporal,0,372,1140,2.9352940000000003,0.4932970000000001,35702,28,28672,150.2868273047182
0,full,0,63,static,1,372,1140,2.000355,0.34808,35702,263,269312,150.2868273047182
0,full,0,64,static,0,796,1564,2.302414,0.5034850000000001,35702,265,271360,203.9131611215396
0,full,0,64,temporal,1,796,1564,2.07128,0.361668,35702,28,28672,203.9131611215396
0,full,0,65,temporal,0,775,1543,2.082056,0.403249,35702,28,28672,216.94688901395486
0,full,0,65,static,1,775,1543,2.354503,0.6002419999999999,35702,263,269312,216.94688901395486
0,full,0,66,static,0,1121,1889,2.02597,0.358441,35702,266,272384,198.79177445253742
0,full,0,66,temporal,1,1121,1889,2.4276609999999996,0.384588,35702,28,28672,198.79177445253742
0,full,0,67,temporal,0,244,1012,2.2341040000000003,0.493742,35702,28,28672,-242.5235168546493
0,full,0,67,static,1,244,1012,2.440392,0.369188,35702,266,272384,-242.5235168546493
0,full,0,68,static,0,603,1371,2.2780460000000002,0.364603,35702,264,270336,-239.14193162775652
0,full,0,68,temporal,1,603,1371,2.907934,0.4077220000000001,35702,28,28672,-239.14193162775652
0,full,0,69,temporal,0,1037,1805,2.3222300000000002,0.48472000000000004,35702,28,28672,-141.82824968575744
0,full,0,69,static,1,1037,1805,2.022491,0.355709,35702,265,271360,-141.82824968575744
0,full,0,70,static,0,776,1544,2.276741,0.419959,35702,262,268288,216.9441252978419
0,full,0,70,temporal,1,776,1544,2.3634239999999997,0.50385,35702,28,28672,216.9441252978419
0,full,0,71,temporal,0,376,1144,3.9603779999999995,1.5273160000000001,35702,28,28672,157.0522956021241
0,full,0,71,static,1,376,1144,2.269866,0.37107400000000007,35702,263,269312,157.0522956021241
0,full,0,72,static,0,203,971,1.9980050000000003,0.35256800000000005,35702,264,270336,-208.55629601807433
0,full,0,72,temporal,1,203,971,2.395361,0.373363,35702,28,28672,-208.55629601807433
0,full,0,73,temporal,0,334,1102,3.440715,1.0929429999999998,35702,28,28672,49.50956730027103
0,full,0,73,static,1,334,1102,2.0688120000000003,0.42173900000000003,35702,265,271360,49.50956730027103
0,full,0,74,static,0,284,1052,2.053277,0.41752100000000003,35702,264,270336,-142.3548132139245
0,full,0,74,temporal,1,284,1052,2.230037,0.36938699999999997,35702,28,28672,-142.3548132139245
0,full,0,75,temporal,0,329,1097,2.027155,0.40988,35702,28,28672,31.84170900676348
0,full,0,75,static,1,329,1097,2.136226,0.365852,35702,266,272384,31.84170900676348
0,full,0,76,static,0,875,1643,2.396413,0.41226799999999997,35702,264,270336,22.744817101359143
0,full,0,76,temporal,1,875,1643,2.037195,0.362207,35702,28,28672,22.744817101359143
0,full,0,77,temporal,0,524,1292,2.558621,0.4176930000000001,35702,28,28672,-6.455350305757601
0,full,0,77,static,1,524,1292,2.4504319999999997,0.526203,35702,264,270336,-6.455350305757601
0,full,0,78,static,0,1038,1806,2.2936900000000002,0.36152300000000004,35702,264,270336,-138.54400842191143
0,full,0,78,temporal,1,1038,1806,2.029429,0.364825,35702,28,28672,-138.54400842191143
0,full,0,79,temporal,0,729,1497,2.080592,0.41437999999999997,35702,28,28672,139.66125854483164
0,full,0,79,static,1,729,1497,1.994029,0.3542359999999999,35702,266,272384,139.66125854483164
0,full,0,80,static,0,827,1595,2.1972150000000004,0.33983699999999994,35702,264,270336,147.13250685287332
0,full,0,80,temporal,1,827,1595,2.113143,0.36184,35702,28,28672,147.13250685287332
0,full,0,81,temporal,0,15,783,1.9001569999999999,0.392748,35702,28,28672,145.9377130855222
0,full,0,81,static,1,15,783,2.677622,0.376793,35702,266,272384,145.9377130855222
0,full,0,82,static,0,81,849,2.471535,0.6177710000000001,35702,266,272384,199.92045136799956
0,full,0,82,temporal,1,81,849,2.186937,0.409943,35702,28,28672,199.92045136799956
0,full,0,83,temporal,0,1206,1974,2.45704,0.44853799999999994,35702,28,28672,138.7586014750798
0,full,0,83,static,1,1206,1974,2.699706,0.368656,35702,266,272384,138.7586014750798
0,full,0,84,static,0,94,862,1.959516,0.352868,35702,266,272384,183.80180926144706
0,full,0,84,temporal,1,94,862,2.270541,0.3686660000000001,35702,28,28672,183.80180926144706
0,full,0,85,temporal,0,907,1675,2.194902,0.43395000000000006,35702,28,28672,-64.11702375452158
0,full,0,85,static,1,907,1675,2.117601,0.41223199999999993,35702,265,271360,-64.11702375452158
0,full,0,86,static,0,688,1456,2.4868170000000003,0.38250699999999993,35702,263,269312,-31.619896031619266
0,full,0,86,temporal,1,688,1456,2.31484,0.362133,35702,28,28672,-31.619896031619266
0,full,0,87,temporal,0,665,1433,2.207569,0.4307230000000001,35702,28,28672,-132.47046471741868
0,full,0,87,static,1,665,1433,2.0238169999999998,0.40669400000000006,35702,265,271360,-132.47046471741868
0,full,0,88,static,0,430,1198,2.251611,0.5130399999999999,35702,264,270336,184.14367650354794
0,full,0,88,temporal,1,430,1198,2.0343,0.414348,35702,28,28672,184.14367650354794
0,full,0,89,temporal,0,808,1576,2.120668,0.35849200000000003,35702,28,28672,186.06425994057113
0,full,0,89,static,1,808,1576,2.3580229999999998,0.5381560000000001,35702,266,272384,186.06425994057113
0,full,0,90,static,0,1137,1905,2.299919,0.35454600000000003,35702,266,272384,232.6508948075365
0,full,0,90,temporal,1,1137,1905,2.21798,0.416075,35702,28,28672,232.6508948075365
0,full,0,91,temporal,0,1066,1834,2.205472,0.436804,35702,28,28672,-26.31087228257942
0,full,0,91,static,1,1066,1834,2.425917,0.36914500000000006,35702,264,270336,-26.31087228257942
0,full,0,92,static,0,1132,1900,1.9906899999999998,0.37837800000000005,35702,266,272384,224.3896490125356
0,full,0,92,temporal,1,1132,1900,2.097073,0.41671600000000003,35702,28,28672,224.3896490125356
0,full,0,93,temporal,0,928,1696,1.978412,0.400236,35702,28,28672,-118.96823822950707
0,full,0,93,static,1,928,1696,2.2486490000000003,0.367726,35702,263,269312,-118.96823822950707
0,full,0,94,static,0,335,1103,2.148435,0.481529,35702,266,272384,52.941718786518074
0,full,0,94,temporal,1,335,1103,2.014412,0.361307,35702,28,28672,52.941718786518074
0,full,0,95,temporal,0,733,1501,2.149644,0.43134000000000006,35702,28,28672,152.32079643042886
0,full,0,95,static,1,733,1501,2.2081359999999997,0.41797999999999996,35702,266,272384,152.32079643042886
0,full,0,96,static,0,600,1368,2.0747920000000004,0.40822500000000006,35702,264,270336,-235.99056056161126
0,full,0,96,temporal,1,600,1368,2.586271,0.363631,35702,28,28672,-235.99056056161126
0,full,0,97,temporal,0,883,1651,2.204591,0.38335900000000006,35702,28,28672,0.9652392614501409
0,full,0,97,static,1,883,1651,2.161155,0.5042009999999999,35702,266,272384,0.9652392614501409
0,full,0,98,static,0,139,907,2.6748369999999997,0.3715090000000001,35702,264,270336,47.02846808501505
0,full,0,98,temporal,1,139,907,3.161069,0.7508159999999999,35702,28,28672,47.02846808501505
0,full,0,99,temporal,0,1108,1876,3.7776530000000004,0.6104619999999998,35702,28,28672,156.8233929533297
0,full,0,99,static,1,1108,1876,2.575958,0.5882139999999999,35702,264,270336,156.8233929533297
0,full,0,100,static,0,1133,1901,2.627012,0.371378,35702,266,272384,226.21612431199785
0,full,0,100,temporal,1,1133,1901,2.6275679999999997,0.563995,35702,28,28672,226.21612431199785
0,full,0,101,temporal,0,458,1226,2.33467,0.5014149999999998,35702,28,28672,158.7432440461518
0,full,0,101,static,1,458,1226,2.4188009999999998,0.4259069999999999,35702,264,270336,158.7432440461518
0,full,0,102,static,0,572,1340,2.142233,0.428359,35702,265,271360,-175.35839861456472
0,full,0,102,temporal,1,572,1340,2.238686,0.48563399999999984,35702,28,28672,-175.35839861456472
0,full,0,103,temporal,0,1098,1866,3.4550050000000003,0.5571710000000001,35702,28,28672,117.63990080373254
0,full,0,103,static,1,1098,1866,3.130166,0.36952199999999996,35702,264,270336,117.63990080373254
0,full,0,104,static,0,318,1086,2.376207,0.365027,35702,265,271360,-9.514064883296998
0,full,0,104,temporal,1,318,1086,2.590354,0.44382900000000003,35702,28,28672,-9.514064883296998
0,full,0,105,temporal,0,176,944,2.2351850000000004,0.5077659999999999,35702,28,28672,-114.55722463555
0,full,0,105,static,1,176,944,2.479223,0.38801,35702,266,272384,-114.55722463555
0,full,0,106,static,0,354,1122,2.321351,0.40997600000000006,35702,264,270336,110.60073492243093
0,full,0,106,temporal,1,354,1122,2.242093,0.36429300000000003,35702,28,28672,110.60073492243093
0,full,0,107,temporal,0,75,843,2.0525819999999997,0.3712329999999999,35702,28,28672,203.7129719032544
0,full,0,107,static,1,75,843,2.135027,0.4891790000000001,35702,264,270336,203.7129719032544
0,full,0,108,static,0,1232,2000,3.433573,0.9212000000000001,35702,264,270336,44.79036278996181
0,full,0,108,temporal,1,1232,2000,2.291543,0.4003660000000001,35702,28,28672,44.79036278996181
0,full,0,109,temporal,0,928,1696,2.5835820000000003,0.575836,35702,28,28672,-118.96823822950707
0,full,0,109,static,1,928,1696,2.2181319999999998,0.36027899999999996,35702,263,269312,-118.96823822950707
0,full,0,110,static,0,700,1468,2.1065229999999997,0.364261,35702,263,269312,23.410297690212328
0,full,0,110,temporal,1,700,1468,2.071966,0.364054,35702,28,28672,23.410297690212328
0,full,0,111,temporal,0,173,941,2.433596,0.4755740000000001,35702,28,28672,-101.93271596363299
0,full,0,111,static,1,173,941,2.043601,0.41788300000000006,35702,266,272384,-101.93271596363299
0,full,0,112,static,0,1003,1771,4.43961,2.4182520000000003,35702,264,270336,-212.24225208712133
0,full,0,112,temporal,1,1003,1771,2.132403,0.3611900000000001,35702,28,28672,-212.24225208712133
0,full,0,113,temporal,0,1073,1841,2.3639989999999997,0.35763200000000006,35702,27,27648,5.624089236292837
0,full,0,113,static,1,1073,1841,2.3162640000000003,0.5635640000000001,35702,263,269312,5.624089236292837
0,full,0,114,static,0,599,1367,2.0372630000000003,0.359186,35702,264,270336,-234.77699292104555
0,full,0,114,temporal,1,599,1367,2.102882,0.361775,35702,28,28672,-234.77699292104555
0,full,0,115,temporal,0,1253,2021,2.02591,0.3527050000000001,35702,28,28672,-28.61207407041202
0,full,0,115,static,1,1253,2021,2.0094700000000003,0.353733,35702,262,268288,-28.61207407041202
0,full,0,116,static,0,232,1000,2.555485,0.36456700000000003,35702,264,270336,-248.3850886284491
0,full,0,116,temporal,1,232,1000,2.311614,0.368137,35702,28,28672,-248.3850886284491
0,full,0,117,temporal,0,1126,1894,2.257308,0.359464,35702,28,28672,211.6502687099376
0,full,0,117,static,1,1126,1894,2.5084769999999996,0.36880999999999997,35702,267,273408,211.6502687099376
0,full,0,118,static,0,942,1710,2.420726,0.368169,35702,264,270336,-152.4822633548373
0,full,0,118,temporal,1,942,1710,2.152767,0.36817200000000005,35702,28,28672,-152.4822633548373
0,full,0,119,temporal,0,224,992,2.419376,0.37045200000000006,35702,28,28672,-244.93781589209146
0,full,0,119,static,1,224,992,2.260694,0.402013,35702,265,271360,-244.93781589209146
0,full,1,0,temporal,0,932,1700,2.046225,0.41006000000000004,35702,28,28672,-128.89151964409507
0,full,1,0,static,1,932,1700,2.4259199999999996,0.40934799999999993,35702,263,269312,-128.89151964409507
0,full,1,1,static,0,986,1754,2.41656,0.386305,35702,265,271360,-216.1825482251916
0,full,1,1,temporal,1,986,1754,2.192567,0.357602,35702,28,28672,-216.1825482251916
0,full,1,2,temporal,0,1024,1792,2.1174929999999996,0.351257,35702,28,28672,-178.54661235659518
0,full,1,2,static,1,1024,1792,2.3711119999999997,0.6874689999999999,35702,265,271360,-178.54661235659518
0,full,1,3,static,0,540,1308,2.040139,0.40968599999999994,35702,264,270336,-64.42694054820156
0,full,1,3,temporal,1,540,1308,2.221412,0.418308,35702,28,28672,-64.42694054820156
0,full,1,4,temporal,0,9,777,2.323505,0.366272,35702,28,28672,133.8070028710431
0,full,1,4,static,1,9,777,2.468062,0.524917,35702,266,272384,133.8070028710431
0,full,1,5,static,0,933,1701,2.457665,0.5707110000000001,35702,262,268288,-131.33407469793312
0,full,1,5,temporal,1,933,1701,2.2934880000000004,0.372438,35702,28,28672,-131.33407469793312
0,full,1,6,temporal,0,166,934,2.169962,0.37592300000000006,35702,27,27648,-71.55373290697945
0,full,1,6,static,1,166,934,2.85403,0.4962769999999999,35702,266,272384,-71.55373290697945
0,full,1,7,static,0,669,1437,2.455979,0.43663,35702,265,271360,-116.13079642960459
0,full,1,7,temporal,1,669,1437,2.045912,0.411165,35702,28,28672,-116.13079642960459
0,full,1,8,temporal,0,1003,1771,2.231199,0.369345,35702,28,28672,-212.24225208712133
0,full,1,8,static,1,1003,1771,2.16678,0.4114499999999999,35702,264,270336,-212.24225208712133
0,full,1,9,static,0,615,1383,2.288748,0.3754450000000001,35702,263,269312,-244.06798176021286
0,full,1,9,temporal,1,615,1383,2.2023770000000003,0.362564,35702,28,28672,-244.06798176021286
0,full,1,10,temporal,0,258,1026,2.464855,0.6590960000000002,35702,28,28672,-219.92116318415518
0,full,1,10,static,1,258,1026,2.2403150000000003,0.5298050000000001,35702,266,272384,-219.92116318415518
0,full,1,11,static,0,21,789,2.226111,0.366117,35702,266,272384,157.2991755462777
0,full,1,11,temporal,1,21,789,2.2187840000000003,0.44779,35702,28,28672,157.2991755462777
0,full,1,12,temporal,0,1026,1794,2.150702,0.411357,35702,28,28672,-173.65307259578958
0,full,1,12,static,1,1026,1794,2.2791460000000003,0.370841,35702,264,270336,-173.65307259578958
0,full,1,13,static,0,18,786,2.166806,0.41622800000000004,35702,265,271360,151.72050262562246
0,full,1,13,temporal,1,18,786,2.035971,0.364292,35702,28,28672,151.72050262562246
0,full,1,14,temporal,0,1016,1784,2.1227329999999998,0.356077,35702,28,28672,-195.22530412854437
0,full,1,14,static,1,1016,1784,2.5462420000000003,0.544803,35702,263,269312,-195.22530412854437
0,full,1,15,static,0,1206,1974,2.235331,0.357581,35702,266,272384,138.7586014750798
0,full,1,15,temporal,1,1206,1974,2.329579,0.37056700000000004,35702,28,28672,138.7586014750798
0,full,1,16,temporal,0,524,1292,2.407859,0.43090700000000004,35702,28,28672,-6.455350305757601
0,full,1,16,static,1,524,1292,2.160219,0.365391,35702,264,270336,-6.455350305757601
0,full,1,17,static,0,153,921,2.3074139999999996,0.408752,35702,264,270336,-13.612228886100716
0,full,1,17,temporal,1,153,921,2.946523,0.5576789999999999,35702,28,28672,-13.612228886100716
0,full,1,18,temporal,0,231,999,2.064893,0.368647,35702,28,28672,-248.278504676328
0,full,1,18,static,1,231,999,2.034471,0.36503300000000005,35702,264,270336,-248.278504676328
0,full,1,19,static,0,285,1053,2.349086,0.4932500000000001,35702,264,270336,-138.71161618630668
0,full,1,19,temporal,1,285,1053,2.646836,0.491325,35702,28,28672,-138.71161618630668
0,full,1,20,temporal,0,1180,1948,2.395374,0.6069979999999999,35702,28,28672,213.41343865723985
0,full,1,20,static,1,1180,1948,2.135246,0.35701,35702,264,270336,213.41343865723985
0,full,1,21,static,0,421,1189,2.190116,0.3689,35702,265,271360,186.97757391504013
0,full,1,21,temporal,1,421,1189,2.132237,0.40419099999999997,35702,28,28672,186.97757391504013
0,full,1,22,temporal,0,561,1329,2.159088,0.4366,35702,27,27648,-140.00305668870342
0,full,1,22,static,1,561,1329,2.3718179999999998,0.36902399999999996,35702,265,271360,-140.00305668870342
0,full,1,23,static,0,430,1198,2.136645,0.411924,35702,264,270336,184.14367650354794
0,full,1,23,temporal,1,430,1198,2.637141,0.5030569999999999,35702,28,28672,184.14367650354794
0,full,1,24,temporal,0,489,1257,2.653908,0.41834600000000005,35702,28,28672,99.74243982689951
0,full,1,24,static,1,489,1257,2.225931,0.362525,35702,266,272384,99.74243982689951
0,full,1,25,static,0,360,1128,2.125841,0.41461899999999996,35702,265,271360,125.51251331258617
0,full,1,25,temporal,1,360,1128,2.176772,0.4310380000000001,35702,28,28672,125.51251331258617
0,full,1,26,temporal,0,719,1487,2.0458790000000002,0.420461,35702,28,28672,103.8538242223047
0,full,1,26,static,1,719,1487,2.224243,0.363925,35702,265,271360,103.8538242223047
0,full,1,27,static,0,1190,1958,2.155659,0.36363300000000004,35702,263,269312,188.67147484602395
0,full,1,27,temporal,1,1190,1958,2.030895,0.35701,35702,27,27648,188.67147484602395
0,full,1,28,temporal,0,48,816,2.3977220000000004,0.37589,35702,28,28672,195.80996510912468
0,full,1,28,static,1,48,816,3.3046949999999997,0.36519499999999994,35702,263,269312,195.80996510912468
0,full,1,29,static,0,512,1280,2.217593,0.5001129999999999,35702,264,270336,34.06952676770391
0,full,1,29,temporal,1,512,1280,2.0724150000000003,0.366724,35702,28,28672,34.06952676770391
0,full,1,30,temporal,0,394,1162,2.254818,0.369979,35702,28,28672,178.66928248152112
0,full,1,30,static,1,394,1162,3.0317849999999997,0.5753550000000001,35702,264,270336,178.66928248152112
0,full,1,31,static,0,4,772,2.355086,0.42420500000000005,35702,266,272384,123.17108841893915
0,full,1,31,temporal,1,4,772,2.092998,0.4052879999999999,35702,28,28672,123.17108841893915
0,full,1,32,temporal,0,698,1466,2.15886,0.4417430000000001,35702,28,28672,14.33856886440937
0,full,1,32,static,1,698,1466,2.411499,0.6738550000000001,35702,264,270336,14.33856886440937
0,full,1,33,static,0,1206,1974,2.2016929999999997,0.408684,35702,266,272384,138.7586014750798
0,full,1,33,temporal,1,1206,1974,3.01344,1.1485299999999998,35702,28,28672,138.7586014750798
0,full,1,34,temporal,0,713,1481,2.4242920000000003,0.42644199999999993,35702,28,28672,79.90134622067721
0,full,1,34,static,1,713,1481,2.173098,0.427433,35702,264,270336,79.90134622067721
0,full,1,35,static,0,1131,1899,2.535718,0.5754049999999999,35702,266,272384,222.4772167646171
0,full,1,35,temporal,1,1131,1899,2.287823,0.4933769999999999,35702,28,28672,222.4772167646171
0,full,1,36,temporal,0,1056,1824,2.026636,0.362702,35702,28,28672,-70.08850019364465
0,full,1,36,static,1,1056,1824,2.123713,0.36108000000000007,35702,266,272384,-70.08850019364465
0,full,1,37,static,0,559,1327,2.159196,0.414032,35702,264,270336,-133.13724617456643
0,full,1,37,temporal,1,559,1327,2.3529459999999998,0.650869,35702,28,28672,-133.13724617456643
0,full,1,38,temporal,0,898,1666,2.796071,0.37755000000000005,35702,28,28672,-39.834798714834534
0,full,1,38,static,1,898,1666,2.322326,0.362358,35702,266,272384,-39.834798714834534
0,full,1,39,static,0,493,1261,2.060856,0.36607399999999995,35702,265,271360,89.61987157301787
0,full,1,39,temporal,1,493,1261,2.038374,0.41556899999999997,35702,28,28672,89.61987157301787
0,full,1,40,temporal,0,1078,1846,2.1799079999999997,0.441014,35702,28,28672,28.67386967721174
0,full,1,40,static,1,1078,1846,2.0717000000000003,0.406739,35702,264,270336,28.67386967721174
0,full,1,41,static,0,52,820,2.3575839999999997,0.367535,35702,263,269312,199.25904674345787
0,full,1,41,temporal,1,52,820,2.418359,0.4221,35702,28,28672,199.25904674345787
0,full,1,42,temporal,0,173,941,2.0573420000000002,0.4195539999999999,35702,28,28672,-101.93271596363299
0,full,1,42,static,1,173,941,2.057424,0.415782,35702,266,272384,-101.93271596363299
0,full,1,43,static,0,814,1582,3.0220960000000003,1.1066729999999998,35702,266,272384,174.96417984494377
0,full,1,43,temporal,1,814,1582,2.369284,0.37538799999999994,35702,28,28672,174.96417984494377
0,full,1,44,temporal,0,435,1203,2.469851,0.5363060000000001,35702,28,28672,181.4449673814679
0,full,1,44,static,1,435,1203,2.2498050000000003,0.3656749999999999,35702,264,270336,181.4449673814679
0,full,1,45,static,0,1153,1921,2.23216,0.433307,35702,263,269312,244.08739719781872
0,full,1,45,temporal,1,1153,1921,2.122162,0.4582130000000001,35702,28,28672,244.08739719781872
0,full,1,46,temporal,0,903,1671,2.2717430000000003,0.36460099999999995,35702,28,28672,-53.356039055480316
0,full,1,46,static,1,903,1671,2.668381,0.6452349999999999,35702,266,272384,-53.356039055480316
0,full,1,47,static,0,238,1006,2.040457,0.367992,35702,265,271360,-247.08829200577625
0,full,1,47,temporal,1,238,1006,2.264345,0.37250700000000003,35702,28,28672,-247.08829200577625
0,full,1,48,temporal,0,510,1278,2.1509150000000004,0.42319699999999993,35702,28,28672,40.45785749438776
0,full,1,48,static,1,510,1278,2.179882,0.42442500000000005,35702,264,270336,40.45785749438776
0,full,1,49,static,0,74,842,2.237559,0.37814100000000006,35702,264,270336,204.13039866695442
0,full,1,49,temporal,1,74,842,2.275192,0.44878699999999994,35702,28,28672,204.13039866695442
0,full,1,50,temporal,0,23,791,2.2421059999999997,0.369291,35702,28,28672,160.89841954372153
0,full,1,50,static,1,23,791,2.264093,0.469802,35702,266,272384,160.89841954372153
0,full,1,51,static,0,337,1105,3.497234,0.5618879999999999,35702,265,271360,59.697882190795006
0,full,1,51,temporal,1,337,1105,2.362607,0.48988099999999996,35702,28,28672,59.697882190795006
0,full,1,52,temporal,0,1,769,2.0636449999999997,0.366642,35702,28,28672,116.57760762526533
0,full,1,52,static,1,1,769,2.541001,0.480995,35702,265,271360,116.57760762526533
0,full,1,53,static,0,517,1285,2.485112,0.568115,35702,264,270336,17.61264268276998
0,full,1,53,temporal,1,517,1285,2.338467,0.36890700000000004,35702,28,28672,17.61264268276998
0,full,1,54,temporal,0,407,1175,2.188014,0.4483229999999999,35702,28,28672,185.98877202256548
0,full,1,54,static,1,407,1175,2.2888840000000004,0.4294860000000001,35702,266,272384,185.98877202256548
0,full,1,55,static,0,866,1634,2.128637,0.35787699999999995,35702,264,270336,47.15174156073452
0,full,1,55,temporal,1,866,1634,2.387313,0.41137100000000004,35702,28,28672,47.15174156073452
0,full,1,56,temporal,0,877,1645,2.2440569999999997,0.4283300000000001,35702,28,28672,17.304144164302727
0,full,1,56,static,1,877,1645,2.177595,0.36355699999999996,35702,264,270336,17.304144164302727
0,full,1,57,static,0,1199,1967,2.042226,0.407925,35702,264,270336,161.86192194466838
0,full,1,57,temporal,1,1199,1967,2.301576,0.360784,35702,28,28672,161.86192194466838
0,full,1,58,temporal,0,889,1657,2.056829,0.416306,35702,28,28672,-15.377266773144266
0,full,1,58,static,1,889,1657,2.193331,0.36397500000000005,35702,266,272384,-15.377266773144266
0,full,1,59,static,0,362,1130,2.1783829999999997,0.4498200000000001,35702,264,270336,130.11064063420324
0,full,1,59,temporal,1,362,1130,2.302069,0.518639,35702,28,28672,130.11064063420324
0,full,1,60,temporal,0,388,1156,2.118092,0.41366700000000006,35702,28,28672,173.01738943857728
0,full,1,60,static,1,388,1156,2.193629,0.4841980000000001,35702,264,270336,173.01738943857728
0,full,1,61,static,0,92,860,2.066281,0.364877,35702,266,272384,187.00309934378427
0,full,1,61,temporal,1,92,860,2.6434349999999998,0.5604159999999999,35702,28,28672,187.00309934378427
0,full,1,62,temporal,0,365,1133,2.285428,0.527779,35702,28,28672,136.65597964423802
0,full,1,62,static,1,365,1133,2.092376,0.426242,35702,264,270336,136.65597964423802
0,full,1,63,static,0,372,1140,2.178859,0.3636290000000001,35702,263,269312,150.2868273047182
0,full,1,63,temporal,1,372,1140,2.1831009999999997,0.49914300000000006,35702,28,28672,150.2868273047182
0,full,1,64,temporal,0,796,1564,2.051824,0.36344099999999996,35702,28,28672,203.9131611215396
0,full,1,64,static,1,796,1564,2.1400609999999998,0.405654,35702,265,271360,203.9131611215396
0,full,1,65,static,0,775,1543,2.3603579999999997,0.5347139999999999,35702,263,269312,216.94688901395486
0,full,1,65,temporal,1,775,1543,2.176702,0.362788,35702,28,28672,216.94688901395486
0,full,1,66,temporal,0,1121,1889,2.2529,0.417031,35702,28,28672,198.79177445253742
0,full,1,66,static,1,1121,1889,2.042128,0.35750299999999996,35702,266,272384,198.79177445253742
0,full,1,67,static,0,244,1012,2.165375,0.42818900000000004,35702,266,272384,-242.5235168546493
0,full,1,67,temporal,1,244,1012,2.328459,0.372101,35702,28,28672,-242.5235168546493
0,full,1,68,temporal,0,603,1371,2.037656,0.360406,35702,28,28672,-239.14193162775652
0,full,1,68,static,1,603,1371,2.0567659999999997,0.36309,35702,264,270336,-239.14193162775652
0,full,1,69,static,0,1037,1805,2.193909,0.43911999999999995,35702,265,271360,-141.82824968575744
0,full,1,69,temporal,1,1037,1805,2.7869409999999997,0.428028,35702,28,28672,-141.82824968575744
0,full,1,70,temporal,0,776,1544,3.070392,0.373096,35702,28,28672,216.9441252978419
0,full,1,70,static,1,776,1544,2.1346160000000003,0.36809200000000003,35702,262,268288,216.9441252978419
0,full,1,71,static,0,376,1144,2.212613,0.48306200000000005,35702,263,269312,157.0522956021241
0,full,1,71,temporal,1,376,1144,2.141059,0.362067,35702,28,28672,157.0522956021241
0,full,1,72,temporal,0,203,971,2.427325,0.367449,35702,28,28672,-208.55629601807433
0,full,1,72,static,1,203,971,2.38684,0.595049,35702,264,270336,-208.55629601807433
0,full,1,73,static,0,334,1102,2.046693,0.414758,35702,265,271360,49.50956730027103
0,full,1,73,temporal,1,334,1102,2.142477,0.368469,35702,28,28672,49.50956730027103
0,full,1,74,temporal,0,284,1052,2.3342240000000003,0.444377,35702,28,28672,-142.3548132139245
0,full,1,74,static,1,284,1052,2.478351,0.42660300000000007,35702,264,270336,-142.3548132139245
0,full,1,75,static,0,329,1097,2.312639,0.3667259999999999,35702,266,272384,31.84170900676348
0,full,1,75,temporal,1,329,1097,2.306178,0.41660499999999995,35702,28,28672,31.84170900676348
0,full,1,76,temporal,0,875,1643,2.194262,0.46082,35702,28,28672,22.744817101359143
0,full,1,76,static,1,875,1643,2.016303,0.363924,35702,264,270336,22.744817101359143
0,full,1,77,static,0,524,1292,2.384834,0.39898300000000003,35702,264,270336,-6.455350305757601
0,full,1,77,temporal,1,524,1292,2.274885,0.41808300000000004,35702,28,28672,-6.455350305757601
0,full,1,78,temporal,0,1038,1806,2.033738,0.4076309999999999,35702,28,28672,-138.54400842191143
0,full,1,78,static,1,1038,1806,2.669182,0.36660999999999994,35702,264,270336,-138.54400842191143
0,full,1,79,static,0,729,1497,2.1597999999999997,0.4237330000000001,35702,266,272384,139.66125854483164
0,full,1,79,temporal,1,729,1497,2.30443,0.383012,35702,28,28672,139.66125854483164
0,full,1,80,temporal,0,827,1595,2.8122030000000002,0.6054840000000001,35702,28,28672,147.13250685287332
0,full,1,80,static,1,827,1595,2.609726,0.43800999999999995,35702,264,270336,147.13250685287332
0,full,1,81,static,0,15,783,2.279051,0.363749,35702,266,272384,145.9377130855222
0,full,1,81,temporal,1,15,783,2.243241,0.392083,35702,28,28672,145.9377130855222
0,full,1,82,temporal,0,81,849,2.351148,0.37138499999999997,35702,28,28672,199.92045136799956
0,full,1,82,static,1,81,849,2.216025,0.507948,35702,266,272384,199.92045136799956
0,full,1,83,static,0,1206,1974,2.3069990000000002,0.396491,35702,266,272384,138.7586014750798
0,full,1,83,temporal,1,1206,1974,2.6601480000000004,0.41707999999999995,35702,28,28672,138.7586014750798
0,full,1,84,temporal,0,94,862,2.818903,0.44398299999999996,35702,28,28672,183.80180926144706
0,full,1,84,static,1,94,862,2.18175,0.36648100000000006,35702,266,272384,183.80180926144706
0,full,1,85,static,0,907,1675,2.449044,0.446311,35702,265,271360,-64.11702375452158
0,full,1,85,temporal,1,907,1675,2.26764,0.450658,35702,28,28672,-64.11702375452158
0,full,1,86,temporal,0,688,1456,2.156126,0.50309,35702,28,28672,-31.619896031619266
0,full,1,86,static,1,688,1456,2.145475,0.368089,35702,263,269312,-31.619896031619266
0,full,1,87,static,0,665,1433,2.170052,0.36678199999999994,35702,265,271360,-132.47046471741868
0,full,1,87,temporal,1,665,1433,2.890972,0.47006900000000007,35702,28,28672,-132.47046471741868
0,full,1,88,temporal,0,430,1198,2.239829,0.366969,35702,28,28672,184.14367650354794
0,full,1,88,static,1,430,1198,2.228131,0.42056499999999997,35702,264,270336,184.14367650354794
0,full,1,89,static,0,808,1576,2.382185,0.36294299999999996,35702,266,272384,186.06425994057113
0,full,1,89,temporal,1,808,1576,2.390065,0.359306,35702,28,28672,186.06425994057113
0,full,1,90,temporal,0,1137,1905,2.5977959999999998,0.4501820000000001,35702,28,28672,232.6508948075365
0,full,1,90,static,1,1137,1905,2.136493,0.36416699999999996,35702,266,272384,232.6508948075365
0,full,1,91,static,0,1066,1834,2.3511420000000003,0.358545,35702,264,270336,-26.31087228257942
0,full,1,91,temporal,1,1066,1834,2.200078,0.436494,35702,28,28672,-26.31087228257942
0,full,1,92,temporal,0,1132,1900,2.23167,0.3792,35702,28,28672,224.3896490125356
0,full,1,92,static,1,1132,1900,2.254955,0.437709,35702,266,272384,224.3896490125356
0,full,1,93,static,0,928,1696,2.2357280000000004,0.35971400000000003,35702,263,269312,-118.96823822950707
0,full,1,93,temporal,1,928,1696,2.239497,0.417395,35702,28,28672,-118.96823822950707
0,full,1,94,temporal,0,335,1103,2.448026,0.648469,35702,28,28672,52.941718786518074
0,full,1,94,static,1,335,1103,2.697829,0.42852300000000004,35702,266,272384,52.941718786518074
0,full,1,95,static,0,733,1501,2.308925,0.509755,35702,266,272384,152.32079643042886
0,full,1,95,temporal,1,733,1501,2.446131,0.36308999999999997,35702,28,28672,152.32079643042886
0,full,1,96,temporal,0,600,1368,2.095652,0.452335,35702,28,28672,-235.99056056161126
0,full,1,96,static,1,600,1368,2.525686,0.3720570000000001,35702,264,270336,-235.99056056161126
0,full,1,97,static,0,883,1651,2.247503,0.4681,35702,266,272384,0.9652392614501409
0,full,1,97,temporal,1,883,1651,2.127509,0.366225,35702,28,28672,0.9652392614501409
0,full,1,98,temporal,0,139,907,2.329517,0.532446,35702,28,28672,47.02846808501505
0,full,1,98,static,1,139,907,2.065316,0.36339899999999997,35702,264,270336,47.02846808501505
0,full,1,99,static,0,1108,1876,2.137234,0.433029,35702,264,270336,156.8233929533297
0,full,1,99,temporal,1,1108,1876,2.2896330000000003,0.544398,35702,28,28672,156.8233929533297
0,full,1,100,temporal,0,1133,1901,2.0814209999999997,0.38599300000000003,35702,28,28672,226.21612431199785
0,full,1,100,static,1,1133,1901,2.237998,0.357604,35702,266,272384,226.21612431199785
0,full,1,101,static,0,458,1226,2.329883,0.41628400000000004,35702,264,270336,158.7432440461518
0,full,1,101,temporal,1,458,1226,2.709828,0.9654690000000001,35702,28,28672,158.7432440461518
0,full,1,102,temporal,0,572,1340,2.436214,0.6436580000000001,35702,28,28672,-175.35839861456472
0,full,1,102,static,1,572,1340,2.491305,0.397059,35702,265,271360,-175.35839861456472
0,full,1,103,static,0,1098,1866,2.210603,0.5481499999999999,35702,264,270336,117.63990080373254
0,full,1,103,temporal,1,1098,1866,2.3054289999999997,0.364157,35702,28,28672,117.63990080373254
0,full,1,104,temporal,0,318,1086,2.224132,0.36888899999999997,35702,28,28672,-9.514064883296998
0,full,1,104,static,1,318,1086,2.098184,0.368251,35702,265,271360,-9.514064883296998
0,full,1,105,static,0,176,944,2.2316100000000003,0.415403,35702,266,272384,-114.55722463555
0,full,1,105,temporal,1,176,944,2.733394,0.644587,35702,28,28672,-114.55722463555
0,full,1,106,temporal,0,354,1122,2.233321,0.35642700000000016,35702,28,28672,110.60073492243093
0,full,1,106,static,1,354,1122,2.185141,0.352732,35702,264,270336,110.60073492243093
0,full,1,107,static,0,75,843,2.259529,0.411548,35702,264,270336,203.7129719032544
0,full,1,107,temporal,1,75,843,2.50432,0.375168,35702,28,28672,203.7129719032544
0,full,1,108,temporal,0,1232,2000,2.732077,0.44601,35702,28,28672,44.79036278996181
0,full,1,108,static,1,1232,2000,2.2398919999999998,0.46873999999999993,35702,264,270336,44.79036278996181
0,full,1,109,static,0,928,1696,2.120262,0.363813,35702,263,269312,-118.96823822950707
0,full,1,109,temporal,1,928,1696,2.03597,0.363515,35702,28,28672,-118.96823822950707
0,full,1,110,temporal,0,700,1468,2.249915,0.387878,35702,28,28672,23.410297690212328
0,full,1,110,static,1,700,1468,2.372157,0.36390799999999995,35702,263,269312,23.410297690212328
0,full,1,111,static,0,173,941,2.3347670000000003,0.479381,35702,266,272384,-101.93271596363299
0,full,1,111,temporal,1,173,941,2.3636730000000004,0.6608739999999999,35702,28,28672,-101.93271596363299
0,full,1,112,temporal,0,1003,1771,2.123777,0.36802999999999997,35702,28,28672,-212.24225208712133
0,full,1,112,static,1,1003,1771,2.277009,0.550046,35702,264,270336,-212.24225208712133
0,full,1,113,static,0,1073,1841,2.067129,0.35988000000000003,35702,263,269312,5.624089236292837
0,full,1,113,temporal,1,1073,1841,2.24384,0.354608,35702,27,27648,5.624089236292837
0,full,1,114,temporal,0,599,1367,2.939843,0.7761540000000002,35702,28,28672,-234.77699292104555
0,full,1,114,static,1,599,1367,2.4900360000000004,0.44618399999999997,35702,264,270336,-234.77699292104555
0,full,1,115,static,0,1253,2021,2.817132,0.4038429999999999,35702,262,268288,-28.61207407041202
0,full,1,115,temporal,1,1253,2021,2.6822690000000002,0.6537499999999999,35702,28,28672,-28.61207407041202
0,full,1,116,temporal,0,232,1000,4.568639999999999,0.39482100000000003,35702,28,28672,-248.3850886284491
0,full,1,116,static,1,232,1000,2.550639,0.36652399999999996,35702,264,270336,-248.3850886284491
0,full,1,117,static,0,1126,1894,2.931087,0.4109610000000001,35702,267,273408,211.6502687099376
0,full,1,117,temporal,1,1126,1894,2.5489010000000003,0.4595,35702,28,28672,211.6502687099376
0,full,1,118,temporal,0,942,1710,4.360012,0.415658,35702,28,28672,-152.4822633548373
0,full,1,118,static,1,942,1710,2.522394,0.34548999999999996,35702,264,270336,-152.4822633548373
0,full,1,119,static,0,224,992,2.1687529999999997,0.34816800000000003,35702,265,271360,-244.93781589209146
0,full,1,119,temporal,1,224,992,2.150907,0.37106599999999995,35702,28,28672,-244.93781589209146
0,full,2,0,static,0,932,1700,2.119491,0.3576540000000001,35702,263,269312,-128.89151964409507
0,full,2,0,temporal,1,932,1700,2.349205,0.36436699999999994,35702,28,28672,-128.89151964409507
0,full,2,1,temporal,0,986,1754,2.091608,0.363971,35702,28,28672,-216.1825482251916
0,full,2,1,static,1,986,1754,2.358449,0.35540900000000003,35702,265,271360,-216.1825482251916
0,full,2,2,static,0,1024,1792,2.578822,0.338978,35702,265,271360,-178.54661235659518
0,full,2,2,temporal,1,1024,1792,2.265043,0.386212,35702,28,28672,-178.54661235659518
0,full,2,3,temporal,0,540,1308,1.959788,0.344688,35702,28,28672,-64.42694054820156
0,full,2,3,static,1,540,1308,2.4908259999999998,0.615257,35702,264,270336,-64.42694054820156
0,full,2,4,static,0,9,777,2.5721730000000003,0.48697799999999997,35702,266,272384,133.8070028710431
0,full,2,4,temporal,1,9,777,2.1152789999999997,0.4891460000000001,35702,28,28672,133.8070028710431
0,full,2,5,temporal,0,933,1701,2.443095,0.40922600000000003,35702,28,28672,-131.33407469793312
0,full,2,5,static,1,933,1701,2.2088020000000004,0.48814299999999994,35702,262,268288,-131.33407469793312
0,full,2,6,static,0,166,934,2.16947,0.5151699999999999,35702,266,272384,-71.55373290697945
0,full,2,6,temporal,1,166,934,2.485603,0.377388,35702,27,27648,-71.55373290697945
0,full,2,7,temporal,0,669,1437,2.982209,0.351603,35702,28,28672,-116.13079642960459
0,full,2,7,static,1,669,1437,2.766692,0.430856,35702,265,271360,-116.13079642960459
0,full,2,8,static,0,1003,1771,2.054588,0.4888790000000001,35702,264,270336,-212.24225208712133
0,full,2,8,temporal,1,1003,1771,2.3593640000000002,0.36467000000000005,35702,28,28672,-212.24225208712133
0,full,2,9,temporal,0,615,1383,2.3664430000000003,0.40507899999999997,35702,28,28672,-244.06798176021286
0,full,2,9,static,1,615,1383,3.261178,0.37655800000000006,35702,263,269312,-244.06798176021286
0,full,2,10,static,0,258,1026,2.121797,0.35696800000000006,35702,266,272384,-219.92116318415518
0,full,2,10,temporal,1,258,1026,2.170623,0.354274,35702,28,28672,-219.92116318415518
0,full,2,11,temporal,0,21,789,2.4287050000000003,0.5239510000000001,35702,28,28672,157.2991755462777
0,full,2,11,static,1,21,789,2.112811,0.397513,35702,266,272384,157.2991755462777
0,full,2,12,static,0,1026,1794,2.530164,0.375338,35702,264,270336,-173.65307259578958
0,full,2,12,temporal,1,1026,1794,2.307461,0.436946,35702,28,28672,-173.65307259578958
0,full,2,13,temporal,0,18,786,2.058439,0.366801,35702,28,28672,151.72050262562246
0,full,2,13,static,1,18,786,2.089368,0.357418,35702,265,271360,151.72050262562246
0,full,2,14,static,0,1016,1784,2.153489,0.4087469999999999,35702,263,269312,-195.22530412854437
0,full,2,14,temporal,1,1016,1784,2.075103,0.3662349999999999,35702,28,28672,-195.22530412854437
0,full,2,15,temporal,0,1206,1974,2.280402,0.366785,35702,28,28672,138.7586014750798
0,full,2,15,static,1,1206,1974,2.498697,0.45943300000000004,35702,266,272384,138.7586014750798
0,full,2,16,static,0,524,1292,2.0203249999999997,0.354295,35702,264,270336,-6.455350305757601
0,full,2,16,temporal,1,524,1292,2.17637,0.367413,35702,28,28672,-6.455350305757601
0,full,2,17,temporal,0,153,921,2.1241480000000004,0.42818399999999995,35702,28,28672,-13.612228886100716
0,full,2,17,static,1,153,921,2.2773160000000003,0.553262,35702,264,270336,-13.612228886100716
0,full,2,18,static,0,231,999,2.22313,0.413549,35702,264,270336,-248.278504676328
0,full,2,18,temporal,1,231,999,2.072892,0.36291599999999996,35702,28,28672,-248.278504676328
0,full,2,19,temporal,0,285,1053,2.064181,0.366799,35702,28,28672,-138.71161618630668
0,full,2,19,static,1,285,1053,2.1309810000000002,0.434382,35702,264,270336,-138.71161618630668
0,full,2,20,static,0,1180,1948,2.325147,0.40353,35702,264,270336,213.41343865723985
0,full,2,20,temporal,1,1180,1948,2.4971020000000004,0.37421199999999993,35702,28,28672,213.41343865723985
0,full,2,21,temporal,0,421,1189,2.265515,0.37295000000000006,35702,28,28672,186.97757391504013
0,full,2,21,static,1,421,1189,2.156262,0.368661,35702,265,271360,186.97757391504013
0,full,2,22,static,0,561,1329,2.331406,0.410173,35702,265,271360,-140.00305668870342
0,full,2,22,temporal,1,561,1329,2.320879,0.367086,35702,27,27648,-140.00305668870342
0,full,2,23,temporal,0,430,1198,2.1418660000000003,0.36459400000000003,35702,28,28672,184.14367650354794
0,full,2,23,static,1,430,1198,2.5370890000000004,0.37171400000000004,35702,264,270336,184.14367650354794
0,full,2,24,static,0,489,1257,2.154221,0.36214,35702,266,272384,99.74243982689951
0,full,2,24,temporal,1,489,1257,2.313036,0.637482,35702,28,28672,99.74243982689951
0,full,2,25,temporal,0,360,1128,2.3830359999999997,0.613058,35702,28,28672,125.51251331258617
0,full,2,25,static,1,360,1128,2.406481,0.36233099999999996,35702,265,271360,125.51251331258617
0,full,2,26,static,0,719,1487,2.506368,0.6139259999999999,35702,265,271360,103.8538242223047
0,full,2,26,temporal,1,719,1487,2.2050720000000004,0.379495,35702,28,28672,103.8538242223047
0,full,2,27,temporal,0,1190,1958,2.253493,0.38338,35702,27,27648,188.67147484602395
0,full,2,27,static,1,1190,1958,2.164403,0.36328099999999997,35702,263,269312,188.67147484602395
0,full,2,28,static,0,48,816,2.077916,0.41701400000000005,35702,263,269312,195.80996510912468
0,full,2,28,temporal,1,48,816,2.2981719999999997,0.42319,35702,28,28672,195.80996510912468
0,full,2,29,temporal,0,512,1280,2.381855,0.432712,35702,28,28672,34.06952676770391
0,full,2,29,static,1,512,1280,2.159204,0.35640299999999997,35702,264,270336,34.06952676770391
0,full,2,30,static,0,394,1162,2.1228879999999997,0.37729399999999996,35702,264,270336,178.66928248152112
0,full,2,30,temporal,1,394,1162,2.045948,0.477089,35702,28,28672,178.66928248152112
0,full,2,31,temporal,0,4,772,2.517259,0.44445599999999996,35702,28,28672,123.17108841893915
0,full,2,31,static,1,4,772,2.04256,0.380419,35702,266,272384,123.17108841893915
0,full,2,32,static,0,698,1466,2.2029229999999997,0.489382,35702,264,270336,14.33856886440937
0,full,2,32,temporal,1,698,1466,2.19523,0.40982399999999997,35702,28,28672,14.33856886440937
0,full,2,33,temporal,0,1206,1974,2.368233,0.369691,35702,28,28672,138.7586014750798
0,full,2,33,static,1,1206,1974,2.071571,0.41458999999999996,35702,266,272384,138.7586014750798
0,full,2,34,static,0,713,1481,2.110971,0.476595,35702,264,270336,79.90134622067721
0,full,2,34,temporal,1,713,1481,2.2498090000000004,0.41687500000000005,35702,28,28672,79.90134622067721
0,full,2,35,temporal,0,1131,1899,2.224542,0.360035,35702,28,28672,222.4772167646171
0,full,2,35,static,1,1131,1899,2.055743,0.362602,35702,266,272384,222.4772167646171
0,full,2,36,static,0,1056,1824,2.145092,0.416025,35702,266,272384,-70.08850019364465
0,full,2,36,temporal,1,1056,1824,2.1882960000000002,0.35089100000000006,35702,28,28672,-70.08850019364465
0,full,2,37,temporal,0,559,1327,1.997411,0.35220999999999997,35702,28,28672,-133.13724617456643
0,full,2,37,static,1,559,1327,2.148495,0.365338,35702,264,270336,-133.13724617456643
0,full,2,38,static,0,898,1666,2.087682,0.42506600000000005,35702,266,272384,-39.834798714834534
0,full,2,38,temporal,1,898,1666,2.432992,0.41129000000000004,35702,28,28672,-39.834798714834534
0,full,2,39,temporal,0,493,1261,4.818841,0.370593,35702,28,28672,89.61987157301787
0,full,2,39,static,1,493,1261,5.943986,0.7932899999999998,35702,265,271360,89.61987157301787
0,full,2,40,static,0,1078,1846,2.593031,0.5421260000000001,35702,264,270336,28.67386967721174
0,full,2,40,temporal,1,1078,1846,2.756719,0.4958769999999999,35702,28,28672,28.67386967721174
0,full,2,41,temporal,0,52,820,2.325182,0.37108100000000005,35702,28,28672,199.25904674345787
0,full,2,41,static,1,52,820,2.20288,0.378211,35702,263,269312,199.25904674345787
0,full,2,42,static,0,173,941,2.247204,0.41220900000000005,35702,266,272384,-101.93271596363299
0,full,2,42,temporal,1,173,941,2.871679,0.394111,35702,28,28672,-101.93271596363299
0,full,2,43,temporal,0,814,1582,2.426507,0.493948,35702,28,28672,174.96417984494377
0,full,2,43,static,1,814,1582,2.324403,0.36900900000000003,35702,266,272384,174.96417984494377
0,full,2,44,static,0,435,1203,2.4014230000000003,0.487225,35702,264,270336,181.4449673814679
0,full,2,44,temporal,1,435,1203,2.407791,0.535432,35702,28,28672,181.4449673814679
0,full,2,45,temporal,0,1153,1921,3.155312,0.53094,35702,28,28672,244.08739719781872
0,full,2,45,static,1,1153,1921,2.318462,0.385782,35702,263,269312,244.08739719781872
0,full,2,46,static,0,903,1671,2.186862,0.36349400000000004,35702,266,272384,-53.356039055480316
0,full,2,46,temporal,1,903,1671,2.2895749999999997,0.360946,35702,28,28672,-53.356039055480316
0,full,2,47,temporal,0,238,1006,2.0744040000000004,0.4087819999999999,35702,28,28672,-247.08829200577625
0,full,2,47,static,1,238,1006,2.4609240000000003,0.400125,35702,265,271360,-247.08829200577625
0,full,2,48,static,0,510,1278,2.6816489999999997,0.371701,35702,264,270336,40.45785749438776
0,full,2,48,temporal,1,510,1278,2.261622,0.37420400000000004,35702,28,28672,40.45785749438776
0,full,2,49,temporal,0,74,842,2.30463,0.36496,35702,28,28672,204.13039866695442
0,full,2,49,static,1,74,842,2.254974,0.412235,35702,264,270336,204.13039866695442
0,full,2,50,static,0,23,791,2.0645580000000003,0.3650090000000001,35702,266,272384,160.89841954372153
0,full,2,50,temporal,1,23,791,2.169667,0.41786799999999996,35702,28,28672,160.89841954372153
0,full,2,51,temporal,0,337,1105,2.5919990000000004,0.4255540000000001,35702,28,28672,59.697882190795006
0,full,2,51,static,1,337,1105,2.091971,0.3704700000000001,35702,265,271360,59.697882190795006
0,full,2,52,static,0,1,769,2.5455740000000002,0.36858199999999997,35702,265,271360,116.57760762526533
0,full,2,52,temporal,1,1,769,2.3540229999999998,0.387397,35702,28,28672,116.57760762526533
0,full,2,53,temporal,0,517,1285,2.9381939999999998,0.39510300000000004,35702,28,28672,17.61264268276998
0,full,2,53,static,1,517,1285,2.277602,0.45795500000000006,35702,264,270336,17.61264268276998
0,full,2,54,static,0,407,1175,2.199007,0.37231699999999995,35702,266,272384,185.98877202256548
0,full,2,54,temporal,1,407,1175,2.115087,0.38801300000000005,35702,28,28672,185.98877202256548
0,full,2,55,temporal,0,866,1634,2.640606,0.37396900000000005,35702,28,28672,47.15174156073452
0,full,2,55,static,1,866,1634,4.296243,0.43315500000000007,35702,264,270336,47.15174156073452
0,full,2,56,static,0,877,1645,2.049557,0.36418199999999995,35702,264,270336,17.304144164302727
0,full,2,56,temporal,1,877,1645,2.217371,0.467518,35702,28,28672,17.304144164302727
0,full,2,57,temporal,0,1199,1967,2.261218,0.401022,35702,28,28672,161.86192194466838
0,full,2,57,static,1,1199,1967,2.2692189999999997,0.5416460000000001,35702,264,270336,161.86192194466838
0,full,2,58,static,0,889,1657,2.447568,0.37385100000000004,35702,266,272384,-15.377266773144266
0,full,2,58,temporal,1,889,1657,2.048237,0.3601399999999999,35702,28,28672,-15.377266773144266
0,full,2,59,temporal,0,362,1130,2.071926,0.3664059999999999,35702,28,28672,130.11064063420324
0,full,2,59,static,1,362,1130,2.210049,0.4461229999999999,35702,264,270336,130.11064063420324
0,full,2,60,static,0,388,1156,2.372976,0.413027,35702,264,270336,173.01738943857728
0,full,2,60,temporal,1,388,1156,2.337979,0.359435,35702,28,28672,173.01738943857728
0,full,2,61,temporal,0,92,860,2.158925,0.44417899999999993,35702,28,28672,187.00309934378427
0,full,2,61,static,1,92,860,2.5191649999999997,0.487005,35702,266,272384,187.00309934378427
0,full,2,62,static,0,365,1133,2.073087,0.41262299999999996,35702,264,270336,136.65597964423802
0,full,2,62,temporal,1,365,1133,2.3390630000000003,0.374778,35702,28,28672,136.65597964423802
0,full,2,63,temporal,0,372,1140,2.170409,0.3633759999999999,35702,28,28672,150.2868273047182
0,full,2,63,static,1,372,1140,2.077266,0.42106,35702,263,269312,150.2868273047182
0,full,2,64,static,0,796,1564,2.296632,0.42273599999999995,35702,265,271360,203.9131611215396
0,full,2,64,temporal,1,796,1564,2.3594530000000002,0.38306699999999994,35702,28,28672,203.9131611215396
0,full,2,65,temporal,0,775,1543,2.191399,0.396096,35702,28,28672,216.94688901395486
0,full,2,65,static,1,775,1543,2.348135,0.433346,35702,263,269312,216.94688901395486
0,full,2,66,static,0,1121,1889,2.7731660000000002,0.486695,35702,266,272384,198.79177445253742
0,full,2,66,temporal,1,1121,1889,2.122087,0.346657,35702,28,28672,198.79177445253742
0,full,2,67,temporal,0,244,1012,2.279442,0.367741,35702,28,28672,-242.5235168546493
0,full,2,67,static,1,244,1012,2.164784,0.49988,35702,266,272384,-242.5235168546493
0,full,2,68,static,0,603,1371,2.084845,0.361533,35702,264,270336,-239.14193162775652
0,full,2,68,temporal,1,603,1371,2.2073840000000002,0.36673399999999995,35702,28,28672,-239.14193162775652
0,full,2,69,temporal,0,1037,1805,2.691966,0.6191289999999999,35702,28,28672,-141.82824968575744
0,full,2,69,static,1,1037,1805,1.941243,0.341757,35702,265,271360,-141.82824968575744
0,full,2,70,static,0,776,1544,2.145514,0.31886300000000006,35702,262,268288,216.9441252978419
0,full,2,70,temporal,1,776,1544,2.026368,0.41158900000000004,35702,28,28672,216.9441252978419
0,full,2,71,temporal,0,376,1144,2.234248,0.420168,35702,28,28672,157.0522956021241
0,full,2,71,static,1,376,1144,2.264843,0.425373,35702,263,269312,157.0522956021241
0,full,2,72,static,0,203,971,2.0910680000000004,0.36581600000000003,35702,264,270336,-208.55629601807433
0,full,2,72,temporal,1,203,971,2.6456869999999997,0.417272,35702,28,28672,-208.55629601807433
0,full,2,73,temporal,0,334,1102,2.243268,0.402768,35702,28,28672,49.50956730027103
0,full,2,73,static,1,334,1102,2.6746280000000002,0.5459510000000001,35702,265,271360,49.50956730027103
0,full,2,74,static,0,284,1052,2.155313,0.36879499999999993,35702,264,270336,-142.3548132139245
0,full,2,74,temporal,1,284,1052,2.1991490000000002,0.41779200000000005,35702,28,28672,-142.3548132139245
0,full,2,75,temporal,0,329,1097,2.259426,0.3694009999999999,35702,28,28672,31.84170900676348
0,full,2,75,static,1,329,1097,2.3483940000000003,0.5713539999999999,35702,266,272384,31.84170900676348
0,full,2,76,static,0,875,1643,2.2664809999999997,0.35077200000000003,35702,264,270336,22.744817101359143
0,full,2,76,temporal,1,875,1643,2.8071110000000004,0.6007500000000001,35702,28,28672,22.744817101359143
0,full,2,77,temporal,0,524,1292,2.2906720000000003,0.37862200000000007,35702,28,28672,-6.455350305757601
0,full,2,77,static,1,524,1292,2.067273,0.36182400000000003,35702,264,270336,-6.455350305757601
0,full,2,78,static,0,1038,1806,2.155481,0.3582600000000001,35702,264,270336,-138.54400842191143
0,full,2,78,temporal,1,1038,1806,2.691757,0.42584199999999994,35702,28,28672,-138.54400842191143
0,full,2,79,temporal,0,729,1497,2.222224,0.5522630000000001,35702,28,28672,139.66125854483164
0,full,2,79,static,1,729,1497,2.206499,0.36068999999999996,35702,266,272384,139.66125854483164
0,full,2,80,static,0,827,1595,2.332348,0.534337,35702,264,270336,147.13250685287332
0,full,2,80,temporal,1,827,1595,2.079259,0.36143899999999995,35702,28,28672,147.13250685287332
0,full,2,81,temporal,0,15,783,2.384469,0.396409,35702,28,28672,145.9377130855222
0,full,2,81,static,1,15,783,2.526845,0.486235,35702,266,272384,145.9377130855222
0,full,2,82,static,0,81,849,2.4678389999999997,0.368592,35702,266,272384,199.92045136799956
0,full,2,82,temporal,1,81,849,2.1662399999999997,0.409485,35702,28,28672,199.92045136799956
0,full,2,83,temporal,0,1206,1974,2.332505,0.3645480000000001,35702,28,28672,138.7586014750798
0,full,2,83,static,1,1206,1974,2.08913,0.358722,35702,266,272384,138.7586014750798
0,full,2,84,static,0,94,862,3.492139,0.4754880000000001,35702,266,272384,183.80180926144706
0,full,2,84,temporal,1,94,862,2.267032,0.369961,35702,28,28672,183.80180926144706
0,full,2,85,temporal,0,907,1675,2.156126,0.40189100000000005,35702,28,28672,-64.11702375452158
0,full,2,85,static,1,907,1675,2.0613810000000004,0.36451100000000003,35702,265,271360,-64.11702375452158
0,full,2,86,static,0,688,1456,2.079009,0.41811099999999995,35702,263,269312,-31.619896031619266
0,full,2,86,temporal,1,688,1456,2.175396,0.3665199999999999,35702,28,28672,-31.619896031619266
0,full,2,87,temporal,0,665,1433,2.570876,0.614503,35702,28,28672,-132.47046471741868
0,full,2,87,static,1,665,1433,2.08287,0.40949199999999997,35702,265,271360,-132.47046471741868
0,full,2,88,static,0,430,1198,2.252849,0.362558,35702,264,270336,184.14367650354794
0,full,2,88,temporal,1,430,1198,2.0590859999999997,0.37426099999999995,35702,28,28672,184.14367650354794
0,full,2,89,temporal,0,808,1576,2.4316839999999997,0.615027,35702,28,28672,186.06425994057113
0,full,2,89,static,1,808,1576,3.039919,0.9500810000000001,35702,266,272384,186.06425994057113
0,full,2,90,static,0,1137,1905,2.163891,0.365535,35702,266,272384,232.6508948075365
0,full,2,90,temporal,1,1137,1905,2.0694239999999997,0.35809399999999997,35702,28,28672,232.6508948075365
0,full,2,91,temporal,0,1066,1834,2.147818,0.409894,35702,28,28672,-26.31087228257942
0,full,2,91,static,1,1066,1834,2.512725,0.6464690000000001,35702,264,270336,-26.31087228257942
0,full,2,92,static,0,1132,1900,2.0779599999999996,0.361115,35702,266,272384,224.3896490125356
0,full,2,92,temporal,1,1132,1900,2.332914,0.413423,35702,28,28672,224.3896490125356
0,full,2,93,temporal,0,928,1696,2.236518,0.365518,35702,28,28672,-118.96823822950707
0,full,2,93,static,1,928,1696,2.746504,0.374038,35702,263,269312,-118.96823822950707
0,full,2,94,static,0,335,1103,2.309245,0.36317599999999994,35702,266,272384,52.941718786518074
0,full,2,94,temporal,1,335,1103,2.752421,0.5171140000000001,35702,28,28672,52.941718786518074
0,full,2,95,temporal,0,733,1501,2.028831,0.36332800000000004,35702,28,28672,152.32079643042886
0,full,2,95,static,1,733,1501,2.234531,0.36313999999999996,35702,266,272384,152.32079643042886
0,full,2,96,static,0,600,1368,2.1347699999999996,0.43893899999999997,35702,264,270336,-235.99056056161126
0,full,2,96,temporal,1,600,1368,2.155708,0.3622499999999999,35702,28,28672,-235.99056056161126
0,full,2,97,temporal,0,883,1651,2.568712,0.40418699999999996,35702,28,28672,0.9652392614501409
0,full,2,97,static,1,883,1651,2.891345,0.36724799999999996,35702,266,272384,0.9652392614501409
0,full,2,98,static,0,139,907,2.4057720000000002,0.4829150000000001,35702,264,270336,47.02846808501505
0,full,2,98,temporal,1,139,907,2.009204,0.35753599999999996,35702,28,28672,47.02846808501505
0,full,2,99,temporal,0,1108,1876,2.241523,0.439211,35702,28,28672,156.8233929533297
0,full,2,99,static,1,1108,1876,2.19898,0.5021969999999999,35702,264,270336,156.8233929533297
0,full,2,100,static,0,1133,1901,2.0586599999999997,0.36041899999999993,35702,266,272384,226.21612431199785
0,full,2,100,temporal,1,1133,1901,3.017141,0.5344100000000002,35702,28,28672,226.21612431199785
0,full,2,101,temporal,0,458,1226,2.470872,0.595765,35702,28,28672,158.7432440461518
0,full,2,101,static,1,458,1226,2.125928,0.36479900000000004,35702,264,270336,158.7432440461518
0,full,2,102,static,0,572,1340,2.414481,0.41805300000000006,35702,265,271360,-175.35839861456472
0,full,2,102,temporal,1,572,1340,2.628466,0.364816,35702,28,28672,-175.35839861456472
0,full,2,103,temporal,0,1098,1866,2.0218100000000003,0.339895,35702,28,28672,117.63990080373254
0,full,2,103,static,1,1098,1866,1.998672,0.356751,35702,264,270336,117.63990080373254
0,full,2,104,static,0,318,1086,2.1849790000000002,0.36694099999999996,35702,265,271360,-9.514064883296998
0,full,2,104,temporal,1,318,1086,2.057264,0.367731,35702,28,28672,-9.514064883296998
0,full,2,105,temporal,0,176,944,2.099639,0.370096,35702,28,28672,-114.55722463555
0,full,2,105,static,1,176,944,2.442426,0.5305200000000001,35702,266,272384,-114.55722463555
0,full,2,106,static,0,354,1122,2.056283,0.362668,35702,264,270336,110.60073492243093
0,full,2,106,temporal,1,354,1122,2.178407,0.42002900000000004,35702,28,28672,110.60073492243093
0,full,2,107,temporal,0,75,843,2.283102,0.44920200000000005,35702,28,28672,203.7129719032544
0,full,2,107,static,1,75,843,2.1604710000000003,0.408648,35702,264,270336,203.7129719032544
0,full,2,108,static,0,1232,2000,2.426089,0.4030309999999999,35702,264,270336,44.79036278996181
0,full,2,108,temporal,1,1232,2000,2.251286,0.520115,35702,28,28672,44.79036278996181
0,full,2,109,temporal,0,928,1696,2.070093,0.421462,35702,28,28672,-118.96823822950707
0,full,2,109,static,1,928,1696,2.269752,0.42219300000000004,35702,263,269312,-118.96823822950707
0,full,2,110,static,0,700,1468,2.4908539999999997,0.41804600000000003,35702,263,269312,23.410297690212328
0,full,2,110,temporal,1,700,1468,2.418546,0.366355,35702,28,28672,23.410297690212328
0,full,2,111,temporal,0,173,941,2.171045,0.373868,35702,28,28672,-101.93271596363299
0,full,2,111,static,1,173,941,2.2885370000000003,0.37215800000000004,35702,266,272384,-101.93271596363299
0,full,2,112,static,0,1003,1771,2.4243609999999998,0.42088,35702,264,270336,-212.24225208712133
0,full,2,112,temporal,1,1003,1771,2.334615,0.49390399999999995,35702,28,28672,-212.24225208712133
0,full,2,113,temporal,0,1073,1841,2.4959510000000003,0.387546,35702,27,27648,5.624089236292837
0,full,2,113,static,1,1073,1841,2.2485169999999997,0.486517,35702,263,269312,5.624089236292837
0,full,2,114,static,0,599,1367,2.0908670000000003,0.37625400000000003,35702,264,270336,-234.77699292104555
0,full,2,114,temporal,1,599,1367,2.147762,0.41255,35702,28,28672,-234.77699292104555
0,full,2,115,temporal,0,1253,2021,2.075876,0.36271099999999995,35702,28,28672,-28.61207407041202
0,full,2,115,static,1,1253,2021,2.298286,0.37609100000000006,35702,262,268288,-28.61207407041202
0,full,2,116,static,0,232,1000,2.218565,0.425459,35702,264,270336,-248.3850886284491
0,full,2,116,temporal,1,232,1000,2.53555,0.37272199999999994,35702,28,28672,-248.3850886284491
0,full,2,117,temporal,0,1126,1894,2.186671,0.409739,35702,28,28672,211.6502687099376
0,full,2,117,static,1,1126,1894,2.266917,0.37491199999999997,35702,267,273408,211.6502687099376
0,full,2,118,static,0,942,1710,2.6219720000000004,0.3709719999999999,35702,264,270336,-152.4822633548373
0,full,2,118,temporal,1,942,1710,2.399869,0.488051,35702,28,28672,-152.4822633548373
0,full,2,119,temporal,0,224,992,2.409243,0.429691,35702,28,28672,-244.93781589209146
0,full,2,119,static,1,224,992,2.202513,0.43139,35702,265,271360,-244.93781589209146
0,full,3,0,temporal,0,932,1700,2.019703,0.393982,35702,28,28672,-128.89151964409507
0,full,3,0,static,1,932,1700,2.106837,0.40531300000000003,35702,263,269312,-128.89151964409507
0,full,3,1,static,0,986,1754,2.670616,0.600451,35702,265,271360,-216.1825482251916
0,full,3,1,temporal,1,986,1754,2.061048,0.402269,35702,28,28672,-216.1825482251916
0,full,3,2,temporal,0,1024,1792,2.135093,0.358603,35702,28,28672,-178.54661235659518
0,full,3,2,static,1,1024,1792,2.20294,0.41848700000000005,35702,265,271360,-178.54661235659518
0,full,3,3,static,0,540,1308,2.1305120000000004,0.36729,35702,264,270336,-64.42694054820156
0,full,3,3,temporal,1,540,1308,2.299726,0.44092600000000004,35702,28,28672,-64.42694054820156
0,full,3,4,temporal,0,9,777,2.4382230000000003,0.6095229999999999,35702,28,28672,133.8070028710431
0,full,3,4,static,1,9,777,2.195414,0.4058119999999999,35702,266,272384,133.8070028710431
0,full,3,5,static,0,933,1701,2.400885,0.360175,35702,262,268288,-131.33407469793312
0,full,3,5,temporal,1,933,1701,2.213023,0.50512,35702,28,28672,-131.33407469793312
0,full,3,6,temporal,0,166,934,2.14563,0.41511000000000003,35702,27,27648,-71.55373290697945
0,full,3,6,static,1,166,934,2.252201,0.36694499999999997,35702,266,272384,-71.55373290697945
0,full,3,7,static,0,669,1437,2.250325,0.45661599999999997,35702,265,271360,-116.13079642960459
0,full,3,7,temporal,1,669,1437,2.083661,0.37480300000000005,35702,28,28672,-116.13079642960459
0,full,3,8,temporal,0,1003,1771,2.191261,0.35754999999999987,35702,28,28672,-212.24225208712133
0,full,3,8,static,1,1003,1771,2.775816,0.797506,35702,264,270336,-212.24225208712133
0,full,3,9,static,0,615,1383,2.478372,0.359737,35702,263,269312,-244.06798176021286
0,full,3,9,temporal,1,615,1383,2.323067,0.36323999999999995,35702,28,28672,-244.06798176021286
0,full,3,10,temporal,0,258,1026,3.0321990000000003,0.6922410000000001,35702,28,28672,-219.92116318415518
0,full,3,10,static,1,258,1026,2.5971369999999996,0.5315759999999999,35702,266,272384,-219.92116318415518
0,full,3,11,static,0,21,789,2.3640559999999997,0.529043,35702,266,272384,157.2991755462777
0,full,3,11,temporal,1,21,789,2.463383,0.36651800000000007,35702,28,28672,157.2991755462777
0,full,3,12,temporal,0,1026,1794,2.153159,0.42652199999999996,35702,28,28672,-173.65307259578958
0,full,3,12,static,1,1026,1794,2.096349,0.41435,35702,264,270336,-173.65307259578958
0,full,3,13,static,0,18,786,2.0990599999999997,0.416163,35702,265,271360,151.72050262562246
0,full,3,13,temporal,1,18,786,2.517895,0.37149699999999997,35702,28,28672,151.72050262562246
0,full,3,14,temporal,0,1016,1784,2.411099,0.368818,35702,28,28672,-195.22530412854437
0,full,3,14,static,1,1016,1784,2.656513,0.872056,35702,263,269312,-195.22530412854437
0,full,3,15,static,0,1206,1974,2.2499730000000002,0.36731400000000003,35702,266,272384,138.7586014750798
0,full,3,15,temporal,1,1206,1974,2.231592,0.433381,35702,28,28672,138.7586014750798
0,full,3,16,temporal,0,524,1292,2.1229310000000003,0.365446,35702,28,28672,-6.455350305757601
0,full,3,16,static,1,524,1292,2.159463,0.364524,35702,264,270336,-6.455350305757601
0,full,3,17,static,0,153,921,2.178566,0.37236,35702,264,270336,-13.612228886100716
0,full,3,17,temporal,1,153,921,2.404308,0.36896199999999996,35702,28,28672,-13.612228886100716
0,full,3,18,temporal,0,231,999,2.31012,0.38980600000000004,35702,28,28672,-248.278504676328
0,full,3,18,static,1,231,999,2.123231,0.46532599999999996,35702,264,270336,-248.278504676328
0,full,3,19,static,0,285,1053,1.9895379999999998,0.344177,35702,264,270336,-138.71161618630668
0,full,3,19,temporal,1,285,1053,2.9291650000000002,0.6068900000000002,35702,28,28672,-138.71161618630668
0,full,3,20,temporal,0,1180,1948,2.506277,0.4108429999999999,35702,28,28672,213.41343865723985
0,full,3,20,static,1,1180,1948,2.1715850000000003,0.36418500000000004,35702,264,270336,213.41343865723985
0,full,3,21,static,0,421,1189,2.081754,0.41652500000000003,35702,265,271360,186.97757391504013
0,full,3,21,temporal,1,421,1189,2.280017,0.391479,35702,28,28672,186.97757391504013
0,full,3,22,temporal,0,561,1329,2.23386,0.49293899999999996,35702,27,27648,-140.00305668870342
0,full,3,22,static,1,561,1329,2.245732,0.360969,35702,265,271360,-140.00305668870342
0,full,3,23,static,0,430,1198,2.2936699999999997,0.36213,35702,264,270336,184.14367650354794
0,full,3,23,temporal,1,430,1198,2.5909560000000003,0.5192300000000001,35702,28,28672,184.14367650354794
0,full,3,24,temporal,0,489,1257,2.4245859999999997,0.42214,35702,28,28672,99.74243982689951
0,full,3,24,static,1,489,1257,2.26281,0.362715,35702,266,272384,99.74243982689951
0,full,3,25,static,0,360,1128,2.359022,0.41940099999999997,35702,265,271360,125.51251331258617
0,full,3,25,temporal,1,360,1128,2.07128,0.37324699999999994,35702,28,28672,125.51251331258617
0,full,3,26,temporal,0,719,1487,2.384524,0.369374,35702,28,28672,103.8538242223047
0,full,3,26,static,1,719,1487,2.973537,0.5265880000000001,35702,265,271360,103.8538242223047
0,full,3,27,static,0,1190,1958,2.521334,0.37565499999999996,35702,263,269312,188.67147484602395
0,full,3,27,temporal,1,1190,1958,2.165026,0.370686,35702,27,27648,188.67147484602395
0,full,3,28,temporal,0,48,816,2.446631,0.41752200000000006,35702,28,28672,195.80996510912468
0,full,3,28,static,1,48,816,2.493627,0.5415779999999999,35702,263,269312,195.80996510912468
0,full,3,29,static,0,512,1280,2.237521,0.407371,35702,264,270336,34.06952676770391
0,full,3,29,temporal,1,512,1280,2.4170540000000003,0.36183799999999994,35702,28,28672,34.06952676770391
0,full,3,30,temporal,0,394,1162,2.1927280000000002,0.44377,35702,28,28672,178.66928248152112
0,full,3,30,static,1,394,1162,2.2816020000000004,0.534775,35702,264,270336,178.66928248152112
0,full,3,31,static,0,4,772,2.989198,0.5489449999999999,35702,266,272384,123.17108841893915
0,full,3,31,temporal,1,4,772,2.337072,0.359433,35702,28,28672,123.17108841893915
0,full,3,32,temporal,0,698,1466,2.6948,0.43305099999999996,35702,28,28672,14.33856886440937
0,full,3,32,static,1,698,1466,2.791966,0.5486850000000001,35702,264,270336,14.33856886440937
0,full,3,33,static,0,1206,1974,2.465114,0.7058889999999999,35702,266,272384,138.7586014750798
0,full,3,33,temporal,1,1206,1974,2.4412819999999997,0.5423290000000001,35702,28,28672,138.7586014750798
0,full,3,34,temporal,0,713,1481,2.565836,0.5474319999999999,35702,28,28672,79.90134622067721
0,full,3,34,static,1,713,1481,2.1535249999999997,0.4958959999999999,35702,264,270336,79.90134622067721
0,full,3,35,static,0,1131,1899,2.719128,0.907284,35702,266,272384,222.4772167646171
0,full,3,35,temporal,1,1131,1899,2.270752,0.41915900000000006,35702,28,28672,222.4772167646171
0,full,3,36,temporal,0,1056,1824,2.1707319999999997,0.366397,35702,28,28672,-70.08850019364465
0,full,3,36,static,1,1056,1824,2.0648839999999997,0.36277700000000007,35702,266,272384,-70.08850019364465
0,full,3,37,static,0,559,1327,2.637247,0.61848,35702,264,270336,-133.13724617456643
0,full,3,37,temporal,1,559,1327,2.1211070000000003,0.38146399999999997,35702,28,28672,-133.13724617456643
0,full,3,38,temporal,0,898,1666,2.083904,0.42412999999999995,35702,28,28672,-39.834798714834534
0,full,3,38,static,1,898,1666,2.185118,0.440343,35702,266,272384,-39.834798714834534
0,full,3,39,static,0,493,1261,2.072577,0.422053,35702,265,271360,89.61987157301787
0,full,3,39,temporal,1,493,1261,2.362593,0.470747,35702,28,28672,89.61987157301787
0,full,3,40,temporal,0,1078,1846,2.657969,0.49633299999999997,35702,28,28672,28.67386967721174
0,full,3,40,static,1,1078,1846,2.098581,0.36313400000000007,35702,264,270336,28.67386967721174
0,full,3,41,static,0,52,820,2.090237,0.4189670000000001,35702,263,269312,199.25904674345787
0,full,3,41,temporal,1,52,820,2.211379,0.5196350000000001,35702,28,28672,199.25904674345787
0,full,3,42,temporal,0,173,941,2.194823,0.415702,35702,28,28672,-101.93271596363299
0,full,3,42,static,1,173,941,4.081015000000001,0.39556300000000005,35702,266,272384,-101.93271596363299
0,full,3,43,static,0,814,1582,2.5436199999999998,0.77035,35702,266,272384,174.96417984494377
0,full,3,43,temporal,1,814,1582,2.40763,0.44830400000000004,35702,28,28672,174.96417984494377
0,full,3,44,temporal,0,435,1203,2.4988390000000003,0.40912200000000004,35702,28,28672,181.4449673814679
0,full,3,44,static,1,435,1203,2.097492,0.36067299999999997,35702,264,270336,181.4449673814679
0,full,3,45,static,0,1153,1921,2.341089,0.40492300000000003,35702,263,269312,244.08739719781872
0,full,3,45,temporal,1,1153,1921,2.4342859999999997,0.40854000000000007,35702,28,28672,244.08739719781872
0,full,3,46,temporal,0,903,1671,2.539698,0.39662499999999995,35702,28,28672,-53.356039055480316
0,full,3,46,static,1,903,1671,2.086653,0.365829,35702,266,272384,-53.356039055480316
0,full,3,47,static,0,238,1006,2.7861510000000003,0.44314999999999993,35702,265,271360,-247.08829200577625
0,full,3,47,temporal,1,238,1006,2.760926,0.9560410000000001,35702,28,28672,-247.08829200577625
0,full,3,48,temporal,0,510,1278,2.07118,0.368919,35702,28,28672,40.45785749438776
0,full,3,48,static,1,510,1278,2.137739,0.431174,35702,264,270336,40.45785749438776
0,full,3,49,static,0,74,842,2.2867550000000003,0.4346140000000001,35702,264,270336,204.13039866695442
0,full,3,49,temporal,1,74,842,3.056288,0.7883089999999999,35702,28,28672,204.13039866695442
0,full,3,50,temporal,0,23,791,2.215405,0.37287800000000004,35702,28,28672,160.89841954372153
0,full,3,50,static,1,23,791,2.260021,0.37154,35702,266,272384,160.89841954372153
0,full,3,51,static,0,337,1105,2.380017,0.40800400000000003,35702,265,271360,59.697882190795006
0,full,3,51,temporal,1,337,1105,2.265037,0.5101640000000001,35702,28,28672,59.697882190795006
0,full,3,52,temporal,0,1,769,2.159093,0.367663,35702,28,28672,116.57760762526533
0,full,3,52,static,1,1,769,2.316913,0.578199,35702,265,271360,116.57760762526533
0,full,3,53,static,0,517,1285,2.218855,0.421969,35702,264,270336,17.61264268276998
0,full,3,53,temporal,1,517,1285,2.555732,0.6605170000000001,35702,28,28672,17.61264268276998
0,full,3,54,temporal,0,407,1175,2.336258,0.36447799999999997,35702,28,28672,185.98877202256548
0,full,3,54,static,1,407,1175,3.347797,1.0977409999999999,35702,266,272384,185.98877202256548
0,full,3,55,static,0,866,1634,2.689388,0.473039,35702,264,270336,47.15174156073452
0,full,3,55,temporal,1,866,1634,2.112723,0.39194,35702,28,28672,47.15174156073452
0,full,3,56,temporal,0,877,1645,2.283465,0.38601599999999997,35702,28,28672,17.304144164302727
0,full,3,56,static,1,877,1645,2.455155,0.47396699999999997,35702,264,270336,17.304144164302727
0,full,3,57,static,0,1199,1967,2.042962,0.355377,35702,264,270336,161.86192194466838
0,full,3,57,temporal,1,1199,1967,2.460641,0.36100000000000004,35702,28,28672,161.86192194466838
0,full,3,58,temporal,0,889,1657,2.313161,0.418684,35702,28,28672,-15.377266773144266
0,full,3,58,static,1,889,1657,3.825898,0.380313,35702,266,272384,-15.377266773144266
0,full,3,59,static,0,362,1130,4.268414,2.1507940000000003,35702,264,270336,130.11064063420324
0,full,3,59,temporal,1,362,1130,2.778496,0.7387579999999999,35702,28,28672,130.11064063420324
0,full,3,60,temporal,0,388,1156,2.911864,0.49403,35702,28,28672,173.01738943857728
0,full,3,60,static,1,388,1156,2.923606,0.520908,35702,264,270336,173.01738943857728
0,full,3,61,static,0,92,860,2.052161,0.364138,35702,266,272384,187.00309934378427
0,full,3,61,temporal,1,92,860,2.363617,0.363603,35702,28,28672,187.00309934378427
0,full,3,62,temporal,0,365,1133,2.369325,0.3685969999999999,35702,28,28672,136.65597964423802
0,full,3,62,static,1,365,1133,2.069907,0.36251,35702,264,270336,136.65597964423802
0,full,3,63,static,0,372,1140,2.8436619999999997,0.944451,35702,263,269312,150.2868273047182
0,full,3,63,temporal,1,372,1140,2.732659,0.39100499999999994,35702,28,28672,150.2868273047182
0,full,3,64,temporal,0,796,1564,2.2881780000000003,0.378757,35702,28,28672,203.9131611215396
0,full,3,64,static,1,796,1564,2.077987,0.414805,35702,265,271360,203.9131611215396
0,full,3,65,static,0,775,1543,2.26905,0.361605,35702,263,269312,216.94688901395486
0,full,3,65,temporal,1,775,1543,2.8034879999999998,0.35890299999999997,35702,28,28672,216.94688901395486
0,full,3,66,temporal,0,1121,1889,2.90834,0.48332899999999995,35702,28,28672,198.79177445253742
0,full,3,66,static,1,1121,1889,2.852543,0.53134,35702,266,272384,198.79177445253742
0,full,3,67,static,0,244,1012,2.2985290000000003,0.37096700000000005,35702,266,272384,-242.5235168546493
0,full,3,67,temporal,1,244,1012,3.310566,1.251012,35702,28,28672,-242.5235168546493
0,full,3,68,temporal,0,603,1371,4.25453,0.44417199999999996,35702,28,28672,-239.14193162775652
0,full,3,68,static,1,603,1371,3.32102,0.43333900000000003,35702,264,270336,-239.14193162775652
0,full,3,69,static,0,1037,1805,4.144534,0.36106499999999997,35702,265,271360,-141.82824968575744
0,full,3,69,temporal,1,1037,1805,2.66961,0.538766,35702,28,28672,-141.82824968575744
0,full,3,70,temporal,0,776,1544,2.552234,0.36268599999999995,35702,28,28672,216.9441252978419
0,full,3,70,static,1,776,1544,2.3776460000000004,0.370364,35702,262,268288,216.9441252978419
0,full,3,71,static,0,376,1144,2.301753,0.499924,35702,263,269312,157.0522956021241
0,full,3,71,temporal,1,376,1144,2.058869,0.35592899999999994,35702,28,28672,157.0522956021241
0,full,3,72,temporal,0,203,971,2.590435,0.5225099999999999,35702,28,28672,-208.55629601807433
0,full,3,72,static,1,203,971,2.442853,0.4822590000000001,35702,264,270336,-208.55629601807433
0,full,3,73,static,0,334,1102,2.8251560000000002,1.1332019999999998,35702,265,271360,49.50956730027103
0,full,3,73,temporal,1,334,1102,2.275962,0.45976499999999987,35702,28,28672,49.50956730027103
0,full,3,74,temporal,0,284,1052,2.2871319999999997,0.424483,35702,28,28672,-142.3548132139245
0,full,3,74,static,1,284,1052,2.0996360000000003,0.36941000000000007,35702,264,270336,-142.3548132139245
0,full,3,75,static,0,329,1097,2.10542,0.432791,35702,266,272384,31.84170900676348
0,full,3,75,temporal,1,329,1097,2.347387,0.459509,35702,28,28672,31.84170900676348
0,full,3,76,temporal,0,875,1643,2.505446,0.5171600000000002,35702,28,28672,22.744817101359143
0,full,3,76,static,1,875,1643,2.065238,0.35819900000000005,35702,264,270336,22.744817101359143
0,full,3,77,static,0,524,1292,2.468428,0.37057900000000005,35702,264,270336,-6.455350305757601
0,full,3,77,temporal,1,524,1292,2.273949,0.381601,35702,28,28672,-6.455350305757601
0,full,3,78,temporal,0,1038,1806,2.2392100000000004,0.3634360000000001,35702,28,28672,-138.54400842191143
0,full,3,78,static,1,1038,1806,2.3717539999999997,0.35580400000000006,35702,264,270336,-138.54400842191143
0,full,3,79,static,0,729,1497,2.447273,0.373693,35702,266,272384,139.66125854483164
0,full,3,79,temporal,1,729,1497,2.4275680000000004,0.36407400000000006,35702,28,28672,139.66125854483164
0,full,3,80,temporal,0,827,1595,2.229004,0.425473,35702,28,28672,147.13250685287332
0,full,3,80,static,1,827,1595,2.414025,0.60924,35702,264,270336,147.13250685287332
0,full,3,81,static,0,15,783,2.297348,0.37102799999999997,35702,266,272384,145.9377130855222
0,full,3,81,temporal,1,15,783,2.174721,0.367073,35702,28,28672,145.9377130855222
0,full,3,82,temporal,0,81,849,2.596521,0.433622,35702,28,28672,199.92045136799956
0,full,3,82,static,1,81,849,2.443742,0.36681700000000006,35702,266,272384,199.92045136799956
0,full,3,83,static,0,1206,1974,2.075309,0.4093870000000001,35702,266,272384,138.7586014750798
0,full,3,83,temporal,1,1206,1974,2.2828530000000002,0.359538,35702,28,28672,138.7586014750798
0,full,3,84,temporal,0,94,862,2.0634300000000003,0.362712,35702,28,28672,183.80180926144706
0,full,3,84,static,1,94,862,2.1001079999999996,0.367562,35702,266,272384,183.80180926144706
0,full,3,85,static,0,907,1675,2.210752,0.43818999999999997,35702,265,271360,-64.11702375452158
0,full,3,85,temporal,1,907,1675,2.120225,0.40787900000000005,35702,28,28672,-64.11702375452158
0,full,3,86,temporal,0,688,1456,2.666727,0.45270399999999994,35702,28,28672,-31.619896031619266
0,full,3,86,static,1,688,1456,2.492118,0.749994,35702,263,269312,-31.619896031619266
0,full,3,87,static,0,665,1433,2.081484,0.36147999999999997,35702,265,271360,-132.47046471741868
0,full,3,87,temporal,1,665,1433,2.7972069999999998,0.36545300000000003,35702,28,28672,-132.47046471741868
0,full,3,88,temporal,0,430,1198,2.553029,0.42352199999999995,35702,28,28672,184.14367650354794
0,full,3,88,static,1,430,1198,2.20753,0.44786600000000004,35702,264,270336,184.14367650354794
0,full,3,89,static,0,808,1576,2.095335,0.362926,35702,266,272384,186.06425994057113
0,full,3,89,temporal,1,808,1576,2.145812,0.409978,35702,28,28672,186.06425994057113
0,full,3,90,temporal,0,1137,1905,2.586023,0.5195869999999998,35702,28,28672,232.6508948075365
0,full,3,90,static,1,1137,1905,2.174517,0.380622,35702,266,272384,232.6508948075365
0,full,3,91,static,0,1066,1834,2.230798,0.419543,35702,264,270336,-26.31087228257942
0,full,3,91,temporal,1,1066,1834,2.162741,0.4064920000000001,35702,28,28672,-26.31087228257942
0,full,3,92,temporal,0,1132,1900,2.207591,0.414255,35702,28,28672,224.3896490125356
0,full,3,92,static,1,1132,1900,2.293439,0.35454499999999994,35702,266,272384,224.3896490125356
0,full,3,93,static,0,928,1696,2.441869,0.374259,35702,263,269312,-118.96823822950707
0,full,3,93,temporal,1,928,1696,2.2819339999999997,0.4892080000000001,35702,28,28672,-118.96823822950707
0,full,3,94,temporal,0,335,1103,2.199694,0.36812900000000004,35702,28,28672,52.941718786518074
0,full,3,94,static,1,335,1103,2.5950349999999998,0.484654,35702,266,272384,52.941718786518074
0,full,3,95,static,0,733,1501,2.439246,0.36760800000000005,35702,266,272384,152.32079643042886
0,full,3,95,temporal,1,733,1501,2.820124,0.45441099999999995,35702,28,28672,152.32079643042886
0,full,3,96,temporal,0,600,1368,2.702006,0.5219670000000001,35702,28,28672,-235.99056056161126
0,full,3,96,static,1,600,1368,3.040442,0.6112190000000001,35702,264,270336,-235.99056056161126
0,full,3,97,static,0,883,1651,2.761431,0.602061,35702,266,272384,0.9652392614501409
0,full,3,97,temporal,1,883,1651,2.471568,0.370552,35702,28,28672,0.9652392614501409
0,full,3,98,temporal,0,139,907,3.059448,0.6842440000000001,35702,28,28672,47.02846808501505
0,full,3,98,static,1,139,907,2.324196,0.374348,35702,264,270336,47.02846808501505
0,full,3,99,static,0,1108,1876,2.4712169999999998,0.35865699999999995,35702,264,270336,156.8233929533297
0,full,3,99,temporal,1,1108,1876,2.481516,0.36380399999999996,35702,28,28672,156.8233929533297
0,full,3,100,temporal,0,1133,1901,2.65219,0.39232,35702,28,28672,226.21612431199785
0,full,3,100,static,1,1133,1901,2.414924,0.393988,35702,266,272384,226.21612431199785
0,full,3,101,static,0,458,1226,2.092993,0.372732,35702,264,270336,158.7432440461518
0,full,3,101,temporal,1,458,1226,2.199186,0.447513,35702,28,28672,158.7432440461518
0,full,3,102,temporal,0,572,1340,2.192504,0.369592,35702,28,28672,-175.35839861456472
0,full,3,102,static,1,572,1340,2.234422,0.36876299999999995,35702,265,271360,-175.35839861456472
0,full,3,103,static,0,1098,1866,2.317127,0.3604220000000001,35702,264,270336,117.63990080373254
0,full,3,103,temporal,1,1098,1866,2.241703,0.360359,35702,28,28672,117.63990080373254
0,full,3,104,temporal,0,318,1086,2.573584,0.37298599999999993,35702,28,28672,-9.514064883296998
0,full,3,104,static,1,318,1086,2.26684,0.41171,35702,265,271360,-9.514064883296998
0,full,3,105,static,0,176,944,2.688215,0.49490500000000015,35702,266,272384,-114.55722463555
0,full,3,105,temporal,1,176,944,2.277455,0.49764100000000006,35702,28,28672,-114.55722463555
0,full,3,106,temporal,0,354,1122,2.187036,0.3637260000000001,35702,28,28672,110.60073492243093
0,full,3,106,static,1,354,1122,2.336603,0.472152,35702,264,270336,110.60073492243093
0,full,3,107,static,0,75,843,2.2000930000000003,0.500457,35702,264,270336,203.7129719032544
0,full,3,107,temporal,1,75,843,2.476974,0.368881,35702,28,28672,203.7129719032544
0,full,3,108,temporal,0,1232,2000,2.299819,0.4326730000000001,35702,28,28672,44.79036278996181
0,full,3,108,static,1,1232,2000,2.175745,0.4865570000000001,35702,264,270336,44.79036278996181
0,full,3,109,static,0,928,1696,2.705126,0.5306879999999999,35702,263,269312,-118.96823822950707
0,full,3,109,temporal,1,928,1696,2.234586,0.358263,35702,28,28672,-118.96823822950707
0,full,3,110,temporal,0,700,1468,2.311165,0.4832120000000001,35702,28,28672,23.410297690212328
0,full,3,110,static,1,700,1468,2.082232,0.3635909999999999,35702,263,269312,23.410297690212328
0,full,3,111,static,0,173,941,2.11807,0.357017,35702,266,272384,-101.93271596363299
0,full,3,111,temporal,1,173,941,2.490098,0.48414300000000016,35702,28,28672,-101.93271596363299
0,full,3,112,temporal,0,1003,1771,2.446865,0.361477,35702,28,28672,-212.24225208712133
0,full,3,112,static,1,1003,1771,2.200749,0.356143,35702,264,270336,-212.24225208712133
0,full,3,113,static,0,1073,1841,3.48578,1.071383,35702,263,269312,5.624089236292837
0,full,3,113,temporal,1,1073,1841,2.344638,0.42095599999999994,35702,27,27648,5.624089236292837
0,full,3,114,temporal,0,599,1367,2.217986,0.394586,35702,28,28672,-234.77699292104555
0,full,3,114,static,1,599,1367,2.620032,0.39341299999999996,35702,264,270336,-234.77699292104555
0,full,3,115,static,0,1253,2021,2.1934430000000003,0.426387,35702,262,268288,-28.61207407041202
0,full,3,115,temporal,1,1253,2021,2.083904,0.407454,35702,28,28672,-28.61207407041202
0,full,3,116,temporal,0,232,1000,2.178094,0.42115100000000005,35702,28,28672,-248.3850886284491
0,full,3,116,static,1,232,1000,2.2509919999999997,0.450361,35702,264,270336,-248.3850886284491
0,full,3,117,static,0,1126,1894,2.256275,0.36122400000000005,35702,267,273408,211.6502687099376
0,full,3,117,temporal,1,1126,1894,2.307016,0.413032,35702,28,28672,211.6502687099376
0,full,3,118,temporal,0,942,1710,2.655103,0.503419,35702,28,28672,-152.4822633548373
0,full,3,118,static,1,942,1710,2.259608,0.36852300000000004,35702,264,270336,-152.4822633548373
0,full,3,119,static,0,224,992,2.132392,0.43952,35702,265,271360,-244.93781589209146
0,full,3,119,temporal,1,224,992,2.193846,0.43651000000000006,35702,28,28672,-244.93781589209146
1,resolver,0,0,static,0,932,1700,359.675209,0.192777,2934,263,269312,
1,resolver,0,0,temporal,1,932,1700,1.5259749999999999,0.246092,2934,28,28672,
1,resolver,0,1,temporal,0,986,1754,1.659951,0.17867,2934,28,28672,
1,resolver,0,1,static,1,986,1754,1.63717,0.2905790000000001,2934,265,271360,
1,resolver,0,2,static,0,1024,1792,1.753222,0.325058,2934,265,271360,
1,resolver,0,2,temporal,1,1024,1792,1.455052,0.16957,2934,28,28672,
1,resolver,0,3,temporal,0,540,1308,1.466717,0.171801,2934,28,28672,
1,resolver,0,3,static,1,540,1308,1.403462,0.23452099999999998,2934,264,270336,
1,resolver,0,4,static,0,9,777,1.415792,0.22594999999999998,2934,266,272384,
1,resolver,0,4,temporal,1,9,777,1.37442,0.17039600000000002,2934,28,28672,
1,resolver,0,5,temporal,0,933,1701,1.5564280000000001,0.18306799999999998,2934,28,28672,
1,resolver,0,5,static,1,933,1701,1.7270860000000001,0.305148,2934,262,268288,
1,resolver,0,6,static,0,166,934,1.529351,0.16977100000000003,2934,266,272384,
1,resolver,0,6,temporal,1,166,934,1.5310860000000002,0.176192,2934,27,27648,
1,resolver,0,7,temporal,0,669,1437,1.508953,0.17902800000000002,2934,28,28672,
1,resolver,0,7,static,1,669,1437,1.659326,0.234051,2934,265,271360,
1,resolver,0,8,static,0,1003,1771,2.12426,0.243821,2934,264,270336,
1,resolver,0,8,temporal,1,1003,1771,1.685118,0.191117,2934,28,28672,
1,resolver,0,9,temporal,0,615,1383,1.526506,0.202995,2934,28,28672,
1,resolver,0,9,static,1,615,1383,1.9635120000000001,0.18943499999999996,2934,263,269312,
1,resolver,0,10,static,0,258,1026,1.469169,0.23250400000000004,2934,266,272384,
1,resolver,0,10,temporal,1,258,1026,1.713974,0.18801100000000004,2934,28,28672,
1,resolver,0,11,temporal,0,21,789,1.483298,0.244873,2934,28,28672,
1,resolver,0,11,static,1,21,789,1.765417,0.262458,2934,266,272384,
1,resolver,0,12,static,0,1026,1794,1.651843,0.22850800000000002,2934,264,270336,
1,resolver,0,12,temporal,1,1026,1794,1.61653,0.2544680000000001,2934,28,28672,
1,resolver,0,13,temporal,0,18,786,1.68995,0.183498,2934,28,28672,
1,resolver,0,13,static,1,18,786,1.597539,0.18282199999999998,2934,265,271360,
1,resolver,0,14,static,0,1016,1784,1.7158769999999999,0.187895,2934,263,269312,
1,resolver,0,14,temporal,1,1016,1784,1.639977,0.22881500000000002,2934,28,28672,
1,resolver,0,15,temporal,0,1206,1974,1.931016,0.241732,2934,28,28672,
1,resolver,0,15,static,1,1206,1974,1.495681,0.180154,2934,266,272384,
1,resolver,0,16,static,0,524,1292,1.596074,0.23663700000000001,2934,264,270336,
1,resolver,0,16,temporal,1,524,1292,1.6279029999999999,0.2634599999999999,2934,28,28672,
1,resolver,0,17,temporal,0,153,921,1.513186,0.24219599999999997,2934,28,28672,
1,resolver,0,17,static,1,153,921,1.621545,0.18228000000000003,2934,264,270336,
1,resolver,0,18,static,0,231,999,1.691397,0.180877,2934,264,270336,
1,resolver,0,18,temporal,1,231,999,1.492966,0.23587600000000003,2934,28,28672,
1,resolver,0,19,temporal,0,285,1053,1.596714,0.179193,2934,28,28672,
1,resolver,0,19,static,1,285,1053,1.5309970000000002,0.275919,2934,264,270336,
1,resolver,0,20,static,0,1180,1948,1.616609,0.18104599999999998,2934,264,270336,
1,resolver,0,20,temporal,1,1180,1948,1.6665880000000002,0.416594,2934,28,28672,
1,resolver,0,21,temporal,0,421,1189,1.460989,0.240327,2934,28,28672,
1,resolver,0,21,static,1,421,1189,1.5147750000000002,0.18309199999999998,2934,265,271360,
1,resolver,0,22,static,0,561,1329,1.597666,0.21768800000000002,2934,265,271360,
1,resolver,0,22,temporal,1,561,1329,2.079409,0.191002,2934,27,27648,
1,resolver,0,23,temporal,0,430,1198,3.7693230000000004,0.200018,2934,28,28672,
1,resolver,0,23,static,1,430,1198,2.0078549999999997,0.254049,2934,264,270336,
1,resolver,0,24,static,0,489,1257,1.6472959999999999,0.234915,2934,266,272384,
1,resolver,0,24,temporal,1,489,1257,2.0996449999999998,0.36725199999999997,2934,28,28672,
1,resolver,0,25,temporal,0,360,1128,1.473273,0.18337199999999998,2934,28,28672,
1,resolver,0,25,static,1,360,1128,1.6141459999999999,0.280331,2934,265,271360,
1,resolver,0,26,static,0,719,1487,1.685305,0.294935,2934,265,271360,
1,resolver,0,26,temporal,1,719,1487,1.706011,0.26617599999999997,2934,28,28672,
1,resolver,0,27,temporal,0,1190,1958,1.462996,0.17863500000000002,2934,27,27648,
1,resolver,0,27,static,1,1190,1958,1.5565390000000001,0.246682,2934,263,269312,
1,resolver,0,28,static,0,48,816,1.5060850000000001,0.181003,2934,263,269312,
1,resolver,0,28,temporal,1,48,816,1.489102,0.22592900000000002,2934,28,28672,
1,resolver,0,29,temporal,0,512,1280,1.558458,0.180697,2934,28,28672,
1,resolver,0,29,static,1,512,1280,1.9978090000000002,0.28196,2934,264,270336,
1,resolver,0,30,static,0,394,1162,1.526623,0.17835600000000001,2934,264,270336,
1,resolver,0,30,temporal,1,394,1162,1.49923,0.18269600000000003,2934,28,28672,
1,resolver,0,31,temporal,0,4,772,2.0871589999999998,0.696482,2934,28,28672,
1,resolver,0,31,static,1,4,772,1.5080740000000001,0.178647,2934,266,272384,
1,resolver,0,32,static,0,698,1466,1.859669,0.264339,2934,264,270336,
1,resolver,0,32,temporal,1,698,1466,2.492447,0.7630520000000001,2934,28,28672,
1,resolver,0,33,temporal,0,1206,1974,1.8707559999999999,0.19053699999999998,2934,28,28672,
1,resolver,0,33,static,1,1206,1974,2.060692,0.19421899999999995,2934,266,272384,
1,resolver,0,34,static,0,713,1481,2.237008,0.609629,2934,264,270336,
1,resolver,0,34,temporal,1,713,1481,1.742489,0.24279799999999996,2934,28,28672,
1,resolver,0,35,temporal,0,1131,1899,1.6547969999999999,0.24657099999999996,2934,28,28672,
1,resolver,0,35,static,1,1131,1899,1.516942,0.184201,2934,266,272384,
1,resolver,0,36,static,0,1056,1824,1.523142,0.18359,2934,266,272384,
1,resolver,0,36,temporal,1,1056,1824,1.53132,0.180948,2934,28,28672,
1,resolver,0,37,temporal,0,559,1327,1.621408,0.229926,2934,28,28672,
1,resolver,0,37,static,1,559,1327,1.9769549999999998,0.42039200000000004,2934,264,270336,
1,resolver,0,38,static,0,898,1666,1.8205,0.22849199999999997,2934,266,272384,
1,resolver,0,38,temporal,1,898,1666,3.430788,0.192107,2934,28,28672,
1,resolver,0,39,temporal,0,493,1261,1.9058709999999999,0.5287510000000002,2934,28,28672,
1,resolver,0,39,static,1,493,1261,1.63996,0.330231,2934,265,271360,
1,resolver,0,40,static,0,1078,1846,1.675162,0.17898099999999997,2934,264,270336,
1,resolver,0,40,temporal,1,1078,1846,1.786022,0.18429800000000002,2934,28,28672,
1,resolver,0,41,temporal,0,52,820,1.627948,0.24847200000000003,2934,28,28672,
1,resolver,0,41,static,1,52,820,1.712678,0.185129,2934,263,269312,
1,resolver,0,42,static,0,173,941,1.6168630000000002,0.18361000000000002,2934,266,272384,
1,resolver,0,42,temporal,1,173,941,1.808799,0.190201,2934,28,28672,
1,resolver,0,43,temporal,0,814,1582,1.7013340000000001,0.250373,2934,28,28672,
1,resolver,0,43,static,1,814,1582,1.643867,0.19879300000000003,2934,266,272384,
1,resolver,0,44,static,0,435,1203,2.179828,0.356,2934,264,270336,
1,resolver,0,44,temporal,1,435,1203,1.589867,0.18468900000000005,2934,28,28672,
1,resolver,0,45,temporal,0,1153,1921,1.8327529999999999,0.18413700000000002,2934,28,28672,
1,resolver,0,45,static,1,1153,1921,1.504717,0.17814100000000002,2934,263,269312,
1,resolver,0,46,static,0,903,1671,1.6880879999999998,0.244649,2934,266,272384,
1,resolver,0,46,temporal,1,903,1671,1.549704,0.186272,2934,28,28672,
1,resolver,0,47,temporal,0,238,1006,2.103699,0.278086,2934,28,28672,
1,resolver,0,47,static,1,238,1006,1.558399,0.17929999999999996,2934,265,271360,
1,resolver,0,48,static,0,510,1278,1.9057250000000001,0.25072500000000003,2934,264,270336,
1,resolver,0,48,temporal,1,510,1278,1.541057,0.18096400000000004,2934,28,28672,
1,resolver,0,49,temporal,0,74,842,1.521561,0.18212099999999995,2934,28,28672,
1,resolver,0,49,static,1,74,842,1.670242,0.18244300000000002,2934,264,270336,
1,resolver,0,50,static,0,23,791,2.152294,0.228522,2934,266,272384,
1,resolver,0,50,temporal,1,23,791,1.787426,0.178376,2934,28,28672,
1,resolver,0,51,temporal,0,337,1105,1.5002609999999998,0.182196,2934,28,28672,
1,resolver,0,51,static,1,337,1105,1.572817,0.17925,2934,265,271360,
1,resolver,0,52,static,0,1,769,1.4904499999999998,0.176903,2934,265,271360,
1,resolver,0,52,temporal,1,1,769,2.246723,0.24562300000000004,2934,28,28672,
1,resolver,0,53,temporal,0,517,1285,1.4902730000000002,0.24336999999999998,2934,28,28672,
1,resolver,0,53,static,1,517,1285,2.101622,0.3432299999999999,2934,264,270336,
1,resolver,0,54,static,0,407,1175,1.608893,0.179506,2934,266,272384,
1,resolver,0,54,temporal,1,407,1175,1.667084,0.19409199999999996,2934,28,28672,
1,resolver,0,55,temporal,0,866,1634,1.850844,0.179622,2934,28,28672,
1,resolver,0,55,static,1,866,1634,1.698253,0.258699,2934,264,270336,
1,resolver,0,56,static,0,877,1645,1.560068,0.17893199999999998,2934,264,270336,
1,resolver,0,56,temporal,1,877,1645,1.987652,0.19402300000000006,2934,28,28672,
1,resolver,0,57,temporal,0,1199,1967,1.705465,0.202307,2934,28,28672,
1,resolver,0,57,static,1,1199,1967,1.9563689999999998,0.23109299999999997,2934,264,270336,
1,resolver,0,58,static,0,889,1657,1.602046,0.30925900000000006,2934,266,272384,
1,resolver,0,58,temporal,1,889,1657,1.6113169999999999,0.185559,2934,28,28672,
1,resolver,0,59,temporal,0,362,1130,1.5655210000000002,0.186664,2934,28,28672,
1,resolver,0,59,static,1,362,1130,1.638025,0.186823,2934,264,270336,
1,resolver,0,60,static,0,388,1156,1.515227,0.181769,2934,264,270336,
1,resolver,0,60,temporal,1,388,1156,1.770971,0.256336,2934,28,28672,
1,resolver,0,61,temporal,0,92,860,1.8347280000000001,0.18389000000000003,2934,28,28672,
1,resolver,0,61,static,1,92,860,1.877824,0.19011699999999998,2934,266,272384,
1,resolver,0,62,static,0,365,1133,1.964189,0.29741200000000007,2934,264,270336,
1,resolver,0,62,temporal,1,365,1133,1.472122,0.17221099999999998,2934,28,28672,
1,resolver,0,63,temporal,0,372,1140,1.592359,0.176028,2934,28,28672,
1,resolver,0,63,static,1,372,1140,1.498563,0.17807099999999995,2934,263,269312,
1,resolver,0,64,static,0,796,1564,1.5076749999999999,0.18495299999999998,2934,265,271360,
1,resolver,0,64,temporal,1,796,1564,1.786684,0.24899700000000005,2934,28,28672,
1,resolver,0,65,temporal,0,775,1543,1.774814,0.398757,2934,28,28672,
1,resolver,0,65,static,1,775,1543,1.5789879999999998,0.24444399999999997,2934,263,269312,
1,resolver,0,66,static,0,1121,1889,1.541755,0.18440900000000002,2934,266,272384,
1,resolver,0,66,temporal,1,1121,1889,1.609028,0.17892199999999994,2934,28,28672,
1,resolver,0,67,temporal,0,244,1012,1.903415,0.185777,2934,28,28672,
1,resolver,0,67,static,1,244,1012,1.764987,0.304788,2934,266,272384,
1,resolver,0,68,static,0,603,1371,1.4449,0.176087,2934,264,270336,
1,resolver,0,68,temporal,1,603,1371,1.629803,0.30602900000000005,2934,28,28672,
1,resolver,0,69,temporal,0,1037,1805,1.539187,0.24088299999999999,2934,28,28672,
1,resolver,0,69,static,1,1037,1805,1.9721119999999999,0.24632300000000001,2934,265,271360,
1,resolver,0,70,static,0,776,1544,1.6584889999999999,0.18477300000000002,2934,262,268288,
1,resolver,0,70,temporal,1,776,1544,1.709269,0.185309,2934,28,28672,
1,resolver,0,71,temporal,0,376,1144,1.550198,0.18502100000000002,2934,28,28672,
1,resolver,0,71,static,1,376,1144,2.223942,0.187116,2934,263,269312,
1,resolver,0,72,static,0,203,971,1.501421,0.25357500000000005,2934,264,270336,
1,resolver,0,72,temporal,1,203,971,1.747412,0.18459200000000003,2934,28,28672,
1,resolver,0,73,temporal,0,334,1102,1.51701,0.26252699999999995,2934,28,28672,
1,resolver,0,73,static,1,334,1102,1.677054,0.20816300000000004,2934,265,271360,
1,resolver,0,74,static,0,284,1052,1.6660519999999999,0.20156500000000002,2934,264,270336,
1,resolver,0,74,temporal,1,284,1052,1.794096,0.25948999999999994,2934,28,28672,
1,resolver,0,75,temporal,0,329,1097,1.560532,0.210111,2934,28,28672,
1,resolver,0,75,static,1,329,1097,1.861056,0.43326,2934,266,272384,
1,resolver,0,76,static,0,875,1643,1.53316,0.19374,2934,264,270336,
1,resolver,0,76,temporal,1,875,1643,1.678395,0.20864700000000003,2934,28,28672,
1,resolver,0,77,temporal,0,524,1292,1.973926,0.359193,2934,28,28672,
1,resolver,0,77,static,1,524,1292,1.684777,0.194708,2934,264,270336,
1,resolver,0,78,static,0,1038,1806,1.680485,0.184812,2934,264,270336,
1,resolver,0,78,temporal,1,1038,1806,2.029543,0.208343,2934,28,28672,
1,resolver,0,79,temporal,0,729,1497,1.5282959999999999,0.196435,2934,28,28672,
1,resolver,0,79,static,1,729,1497,1.885662,0.217711,2934,266,272384,
1,resolver,0,80,static,0,827,1595,1.768768,0.195984,2934,264,270336,
1,resolver,0,80,temporal,1,827,1595,1.6131229999999999,0.230593,2934,28,28672,
1,resolver,0,81,temporal,0,15,783,2.202397,0.303664,2934,28,28672,
1,resolver,0,81,static,1,15,783,1.578793,0.18941400000000003,2934,266,272384,
1,resolver,0,82,static,0,81,849,1.881831,0.190753,2934,266,272384,
1,resolver,0,82,temporal,1,81,849,1.568231,0.25810500000000003,2934,28,28672,
1,resolver,0,83,temporal,0,1206,1974,1.8970230000000001,0.3427780000000001,2934,28,28672,
1,resolver,0,83,static,1,1206,1974,1.5257440000000002,0.19382500000000005,2934,266,272384,
1,resolver,0,84,static,0,94,862,1.880581,0.21911800000000003,2934,266,272384,
1,resolver,0,84,temporal,1,94,862,1.5335480000000001,0.190799,2934,28,28672,
1,resolver,0,85,temporal,0,907,1675,1.603953,0.24752599999999997,2934,28,28672,
1,resolver,0,85,static,1,907,1675,1.71353,0.24302299999999996,2934,265,271360,
1,resolver,0,86,static,0,688,1456,1.916474,0.185381,2934,263,269312,
1,resolver,0,86,temporal,1,688,1456,1.6189419999999999,0.23273200000000002,2934,28,28672,
1,resolver,0,87,temporal,0,665,1433,1.905636,0.24499600000000005,2934,28,28672,
1,resolver,0,87,static,1,665,1433,2.032755,0.18874899999999994,2934,265,271360,
1,resolver,0,88,static,0,430,1198,1.6427779999999998,0.183428,2934,264,270336,
1,resolver,0,88,temporal,1,430,1198,1.4507910000000002,0.186231,2934,28,28672,
1,resolver,0,89,temporal,0,808,1576,1.9251179999999999,0.5117540000000002,2934,28,28672,
1,resolver,0,89,static,1,808,1576,1.5361159999999998,0.225579,2934,266,272384,
1,resolver,0,90,static,0,1137,1905,1.846441,0.27365100000000003,2934,266,272384,
1,resolver,0,90,temporal,1,1137,1905,1.616044,0.182099,2934,28,28672,
1,resolver,0,91,temporal,0,1066,1834,2.082367,0.235,2934,28,28672,
1,resolver,0,91,static,1,1066,1834,1.575433,0.19195400000000004,2934,264,270336,
1,resolver,0,92,static,0,1132,1900,1.522397,0.18496399999999996,2934,266,272384,
1,resolver,0,92,temporal,1,1132,1900,2.451495,0.194973,2934,28,28672,
1,resolver,0,93,temporal,0,928,1696,2.010119,0.33566500000000005,2934,28,28672,
1,resolver,0,93,static,1,928,1696,1.6343429999999999,0.189322,2934,263,269312,
1,resolver,0,94,static,0,335,1103,1.5200859999999998,0.23346299999999998,2934,266,272384,
1,resolver,0,94,temporal,1,335,1103,1.814268,0.231655,2934,28,28672,
1,resolver,0,95,temporal,0,733,1501,2.0206299999999997,0.401207,2934,28,28672,
1,resolver,0,95,static,1,733,1501,1.680082,0.18270299999999998,2934,266,272384,
1,resolver,0,96,static,0,600,1368,1.473268,0.240489,2934,264,270336,
1,resolver,0,96,temporal,1,600,1368,1.701802,0.24635300000000004,2934,28,28672,
1,resolver,0,97,temporal,0,883,1651,1.554403,0.19151400000000002,2934,28,28672,
1,resolver,0,97,static,1,883,1651,1.708577,0.28185000000000004,2934,266,272384,
1,resolver,0,98,static,0,139,907,1.507542,0.179549,2934,264,270336,
1,resolver,0,98,temporal,1,139,907,1.7057879999999999,0.26423099999999994,2934,28,28672,
1,resolver,0,99,temporal,0,1108,1876,1.4758639999999998,0.202595,2934,28,28672,
1,resolver,0,99,static,1,1108,1876,1.574464,0.19007500000000002,2934,264,270336,
1,resolver,0,100,static,0,1133,1901,1.45961,0.18699199999999996,2934,266,272384,
1,resolver,0,100,temporal,1,1133,1901,1.614783,0.19417500000000001,2934,28,28672,
1,resolver,0,101,temporal,0,458,1226,1.510208,0.18432699999999996,2934,28,28672,
1,resolver,0,101,static,1,458,1226,2.048927,0.31542800000000004,2934,264,270336,
1,resolver,0,102,static,0,572,1340,1.478216,0.24518799999999996,2934,265,271360,
1,resolver,0,102,temporal,1,572,1340,1.618148,0.24135799999999996,2934,28,28672,
1,resolver,0,103,temporal,0,1098,1866,1.6350939999999998,0.240074,2934,28,28672,
1,resolver,0,103,static,1,1098,1866,1.659847,0.184362,2934,264,270336,
1,resolver,0,104,static,0,318,1086,1.6466409999999998,0.18837900000000002,2934,265,271360,
1,resolver,0,104,temporal,1,318,1086,2.342111,0.9032479999999998,2934,28,28672,
1,resolver,0,105,temporal,0,176,944,3.453912,2.133522,2934,28,28672,
1,resolver,0,105,static,1,176,944,1.52287,0.180033,2934,266,272384,
1,resolver,0,106,static,0,354,1122,1.672146,0.210737,2934,264,270336,
1,resolver,0,106,temporal,1,354,1122,1.608772,0.24384700000000004,2934,28,28672,
1,resolver,0,107,temporal,0,75,843,1.518073,0.185423,2934,28,28672,
1,resolver,0,107,static,1,75,843,1.520118,0.18147800000000003,2934,264,270336,
1,resolver,0,108,static,0,1232,2000,1.478538,0.18727400000000002,2934,264,270336,
1,resolver,0,108,temporal,1,1232,2000,1.577888,0.184176,2934,28,28672,
1,resolver,0,109,temporal,0,928,1696,1.6794799999999999,0.184157,2934,28,28672,
1,resolver,0,109,static,1,928,1696,1.756366,0.189592,2934,263,269312,
1,resolver,0,110,static,0,700,1468,1.632997,0.18394400000000002,2934,263,269312,
1,resolver,0,110,temporal,1,700,1468,2.304221,0.24383600000000002,2934,28,28672,
1,resolver,0,111,temporal,0,173,941,1.585319,0.19068400000000002,2934,28,28672,
1,resolver,0,111,static,1,173,941,1.6651770000000001,0.18363999999999997,2934,266,272384,
1,resolver,0,112,static,0,1003,1771,1.465369,0.24121099999999998,2934,264,270336,
1,resolver,0,112,temporal,1,1003,1771,1.479061,0.18060699999999996,2934,28,28672,
1,resolver,0,113,temporal,0,1073,1841,1.4986220000000001,0.18114500000000003,2934,27,27648,
1,resolver,0,113,static,1,1073,1841,1.617473,0.31579700000000005,2934,263,269312,
1,resolver,0,114,static,0,599,1367,1.519061,0.184053,2934,264,270336,
1,resolver,0,114,temporal,1,599,1367,2.061794,0.184236,2934,28,28672,
1,resolver,0,115,temporal,0,1253,2021,2.1986269999999997,0.191902,2934,28,28672,
1,resolver,0,115,static,1,1253,2021,1.919257,0.261175,2934,262,268288,
1,resolver,0,116,static,0,232,1000,1.588154,0.177193,2934,264,270336,
1,resolver,0,116,temporal,1,232,1000,1.648316,0.18130799999999997,2934,28,28672,
1,resolver,0,117,temporal,0,1126,1894,1.648538,0.188574,2934,28,28672,
1,resolver,0,117,static,1,1126,1894,1.686833,0.184702,2934,267,273408,
1,resolver,0,118,static,0,942,1710,1.880449,0.19416599999999998,2934,264,270336,
1,resolver,0,118,temporal,1,942,1710,1.645416,0.185317,2934,28,28672,
1,resolver,0,119,temporal,0,224,992,1.7244199999999998,0.28910300000000005,2934,28,28672,
1,resolver,0,119,static,1,224,992,2.091584,0.182753,2934,265,271360,
1,resolver,1,0,temporal,0,932,1700,1.479044,0.18385099999999996,2934,28,28672,
1,resolver,1,0,static,1,932,1700,1.730148,0.17994100000000002,2934,263,269312,
1,resolver,1,1,static,0,986,1754,1.608101,0.35299699999999995,2934,265,271360,
1,resolver,1,1,temporal,1,986,1754,1.6303050000000001,0.258404,2934,28,28672,
1,resolver,1,2,temporal,0,1024,1792,1.504775,0.237299,2934,28,28672,
1,resolver,1,2,static,1,1024,1792,1.62005,0.182221,2934,265,271360,
1,resolver,1,3,static,0,540,1308,1.718464,0.18098699999999998,2934,264,270336,
1,resolver,1,3,temporal,1,540,1308,1.778867,0.187237,2934,28,28672,
1,resolver,1,4,temporal,0,9,777,1.5391389999999998,0.183273,2934,28,28672,
1,resolver,1,4,static,1,9,777,1.724504,0.24924599999999994,2934,266,272384,
1,resolver,1,5,static,0,933,1701,1.6675360000000001,0.313367,2934,262,268288,
1,resolver,1,5,temporal,1,933,1701,2.505666,0.19988999999999998,2934,28,28672,
1,resolver,1,6,temporal,0,166,934,1.453694,0.18284199999999998,2934,27,27648,
1,resolver,1,6,static,1,166,934,1.858454,0.18316200000000002,2934,266,272384,
1,resolver,1,7,static,0,669,1437,1.79074,0.18393700000000002,2934,265,271360,
1,resolver,1,7,temporal,1,669,1437,1.480964,0.17382900000000004,2934,28,28672,
1,resolver,1,8,temporal,0,1003,1771,1.539169,0.174246,2934,28,28672,
1,resolver,1,8,static,1,1003,1771,1.481172,0.17297699999999996,2934,264,270336,
1,resolver,1,9,static,0,615,1383,1.515572,0.196029,2934,263,269312,
1,resolver,1,9,temporal,1,615,1383,1.8100049999999999,0.18971700000000002,2934,28,28672,
1,resolver,1,10,temporal,0,258,1026,1.5754,0.18967400000000004,2934,28,28672,
1,resolver,1,10,static,1,258,1026,2.053081,0.40471299999999993,2934,266,272384,
1,resolver,1,11,static,0,21,789,1.642405,0.23155599999999998,2934,266,272384,
1,resolver,1,11,temporal,1,21,789,1.480295,0.184048,2934,28,28672,
1,resolver,1,12,temporal,0,1026,1794,1.449626,0.17934300000000003,2934,28,28672,
1,resolver,1,12,static,1,1026,1794,1.570044,0.256893,2934,264,270336,
1,resolver,1,13,static,0,18,786,1.642077,0.24113100000000004,2934,265,271360,
1,resolver,1,13,temporal,1,18,786,1.875188,0.39113899999999996,2934,28,28672,
1,resolver,1,14,temporal,0,1016,1784,1.744803,0.19115400000000002,2934,28,28672,
1,resolver,1,14,static,1,1016,1784,1.865834,0.22815300000000002,2934,263,269312,
1,resolver,1,15,static,0,1206,1974,1.614594,0.18327400000000002,2934,266,272384,
1,resolver,1,15,temporal,1,1206,1974,1.729732,0.183008,2934,28,28672,
1,resolver,1,16,temporal,0,524,1292,1.702104,0.18422199999999997,2934,28,28672,
1,resolver,1,16,static,1,524,1292,1.64046,0.18172600000000003,2934,264,270336,
1,resolver,1,17,static,0,153,921,1.7847659999999999,0.199336,2934,264,270336,
1,resolver,1,17,temporal,1,153,921,1.6151550000000001,0.18263500000000002,2934,28,28672,
1,resolver,1,18,temporal,0,231,999,1.60315,0.19022700000000003,2934,28,28672,
1,resolver,1,18,static,1,231,999,1.655199,0.181937,2934,264,270336,
1,resolver,1,19,static,0,285,1053,1.558583,0.17881800000000003,2934,264,270336,
1,resolver,1,19,temporal,1,285,1053,1.529659,0.18043399999999998,2934,28,28672,
1,resolver,1,20,temporal,0,1180,1948,1.470145,0.252222,2934,28,28672,
1,resolver,1,20,static,1,1180,1948,1.55992,0.17885500000000001,2934,264,270336,
1,resolver,1,21,static,0,421,1189,1.673281,0.19025899999999998,2934,265,271360,
1,resolver,1,21,temporal,1,421,1189,1.6713369999999999,0.32736699999999996,2934,28,28672,
1,resolver,1,22,temporal,0,561,1329,1.749421,0.4377980000000001,2934,27,27648,
1,resolver,1,22,static,1,561,1329,1.641362,0.18417799999999998,2934,265,271360,
1,resolver,1,23,static,0,430,1198,1.661943,0.18466,2934,264,270336,
1,resolver,1,23,temporal,1,430,1198,1.660379,0.18406799999999998,2934,28,28672,
1,resolver,1,24,temporal,0,489,1257,1.493857,0.18425900000000003,2934,28,28672,
1,resolver,1,24,static,1,489,1257,2.7634869999999996,0.190108,2934,266,272384,
1,resolver,1,25,static,0,360,1128,1.467252,0.18246499999999996,2934,265,271360,
1,resolver,1,25,temporal,1,360,1128,1.63352,0.18192299999999997,2934,28,28672,
1,resolver,1,26,temporal,0,719,1487,1.464865,0.18462399999999998,2934,28,28672,
1,resolver,1,26,static,1,719,1487,1.684428,0.24050999999999997,2934,265,271360,
1,resolver,1,27,static,0,1190,1958,1.4640600000000001,0.183398,2934,263,269312,
1,resolver,1,27,temporal,1,1190,1958,1.679877,0.18330699999999997,2934,27,27648,
1,resolver,1,28,temporal,0,48,816,1.5024520000000001,0.187594,2934,28,28672,
1,resolver,1,28,static,1,48,816,1.808558,0.428132,2934,263,269312,
1,resolver,1,29,static,0,512,1280,1.508303,0.186349,2934,264,270336,
1,resolver,1,29,temporal,1,512,1280,1.843991,0.23089400000000002,2934,28,28672,
1,resolver,1,30,temporal,0,394,1162,1.621363,0.186252,2934,28,28672,
1,resolver,1,30,static,1,394,1162,1.646667,0.183967,2934,264,270336,
1,resolver,1,31,static,0,4,772,1.4550319999999999,0.18000099999999997,2934,266,272384,
1,resolver,1,31,temporal,1,4,772,1.55887,0.176747,2934,28,28672,
1,resolver,1,32,temporal,0,698,1466,1.855588,0.201965,2934,28,28672,
1,resolver,1,32,static,1,698,1466,1.6704949999999998,0.28533200000000003,2934,264,270336,
1,resolver,1,33,static,0,1206,1974,1.667754,0.3544260000000001,2934,266,272384,
1,resolver,1,33,temporal,1,1206,1974,1.952498,0.19400900000000001,2934,28,28672,
1,resolver,1,34,temporal,0,713,1481,2.2451480000000004,0.3545629999999999,2934,28,28672,
1,resolver,1,34,static,1,713,1481,4.134226,0.20141800000000004,2934,264,270336,
1,resolver,1,35,static,0,1131,1899,1.897244,0.186334,2934,266,272384,
1,resolver,1,35,temporal,1,1131,1899,2.696376,1.215657,2934,28,28672,
1,resolver,1,36,temporal,0,1056,1824,1.484791,0.241983,2934,28,28672,
1,resolver,1,36,static,1,1056,1824,2.386039,0.34774499999999997,2934,266,272384,
1,resolver,1,37,static,0,559,1327,1.969157,0.3156229999999999,2934,264,270336,
1,resolver,1,37,temporal,1,559,1327,1.613146,0.18675499999999998,2934,28,28672,
1,resolver,1,38,temporal,0,898,1666,1.746473,0.336611,2934,28,28672,
1,resolver,1,38,static,1,898,1666,1.607372,0.19090100000000002,2934,266,272384,
1,resolver,1,39,static,0,493,1261,1.882886,0.18526600000000004,2934,265,271360,
1,resolver,1,39,temporal,1,493,1261,1.517131,0.189884,2934,28,28672,
1,resolver,1,40,temporal,0,1078,1846,1.625069,0.18608500000000006,2934,28,28672,
1,resolver,1,40,static,1,1078,1846,1.5138230000000001,0.181636,2934,264,270336,
1,resolver,1,41,static,0,52,820,1.725236,0.26092499999999996,2934,263,269312,
1,resolver,1,41,temporal,1,52,820,1.494718,0.184498,2934,28,28672,
1,resolver,1,42,temporal,0,173,941,1.5861939999999999,0.18649000000000002,2934,28,28672,
1,resolver,1,42,static,1,173,941,1.463844,0.18048599999999998,2934,266,272384,
1,resolver,1,43,static,0,814,1582,1.918657,0.21197799999999994,2934,266,272384,
1,resolver,1,43,temporal,1,814,1582,1.507644,0.186504,2934,28,28672,
1,resolver,1,44,temporal,0,435,1203,1.6253870000000001,0.241891,2934,28,28672,
1,resolver,1,44,static,1,435,1203,1.663781,0.31364099999999995,2934,264,270336,
1,resolver,1,45,static,0,1153,1921,1.71251,0.18389,2934,263,269312,
1,resolver,1,45,temporal,1,1153,1921,1.698417,0.23170599999999997,2934,28,28672,
1,resolver,1,46,temporal,0,903,1671,1.674228,0.227521,2934,28,28672,
1,resolver,1,46,static,1,903,1671,1.6329230000000001,0.24160299999999998,2934,266,272384,
1,resolver,1,47,static,0,238,1006,1.850695,0.186495,2934,265,271360,
1,resolver,1,47,temporal,1,238,1006,1.496479,0.189322,2934,28,28672,
1,resolver,1,48,temporal,0,510,1278,1.687432,0.184412,2934,28,28672,
1,resolver,1,48,static,1,510,1278,1.485362,0.183104,2934,264,270336,
1,resolver,1,49,static,0,74,842,1.625341,0.25599900000000003,2934,264,270336,
1,resolver,1,49,temporal,1,74,842,1.496879,0.18273300000000003,2934,28,28672,
1,resolver,1,50,temporal,0,23,791,1.6642219999999999,0.20388200000000004,2934,28,28672,
1,resolver,1,50,static,1,23,791,1.859963,0.18384300000000003,2934,266,272384,
1,resolver,1,51,static,0,337,1105,1.6962979999999999,0.18239900000000003,2934,265,271360,
1,resolver,1,51,temporal,1,337,1105,1.731111,0.330471,2934,28,28672,
1,resolver,1,52,temporal,0,1,769,1.781847,0.18159600000000004,2934,28,28672,
1,resolver,1,52,static,1,1,769,2.0820779999999997,0.40948499999999993,2934,265,271360,
1,resolver,1,53,static,0,517,1285,1.4845780000000002,0.17739400000000002,2934,264,270336,
1,resolver,1,53,temporal,1,517,1285,1.439606,0.17889,2934,28,28672,
1,resolver,1,54,temporal,0,407,1175,1.5462099999999999,0.17990500000000004,2934,28,28672,
1,resolver,1,54,static,1,407,1175,1.4270909999999999,0.17551899999999998,2934,266,272384,
1,resolver,1,55,static,0,866,1634,1.710554,0.178737,2934,264,270336,
1,resolver,1,55,temporal,1,866,1634,1.699449,0.44182299999999997,2934,28,28672,
1,resolver,1,56,temporal,0,877,1645,1.517847,0.1778,2934,28,28672,
1,resolver,1,56,static,1,877,1645,1.585812,0.17718199999999998,2934,264,270336,
1,resolver,1,57,static,0,1199,1967,1.697496,0.17723899999999995,2934,264,270336,
1,resolver,1,57,temporal,1,1199,1967,1.442276,0.237751,2934,28,28672,
1,resolver,1,58,temporal,0,889,1657,2.064211,0.37456300000000003,2934,28,28672,
1,resolver,1,58,static,1,889,1657,1.479506,0.18262399999999998,2934,266,272384,
1,resolver,1,59,static,0,362,1130,1.740053,0.18418900000000002,2934,264,270336,
1,resolver,1,59,temporal,1,362,1130,1.644773,0.181258,2934,28,28672,
1,resolver,1,60,temporal,0,388,1156,1.618063,0.18177599999999997,2934,28,28672,
1,resolver,1,60,static,1,388,1156,1.473713,0.252182,2934,264,270336,
1,resolver,1,61,static,0,92,860,1.556663,0.17622699999999994,2934,266,272384,
1,resolver,1,61,temporal,1,92,860,1.689808,0.195025,2934,28,28672,
1,resolver,1,62,temporal,0,365,1133,1.864103,0.39117999999999997,2934,28,28672,
1,resolver,1,62,static,1,365,1133,1.914577,0.181766,2934,264,270336,
1,resolver,1,63,static,0,372,1140,1.897878,0.20116599999999993,2934,263,269312,
1,resolver,1,63,temporal,1,372,1140,2.047252,0.223291,2934,28,28672,
1,resolver,1,64,temporal,0,796,1564,1.73775,0.196446,2934,28,28672,
1,resolver,1,64,static,1,796,1564,1.610508,0.190782,2934,265,271360,
1,resolver,1,65,static,0,775,1543,1.6218569999999999,0.187885,2934,263,269312,
1,resolver,1,65,temporal,1,775,1543,1.526069,0.18928900000000004,2934,28,28672,
1,resolver,1,66,temporal,0,1121,1889,1.623273,0.18323099999999998,2934,28,28672,
1,resolver,1,66,static,1,1121,1889,1.826863,0.187936,2934,266,272384,
1,resolver,1,67,static,0,244,1012,1.550036,0.18425100000000005,2934,266,272384,
1,resolver,1,67,temporal,1,244,1012,1.561764,0.186916,2934,28,28672,
1,resolver,1,68,temporal,0,603,1371,1.493235,0.261329,2934,28,28672,
1,resolver,1,68,static,1,603,1371,1.4875019999999999,0.176668,2934,264,270336,
1,resolver,1,69,static,0,1037,1805,1.491116,0.18343899999999996,2934,265,271360,
1,resolver,1,69,temporal,1,1037,1805,1.72254,0.186727,2934,28,28672,
1,resolver,1,70,temporal,0,776,1544,1.6444,0.187121,2934,28,28672,
1,resolver,1,70,static,1,776,1544,1.539921,0.18236999999999998,2934,262,268288,
1,resolver,1,71,static,0,376,1144,1.578335,0.180106,2934,263,269312,
1,resolver,1,71,temporal,1,376,1144,1.4913450000000001,0.183766,2934,28,28672,
1,resolver,1,72,temporal,0,203,971,1.8829230000000001,0.188122,2934,28,28672,
1,resolver,1,72,static,1,203,971,1.849574,0.43612799999999996,2934,264,270336,
1,resolver,1,73,static,0,334,1102,1.6576920000000002,0.29464700000000005,2934,265,271360,
1,resolver,1,73,temporal,1,334,1102,1.6379910000000002,0.2593210000000001,2934,28,28672,
1,resolver,1,74,temporal,0,284,1052,1.454964,0.18330399999999997,2934,28,28672,
1,resolver,1,74,static,1,284,1052,1.56303,0.18887900000000002,2934,264,270336,
1,resolver,1,75,static,0,329,1097,1.4744389999999998,0.234382,2934,266,272384,
1,resolver,1,75,temporal,1,329,1097,1.626519,0.25283100000000003,2934,28,28672,
1,resolver,1,76,temporal,0,875,1643,1.5107009999999998,0.184591,2934,28,28672,
1,resolver,1,76,static,1,875,1643,1.520539,0.18114900000000003,2934,264,270336,
1,resolver,1,77,static,0,524,1292,1.4555390000000001,0.179216,2934,264,270336,
1,resolver,1,77,temporal,1,524,1292,2.703738,0.4210479999999999,2934,28,28672,
1,resolver,1,78,temporal,0,1038,1806,1.461805,0.18266500000000002,2934,28,28672,
1,resolver,1,78,static,1,1038,1806,1.757137,0.24236099999999997,2934,264,270336,
1,resolver,1,79,static,0,729,1497,1.621135,0.314349,2934,266,272384,
1,resolver,1,79,temporal,1,729,1497,1.6194709999999999,0.21033300000000002,2934,28,28672,
1,resolver,1,80,temporal,0,827,1595,1.5858910000000002,0.245743,2934,28,28672,
1,resolver,1,80,static,1,827,1595,1.796677,0.24329299999999998,2934,264,270336,
1,resolver,1,81,static,0,15,783,1.628158,0.18528299999999998,2934,266,272384,
1,resolver,1,81,temporal,1,15,783,1.725279,0.345568,2934,28,28672,
1,resolver,1,82,temporal,0,81,849,1.730758,0.18455300000000002,2934,28,28672,
1,resolver,1,82,static,1,81,849,1.778586,0.19157,2934,266,272384,
1,resolver,1,83,static,0,1206,1974,1.740531,0.18158,2934,266,272384,
1,resolver,1,83,temporal,1,1206,1974,2.161793,0.3953110000000001,2934,28,28672,
1,resolver,1,84,temporal,0,94,862,1.9567260000000002,0.189745,2934,28,28672,
1,resolver,1,84,static,1,94,862,1.507377,0.18287699999999998,2934,266,272384,
1,resolver,1,85,static,0,907,1675,1.6195160000000002,0.27496999999999994,2934,265,271360,
1,resolver,1,85,temporal,1,907,1675,1.5275219999999998,0.18404799999999996,2934,28,28672,
1,resolver,1,86,temporal,0,688,1456,1.934661,0.37135999999999997,2934,28,28672,
1,resolver,1,86,static,1,688,1456,1.7081240000000002,0.23136099999999996,2934,263,269312,
1,resolver,1,87,static,0,665,1433,1.9702169999999999,0.29744100000000007,2934,265,271360,
1,resolver,1,87,temporal,1,665,1433,1.581418,0.18073,2934,28,28672,
1,resolver,1,88,temporal,0,430,1198,1.9074339999999999,0.21028000000000002,2934,28,28672,
1,resolver,1,88,static,1,430,1198,1.47224,0.18342799999999995,2934,264,270336,
1,resolver,1,89,static,0,808,1576,1.650882,0.24999799999999997,2934,266,272384,
1,resolver,1,89,temporal,1,808,1576,1.549413,0.18639199999999997,2934,28,28672,
1,resolver,1,90,temporal,0,1137,1905,1.780267,0.373876,2934,28,28672,
1,resolver,1,90,static,1,1137,1905,1.488537,0.196486,2934,266,272384,
1,resolver,1,91,static,0,1066,1834,6.072822,0.197425,2934,264,270336,
1,resolver,1,91,temporal,1,1066,1834,3.684693,0.46634999999999993,2934,28,28672,
1,resolver,1,92,temporal,0,1132,1900,2.1312979999999997,0.192062,2934,28,28672,
1,resolver,1,92,static,1,1132,1900,1.776353,0.19108299999999998,2934,266,272384,
1,resolver,1,93,static,0,928,1696,1.6905970000000001,0.18114000000000002,2934,263,269312,
1,resolver,1,93,temporal,1,928,1696,1.676405,0.18555599999999997,2934,28,28672,
1,resolver,1,94,temporal,0,335,1103,1.504359,0.25172199999999995,2934,28,28672,
1,resolver,1,94,static,1,335,1103,1.822505,0.18646700000000002,2934,266,272384,
1,resolver,1,95,static,0,733,1501,1.527265,0.186527,2934,266,272384,
1,resolver,1,95,temporal,1,733,1501,1.671964,0.2600679999999999,2934,28,28672,
1,resolver,1,96,temporal,0,600,1368,1.739848,0.309568,2934,28,28672,
1,resolver,1,96,static,1,600,1368,1.663083,0.272877,2934,264,270336,
1,resolver,1,97,static,0,883,1651,1.535287,0.238723,2934,266,272384,
1,resolver,1,97,temporal,1,883,1651,1.512883,0.18604800000000005,2934,28,28672,
1,resolver,1,98,temporal,0,139,907,1.5390759999999999,0.18362,2934,28,28672,
1,resolver,1,98,static,1,139,907,1.46133,0.182663,2934,264,270336,
1,resolver,1,99,static,0,1108,1876,1.663524,0.189651,2934,264,270336,
1,resolver,1,99,temporal,1,1108,1876,2.662515,0.37051900000000004,2934,28,28672,
1,resolver,1,100,temporal,0,1133,1901,1.5334070000000002,0.187707,2934,28,28672,
1,resolver,1,100,static,1,1133,1901,2.503732,1.1054540000000002,2934,266,272384,
1,resolver,1,101,static,0,458,1226,1.595714,0.26065600000000005,2934,264,270336,
1,resolver,1,101,temporal,1,458,1226,1.618107,0.20673999999999998,2934,28,28672,
1,resolver,1,102,temporal,0,572,1340,1.45053,0.182518,2934,28,28672,
1,resolver,1,102,static,1,572,1340,1.735412,0.19001300000000002,2934,265,271360,
1,resolver,1,103,static,0,1098,1866,1.473502,0.18065299999999998,2934,264,270336,
1,resolver,1,103,temporal,1,1098,1866,1.619561,0.24412800000000004,2934,28,28672,
1,resolver,1,104,temporal,0,318,1086,1.748496,0.188066,2934,28,28672,
1,resolver,1,104,static,1,318,1086,1.586652,0.186584,2934,265,271360,
1,resolver,1,105,static,0,176,944,3.826608,1.848448,2934,266,272384,
1,resolver,1,105,temporal,1,176,944,1.539892,0.18905299999999997,2934,28,28672,
1,resolver,1,106,temporal,0,354,1122,1.808893,0.196872,2934,28,28672,
1,resolver,1,106,static,1,354,1122,1.6877739999999999,0.18936000000000003,2934,264,270336,
1,resolver,1,107,static,0,75,843,1.6134899999999999,0.182808,2934,264,270336,
1,resolver,1,107,temporal,1,75,843,1.712593,0.189342,2934,28,28672,
1,resolver,1,108,temporal,0,1232,2000,1.971626,0.188609,2934,28,28672,
1,resolver,1,108,static,1,1232,2000,1.6405809999999998,0.226818,2934,264,270336,
1,resolver,1,109,static,0,928,1696,2.857525,0.19523700000000002,2934,263,269312,
1,resolver,1,109,temporal,1,928,1696,1.9743400000000002,0.187911,2934,28,28672,
1,resolver,1,110,temporal,0,700,1468,2.718645,0.195797,2934,28,28672,
1,resolver,1,110,static,1,700,1468,1.529064,0.18577200000000005,2934,263,269312,
1,resolver,1,111,static,0,173,941,1.8705289999999999,0.2821189999999999,2934,266,272384,
1,resolver,1,111,temporal,1,173,941,1.616836,0.181126,2934,28,28672,
1,resolver,1,112,temporal,0,1003,1771,2.198524,0.194697,2934,28,28672,
1,resolver,1,112,static,1,1003,1771,1.485441,0.18327,2934,264,270336,
1,resolver,1,113,static,0,1073,1841,2.953439,0.213284,2934,263,269312,
1,resolver,1,113,temporal,1,1073,1841,1.5278909999999999,0.19074400000000002,2934,27,27648,
1,resolver,1,114,temporal,0,599,1367,1.780648,0.190329,2934,28,28672,
1,resolver,1,114,static,1,599,1367,1.908121,0.24122700000000002,2934,264,270336,
1,resolver,1,115,static,0,1253,2021,1.575969,0.182819,2934,262,268288,
1,resolver,1,115,temporal,1,1253,2021,2.399388,0.19002199999999997,2934,28,28672,
1,resolver,1,116,temporal,0,232,1000,1.51442,0.184893,2934,28,28672,
1,resolver,1,116,static,1,232,1000,1.904705,0.349494,2934,264,270336,
1,resolver,1,117,static,0,1126,1894,1.650652,0.34620599999999996,2934,267,273408,
1,resolver,1,117,temporal,1,1126,1894,1.6887759999999998,0.30993100000000007,2934,28,28672,
1,resolver,1,118,temporal,0,942,1710,1.710257,0.19148099999999998,2934,28,28672,
1,resolver,1,118,static,1,942,1710,1.788584,0.32948799999999995,2934,264,270336,
1,resolver,1,119,static,0,224,992,1.52241,0.18796799999999997,2934,265,271360,
1,resolver,1,119,temporal,1,224,992,1.717744,0.191376,2934,28,28672,
1,resolver,2,0,static,0,932,1700,1.62762,0.18600400000000003,2934,263,269312,
1,resolver,2,0,temporal,1,932,1700,1.674318,0.181412,2934,28,28672,
1,resolver,2,1,temporal,0,986,1754,1.6445640000000001,0.18516199999999997,2934,28,28672,
1,resolver,2,1,static,1,986,1754,2.039359,0.17979199999999998,2934,265,271360,
1,resolver,2,2,static,0,1024,1792,1.437585,0.18396499999999996,2934,265,271360,
1,resolver,2,2,temporal,1,1024,1792,1.683619,0.19117900000000004,2934,28,28672,
1,resolver,2,3,temporal,0,540,1308,1.5628389999999999,0.19306400000000004,2934,28,28672,
1,resolver,2,3,static,1,540,1308,1.694412,0.18410100000000001,2934,264,270336,
1,resolver,2,4,static,0,9,777,1.489012,0.17814699999999997,2934,266,272384,
1,resolver,2,4,temporal,1,9,777,2.0533919999999997,0.408926,2934,28,28672,
1,resolver,2,5,temporal,0,933,1701,1.5407140000000001,0.182071,2934,28,28672,
1,resolver,2,5,static,1,933,1701,2.149391,0.347908,2934,262,268288,
1,resolver,2,6,static,0,166,934,1.725679,0.18045999999999998,2934,266,272384,
1,resolver,2,6,temporal,1,166,934,2.216339,0.3592889999999999,2934,27,27648,
1,resolver,2,7,temporal,0,669,1437,1.514037,0.18437499999999996,2934,28,28672,
1,resolver,2,7,static,1,669,1437,1.691046,0.186143,2934,265,271360,
1,resolver,2,8,static,0,1003,1771,1.6462320000000001,0.28713000000000005,2934,264,270336,
1,resolver,2,8,temporal,1,1003,1771,1.4718559999999998,0.186065,2934,28,28672,
1,resolver,2,9,temporal,0,615,1383,1.714882,0.244201,2934,28,28672,
1,resolver,2,9,static,1,615,1383,1.524384,0.185767,2934,263,269312,
1,resolver,2,10,static,0,258,1026,1.869316,0.22548300000000002,2934,266,272384,
1,resolver,2,10,temporal,1,258,1026,1.6943119999999998,0.219886,2934,28,28672,
1,resolver,2,11,temporal,0,21,789,1.6711289999999999,0.18449100000000002,2934,28,28672,
1,resolver,2,11,static,1,21,789,1.771212,0.21401599999999998,2934,266,272384,
1,resolver,2,12,static,0,1026,1794,1.717495,0.28526599999999996,2934,264,270336,
1,resolver,2,12,temporal,1,1026,1794,1.653588,0.258397,2934,28,28672,
1,resolver,2,13,temporal,0,18,786,1.571661,0.18345899999999998,2934,28,28672,
1,resolver,2,13,static,1,18,786,1.517858,0.233494,2934,265,271360,
1,resolver,2,14,static,0,1016,1784,1.51094,0.18155199999999996,2934,263,269312,
1,resolver,2,14,temporal,1,1016,1784,1.633678,0.17996699999999996,2934,28,28672,
1,resolver,2,15,temporal,0,1206,1974,1.502364,0.18700299999999997,2934,28,28672,
1,resolver,2,15,static,1,1206,1974,1.555925,0.18049,2934,266,272384,
1,resolver,2,16,static,0,524,1292,1.480212,0.23087799999999997,2934,264,270336,
1,resolver,2,16,temporal,1,524,1292,1.684039,0.193274,2934,28,28672,
1,resolver,2,17,temporal,0,153,921,1.499882,0.181757,2934,28,28672,
1,resolver,2,17,static,1,153,921,1.649339,0.17787799999999998,2934,264,270336,
1,resolver,2,18,static,0,231,999,1.431095,0.18282699999999996,2934,264,270336,
1,resolver,2,18,temporal,1,231,999,1.835747,0.36105500000000007,2934,28,28672,
1,resolver,2,19,temporal,0,285,1053,1.608458,0.18571100000000001,2934,28,28672,
1,resolver,2,19,static,1,285,1053,1.728459,0.326625,2934,264,270336,
1,resolver,2,20,static,0,1180,1948,1.6874710000000002,0.22569400000000003,2934,264,270336,
1,resolver,2,20,temporal,1,1180,1948,1.9800299999999997,0.188129,2934,28,28672,
1,resolver,2,21,temporal,0,421,1189,1.572941,0.21130800000000002,2934,28,28672,
1,resolver,2,21,static,1,421,1189,1.7049960000000002,0.239351,2934,265,271360,
1,resolver,2,22,static,0,561,1329,1.50547,0.18267400000000003,2934,265,271360,
1,resolver,2,22,temporal,1,561,1329,1.656574,0.18359099999999998,2934,27,27648,
1,resolver,2,23,temporal,0,430,1198,1.402804,0.17690800000000004,2934,28,28672,
1,resolver,2,23,static,1,430,1198,1.535847,0.245589,2934,264,270336,
1,resolver,2,24,static,0,489,1257,1.481523,0.181485,2934,266,272384,
1,resolver,2,24,temporal,1,489,1257,1.586652,0.23358900000000002,2934,28,28672,
1,resolver,2,25,temporal,0,360,1128,1.51339,0.18458500000000003,2934,28,28672,
1,resolver,2,25,static,1,360,1128,1.682305,0.180557,2934,265,271360,
1,resolver,2,26,static,0,719,1487,1.5412519999999998,0.18698199999999998,2934,265,271360,
1,resolver,2,26,temporal,1,719,1487,2.080269,0.24649199999999996,2934,28,28672,
1,resolver,2,27,temporal,0,1190,1958,1.487761,0.25664,2934,27,27648,
1,resolver,2,27,static,1,1190,1958,1.5059500000000001,0.18600899999999998,2934,263,269312,
1,resolver,2,28,static,0,48,816,1.939299,0.23492999999999997,2934,263,269312,
1,resolver,2,28,temporal,1,48,816,1.728416,0.21430899999999997,2934,28,28672,
1,resolver,2,29,temporal,0,512,1280,2.006014,0.245448,2934,28,28672,
1,resolver,2,29,static,1,512,1280,2.1733059999999997,0.19053499999999995,2934,264,270336,
1,resolver,2,30,static,0,394,1162,2.142983,0.19602199999999997,2934,264,270336,
1,resolver,2,30,temporal,1,394,1162,2.153933,0.28615499999999994,2934,28,28672,
1,resolver,2,31,temporal,0,4,772,1.579423,0.18746700000000002,2934,28,28672,
1,resolver,2,31,static,1,4,772,1.661683,0.352722,2934,266,272384,
1,resolver,2,32,static,0,698,1466,1.876263,0.19,2934,264,270336,
1,resolver,2,32,temporal,1,698,1466,1.7184590000000002,0.39735499999999996,2934,28,28672,
1,resolver,2,33,temporal,0,1206,1974,1.689427,0.18761100000000003,2934,28,28672,
1,resolver,2,33,static,1,1206,1974,1.665713,0.29059100000000004,2934,266,272384,
1,resolver,2,34,static,0,713,1481,1.597252,0.193363,2934,264,270336,
1,resolver,2,34,temporal,1,713,1481,1.699487,0.18196499999999996,2934,28,28672,
1,resolver,2,35,temporal,0,1131,1899,1.849136,0.206823,2934,28,28672,
1,resolver,2,35,static,1,1131,1899,1.8724239999999999,0.193863,2934,266,272384,
1,resolver,2,36,static,0,1056,1824,1.635274,0.193309,2934,266,272384,
1,resolver,2,36,temporal,1,1056,1824,1.885496,0.19583599999999998,2934,28,28672,
1,resolver,2,37,temporal,0,559,1327,1.7809460000000001,0.182955,2934,28,28672,
1,resolver,2,37,static,1,559,1327,1.895038,0.18979200000000002,2934,264,270336,
1,resolver,2,38,static,0,898,1666,1.538848,0.183047,2934,266,272384,
1,resolver,2,38,temporal,1,898,1666,1.795403,0.4262820000000001,2934,28,28672,
1,resolver,2,39,temporal,0,493,1261,2.9617459999999998,0.26433699999999993,2934,28,28672,
1,resolver,2,39,static,1,493,1261,1.705195,0.185983,2934,265,271360,
1,resolver,2,40,static,0,1078,1846,2.803674,0.49970700000000007,2934,264,270336,
1,resolver,2,40,temporal,1,1078,1846,1.6244370000000001,0.184869,2934,28,28672,
1,resolver,2,41,temporal,0,52,820,1.529127,0.188067,2934,28,28672,
1,resolver,2,41,static,1,52,820,1.690175,0.21958300000000003,2934,263,269312,
1,resolver,2,42,static,0,173,941,1.775485,0.22418899999999997,2934,266,272384,
1,resolver,2,42,temporal,1,173,941,2.02934,0.22928900000000002,2934,28,28672,
1,resolver,2,43,temporal,0,814,1582,1.502351,0.2831929999999999,2934,28,28672,
1,resolver,2,43,static,1,814,1582,2.064245,0.194597,2934,266,272384,
1,resolver,2,44,static,0,435,1203,1.631174,0.18325000000000002,2934,264,270336,
1,resolver,2,44,temporal,1,435,1203,1.7298820000000001,0.193367,2934,28,28672,
1,resolver,2,45,temporal,0,1153,1921,1.471947,0.18227500000000002,2934,28,28672,
1,resolver,2,45,static,1,1153,1921,1.572148,0.256419,2934,263,269312,
1,resolver,2,46,static,0,903,1671,1.608462,0.24872499999999997,2934,266,272384,
1,resolver,2,46,temporal,1,903,1671,1.6721629999999998,0.268851,2934,28,28672,
1,resolver,2,47,temporal,0,238,1006,1.709855,0.180037,2934,28,28672,
1,resolver,2,47,static,1,238,1006,1.584537,0.244336,2934,265,271360,
1,resolver,2,48,static,0,510,1278,1.698598,0.299946,2934,264,270336,
1,resolver,2,48,temporal,1,510,1278,1.632002,0.20094900000000002,2934,28,28672,
1,resolver,2,49,temporal,0,74,842,1.570875,0.18612199999999995,2934,28,28672,
1,resolver,2,49,static,1,74,842,2.3723360000000002,0.574598,2934,264,270336,
1,resolver,2,50,static,0,23,791,1.660717,0.182496,2934,266,272384,
1,resolver,2,50,temporal,1,23,791,1.834558,0.18528,2934,28,28672,
1,resolver,2,51,temporal,0,337,1105,1.965218,0.525511,2934,28,28672,
1,resolver,2,51,static,1,337,1105,1.702089,0.23960299999999995,2934,265,271360,
1,resolver,2,52,static,0,1,769,1.60371,0.18242199999999997,2934,265,271360,
1,resolver,2,52,temporal,1,1,769,1.681366,0.22936299999999998,2934,28,28672,
1,resolver,2,53,temporal,0,517,1285,1.592726,0.18120600000000003,2934,28,28672,
1,resolver,2,53,static,1,517,1285,1.8910699999999998,0.32153000000000004,2934,264,270336,
1,resolver,2,54,static,0,407,1175,1.705362,0.230364,2934,266,272384,
1,resolver,2,54,temporal,1,407,1175,1.482623,0.18166100000000004,2934,28,28672,
1,resolver,2,55,temporal,0,866,1634,1.616119,0.233867,2934,28,28672,
1,resolver,2,55,static,1,866,1634,1.914198,0.24437600000000004,2934,264,270336,
1,resolver,2,56,static,0,877,1645,1.797988,0.319519,2934,264,270336,
1,resolver,2,56,temporal,1,877,1645,1.578502,0.186318,2934,28,28672,
1,resolver,2,57,temporal,0,1199,1967,1.691932,0.25935,2934,28,28672,
1,resolver,2,57,static,1,1199,1967,1.482801,0.24372399999999997,2934,264,270336,
1,resolver,2,58,static,0,889,1657,2.135007,0.18493099999999998,2934,266,272384,
1,resolver,2,58,temporal,1,889,1657,1.45137,0.175581,2934,28,28672,
1,resolver,2,59,temporal,0,362,1130,1.628495,0.18194299999999997,2934,28,28672,
1,resolver,2,59,static,1,362,1130,1.87979,0.25101,2934,264,270336,
1,resolver,2,60,static,0,388,1156,1.795402,0.2571699999999999,2934,264,270336,
1,resolver,2,60,temporal,1,388,1156,1.481631,0.18215599999999998,2934,28,28672,
1,resolver,2,61,temporal,0,92,860,1.8597329999999999,0.4768019999999999,2934,28,28672,
1,resolver,2,61,static,1,92,860,1.4898019999999998,0.18703300000000006,2934,266,272384,
1,resolver,2,62,static,0,365,1133,1.821823,0.258009,2934,264,270336,
1,resolver,2,62,temporal,1,365,1133,1.5057969999999998,0.18684499999999998,2934,28,28672,
1,resolver,2,63,temporal,0,372,1140,1.6901,0.193786,2934,28,28672,
1,resolver,2,63,static,1,372,1140,1.938102,0.19513699999999998,2934,263,269312,
1,resolver,2,64,static,0,796,1564,2.041304,0.318055,2934,265,271360,
1,resolver,2,64,temporal,1,796,1564,1.568644,0.18772300000000003,2934,28,28672,
1,resolver,2,65,temporal,0,775,1543,1.7068910000000002,0.18634499999999998,2934,28,28672,
1,resolver,2,65,static,1,775,1543,1.5084549999999999,0.18043500000000004,2934,263,269312,
1,resolver,2,66,static,0,1121,1889,1.699447,0.17773599999999998,2934,266,272384,
1,resolver,2,66,temporal,1,1121,1889,1.670115,0.19371000000000002,2934,28,28672,
1,resolver,2,67,temporal,0,244,1012,1.686627,0.222684,2934,28,28672,
1,resolver,2,67,static,1,244,1012,1.528775,0.183016,2934,266,272384,
1,resolver,2,68,static,0,603,1371,1.901988,0.179981,2934,264,270336,
1,resolver,2,68,temporal,1,603,1371,1.4980289999999998,0.26013500000000006,2934,28,28672,
1,resolver,2,69,temporal,0,1037,1805,1.658725,0.23505100000000004,2934,28,28672,
1,resolver,2,69,static,1,1037,1805,1.549181,0.241028,2934,265,271360,
1,resolver,2,70,static,0,776,1544,1.8486259999999999,0.250962,2934,262,268288,
1,resolver,2,70,temporal,1,776,1544,2.077562,0.25433799999999995,2934,28,28672,
1,resolver,2,71,temporal,0,376,1144,1.708614,0.188122,2934,28,28672,
1,resolver,2,71,static,1,376,1144,1.848624,0.18329900000000002,2934,263,269312,
1,resolver,2,72,static,0,203,971,1.5449769999999998,0.18026500000000004,2934,264,270336,
1,resolver,2,72,temporal,1,203,971,1.485533,0.18116400000000002,2934,28,28672,
1,resolver,2,73,temporal,0,334,1102,1.554001,0.182962,2934,28,28672,
1,resolver,2,73,static,1,334,1102,1.7313299999999998,0.203111,2934,265,271360,
1,resolver,2,74,static,0,284,1052,1.8398489999999998,0.18265899999999996,2934,264,270336,
1,resolver,2,74,temporal,1,284,1052,1.4780520000000001,0.18528000000000003,2934,28,28672,
1,resolver,2,75,temporal,0,329,1097,1.5372789999999998,0.18407699999999996,2934,28,28672,
1,resolver,2,75,static,1,329,1097,1.4784920000000001,0.236924,2934,266,272384,
1,resolver,2,76,static,0,875,1643,1.627455,0.24054000000000003,2934,264,270336,
1,resolver,2,76,temporal,1,875,1643,1.52805,0.18485700000000002,2934,28,28672,
1,resolver,2,77,temporal,0,524,1292,1.901637,0.18979600000000002,2934,28,28672,
1,resolver,2,77,static,1,524,1292,1.910649,0.189529,2934,264,270336,
1,resolver,2,78,static,0,1038,1806,1.6299089999999998,0.18293300000000004,2934,264,270336,
1,resolver,2,78,temporal,1,1038,1806,1.480308,0.184678,2934,28,28672,
1,resolver,2,79,temporal,0,729,1497,1.771466,0.18918400000000002,2934,28,28672,
1,resolver,2,79,static,1,729,1497,1.705338,0.18224,2934,266,272384,
1,resolver,2,80,static,0,827,1595,2.108768,0.20699800000000004,2934,264,270336,
1,resolver,2,80,temporal,1,827,1595,1.5868220000000002,0.18483899999999998,2934,28,28672,
1,resolver,2,81,temporal,0,15,783,1.901351,0.41631599999999996,2934,28,28672,
1,resolver,2,81,static,1,15,783,1.592784,0.258301,2934,266,272384,
1,resolver,2,82,static,0,81,849,1.473621,0.23884599999999997,2934,266,272384,
1,resolver,2,82,temporal,1,81,849,1.8166129999999998,0.18276099999999998,2934,28,28672,
1,resolver,2,83,temporal,0,1206,1974,1.512121,0.189432,2934,28,28672,
1,resolver,2,83,static,1,1206,1974,1.866604,0.24217099999999997,2934,266,272384,
1,resolver,2,84,static,0,94,862,1.773662,0.18781399999999998,2934,266,272384,
1,resolver,2,84,temporal,1,94,862,1.672963,0.187746,2934,28,28672,
1,resolver,2,85,temporal,0,907,1675,1.4832809999999998,0.18510200000000002,2934,28,28672,
1,resolver,2,85,static,1,907,1675,1.7382179999999998,0.18456599999999995,2934,265,271360,
1,resolver,2,86,static,0,688,1456,1.4869130000000002,0.24600399999999997,2934,263,269312,
1,resolver,2,86,temporal,1,688,1456,1.674153,0.19424499999999997,2934,28,28672,
1,resolver,2,87,temporal,0,665,1433,1.69808,0.18620299999999995,2934,28,28672,
1,resolver,2,87,static,1,665,1433,1.583603,0.19698200000000002,2934,265,271360,
1,resolver,2,88,static,0,430,1198,1.7078900000000001,0.3527990000000001,2934,264,270336,
1,resolver,2,88,temporal,1,430,1198,1.987014,0.185371,2934,28,28672,
1,resolver,2,89,temporal,0,808,1576,1.537139,0.18374100000000002,2934,28,28672,
1,resolver,2,89,static,1,808,1576,1.558457,0.25170099999999995,2934,266,272384,
1,resolver,2,90,static,0,1137,1905,2.018694,0.264215,2934,266,272384,
1,resolver,2,90,temporal,1,1137,1905,1.872857,0.24123300000000003,2934,28,28672,
1,resolver,2,91,temporal,0,1066,1834,1.560503,0.183244,2934,28,28672,
1,resolver,2,91,static,1,1066,1834,1.895421,0.19041500000000003,2934,264,270336,
1,resolver,2,92,static,0,1132,1900,2.0011769999999998,0.39777400000000007,2934,266,272384,
1,resolver,2,92,temporal,1,1132,1900,4.327117,0.23549099999999998,2934,28,28672,
1,resolver,2,93,temporal,0,928,1696,1.6466269999999998,0.186155,2934,28,28672,
1,resolver,2,93,static,1,928,1696,3.15897,1.766941,2934,263,269312,
1,resolver,2,94,static,0,335,1103,2.95918,0.18468,2934,266,272384,
1,resolver,2,94,temporal,1,335,1103,1.497814,0.18889300000000003,2934,28,28672,
1,resolver,2,95,temporal,0,733,1501,1.652209,0.186326,2934,28,28672,
1,resolver,2,95,static,1,733,1501,1.636275,0.19161999999999998,2934,266,272384,
1,resolver,2,96,static,0,600,1368,2.013257,0.344976,2934,264,270336,
1,resolver,2,96,temporal,1,600,1368,1.528384,0.186517,2934,28,28672,
1,resolver,2,97,temporal,0,883,1651,1.537304,0.18625200000000003,2934,28,28672,
1,resolver,2,97,static,1,883,1651,1.5302250000000002,0.183654,2934,266,272384,
1,resolver,2,98,static,0,139,907,1.468486,0.182557,2934,264,270336,
1,resolver,2,98,temporal,1,139,907,1.7341579999999999,0.303572,2934,28,28672,
1,resolver,2,99,temporal,0,1108,1876,1.455936,0.17523399999999997,2934,28,28672,
1,resolver,2,99,static,1,1108,1876,1.7434340000000002,0.34702099999999997,2934,264,270336,
1,resolver,2,100,static,0,1133,1901,1.565464,0.18966,2934,266,272384,
1,resolver,2,100,temporal,1,1133,1901,1.793204,0.182399,2934,28,28672,
1,resolver,2,101,temporal,0,458,1226,1.709487,0.18959399999999998,2934,28,28672,
1,resolver,2,101,static,1,458,1226,1.675719,0.180524,2934,264,270336,
1,resolver,2,102,static,0,572,1340,1.6306580000000002,0.180166,2934,265,271360,
1,resolver,2,102,temporal,1,572,1340,1.9972969999999999,0.27730400000000005,2934,28,28672,
1,resolver,2,103,temporal,0,1098,1866,1.557733,0.184608,2934,28,28672,
1,resolver,2,103,static,1,1098,1866,1.765053,0.31228700000000004,2934,264,270336,
1,resolver,2,104,static,0,318,1086,1.636958,0.18281899999999998,2934,265,271360,
1,resolver,2,104,temporal,1,318,1086,1.547391,0.18267399999999998,2934,28,28672,
1,resolver,2,105,temporal,0,176,944,1.7418150000000001,0.398174,2934,28,28672,
1,resolver,2,105,static,1,176,944,1.6803899999999998,0.183275,2934,266,272384,
1,resolver,2,106,static,0,354,1122,1.891453,0.18768399999999996,2934,264,270336,
1,resolver,2,106,temporal,1,354,1122,2.311912,0.199784,2934,28,28672,
1,resolver,2,107,temporal,0,75,843,1.6874909999999999,0.17647000000000002,2934,28,28672,
1,resolver,2,107,static,1,75,843,1.4929459999999999,0.230551,2934,264,270336,
1,resolver,2,108,static,0,1232,2000,1.731655,0.187499,2934,264,270336,
1,resolver,2,108,temporal,1,1232,2000,1.649193,0.18517599999999998,2934,28,28672,
1,resolver,2,109,temporal,0,928,1696,1.7293429999999999,0.23836700000000005,2934,28,28672,
1,resolver,2,109,static,1,928,1696,1.5507520000000001,0.18253700000000003,2934,263,269312,
1,resolver,2,110,static,0,700,1468,1.62953,0.18186200000000002,2934,263,269312,
1,resolver,2,110,temporal,1,700,1468,2.1423829999999997,0.17661600000000002,2934,28,28672,
1,resolver,2,111,temporal,0,173,941,1.927004,0.28790000000000004,2934,28,28672,
1,resolver,2,111,static,1,173,941,1.465611,0.181397,2934,266,272384,
1,resolver,2,112,static,0,1003,1771,1.555261,0.18487399999999998,2934,264,270336,
1,resolver,2,112,temporal,1,1003,1771,1.498135,0.25681999999999994,2934,28,28672,
1,resolver,2,113,temporal,0,1073,1841,1.630472,0.184666,2934,27,27648,
1,resolver,2,113,static,1,1073,1841,1.6978410000000002,0.186166,2934,263,269312,
1,resolver,2,114,static,0,599,1367,1.9564640000000002,0.183564,2934,264,270336,
1,resolver,2,114,temporal,1,599,1367,1.652948,0.26078599999999996,2934,28,28672,
1,resolver,2,115,temporal,0,1253,2021,1.7684090000000001,0.18267799999999998,2934,28,28672,
1,resolver,2,115,static,1,1253,2021,1.4740039999999999,0.179738,2934,262,268288,
1,resolver,2,116,static,0,232,1000,1.699468,0.18371599999999996,2934,264,270336,
1,resolver,2,116,temporal,1,232,1000,1.664665,0.18643200000000001,2934,28,28672,
1,resolver,2,117,temporal,0,1126,1894,1.719408,0.18248599999999998,2934,28,28672,
1,resolver,2,117,static,1,1126,1894,1.6004369999999999,0.22618899999999997,2934,267,273408,
1,resolver,2,118,static,0,942,1710,1.680516,0.237335,2934,264,270336,
1,resolver,2,118,temporal,1,942,1710,1.712967,0.390885,2934,28,28672,
1,resolver,2,119,temporal,0,224,992,1.908998,0.182052,2934,28,28672,
1,resolver,2,119,static,1,224,992,1.5985310000000001,0.18517,2934,265,271360,
1,resolver,3,0,temporal,0,932,1700,1.571177,0.188441,2934,28,28672,
1,resolver,3,0,static,1,932,1700,2.023926,0.195809,2934,263,269312,
1,resolver,3,1,static,0,986,1754,1.80168,0.27869799999999995,2934,265,271360,
1,resolver,3,1,temporal,1,986,1754,1.571488,0.19357200000000008,2934,28,28672,
1,resolver,3,2,temporal,0,1024,1792,1.923619,0.25798299999999996,2934,28,28672,
1,resolver,3,2,static,1,1024,1792,1.74475,0.25158,2934,265,271360,
1,resolver,3,3,static,0,540,1308,1.740422,0.326195,2934,264,270336,
1,resolver,3,3,temporal,1,540,1308,1.631824,0.257618,2934,28,28672,
1,resolver,3,4,temporal,0,9,777,1.756878,0.20089799999999997,2934,28,28672,
1,resolver,3,4,static,1,9,777,1.738572,0.19164399999999998,2934,266,272384,
1,resolver,3,5,static,0,933,1701,1.690507,0.19405300000000003,2934,262,268288,
1,resolver,3,5,temporal,1,933,1701,1.616663,0.184444,2934,28,28672,
1,resolver,3,6,temporal,0,166,934,1.714233,0.19392299999999996,2934,27,27648,
1,resolver,3,6,static,1,166,934,1.813026,0.19799299999999997,2934,266,272384,
1,resolver,3,7,static,0,669,1437,1.710716,0.193502,2934,265,271360,
1,resolver,3,7,temporal,1,669,1437,1.6944830000000002,0.35504500000000005,2934,28,28672,
1,resolver,3,8,temporal,0,1003,1771,1.518386,0.18950799999999998,2934,28,28672,
1,resolver,3,8,static,1,1003,1771,1.603287,0.3166450000000001,2934,264,270336,
1,resolver,3,9,static,0,615,1383,1.531856,0.185498,2934,263,269312,
1,resolver,3,9,temporal,1,615,1383,1.5376649999999998,0.185047,2934,28,28672,
1,resolver,3,10,temporal,0,258,1026,1.68872,0.18671000000000001,2934,28,28672,
1,resolver,3,10,static,1,258,1026,1.865674,0.20443499999999998,2934,266,272384,
1,resolver,3,11,static,0,21,789,1.52814,0.18406899999999998,2934,266,272384,
1,resolver,3,11,temporal,1,21,789,1.9024249999999998,0.22075400000000003,2934,28,28672,
1,resolver,3,12,temporal,0,1026,1794,1.686013,0.2549219999999999,2934,28,28672,
1,resolver,3,12,static,1,1026,1794,1.679084,0.186742,2934,264,270336,
1,resolver,3,13,static,0,18,786,1.559937,0.238734,2934,265,271360,
1,resolver,3,13,temporal,1,18,786,1.612156,0.19262199999999996,2934,28,28672,
1,resolver,3,14,temporal,0,1016,1784,1.787084,0.32703499999999996,2934,28,28672,
1,resolver,3,14,static,1,1016,1784,1.711206,0.24196199999999998,2934,263,269312,
1,resolver,3,15,static,0,1206,1974,1.6323159999999999,0.185174,2934,266,272384,
1,resolver,3,15,temporal,1,1206,1974,1.7494640000000001,0.2102060000000001,2934,28,28672,
1,resolver,3,16,temporal,0,524,1292,1.500022,0.20370300000000002,2934,28,28672,
1,resolver,3,16,static,1,524,1292,1.8890470000000001,0.41819,2934,264,270336,
1,resolver,3,17,static,0,153,921,1.487897,0.18086100000000002,2934,264,270336,
1,resolver,3,17,temporal,1,153,921,1.597449,0.19406699999999996,2934,28,28672,
1,resolver,3,18,temporal,0,231,999,1.8604699999999998,0.4074670000000001,2934,28,28672,
1,resolver,3,18,static,1,231,999,1.917132,0.19458100000000003,2934,264,270336,
1,resolver,3,19,static,0,285,1053,1.822994,0.190875,2934,264,270336,
1,resolver,3,19,temporal,1,285,1053,2.172272,0.343425,2934,28,28672,
1,resolver,3,20,temporal,0,1180,1948,1.602646,0.184752,2934,28,28672,
1,resolver,3,20,static,1,1180,1948,1.861055,0.346303,2934,264,270336,
1,resolver,3,21,static,0,421,1189,1.485613,0.17855000000000001,2934,265,271360,
1,resolver,3,21,temporal,1,421,1189,1.576732,0.20092900000000002,2934,28,28672,
1,resolver,3,22,temporal,0,561,1329,1.700388,0.194331,2934,27,27648,
1,resolver,3,22,static,1,561,1329,1.9408489999999998,0.192861,2934,265,271360,
1,resolver,3,23,static,0,430,1198,1.6120450000000002,0.183407,2934,264,270336,
1,resolver,3,23,temporal,1,430,1198,1.501131,0.18789299999999998,2934,28,28672,
1,resolver,3,24,temporal,0,489,1257,1.49438,0.19250799999999998,2934,28,28672,
1,resolver,3,24,static,1,489,1257,1.5603500000000001,0.183532,2934,266,272384,
1,resolver,3,25,static,0,360,1128,1.695475,0.32494199999999995,2934,265,271360,
1,resolver,3,25,temporal,1,360,1128,1.758127,0.182726,2934,28,28672,
1,resolver,3,26,temporal,0,719,1487,1.706436,0.39965000000000006,2934,28,28672,
1,resolver,3,26,static,1,719,1487,1.554321,0.18260999999999997,2934,265,271360,
1,resolver,3,27,static,0,1190,1958,1.480772,0.187776,2934,263,269312,
1,resolver,3,27,temporal,1,1190,1958,1.5921830000000001,0.256187,2934,27,27648,
1,resolver,3,28,temporal,0,48,816,1.854727,0.17900900000000003,2934,28,28672,
1,resolver,3,28,static,1,48,816,1.989004,0.290263,2934,263,269312,
1,resolver,3,29,static,0,512,1280,1.617947,0.182588,2934,264,270336,
1,resolver,3,29,temporal,1,512,1280,2.4410450000000004,0.542122,2934,28,28672,
1,resolver,3,30,temporal,0,394,1162,2.2687470000000003,0.19547299999999998,2934,28,28672,
1,resolver,3,30,static,1,394,1162,1.763163,0.337907,2934,264,270336,
1,resolver,3,31,static,0,4,772,1.7759360000000002,0.276348,2934,266,272384,
1,resolver,3,31,temporal,1,4,772,1.6835529999999999,0.18628399999999998,2934,28,28672,
1,resolver,3,32,temporal,0,698,1466,1.537521,0.19127700000000003,2934,28,28672,
1,resolver,3,32,static,1,698,1466,1.567216,0.183734,2934,264,270336,
1,resolver,3,33,static,0,1206,1974,1.6326640000000001,0.183941,2934,266,272384,
1,resolver,3,33,temporal,1,1206,1974,1.477095,0.18430300000000002,2934,28,28672,
1,resolver,3,34,temporal,0,713,1481,1.938273,0.31287499999999996,2934,28,28672,
1,resolver,3,34,static,1,713,1481,1.779795,0.189873,2934,264,270336,
1,resolver,3,35,static,0,1131,1899,1.546723,0.18919,2934,266,272384,
1,resolver,3,35,temporal,1,1131,1899,1.939782,0.184867,2934,28,28672,
1,resolver,3,36,temporal,0,1056,1824,1.521787,0.18523499999999998,2934,28,28672,
1,resolver,3,36,static,1,1056,1824,1.530523,0.182368,2934,266,272384,
1,resolver,3,37,static,0,559,1327,1.487195,0.18033800000000003,2934,264,270336,
1,resolver,3,37,temporal,1,559,1327,1.493986,0.18190800000000001,2934,28,28672,
1,resolver,3,38,temporal,0,898,1666,1.558409,0.184768,2934,28,28672,
1,resolver,3,38,static,1,898,1666,1.560977,0.23304999999999998,2934,266,272384,
1,resolver,3,39,static,0,493,1261,1.639234,0.18324599999999996,2934,265,271360,
1,resolver,3,39,temporal,1,493,1261,1.5357750000000001,0.181066,2934,28,28672,
1,resolver,3,40,temporal,0,1078,1846,1.667638,0.18616100000000002,2934,28,28672,
1,resolver,3,40,static,1,1078,1846,1.5412080000000001,0.22999699999999998,2934,264,270336,
1,resolver,3,41,static,0,52,820,1.621888,0.18550899999999998,2934,263,269312,
1,resolver,3,41,temporal,1,52,820,1.515834,0.183613,2934,28,28672,
1,resolver,3,42,temporal,0,173,941,1.5917299999999999,0.26161500000000004,2934,28,28672,
1,resolver,3,42,static,1,173,941,1.473433,0.18356099999999997,2934,266,272384,
1,resolver,3,43,static,0,814,1582,1.957706,0.18775300000000003,2934,266,272384,
1,resolver,3,43,temporal,1,814,1582,1.703481,0.194418,2934,28,28672,
1,resolver,3,44,temporal,0,435,1203,2.1243719999999997,0.231612,2934,28,28672,
1,resolver,3,44,static,1,435,1203,1.547236,0.25765099999999996,2934,264,270336,
1,resolver,3,45,static,0,1153,1921,1.747425,0.28095600000000004,2934,263,269312,
1,resolver,3,45,temporal,1,1153,1921,1.5331299999999999,0.18582,2934,28,28672,
1,resolver,3,46,temporal,0,903,1671,1.667216,0.19895200000000002,2934,28,28672,
1,resolver,3,46,static,1,903,1671,1.6517350000000002,0.18423800000000004,2934,266,272384,
1,resolver,3,47,static,0,238,1006,1.694743,0.18483400000000005,2934,265,271360,
1,resolver,3,47,temporal,1,238,1006,1.5156209999999999,0.18138400000000005,2934,28,28672,
1,resolver,3,48,temporal,0,510,1278,1.6275389999999998,0.255636,2934,28,28672,
1,resolver,3,48,static,1,510,1278,1.548055,0.180835,2934,264,270336,
1,resolver,3,49,static,0,74,842,1.843639,0.411588,2934,264,270336,
1,resolver,3,49,temporal,1,74,842,1.643325,0.193926,2934,28,28672,
1,resolver,3,50,temporal,0,23,791,1.886453,0.20277300000000004,2934,28,28672,
1,resolver,3,50,static,1,23,791,1.5095180000000001,0.26050400000000007,2934,266,272384,
1,resolver,3,51,static,0,337,1105,1.642661,0.18779699999999996,2934,265,271360,
1,resolver,3,51,temporal,1,337,1105,1.5484710000000002,0.19417399999999999,2934,28,28672,
1,resolver,3,52,temporal,0,1,769,1.9626180000000002,0.19080399999999997,2934,28,28672,
1,resolver,3,52,static,1,1,769,1.476883,0.23345800000000003,2934,265,271360,
1,resolver,3,53,static,0,517,1285,1.7217879999999999,0.243109,2934,264,270336,
1,resolver,3,53,temporal,1,517,1285,1.8316649999999999,0.18268,2934,28,28672,
1,resolver,3,54,temporal,0,407,1175,1.80413,0.24294700000000002,2934,28,28672,
1,resolver,3,54,static,1,407,1175,1.477247,0.24400700000000006,2934,266,272384,
1,resolver,3,55,static,0,866,1634,1.6126,0.246298,2934,264,270336,
1,resolver,3,55,temporal,1,866,1634,1.5338640000000001,0.194226,2934,28,28672,
1,resolver,3,56,temporal,0,877,1645,1.729573,0.266868,2934,28,28672,
1,resolver,3,56,static,1,877,1645,1.70285,0.234867,2934,264,270336,
1,resolver,3,57,static,0,1199,1967,1.88711,0.194243,2934,264,270336,
1,resolver,3,57,temporal,1,1199,1967,1.487049,0.240934,2934,28,28672,
1,resolver,3,58,temporal,0,889,1657,1.74613,0.25277999999999995,2934,28,28672,
1,resolver,3,58,static,1,889,1657,1.535387,0.189441,2934,266,272384,
1,resolver,3,59,static,0,362,1130,1.838049,0.24110199999999998,2934,264,270336,
1,resolver,3,59,temporal,1,362,1130,2.545547,0.659364,2934,28,28672,
1,resolver,3,60,temporal,0,388,1156,1.783422,0.240497,2934,28,28672,
1,resolver,3,60,static,1,388,1156,2.174423,0.31386000000000003,2934,264,270336,
1,resolver,3,61,static,0,92,860,1.660439,0.329231,2934,266,272384,
1,resolver,3,61,temporal,1,92,860,1.705991,0.18331399999999998,2934,28,28672,
1,resolver,3,62,temporal,0,365,1133,1.736953,0.185433,2934,28,28672,
1,resolver,3,62,static,1,365,1133,1.617029,0.18208399999999997,2934,264,270336,
1,resolver,3,63,static,0,372,1140,2.089495,0.186614,2934,263,269312,
1,resolver,3,63,temporal,1,372,1140,1.5580399999999999,0.183319,2934,28,28672,
1,resolver,3,64,temporal,0,796,1564,1.5431819999999998,0.187259,2934,28,28672,
1,resolver,3,64,static,1,796,1564,1.621992,0.24422699999999997,2934,265,271360,
1,resolver,3,65,static,0,775,1543,1.525307,0.23454400000000003,2934,263,269312,
1,resolver,3,65,temporal,1,775,1543,1.62988,0.183183,2934,28,28672,
1,resolver,3,66,temporal,0,1121,1889,1.5278150000000001,0.18396600000000002,2934,28,28672,
1,resolver,3,66,static,1,1121,1889,1.638484,0.18715600000000002,2934,266,272384,
1,resolver,3,67,static,0,244,1012,1.692406,0.188022,2934,266,272384,
1,resolver,3,67,temporal,1,244,1012,1.820194,0.19272100000000003,2934,28,28672,
1,resolver,3,68,temporal,0,603,1371,1.589189,0.182771,2934,28,28672,
1,resolver,3,68,static,1,603,1371,1.818959,0.18152600000000002,2934,264,270336,
1,resolver,3,69,static,0,1037,1805,1.511169,0.18251700000000004,2934,265,271360,
1,resolver,3,69,temporal,1,1037,1805,1.762119,0.287819,2934,28,28672,
1,resolver,3,70,temporal,0,776,1544,1.509954,0.200614,2934,28,28672,
1,resolver,3,70,static,1,776,1544,1.582525,0.19065500000000002,2934,262,268288,
1,resolver,3,71,static,0,376,1144,1.648373,0.234372,2934,263,269312,
1,resolver,3,71,temporal,1,376,1144,1.706724,0.189863,2934,28,28672,
1,resolver,3,72,temporal,0,203,971,1.5509009999999999,0.199899,2934,28,28672,
1,resolver,3,72,static,1,203,971,1.589113,0.224526,2934,264,270336,
1,resolver,3,73,static,0,334,1102,1.66811,0.19831399999999996,2934,265,271360,
1,resolver,3,73,temporal,1,334,1102,1.664802,0.26430299999999995,2934,28,28672,
1,resolver,3,74,temporal,0,284,1052,1.5734480000000002,0.18167999999999998,2934,28,28672,
1,resolver,3,74,static,1,284,1052,1.8710930000000001,0.23689200000000002,2934,264,270336,
1,resolver,3,75,static,0,329,1097,1.6205589999999999,0.18927400000000003,2934,266,272384,
1,resolver,3,75,temporal,1,329,1097,1.731829,0.18963299999999997,2934,28,28672,
1,resolver,3,76,temporal,0,875,1643,1.481927,0.18361,2934,28,28672,
1,resolver,3,76,static,1,875,1643,1.617099,0.18333000000000002,2934,264,270336,
1,resolver,3,77,static,0,524,1292,1.623553,0.22680500000000003,2934,264,270336,
1,resolver,3,77,temporal,1,524,1292,1.76985,0.35016100000000006,2934,28,28672,
1,resolver,3,78,temporal,0,1038,1806,1.8354219999999999,0.188219,2934,28,28672,
1,resolver,3,78,static,1,1038,1806,1.810695,0.24795399999999992,2934,264,270336,
1,resolver,3,79,static,0,729,1497,1.549604,0.18334799999999996,2934,266,272384,
1,resolver,3,79,temporal,1,729,1497,1.85523,0.27085400000000004,2934,28,28672,
1,resolver,3,80,temporal,0,827,1595,1.505008,0.25659899999999997,2934,28,28672,
1,resolver,3,80,static,1,827,1595,1.703576,0.184226,2934,264,270336,
1,resolver,3,81,static,0,15,783,1.6940709999999999,0.17955600000000002,2934,266,272384,
1,resolver,3,81,temporal,1,15,783,1.679027,0.182071,2934,28,28672,
1,resolver,3,82,temporal,0,81,849,1.699122,0.32150600000000007,2934,28,28672,
1,resolver,3,82,static,1,81,849,1.614831,0.18531099999999998,2934,266,272384,
1,resolver,3,83,static,0,1206,1974,1.485919,0.18475999999999995,2934,266,272384,
1,resolver,3,83,temporal,1,1206,1974,1.638184,0.18756699999999998,2934,28,28672,
1,resolver,3,84,temporal,0,94,862,1.928795,0.19922899999999996,2934,28,28672,
1,resolver,3,84,static,1,94,862,2.438376,0.383857,2934,266,272384,
1,resolver,3,85,static,0,907,1675,1.470393,0.18344300000000002,2934,265,271360,
1,resolver,3,85,temporal,1,907,1675,1.8036949999999998,0.38248200000000004,2934,28,28672,
1,resolver,3,86,temporal,0,688,1456,2.396025,0.9885829999999999,2934,28,28672,
1,resolver,3,86,static,1,688,1456,1.8857730000000001,0.249083,2934,263,269312,
1,resolver,3,87,static,0,665,1433,1.760568,0.24519899999999997,2934,265,271360,
1,resolver,3,87,temporal,1,665,1433,1.5384369999999998,0.180922,2934,28,28672,
1,resolver,3,88,temporal,0,430,1198,1.543186,0.19148700000000002,2934,28,28672,
1,resolver,3,88,static,1,430,1198,2.2287589999999997,0.24186699999999997,2934,264,270336,
1,resolver,3,89,static,0,808,1576,1.6540750000000002,0.17894500000000002,2934,266,272384,
1,resolver,3,89,temporal,1,808,1576,1.858367,0.18821699999999997,2934,28,28672,
1,resolver,3,90,temporal,0,1137,1905,2.516952,0.30494600000000005,2934,28,28672,
1,resolver,3,90,static,1,1137,1905,1.74645,0.18990799999999997,2934,266,272384,
1,resolver,3,91,static,0,1066,1834,1.979521,0.18584200000000003,2934,264,270336,
1,resolver,3,91,temporal,1,1066,1834,1.530897,0.18834299999999998,2934,28,28672,
1,resolver,3,92,temporal,0,1132,1900,2.173518,0.186776,2934,28,28672,
1,resolver,3,92,static,1,1132,1900,1.725657,0.19017099999999998,2934,266,272384,
1,resolver,3,93,static,0,928,1696,1.5429840000000001,0.23173600000000003,2934,263,269312,
1,resolver,3,93,temporal,1,928,1696,1.539987,0.18293800000000002,2934,28,28672,
1,resolver,3,94,temporal,0,335,1103,1.4764540000000002,0.18375799999999998,2934,28,28672,
1,resolver,3,94,static,1,335,1103,1.56959,0.18016600000000002,2934,266,272384,
1,resolver,3,95,static,0,733,1501,1.7077259999999999,0.181116,2934,266,272384,
1,resolver,3,95,temporal,1,733,1501,1.4847059999999999,0.178557,2934,28,28672,
1,resolver,3,96,temporal,0,600,1368,1.6930770000000002,0.28999700000000006,2934,28,28672,
1,resolver,3,96,static,1,600,1368,1.721235,0.18054099999999998,2934,264,270336,
1,resolver,3,97,static,0,883,1651,1.541286,0.18068800000000002,2934,266,272384,
1,resolver,3,97,temporal,1,883,1651,1.952655,0.34767899999999996,2934,28,28672,
1,resolver,3,98,temporal,0,139,907,1.5244360000000001,0.17627499999999996,2934,28,28672,
1,resolver,3,98,static,1,139,907,1.536163,0.216893,2934,264,270336,
1,resolver,3,99,static,0,1108,1876,1.407773,0.170433,2934,264,270336,
1,resolver,3,99,temporal,1,1108,1876,1.450941,0.181692,2934,28,28672,
1,resolver,3,100,temporal,0,1133,1901,1.781274,0.30163900000000005,2934,28,28672,
1,resolver,3,100,static,1,1133,1901,1.5164119999999999,0.181197,2934,266,272384,
1,resolver,3,101,static,0,458,1226,1.67305,0.182144,2934,264,270336,
1,resolver,3,101,temporal,1,458,1226,1.776768,0.18464799999999998,2934,28,28672,
1,resolver,3,102,temporal,0,572,1340,1.808437,0.18778799999999998,2934,28,28672,
1,resolver,3,102,static,1,572,1340,1.488826,0.179229,2934,265,271360,
1,resolver,3,103,static,0,1098,1866,1.545617,0.181021,2934,264,270336,
1,resolver,3,103,temporal,1,1098,1866,1.477487,0.18221600000000002,2934,28,28672,
1,resolver,3,104,temporal,0,318,1086,1.7123780000000002,0.20581600000000003,2934,28,28672,
1,resolver,3,104,static,1,318,1086,1.6575929999999999,0.18202,2934,265,271360,
1,resolver,3,105,static,0,176,944,1.6340540000000001,0.18090100000000003,2934,266,272384,
1,resolver,3,105,temporal,1,176,944,2.25889,0.185315,2934,28,28672,
1,resolver,3,106,temporal,0,354,1122,1.545258,0.194698,2934,28,28672,
1,resolver,3,106,static,1,354,1122,1.505183,0.22547499999999998,2934,264,270336,
1,resolver,3,107,static,0,75,843,1.482688,0.17676699999999998,2934,264,270336,
1,resolver,3,107,temporal,1,75,843,1.813632,0.18508199999999997,2934,28,28672,
1,resolver,3,108,temporal,0,1232,2000,2.006454,0.188579,2934,28,28672,
1,resolver,3,108,static,1,1232,2000,2.425628,0.31035999999999997,2934,264,270336,
1,resolver,3,109,static,0,928,1696,1.587455,0.32505799999999996,2934,263,269312,
1,resolver,3,109,temporal,1,928,1696,1.744346,0.24461000000000002,2934,28,28672,
1,resolver,3,110,temporal,0,700,1468,1.46184,0.18676900000000005,2934,28,28672,
1,resolver,3,110,static,1,700,1468,1.7385860000000002,0.29059299999999993,2934,263,269312,
1,resolver,3,111,static,0,173,941,1.72252,0.18210699999999996,2934,266,272384,
1,resolver,3,111,temporal,1,173,941,1.573774,0.245617,2934,28,28672,
1,resolver,3,112,temporal,0,1003,1771,1.896526,0.18529,2934,28,28672,
1,resolver,3,112,static,1,1003,1771,1.6262699999999999,0.18158699999999997,2934,264,270336,
1,resolver,3,113,static,0,1073,1841,1.5183760000000002,0.184966,2934,263,269312,
1,resolver,3,113,temporal,1,1073,1841,1.648492,0.25628199999999995,2934,27,27648,
1,resolver,3,114,temporal,0,599,1367,2.854419,1.6548239999999999,2934,28,28672,
1,resolver,3,114,static,1,599,1367,1.8454579999999998,0.17839099999999997,2934,264,270336,
1,resolver,3,115,static,0,1253,2021,2.45694,0.264368,2934,262,268288,
1,resolver,3,115,temporal,1,1253,2021,3.1549650000000002,0.621814,2934,28,28672,
1,resolver,3,116,temporal,0,232,1000,2.1132809999999997,0.24800899999999998,2934,28,28672,
1,resolver,3,116,static,1,232,1000,2.441688,0.48167899999999997,2934,264,270336,
1,resolver,3,117,static,0,1126,1894,2.0218789999999998,0.303613,2934,267,273408,
1,resolver,3,117,temporal,1,1126,1894,1.868579,0.18397700000000006,2934,28,28672,
1,resolver,3,118,temporal,0,942,1710,1.698439,0.19100699999999998,2934,28,28672,
1,resolver,3,118,static,1,942,1710,1.848486,0.30897,2934,264,270336,
1,resolver,3,119,static,0,224,992,1.521803,0.177537,2934,265,271360,
1,resolver,3,119,temporal,1,224,992,1.694688,0.17523999999999995,2934,28,28672,
1,full,0,0,static,0,932,1700,468.709875,0.4237119999999999,35702,263,269312,-128.89151964409507
1,full,0,0,temporal,1,932,1700,2.144091,0.36657999999999996,35702,28,28672,-128.89151964409507
1,full,0,1,temporal,0,986,1754,2.919067,0.6938700000000001,35702,28,28672,-216.1825482251916
1,full,0,1,static,1,986,1754,2.149215,0.35784299999999997,35702,265,271360,-216.1825482251916
1,full,0,2,static,0,1024,1792,2.242074,0.401233,35702,265,271360,-178.54661235659518
1,full,0,2,temporal,1,1024,1792,2.220978,0.406637,35702,28,28672,-178.54661235659518
1,full,0,3,temporal,0,540,1308,2.1959660000000003,0.555947,35702,28,28672,-64.42694054820156
1,full,0,3,static,1,540,1308,2.202181,0.418126,35702,264,270336,-64.42694054820156
1,full,0,4,static,0,9,777,2.049996,0.3585900000000001,35702,266,272384,133.8070028710431
1,full,0,4,temporal,1,9,777,3.343136,1.13532,35702,28,28672,133.8070028710431
1,full,0,5,temporal,0,933,1701,2.362267,0.453415,35702,28,28672,-131.33407469793312
1,full,0,5,static,1,933,1701,2.494047,0.39504000000000006,35702,262,268288,-131.33407469793312
1,full,0,6,static,0,166,934,2.054171,0.362666,35702,266,272384,-71.55373290697945
1,full,0,6,temporal,1,166,934,2.0440240000000003,0.36558499999999994,35702,27,27648,-71.55373290697945
1,full,0,7,temporal,0,669,1437,2.245439,0.36577200000000004,35702,28,28672,-116.13079642960459
1,full,0,7,static,1,669,1437,2.561953,0.35094400000000003,35702,265,271360,-116.13079642960459
1,full,0,8,static,0,1003,1771,1.974744,0.346394,35702,264,270336,-212.24225208712133
1,full,0,8,temporal,1,1003,1771,2.397615,0.35415699999999994,35702,28,28672,-212.24225208712133
1,full,0,9,temporal,0,615,1383,2.164219,0.36190399999999995,35702,28,28672,-244.06798176021286
1,full,0,9,static,1,615,1383,2.0368589999999998,0.40170500000000003,35702,263,269312,-244.06798176021286
1,full,0,10,static,0,258,1026,2.160968,0.365937,35702,266,272384,-219.92116318415518
1,full,0,10,temporal,1,258,1026,2.205213,0.40926300000000004,35702,28,28672,-219.92116318415518
1,full,0,11,temporal,0,21,789,2.414498,0.41184,35702,28,28672,157.2991755462777
1,full,0,11,static,1,21,789,2.235173,0.36531900000000006,35702,266,272384,157.2991755462777
1,full,0,12,static,0,1026,1794,2.024297,0.35336900000000004,35702,264,270336,-173.65307259578958
1,full,0,12,temporal,1,1026,1794,2.300209,0.36119000000000007,35702,28,28672,-173.65307259578958
1,full,0,13,temporal,0,18,786,2.575491,0.390498,35702,28,28672,151.72050262562246
1,full,0,13,static,1,18,786,2.702073,0.39611700000000005,35702,265,271360,151.72050262562246
1,full,0,14,static,0,1016,1784,2.4986349999999997,0.481825,35702,263,269312,-195.22530412854437
1,full,0,14,temporal,1,1016,1784,2.188521,0.3598,35702,28,28672,-195.22530412854437
1,full,0,15,temporal,0,1206,1974,2.153864,0.48741,35702,28,28672,138.7586014750798
1,full,0,15,static,1,1206,1974,2.585057,0.36684300000000003,35702,266,272384,138.7586014750798
1,full,0,16,static,0,524,1292,2.251215,0.476689,35702,264,270336,-6.455350305757601
1,full,0,16,temporal,1,524,1292,3.0425869999999997,1.0675569999999999,35702,28,28672,-6.455350305757601
1,full,0,17,temporal,0,153,921,2.2436589999999996,0.440884,35702,28,28672,-13.612228886100716
1,full,0,17,static,1,153,921,2.059147,0.36342599999999997,35702,264,270336,-13.612228886100716
1,full,0,18,static,0,231,999,2.2529160000000004,0.41137300000000004,35702,264,270336,-248.278504676328
1,full,0,18,temporal,1,231,999,2.1325369999999997,0.36775900000000006,35702,28,28672,-248.278504676328
1,full,0,19,temporal,0,285,1053,2.353838,0.368501,35702,28,28672,-138.71161618630668
1,full,0,19,static,1,285,1053,3.422858,1.149493,35702,264,270336,-138.71161618630668
1,full,0,20,static,0,1180,1948,2.304959,0.43622700000000003,35702,264,270336,213.41343865723985
1,full,0,20,temporal,1,1180,1948,2.493105,0.6588990000000001,35702,28,28672,213.41343865723985
1,full,0,21,temporal,0,421,1189,2.178292,0.481144,35702,28,28672,186.97757391504013
1,full,0,21,static,1,421,1189,2.3293150000000002,0.38068900000000006,35702,265,271360,186.97757391504013
1,full,0,22,static,0,561,1329,2.281673,0.46060299999999993,35702,265,271360,-140.00305668870342
1,full,0,22,temporal,1,561,1329,2.313056,0.405969,35702,27,27648,-140.00305668870342
1,full,0,23,temporal,0,430,1198,2.2968070000000003,0.371361,35702,28,28672,184.14367650354794
1,full,0,23,static,1,430,1198,2.5929529999999996,0.42522800000000005,35702,264,270336,184.14367650354794
1,full,0,24,static,0,489,1257,2.088021,0.458622,35702,266,272384,99.74243982689951
1,full,0,24,temporal,1,489,1257,2.24119,0.39136899999999997,35702,28,28672,99.74243982689951
1,full,0,25,temporal,0,360,1128,2.145943,0.476825,35702,28,28672,125.51251331258617
1,full,0,25,static,1,360,1128,2.250566,0.364126,35702,265,271360,125.51251331258617
1,full,0,26,static,0,719,1487,2.2573239999999997,0.358136,35702,265,271360,103.8538242223047
1,full,0,26,temporal,1,719,1487,2.125326,0.365431,35702,28,28672,103.8538242223047
1,full,0,27,temporal,0,1190,1958,2.582544,0.37382200000000004,35702,27,27648,188.67147484602395
1,full,0,27,static,1,1190,1958,2.825094,0.959274,35702,263,269312,188.67147484602395
1,full,0,28,static,0,48,816,2.3199330000000002,0.4246750000000001,35702,263,269312,195.80996510912468
1,full,0,28,temporal,1,48,816,2.8431379999999997,0.40373000000000003,35702,28,28672,195.80996510912468
1,full,0,29,temporal,0,512,1280,2.4448090000000002,0.40842500000000004,35702,28,28672,34.06952676770391
1,full,0,29,static,1,512,1280,2.3126480000000003,0.35052500000000003,35702,264,270336,34.06952676770391
1,full,0,30,static,0,394,1162,2.2992,0.5125190000000001,35702,264,270336,178.66928248152112
1,full,0,30,temporal,1,394,1162,2.0753310000000003,0.4293460000000001,35702,28,28672,178.66928248152112
1,full,0,31,temporal,0,4,772,2.381719,0.42989600000000006,35702,28,28672,123.17108841893915
1,full,0,31,static,1,4,772,2.4107640000000004,0.636833,35702,266,272384,123.17108841893915
1,full,0,32,static,0,698,1466,2.3220099999999997,0.438199,35702,264,270336,14.33856886440937
1,full,0,32,temporal,1,698,1466,2.916918,0.9986889999999998,35702,28,28672,14.33856886440937
1,full,0,33,temporal,0,1206,1974,2.458668,0.452858,35702,28,28672,138.7586014750798
1,full,0,33,static,1,1206,1974,3.378513,0.527475,35702,266,272384,138.7586014750798
1,full,0,34,static,0,713,1481,2.343356,0.3997699999999999,35702,264,270336,79.90134622067721
1,full,0,34,temporal,1,713,1481,2.285165,0.367919,35702,28,28672,79.90134622067721
1,full,0,35,temporal,0,1131,1899,2.521219,0.362158,35702,28,28672,222.4772167646171
1,full,0,35,static,1,1131,1899,3.012075,0.72607,35702,266,272384,222.4772167646171
1,full,0,36,static,0,1056,1824,2.543414,0.4017309999999999,35702,266,272384,-70.08850019364465
1,full,0,36,temporal,1,1056,1824,3.9157480000000002,1.5113699999999999,35702,28,28672,-70.08850019364465
1,full,0,37,temporal,0,559,1327,2.408571,0.5339870000000001,35702,28,28672,-133.13724617456643
1,full,0,37,static,1,559,1327,2.029078,0.35928099999999985,35702,264,270336,-133.13724617456643
1,full,0,38,static,0,898,1666,2.257957,0.34731400000000007,35702,266,272384,-39.834798714834534
1,full,0,38,temporal,1,898,1666,2.3175320000000004,0.44519100000000006,35702,28,28672,-39.834798714834534
1,full,0,39,temporal,0,493,1261,2.1496150000000003,0.411189,35702,28,28672,89.61987157301787
1,full,0,39,static,1,493,1261,2.309195,0.49664899999999995,35702,265,271360,89.61987157301787
1,full,0,40,static,0,1078,1846,2.3894670000000002,0.37174000000000007,35702,264,270336,28.67386967721174
1,full,0,40,temporal,1,1078,1846,2.318941,0.410277,35702,28,28672,28.67386967721174
1,full,0,41,temporal,0,52,820,2.581532,0.365831,35702,28,28672,199.25904674345787
1,full,0,41,static,1,52,820,2.213729,0.451666,35702,263,269312,199.25904674345787
1,full,0,42,static,0,173,941,2.062069,0.35908200000000007,35702,266,272384,-101.93271596363299
1,full,0,42,temporal,1,173,941,2.3918239999999997,0.367713,35702,28,28672,-101.93271596363299
1,full,0,43,temporal,0,814,1582,2.333552,0.434517,35702,28,28672,174.96417984494377
1,full,0,43,static,1,814,1582,2.050739,0.36084499999999997,35702,266,272384,174.96417984494377
1,full,0,44,static,0,435,1203,2.411139,0.353513,35702,264,270336,181.4449673814679
1,full,0,44,temporal,1,435,1203,2.306809,0.5145879999999999,35702,28,28672,181.4449673814679
1,full,0,45,temporal,0,1153,1921,2.042304,0.352935,35702,28,28672,244.08739719781872
1,full,0,45,static,1,1153,1921,2.166901,0.438702,35702,263,269312,244.08739719781872
1,full,0,46,static,0,903,1671,2.0597290000000004,0.355736,35702,266,272384,-53.356039055480316
1,full,0,46,temporal,1,903,1671,2.7475020000000003,0.378827,35702,28,28672,-53.356039055480316
1,full,0,47,temporal,0,238,1006,2.1144279999999998,0.354789,35702,28,28672,-247.08829200577625
1,full,0,47,static,1,238,1006,2.3132119999999996,0.580751,35702,265,271360,-247.08829200577625
1,full,0,48,static,0,510,1278,2.0065560000000002,0.35225699999999993,35702,264,270336,40.45785749438776
1,full,0,48,temporal,1,510,1278,2.812655,0.5223140000000001,35702,28,28672,40.45785749438776
1,full,0,49,temporal,0,74,842,2.56465,0.675414,35702,28,28672,204.13039866695442
1,full,0,49,static,1,74,842,2.861386,0.384917,35702,264,270336,204.13039866695442
1,full,0,50,static,0,23,791,2.079781,0.403444,35702,266,272384,160.89841954372153
1,full,0,50,temporal,1,23,791,2.316191,0.3621849999999999,35702,28,28672,160.89841954372153
1,full,0,51,temporal,0,337,1105,2.037823,0.3621409999999999,35702,28,28672,59.697882190795006
1,full,0,51,static,1,337,1105,2.284201,0.365826,35702,265,271360,59.697882190795006
1,full,0,52,static,0,1,769,2.570855,0.39512499999999995,35702,265,271360,116.57760762526533
1,full,0,52,temporal,1,1,769,2.087336,0.35101599999999994,35702,28,28672,116.57760762526533
1,full,0,53,temporal,0,517,1285,2.353306,0.612789,35702,28,28672,17.61264268276998
1,full,0,53,static,1,517,1285,2.746619,1.0005650000000001,35702,264,270336,17.61264268276998
1,full,0,54,static,0,407,1175,2.216692,0.39867500000000006,35702,266,272384,185.98877202256548
1,full,0,54,temporal,1,407,1175,2.147993,0.3681919999999999,35702,28,28672,185.98877202256548
1,full,0,55,temporal,0,866,1634,2.596464,0.3866650000000001,35702,28,28672,47.15174156073452
1,full,0,55,static,1,866,1634,2.176793,0.539194,35702,264,270336,47.15174156073452
1,full,0,56,static,0,877,1645,1.908357,0.340418,35702,264,270336,17.304144164302727
1,full,0,56,temporal,1,877,1645,2.016587,0.35083,35702,28,28672,17.304144164302727
1,full,0,57,temporal,0,1199,1967,3.328645,1.715837,35702,28,28672,161.86192194466838
1,full,0,57,static,1,1199,1967,2.4698089999999997,0.8903780000000002,35702,264,270336,161.86192194466838
1,full,0,58,static,0,889,1657,2.1673180000000003,0.5293209999999999,35702,266,272384,-15.377266773144266
1,full,0,58,temporal,1,889,1657,2.984057,0.820812,35702,28,28672,-15.377266773144266
1,full,0,59,temporal,0,362,1130,3.482341,0.358882,35702,28,28672,130.11064063420324
1,full,0,59,static,1,362,1130,2.194121,0.34382000000000007,35702,264,270336,130.11064063420324
1,full,0,60,static,0,388,1156,2.197266,0.4061469999999999,35702,264,270336,173.01738943857728
1,full,0,60,temporal,1,388,1156,2.35732,0.389039,35702,28,28672,173.01738943857728
1,full,0,61,temporal,0,92,860,2.2642230000000003,0.403033,35702,28,28672,187.00309934378427
1,full,0,61,static,1,92,860,2.457776,0.426755,35702,266,272384,187.00309934378427
1,full,0,62,static,0,365,1133,2.389281,0.359406,35702,264,270336,136.65597964423802
1,full,0,62,temporal,1,365,1133,2.354385,0.397687,35702,28,28672,136.65597964423802
1,full,0,63,temporal,0,372,1140,2.3967519999999998,0.37345900000000004,35702,28,28672,150.2868273047182
1,full,0,63,static,1,372,1140,2.5434949999999996,0.37781800000000004,35702,263,269312,150.2868273047182
1,full,0,64,static,0,796,1564,2.580729,0.5544840000000001,35702,265,271360,203.9131611215396
1,full,0,64,temporal,1,796,1564,2.2778460000000003,0.42611499999999997,35702,28,28672,203.9131611215396
1,full,0,65,temporal,0,775,1543,2.38478,0.5987940000000002,35702,28,28672,216.94688901395486
1,full,0,65,static,1,775,1543,2.008156,0.40179699999999996,35702,263,269312,216.94688901395486
1,full,0,66,static,0,1121,1889,2.435297,0.485323,35702,266,272384,198.79177445253742
1,full,0,66,temporal,1,1121,1889,2.416752,0.41202599999999995,35702,28,28672,198.79177445253742
1,full,0,67,temporal,0,244,1012,2.3305510000000003,0.37454899999999997,35702,28,28672,-242.5235168546493
1,full,0,67,static,1,244,1012,2.668856,0.89871,35702,266,272384,-242.5235168546493
1,full,0,68,static,0,603,1371,2.387622,0.521228,35702,264,270336,-239.14193162775652
1,full,0,68,temporal,1,603,1371,2.151401,0.361745,35702,28,28672,-239.14193162775652
1,full,0,69,temporal,0,1037,1805,2.137454,0.357118,35702,28,28672,-141.82824968575744
1,full,0,69,static,1,1037,1805,2.361805,0.34704300000000005,35702,265,271360,-141.82824968575744
1,full,0,70,static,0,776,1544,2.200114,0.42268700000000003,35702,262,268288,216.9441252978419
1,full,0,70,temporal,1,776,1544,2.042776,0.361119,35702,28,28672,216.9441252978419
1,full,0,71,temporal,0,376,1144,2.121969,0.363335,35702,28,28672,157.0522956021241
1,full,0,71,static,1,376,1144,2.050289,0.362376,35702,263,269312,157.0522956021241
1,full,0,72,static,0,203,971,2.041271,0.413319,35702,264,270336,-208.55629601807433
1,full,0,72,temporal,1,203,971,3.017069,1.128795,35702,28,28672,-208.55629601807433
1,full,0,73,temporal,0,334,1102,2.292458,0.46137399999999995,35702,28,28672,49.50956730027103
1,full,0,73,static,1,334,1102,2.0453390000000002,0.414812,35702,265,271360,49.50956730027103
1,full,0,74,static,0,284,1052,2.888519,1.0871830000000002,35702,264,270336,-142.3548132139245
1,full,0,74,temporal,1,284,1052,2.2649749999999997,0.377283,35702,28,28672,-142.3548132139245
1,full,0,75,temporal,0,329,1097,1.9670629999999998,0.3499050000000001,35702,28,28672,31.84170900676348
1,full,0,75,static,1,329,1097,2.135147,0.44387899999999997,35702,266,272384,31.84170900676348
1,full,0,76,static,0,875,1643,2.036708,0.36268300000000003,35702,264,270336,22.744817101359143
1,full,0,76,temporal,1,875,1643,2.0422740000000004,0.41083599999999987,35702,28,28672,22.744817101359143
1,full,0,77,temporal,0,524,1292,2.465493,0.400105,35702,28,28672,-6.455350305757601
1,full,0,77,static,1,524,1292,2.0430219999999997,0.368602,35702,264,270336,-6.455350305757601
1,full,0,78,static,0,1038,1806,2.242101,0.35164,35702,264,270336,-138.54400842191143
1,full,0,78,temporal,1,1038,1806,2.078604,0.496158,35702,28,28672,-138.54400842191143
1,full,0,79,temporal,0,729,1497,2.062772,0.41307000000000005,35702,28,28672,139.66125854483164
1,full,0,79,static,1,729,1497,2.14832,0.408887,35702,266,272384,139.66125854483164
1,full,0,80,static,0,827,1595,2.430595,0.43577799999999994,35702,264,270336,147.13250685287332
1,full,0,80,temporal,1,827,1595,2.917899,0.515256,35702,28,28672,147.13250685287332
1,full,0,81,temporal,0,15,783,2.723279,0.41163599999999995,35702,28,28672,145.9377130855222
1,full,0,81,static,1,15,783,2.1365730000000003,0.40648100000000004,35702,266,272384,145.9377130855222
1,full,0,82,static,0,81,849,2.456011,0.4821329999999999,35702,266,272384,199.92045136799956
1,full,0,82,temporal,1,81,849,3.022487,1.1007590000000003,35702,28,28672,199.92045136799956
1,full,0,83,temporal,0,1206,1974,2.141803,0.36084999999999995,35702,28,28672,138.7586014750798
1,full,0,83,static,1,1206,1974,2.3990869999999997,0.37557700000000005,35702,266,272384,138.7586014750798
1,full,0,84,static,0,94,862,2.223685,0.363662,35702,266,272384,183.80180926144706
1,full,0,84,temporal,1,94,862,2.398676,0.4033860000000001,35702,28,28672,183.80180926144706
1,full,0,85,temporal,0,907,1675,2.2775019999999997,0.394999,35702,28,28672,-64.11702375452158
1,full,0,85,static,1,907,1675,2.420925,0.688936,35702,265,271360,-64.11702375452158
1,full,0,86,static,0,688,1456,2.180015,0.361613,35702,263,269312,-31.619896031619266
1,full,0,86,temporal,1,688,1456,2.327964,0.4683830000000001,35702,28,28672,-31.619896031619266
1,full,0,87,temporal,0,665,1433,2.520098,0.6405,35702,28,28672,-132.47046471741868
1,full,0,87,static,1,665,1433,2.148066,0.41066600000000003,35702,265,271360,-132.47046471741868
1,full,0,88,static,0,430,1198,2.224045,0.3642770000000001,35702,264,270336,184.14367650354794
1,full,0,88,temporal,1,430,1198,2.273118,0.366388,35702,28,28672,184.14367650354794
1,full,0,89,temporal,0,808,1576,2.018657,0.35758200000000007,35702,28,28672,186.06425994057113
1,full,0,89,static,1,808,1576,2.057853,0.35894400000000004,35702,266,272384,186.06425994057113
1,full,0,90,static,0,1137,1905,2.276892,0.42676,35702,266,272384,232.6508948075365
1,full,0,90,temporal,1,1137,1905,2.056845,0.4119609999999999,35702,28,28672,232.6508948075365
1,full,0,91,temporal,0,1066,1834,2.817918,0.3897570000000001,35702,28,28672,-26.31087228257942
1,full,0,91,static,1,1066,1834,3.109971,1.045857,35702,264,270336,-26.31087228257942
1,full,0,92,static,0,1132,1900,2.208388,0.41196299999999997,35702,266,272384,224.3896490125356
1,full,0,92,temporal,1,1132,1900,4.460647,1.911619,35702,28,28672,224.3896490125356
1,full,0,93,temporal,0,928,1696,2.938184,0.797427,35702,28,28672,-118.96823822950707
1,full,0,93,static,1,928,1696,2.411902,0.4040499999999999,35702,263,269312,-118.96823822950707
1,full,0,94,static,0,335,1103,2.6102209999999997,0.5747239999999999,35702,266,272384,52.941718786518074
1,full,0,94,temporal,1,335,1103,2.380343,0.4585010000000001,35702,28,28672,52.941718786518074
1,full,0,95,temporal,0,733,1501,2.126681,0.39830599999999994,35702,28,28672,152.32079643042886
1,full,0,95,static,1,733,1501,2.1384730000000003,0.35208800000000007,35702,266,272384,152.32079643042886
1,full,0,96,static,0,600,1368,2.165774,0.39803799999999995,35702,264,270336,-235.99056056161126
1,full,0,96,temporal,1,600,1368,2.396267,0.5378409999999999,35702,28,28672,-235.99056056161126
1,full,0,97,temporal,0,883,1651,2.17639,0.373234,35702,28,28672,0.9652392614501409
1,full,0,97,static,1,883,1651,2.3875200000000003,0.563984,35702,266,272384,0.9652392614501409
1,full,0,98,static,0,139,907,2.2764629999999997,0.39962700000000007,35702,264,270336,47.02846808501505
1,full,0,98,temporal,1,139,907,2.261177,0.368198,35702,28,28672,47.02846808501505
1,full,0,99,temporal,0,1108,1876,2.160384,0.3552580000000001,35702,28,28672,156.8233929533297
1,full,0,99,static,1,1108,1876,2.753076,0.36817800000000006,35702,264,270336,156.8233929533297
1,full,0,100,static,0,1133,1901,2.3804220000000003,0.41974800000000007,35702,266,272384,226.21612431199785
1,full,0,100,temporal,1,1133,1901,2.979332,1.224554,35702,28,28672,226.21612431199785
1,full,0,101,temporal,0,458,1226,2.403104,0.37113199999999996,35702,28,28672,158.7432440461518
1,full,0,101,static,1,458,1226,2.3965509999999997,0.5311670000000002,35702,264,270336,158.7432440461518
1,full,0,102,static,0,572,1340,2.581473,0.40439899999999995,35702,265,271360,-175.35839861456472
1,full,0,102,temporal,1,572,1340,2.425978,0.38381300000000007,35702,28,28672,-175.35839861456472
1,full,0,103,temporal,0,1098,1866,2.4052510000000002,0.368346,35702,28,28672,117.63990080373254
1,full,0,103,static,1,1098,1866,2.227644,0.35602100000000003,35702,264,270336,117.63990080373254
1,full,0,104,static,0,318,1086,2.073811,0.410148,35702,265,271360,-9.514064883296998
1,full,0,104,temporal,1,318,1086,2.8064560000000003,0.9452790000000002,35702,28,28672,-9.514064883296998
1,full,0,105,temporal,0,176,944,2.191452,0.40683700000000006,35702,28,28672,-114.55722463555
1,full,0,105,static,1,176,944,2.33284,0.5773780000000001,35702,266,272384,-114.55722463555
1,full,0,106,static,0,354,1122,2.1544749999999997,0.350953,35702,264,270336,110.60073492243093
1,full,0,106,temporal,1,354,1122,2.0267340000000003,0.35824399999999995,35702,28,28672,110.60073492243093
1,full,0,107,temporal,0,75,843,2.0236289999999997,0.41602600000000006,35702,28,28672,203.7129719032544
1,full,0,107,static,1,75,843,2.443644,0.5099520000000001,35702,264,270336,203.7129719032544
1,full,0,108,static,0,1232,2000,2.479247,0.482615,35702,264,270336,44.79036278996181
1,full,0,108,temporal,1,1232,2000,2.266306,0.4027700000000001,35702,28,28672,44.79036278996181
1,full,0,109,temporal,0,928,1696,3.1153690000000003,1.0816350000000001,35702,28,28672,-118.96823822950707
1,full,0,109,static,1,928,1696,2.239445,0.49030199999999996,35702,263,269312,-118.96823822950707
1,full,0,110,static,0,700,1468,2.152977,0.368282,35702,263,269312,23.410297690212328
1,full,0,110,temporal,1,700,1468,2.018618,0.40237,35702,28,28672,23.410297690212328
1,full,0,111,temporal,0,173,941,2.1847429999999997,0.37941499999999995,35702,28,28672,-101.93271596363299
1,full,0,111,static,1,173,941,2.027058,0.411751,35702,266,272384,-101.93271596363299
1,full,0,112,static,0,1003,1771,2.130841,0.41444100000000006,35702,264,270336,-212.24225208712133
1,full,0,112,temporal,1,1003,1771,2.6645190000000003,0.636507,35702,28,28672,-212.24225208712133
1,full,0,113,temporal,0,1073,1841,2.145926,0.36182299999999995,35702,27,27648,5.624089236292837
1,full,0,113,static,1,1073,1841,2.469823,0.6677200000000001,35702,263,269312,5.624089236292837
1,full,0,114,static,0,599,1367,2.157719,0.43992999999999993,35702,264,270336,-234.77699292104555
1,full,0,114,temporal,1,599,1367,2.250506,0.34833000000000003,35702,28,28672,-234.77699292104555
1,full,0,115,temporal,0,1253,2021,2.088155,0.33999499999999994,35702,28,28672,-28.61207407041202
1,full,0,115,static,1,1253,2021,2.986049,0.7867640000000001,35702,262,268288,-28.61207407041202
1,full,0,116,static,0,232,1000,2.565346,0.370213,35702,264,270336,-248.3850886284491
1,full,0,116,temporal,1,232,1000,2.119046,0.37039399999999995,35702,28,28672,-248.3850886284491
1,full,0,117,temporal,0,1126,1894,2.2804230000000003,0.36612700000000004,35702,28,28672,211.6502687099376
1,full,0,117,static,1,1126,1894,2.054929,0.417405,35702,267,273408,211.6502687099376
1,full,0,118,static,0,942,1710,2.628079,0.390536,35702,264,270336,-152.4822633548373
1,full,0,118,temporal,1,942,1710,2.384535,0.36497199999999996,35702,28,28672,-152.4822633548373
1,full,0,119,temporal,0,224,992,2.234105,0.561998,35702,28,28672,-244.93781589209146
1,full,0,119,static,1,224,992,2.063709,0.3662419999999999,35702,265,271360,-244.93781589209146
1,full,1,0,temporal,0,932,1700,2.127529,0.35838100000000006,35702,28,28672,-128.89151964409507
1,full,1,0,static,1,932,1700,2.563203,0.437945,35702,263,269312,-128.89151964409507
1,full,1,1,static,0,986,1754,3.024038,1.1488109999999998,35702,265,271360,-216.1825482251916
1,full,1,1,temporal,1,986,1754,2.29218,0.40665999999999997,35702,28,28672,-216.1825482251916
1,full,1,2,temporal,0,1024,1792,2.6084680000000002,0.36355600000000005,35702,28,28672,-178.54661235659518
1,full,1,2,static,1,1024,1792,2.050901,0.354759,35702,265,271360,-178.54661235659518
1,full,1,3,static,0,540,1308,2.199081,0.5080080000000001,35702,264,270336,-64.42694054820156
1,full,1,3,temporal,1,540,1308,2.208299,0.36271099999999995,35702,28,28672,-64.42694054820156
1,full,1,4,temporal,0,9,777,2.0362359999999997,0.36157399999999995,35702,28,28672,133.8070028710431
1,full,1,4,static,1,9,777,2.102316,0.364504,35702,266,272384,133.8070028710431
1,full,1,5,static,0,933,1701,2.557081,0.850076,35702,262,268288,-131.33407469793312
1,full,1,5,temporal,1,933,1701,2.556498,0.366992,35702,28,28672,-131.33407469793312
1,full,1,6,temporal,0,166,934,3.173025,0.414967,35702,27,27648,-71.55373290697945
1,full,1,6,static,1,166,934,3.4339790000000003,1.1131880000000003,35702,266,272384,-71.55373290697945
1,full,1,7,static,0,669,1437,2.15725,0.360081,35702,265,271360,-116.13079642960459
1,full,1,7,temporal,1,669,1437,2.2189279999999996,0.45988,35702,28,28672,-116.13079642960459
1,full,1,8,temporal,0,1003,1771,2.0352119999999996,0.35775799999999996,35702,28,28672,-212.24225208712133
1,full,1,8,static,1,1003,1771,2.78192,0.9596929999999999,35702,264,270336,-212.24225208712133
1,full,1,9,static,0,615,1383,2.30086,0.481363,35702,263,269312,-244.06798176021286
1,full,1,9,temporal,1,615,1383,2.126019,0.40753999999999996,35702,28,28672,-244.06798176021286
1,full,1,10,temporal,0,258,1026,2.1612430000000002,0.37010699999999996,35702,28,28672,-219.92116318415518
1,full,1,10,static,1,258,1026,2.936826,0.614017,35702,266,272384,-219.92116318415518
1,full,1,11,static,0,21,789,2.1805269999999997,0.4357279999999999,35702,266,272384,157.2991755462777
1,full,1,11,temporal,1,21,789,2.805858,0.9657969999999999,35702,28,28672,157.2991755462777
1,full,1,12,temporal,0,1026,1794,2.167987,0.404529,35702,28,28672,-173.65307259578958
1,full,1,12,static,1,1026,1794,2.265828,0.36689700000000003,35702,264,270336,-173.65307259578958
1,full,1,13,static,0,18,786,2.013614,0.35742,35702,265,271360,151.72050262562246
1,full,1,13,temporal,1,18,786,2.298225,0.36529500000000004,35702,28,28672,151.72050262562246
1,full,1,14,temporal,0,1016,1784,2.314889,0.43582199999999993,35702,28,28672,-195.22530412854437
1,full,1,14,static,1,1016,1784,2.130002,0.488109,35702,263,269312,-195.22530412854437
1,full,1,15,static,0,1206,1974,2.104452,0.358141,35702,266,272384,138.7586014750798
1,full,1,15,temporal,1,1206,1974,2.6323980000000002,0.499338,35702,28,28672,138.7586014750798
1,full,1,16,temporal,0,524,1292,2.476213,0.556689,35702,28,28672,-6.455350305757601
1,full,1,16,static,1,524,1292,2.84428,0.961689,35702,264,270336,-6.455350305757601
1,full,1,17,static,0,153,921,2.369427,0.5365800000000001,35702,264,270336,-13.612228886100716
1,full,1,17,temporal,1,153,921,2.151952,0.483237,35702,28,28672,-13.612228886100716
1,full,1,18,temporal,0,231,999,2.146314,0.5133969999999999,35702,28,28672,-248.278504676328
1,full,1,18,static,1,231,999,2.368933,0.3713119999999999,35702,264,270336,-248.278504676328
1,full,1,19,static,0,285,1053,2.7164759999999997,0.7479079999999999,35702,264,270336,-138.71161618630668
1,full,1,19,temporal,1,285,1053,2.167472,0.4179210000000001,35702,28,28672,-138.71161618630668
1,full,1,20,temporal,0,1180,1948,2.3029080000000004,0.365364,35702,28,28672,213.41343865723985
1,full,1,20,static,1,1180,1948,2.2247220000000003,0.490316,35702,264,270336,213.41343865723985
1,full,1,21,static,0,421,1189,2.4297910000000003,0.36171800000000004,35702,265,271360,186.97757391504013
1,full,1,21,temporal,1,421,1189,2.878229,1.0848419999999999,35702,28,28672,186.97757391504013
1,full,1,22,temporal,0,561,1329,2.233717,0.419005,35702,27,27648,-140.00305668870342
1,full,1,22,static,1,561,1329,2.166354,0.484468,35702,265,271360,-140.00305668870342
1,full,1,23,static,0,430,1198,2.757205,1.108003,35702,264,270336,184.14367650354794
1,full,1,23,temporal,1,430,1198,2.059997,0.419895,35702,28,28672,184.14367650354794
1,full,1,24,temporal,0,489,1257,2.554159,0.6965210000000001,35702,28,28672,99.74243982689951
1,full,1,24,static,1,489,1257,2.2164889999999997,0.362972,35702,266,272384,99.74243982689951
1,full,1,25,static,0,360,1128,2.1565450000000004,0.358891,35702,265,271360,125.51251331258617
1,full,1,25,temporal,1,360,1128,2.2538620000000003,0.42930100000000004,35702,28,28672,125.51251331258617
1,full,1,26,temporal,0,719,1487,2.225836,0.37375700000000006,35702,28,28672,103.8538242223047
1,full,1,26,static,1,719,1487,2.0246750000000002,0.3623550000000001,35702,265,271360,103.8538242223047
1,full,1,27,static,0,1190,1958,2.143846,0.4174090000000001,35702,263,269312,188.67147484602395
1,full,1,27,temporal,1,1190,1958,2.31278,0.357672,35702,27,27648,188.67147484602395
1,full,1,28,temporal,0,48,816,2.074146,0.415695,35702,28,28672,195.80996510912468
1,full,1,28,static,1,48,816,2.560089,0.38543900000000003,35702,263,269312,195.80996510912468
1,full,1,29,static,0,512,1280,1.9660680000000001,0.348388,35702,264,270336,34.06952676770391
1,full,1,29,temporal,1,512,1280,1.960509,0.34795599999999993,35702,28,28672,34.06952676770391
1,full,1,30,temporal,0,394,1162,2.437467,0.44984900000000005,35702,28,28672,178.66928248152112
1,full,1,30,static,1,394,1162,2.146952,0.360775,35702,264,270336,178.66928248152112
1,full,1,31,static,0,4,772,2.039358,0.406836,35702,266,272384,123.17108841893915
1,full,1,31,temporal,1,4,772,3.024007,1.1491559999999998,35702,28,28672,123.17108841893915
1,full,1,32,temporal,0,698,1466,2.375162,0.6114140000000001,35702,28,28672,14.33856886440937
1,full,1,32,static,1,698,1466,2.136799,0.37584200000000006,35702,264,270336,14.33856886440937
1,full,1,33,static,0,1206,1974,2.0964840000000002,0.402522,35702,266,272384,138.7586014750798
1,full,1,33,temporal,1,1206,1974,2.212338,0.36347,35702,28,28672,138.7586014750798
1,full,1,34,temporal,0,713,1481,2.516589,0.6281070000000002,35702,28,28672,79.90134622067721
1,full,1,34,static,1,713,1481,2.27748,0.40231300000000003,35702,264,270336,79.90134622067721
1,full,1,35,static,0,1131,1899,2.342826,0.4095850000000001,35702,266,272384,222.4772167646171
1,full,1,35,temporal,1,1131,1899,2.1619249999999997,0.4614230000000001,35702,28,28672,222.4772167646171
1,full,1,36,temporal,0,1056,1824,2.273968,0.35935700000000004,35702,28,28672,-70.08850019364465
1,full,1,36,static,1,1056,1824,2.5318379999999996,0.363729,35702,266,272384,-70.08850019364465
1,full,1,37,static,0,559,1327,2.6234859999999998,0.4104479999999999,35702,264,270336,-133.13724617456643
1,full,1,37,temporal,1,559,1327,2.212209,0.391946,35702,28,28672,-133.13724617456643
1,full,1,38,temporal,0,898,1666,2.246895,0.374727,35702,28,28672,-39.834798714834534
1,full,1,38,static,1,898,1666,2.135025,0.35721499999999995,35702,266,272384,-39.834798714834534
1,full,1,39,static,0,493,1261,2.3396559999999997,0.37470100000000006,35702,265,271360,89.61987157301787
1,full,1,39,temporal,1,493,1261,2.8298249999999996,0.976581,35702,28,28672,89.61987157301787
1,full,1,40,temporal,0,1078,1846,2.132433,0.36432899999999996,35702,28,28672,28.67386967721174
1,full,1,40,static,1,1078,1846,2.0506439999999997,0.35509299999999994,35702,264,270336,28.67386967721174
1,full,1,41,static,0,52,820,2.305362,0.36953400000000003,35702,263,269312,199.25904674345787
1,full,1,41,temporal,1,52,820,2.0175509999999997,0.362608,35702,28,28672,199.25904674345787
1,full,1,42,temporal,0,173,941,2.315,0.40690400000000004,35702,28,28672,-101.93271596363299
1,full,1,42,static,1,173,941,2.586955,0.5288129999999999,35702,266,272384,-101.93271596363299
1,full,1,43,static,0,814,1582,2.418714,0.5149229999999999,35702,266,272384,174.96417984494377
1,full,1,43,temporal,1,814,1582,2.127584,0.41537399999999997,35702,28,28672,174.96417984494377
1,full,1,44,temporal,0,435,1203,2.130511,0.36023700000000003,35702,28,28672,181.4449673814679
1,full,1,44,static,1,435,1203,2.2357,0.3680569999999999,35702,264,270336,181.4449673814679
1,full,1,45,static,0,1153,1921,2.0087159999999997,0.354107,35702,263,269312,244.08739719781872
1,full,1,45,temporal,1,1153,1921,2.149661,0.42734,35702,28,28672,244.08739719781872
1,full,1,46,temporal,0,903,1671,2.0782740000000004,0.3621329999999999,35702,28,28672,-53.356039055480316
1,full,1,46,static,1,903,1671,2.044879,0.35259199999999996,35702,266,272384,-53.356039055480316
1,full,1,47,static,0,238,1006,2.550878,0.482907,35702,265,271360,-247.08829200577625
1,full,1,47,temporal,1,238,1006,2.14178,0.369161,35702,28,28672,-247.08829200577625
1,full,1,48,temporal,0,510,1278,2.260518,0.426233,35702,28,28672,40.45785749438776
1,full,1,48,static,1,510,1278,2.179361,0.4317620000000001,35702,264,270336,40.45785749438776
1,full,1,49,static,0,74,842,2.146033,0.416186,35702,264,270336,204.13039866695442
1,full,1,49,temporal,1,74,842,2.144179,0.354719,35702,28,28672,204.13039866695442
1,full,1,50,temporal,0,23,791,2.675635,0.5773489999999999,35702,28,28672,160.89841954372153
1,full,1,50,static,1,23,791,3.3137079999999997,1.5058160000000003,35702,266,272384,160.89841954372153
1,full,1,51,static,0,337,1105,3.0462029999999998,0.7088720000000001,35702,265,271360,59.697882190795006
1,full,1,51,temporal,1,337,1105,2.339859,0.4597770000000001,35702,28,28672,59.697882190795006
1,full,1,52,temporal,0,1,769,2.466602,0.35832400000000003,35702,28,28672,116.57760762526533
1,full,1,52,static,1,1,769,2.514411,0.5023869999999999,35702,265,271360,116.57760762526533
1,full,1,53,static,0,517,1285,2.195987,0.41284399999999993,35702,264,270336,17.61264268276998
1,full,1,53,temporal,1,517,1285,2.562281,0.370564,35702,28,28672,17.61264268276998
1,full,1,54,temporal,0,407,1175,2.237129,0.510949,35702,28,28672,185.98877202256548
1,full,1,54,static,1,407,1175,2.430416,0.450756,35702,266,272384,185.98877202256548
1,full,1,55,static,0,866,1634,2.991503,1.055217,35702,264,270336,47.15174156073452
1,full,1,55,temporal,1,866,1634,2.263715,0.554803,35702,28,28672,47.15174156073452
1,full,1,56,temporal,0,877,1645,2.225298,0.461908,35702,28,28672,17.304144164302727
1,full,1,56,static,1,877,1645,2.0739009999999998,0.36726200000000003,35702,264,270336,17.304144164302727
1,full,1,57,static,0,1199,1967,2.111582,0.35371,35702,264,270336,161.86192194466838
1,full,1,57,temporal,1,1199,1967,2.317117,0.40021399999999996,35702,28,28672,161.86192194466838
1,full,1,58,temporal,0,889,1657,2.02489,0.35712099999999997,35702,28,28672,-15.377266773144266
1,full,1,58,static,1,889,1657,2.4198589999999998,0.473161,35702,266,272384,-15.377266773144266
1,full,1,59,static,0,362,1130,2.0513749999999997,0.36898099999999995,35702,264,270336,130.11064063420324
1,full,1,59,temporal,1,362,1130,2.282095,0.36748,35702,28,28672,130.11064063420324
1,full,1,60,temporal,0,388,1156,2.160633,0.4352459999999999,35702,28,28672,173.01738943857728
1,full,1,60,static,1,388,1156,2.2452129999999997,0.47936,35702,264,270336,173.01738943857728
1,full,1,61,static,0,92,860,2.458898,0.515062,35702,266,272384,187.00309934378427
1,full,1,61,temporal,1,92,860,2.464627,0.3703949999999999,35702,28,28672,187.00309934378427
1,full,1,62,temporal,0,365,1133,2.1597999999999997,0.503499,35702,28,28672,136.65597964423802
1,full,1,62,static,1,365,1133,2.213464,0.555032,35702,264,270336,136.65597964423802
1,full,1,63,static,0,372,1140,2.1922539999999997,0.4065349999999999,35702,263,269312,150.2868273047182
1,full,1,63,temporal,1,372,1140,2.068637,0.365175,35702,28,28672,150.2868273047182
1,full,1,64,temporal,0,796,1564,2.049847,0.40693500000000005,35702,28,28672,203.9131611215396
1,full,1,64,static,1,796,1564,2.183593,0.37000299999999997,35702,265,271360,203.9131611215396
1,full,1,65,static,0,775,1543,3.27027,0.4986969999999999,35702,263,269312,216.94688901395486
1,full,1,65,temporal,1,775,1543,2.228155,0.366405,35702,28,28672,216.94688901395486
1,full,1,66,temporal,0,1121,1889,2.1277739999999996,0.36230099999999993,35702,28,28672,198.79177445253742
1,full,1,66,static,1,1121,1889,2.155395,0.41594,35702,266,272384,198.79177445253742
1,full,1,67,static,0,244,1012,2.901813,0.971529,35702,266,272384,-242.5235168546493
1,full,1,67,temporal,1,244,1012,2.1618000000000004,0.419928,35702,28,28672,-242.5235168546493
1,full,1,68,temporal,0,603,1371,2.251041,0.403385,35702,28,28672,-239.14193162775652
1,full,1,68,static,1,603,1371,2.282684,0.360427,35702,264,270336,-239.14193162775652
1,full,1,69,static,0,1037,1805,2.370303,0.35794800000000004,35702,265,271360,-141.82824968575744
1,full,1,69,temporal,1,1037,1805,2.296453,0.41759999999999997,35702,28,28672,-141.82824968575744
1,full,1,70,temporal,0,776,1544,2.2568390000000003,0.530389,35702,28,28672,216.9441252978419
1,full,1,70,static,1,776,1544,2.259514,0.36850800000000006,35702,262,268288,216.9441252978419
1,full,1,71,static,0,376,1144,2.760133,0.37218299999999993,35702,263,269312,157.0522956021241
1,full,1,71,temporal,1,376,1144,2.3011440000000003,0.39119000000000004,35702,28,28672,157.0522956021241
1,full,1,72,temporal,0,203,971,2.06601,0.36691000000000007,35702,28,28672,-208.55629601807433
1,full,1,72,static,1,203,971,2.3356570000000003,0.544477,35702,264,270336,-208.55629601807433
1,full,1,73,static,0,334,1102,2.5467530000000003,0.42401900000000003,35702,265,271360,49.50956730027103
1,full,1,73,temporal,1,334,1102,2.547856,0.36334399999999994,35702,28,28672,49.50956730027103
1,full,1,74,temporal,0,284,1052,2.466489,0.623315,35702,28,28672,-142.3548132139245
1,full,1,74,static,1,284,1052,2.9649759999999996,1.019214,35702,264,270336,-142.3548132139245
1,full,1,75,static,0,329,1097,2.527955,0.7251660000000001,35702,266,272384,31.84170900676348
1,full,1,75,temporal,1,329,1097,2.324945,0.36611,35702,28,28672,31.84170900676348
1,full,1,76,temporal,0,875,1643,2.052558,0.41075900000000004,35702,28,28672,22.744817101359143
1,full,1,76,static,1,875,1643,2.241331,0.3712019999999999,35702,264,270336,22.744817101359143
1,full,1,77,static,0,524,1292,2.0381169999999997,0.40712400000000004,35702,264,270336,-6.455350305757601
1,full,1,77,temporal,1,524,1292,2.118255,0.36219999999999997,35702,28,28672,-6.455350305757601
1,full,1,78,temporal,0,1038,1806,2.132596,0.362913,35702,28,28672,-138.54400842191143
1,full,1,78,static,1,1038,1806,2.043641,0.358388,35702,264,270336,-138.54400842191143
1,full,1,79,static,0,729,1497,2.71086,0.359736,35702,266,272384,139.66125854483164
1,full,1,79,temporal,1,729,1497,2.58039,0.379884,35702,28,28672,139.66125854483164
1,full,1,80,temporal,0,827,1595,2.039281,0.412099,35702,28,28672,147.13250685287332
1,full,1,80,static,1,827,1595,2.2898039999999997,0.48356899999999986,35702,264,270336,147.13250685287332
1,full,1,81,static,0,15,783,2.3553100000000002,0.555457,35702,266,272384,145.9377130855222
1,full,1,81,temporal,1,15,783,2.030855,0.36344499999999996,35702,28,28672,145.9377130855222
1,full,1,82,temporal,0,81,849,2.2038919999999997,0.4103249999999999,35702,28,28672,199.92045136799956
1,full,1,82,static,1,81,849,2.197493,0.431416,35702,266,272384,199.92045136799956
1,full,1,83,static,0,1206,1974,2.322003,0.437182,35702,266,272384,138.7586014750798
1,full,1,83,temporal,1,1206,1974,2.208564,0.356491,35702,28,28672,138.7586014750798
1,full,1,84,temporal,0,94,862,2.143504,0.4190749999999999,35702,28,28672,183.80180926144706
1,full,1,84,static,1,94,862,2.045286,0.369914,35702,266,272384,183.80180926144706
1,full,1,85,static,0,907,1675,2.253433,0.40807499999999997,35702,265,271360,-64.11702375452158
1,full,1,85,temporal,1,907,1675,2.423978,0.6645219999999998,35702,28,28672,-64.11702375452158
1,full,1,86,temporal,0,688,1456,2.036634,0.36089000000000004,35702,28,28672,-31.619896031619266
1,full,1,86,static,1,688,1456,2.547603,0.42325499999999994,35702,263,269312,-31.619896031619266
1,full,1,87,static,0,665,1433,2.488317,0.5219149999999999,35702,265,271360,-132.47046471741868
1,full,1,87,temporal,1,665,1433,2.331483,0.37177000000000004,35702,28,28672,-132.47046471741868
1,full,1,88,temporal,0,430,1198,2.128405,0.36210100000000006,35702,28,28672,184.14367650354794
1,full,1,88,static,1,430,1198,2.4447829999999997,0.39321200000000006,35702,264,270336,184.14367650354794
1,full,1,89,static,0,808,1576,2.578183,0.867258,35702,266,272384,186.06425994057113
1,full,1,89,temporal,1,808,1576,2.117441,0.361058,35702,28,28672,186.06425994057113
1,full,1,90,temporal,0,1137,1905,2.2644800000000003,0.405357,35702,28,28672,232.6508948075365
1,full,1,90,static,1,1137,1905,2.278737,0.406383,35702,266,272384,232.6508948075365
1,full,1,91,static,0,1066,1834,2.158677,0.35523200000000005,35702,264,270336,-26.31087228257942
1,full,1,91,temporal,1,1066,1834,2.348466,0.40001200000000003,35702,28,28672,-26.31087228257942
1,full,1,92,temporal,0,1132,1900,2.547036,0.45347300000000007,35702,28,28672,224.3896490125356
1,full,1,92,static,1,1132,1900,2.391481,0.666691,35702,266,272384,224.3896490125356
1,full,1,93,static,0,928,1696,2.335892,0.41077600000000003,35702,263,269312,-118.96823822950707
1,full,1,93,temporal,1,928,1696,2.299814,0.4276190000000001,35702,28,28672,-118.96823822950707
1,full,1,94,temporal,0,335,1103,2.120628,0.36989200000000005,35702,28,28672,52.941718786518074
1,full,1,94,static,1,335,1103,2.317942,0.3651940000000001,35702,266,272384,52.941718786518074
1,full,1,95,static,0,733,1501,2.203155,0.423228,35702,266,272384,152.32079643042886
1,full,1,95,temporal,1,733,1501,2.044741,0.362078,35702,28,28672,152.32079643042886
1,full,1,96,temporal,0,600,1368,4.629486,0.373137,35702,28,28672,-235.99056056161126
1,full,1,96,static,1,600,1368,6.501253999999999,0.655923,35702,264,270336,-235.99056056161126
1,full,1,97,static,0,883,1651,2.505408,0.370914,35702,266,272384,0.9652392614501409
1,full,1,97,temporal,1,883,1651,2.2928710000000003,0.3766999999999999,35702,28,28672,0.9652392614501409
1,full,1,98,temporal,0,139,907,2.1798870000000004,0.363118,35702,28,28672,47.02846808501505
1,full,1,98,static,1,139,907,2.196281,0.36105500000000007,35702,264,270336,47.02846808501505
1,full,1,99,static,0,1108,1876,2.295832,0.5755039999999999,35702,264,270336,156.8233929533297
1,full,1,99,temporal,1,1108,1876,2.1335949999999997,0.36813199999999996,35702,28,28672,156.8233929533297
1,full,1,100,temporal,0,1133,1901,2.310795,0.36646399999999996,35702,28,28672,226.21612431199785
1,full,1,100,static,1,1133,1901,2.734917,0.36565800000000004,35702,266,272384,226.21612431199785
1,full,1,101,static,0,458,1226,2.0307150000000003,0.357649,35702,264,270336,158.7432440461518
1,full,1,101,temporal,1,458,1226,2.137066,0.41650699999999996,35702,28,28672,158.7432440461518
1,full,1,102,temporal,0,572,1340,2.40783,0.578647,35702,28,28672,-175.35839861456472
1,full,1,102,static,1,572,1340,2.081824,0.36492399999999997,35702,265,271360,-175.35839861456472
1,full,1,103,static,0,1098,1866,2.038534,0.410452,35702,264,270336,117.63990080373254
1,full,1,103,temporal,1,1098,1866,2.381933,0.3888730000000001,35702,28,28672,117.63990080373254
1,full,1,104,temporal,0,318,1086,2.036343,0.372206,35702,28,28672,-9.514064883296998
1,full,1,104,static,1,318,1086,2.214923,0.402367,35702,265,271360,-9.514064883296998
1,full,1,105,static,0,176,944,2.2079,0.376883,35702,266,272384,-114.55722463555
1,full,1,105,temporal,1,176,944,2.054063,0.4100160000000001,35702,28,28672,-114.55722463555
1,full,1,106,temporal,0,354,1122,2.133902,0.371471,35702,28,28672,110.60073492243093
1,full,1,106,static,1,354,1122,3.135878,0.376772,35702,264,270336,110.60073492243093
1,full,1,107,static,0,75,843,2.296241,0.405898,35702,264,270336,203.7129719032544
1,full,1,107,temporal,1,75,843,2.20956,0.36435799999999996,35702,28,28672,203.7129719032544
1,full,1,108,temporal,0,1232,2000,2.3432359999999997,0.41514599999999996,35702,28,28672,44.79036278996181
1,full,1,108,static,1,1232,2000,2.425545,0.404231,35702,264,270336,44.79036278996181
1,full,1,109,static,0,928,1696,2.519485,0.5388259999999999,35702,263,269312,-118.96823822950707
1,full,1,109,temporal,1,928,1696,2.839217,0.6267260000000001,35702,28,28672,-118.96823822950707
1,full,1,110,temporal,0,700,1468,2.536824,0.526962,35702,28,28672,23.410297690212328
1,full,1,110,static,1,700,1468,2.965162,0.5102960000000001,35702,263,269312,23.410297690212328
1,full,1,111,static,0,173,941,2.6120449999999997,0.44299000000000005,35702,266,272384,-101.93271596363299
1,full,1,111,temporal,1,173,941,2.111542,0.47965800000000003,35702,28,28672,-101.93271596363299
1,full,1,112,temporal,0,1003,1771,2.564753,0.38333699999999993,35702,28,28672,-212.24225208712133
1,full,1,112,static,1,1003,1771,2.316522,0.5179070000000001,35702,264,270336,-212.24225208712133
1,full,1,113,static,0,1073,1841,2.524496,0.48768,35702,263,269312,5.624089236292837
1,full,1,113,temporal,1,1073,1841,2.020772,0.40278699999999995,35702,27,27648,5.624089236292837
1,full,1,114,temporal,0,599,1367,2.576139,0.4985780000000001,35702,28,28672,-234.77699292104555
1,full,1,114,static,1,599,1367,2.8217659999999998,0.7732160000000001,35702,264,270336,-234.77699292104555
1,full,1,115,static,0,1253,2021,2.150753,0.40641399999999994,35702,262,268288,-28.61207407041202
1,full,1,115,temporal,1,1253,2021,2.1737409999999997,0.36517399999999994,35702,28,28672,-28.61207407041202
1,full,1,116,temporal,0,232,1000,2.434677,0.5496449999999999,35702,28,28672,-248.3850886284491
1,full,1,116,static,1,232,1000,2.225174,0.37091699999999994,35702,264,270336,-248.3850886284491
1,full,1,117,static,0,1126,1894,2.156313,0.39815599999999995,35702,267,273408,211.6502687099376
1,full,1,117,temporal,1,1126,1894,2.1027400000000003,0.48393700000000006,35702,28,28672,211.6502687099376
1,full,1,118,temporal,0,942,1710,2.1332590000000002,0.4949469999999999,35702,28,28672,-152.4822633548373
1,full,1,118,static,1,942,1710,2.308342,0.363205,35702,264,270336,-152.4822633548373
1,full,1,119,static,0,224,992,2.823776,0.430539,35702,265,271360,-244.93781589209146
1,full,1,119,temporal,1,224,992,2.579397,0.753306,35702,28,28672,-244.93781589209146
1,full,2,0,static,0,932,1700,2.3321739999999997,0.416791,35702,263,269312,-128.89151964409507
1,full,2,0,temporal,1,932,1700,2.606793,0.610635,35702,28,28672,-128.89151964409507
1,full,2,1,temporal,0,986,1754,2.679642,0.5558119999999999,35702,28,28672,-216.1825482251916
1,full,2,1,static,1,986,1754,5.172740999999999,1.1985410000000003,35702,265,271360,-216.1825482251916
1,full,2,2,static,0,1024,1792,2.128455,0.348718,35702,265,271360,-178.54661235659518
1,full,2,2,temporal,1,1024,1792,2.536519,0.405638,35702,28,28672,-178.54661235659518
1,full,2,3,temporal,0,540,1308,2.820566,0.7175509999999999,35702,28,28672,-64.42694054820156
1,full,2,3,static,1,540,1308,2.5332890000000003,0.43266200000000005,35702,264,270336,-64.42694054820156
1,full,2,4,static,0,9,777,2.168087,0.41329400000000005,35702,266,272384,133.8070028710431
1,full,2,4,temporal,1,9,777,2.587785,0.582099,35702,28,28672,133.8070028710431
1,full,2,5,temporal,0,933,1701,2.5089740000000003,0.646943,35702,28,28672,-131.33407469793312
1,full,2,5,static,1,933,1701,2.309597,0.369577,35702,262,268288,-131.33407469793312
1,full,2,6,static,0,166,934,2.705853,0.679858,35702,266,272384,-71.55373290697945
1,full,2,6,temporal,1,166,934,2.4111559999999996,0.368178,35702,27,27648,-71.55373290697945
1,full,2,7,temporal,0,669,1437,2.3787949999999998,0.386125,35702,28,28672,-116.13079642960459
1,full,2,7,static,1,669,1437,2.149218,0.484373,35702,265,271360,-116.13079642960459
1,full,2,8,static,0,1003,1771,2.2143140000000003,0.36393699999999995,35702,264,270336,-212.24225208712133
1,full,2,8,temporal,1,1003,1771,2.357828,0.5409979999999999,35702,28,28672,-212.24225208712133
1,full,2,9,temporal,0,615,1383,2.069065,0.36540799999999996,35702,28,28672,-244.06798176021286
1,full,2,9,static,1,615,1383,2.2914440000000003,0.36122699999999996,35702,263,269312,-244.06798176021286
1,full,2,10,static,0,258,1026,2.386464,0.415094,35702,266,272384,-219.92116318415518
1,full,2,10,temporal,1,258,1026,2.050787,0.422942,35702,28,28672,-219.92116318415518
1,full,2,11,temporal,0,21,789,2.586801,0.371536,35702,28,28672,157.2991755462777
1,full,2,11,static,1,21,789,2.8891329999999997,0.569354,35702,266,272384,157.2991755462777
1,full,2,12,static,0,1026,1794,2.045477,0.35865600000000003,35702,264,270336,-173.65307259578958
1,full,2,12,temporal,1,1026,1794,2.477097,0.360961,35702,28,28672,-173.65307259578958
1,full,2,13,temporal,0,18,786,2.1767499999999997,0.39226,35702,28,28672,151.72050262562246
1,full,2,13,static,1,18,786,1.9947530000000002,0.353505,35702,265,271360,151.72050262562246
1,full,2,14,static,0,1016,1784,2.052629,0.41123399999999993,35702,263,269312,-195.22530412854437
1,full,2,14,temporal,1,1016,1784,2.158487,0.366968,35702,28,28672,-195.22530412854437
1,full,2,15,temporal,0,1206,1974,2.313442,0.47670599999999996,35702,28,28672,138.7586014750798
1,full,2,15,static,1,1206,1974,2.147475,0.3917459999999999,35702,266,272384,138.7586014750798
1,full,2,16,static,0,524,1292,2.119856,0.41995499999999997,35702,264,270336,-6.455350305757601
1,full,2,16,temporal,1,524,1292,2.095285,0.35378499999999996,35702,28,28672,-6.455350305757601
1,full,2,17,temporal,0,153,921,2.292294,0.48832999999999993,35702,28,28672,-13.612228886100716
1,full,2,17,static,1,153,921,2.602103,0.471653,35702,264,270336,-13.612228886100716
1,full,2,18,static,0,231,999,2.196288,0.42524799999999996,35702,264,270336,-248.278504676328
1,full,2,18,temporal,1,231,999,2.6043849999999997,0.445626,35702,28,28672,-248.278504676328
1,full,2,19,temporal,0,285,1053,2.639189,0.42410300000000006,35702,28,28672,-138.71161618630668
1,full,2,19,static,1,285,1053,3.137174,0.42074100000000003,35702,264,270336,-138.71161618630668
1,full,2,20,static,0,1180,1948,2.27276,0.353831,35702,264,270336,213.41343865723985
1,full,2,20,temporal,1,1180,1948,2.207451,0.47971600000000003,35702,28,28672,213.41343865723985
1,full,2,21,temporal,0,421,1189,2.577798,0.5269969999999999,35702,28,28672,186.97757391504013
1,full,2,21,static,1,421,1189,2.4272709999999997,0.6786549999999999,35702,265,271360,186.97757391504013
1,full,2,22,static,0,561,1329,2.07126,0.34557200000000005,35702,265,271360,-140.00305668870342
1,full,2,22,temporal,1,561,1329,2.55773,0.410267,35702,27,27648,-140.00305668870342
1,full,2,23,temporal,0,430,1198,2.40052,0.364175,35702,28,28672,184.14367650354794
1,full,2,23,static,1,430,1198,2.6387419999999997,0.5388879999999999,35702,264,270336,184.14367650354794
1,full,2,24,static,0,489,1257,2.0533550000000003,0.3607330000000001,35702,266,272384,99.74243982689951
1,full,2,24,temporal,1,489,1257,2.320589,0.410218,35702,28,28672,99.74243982689951
1,full,2,25,temporal,0,360,1128,2.146984,0.421871,35702,28,28672,125.51251331258617
1,full,2,25,static,1,360,1128,2.137448,0.36857300000000004,35702,265,271360,125.51251331258617
1,full,2,26,static,0,719,1487,2.3300259999999997,0.41482299999999994,35702,265,271360,103.8538242223047
1,full,2,26,temporal,1,719,1487,2.278111,0.48585599999999995,35702,28,28672,103.8538242223047
1,full,2,27,temporal,0,1190,1958,2.210801,0.358019,35702,27,27648,188.67147484602395
1,full,2,27,static,1,1190,1958,2.18724,0.36622400000000005,35702,263,269312,188.67147484602395
1,full,2,28,static,0,48,816,2.223214,0.37067199999999995,35702,263,269312,195.80996510912468
1,full,2,28,temporal,1,48,816,2.245081,0.36969,35702,28,28672,195.80996510912468
1,full,2,29,temporal,0,512,1280,2.8203970000000003,0.8323489999999999,35702,28,28672,34.06952676770391
1,full,2,29,static,1,512,1280,2.5304110000000004,0.399825,35702,264,270336,34.06952676770391
1,full,2,30,static,0,394,1162,2.1473400000000002,0.4118750000000001,35702,264,270336,178.66928248152112
1,full,2,30,temporal,1,394,1162,2.152355,0.412962,35702,28,28672,178.66928248152112
1,full,2,31,temporal,0,4,772,2.256675,0.363257,35702,28,28672,123.17108841893915
1,full,2,31,static,1,4,772,2.071124,0.392472,35702,266,272384,123.17108841893915
1,full,2,32,static,0,698,1466,2.3740390000000002,0.6195430000000001,35702,264,270336,14.33856886440937
1,full,2,32,temporal,1,698,1466,2.342432,0.379887,35702,28,28672,14.33856886440937
1,full,2,33,temporal,0,1206,1974,2.2387140000000003,0.38343,35702,28,28672,138.7586014750798
1,full,2,33,static,1,1206,1974,2.874341,0.44324199999999997,35702,266,272384,138.7586014750798
1,full,2,34,static,0,713,1481,4.4144570000000005,0.361638,35702,264,270336,79.90134622067721
1,full,2,34,temporal,1,713,1481,2.361263,0.43370600000000004,35702,28,28672,79.90134622067721
1,full,2,35,temporal,0,1131,1899,2.3725840000000002,0.5153580000000001,35702,28,28672,222.4772167646171
1,full,2,35,static,1,1131,1899,2.2367,0.436484,35702,266,272384,222.4772167646171
1,full,2,36,static,0,1056,1824,2.4199669999999998,0.40234600000000004,35702,266,272384,-70.08850019364465
1,full,2,36,temporal,1,1056,1824,2.2774039999999998,0.3964039999999999,35702,28,28672,-70.08850019364465
1,full,2,37,temporal,0,559,1327,2.556023,0.441654,35702,28,28672,-133.13724617456643
1,full,2,37,static,1,559,1327,2.239617,0.568903,35702,264,270336,-133.13724617456643
1,full,2,38,static,0,898,1666,2.142166,0.414383,35702,266,272384,-39.834798714834534
1,full,2,38,temporal,1,898,1666,2.735703,0.403114,35702,28,28672,-39.834798714834534
1,full,2,39,temporal,0,493,1261,2.238557,0.430856,35702,28,28672,89.61987157301787
1,full,2,39,static,1,493,1261,2.309224,0.4217490000000001,35702,265,271360,89.61987157301787
1,full,2,40,static,0,1078,1846,2.372254,0.526695,35702,264,270336,28.67386967721174
1,full,2,40,temporal,1,1078,1846,2.339846,0.37766900000000003,35702,28,28672,28.67386967721174
1,full,2,41,temporal,0,52,820,2.8641550000000002,0.585157,35702,28,28672,199.25904674345787
1,full,2,41,static,1,52,820,2.118605,0.41162699999999997,35702,263,269312,199.25904674345787
1,full,2,42,static,0,173,941,2.745507,0.5124229999999999,35702,266,272384,-101.93271596363299
1,full,2,42,temporal,1,173,941,2.3709909999999996,0.424309,35702,28,28672,-101.93271596363299
1,full,2,43,temporal,0,814,1582,2.277575,0.4904509999999999,35702,28,28672,174.96417984494377
1,full,2,43,static,1,814,1582,2.3878269999999997,0.369088,35702,266,272384,174.96417984494377
1,full,2,44,static,0,435,1203,2.493224,0.369792,35702,264,270336,181.4449673814679
1,full,2,44,temporal,1,435,1203,2.169023,0.37366000000000005,35702,28,28672,181.4449673814679
1,full,2,45,temporal,0,1153,1921,2.153817,0.367051,35702,28,28672,244.08739719781872
1,full,2,45,static,1,1153,1921,2.5708889999999998,0.445452,35702,263,269312,244.08739719781872
1,full,2,46,static,0,903,1671,2.254473,0.40130099999999996,35702,266,272384,-53.356039055480316
1,full,2,46,temporal,1,903,1671,2.654559,0.364514,35702,28,28672,-53.356039055480316
1,full,2,47,temporal,0,238,1006,2.5710490000000004,0.670109,35702,28,28672,-247.08829200577625
1,full,2,47,static,1,238,1006,2.07488,0.413618,35702,265,271360,-247.08829200577625
1,full,2,48,static,0,510,1278,2.237663,0.39243799999999995,35702,264,270336,40.45785749438776
1,full,2,48,temporal,1,510,1278,2.125057,0.40063499999999996,35702,28,28672,40.45785749438776
1,full,2,49,temporal,0,74,842,2.0959860000000003,0.456708,35702,28,28672,204.13039866695442
1,full,2,49,static,1,74,842,2.264529,0.36172199999999993,35702,264,270336,204.13039866695442
1,full,2,50,static,0,23,791,2.225445,0.36365499999999995,35702,266,272384,160.89841954372153
1,full,2,50,temporal,1,23,791,2.018823,0.36034,35702,28,28672,160.89841954372153
1,full,2,51,temporal,0,337,1105,2.464588,0.42142099999999993,35702,28,28672,59.697882190795006
1,full,2,51,static,1,337,1105,2.051832,0.365066,35702,265,271360,59.697882190795006
1,full,2,52,static,0,1,769,2.0811699999999997,0.41822999999999994,35702,265,271360,116.57760762526533
1,full,2,52,temporal,1,1,769,2.194486,0.46184500000000006,35702,28,28672,116.57760762526533
1,full,2,53,temporal,0,517,1285,2.032012,0.3591009999999999,35702,28,28672,17.61264268276998
1,full,2,53,static,1,517,1285,2.1407420000000004,0.41288100000000005,35702,264,270336,17.61264268276998
1,full,2,54,static,0,407,1175,2.701232,0.4310959999999999,35702,266,272384,185.98877202256548
1,full,2,54,temporal,1,407,1175,2.11376,0.44415899999999997,35702,28,28672,185.98877202256548
1,full,2,55,temporal,0,866,1634,2.047531,0.411464,35702,28,28672,47.15174156073452
1,full,2,55,static,1,866,1634,2.4024620000000003,0.38380800000000004,35702,264,270336,47.15174156073452
1,full,2,56,static,0,877,1645,2.405443,0.5064399999999998,35702,264,270336,17.304144164302727
1,full,2,56,temporal,1,877,1645,2.503111,0.5439159999999998,35702,28,28672,17.304144164302727
1,full,2,57,temporal,0,1199,1967,2.919666,0.6357029999999999,35702,28,28672,161.86192194466838
1,full,2,57,static,1,1199,1967,2.352569,0.629457,35702,264,270336,161.86192194466838
1,full,2,58,static,0,889,1657,2.0246999999999997,0.36419299999999993,35702,266,272384,-15.377266773144266
1,full,2,58,temporal,1,889,1657,2.395178,0.639033,35702,28,28672,-15.377266773144266
1,full,2,59,temporal,0,362,1130,2.561832,0.38126400000000005,35702,28,28672,130.11064063420324
1,full,2,59,static,1,362,1130,2.425255,0.415878,35702,264,270336,130.11064063420324
1,full,2,60,static,0,388,1156,2.140664,0.36312500000000003,35702,264,270336,173.01738943857728
1,full,2,60,temporal,1,388,1156,2.375534,0.363632,35702,28,28672,173.01738943857728
1,full,2,61,temporal,0,92,860,2.3496900000000003,0.48028100000000007,35702,28,28672,187.00309934378427
1,full,2,61,static,1,92,860,2.232108,0.490918,35702,266,272384,187.00309934378427
1,full,2,62,static,0,365,1133,2.272334,0.367831,35702,264,270336,136.65597964423802
1,full,2,62,temporal,1,365,1133,2.1954610000000003,0.39650299999999994,35702,28,28672,136.65597964423802
1,full,2,63,temporal,0,372,1140,2.055923,0.41568700000000003,35702,28,28672,150.2868273047182
1,full,2,63,static,1,372,1140,2.1890899999999998,0.35871200000000003,35702,263,269312,150.2868273047182
1,full,2,64,static,0,796,1564,2.985709,0.42213900000000004,35702,265,271360,203.9131611215396
1,full,2,64,temporal,1,796,1564,3.173835,0.643489,35702,28,28672,203.9131611215396
1,full,2,65,temporal,0,775,1543,2.1896250000000004,0.364582,35702,28,28672,216.94688901395486
1,full,2,65,static,1,775,1543,2.265111,0.361453,35702,263,269312,216.94688901395486
1,full,2,66,static,0,1121,1889,2.2940310000000004,0.3905639999999999,35702,266,272384,198.79177445253742
1,full,2,66,temporal,1,1121,1889,2.057558,0.40913799999999995,35702,28,28672,198.79177445253742
1,full,2,67,temporal,0,244,1012,2.070312,0.37610699999999997,35702,28,28672,-242.5235168546493
1,full,2,67,static,1,244,1012,3.031856,0.38496300000000006,35702,266,272384,-242.5235168546493
1,full,2,68,static,0,603,1371,2.166979,0.4813090000000001,35702,264,270336,-239.14193162775652
1,full,2,68,temporal,1,603,1371,2.1784209999999997,0.48031500000000005,35702,28,28672,-239.14193162775652
1,full,2,69,temporal,0,1037,1805,2.233296,0.409968,35702,28,28672,-141.82824968575744
1,full,2,69,static,1,1037,1805,2.234412,0.36607100000000004,35702,265,271360,-141.82824968575744
1,full,2,70,static,0,776,1544,2.1326180000000003,0.411912,35702,262,268288,216.9441252978419
1,full,2,70,temporal,1,776,1544,2.323785,0.367518,35702,28,28672,216.9441252978419
1,full,2,71,temporal,0,376,1144,2.305513,0.49261900000000014,35702,28,28672,157.0522956021241
1,full,2,71,static,1,376,1144,2.075518,0.37445999999999996,35702,263,269312,157.0522956021241
1,full,2,72,static,0,203,971,2.412254,0.41462600000000005,35702,264,270336,-208.55629601807433
1,full,2,72,temporal,1,203,971,2.08838,0.35189300000000007,35702,28,28672,-208.55629601807433
1,full,2,73,temporal,0,334,1102,1.987131,0.359959,35702,28,28672,49.50956730027103
1,full,2,73,static,1,334,1102,2.168468,0.359199,35702,265,271360,49.50956730027103
1,full,2,74,static,0,284,1052,2.104511,0.36018700000000003,35702,264,270336,-142.3548132139245
1,full,2,74,temporal,1,284,1052,2.069562,0.366663,35702,28,28672,-142.3548132139245
1,full,2,75,temporal,0,329,1097,2.6401630000000003,0.37476499999999996,35702,28,28672,31.84170900676348
1,full,2,75,static,1,329,1097,2.517992,0.372404,35702,266,272384,31.84170900676348
1,full,2,76,static,0,875,1643,2.623681,0.6590039999999999,35702,264,270336,22.744817101359143
1,full,2,76,temporal,1,875,1643,2.256138,0.3682520000000001,35702,28,28672,22.744817101359143
1,full,2,77,temporal,0,524,1292,2.308452,0.4477730000000001,35702,28,28672,-6.455350305757601
1,full,2,77,static,1,524,1292,2.166749,0.401111,35702,264,270336,-6.455350305757601
1,full,2,78,static,0,1038,1806,2.30695,0.359019,35702,264,270336,-138.54400842191143
1,full,2,78,temporal,1,1038,1806,3.069915,0.6694920000000002,35702,28,28672,-138.54400842191143
1,full,2,79,temporal,0,729,1497,2.548352,0.395662,35702,28,28672,139.66125854483164
1,full,2,79,static,1,729,1497,2.345237,0.378396,35702,266,272384,139.66125854483164
1,full,2,80,static,0,827,1595,2.2784760000000004,0.46127300000000004,35702,264,270336,147.13250685287332
1,full,2,80,temporal,1,827,1595,2.1389009999999997,0.408023,35702,28,28672,147.13250685287332
1,full,2,81,temporal,0,15,783,2.418686,0.7453399999999999,35702,28,28672,145.9377130855222
1,full,2,81,static,1,15,783,2.3767329999999998,0.48362200000000005,35702,266,272384,145.9377130855222
1,full,2,82,static,0,81,849,2.218285,0.470072,35702,266,272384,199.92045136799956
1,full,2,82,temporal,1,81,849,2.196028,0.521545,35702,28,28672,199.92045136799956
1,full,2,83,temporal,0,1206,1974,2.311274,0.359215,35702,28,28672,138.7586014750798
1,full,2,83,static,1,1206,1974,2.644051,0.6766840000000001,35702,266,272384,138.7586014750798
1,full,2,84,static,0,94,862,2.07281,0.36017600000000005,35702,266,272384,183.80180926144706
1,full,2,84,temporal,1,94,862,2.2115839999999998,0.518854,35702,28,28672,183.80180926144706
1,full,2,85,temporal,0,907,1675,2.2457670000000003,0.366558,35702,28,28672,-64.11702375452158
1,full,2,85,static,1,907,1675,2.186528,0.371238,35702,265,271360,-64.11702375452158
1,full,2,86,static,0,688,1456,2.051928,0.40196600000000005,35702,263,269312,-31.619896031619266
1,full,2,86,temporal,1,688,1456,2.415406,0.36775899999999995,35702,28,28672,-31.619896031619266
1,full,2,87,temporal,0,665,1433,2.578013,0.383552,35702,28,28672,-132.47046471741868
1,full,2,87,static,1,665,1433,2.467092,0.3608800000000001,35702,265,271360,-132.47046471741868
1,full,2,88,static,0,430,1198,2.200981,0.359149,35702,264,270336,184.14367650354794
1,full,2,88,temporal,1,430,1198,2.1361660000000002,0.413545,35702,28,28672,184.14367650354794
1,full,2,89,temporal,0,808,1576,2.5093360000000002,0.45409200000000005,35702,28,28672,186.06425994057113
1,full,2,89,static,1,808,1576,2.302999,0.363161,35702,266,272384,186.06425994057113
1,full,2,90,static,0,1137,1905,2.14409,0.3659609999999999,35702,266,272384,232.6508948075365
1,full,2,90,temporal,1,1137,1905,2.1185449999999997,0.35614699999999994,35702,28,28672,232.6508948075365
1,full,2,91,temporal,0,1066,1834,2.372966,0.580406,35702,28,28672,-26.31087228257942
1,full,2,91,static,1,1066,1834,2.3907849999999997,0.49887900000000013,35702,264,270336,-26.31087228257942
1,full,2,92,static,0,1132,1900,2.148227,0.37988999999999995,35702,266,272384,224.3896490125356
1,full,2,92,temporal,1,1132,1900,2.1445190000000003,0.408897,35702,28,28672,224.3896490125356
1,full,2,93,temporal,0,928,1696,2.153453,0.36113,35702,28,28672,-118.96823822950707
1,full,2,93,static,1,928,1696,2.350857,0.5240980000000001,35702,263,269312,-118.96823822950707
1,full,2,94,static,0,335,1103,2.286314,0.361847,35702,266,272384,52.941718786518074
1,full,2,94,temporal,1,335,1103,2.15022,0.37273599999999996,35702,28,28672,52.941718786518074
1,full,2,95,temporal,0,733,1501,2.043609,0.364974,35702,28,28672,152.32079643042886
1,full,2,95,static,1,733,1501,2.281056,0.37573700000000004,35702,266,272384,152.32079643042886
1,full,2,96,static,0,600,1368,2.281758,0.371773,35702,264,270336,-235.99056056161126
1,full,2,96,temporal,1,600,1368,2.2657469999999997,0.36371899999999996,35702,28,28672,-235.99056056161126
1,full,2,97,temporal,0,883,1651,2.325907,0.362377,35702,28,28672,0.9652392614501409
1,full,2,97,static,1,883,1651,2.463187,0.46495000000000003,35702,266,272384,0.9652392614501409
1,full,2,98,static,0,139,907,2.081545,0.363769,35702,264,270336,47.02846808501505
1,full,2,98,temporal,1,139,907,2.3536099999999998,0.3644,35702,28,28672,47.02846808501505
1,full,2,99,temporal,0,1108,1876,2.424891,0.446215,35702,28,28672,156.8233929533297
1,full,2,99,static,1,1108,1876,2.214862,0.36699500000000007,35702,264,270336,156.8233929533297
1,full,2,100,static,0,1133,1901,2.115045,0.35368299999999997,35702,266,272384,226.21612431199785
1,full,2,100,temporal,1,1133,1901,2.558153,0.5791729999999999,35702,28,28672,226.21612431199785
1,full,2,101,temporal,0,458,1226,2.0605089999999997,0.4120999999999999,35702,28,28672,158.7432440461518
1,full,2,101,static,1,458,1226,2.595195,0.4067619999999999,35702,264,270336,158.7432440461518
1,full,2,102,static,0,572,1340,2.4633089999999997,0.5096999999999999,35702,265,271360,-175.35839861456472
1,full,2,102,temporal,1,572,1340,2.0737300000000003,0.36326299999999995,35702,28,28672,-175.35839861456472
1,full,2,103,temporal,0,1098,1866,2.191645,0.364538,35702,28,28672,117.63990080373254
1,full,2,103,static,1,1098,1866,2.2591769999999998,0.36276699999999995,35702,264,270336,117.63990080373254
1,full,2,104,static,0,318,1086,2.052416,0.362963,35702,265,271360,-9.514064883296998
1,full,2,104,temporal,1,318,1086,2.274911,0.365525,35702,28,28672,-9.514064883296998
1,full,2,105,temporal,0,176,944,2.429322,0.5723739999999999,35702,28,28672,-114.55722463555
1,full,2,105,static,1,176,944,2.362298,0.635827,35702,266,272384,-114.55722463555
1,full,2,106,static,0,354,1122,2.0365130000000002,0.36111600000000005,35702,264,270336,110.60073492243093
1,full,2,106,temporal,1,354,1122,2.260765,0.486944,35702,28,28672,110.60073492243093
1,full,2,107,temporal,0,75,843,2.05164,0.406648,35702,28,28672,203.7129719032544
1,full,2,107,static,1,75,843,2.3145990000000003,0.411901,35702,264,270336,203.7129719032544
1,full,2,108,static,0,1232,2000,2.413517,0.366285,35702,264,270336,44.79036278996181
1,full,2,108,temporal,1,1232,2000,2.0882639999999997,0.363487,35702,28,28672,44.79036278996181
1,full,2,109,temporal,0,928,1696,2.270174,0.3875550000000001,35702,28,28672,-118.96823822950707
1,full,2,109,static,1,928,1696,2.651435,0.47213099999999997,35702,263,269312,-118.96823822950707
1,full,2,110,static,0,700,1468,2.756985,0.38904800000000006,35702,263,269312,23.410297690212328
1,full,2,110,temporal,1,700,1468,2.7847890000000004,0.38101299999999994,35702,28,28672,23.410297690212328
1,full,2,111,temporal,0,173,941,2.4401010000000003,0.509642,35702,28,28672,-101.93271596363299
1,full,2,111,static,1,173,941,2.257252,0.370085,35702,266,272384,-101.93271596363299
1,full,2,112,static,0,1003,1771,2.485257,0.37436800000000003,35702,264,270336,-212.24225208712133
1,full,2,112,temporal,1,1003,1771,2.156587,0.36687600000000004,35702,28,28672,-212.24225208712133
1,full,2,113,temporal,0,1073,1841,2.4857970000000003,0.4609790000000001,35702,27,27648,5.624089236292837
1,full,2,113,static,1,1073,1841,2.313895,0.42081999999999997,35702,263,269312,5.624089236292837
1,full,2,114,static,0,599,1367,2.3641840000000003,0.418009,35702,264,270336,-234.77699292104555
1,full,2,114,temporal,1,599,1367,2.452938,0.4716710000000001,35702,28,28672,-234.77699292104555
1,full,2,115,temporal,0,1253,2021,2.329098,0.580428,35702,28,28672,-28.61207407041202
1,full,2,115,static,1,1253,2021,2.2287470000000003,0.460375,35702,262,268288,-28.61207407041202
1,full,2,116,static,0,232,1000,2.216682,0.420549,35702,264,270336,-248.3850886284491
1,full,2,116,temporal,1,232,1000,2.313377,0.519286,35702,28,28672,-248.3850886284491
1,full,2,117,temporal,0,1126,1894,2.184787,0.363984,35702,28,28672,211.6502687099376
1,full,2,117,static,1,1126,1894,2.210088,0.372786,35702,267,273408,211.6502687099376
1,full,2,118,static,0,942,1710,2.2082170000000003,0.44174900000000006,35702,264,270336,-152.4822633548373
1,full,2,118,temporal,1,942,1710,2.233016,0.55762,35702,28,28672,-152.4822633548373
1,full,2,119,temporal,0,224,992,2.079606,0.42279,35702,28,28672,-244.93781589209146
1,full,2,119,static,1,224,992,2.876744,0.538122,35702,265,271360,-244.93781589209146
1,full,3,0,temporal,0,932,1700,2.082348,0.373223,35702,28,28672,-128.89151964409507
1,full,3,0,static,1,932,1700,2.722085,0.3727870000000001,35702,263,269312,-128.89151964409507
1,full,3,1,static,0,986,1754,2.32846,0.411217,35702,265,271360,-216.1825482251916
1,full,3,1,temporal,1,986,1754,2.457167,0.419193,35702,28,28672,-216.1825482251916
1,full,3,2,temporal,0,1024,1792,2.072281,0.378112,35702,28,28672,-178.54661235659518
1,full,3,2,static,1,1024,1792,2.2026,0.388693,35702,265,271360,-178.54661235659518
1,full,3,3,static,0,540,1308,2.094928,0.403846,35702,264,270336,-64.42694054820156
1,full,3,3,temporal,1,540,1308,2.127703,0.505788,35702,28,28672,-64.42694054820156
1,full,3,4,temporal,0,9,777,2.796087,0.7721469999999999,35702,28,28672,133.8070028710431
1,full,3,4,static,1,9,777,2.205953,0.44906300000000005,35702,266,272384,133.8070028710431
1,full,3,5,static,0,933,1701,2.108749,0.40868599999999994,35702,262,268288,-131.33407469793312
1,full,3,5,temporal,1,933,1701,2.3344009999999997,0.5389929999999999,35702,28,28672,-131.33407469793312
1,full,3,6,temporal,0,166,934,2.311935,0.446768,35702,27,27648,-71.55373290697945
1,full,3,6,static,1,166,934,2.081805,0.40192000000000005,35702,266,272384,-71.55373290697945
1,full,3,7,static,0,669,1437,2.695237,0.7705689999999998,35702,265,271360,-116.13079642960459
1,full,3,7,temporal,1,669,1437,2.247179,0.373,35702,28,28672,-116.13079642960459
1,full,3,8,temporal,0,1003,1771,2.039248,0.35725700000000005,35702,28,28672,-212.24225208712133
1,full,3,8,static,1,1003,1771,2.10621,0.407176,35702,264,270336,-212.24225208712133
1,full,3,9,static,0,615,1383,2.16603,0.429219,35702,263,269312,-244.06798176021286
1,full,3,9,temporal,1,615,1383,2.213554,0.401751,35702,28,28672,-244.06798176021286
1,full,3,10,temporal,0,258,1026,2.405144,0.37947200000000003,35702,28,28672,-219.92116318415518
1,full,3,10,static,1,258,1026,2.4887680000000003,0.682798,35702,266,272384,-219.92116318415518
1,full,3,11,static,0,21,789,2.039586,0.359268,35702,266,272384,157.2991755462777
1,full,3,11,temporal,1,21,789,2.289962,0.402925,35702,28,28672,157.2991755462777
1,full,3,12,temporal,0,1026,1794,2.495691,0.41721099999999994,35702,28,28672,-173.65307259578958
1,full,3,12,static,1,1026,1794,2.607603,0.746448,35702,264,270336,-173.65307259578958
1,full,3,13,static,0,18,786,2.301496,0.406845,35702,265,271360,151.72050262562246
1,full,3,13,temporal,1,18,786,2.314011,0.41717100000000007,35702,28,28672,151.72050262562246
1,full,3,14,temporal,0,1016,1784,2.5065999999999997,0.6047549999999999,35702,28,28672,-195.22530412854437
1,full,3,14,static,1,1016,1784,2.168573,0.395422,35702,263,269312,-195.22530412854437
1,full,3,15,static,0,1206,1974,2.335643,0.367011,35702,266,272384,138.7586014750798
1,full,3,15,temporal,1,1206,1974,2.176347,0.42158399999999996,35702,28,28672,138.7586014750798
1,full,3,16,temporal,0,524,1292,2.056043,0.36288600000000004,35702,28,28672,-6.455350305757601
1,full,3,16,static,1,524,1292,2.070878,0.41300000000000003,35702,264,270336,-6.455350305757601
1,full,3,17,static,0,153,921,2.423826,0.36637100000000006,35702,264,270336,-13.612228886100716
1,full,3,17,temporal,1,153,921,2.322551,0.526062,35702,28,28672,-13.612228886100716
1,full,3,18,temporal,0,231,999,2.107575,0.432592,35702,28,28672,-248.278504676328
1,full,3,18,static,1,231,999,2.5404780000000002,0.433784,35702,264,270336,-248.278504676328
1,full,3,19,static,0,285,1053,2.431982,0.372405,35702,264,270336,-138.71161618630668
1,full,3,19,temporal,1,285,1053,2.214443,0.537574,35702,28,28672,-138.71161618630668
1,full,3,20,temporal,0,1180,1948,2.6652210000000003,0.620606,35702,28,28672,213.41343865723985
1,full,3,20,static,1,1180,1948,2.211496,0.42621899999999996,35702,264,270336,213.41343865723985
1,full,3,21,static,0,421,1189,2.100486,0.36330500000000004,35702,265,271360,186.97757391504013
1,full,3,21,temporal,1,421,1189,2.4470680000000002,0.582749,35702,28,28672,186.97757391504013
1,full,3,22,temporal,0,561,1329,2.693933,0.480426,35702,27,27648,-140.00305668870342
1,full,3,22,static,1,561,1329,2.042256,0.360904,35702,265,271360,-140.00305668870342
1,full,3,23,static,0,430,1198,2.245714,0.362489,35702,264,270336,184.14367650354794
1,full,3,23,temporal,1,430,1198,2.565388,0.7847710000000001,35702,28,28672,184.14367650354794
1,full,3,24,temporal,0,489,1257,2.0513100000000004,0.418595,35702,28,28672,99.74243982689951
1,full,3,24,static,1,489,1257,2.235543,0.36652100000000004,35702,266,272384,99.74243982689951
1,full,3,25,static,0,360,1128,2.403479,0.38224400000000003,35702,265,271360,125.51251331258617
1,full,3,25,temporal,1,360,1128,2.061672,0.41705400000000004,35702,28,28672,125.51251331258617
1,full,3,26,temporal,0,719,1487,2.226233,0.364164,35702,28,28672,103.8538242223047
1,full,3,26,static,1,719,1487,2.40691,0.419584,35702,265,271360,103.8538242223047
1,full,3,27,static,0,1190,1958,2.188332,0.4969230000000001,35702,263,269312,188.67147484602395
1,full,3,27,temporal,1,1190,1958,2.140161,0.361365,35702,27,27648,188.67147484602395
1,full,3,28,temporal,0,48,816,2.6720390000000003,0.6460729999999999,35702,28,28672,195.80996510912468
1,full,3,28,static,1,48,816,3.107449,0.402671,35702,263,269312,195.80996510912468
1,full,3,29,static,0,512,1280,2.232479,0.37348300000000006,35702,264,270336,34.06952676770391
1,full,3,29,temporal,1,512,1280,2.405585,0.517442,35702,28,28672,34.06952676770391
1,full,3,30,temporal,0,394,1162,2.2800279999999997,0.5280710000000002,35702,28,28672,178.66928248152112
1,full,3,30,static,1,394,1162,2.581512,0.36626900000000007,35702,264,270336,178.66928248152112
1,full,3,31,static,0,4,772,2.4056949999999997,0.3679589999999999,35702,266,272384,123.17108841893915
1,full,3,31,temporal,1,4,772,2.505798,0.6728929999999999,35702,28,28672,123.17108841893915
1,full,3,32,temporal,0,698,1466,2.320144,0.365625,35702,28,28672,14.33856886440937
1,full,3,32,static,1,698,1466,2.1579669999999997,0.36251300000000003,35702,264,270336,14.33856886440937
1,full,3,33,static,0,1206,1974,2.163742,0.41632600000000003,35702,266,272384,138.7586014750798
1,full,3,33,temporal,1,1206,1974,2.072075,0.36049899999999996,35702,28,28672,138.7586014750798
1,full,3,34,temporal,0,713,1481,2.2684710000000003,0.36501400000000006,35702,28,28672,79.90134622067721
1,full,3,34,static,1,713,1481,2.260863,0.364251,35702,264,270336,79.90134622067721
1,full,3,35,static,0,1131,1899,2.824898,0.55254,35702,266,272384,222.4772167646171
1,full,3,35,temporal,1,1131,1899,3.855121,0.8896909999999999,35702,28,28672,222.4772167646171
1,full,3,36,temporal,0,1056,1824,2.284852,0.4646010000000001,35702,28,28672,-70.08850019364465
1,full,3,36,static,1,1056,1824,2.3947,0.36358799999999997,35702,266,272384,-70.08850019364465
1,full,3,37,static,0,559,1327,4.138545000000001,1.222664,35702,264,270336,-133.13724617456643
1,full,3,37,temporal,1,559,1327,2.548779,0.42516699999999996,35702,28,28672,-133.13724617456643
1,full,3,38,temporal,0,898,1666,2.6966669999999997,0.372242,35702,28,28672,-39.834798714834534
1,full,3,38,static,1,898,1666,2.537099,0.6028299999999999,35702,266,272384,-39.834798714834534
1,full,3,39,static,0,493,1261,2.4167020000000003,0.47252999999999995,35702,265,271360,89.61987157301787
1,full,3,39,temporal,1,493,1261,2.270447,0.36659099999999994,35702,28,28672,89.61987157301787
1,full,3,40,temporal,0,1078,1846,2.327594,0.43021700000000007,35702,28,28672,28.67386967721174
1,full,3,40,static,1,1078,1846,2.06335,0.361977,35702,264,270336,28.67386967721174
1,full,3,41,static,0,52,820,2.311743,0.368542,35702,263,269312,199.25904674345787
1,full,3,41,temporal,1,52,820,2.4133039999999997,0.5332429999999999,35702,28,28672,199.25904674345787
1,full,3,42,temporal,0,173,941,2.060761,0.40446,35702,28,28672,-101.93271596363299
1,full,3,42,static,1,173,941,2.3592560000000002,0.463241,35702,266,272384,-101.93271596363299
1,full,3,43,static,0,814,1582,2.9839290000000003,0.9798680000000001,35702,266,272384,174.96417984494377
1,full,3,43,temporal,1,814,1582,2.449657,0.424356,35702,28,28672,174.96417984494377
1,full,3,44,temporal,0,435,1203,2.187199,0.37049899999999997,35702,28,28672,181.4449673814679
1,full,3,44,static,1,435,1203,2.233572,0.36030299999999993,35702,264,270336,181.4449673814679
1,full,3,45,static,0,1153,1921,2.9023260000000004,1.0092739999999998,35702,263,269312,244.08739719781872
1,full,3,45,temporal,1,1153,1921,2.509861,0.584199,35702,28,28672,244.08739719781872
1,full,3,46,temporal,0,903,1671,2.3086249999999997,0.35726800000000003,35702,28,28672,-53.356039055480316
1,full,3,46,static,1,903,1671,2.5947880000000003,0.623348,35702,266,272384,-53.356039055480316
1,full,3,47,static,0,238,1006,3.1397999999999997,1.3986619999999998,35702,265,271360,-247.08829200577625
1,full,3,47,temporal,1,238,1006,2.689096,0.5512940000000001,35702,28,28672,-247.08829200577625
1,full,3,48,temporal,0,510,1278,2.280228,0.3955490000000001,35702,28,28672,40.45785749438776
1,full,3,48,static,1,510,1278,2.369809,0.413948,35702,264,270336,40.45785749438776
1,full,3,49,static,0,74,842,2.386561,0.359365,35702,264,270336,204.13039866695442
1,full,3,49,temporal,1,74,842,2.271056,0.37264699999999995,35702,28,28672,204.13039866695442
1,full,3,50,temporal,0,23,791,2.3058110000000003,0.391938,35702,28,28672,160.89841954372153
1,full,3,50,static,1,23,791,2.314874,0.36586199999999997,35702,266,272384,160.89841954372153
1,full,3,51,static,0,337,1105,2.68886,0.6652100000000001,35702,265,271360,59.697882190795006
1,full,3,51,temporal,1,337,1105,2.10474,0.43468399999999996,35702,28,28672,59.697882190795006
1,full,3,52,temporal,0,1,769,2.106919,0.35059599999999996,35702,28,28672,116.57760762526533
1,full,3,52,static,1,1,769,2.662633,0.5764030000000001,35702,265,271360,116.57760762526533
1,full,3,53,static,0,517,1285,3.073616,1.165744,35702,264,270336,17.61264268276998
1,full,3,53,temporal,1,517,1285,2.359271,0.40824299999999997,35702,28,28672,17.61264268276998
1,full,3,54,temporal,0,407,1175,2.437903,0.46530199999999994,35702,28,28672,185.98877202256548
1,full,3,54,static,1,407,1175,2.223607,0.4987240000000001,35702,266,272384,185.98877202256548
1,full,3,55,static,0,866,1634,2.114114,0.416232,35702,264,270336,47.15174156073452
1,full,3,55,temporal,1,866,1634,2.2830250000000003,0.3626480000000001,35702,28,28672,47.15174156073452
1,full,3,56,temporal,0,877,1645,2.222482,0.4378830000000001,35702,28,28672,17.304144164302727
1,full,3,56,static,1,877,1645,2.445508,0.579437,35702,264,270336,17.304144164302727
1,full,3,57,static,0,1199,1967,2.2035,0.414225,35702,264,270336,161.86192194466838
1,full,3,57,temporal,1,1199,1967,2.22987,0.368357,35702,28,28672,161.86192194466838
1,full,3,58,temporal,0,889,1657,2.084351,0.41793900000000006,35702,28,28672,-15.377266773144266
1,full,3,58,static,1,889,1657,2.306331,0.3793729999999999,35702,266,272384,-15.377266773144266
1,full,3,59,static,0,362,1130,2.402562,0.4193050000000001,35702,264,270336,130.11064063420324
1,full,3,59,temporal,1,362,1130,2.321316,0.3849950000000001,35702,28,28672,130.11064063420324
1,full,3,60,temporal,0,388,1156,2.438107,0.36484700000000003,35702,28,28672,173.01738943857728
1,full,3,60,static,1,388,1156,2.1820199999999996,0.443707,35702,264,270336,173.01738943857728
1,full,3,61,static,0,92,860,2.049714,0.3631779999999999,35702,266,272384,187.00309934378427
1,full,3,61,temporal,1,92,860,2.306536,0.561707,35702,28,28672,187.00309934378427
1,full,3,62,temporal,0,365,1133,2.1630960000000004,0.417435,35702,28,28672,136.65597964423802
1,full,3,62,static,1,365,1133,3.306396,0.7367269999999999,35702,264,270336,136.65597964423802
1,full,3,63,static,0,372,1140,3.61875,0.6804920000000001,35702,263,269312,150.2868273047182
1,full,3,63,temporal,1,372,1140,2.20277,0.40092300000000003,35702,28,28672,150.2868273047182
1,full,3,64,temporal,0,796,1564,2.1837660000000003,0.358349,35702,28,28672,203.9131611215396
1,full,3,64,static,1,796,1564,2.22434,0.33999,35702,265,271360,203.9131611215396
1,full,3,65,static,0,775,1543,2.27626,0.34624200000000005,35702,263,269312,216.94688901395486
1,full,3,65,temporal,1,775,1543,2.2914049999999997,0.355428,35702,28,28672,216.94688901395486
1,full,3,66,temporal,0,1121,1889,2.5144159999999998,0.36419300000000004,35702,28,28672,198.79177445253742
1,full,3,66,static,1,1121,1889,2.393225,0.438725,35702,266,272384,198.79177445253742
1,full,3,67,static,0,244,1012,2.088406,0.421769,35702,266,272384,-242.5235168546493
1,full,3,67,temporal,1,244,1012,2.350011,0.3663429999999999,35702,28,28672,-242.5235168546493
1,full,3,68,temporal,0,603,1371,2.398473,0.4649120000000001,35702,28,28672,-239.14193162775652
1,full,3,68,static,1,603,1371,2.157494,0.36116000000000004,35702,264,270336,-239.14193162775652
1,full,3,69,static,0,1037,1805,2.3258300000000003,0.35939800000000005,35702,265,271360,-141.82824968575744
1,full,3,69,temporal,1,1037,1805,2.534465,0.406485,35702,28,28672,-141.82824968575744
1,full,3,70,temporal,0,776,1544,2.0827910000000003,0.365846,35702,28,28672,216.9441252978419
1,full,3,70,static,1,776,1544,2.5264860000000002,0.3783250000000001,35702,262,268288,216.9441252978419
1,full,3,71,static,0,376,1144,2.232584,0.37018600000000007,35702,263,269312,157.0522956021241
1,full,3,71,temporal,1,376,1144,2.332421,0.36083499999999996,35702,28,28672,157.0522956021241
1,full,3,72,temporal,0,203,971,2.399441,0.47205899999999995,35702,28,28672,-208.55629601807433
1,full,3,72,static,1,203,971,2.249838,0.373932,35702,264,270336,-208.55629601807433
1,full,3,73,static,0,334,1102,2.2359720000000003,0.413603,35702,265,271360,49.50956730027103
1,full,3,73,temporal,1,334,1102,2.125385,0.36621499999999996,35702,28,28672,49.50956730027103
1,full,3,74,temporal,0,284,1052,2.2285619999999997,0.460812,35702,28,28672,-142.3548132139245
1,full,3,74,static,1,284,1052,2.274136,0.477132,35702,264,270336,-142.3548132139245
1,full,3,75,static,0,329,1097,2.113987,0.36003799999999997,35702,266,272384,31.84170900676348
1,full,3,75,temporal,1,329,1097,2.599326,0.596937,35702,28,28672,31.84170900676348
1,full,3,76,temporal,0,875,1643,2.2648479999999998,0.41821500000000006,35702,28,28672,22.744817101359143
1,full,3,76,static,1,875,1643,2.1989959999999997,0.36128,35702,264,270336,22.744817101359143
1,full,3,77,static,0,524,1292,2.486704,0.358109,35702,264,270336,-6.455350305757601
1,full,3,77,temporal,1,524,1292,2.6339829999999997,0.370005,35702,28,28672,-6.455350305757601
1,full,3,78,temporal,0,1038,1806,2.24675,0.3668810000000001,35702,28,28672,-138.54400842191143
1,full,3,78,static,1,1038,1806,2.627561,0.477386,35702,264,270336,-138.54400842191143
1,full,3,79,static,0,729,1497,3.0543739999999997,0.956626,35702,266,272384,139.66125854483164
1,full,3,79,temporal,1,729,1497,2.189561,0.35633699999999996,35702,28,28672,139.66125854483164
1,full,3,80,temporal,0,827,1595,3.183093,0.577999,35702,28,28672,147.13250685287332
1,full,3,80,static,1,827,1595,2.399155,0.5035970000000001,35702,264,270336,147.13250685287332
1,full,3,81,static,0,15,783,2.173642,0.417801,35702,266,272384,145.9377130855222
1,full,3,81,temporal,1,15,783,2.711435,0.36983900000000003,35702,28,28672,145.9377130855222
1,full,3,82,temporal,0,81,849,2.3965129999999997,0.460671,35702,28,28672,199.92045136799956
1,full,3,82,static,1,81,849,2.5024100000000002,0.369242,35702,266,272384,199.92045136799956
1,full,3,83,static,0,1206,1974,2.442221,0.36471300000000006,35702,266,272384,138.7586014750798
1,full,3,83,temporal,1,1206,1974,2.3316339999999998,0.404802,35702,28,28672,138.7586014750798
1,full,3,84,temporal,0,94,862,2.339678,0.4704960000000001,35702,28,28672,183.80180926144706
1,full,3,84,static,1,94,862,2.307091,0.366334,35702,266,272384,183.80180926144706
1,full,3,85,static,0,907,1675,2.438418,0.36780599999999997,35702,265,271360,-64.11702375452158
1,full,3,85,temporal,1,907,1675,2.6447089999999998,0.589123,35702,28,28672,-64.11702375452158
1,full,3,86,temporal,0,688,1456,2.068191,0.40817899999999996,35702,28,28672,-31.619896031619266
1,full,3,86,static,1,688,1456,2.1468,0.359155,35702,263,269312,-31.619896031619266
1,full,3,87,static,0,665,1433,2.934163,0.902717,35702,265,271360,-132.47046471741868
1,full,3,87,temporal,1,665,1433,2.6986250000000003,0.394072,35702,28,28672,-132.47046471741868
1,full,3,88,temporal,0,430,1198,2.177271,0.37283000000000005,35702,28,28672,184.14367650354794
1,full,3,88,static,1,430,1198,2.480212,0.538322,35702,264,270336,184.14367650354794
1,full,3,89,static,0,808,1576,2.582614,0.44830500000000006,35702,266,272384,186.06425994057113
1,full,3,89,temporal,1,808,1576,2.280623,0.413136,35702,28,28672,186.06425994057113
1,full,3,90,temporal,0,1137,1905,2.284175,0.35890400000000006,35702,28,28672,232.6508948075365
1,full,3,90,static,1,1137,1905,2.4381199999999996,0.48046000000000005,35702,266,272384,232.6508948075365
1,full,3,91,static,0,1066,1834,2.5659229999999997,0.41317399999999993,35702,264,270336,-26.31087228257942
1,full,3,91,temporal,1,1066,1834,2.041311,0.35472300000000007,35702,28,28672,-26.31087228257942
1,full,3,92,temporal,0,1132,1900,2.506136,0.484803,35702,28,28672,224.3896490125356
1,full,3,92,static,1,1132,1900,2.757803,0.43335900000000005,35702,266,272384,224.3896490125356
1,full,3,93,static,0,928,1696,2.1724639999999997,0.404949,35702,263,269312,-118.96823822950707
1,full,3,93,temporal,1,928,1696,2.648707,0.714671,35702,28,28672,-118.96823822950707
1,full,3,94,temporal,0,335,1103,2.311298,0.4753800000000001,35702,28,28672,52.941718786518074
1,full,3,94,static,1,335,1103,2.2460370000000003,0.40675300000000003,35702,266,272384,52.941718786518074
1,full,3,95,static,0,733,1501,4.681836,0.37631500000000007,35702,266,272384,152.32079643042886
1,full,3,95,temporal,1,733,1501,2.895429,0.401826,35702,28,28672,152.32079643042886
1,full,3,96,temporal,0,600,1368,2.464818,0.5074589999999999,35702,28,28672,-235.99056056161126
1,full,3,96,static,1,600,1368,2.2095890000000002,0.52112,35702,264,270336,-235.99056056161126
1,full,3,97,static,0,883,1651,2.832881,0.372539,35702,266,272384,0.9652392614501409
1,full,3,97,temporal,1,883,1651,2.8334789999999996,0.5680149999999999,35702,28,28672,0.9652392614501409
1,full,3,98,temporal,0,139,907,2.570096,0.508304,35702,28,28672,47.02846808501505
1,full,3,98,static,1,139,907,2.432847,0.709455,35702,264,270336,47.02846808501505
1,full,3,99,static,0,1108,1876,2.152669,0.407509,35702,264,270336,156.8233929533297
1,full,3,99,temporal,1,1108,1876,2.325895,0.568202,35702,28,28672,156.8233929533297
1,full,3,100,temporal,0,1133,1901,2.6141710000000002,0.446214,35702,28,28672,226.21612431199785
1,full,3,100,static,1,1133,1901,2.433159,0.3753909999999999,35702,266,272384,226.21612431199785
1,full,3,101,static,0,458,1226,2.1891,0.362737,35702,264,270336,158.7432440461518
1,full,3,101,temporal,1,458,1226,2.35033,0.403277,35702,28,28672,158.7432440461518
1,full,3,102,temporal,0,572,1340,2.3937630000000003,0.40641199999999994,35702,28,28672,-175.35839861456472
1,full,3,102,static,1,572,1340,2.575076,0.415374,35702,265,271360,-175.35839861456472
1,full,3,103,static,0,1098,1866,2.380679,0.435537,35702,264,270336,117.63990080373254
1,full,3,103,temporal,1,1098,1866,2.402717,0.6965910000000001,35702,28,28672,117.63990080373254
1,full,3,104,temporal,0,318,1086,2.145774,0.37967,35702,28,28672,-9.514064883296998
1,full,3,104,static,1,318,1086,2.608554,0.41133,35702,265,271360,-9.514064883296998
1,full,3,105,static,0,176,944,2.3540639999999997,0.3706729999999999,35702,266,272384,-114.55722463555
1,full,3,105,temporal,1,176,944,2.519104,0.48443400000000003,35702,28,28672,-114.55722463555
1,full,3,106,temporal,0,354,1122,2.551423,0.45991499999999996,35702,28,28672,110.60073492243093
1,full,3,106,static,1,354,1122,2.376352,0.5836749999999999,35702,264,270336,110.60073492243093
1,full,3,107,static,0,75,843,2.198016,0.377061,35702,264,270336,203.7129719032544
1,full,3,107,temporal,1,75,843,2.121533,0.429428,35702,28,28672,203.7129719032544
1,full,3,108,temporal,0,1232,2000,2.1950849999999997,0.5052460000000001,35702,28,28672,44.79036278996181
1,full,3,108,static,1,1232,2000,2.154214,0.35085399999999994,35702,264,270336,44.79036278996181
1,full,3,109,static,0,928,1696,2.2208200000000002,0.3831760000000001,35702,263,269312,-118.96823822950707
1,full,3,109,temporal,1,928,1696,2.145654,0.380326,35702,28,28672,-118.96823822950707
1,full,3,110,temporal,0,700,1468,1.957262,0.341651,35702,28,28672,23.410297690212328
1,full,3,110,static,1,700,1468,2.100787,0.358786,35702,263,269312,23.410297690212328
1,full,3,111,static,0,173,941,2.262386,0.4038079999999999,35702,266,272384,-101.93271596363299
1,full,3,111,temporal,1,173,941,2.0211859999999997,0.360009,35702,28,28672,-101.93271596363299
1,full,3,112,temporal,0,1003,1771,2.466012,0.501602,35702,28,28672,-212.24225208712133
1,full,3,112,static,1,1003,1771,2.2778630000000004,0.5095719999999999,35702,264,270336,-212.24225208712133
1,full,3,113,static,0,1073,1841,2.054653,0.357987,35702,263,269312,5.624089236292837
1,full,3,113,temporal,1,1073,1841,2.7170940000000003,0.3844680000000001,35702,27,27648,5.624089236292837
1,full,3,114,temporal,0,599,1367,2.435109,0.47654699999999994,35702,28,28672,-234.77699292104555
1,full,3,114,static,1,599,1367,2.165251,0.4099029999999999,35702,264,270336,-234.77699292104555
1,full,3,115,static,0,1253,2021,2.283187,0.370184,35702,262,268288,-28.61207407041202
1,full,3,115,temporal,1,1253,2021,2.8962440000000003,0.368548,35702,28,28672,-28.61207407041202
1,full,3,116,temporal,0,232,1000,2.530404,0.655506,35702,28,28672,-248.3850886284491
1,full,3,116,static,1,232,1000,2.301773,0.600367,35702,264,270336,-248.3850886284491
1,full,3,117,static,0,1126,1894,2.240587,0.36063100000000003,35702,267,273408,211.6502687099376
1,full,3,117,temporal,1,1126,1894,2.676983,0.5782070000000001,35702,28,28672,211.6502687099376
1,full,3,118,temporal,0,942,1710,2.451022,0.4828490000000001,35702,28,28672,-152.4822633548373
1,full,3,118,static,1,942,1710,2.655319,0.377233,35702,264,270336,-152.4822633548373
1,full,3,119,static,0,224,992,2.489932,0.5371940000000001,35702,265,271360,-244.93781589209146
1,full,3,119,temporal,1,224,992,2.309394,0.4404020000000001,35702,28,28672,-244.93781589209146
2,resolver,0,0,static,0,932,1700,354.404194,0.197076,2934,263,269312,
2,resolver,0,0,temporal,1,932,1700,1.6987910000000002,0.18917199999999998,2934,28,28672,
2,resolver,0,1,temporal,0,986,1754,1.624853,0.185429,2934,28,28672,
2,resolver,0,1,static,1,986,1754,1.456473,0.18417999999999998,2934,265,271360,
2,resolver,0,2,static,0,1024,1792,2.028997,0.40903100000000003,2934,265,271360,
2,resolver,0,2,temporal,1,1024,1792,3.7697659999999997,0.21337399999999998,2934,28,28672,
2,resolver,0,3,temporal,0,540,1308,1.925807,0.25269,2934,28,28672,
2,resolver,0,3,static,1,540,1308,1.714954,0.181202,2934,264,270336,
2,resolver,0,4,static,0,9,777,1.562104,0.181893,2934,266,272384,
2,resolver,0,4,temporal,1,9,777,1.6532660000000001,0.190674,2934,28,28672,
2,resolver,0,5,temporal,0,933,1701,2.86432,0.9479320000000001,2934,28,28672,
2,resolver,0,5,static,1,933,1701,1.486064,0.230411,2934,262,268288,
2,resolver,0,6,static,0,166,934,2.0504640000000003,0.31969900000000007,2934,266,272384,
2,resolver,0,6,temporal,1,166,934,1.4890839999999999,0.24571,2934,27,27648,
2,resolver,0,7,temporal,0,669,1437,1.843744,0.18659399999999998,2934,28,28672,
2,resolver,0,7,static,1,669,1437,1.601146,0.186627,2934,265,271360,
2,resolver,0,8,static,0,1003,1771,1.9162569999999999,0.18921899999999997,2934,264,270336,
2,resolver,0,8,temporal,1,1003,1771,1.6472900000000001,0.336273,2934,28,28672,
2,resolver,0,9,temporal,0,615,1383,1.983828,0.19277300000000003,2934,28,28672,
2,resolver,0,9,static,1,615,1383,1.779952,0.27942200000000006,2934,263,269312,
2,resolver,0,10,static,0,258,1026,1.6778069999999998,0.19049700000000003,2934,266,272384,
2,resolver,0,10,temporal,1,258,1026,1.591271,0.19240100000000002,2934,28,28672,
2,resolver,0,11,temporal,0,21,789,1.777037,0.19077999999999998,2934,28,28672,
2,resolver,0,11,static,1,21,789,1.4964979999999999,0.22637,2934,266,272384,
2,resolver,0,12,static,0,1026,1794,2.02099,0.191571,2934,264,270336,
2,resolver,0,12,temporal,1,1026,1794,1.998329,0.5713100000000001,2934,28,28672,
2,resolver,0,13,temporal,0,18,786,1.579634,0.187947,2934,28,28672,
2,resolver,0,13,static,1,18,786,1.893361,0.19808,2934,265,271360,
2,resolver,0,14,static,0,1016,1784,1.523015,0.18351399999999998,2934,263,269312,
2,resolver,0,14,temporal,1,1016,1784,1.8897650000000001,0.309872,2934,28,28672,
2,resolver,0,15,temporal,0,1206,1974,1.808117,0.24024800000000004,2934,28,28672,
2,resolver,0,15,static,1,1206,1974,1.790035,0.187312,2934,266,272384,
2,resolver,0,16,static,0,524,1292,1.7168210000000002,0.18683500000000003,2934,264,270336,
2,resolver,0,16,temporal,1,524,1292,1.856322,0.30058,2934,28,28672,
2,resolver,0,17,temporal,0,153,921,1.769732,0.19203199999999998,2934,28,28672,
2,resolver,0,17,static,1,153,921,1.9102139999999999,0.353157,2934,264,270336,
2,resolver,0,18,static,0,231,999,1.650375,0.186831,2934,264,270336,
2,resolver,0,18,temporal,1,231,999,1.606818,0.18803299999999998,2934,28,28672,
2,resolver,0,19,temporal,0,285,1053,1.848331,0.189028,2934,28,28672,
2,resolver,0,19,static,1,285,1053,2.26328,0.264927,2934,264,270336,
2,resolver,0,20,static,0,1180,1948,1.657401,0.29663599999999996,2934,264,270336,
2,resolver,0,20,temporal,1,1180,1948,1.665183,0.195393,2934,28,28672,
2,resolver,0,21,temporal,0,421,1189,1.62647,0.19597199999999998,2934,28,28672,
2,resolver,0,21,static,1,421,1189,2.0384819999999997,0.187306,2934,265,271360,
2,resolver,0,22,static,0,561,1329,2.636667,0.735057,2934,265,271360,
2,resolver,0,22,temporal,1,561,1329,1.731673,0.18582,2934,27,27648,
2,resolver,0,23,temporal,0,430,1198,1.521337,0.18386999999999998,2934,28,28672,
2,resolver,0,23,static,1,430,1198,1.607427,0.18748900000000002,2934,264,270336,
2,resolver,0,24,static,0,489,1257,1.80993,0.18665900000000002,2934,266,272384,
2,resolver,0,24,temporal,1,489,1257,1.5129139999999999,0.18729000000000004,2934,28,28672,
2,resolver,0,25,temporal,0,360,1128,1.9913589999999999,0.19007400000000002,2934,28,28672,
2,resolver,0,25,static,1,360,1128,1.524167,0.18550400000000003,2934,265,271360,
2,resolver,0,26,static,0,719,1487,1.621299,0.190748,2934,265,271360,
2,resolver,0,26,temporal,1,719,1487,1.461466,0.18563400000000002,2934,28,28672,
2,resolver,0,27,temporal,0,1190,1958,1.536953,0.183522,2934,27,27648,
2,resolver,0,27,static,1,1190,1958,1.776883,0.18860800000000003,2934,263,269312,
2,resolver,0,28,static,0,48,816,1.8622210000000001,0.18451599999999999,2934,263,269312,
2,resolver,0,28,temporal,1,48,816,1.648297,0.18224300000000002,2934,28,28672,
2,resolver,0,29,temporal,0,512,1280,1.912428,0.35364300000000004,2934,28,28672,
2,resolver,0,29,static,1,512,1280,1.711262,0.18925099999999997,2934,264,270336,
2,resolver,0,30,static,0,394,1162,1.529712,0.18359299999999998,2934,264,270336,
2,resolver,0,30,temporal,1,394,1162,2.138739,0.33147499999999996,2934,28,28672,
2,resolver,0,31,temporal,0,4,772,1.466467,0.23527899999999996,2934,28,28672,
2,resolver,0,31,static,1,4,772,1.603204,0.185973,2934,266,272384,
2,resolver,0,32,static,0,698,1466,1.5933220000000001,0.189259,2934,264,270336,
2,resolver,0,32,temporal,1,698,1466,1.5112050000000001,0.23848800000000003,2934,28,28672,
2,resolver,0,33,temporal,0,1206,1974,1.669851,0.33682500000000004,2934,28,28672,
2,resolver,0,33,static,1,1206,1974,1.885327,0.196365,2934,266,272384,
2,resolver,0,34,static,0,713,1481,1.513776,0.19301900000000002,2934,264,270336,
2,resolver,0,34,temporal,1,713,1481,1.54605,0.207592,2934,28,28672,
2,resolver,0,35,temporal,0,1131,1899,1.4715520000000002,0.18869100000000003,2934,28,28672,
2,resolver,0,35,static,1,1131,1899,1.474482,0.18343099999999998,2934,266,272384,
2,resolver,0,36,static,0,1056,1824,1.547861,0.182637,2934,266,272384,
2,resolver,0,36,temporal,1,1056,1824,1.976135,0.6092049999999998,2934,28,28672,
2,resolver,0,37,temporal,0,559,1327,1.89007,0.19354400000000002,2934,28,28672,
2,resolver,0,37,static,1,559,1327,1.576231,0.21876999999999996,2934,264,270336,
2,resolver,0,38,static,0,898,1666,1.5300150000000001,0.18454300000000004,2934,266,272384,
2,resolver,0,38,temporal,1,898,1666,1.905344,0.42429399999999995,2934,28,28672,
2,resolver,0,39,temporal,0,493,1261,1.7152479999999999,0.19362600000000002,2934,28,28672,
2,resolver,0,39,static,1,493,1261,1.8863860000000001,0.18424900000000002,2934,265,271360,
2,resolver,0,40,static,0,1078,1846,1.523289,0.18524600000000002,2934,264,270336,
2,resolver,0,40,temporal,1,1078,1846,1.496255,0.186694,2934,28,28672,
2,resolver,0,41,temporal,0,52,820,2.04263,0.194849,2934,28,28672,
2,resolver,0,41,static,1,52,820,1.5221040000000001,0.187743,2934,263,269312,
2,resolver,0,42,static,0,173,941,1.742023,0.4398490000000001,2934,266,272384,
2,resolver,0,42,temporal,1,173,941,1.50303,0.183388,2934,28,28672,
2,resolver,0,43,temporal,0,814,1582,1.5025730000000002,0.18429600000000002,2934,28,28672,
2,resolver,0,43,static,1,814,1582,1.481561,0.18470499999999998,2934,266,272384,
2,resolver,0,44,static,0,435,1203,1.844819,0.31478,2934,264,270336,
2,resolver,0,44,temporal,1,435,1203,1.489883,0.185101,2934,28,28672,
2,resolver,0,45,temporal,0,1153,1921,1.673112,0.18517000000000003,2934,28,28672,
2,resolver,0,45,static,1,1153,1921,1.512356,0.18103000000000002,2934,263,269312,
2,resolver,0,46,static,0,903,1671,1.7819699999999998,0.18503300000000003,2934,266,272384,
2,resolver,0,46,temporal,1,903,1671,1.690739,0.18550499999999998,2934,28,28672,
2,resolver,0,47,temporal,0,238,1006,1.629847,0.232532,2934,28,28672,
2,resolver,0,47,static,1,238,1006,1.704995,0.18486399999999997,2934,265,271360,
2,resolver,0,48,static,0,510,1278,1.533521,0.234431,2934,264,270336,
2,resolver,0,48,temporal,1,510,1278,4.021014,0.559183,2934,28,28672,
2,resolver,0,49,temporal,0,74,842,2.4280690000000003,0.18748399999999998,2934,28,28672,
2,resolver,0,49,static,1,74,842,1.791748,0.19302399999999995,2934,264,270336,
2,resolver,0,50,static,0,23,791,1.758316,0.19192299999999998,2934,266,272384,
2,resolver,0,50,temporal,1,23,791,1.7063519999999999,0.243416,2934,28,28672,
2,resolver,0,51,temporal,0,337,1105,1.747835,0.19621300000000003,2934,28,28672,
2,resolver,0,51,static,1,337,1105,1.928906,0.199953,2934,265,271360,
2,resolver,0,52,static,0,1,769,1.934912,0.27162899999999995,2934,265,271360,
2,resolver,0,52,temporal,1,1,769,1.7056319999999998,0.195836,2934,28,28672,
2,resolver,0,53,temporal,0,517,1285,1.890528,0.33335800000000004,2934,28,28672,
2,resolver,0,53,static,1,517,1285,2.009448,0.18444500000000003,2934,264,270336,
2,resolver,0,54,static,0,407,1175,1.941999,0.283692,2934,266,272384,
2,resolver,0,54,temporal,1,407,1175,1.6672449999999999,0.19027100000000002,2934,28,28672,
2,resolver,0,55,temporal,0,866,1634,1.745885,0.19042699999999999,2934,28,28672,
2,resolver,0,55,static,1,866,1634,1.763488,0.27200599999999997,2934,264,270336,
2,resolver,0,56,static,0,877,1645,1.7036740000000001,0.188866,2934,264,270336,
2,resolver,0,56,temporal,1,877,1645,1.772086,0.29502300000000004,2934,28,28672,
2,resolver,0,57,temporal,0,1199,1967,1.900887,0.181312,2934,28,28672,
2,resolver,0,57,static,1,1199,1967,1.58989,0.18072700000000003,2934,264,270336,
2,resolver,0,58,static,0,889,1657,1.610106,0.185647,2934,266,272384,
2,resolver,0,58,temporal,1,889,1657,1.585237,0.233961,2934,28,28672,
2,resolver,0,59,temporal,0,362,1130,1.611826,0.250841,2934,28,28672,
2,resolver,0,59,static,1,362,1130,2.067895,0.336246,2934,264,270336,
2,resolver,0,60,static,0,388,1156,1.853269,0.19201300000000002,2934,264,270336,
2,resolver,0,60,temporal,1,388,1156,1.582095,0.18907499999999997,2934,28,28672,
2,resolver,0,61,temporal,0,92,860,1.580855,0.185359,2934,28,28672,
2,resolver,0,61,static,1,92,860,1.707142,0.18361599999999997,2934,266,272384,
2,resolver,0,62,static,0,365,1133,1.6016839999999999,0.188035,2934,264,270336,
2,resolver,0,62,temporal,1,365,1133,2.085239,0.29947599999999996,2934,28,28672,
2,resolver,0,63,temporal,0,372,1140,1.5222149999999999,0.22918000000000002,2934,28,28672,
2,resolver,0,63,static,1,372,1140,1.60448,0.18498000000000003,2934,263,269312,
2,resolver,0,64,static,0,796,1564,1.467722,0.184879,2934,265,271360,
2,resolver,0,64,temporal,1,796,1564,1.55625,0.18654799999999996,2934,28,28672,
2,resolver,0,65,temporal,0,775,1543,1.785502,0.19868499999999997,2934,28,28672,
2,resolver,0,65,static,1,775,1543,1.5524499999999999,0.18309100000000003,2934,263,269312,
2,resolver,0,66,static,0,1121,1889,1.626158,0.182894,2934,266,272384,
2,resolver,0,66,temporal,1,1121,1889,1.708404,0.191434,2934,28,28672,
2,resolver,0,67,temporal,0,244,1012,1.953234,0.200181,2934,28,28672,
2,resolver,0,67,static,1,244,1012,1.530511,0.188299,2934,266,272384,
2,resolver,0,68,static,0,603,1371,1.721864,0.197387,2934,264,270336,
2,resolver,0,68,temporal,1,603,1371,1.463469,0.18774599999999994,2934,28,28672,
2,resolver,0,69,temporal,0,1037,1805,1.703854,0.19412800000000002,2934,28,28672,
2,resolver,0,69,static,1,1037,1805,1.4812020000000001,0.18301600000000004,2934,265,271360,
2,resolver,0,70,static,0,776,1544,1.801836,0.18490500000000004,2934,262,268288,
2,resolver,0,70,temporal,1,776,1544,1.7323060000000001,0.18407900000000002,2934,28,28672,
2,resolver,0,71,temporal,0,376,1144,1.725983,0.29142,2934,28,28672,
2,resolver,0,71,static,1,376,1144,1.460085,0.18292699999999998,2934,263,269312,
2,resolver,0,72,static,0,203,971,1.681714,0.18440299999999996,2934,264,270336,
2,resolver,0,72,temporal,1,203,971,1.6178379999999999,0.18995,2934,28,28672,
2,resolver,0,73,temporal,0,334,1102,2.1562460000000003,0.19640699999999997,2934,28,28672,
2,resolver,0,73,static,1,334,1102,2.2519810000000002,0.19897099999999998,2934,265,271360,
2,resolver,0,74,static,0,284,1052,1.486654,0.18538700000000002,2934,264,270336,
2,resolver,0,74,temporal,1,284,1052,1.7117600000000002,0.371719,2934,28,28672,
2,resolver,0,75,temporal,0,329,1097,1.4845780000000002,0.25269199999999997,2934,28,28672,
2,resolver,0,75,static,1,329,1097,1.880723,0.46515599999999996,2934,266,272384,
2,resolver,0,76,static,0,875,1643,1.789937,0.18883700000000003,2934,264,270336,
2,resolver,0,76,temporal,1,875,1643,2.5006579999999996,0.2915999999999999,2934,28,28672,
2,resolver,0,77,temporal,0,524,1292,1.493347,0.248536,2934,28,28672,
2,resolver,0,77,static,1,524,1292,1.633884,0.18739,2934,264,270336,
2,resolver,0,78,static,0,1038,1806,1.527446,0.18770499999999998,2934,264,270336,
2,resolver,0,78,temporal,1,1038,1806,1.696885,0.19133999999999995,2934,28,28672,
2,resolver,0,79,temporal,0,729,1497,1.626038,0.29385600000000006,2934,28,28672,
2,resolver,0,79,static,1,729,1497,1.630265,0.184684,2934,266,272384,
2,resolver,0,80,static,0,827,1595,1.528411,0.23720599999999997,2934,264,270336,
2,resolver,0,80,temporal,1,827,1595,1.75033,0.248234,2934,28,28672,
2,resolver,0,81,temporal,0,15,783,1.872903,0.19020300000000004,2934,28,28672,
2,resolver,0,81,static,1,15,783,3.3945849999999997,0.19327,2934,266,272384,
2,resolver,0,82,static,0,81,849,6.619445,0.5136940000000001,2934,266,272384,
2,resolver,0,82,temporal,1,81,849,2.9855289999999997,0.1865,2934,28,28672,
2,resolver,0,83,temporal,0,1206,1974,1.943787,0.42564399999999997,2934,28,28672,
2,resolver,0,83,static,1,1206,1974,1.468239,0.18620599999999995,2934,266,272384,
2,resolver,0,84,static,0,94,862,1.537819,0.187905,2934,266,272384,
2,resolver,0,84,temporal,1,94,862,1.698411,0.19551999999999997,2934,28,28672,
2,resolver,0,85,temporal,0,907,1675,1.756985,0.19135599999999997,2934,28,28672,
2,resolver,0,85,static,1,907,1675,1.48262,0.185515,2934,265,271360,
2,resolver,0,86,static,0,688,1456,1.618918,0.186219,2934,263,269312,
2,resolver,0,86,temporal,1,688,1456,1.482968,0.242921,2934,28,28672,
2,resolver,0,87,temporal,0,665,1433,1.6329820000000002,0.257252,2934,28,28672,
2,resolver,0,87,static,1,665,1433,1.7311480000000001,0.19870000000000002,2934,265,271360,
2,resolver,0,88,static,0,430,1198,1.740486,0.183512,2934,264,270336,
2,resolver,0,88,temporal,1,430,1198,1.475309,0.23714100000000002,2934,28,28672,
2,resolver,0,89,temporal,0,808,1576,1.757006,0.23061199999999996,2934,28,28672,
2,resolver,0,89,static,1,808,1576,1.5002900000000001,0.18486999999999998,2934,266,272384,
2,resolver,0,90,static,0,1137,1905,1.701445,0.37538600000000005,2934,266,272384,
2,resolver,0,90,temporal,1,1137,1905,1.482147,0.17986,2934,28,28672,
2,resolver,0,91,temporal,0,1066,1834,1.677157,0.18779800000000002,2934,28,28672,
2,resolver,0,91,static,1,1066,1834,1.4533,0.197966,2934,264,270336,
2,resolver,0,92,static,0,1132,1900,1.764632,0.351345,2934,266,272384,
2,resolver,0,92,temporal,1,1132,1900,1.484167,0.18782999999999997,2934,28,28672,
2,resolver,0,93,temporal,0,928,1696,1.823391,0.20309899999999997,2934,28,28672,
2,resolver,0,93,static,1,928,1696,1.560961,0.186248,2934,263,269312,
2,resolver,0,94,static,0,335,1103,1.6714449999999998,0.207702,2934,266,272384,
2,resolver,0,94,temporal,1,335,1103,1.9736760000000002,0.23592099999999996,2934,28,28672,
2,resolver,0,95,temporal,0,733,1501,2.5252790000000003,0.424604,2934,28,28672,
2,resolver,0,95,static,1,733,1501,1.760287,0.23940499999999998,2934,266,272384,
2,resolver,0,96,static,0,600,1368,1.536353,0.18334699999999998,2934,264,270336,
2,resolver,0,96,temporal,1,600,1368,1.433149,0.183362,2934,28,28672,
2,resolver,0,97,temporal,0,883,1651,1.6941359999999999,0.18768800000000005,2934,28,28672,
2,resolver,0,97,static,1,883,1651,1.479418,0.19223199999999996,2934,266,272384,
2,resolver,0,98,static,0,139,907,1.753584,0.18169600000000005,2934,264,270336,
2,resolver,0,98,temporal,1,139,907,1.6402999999999999,0.231302,2934,28,28672,
2,resolver,0,99,temporal,0,1108,1876,1.90109,0.18901400000000002,2934,28,28672,
2,resolver,0,99,static,1,1108,1876,2.1162249999999996,0.427795,2934,264,270336,
2,resolver,0,100,static,0,1133,1901,1.52232,0.18644299999999994,2934,266,272384,
2,resolver,0,100,temporal,1,1133,1901,1.613145,0.267166,2934,28,28672,
2,resolver,0,101,temporal,0,458,1226,1.464849,0.19041599999999997,2934,28,28672,
2,resolver,0,101,static,1,458,1226,1.7464629999999999,0.26311699999999993,2934,264,270336,
2,resolver,0,102,static,0,572,1340,1.473517,0.18647499999999997,2934,265,271360,
2,resolver,0,102,temporal,1,572,1340,1.62721,0.191279,2934,28,28672,
2,resolver,0,103,temporal,0,1098,1866,1.6053160000000002,0.202236,2934,28,28672,
2,resolver,0,103,static,1,1098,1866,2.206372,0.19992300000000002,2934,264,270336,
2,resolver,0,104,static,0,318,1086,1.532507,0.18748800000000004,2934,265,271360,
2,resolver,0,104,temporal,1,318,1086,1.710948,0.19211899999999998,2934,28,28672,
2,resolver,0,105,temporal,0,176,944,1.681511,0.19206499999999999,2934,28,28672,
2,resolver,0,105,static,1,176,944,1.825325,0.19598299999999996,2934,266,272384,
2,resolver,0,106,static,0,354,1122,1.630565,0.189599,2934,264,270336,
2,resolver,0,106,temporal,1,354,1122,2.136331,0.28322300000000006,2934,28,28672,
2,resolver,0,107,temporal,0,75,843,1.538746,0.288893,2934,28,28672,
2,resolver,0,107,static,1,75,843,1.655792,0.271257,2934,264,270336,
2,resolver,0,108,static,0,1232,2000,1.561064,0.216251,2934,264,270336,
2,resolver,0,108,temporal,1,1232,2000,1.671137,0.22009800000000004,2934,28,28672,
2,resolver,0,109,temporal,0,928,1696,2.0071049999999997,0.223311,2934,28,28672,
2,resolver,0,109,static,1,928,1696,1.920694,0.202496,2934,263,269312,
2,resolver,0,110,static,0,700,1468,1.464056,0.19243,2934,263,269312,
2,resolver,0,110,temporal,1,700,1468,1.568535,0.204365,2934,28,28672,
2,resolver,0,111,temporal,0,173,941,1.548775,0.20811199999999996,2934,28,28672,
2,resolver,0,111,static,1,173,941,1.609082,0.253707,2934,266,272384,
2,resolver,0,112,static,0,1003,1771,1.509196,0.20834100000000003,2934,264,270336,
2,resolver,0,112,temporal,1,1003,1771,1.716788,0.264878,2934,28,28672,
2,resolver,0,113,temporal,0,1073,1841,1.595415,0.194482,2934,27,27648,
2,resolver,0,113,static,1,1073,1841,1.723041,0.25571099999999997,2934,263,269312,
2,resolver,0,114,static,0,599,1367,1.500512,0.18501,2934,264,270336,
2,resolver,0,114,temporal,1,599,1367,1.634904,0.2484,2934,28,28672,
2,resolver,0,115,temporal,0,1253,2021,1.673101,0.31208899999999995,2934,28,28672,
2,resolver,0,115,static,1,1253,2021,1.774314,0.21287100000000003,2934,262,268288,
2,resolver,0,116,static,0,232,1000,1.506815,0.186742,2934,264,270336,
2,resolver,0,116,temporal,1,232,1000,1.8380670000000001,0.2736409999999999,2934,28,28672,
2,resolver,0,117,temporal,0,1126,1894,1.638163,0.19872100000000004,2934,28,28672,
2,resolver,0,117,static,1,1126,1894,1.54985,0.260295,2934,267,273408,
2,resolver,0,118,static,0,942,1710,1.4786000000000001,0.189503,2934,264,270336,
2,resolver,0,118,temporal,1,942,1710,1.672024,0.343637,2934,28,28672,
2,resolver,0,119,temporal,0,224,992,1.831725,0.314385,2934,28,28672,
2,resolver,0,119,static,1,224,992,1.73401,0.25516599999999995,2934,265,271360,
2,resolver,1,0,temporal,0,932,1700,1.912838,0.39892299999999997,2934,28,28672,
2,resolver,1,0,static,1,932,1700,1.647124,0.19677900000000004,2934,263,269312,
2,resolver,1,1,static,0,986,1754,1.659821,0.30621400000000004,2934,265,271360,
2,resolver,1,1,temporal,1,986,1754,1.7151480000000001,0.19250100000000003,2934,28,28672,
2,resolver,1,2,temporal,0,1024,1792,1.6483750000000001,0.18876400000000002,2934,28,28672,
2,resolver,1,2,static,1,1024,1792,1.82817,0.18407699999999996,2934,265,271360,
2,resolver,1,3,static,0,540,1308,1.8098910000000001,0.21363200000000002,2934,264,270336,
2,resolver,1,3,temporal,1,540,1308,1.800472,0.41377499999999995,2934,28,28672,
2,resolver,1,4,temporal,0,9,777,1.519434,0.19055100000000003,2934,28,28672,
2,resolver,1,4,static,1,9,777,1.570843,0.251978,2934,266,272384,
2,resolver,1,5,static,0,933,1701,1.563054,0.192101,2934,262,268288,
2,resolver,1,5,temporal,1,933,1701,1.735838,0.192577,2934,28,28672,
2,resolver,1,6,temporal,0,166,934,1.6862279999999998,0.21371300000000001,2934,27,27648,
2,resolver,1,6,static,1,166,934,1.604916,0.186463,2934,266,272384,
2,resolver,1,7,static,0,669,1437,1.5216319999999999,0.18539200000000003,2934,265,271360,
2,resolver,1,7,temporal,1,669,1437,1.625025,0.19035300000000002,2934,28,28672,
2,resolver,1,8,temporal,0,1003,1771,1.660245,0.18580000000000005,2934,28,28672,
2,resolver,1,8,static,1,1003,1771,2.110621,0.18679,2934,264,270336,
2,resolver,1,9,static,0,615,1383,1.517421,0.18567999999999998,2934,263,269312,
2,resolver,1,9,temporal,1,615,1383,1.83355,0.18820600000000004,2934,28,28672,
2,resolver,1,10,temporal,0,258,1026,1.526297,0.19500399999999998,2934,28,28672,
2,resolver,1,10,static,1,258,1026,1.628565,0.192681,2934,266,272384,
2,resolver,1,11,static,0,21,789,1.655263,0.18451199999999998,2934,266,272384,
2,resolver,1,11,temporal,1,21,789,2.053933,0.25836200000000004,2934,28,28672,
2,resolver,1,12,temporal,0,1026,1794,1.5203820000000001,0.187251,2934,28,28672,
2,resolver,1,12,static,1,1026,1794,1.583583,0.188564,2934,264,270336,
2,resolver,1,13,static,0,18,786,1.467997,0.18353100000000003,2934,265,271360,
2,resolver,1,13,temporal,1,18,786,1.6329529999999999,0.2552040000000001,2934,28,28672,
2,resolver,1,14,temporal,0,1016,1784,1.601113,0.192525,2934,28,28672,
2,resolver,1,14,static,1,1016,1784,1.958393,0.25268700000000005,2934,263,269312,
2,resolver,1,15,static,0,1206,1974,1.679149,0.181909,2934,266,272384,
2,resolver,1,15,temporal,1,1206,1974,1.729916,0.19294599999999998,2934,28,28672,
2,resolver,1,16,temporal,0,524,1292,1.5381660000000001,0.18963900000000006,2934,28,28672,
2,resolver,1,16,static,1,524,1292,1.696937,0.252457,2934,264,270336,
2,resolver,1,17,static,0,153,921,1.584158,0.18293500000000001,2934,264,270336,
2,resolver,1,17,temporal,1,153,921,1.649667,0.19159800000000002,2934,28,28672,
2,resolver,1,18,temporal,0,231,999,1.650093,0.194147,2934,28,28672,
2,resolver,1,18,static,1,231,999,1.595523,0.188388,2934,264,270336,
2,resolver,1,19,static,0,285,1053,1.7179330000000002,0.180423,2934,264,270336,
2,resolver,1,19,temporal,1,285,1053,1.578132,0.2736760000000001,2934,28,28672,
2,resolver,1,20,temporal,0,1180,1948,1.474197,0.18600999999999998,2934,28,28672,
2,resolver,1,20,static,1,1180,1948,1.591706,0.270803,2934,264,270336,
2,resolver,1,21,static,0,421,1189,1.504661,0.24662800000000004,2934,265,271360,
2,resolver,1,21,temporal,1,421,1189,2.2307210000000004,0.2770620000000001,2934,28,28672,
2,resolver,1,22,temporal,0,561,1329,2.859757,0.21942399999999998,2934,27,27648,
2,resolver,1,22,static,1,561,1329,1.521767,0.18851,2934,265,271360,
2,resolver,1,23,static,0,430,1198,1.7377969999999998,0.188171,2934,264,270336,
2,resolver,1,23,temporal,1,430,1198,1.751149,0.199421,2934,28,28672,
2,resolver,1,24,temporal,0,489,1257,2.099888,0.3379809999999999,2934,28,28672,
2,resolver,1,24,static,1,489,1257,1.7779740000000002,0.19117800000000001,2934,266,272384,
2,resolver,1,25,static,0,360,1128,1.716837,0.23919899999999997,2934,265,271360,
2,resolver,1,25,temporal,1,360,1128,1.584611,0.184768,2934,28,28672,
2,resolver,1,26,temporal,0,719,1487,1.778604,0.24910300000000002,2934,28,28672,
2,resolver,1,26,static,1,719,1487,1.5123199999999999,0.181972,2934,265,271360,
2,resolver,1,27,static,0,1190,1958,1.773483,0.19238999999999995,2934,263,269312,
2,resolver,1,27,temporal,1,1190,1958,1.820982,0.3360290000000001,2934,27,27648,
2,resolver,1,28,temporal,0,48,816,1.6872600000000002,0.186833,2934,28,28672,
2,resolver,1,28,static,1,48,816,1.635154,0.21932800000000005,2934,263,269312,
2,resolver,1,29,static,0,512,1280,1.688069,0.19315600000000002,2934,264,270336,
2,resolver,1,29,temporal,1,512,1280,1.5782839999999998,0.23974600000000001,2934,28,28672,
2,resolver,1,30,temporal,0,394,1162,1.619866,0.19224299999999997,2934,28,28672,
2,resolver,1,30,static,1,394,1162,1.4626109999999999,0.18617200000000003,2934,264,270336,
2,resolver,1,31,static,0,4,772,1.565303,0.18946,2934,266,272384,
2,resolver,1,31,temporal,1,4,772,1.463937,0.184956,2934,28,28672,
2,resolver,1,32,temporal,0,698,1466,1.608581,0.19315400000000002,2934,28,28672,
2,resolver,1,32,static,1,698,1466,1.679434,0.25088900000000003,2934,264,270336,
2,resolver,1,33,static,0,1206,1974,2.254688,0.20518800000000004,2934,266,272384,
2,resolver,1,33,temporal,1,1206,1974,1.488468,0.19395300000000004,2934,28,28672,
2,resolver,1,34,temporal,0,713,1481,1.8502029999999998,0.349412,2934,28,28672,
2,resolver,1,34,static,1,713,1481,1.466519,0.182541,2934,264,270336,
2,resolver,1,35,static,0,1131,1899,1.5749920000000002,0.25314899999999996,2934,266,272384,
2,resolver,1,35,temporal,1,1131,1899,1.615391,0.19611299999999998,2934,28,28672,
2,resolver,1,36,temporal,0,1056,1824,2.091618,0.27041099999999996,2934,28,28672,
2,resolver,1,36,static,1,1056,1824,1.592943,0.18327000000000002,2934,266,272384,
2,resolver,1,37,static,0,559,1327,1.693902,0.33816,2934,264,270336,
2,resolver,1,37,temporal,1,559,1327,1.505767,0.21562699999999999,2934,28,28672,
2,resolver,1,38,temporal,0,898,1666,1.595651,0.206121,2934,28,28672,
2,resolver,1,38,static,1,898,1666,1.490214,0.194403,2934,266,272384,
2,resolver,1,39,static,0,493,1261,2.139387,0.34141299999999997,2934,265,271360,
2,resolver,1,39,temporal,1,493,1261,1.66085,0.295249,2934,28,28672,
2,resolver,1,40,temporal,0,1078,1846,1.70619,0.28645799999999993,2934,28,28672,
2,resolver,1,40,static,1,1078,1846,1.9990989999999997,0.19119399999999995,2934,264,270336,
2,resolver,1,41,static,0,52,820,1.622021,0.186941,2934,263,269312,
2,resolver,1,41,temporal,1,52,820,1.630254,0.22492,2934,28,28672,
2,resolver,1,42,temporal,0,173,941,1.7002300000000001,0.25155999999999995,2934,28,28672,
2,resolver,1,42,static,1,173,941,1.486502,0.23356499999999997,2934,266,272384,
2,resolver,1,43,static,0,814,1582,1.7102739999999998,0.184275,2934,266,272384,
2,resolver,1,43,temporal,1,814,1582,1.491833,0.18229099999999998,2934,28,28672,
2,resolver,1,44,temporal,0,435,1203,1.648722,0.19883499999999998,2934,28,28672,
2,resolver,1,44,static,1,435,1203,1.51345,0.18464600000000003,2934,264,270336,
2,resolver,1,45,static,0,1153,1921,1.693391,0.18476599999999999,2934,263,269312,
2,resolver,1,45,temporal,1,1153,1921,1.499539,0.18402500000000002,2934,28,28672,
2,resolver,1,46,temporal,0,903,1671,1.626478,0.272294,2934,28,28672,
2,resolver,1,46,static,1,903,1671,2.020066,0.22905999999999999,2934,266,272384,
2,resolver,1,47,static,0,238,1006,1.772735,0.19293,2934,265,271360,
2,resolver,1,47,temporal,1,238,1006,1.517333,0.245334,2934,28,28672,
2,resolver,1,48,temporal,0,510,1278,1.986167,0.34657499999999997,2934,28,28672,
2,resolver,1,48,static,1,510,1278,1.552073,0.187562,2934,264,270336,
2,resolver,1,49,static,0,74,842,1.941504,0.194019,2934,264,270336,
2,resolver,1,49,temporal,1,74,842,1.681357,0.185069,2934,28,28672,
2,resolver,1,50,temporal,0,23,791,1.863452,0.18469799999999995,2934,28,28672,
2,resolver,1,50,static,1,23,791,1.6042020000000001,0.18624600000000002,2934,266,272384,
2,resolver,1,51,static,0,337,1105,1.491639,0.18525100000000003,2934,265,271360,
2,resolver,1,51,temporal,1,337,1105,1.876315,0.18377500000000002,2934,28,28672,
2,resolver,1,52,temporal,0,1,769,1.705255,0.18502,2934,28,28672,
2,resolver,1,52,static,1,1,769,1.6840220000000001,0.18552000000000002,2934,265,271360,
2,resolver,1,53,static,0,517,1285,1.711231,0.355191,2934,264,270336,
2,resolver,1,53,temporal,1,517,1285,1.962775,0.36821099999999996,2934,28,28672,
2,resolver,1,54,temporal,0,407,1175,1.51634,0.18829300000000002,2934,28,28672,
2,resolver,1,54,static,1,407,1175,1.8287170000000001,0.23468899999999998,2934,266,272384,
2,resolver,1,55,static,0,866,1634,1.531248,0.18958899999999995,2934,264,270336,
2,resolver,1,55,temporal,1,866,1634,1.899177,0.193692,2934,28,28672,
2,resolver,1,56,temporal,0,877,1645,1.550701,0.19488,2934,28,28672,
2,resolver,1,56,static,1,877,1645,1.530808,0.19128700000000004,2934,264,270336,
2,resolver,1,57,static,0,1199,1967,1.719546,0.19078400000000004,2934,264,270336,
2,resolver,1,57,temporal,1,1199,1967,2.002068,0.22485,2934,28,28672,
2,resolver,1,58,temporal,0,889,1657,1.494835,0.25733100000000003,2934,28,28672,
2,resolver,1,58,static,1,889,1657,1.6177380000000001,0.19215999999999997,2934,266,272384,
2,resolver,1,59,static,0,362,1130,1.547905,0.188486,2934,264,270336,
2,resolver,1,59,temporal,1,362,1130,1.580211,0.24055200000000002,2934,28,28672,
2,resolver,1,60,temporal,0,388,1156,1.538861,0.18753200000000003,2934,28,28672,
2,resolver,1,60,static,1,388,1156,1.518828,0.18231700000000003,2934,264,270336,
2,resolver,1,61,static,0,92,860,1.9643220000000001,0.23016100000000003,2934,266,272384,
2,resolver,1,61,temporal,1,92,860,1.538062,0.18758499999999997,2934,28,28672,
2,resolver,1,62,temporal,0,365,1133,1.581142,0.18507,2934,28,28672,
2,resolver,1,62,static,1,365,1133,1.4650320000000001,0.183624,2934,264,270336,
2,resolver,1,63,static,0,372,1140,1.6072529999999998,0.191679,2934,263,269312,
2,resolver,1,63,temporal,1,372,1140,1.7025700000000001,0.193994,2934,28,28672,
2,resolver,1,64,temporal,0,796,1564,1.7215019999999999,0.18892399999999998,2934,28,28672,
2,resolver,1,64,static,1,796,1564,1.464528,0.18862400000000004,2934,265,271360,
2,resolver,1,65,static,0,775,1543,1.7083949999999999,0.18649700000000002,2934,263,269312,
2,resolver,1,65,temporal,1,775,1543,1.4789619999999999,0.24989100000000003,2934,28,28672,
2,resolver,1,66,temporal,0,1121,1889,1.6754719999999999,0.2578729999999999,2934,28,28672,
2,resolver,1,66,static,1,1121,1889,1.521726,0.191142,2934,266,272384,
2,resolver,1,67,static,0,244,1012,1.747103,0.24837499999999996,2934,266,272384,
2,resolver,1,67,temporal,1,244,1012,1.685327,0.22789199999999996,2934,28,28672,
2,resolver,1,68,temporal,0,603,1371,2.203254,0.624542,2934,28,28672,
2,resolver,1,68,static,1,603,1371,1.473796,0.18219,2934,264,270336,
2,resolver,1,69,static,0,1037,1805,1.549269,0.18700599999999998,2934,265,271360,
2,resolver,1,69,temporal,1,1037,1805,1.459915,0.191135,2934,28,28672,
2,resolver,1,70,temporal,0,776,1544,1.602487,0.18787399999999999,2934,28,28672,
2,resolver,1,70,static,1,776,1544,1.559537,0.238072,2934,262,268288,
2,resolver,1,71,static,0,376,1144,1.628478,0.18407699999999996,2934,263,269312,
2,resolver,1,71,temporal,1,376,1144,1.827936,0.35747100000000004,2934,28,28672,
2,resolver,1,72,temporal,0,203,971,1.6458359999999999,0.261169,2934,28,28672,
2,resolver,1,72,static,1,203,971,1.522638,0.24013,2934,264,270336,
2,resolver,1,73,static,0,334,1102,1.717495,0.3346209999999999,2934,265,271360,
2,resolver,1,73,temporal,1,334,1102,1.6626150000000002,0.19562699999999997,2934,28,28672,
2,resolver,1,74,temporal,0,284,1052,2.124473,0.19227100000000003,2934,28,28672,
2,resolver,1,74,static,1,284,1052,1.895263,0.19201400000000005,2934,264,270336,
2,resolver,1,75,static,0,329,1097,1.650322,0.184826,2934,266,272384,
2,resolver,1,75,temporal,1,329,1097,1.502326,0.18747599999999998,2934,28,28672,
2,resolver,1,76,temporal,0,875,1643,1.6873310000000001,0.19056499999999996,2934,28,28672,
2,resolver,1,76,static,1,875,1643,1.50164,0.26993500000000004,2934,264,270336,
2,resolver,1,77,static,0,524,1292,2.316339,0.389698,2934,264,270336,
2,resolver,1,77,temporal,1,524,1292,2.208622,0.200046,2934,28,28672,
2,resolver,1,78,temporal,0,1038,1806,1.760054,0.37993299999999997,2934,28,28672,
2,resolver,1,78,static,1,1038,1806,1.789455,0.19526399999999997,2934,264,270336,
2,resolver,1,79,static,0,729,1497,1.4601760000000001,0.18497600000000003,2934,266,272384,
2,resolver,1,79,temporal,1,729,1497,1.607399,0.193506,2934,28,28672,
2,resolver,1,80,temporal,0,827,1595,1.66591,0.194219,2934,28,28672,
2,resolver,1,80,static,1,827,1595,1.524394,0.19124500000000003,2934,264,270336,
2,resolver,1,81,static,0,15,783,1.634511,0.18821400000000002,2934,266,272384,
2,resolver,1,81,temporal,1,15,783,1.52359,0.18749299999999997,2934,28,28672,
2,resolver,1,82,temporal,0,81,849,1.46413,0.18700299999999997,2934,28,28672,
2,resolver,1,82,static,1,81,849,1.903613,0.189391,2934,266,272384,
2,resolver,1,83,static,0,1206,1974,2.061647,0.18549799999999994,2934,266,272384,
2,resolver,1,83,temporal,1,1206,1974,1.705819,0.370214,2934,28,28672,
2,resolver,1,84,temporal,0,94,862,2.61326,0.29386,2934,28,28672,
2,resolver,1,84,static,1,94,862,1.848884,0.39040800000000003,2934,266,272384,
2,resolver,1,85,static,0,907,1675,1.806805,0.288655,2934,265,271360,
2,resolver,1,85,temporal,1,907,1675,1.984165,0.19030799999999998,2934,28,28672,
2,resolver,1,86,temporal,0,688,1456,1.721781,0.3158860000000001,2934,28,28672,
2,resolver,1,86,static,1,688,1456,1.686887,0.22620700000000002,2934,263,269312,
2,resolver,1,87,static,0,665,1433,1.7342119999999999,0.183397,2934,265,271360,
2,resolver,1,87,temporal,1,665,1433,1.6251950000000002,0.3124149999999999,2934,28,28672,
2,resolver,1,88,temporal,0,430,1198,1.992665,0.19617999999999997,2934,28,28672,
2,resolver,1,88,static,1,430,1198,1.5158369999999999,0.191074,2934,264,270336,
2,resolver,1,89,static,0,808,1576,1.762307,0.24897500000000003,2934,266,272384,
2,resolver,1,89,temporal,1,808,1576,1.525432,0.19348100000000001,2934,28,28672,
2,resolver,1,90,temporal,0,1137,1905,1.6127369999999999,0.190604,2934,28,28672,
2,resolver,1,90,static,1,1137,1905,1.622171,0.190032,2934,266,272384,
2,resolver,1,91,static,0,1066,1834,1.722045,0.32728100000000004,2934,264,270336,
2,resolver,1,91,temporal,1,1066,1834,1.630159,0.18716500000000003,2934,28,28672,
2,resolver,1,92,temporal,0,1132,1900,1.815127,0.35859599999999997,2934,28,28672,
2,resolver,1,92,static,1,1132,1900,1.613393,0.188478,2934,266,272384,
2,resolver,1,93,static,0,928,1696,2.442774,0.183364,2934,263,269312,
2,resolver,1,93,temporal,1,928,1696,3.28393,0.19913499999999998,2934,28,28672,
2,resolver,1,94,temporal,0,335,1103,1.954936,0.198026,2934,28,28672,
2,resolver,1,94,static,1,335,1103,1.8363909999999999,0.3536099999999999,2934,266,272384,
2,resolver,1,95,static,0,733,1501,2.163325,0.6624730000000001,2934,266,272384,
2,resolver,1,95,temporal,1,733,1501,1.628117,0.18767099999999998,2934,28,28672,
2,resolver,1,96,temporal,0,600,1368,1.702987,0.187812,2934,28,28672,
2,resolver,1,96,static,1,600,1368,1.5826779999999998,0.184436,2934,264,270336,
2,resolver,1,97,static,0,883,1651,3.285551,1.7220280000000003,2934,266,272384,
2,resolver,1,97,temporal,1,883,1651,1.7455319999999999,0.18926799999999996,2934,28,28672,
2,resolver,1,98,temporal,0,139,907,1.474909,0.18647699999999998,2934,28,28672,
2,resolver,1,98,static,1,139,907,1.5667330000000002,0.187719,2934,264,270336,
2,resolver,1,99,static,0,1108,1876,1.491582,0.239132,2934,264,270336,
2,resolver,1,99,temporal,1,1108,1876,1.674546,0.24046700000000001,2934,28,28672,
2,resolver,1,100,temporal,0,1133,1901,1.5775839999999999,0.247909,2934,28,28672,
2,resolver,1,100,static,1,1133,1901,2.224419,0.7520020000000001,2934,266,272384,
2,resolver,1,101,static,0,458,1226,1.797369,0.23427700000000004,2934,264,270336,
2,resolver,1,101,temporal,1,458,1226,1.589388,0.23465400000000003,2934,28,28672,
2,resolver,1,102,temporal,0,572,1340,1.9951449999999997,0.427343,2934,28,28672,
2,resolver,1,102,static,1,572,1340,1.512787,0.18626999999999996,2934,265,271360,
2,resolver,1,103,static,0,1098,1866,1.656991,0.188942,2934,264,270336,
2,resolver,1,103,temporal,1,1098,1866,1.510461,0.19482899999999997,2934,28,28672,
2,resolver,1,104,temporal,0,318,1086,1.663089,0.34726399999999996,2934,28,28672,
2,resolver,1,104,static,1,318,1086,2.0195719999999997,0.5921479999999998,2934,265,271360,
2,resolver,1,105,static,0,176,944,2.919523,0.258178,2934,266,272384,
2,resolver,1,105,temporal,1,176,944,1.691325,0.19483300000000006,2934,28,28672,
2,resolver,1,106,temporal,0,354,1122,1.539371,0.19548900000000002,2934,28,28672,
2,resolver,1,106,static,1,354,1122,1.640555,0.257044,2934,264,270336,
2,resolver,1,107,static,0,75,843,1.819897,0.22731400000000002,2934,264,270336,
2,resolver,1,107,temporal,1,75,843,1.698531,0.326214,2934,28,28672,
2,resolver,1,108,temporal,0,1232,2000,2.107893,0.36736100000000005,2934,28,28672,
2,resolver,1,108,static,1,1232,2000,1.765939,0.29566499999999996,2934,264,270336,
2,resolver,1,109,static,0,928,1696,1.472648,0.19257200000000002,2934,263,269312,
2,resolver,1,109,temporal,1,928,1696,1.637441,0.20009600000000002,2934,28,28672,
2,resolver,1,110,temporal,0,700,1468,1.516454,0.20281,2934,28,28672,
2,resolver,1,110,static,1,700,1468,2.611942,0.19675199999999998,2934,263,269312,
2,resolver,1,111,static,0,173,941,1.5233320000000001,0.187654,2934,266,272384,
2,resolver,1,111,temporal,1,173,941,1.622538,0.19770400000000002,2934,28,28672,
2,resolver,1,112,temporal,0,1003,1771,1.49373,0.200098,2934,28,28672,
2,resolver,1,112,static,1,1003,1771,1.6406260000000001,0.19498600000000002,2934,264,270336,
2,resolver,1,113,static,0,1073,1841,1.476717,0.19135900000000003,2934,263,269312,
2,resolver,1,113,temporal,1,1073,1841,1.5362959999999999,0.190212,2934,27,27648,
2,resolver,1,114,temporal,0,599,1367,1.448573,0.25664500000000007,2934,28,28672,
2,resolver,1,114,static,1,599,1367,1.453656,0.180228,2934,264,270336,
2,resolver,1,115,static,0,1253,2021,1.5933659999999998,0.29051099999999996,2934,262,268288,
2,resolver,1,115,temporal,1,1253,2021,1.375303,0.19455699999999995,2934,28,28672,
2,resolver,1,116,temporal,0,232,1000,1.504436,0.19774200000000003,2934,28,28672,
2,resolver,1,116,static,1,232,1000,1.52465,0.18648199999999998,2934,264,270336,
2,resolver,1,117,static,0,1126,1894,1.694618,0.18688199999999996,2934,267,273408,
2,resolver,1,117,temporal,1,1126,1894,1.6527020000000001,0.23892700000000003,2934,28,28672,
2,resolver,1,118,temporal,0,942,1710,1.629392,0.197331,2934,28,28672,
2,resolver,1,118,static,1,942,1710,1.81992,0.189357,2934,264,270336,
2,resolver,1,119,static,0,224,992,1.634173,0.19598100000000002,2934,265,271360,
2,resolver,1,119,temporal,1,224,992,1.547962,0.20046400000000003,2934,28,28672,
2,resolver,2,0,static,0,932,1700,1.70791,0.18877900000000003,2934,263,269312,
2,resolver,2,0,temporal,1,932,1700,1.464874,0.185719,2934,28,28672,
2,resolver,2,1,temporal,0,986,1754,2.847848,0.19850500000000001,2934,28,28672,
2,resolver,2,1,static,1,986,1754,1.726186,0.35212600000000005,2934,265,271360,
2,resolver,2,2,static,0,1024,1792,1.5404039999999999,0.188188,2934,265,271360,
2,resolver,2,2,temporal,1,1024,1792,1.479685,0.18966399999999994,2934,28,28672,
2,resolver,2,3,temporal,0,540,1308,1.571516,0.18961,2934,28,28672,
2,resolver,2,3,static,1,540,1308,1.4536200000000001,0.18270999999999998,2934,264,270336,
2,resolver,2,4,static,0,9,777,1.584973,0.23998,2934,266,272384,
2,resolver,2,4,temporal,1,9,777,1.706019,0.238471,2934,28,28672,
2,resolver,2,5,temporal,0,933,1701,1.761585,0.187594,2934,28,28672,
2,resolver,2,5,static,1,933,1701,1.857417,0.282958,2934,262,268288,
2,resolver,2,6,static,0,166,934,1.6170259999999999,0.182398,2934,266,272384,
2,resolver,2,6,temporal,1,166,934,3.4351719999999997,0.18831799999999999,2934,27,27648,
2,resolver,2,7,temporal,0,669,1437,1.456909,0.18455200000000002,2934,28,28672,
2,resolver,2,7,static,1,669,1437,3.632428,0.19969099999999998,2934,265,271360,
2,resolver,2,8,static,0,1003,1771,1.916891,0.18589,2934,264,270336,
2,resolver,2,8,temporal,1,1003,1771,2.867782,0.22696799999999995,2934,28,28672,
2,resolver,2,9,temporal,0,615,1383,1.4713809999999998,0.18798399999999998,2934,28,28672,
2,resolver,2,9,static,1,615,1383,1.858063,0.185426,2934,263,269312,
2,resolver,2,10,static,0,258,1026,1.4587759999999999,0.18475299999999995,2934,266,272384,
2,resolver,2,10,temporal,1,258,1026,1.8550019999999998,0.19471800000000003,2934,28,28672,
2,resolver,2,11,temporal,0,21,789,1.5341580000000001,0.18627700000000003,2934,28,28672,
2,resolver,2,11,static,1,21,789,2.074538,0.22424700000000003,2934,266,272384,
2,resolver,2,12,static,0,1026,1794,2.146396,0.19000099999999998,2934,264,270336,
2,resolver,2,12,temporal,1,1026,1794,1.9684669999999997,0.19314299999999998,2934,28,28672,
2,resolver,2,13,temporal,0,18,786,1.737766,0.265875,2934,28,28672,
2,resolver,2,13,static,1,18,786,1.9628050000000001,0.3615310000000001,2934,265,271360,
2,resolver,2,14,static,0,1016,1784,1.5993229999999998,0.18411399999999997,2934,263,269312,
2,resolver,2,14,temporal,1,1016,1784,1.461207,0.18524200000000002,2934,28,28672,
2,resolver,2,15,temporal,0,1206,1974,1.807122,0.19134899999999996,2934,28,28672,
2,resolver,2,15,static,1,1206,1974,1.541064,0.183358,2934,266,272384,
2,resolver,2,16,static,0,524,1292,1.782266,0.184314,2934,264,270336,
2,resolver,2,16,temporal,1,524,1292,1.4704169999999999,0.18422200000000002,2934,28,28672,
2,resolver,2,17,temporal,0,153,921,1.886556,0.303802,2934,28,28672,
2,resolver,2,17,static,1,153,921,1.653294,0.234823,2934,264,270336,
2,resolver,2,18,static,0,231,999,1.840683,0.22924799999999998,2934,264,270336,
2,resolver,2,18,temporal,1,231,999,1.6819140000000001,0.19671099999999997,2934,28,28672,
2,resolver,2,19,temporal,0,285,1053,1.499212,0.24742599999999998,2934,28,28672,
2,resolver,2,19,static,1,285,1053,2.889583,1.39505,2934,264,270336,
2,resolver,2,20,static,0,1180,1948,1.687218,0.18428299999999997,2934,264,270336,
2,resolver,2,20,temporal,1,1180,1948,2.240176,0.18927000000000002,2934,28,28672,
2,resolver,2,21,temporal,0,421,1189,1.99035,0.196627,2934,28,28672,
2,resolver,2,21,static,1,421,1189,1.7467089999999998,0.30300900000000003,2934,265,271360,
2,resolver,2,22,static,0,561,1329,1.762953,0.190396,2934,265,271360,
2,resolver,2,22,temporal,1,561,1329,1.645606,0.336921,2934,27,27648,
2,resolver,2,23,temporal,0,430,1198,1.9278380000000002,0.19441899999999995,2934,28,28672,
2,resolver,2,23,static,1,430,1198,1.526382,0.26239699999999994,2934,264,270336,
2,resolver,2,24,static,0,489,1257,1.80043,0.367236,2934,266,272384,
2,resolver,2,24,temporal,1,489,1257,1.4802929999999999,0.177845,2934,28,28672,
2,resolver,2,25,temporal,0,360,1128,1.610298,0.18139200000000003,2934,28,28672,
2,resolver,2,25,static,1,360,1128,1.487356,0.243584,2934,265,271360,
2,resolver,2,26,static,0,719,1487,1.720228,0.19099400000000002,2934,265,271360,
2,resolver,2,26,temporal,1,719,1487,1.771469,0.23013200000000003,2934,28,28672,
2,resolver,2,27,temporal,0,1190,1958,2.167581,0.19404299999999997,2934,27,27648,
2,resolver,2,27,static,1,1190,1958,1.993781,0.283544,2934,263,269312,
2,resolver,2,28,static,0,48,816,1.521299,0.18944999999999998,2934,263,269312,
2,resolver,2,28,temporal,1,48,816,1.535779,0.18639699999999998,2934,28,28672,
2,resolver,2,29,temporal,0,512,1280,1.9071879999999999,0.23388600000000004,2934,28,28672,
2,resolver,2,29,static,1,512,1280,1.625147,0.18614799999999998,2934,264,270336,
2,resolver,2,30,static,0,394,1162,1.55319,0.19347999999999999,2934,264,270336,
2,resolver,2,30,temporal,1,394,1162,1.476269,0.18661399999999997,2934,28,28672,
2,resolver,2,31,temporal,0,4,772,1.613628,0.180146,2934,28,28672,
2,resolver,2,31,static,1,4,772,1.757826,0.28051899999999996,2934,266,272384,
2,resolver,2,32,static,0,698,1466,1.48977,0.180202,2934,264,270336,
2,resolver,2,32,temporal,1,698,1466,1.416118,0.181525,2934,28,28672,
2,resolver,2,33,temporal,0,1206,1974,1.6354410000000001,0.19697100000000006,2934,28,28672,
2,resolver,2,33,static,1,1206,1974,1.7703280000000001,0.41715399999999997,2934,266,272384,
2,resolver,2,34,static,0,713,1481,1.4714839999999998,0.18446199999999996,2934,264,270336,
2,resolver,2,34,temporal,1,713,1481,1.48374,0.18654400000000002,2934,28,28672,
2,resolver,2,35,temporal,0,1131,1899,1.565877,0.19362,2934,28,28672,
2,resolver,2,35,static,1,1131,1899,1.474422,0.18861999999999998,2934,266,272384,
2,resolver,2,36,static,0,1056,1824,1.741619,0.18965200000000002,2934,266,272384,
2,resolver,2,36,temporal,1,1056,1824,1.497216,0.190447,2934,28,28672,
2,resolver,2,37,temporal,0,559,1327,1.790148,0.187912,2934,28,28672,
2,resolver,2,37,static,1,559,1327,2.02218,0.267301,2934,264,270336,
2,resolver,2,38,static,0,898,1666,1.523934,0.187227,2934,266,272384,
2,resolver,2,38,temporal,1,898,1666,1.653976,0.19268599999999997,2934,28,28672,
2,resolver,2,39,temporal,0,493,1261,1.537947,0.187057,2934,28,28672,
2,resolver,2,39,static,1,493,1261,1.4907139999999999,0.187165,2934,265,271360,
2,resolver,2,40,static,0,1078,1846,1.6627129999999999,0.19925699999999996,2934,264,270336,
2,resolver,2,40,temporal,1,1078,1846,1.43201,0.18214799999999998,2934,28,28672,
2,resolver,2,41,temporal,0,52,820,1.5143010000000001,0.19124699999999997,2934,28,28672,
2,resolver,2,41,static,1,52,820,1.425592,0.180516,2934,263,269312,
2,resolver,2,42,static,0,173,941,1.797388,0.37217100000000003,2934,266,272384,
2,resolver,2,42,temporal,1,173,941,1.6788370000000001,0.23465299999999997,2934,28,28672,
2,resolver,2,43,temporal,0,814,1582,1.643774,0.197149,2934,28,28672,
2,resolver,2,43,static,1,814,1582,1.61593,0.189951,2934,266,272384,
2,resolver,2,44,static,0,435,1203,1.953821,0.18802999999999997,2934,264,270336,
2,resolver,2,44,temporal,1,435,1203,1.54557,0.24243600000000004,2934,28,28672,
2,resolver,2,45,temporal,0,1153,1921,1.6970349999999998,0.24447199999999997,2934,28,28672,
2,resolver,2,45,static,1,1153,1921,1.80744,0.18877399999999994,2934,263,269312,
2,resolver,2,46,static,0,903,1671,1.6259219999999999,0.256258,2934,266,272384,
2,resolver,2,46,temporal,1,903,1671,1.5362419999999999,0.24473599999999995,2934,28,28672,
2,resolver,2,47,temporal,0,238,1006,1.723292,0.19318300000000002,2934,28,28672,
2,resolver,2,47,static,1,238,1006,1.676849,0.19144300000000003,2934,265,271360,
2,resolver,2,48,static,0,510,1278,2.209894,0.19299800000000003,2934,264,270336,
2,resolver,2,48,temporal,1,510,1278,2.185652,0.3046540000000001,2934,28,28672,
2,resolver,2,49,temporal,0,74,842,1.516092,0.19134200000000004,2934,28,28672,
2,resolver,2,49,static,1,74,842,1.604921,0.18633900000000003,2934,264,270336,
2,resolver,2,50,static,0,23,791,1.713568,0.18801500000000002,2934,266,272384,
2,resolver,2,50,temporal,1,23,791,5.715673,0.5254620000000001,2934,28,28672,
2,resolver,2,51,temporal,0,337,1105,1.598492,0.24856899999999998,2934,28,28672,
2,resolver,2,51,static,1,337,1105,1.669986,0.18910600000000002,2934,265,271360,
2,resolver,2,52,static,0,1,769,1.7690080000000001,0.185647,2934,265,271360,
2,resolver,2,52,temporal,1,1,769,1.730967,0.339342,2934,28,28672,
2,resolver,2,53,temporal,0,517,1285,1.879704,0.392733,2934,28,28672,
2,resolver,2,53,static,1,517,1285,1.721578,0.24859700000000004,2934,264,270336,
2,resolver,2,54,static,0,407,1175,1.666073,0.19239400000000004,2934,266,272384,
2,resolver,2,54,temporal,1,407,1175,1.818927,0.2632999999999999,2934,28,28672,
2,resolver,2,55,temporal,0,866,1634,1.799553,0.373032,2934,28,28672,
2,resolver,2,55,static,1,866,1634,2.334038,0.36083599999999993,2934,264,270336,
2,resolver,2,56,static,0,877,1645,1.6866780000000001,0.18563100000000005,2934,264,270336,
2,resolver,2,56,temporal,1,877,1645,1.618778,0.18910500000000002,2934,28,28672,
2,resolver,2,57,temporal,0,1199,1967,1.74573,0.18637600000000001,2934,28,28672,
2,resolver,2,57,static,1,1199,1967,1.79446,0.22250599999999995,2934,264,270336,
2,resolver,2,58,static,0,889,1657,1.6728830000000001,0.18618900000000002,2934,266,272384,
2,resolver,2,58,temporal,1,889,1657,1.5388279999999999,0.198307,2934,28,28672,
2,resolver,2,59,temporal,0,362,1130,1.902984,0.20946800000000002,2934,28,28672,
2,resolver,2,59,static,1,362,1130,1.6344599999999998,0.187188,2934,264,270336,
2,resolver,2,60,static,0,388,1156,1.824905,0.37534,2934,264,270336,
2,resolver,2,60,temporal,1,388,1156,1.52425,0.19945700000000002,2934,28,28672,
2,resolver,2,61,temporal,0,92,860,2.0883339999999997,0.35136300000000004,2934,28,28672,
2,resolver,2,61,static,1,92,860,1.614981,0.19516599999999998,2934,266,272384,
2,resolver,2,62,static,0,365,1133,1.683708,0.200541,2934,264,270336,
2,resolver,2,62,temporal,1,365,1133,1.5146719999999998,0.210248,2934,28,28672,
2,resolver,2,63,temporal,0,372,1140,1.60982,0.27761100000000005,2934,28,28672,
2,resolver,2,63,static,1,372,1140,1.6923350000000001,0.4095,2934,263,269312,
2,resolver,2,64,static,0,796,1564,1.5888390000000001,0.18942600000000004,2934,265,271360,
2,resolver,2,64,temporal,1,796,1564,1.492672,0.24864799999999998,2934,28,28672,
2,resolver,2,65,temporal,0,775,1543,2.343048,0.30611000000000005,2934,28,28672,
2,resolver,2,65,static,1,775,1543,1.824287,0.416269,2934,263,269312,
2,resolver,2,66,static,0,1121,1889,1.689868,0.222118,2934,266,272384,
2,resolver,2,66,temporal,1,1121,1889,1.611213,0.34359100000000004,2934,28,28672,
2,resolver,2,67,temporal,0,244,1012,1.713005,0.25124900000000006,2934,28,28672,
2,resolver,2,67,static,1,244,1012,1.5410549999999998,0.19136199999999995,2934,266,272384,
2,resolver,2,68,static,0,603,1371,1.621119,0.24550199999999991,2934,264,270336,
2,resolver,2,68,temporal,1,603,1371,1.8585260000000001,0.44536099999999995,2934,28,28672,
2,resolver,2,69,temporal,0,1037,1805,1.608714,0.18659399999999998,2934,28,28672,
2,resolver,2,69,static,1,1037,1805,1.6205399999999999,0.308779,2934,265,271360,
2,resolver,2,70,static,0,776,1544,1.689978,0.241418,2934,262,268288,
2,resolver,2,70,temporal,1,776,1544,1.459376,0.18996000000000002,2934,28,28672,
2,resolver,2,71,temporal,0,376,1144,1.58146,0.19409999999999997,2934,28,28672,
2,resolver,2,71,static,1,376,1144,1.829937,0.19630399999999998,2934,263,269312,
2,resolver,2,72,static,0,203,971,2.059256,0.19166600000000003,2934,264,270336,
2,resolver,2,72,temporal,1,203,971,1.51531,0.188595,2934,28,28672,
2,resolver,2,73,temporal,0,334,1102,1.696484,0.19741499999999998,2934,28,28672,
2,resolver,2,73,static,1,334,1102,1.532842,0.18761,2934,265,271360,
2,resolver,2,74,static,0,284,1052,1.630082,0.187037,2934,264,270336,
2,resolver,2,74,temporal,1,284,1052,1.522756,0.183574,2934,28,28672,
2,resolver,2,75,temporal,0,329,1097,1.82208,0.19146299999999997,2934,28,28672,
2,resolver,2,75,static,1,329,1097,2.159049,0.374555,2934,266,272384,
2,resolver,2,76,static,0,875,1643,1.650487,0.18684400000000004,2934,264,270336,
2,resolver,2,76,temporal,1,875,1643,1.491663,0.24645500000000004,2934,28,28672,
2,resolver,2,77,temporal,0,524,1292,1.750249,0.366229,2934,28,28672,
2,resolver,2,77,static,1,524,1292,1.614573,0.31745400000000007,2934,264,270336,
2,resolver,2,78,static,0,1038,1806,1.786327,0.18811,2934,264,270336,
2,resolver,2,78,temporal,1,1038,1806,1.540308,0.193314,2934,28,28672,
2,resolver,2,79,temporal,0,729,1497,1.720574,0.191471,2934,28,28672,
2,resolver,2,79,static,1,729,1497,2.022986,0.2525220000000001,2934,266,272384,
2,resolver,2,80,static,0,827,1595,1.737901,0.186236,2934,264,270336,
2,resolver,2,80,temporal,1,827,1595,1.9050829999999999,0.18890099999999999,2934,28,28672,
2,resolver,2,81,temporal,0,15,783,1.694804,0.24334100000000003,2934,28,28672,
2,resolver,2,81,static,1,15,783,2.474816,0.34397300000000003,2934,266,272384,
2,resolver,2,82,static,0,81,849,1.705677,0.194108,2934,266,272384,
2,resolver,2,82,temporal,1,81,849,1.722885,0.337143,2934,28,28672,
2,resolver,2,83,temporal,0,1206,1974,1.777137,0.452333,2934,28,28672,
2,resolver,2,83,static,1,1206,1974,1.8396739999999998,0.183959,2934,266,272384,
2,resolver,2,84,static,0,94,862,1.523482,0.189047,2934,266,272384,
2,resolver,2,84,temporal,1,94,862,1.608155,0.18991300000000003,2934,28,28672,
2,resolver,2,85,temporal,0,907,1675,1.656475,0.23316699999999996,2934,28,28672,
2,resolver,2,85,static,1,907,1675,1.802758,0.18869499999999997,2934,265,271360,
2,resolver,2,86,static,0,688,1456,1.671081,0.22529200000000002,2934,263,269312,
2,resolver,2,86,temporal,1,688,1456,1.611076,0.19148900000000002,2934,28,28672,
2,resolver,2,87,temporal,0,665,1433,1.604603,0.189338,2934,28,28672,
2,resolver,2,87,static,1,665,1433,1.67113,0.187125,2934,265,271360,
2,resolver,2,88,static,0,430,1198,1.493428,0.249666,2934,264,270336,
2,resolver,2,88,temporal,1,430,1198,1.728591,0.18665599999999996,2934,28,28672,
2,resolver,2,89,temporal,0,808,1576,1.479948,0.23451600000000003,2934,28,28672,
2,resolver,2,89,static,1,808,1576,1.756578,0.191494,2934,266,272384,
2,resolver,2,90,static,0,1137,1905,1.517265,0.18799399999999994,2934,266,272384,
2,resolver,2,90,temporal,1,1137,1905,1.655386,0.189606,2934,28,28672,
2,resolver,2,91,temporal,0,1066,1834,1.515923,0.23866200000000007,2934,28,28672,
2,resolver,2,91,static,1,1066,1834,1.602647,0.184222,2934,264,270336,
2,resolver,2,92,static,0,1132,1900,1.5185680000000001,0.18716800000000003,2934,266,272384,
2,resolver,2,92,temporal,1,1132,1900,1.580657,0.18909200000000007,2934,28,28672,
2,resolver,2,93,temporal,0,928,1696,1.4833349999999998,0.18639300000000003,2934,28,28672,
2,resolver,2,93,static,1,928,1696,1.754695,0.18921800000000003,2934,263,269312,
2,resolver,2,94,static,0,335,1103,1.530078,0.19101400000000002,2934,266,272384,
2,resolver,2,94,temporal,1,335,1103,1.663785,0.24791300000000005,2934,28,28672,
2,resolver,2,95,temporal,0,733,1501,1.4946549999999998,0.24996899999999989,2934,28,28672,
2,resolver,2,95,static,1,733,1501,1.600642,0.24713300000000007,2934,266,272384,
2,resolver,2,96,static,0,600,1368,1.8139040000000002,0.28265399999999996,2934,264,270336,
2,resolver,2,96,temporal,1,600,1368,2.13355,0.19617300000000001,2934,28,28672,
2,resolver,2,97,temporal,0,883,1651,1.535194,0.18745499999999998,2934,28,28672,
2,resolver,2,97,static,1,883,1651,1.7097010000000001,0.373388,2934,266,272384,
2,resolver,2,98,static,0,139,907,1.474066,0.18338100000000002,2934,264,270336,
2,resolver,2,98,temporal,1,139,907,1.682406,0.19021200000000002,2934,28,28672,
2,resolver,2,99,temporal,0,1108,1876,1.481411,0.18548200000000004,2934,28,28672,
2,resolver,2,99,static,1,1108,1876,1.8073270000000001,0.44116400000000006,2934,264,270336,
2,resolver,2,100,static,0,1133,1901,2.874717,0.44479100000000005,2934,266,272384,
2,resolver,2,100,temporal,1,1133,1901,1.810605,0.19972099999999998,2934,28,28672,
2,resolver,2,101,temporal,0,458,1226,1.466835,0.18734399999999998,2934,28,28672,
2,resolver,2,101,static,1,458,1226,1.9968849999999998,0.5656919999999999,2934,264,270336,
2,resolver,2,102,static,0,572,1340,1.521723,0.187668,2934,265,271360,
2,resolver,2,102,temporal,1,572,1340,1.6637760000000001,0.194348,2934,28,28672,
2,resolver,2,103,temporal,0,1098,1866,1.4830729999999999,0.18785,2934,28,28672,
2,resolver,2,103,static,1,1098,1866,1.553347,0.18716099999999997,2934,264,270336,
2,resolver,2,104,static,0,318,1086,2.3135679999999996,0.6233879999999998,2934,265,271360,
2,resolver,2,104,temporal,1,318,1086,1.912544,0.354177,2934,28,28672,
2,resolver,2,105,temporal,0,176,944,1.666926,0.267512,2934,28,28672,
2,resolver,2,105,static,1,176,944,1.495673,0.247131,2934,266,272384,
2,resolver,2,106,static,0,354,1122,1.6157560000000002,0.190055,2934,264,270336,
2,resolver,2,106,temporal,1,354,1122,1.65306,0.18797000000000003,2934,28,28672,
2,resolver,2,107,temporal,0,75,843,1.544258,0.184929,2934,28,28672,
2,resolver,2,107,static,1,75,843,1.5261280000000002,0.233589,2934,264,270336,
2,resolver,2,108,static,0,1232,2000,1.754633,0.280659,2934,264,270336,
2,resolver,2,108,temporal,1,1232,2000,1.637051,0.18818300000000002,2934,28,28672,
2,resolver,2,109,temporal,0,928,1696,1.529921,0.188217,2934,28,28672,
2,resolver,2,109,static,1,928,1696,1.5468199999999999,0.187935,2934,263,269312,
2,resolver,2,110,static,0,700,1468,2.3736360000000003,0.8404510000000001,2934,263,269312,
2,resolver,2,110,temporal,1,700,1468,1.545642,0.18753299999999998,2934,28,28672,
2,resolver,2,111,temporal,0,173,941,1.863556,0.49012199999999995,2934,28,28672,
2,resolver,2,111,static,1,173,941,1.529741,0.18641400000000002,2934,266,272384,
2,resolver,2,112,static,0,1003,1771,1.573973,0.257933,2934,264,270336,
2,resolver,2,112,temporal,1,1003,1771,1.781202,0.196131,2934,28,28672,
2,resolver,2,113,temporal,0,1073,1841,1.9781849999999999,0.536272,2934,27,27648,
2,resolver,2,113,static,1,1073,1841,1.657721,0.27886400000000006,2934,263,269312,
2,resolver,2,114,static,0,599,1367,1.618227,0.24433499999999994,2934,264,270336,
2,resolver,2,114,temporal,1,599,1367,1.577145,0.18961000000000003,2934,28,28672,
2,resolver,2,115,temporal,0,1253,2021,1.641317,0.18892299999999998,2934,28,28672,
2,resolver,2,115,static,1,1253,2021,1.5289050000000002,0.18238100000000002,2934,262,268288,
2,resolver,2,116,static,0,232,1000,1.6304150000000002,0.25982000000000005,2934,264,270336,
2,resolver,2,116,temporal,1,232,1000,1.5280770000000001,0.19179,2934,28,28672,
2,resolver,2,117,temporal,0,1126,1894,1.5904980000000002,0.18828499999999998,2934,28,28672,
2,resolver,2,117,static,1,1126,1894,1.480578,0.24071700000000001,2934,267,273408,
2,resolver,2,118,static,0,942,1710,1.875133,0.18666,2934,264,270336,
2,resolver,2,118,temporal,1,942,1710,1.489794,0.24756099999999998,2934,28,28672,
2,resolver,2,119,temporal,0,224,992,1.59034,0.24664099999999997,2934,28,28672,
2,resolver,2,119,static,1,224,992,1.5375059999999998,0.191127,2934,265,271360,
2,resolver,3,0,temporal,0,932,1700,1.696191,0.18920399999999998,2934,28,28672,
2,resolver,3,0,static,1,932,1700,1.706542,0.19084500000000001,2934,263,269312,
2,resolver,3,1,static,0,986,1754,1.5354349999999999,0.240434,2934,265,271360,
2,resolver,3,1,temporal,1,986,1754,1.775577,0.23068400000000006,2934,28,28672,
2,resolver,3,2,temporal,0,1024,1792,1.533726,0.18632900000000002,2934,28,28672,
2,resolver,3,2,static,1,1024,1792,1.540065,0.18511199999999997,2934,265,271360,
2,resolver,3,3,static,0,540,1308,1.469648,0.180939,2934,264,270336,
2,resolver,3,3,temporal,1,540,1308,1.571364,0.18530199999999997,2934,28,28672,
2,resolver,3,4,temporal,0,9,777,1.49959,0.210358,2934,28,28672,
2,resolver,3,4,static,1,9,777,2.108314,0.18268500000000001,2934,266,272384,
2,resolver,3,5,static,0,933,1701,1.680323,0.2718879999999999,2934,262,268288,
2,resolver,3,5,temporal,1,933,1701,1.7531999999999999,0.23697500000000002,2934,28,28672,
2,resolver,3,6,temporal,0,166,934,1.6506159999999999,0.19776399999999997,2934,27,27648,
2,resolver,3,6,static,1,166,934,1.798519,0.187964,2934,266,272384,
2,resolver,3,7,static,0,669,1437,1.6988629999999998,0.19424899999999998,2934,265,271360,
2,resolver,3,7,temporal,1,669,1437,1.560187,0.201316,2934,28,28672,
2,resolver,3,8,temporal,0,1003,1771,1.684271,0.19221699999999997,2934,28,28672,
2,resolver,3,8,static,1,1003,1771,1.650665,0.23935200000000004,2934,264,270336,
2,resolver,3,9,static,0,615,1383,2.068833,0.4960240000000001,2934,263,269312,
2,resolver,3,9,temporal,1,615,1383,1.633888,0.303706,2934,28,28672,
2,resolver,3,10,temporal,0,258,1026,1.709956,0.259353,2934,28,28672,
2,resolver,3,10,static,1,258,1026,1.47984,0.185831,2934,266,272384,
2,resolver,3,11,static,0,21,789,1.5932730000000002,0.19209400000000001,2934,266,272384,
2,resolver,3,11,temporal,1,21,789,1.6258679999999999,0.187311,2934,28,28672,
2,resolver,3,12,temporal,0,1026,1794,1.544941,0.25159699999999996,2934,28,28672,
2,resolver,3,12,static,1,1026,1794,1.5193839999999998,0.186218,2934,264,270336,
2,resolver,3,13,static,0,18,786,2.820148,0.196485,2934,265,271360,
2,resolver,3,13,temporal,1,18,786,1.580756,0.18558300000000005,2934,28,28672,
2,resolver,3,14,temporal,0,1016,1784,1.793347,0.19505099999999997,2934,28,28672,
2,resolver,3,14,static,1,1016,1784,1.640726,0.18298399999999998,2934,263,269312,
2,resolver,3,15,static,0,1206,1974,1.902381,0.20060400000000003,2934,266,272384,
2,resolver,3,15,temporal,1,1206,1974,1.563402,0.19346100000000005,2934,28,28672,
2,resolver,3,16,temporal,0,524,1292,1.748627,0.26976600000000006,2934,28,28672,
2,resolver,3,16,static,1,524,1292,1.5473780000000001,0.190441,2934,264,270336,
2,resolver,3,17,static,0,153,921,1.619858,0.260893,2934,264,270336,
2,resolver,3,17,temporal,1,153,921,1.617186,0.185815,2934,28,28672,
2,resolver,3,18,temporal,0,231,999,1.781015,0.20970499999999997,2934,28,28672,
2,resolver,3,18,static,1,231,999,1.514618,0.18433800000000003,2934,264,270336,
2,resolver,3,19,static,0,285,1053,1.756812,0.257353,2934,264,270336,
2,resolver,3,19,temporal,1,285,1053,1.643891,0.20468299999999998,2934,28,28672,
2,resolver,3,20,temporal,0,1180,1948,1.563456,0.26338100000000003,2934,28,28672,
2,resolver,3,20,static,1,1180,1948,1.470756,0.18553799999999998,2934,264,270336,
2,resolver,3,21,static,0,421,1189,1.5775730000000001,0.315925,2934,265,271360,
2,resolver,3,21,temporal,1,421,1189,1.657797,0.189204,2934,28,28672,
2,resolver,3,22,temporal,0,561,1329,1.868298,0.30203299999999994,2934,27,27648,
2,resolver,3,22,static,1,561,1329,1.934603,0.20802099999999998,2934,265,271360,
2,resolver,3,23,static,0,430,1198,1.868299,0.19418900000000003,2934,264,270336,
2,resolver,3,23,temporal,1,430,1198,2.370279,0.5980620000000001,2934,28,28672,
2,resolver,3,24,temporal,0,489,1257,1.830342,0.19810699999999998,2934,28,28672,
2,resolver,3,24,static,1,489,1257,1.757851,0.187515,2934,266,272384,
2,resolver,3,25,static,0,360,1128,1.7016419999999999,0.18884499999999999,2934,265,271360,
2,resolver,3,25,temporal,1,360,1128,2.1821789999999996,0.20181899999999997,2934,28,28672,
2,resolver,3,26,temporal,0,719,1487,1.7372349999999999,0.189058,2934,28,28672,
2,resolver,3,26,static,1,719,1487,1.6640540000000001,0.3282,2934,265,271360,
2,resolver,3,27,static,0,1190,1958,1.484327,0.23744,2934,263,269312,
2,resolver,3,27,temporal,1,1190,1958,1.72271,0.20811999999999997,2934,27,27648,
2,resolver,3,28,temporal,0,48,816,1.657579,0.18562000000000003,2934,28,28672,
2,resolver,3,28,static,1,48,816,1.518057,0.185568,2934,263,269312,
2,resolver,3,29,static,0,512,1280,1.795975,0.1896,2934,264,270336,
2,resolver,3,29,temporal,1,512,1280,2.12014,0.43250399999999994,2934,28,28672,
2,resolver,3,30,temporal,0,394,1162,1.495628,0.198646,2934,28,28672,
2,resolver,3,30,static,1,394,1162,1.677747,0.26705200000000007,2934,264,270336,
2,resolver,3,31,static,0,4,772,1.5632549999999998,0.179274,2934,266,272384,
2,resolver,3,31,temporal,1,4,772,1.568743,0.18542900000000004,2934,28,28672,
2,resolver,3,32,temporal,0,698,1466,1.568511,0.18562200000000004,2934,28,28672,
2,resolver,3,32,static,1,698,1466,1.577482,0.26614299999999996,2934,264,270336,
2,resolver,3,33,static,0,1206,1974,1.596589,0.21836,2934,266,272384,
2,resolver,3,33,temporal,1,1206,1974,2.267401,0.320129,2934,28,28672,
2,resolver,3,34,temporal,0,713,1481,1.5812899999999999,0.18686200000000003,2934,28,28672,
2,resolver,3,34,static,1,713,1481,1.719003,0.32555300000000004,2934,264,270336,
2,resolver,3,35,static,0,1131,1899,1.473152,0.184612,2934,266,272384,
2,resolver,3,35,temporal,1,1131,1899,1.5840349999999999,0.18737,2934,28,28672,
2,resolver,3,36,temporal,0,1056,1824,1.625396,0.24716000000000007,2934,28,28672,
2,resolver,3,36,static,1,1056,1824,1.666484,0.313026,2934,266,272384,
2,resolver,3,37,static,0,559,1327,1.5798299999999998,0.32843500000000003,2934,264,270336,
2,resolver,3,37,temporal,1,559,1327,1.91384,0.290228,2934,28,28672,
2,resolver,3,38,temporal,0,898,1666,1.566113,0.18699800000000003,2934,28,28672,
2,resolver,3,38,static,1,898,1666,1.678107,0.19038100000000002,2934,266,272384,
2,resolver,3,39,static,0,493,1261,1.5820969999999999,0.18422799999999998,2934,265,271360,
2,resolver,3,39,temporal,1,493,1261,1.8927,0.3251790000000001,2934,28,28672,
2,resolver,3,40,temporal,0,1078,1846,1.464351,0.184683,2934,28,28672,
2,resolver,3,40,static,1,1078,1846,1.814792,0.251967,2934,264,270336,
2,resolver,3,41,static,0,52,820,1.4717440000000002,0.18767,2934,263,269312,
2,resolver,3,41,temporal,1,52,820,1.64324,0.189148,2934,28,28672,
2,resolver,3,42,temporal,0,173,941,2.2125489999999997,0.1902,2934,28,28672,
2,resolver,3,42,static,1,173,941,1.71267,0.18699299999999996,2934,266,272384,
2,resolver,3,43,static,0,814,1582,1.5227769999999998,0.23605499999999996,2934,266,272384,
2,resolver,3,43,temporal,1,814,1582,1.744959,0.18824,2934,28,28672,
2,resolver,3,44,temporal,0,435,1203,1.8884539999999999,0.22513000000000002,2934,28,28672,
2,resolver,3,44,static,1,435,1203,1.705053,0.189973,2934,264,270336,
2,resolver,3,45,static,0,1153,1921,1.538965,0.18781899999999999,2934,263,269312,
2,resolver,3,45,temporal,1,1153,1921,1.616356,0.189157,2934,28,28672,
2,resolver,3,46,temporal,0,903,1671,1.9887989999999998,0.267489,2934,28,28672,
2,resolver,3,46,static,1,903,1671,1.693495,0.25971900000000003,2934,266,272384,
2,resolver,3,47,static,0,238,1006,1.747038,0.18656799999999996,2934,265,271360,
2,resolver,3,47,temporal,1,238,1006,1.601933,0.183251,2934,28,28672,
2,resolver,3,48,temporal,0,510,1278,1.660797,0.185229,2934,28,28672,
2,resolver,3,48,static,1,510,1278,1.717496,0.18688799999999997,2934,264,270336,
2,resolver,3,49,static,0,74,842,1.487152,0.18685900000000003,2934,264,270336,
2,resolver,3,49,temporal,1,74,842,1.9927460000000001,0.18728299999999998,2934,28,28672,
2,resolver,3,50,temporal,0,23,791,1.598367,0.186886,2934,28,28672,
2,resolver,3,50,static,1,23,791,1.9894100000000001,0.3569819999999999,2934,266,272384,
2,resolver,3,51,static,0,337,1105,1.937664,0.243267,2934,265,271360,
2,resolver,3,51,temporal,1,337,1105,1.826416,0.188376,2934,28,28672,
2,resolver,3,52,temporal,0,1,769,1.924166,0.19109199999999996,2934,28,28672,
2,resolver,3,52,static,1,1,769,1.6506960000000002,0.18751199999999998,2934,265,271360,
2,resolver,3,53,static,0,517,1285,1.5706749999999998,0.19046400000000002,2934,264,270336,
2,resolver,3,53,temporal,1,517,1285,1.529971,0.22424200000000005,2934,28,28672,
2,resolver,3,54,temporal,0,407,1175,2.158951,0.20476399999999997,2934,28,28672,
2,resolver,3,54,static,1,407,1175,1.630581,0.18635100000000002,2934,266,272384,
2,resolver,3,55,static,0,866,1634,1.9231630000000002,0.3766139999999999,2934,264,270336,
2,resolver,3,55,temporal,1,866,1634,1.568943,0.18634500000000004,2934,28,28672,
2,resolver,3,56,temporal,0,877,1645,1.632792,0.185056,2934,28,28672,
2,resolver,3,56,static,1,877,1645,1.5479260000000001,0.18664799999999998,2934,264,270336,
2,resolver,3,57,static,0,1199,1967,1.707338,0.25142800000000004,2934,264,270336,
2,resolver,3,57,temporal,1,1199,1967,1.5206810000000002,0.18832600000000002,2934,28,28672,
2,resolver,3,58,temporal,0,889,1657,2.0807249999999997,0.188282,2934,28,28672,
2,resolver,3,58,static,1,889,1657,1.489735,0.18919899999999998,2934,266,272384,
2,resolver,3,59,static,0,362,1130,1.7346110000000001,0.18760899999999997,2934,264,270336,
2,resolver,3,59,temporal,1,362,1130,1.504188,0.260983,2934,28,28672,
2,resolver,3,60,temporal,0,388,1156,1.626231,0.24562,2934,28,28672,
2,resolver,3,60,static,1,388,1156,1.6706169999999998,0.190409,2934,264,270336,
2,resolver,3,61,static,0,92,860,1.687449,0.18818900000000005,2934,266,272384,
2,resolver,3,61,temporal,1,92,860,1.536165,0.18703799999999995,2934,28,28672,
2,resolver,3,62,temporal,0,365,1133,1.8324470000000002,0.191546,2934,28,28672,
2,resolver,3,62,static,1,365,1133,1.6585,0.22914099999999998,2934,264,270336,
2,resolver,3,63,static,0,372,1140,1.88466,0.34019199999999994,2934,263,269312,
2,resolver,3,63,temporal,1,372,1140,1.747206,0.26207199999999997,2934,28,28672,
2,resolver,3,64,temporal,0,796,1564,1.743198,0.18599800000000002,2934,28,28672,
2,resolver,3,64,static,1,796,1564,1.5779509999999999,0.184089,2934,265,271360,
2,resolver,3,65,static,0,775,1543,1.621539,0.183418,2934,263,269312,
2,resolver,3,65,temporal,1,775,1543,1.482437,0.18306799999999998,2934,28,28672,
2,resolver,3,66,temporal,0,1121,1889,1.6969400000000001,0.23361799999999996,2934,28,28672,
2,resolver,3,66,static,1,1121,1889,1.483185,0.23970999999999998,2934,266,272384,
2,resolver,3,67,static,0,244,1012,1.7182689999999998,0.24124,2934,266,272384,
2,resolver,3,67,temporal,1,244,1012,1.537471,0.19073400000000001,2934,28,28672,
2,resolver,3,68,temporal,0,603,1371,1.754687,0.310761,2934,28,28672,
2,resolver,3,68,static,1,603,1371,1.536709,0.18916399999999997,2934,264,270336,
2,resolver,3,69,static,0,1037,1805,1.6231710000000001,0.23735499999999998,2934,265,271360,
2,resolver,3,69,temporal,1,1037,1805,1.5343259999999999,0.235448,2934,28,28672,
2,resolver,3,70,temporal,0,776,1544,1.643054,0.26456300000000005,2934,28,28672,
2,resolver,3,70,static,1,776,1544,1.514392,0.18784499999999996,2934,262,268288,
2,resolver,3,71,static,0,376,1144,1.585641,0.187682,2934,263,269312,
2,resolver,3,71,temporal,1,376,1144,1.507038,0.258013,2934,28,28672,
2,resolver,3,72,temporal,0,203,971,1.905641,0.26986299999999996,2934,28,28672,
2,resolver,3,72,static,1,203,971,1.471951,0.23979,2934,264,270336,
2,resolver,3,73,static,0,334,1102,1.591071,0.24091200000000004,2934,265,271360,
2,resolver,3,73,temporal,1,334,1102,1.570856,0.191081,2934,28,28672,
2,resolver,3,74,temporal,0,284,1052,1.6287280000000002,0.20174700000000004,2934,28,28672,
2,resolver,3,74,static,1,284,1052,1.556773,0.23832599999999998,2934,264,270336,
2,resolver,3,75,static,0,329,1097,1.997046,0.194668,2934,266,272384,
2,resolver,3,75,temporal,1,329,1097,1.740721,0.189372,2934,28,28672,
2,resolver,3,76,temporal,0,875,1643,1.72315,0.20322400000000004,2934,28,28672,
2,resolver,3,76,static,1,875,1643,1.57124,0.18704299999999996,2934,264,270336,
2,resolver,3,77,static,0,524,1292,1.6742199999999998,0.290206,2934,264,270336,
2,resolver,3,77,temporal,1,524,1292,1.7992920000000001,0.248687,2934,28,28672,
2,resolver,3,78,temporal,0,1038,1806,1.84887,0.210785,2934,28,28672,
2,resolver,3,78,static,1,1038,1806,1.543714,0.24019,2934,264,270336,
2,resolver,3,79,static,0,729,1497,1.9826840000000001,0.28850200000000004,2934,266,272384,
2,resolver,3,79,temporal,1,729,1497,1.672284,0.28838100000000005,2934,28,28672,
2,resolver,3,80,temporal,0,827,1595,1.563692,0.190526,2934,28,28672,
2,resolver,3,80,static,1,827,1595,1.487148,0.18899899999999997,2934,264,270336,
2,resolver,3,81,static,0,15,783,1.637918,0.253616,2934,266,272384,
2,resolver,3,81,temporal,1,15,783,1.5893599999999999,0.24471500000000002,2934,28,28672,
2,resolver,3,82,temporal,0,81,849,1.6495520000000001,0.257137,2934,28,28672,
2,resolver,3,82,static,1,81,849,1.5364650000000002,0.23844200000000002,2934,266,272384,
2,resolver,3,83,static,0,1206,1974,2.0285189999999997,0.23419999999999996,2934,266,272384,
2,resolver,3,83,temporal,1,1206,1974,1.571561,0.19275100000000003,2934,28,28672,
2,resolver,3,84,temporal,0,94,862,2.310872,0.29024800000000006,2934,28,28672,
2,resolver,3,84,static,1,94,862,1.482869,0.184805,2934,266,272384,
2,resolver,3,85,static,0,907,1675,2.5530779999999997,0.22404000000000002,2934,265,271360,
2,resolver,3,85,temporal,1,907,1675,1.8012329999999999,0.199297,2934,28,28672,
2,resolver,3,86,temporal,0,688,1456,1.489756,0.188588,2934,28,28672,
2,resolver,3,86,static,1,688,1456,1.7611739999999998,0.188312,2934,263,269312,
2,resolver,3,87,static,0,665,1433,1.7612750000000001,0.185026,2934,265,271360,
2,resolver,3,87,temporal,1,665,1433,1.751692,0.19077399999999994,2934,28,28672,
2,resolver,3,88,temporal,0,430,1198,1.632394,0.299646,2934,28,28672,
2,resolver,3,88,static,1,430,1198,1.854851,0.19036500000000003,2934,264,270336,
2,resolver,3,89,static,0,808,1576,1.530375,0.18354900000000002,2934,266,272384,
2,resolver,3,89,temporal,1,808,1576,1.743587,0.20937299999999998,2934,28,28672,
2,resolver,3,90,temporal,0,1137,1905,1.472093,0.18764500000000003,2934,28,28672,
2,resolver,3,90,static,1,1137,1905,1.760479,0.25795,2934,266,272384,
2,resolver,3,91,static,0,1066,1834,1.585469,0.184637,2934,264,270336,
2,resolver,3,91,temporal,1,1066,1834,1.848403,0.35365099999999994,2934,28,28672,
2,resolver,3,92,temporal,0,1132,1900,1.853645,0.3018330000000001,2934,28,28672,
2,resolver,3,92,static,1,1132,1900,1.8111220000000001,0.18780400000000003,2934,266,272384,
2,resolver,3,93,static,0,928,1696,1.65117,0.23167700000000002,2934,263,269312,
2,resolver,3,93,temporal,1,928,1696,1.633105,0.18651099999999998,2934,28,28672,
2,resolver,3,94,temporal,0,335,1103,1.544768,0.18681199999999998,2934,28,28672,
2,resolver,3,94,static,1,335,1103,1.659291,0.277187,2934,266,272384,
2,resolver,3,95,static,0,733,1501,1.48348,0.184869,2934,266,272384,
2,resolver,3,95,temporal,1,733,1501,1.6252650000000002,0.20723800000000003,2934,28,28672,
2,resolver,3,96,temporal,0,600,1368,1.714428,0.35290600000000005,2934,28,28672,
2,resolver,3,96,static,1,600,1368,2.2776099999999997,0.41645499999999996,2934,264,270336,
2,resolver,3,97,static,0,883,1651,1.622668,0.308161,2934,266,272384,
2,resolver,3,97,temporal,1,883,1651,3.211626,0.204387,2934,28,28672,
2,resolver,3,98,temporal,0,139,907,2.401954,0.195725,2934,28,28672,
2,resolver,3,98,static,1,139,907,3.8498930000000002,0.187913,2934,264,270336,
2,resolver,3,99,static,0,1108,1876,1.775444,0.34644199999999997,2934,264,270336,
2,resolver,3,99,temporal,1,1108,1876,1.489473,0.18903099999999998,2934,28,28672,
2,resolver,3,100,temporal,0,1133,1901,1.886245,0.423608,2934,28,28672,
2,resolver,3,100,static,1,1133,1901,1.498791,0.18700099999999997,2934,266,272384,
2,resolver,3,101,static,0,458,1226,1.754545,0.19695599999999996,2934,264,270336,
2,resolver,3,101,temporal,1,458,1226,1.748122,0.186222,2934,28,28672,
2,resolver,3,102,temporal,0,572,1340,2.654452,0.19248499999999993,2934,28,28672,
2,resolver,3,102,static,1,572,1340,1.91371,0.280407,2934,265,271360,
2,resolver,3,103,static,0,1098,1866,1.6838039999999999,0.19258500000000003,2934,264,270336,
2,resolver,3,103,temporal,1,1098,1866,1.804608,0.34113299999999996,2934,28,28672,
2,resolver,3,104,temporal,0,318,1086,1.536984,0.238979,2934,28,28672,
2,resolver,3,104,static,1,318,1086,1.635937,0.18141000000000002,2934,265,271360,
2,resolver,3,105,static,0,176,944,1.578778,0.184902,2934,266,272384,
2,resolver,3,105,temporal,1,176,944,2.737345,0.628775,2934,28,28672,
2,resolver,3,106,temporal,0,354,1122,1.677935,0.279445,2934,28,28672,
2,resolver,3,106,static,1,354,1122,1.864361,0.185871,2934,264,270336,
2,resolver,3,107,static,0,75,843,1.530465,0.182664,2934,264,270336,
2,resolver,3,107,temporal,1,75,843,1.713136,0.18216,2934,28,28672,
2,resolver,3,108,temporal,0,1232,2000,1.623401,0.18146199999999998,2934,28,28672,
2,resolver,3,108,static,1,1232,2000,1.866663,0.373411,2934,264,270336,
2,resolver,3,109,static,0,928,1696,1.600893,0.188242,2934,263,269312,
2,resolver,3,109,temporal,1,928,1696,2.010602,0.20205099999999998,2934,28,28672,
2,resolver,3,110,temporal,0,700,1468,1.784824,0.186432,2934,28,28672,
2,resolver,3,110,static,1,700,1468,1.7318609999999999,0.184857,2934,263,269312,
2,resolver,3,111,static,0,173,941,1.731692,0.257975,2934,266,272384,
2,resolver,3,111,temporal,1,173,941,1.714756,0.18457099999999999,2934,28,28672,
2,resolver,3,112,temporal,0,1003,1771,1.571279,0.18286199999999997,2934,28,28672,
2,resolver,3,112,static,1,1003,1771,1.782507,0.23637099999999997,2934,264,270336,
2,resolver,3,113,static,0,1073,1841,1.497373,0.18642399999999998,2934,263,269312,
2,resolver,3,113,temporal,1,1073,1841,1.949667,0.27520500000000003,2934,27,27648,
2,resolver,3,114,temporal,0,599,1367,1.544562,0.186197,2934,28,28672,
2,resolver,3,114,static,1,599,1367,1.673921,0.302925,2934,264,270336,
2,resolver,3,115,static,0,1253,2021,1.543318,0.183638,2934,262,268288,
2,resolver,3,115,temporal,1,1253,2021,1.6673689999999999,0.18516600000000003,2934,28,28672,
2,resolver,3,116,temporal,0,232,1000,1.5632949999999999,0.19764799999999996,2934,28,28672,
2,resolver,3,116,static,1,232,1000,1.770599,0.190204,2934,264,270336,
2,resolver,3,117,static,0,1126,1894,1.706972,0.188752,2934,267,273408,
2,resolver,3,117,temporal,1,1126,1894,1.626141,0.19557599999999997,2934,28,28672,
2,resolver,3,118,temporal,0,942,1710,1.6397689999999998,0.19217900000000002,2934,28,28672,
2,resolver,3,118,static,1,942,1710,1.509115,0.19288999999999998,2934,264,270336,
2,resolver,3,119,static,0,224,992,1.479041,0.18478599999999998,2934,265,271360,
2,resolver,3,119,temporal,1,224,992,1.746503,0.18473,2934,28,28672,
2,full,0,0,static,0,932,1700,470.133988,0.9060000000000001,35702,263,269312,-128.89151964409507
2,full,0,0,temporal,1,932,1700,2.191399,0.361018,35702,28,28672,-128.89151964409507
2,full,0,1,temporal,0,986,1754,2.1878140000000004,0.379489,35702,28,28672,-216.1825482251916
2,full,0,1,static,1,986,1754,2.0723540000000003,0.41985999999999996,35702,265,271360,-216.1825482251916
2,full,0,2,static,0,1024,1792,2.234906,0.5698679999999999,35702,265,271360,-178.54661235659518
2,full,0,2,temporal,1,1024,1792,2.248827,0.420567,35702,28,28672,-178.54661235659518
2,full,0,3,temporal,0,540,1308,2.9588650000000003,0.861048,35702,28,28672,-64.42694054820156
2,full,0,3,static,1,540,1308,2.195859,0.36456600000000006,35702,264,270336,-64.42694054820156
2,full,0,4,static,0,9,777,2.42204,0.36044699999999996,35702,266,272384,133.8070028710431
2,full,0,4,temporal,1,9,777,2.187672,0.44351099999999993,35702,28,28672,133.8070028710431
2,full,0,5,temporal,0,933,1701,2.600455,0.5735809999999999,35702,28,28672,-131.33407469793312
2,full,0,5,static,1,933,1701,2.762604,0.9670810000000002,35702,262,268288,-131.33407469793312
2,full,0,6,static,0,166,934,2.284031,0.5977699999999999,35702,266,272384,-71.55373290697945
2,full,0,6,temporal,1,166,934,2.865231,0.41811199999999993,35702,27,27648,-71.55373290697945
2,full,0,7,temporal,0,669,1437,2.271737,0.42251700000000003,35702,28,28672,-116.13079642960459
2,full,0,7,static,1,669,1437,2.263124,0.363831,35702,265,271360,-116.13079642960459
2,full,0,8,static,0,1003,1771,2.382185,0.44159499999999996,35702,264,270336,-212.24225208712133
2,full,0,8,temporal,1,1003,1771,2.421653,0.49224299999999993,35702,28,28672,-212.24225208712133
2,full,0,9,temporal,0,615,1383,2.6617450000000002,0.653539,35702,28,28672,-244.06798176021286
2,full,0,9,static,1,615,1383,2.101524,0.397276,35702,263,269312,-244.06798176021286
2,full,0,10,static,0,258,1026,2.267302,0.41632399999999997,35702,266,272384,-219.92116318415518
2,full,0,10,temporal,1,258,1026,2.1331599999999997,0.360397,35702,28,28672,-219.92116318415518
2,full,0,11,temporal,0,21,789,2.133748,0.41214700000000004,35702,28,28672,157.2991755462777
2,full,0,11,static,1,21,789,2.625292,0.49747699999999995,35702,266,272384,157.2991755462777
2,full,0,12,static,0,1026,1794,2.4238779999999998,0.408479,35702,264,270336,-173.65307259578958
2,full,0,12,temporal,1,1026,1794,1.9847329999999999,0.347146,35702,28,28672,-173.65307259578958
2,full,0,13,temporal,0,18,786,2.2588410000000003,0.377379,35702,28,28672,151.72050262562246
2,full,0,13,static,1,18,786,2.218147,0.366684,35702,265,271360,151.72050262562246
2,full,0,14,static,0,1016,1784,2.1793989999999996,0.39997799999999994,35702,263,269312,-195.22530412854437
2,full,0,14,temporal,1,1016,1784,2.1488050000000003,0.37515600000000004,35702,28,28672,-195.22530412854437
2,full,0,15,temporal,0,1206,1974,2.335953,0.550495,35702,28,28672,138.7586014750798
2,full,0,15,static,1,1206,1974,2.2985599999999997,0.38243599999999994,35702,266,272384,138.7586014750798
2,full,0,16,static,0,524,1292,2.455127,0.40122399999999997,35702,264,270336,-6.455350305757601
2,full,0,16,temporal,1,524,1292,2.7812599999999996,1.0352559999999997,35702,28,28672,-6.455350305757601
2,full,0,17,temporal,0,153,921,2.0924060000000004,0.36482200000000004,35702,28,28672,-13.612228886100716
2,full,0,17,static,1,153,921,2.321842,0.36914399999999997,35702,264,270336,-13.612228886100716
2,full,0,18,static,0,231,999,2.232213,0.36901700000000004,35702,264,270336,-248.278504676328
2,full,0,18,temporal,1,231,999,2.042913,0.360037,35702,28,28672,-248.278504676328
2,full,0,19,temporal,0,285,1053,2.245772,0.370671,35702,28,28672,-138.71161618630668
2,full,0,19,static,1,285,1053,2.3489050000000002,0.448693,35702,264,270336,-138.71161618630668
2,full,0,20,static,0,1180,1948,2.166659,0.360541,35702,264,270336,213.41343865723985
2,full,0,20,temporal,1,1180,1948,2.190132,0.36160299999999995,35702,28,28672,213.41343865723985
2,full,0,21,temporal,0,421,1189,2.1829240000000003,0.364673,35702,28,28672,186.97757391504013
2,full,0,21,static,1,421,1189,2.0512,0.40670300000000004,35702,265,271360,186.97757391504013
2,full,0,22,static,0,561,1329,2.164392,0.438964,35702,265,271360,-140.00305668870342
2,full,0,22,temporal,1,561,1329,2.366139,0.358771,35702,27,27648,-140.00305668870342
2,full,0,23,temporal,0,430,1198,2.090096,0.404234,35702,28,28672,184.14367650354794
2,full,0,23,static,1,430,1198,2.1418719999999998,0.42671499999999996,35702,264,270336,184.14367650354794
2,full,0,24,static,0,489,1257,2.600729,0.49340000000000006,35702,266,272384,99.74243982689951
2,full,0,24,temporal,1,489,1257,2.494869,0.357405,35702,28,28672,99.74243982689951
2,full,0,25,temporal,0,360,1128,2.527428,0.4187759999999999,35702,28,28672,125.51251331258617
2,full,0,25,static,1,360,1128,2.3347580000000003,0.586927,35702,265,271360,125.51251331258617
2,full,0,26,static,0,719,1487,2.238467,0.39291300000000007,35702,265,271360,103.8538242223047
2,full,0,26,temporal,1,719,1487,2.192737,0.356537,35702,28,28672,103.8538242223047
2,full,0,27,temporal,0,1190,1958,3.1557310000000003,1.260522,35702,27,27648,188.67147484602395
2,full,0,27,static,1,1190,1958,2.4726399999999997,0.44383500000000004,35702,263,269312,188.67147484602395
2,full,0,28,static,0,48,816,2.1941159999999997,0.37209,35702,263,269312,195.80996510912468
2,full,0,28,temporal,1,48,816,2.2934740000000002,0.414977,35702,28,28672,195.80996510912468
2,full,0,29,temporal,0,512,1280,2.283077,0.360371,35702,28,28672,34.06952676770391
2,full,0,29,static,1,512,1280,2.13983,0.35203899999999994,35702,264,270336,34.06952676770391
2,full,0,30,static,0,394,1162,2.6999989999999996,0.458237,35702,264,270336,178.66928248152112
2,full,0,30,temporal,1,394,1162,2.512575,0.42823300000000003,35702,28,28672,178.66928248152112
2,full,0,31,temporal,0,4,772,2.0342390000000004,0.36708899999999994,35702,28,28672,123.17108841893915
2,full,0,31,static,1,4,772,2.483745,0.4854180000000001,35702,266,272384,123.17108841893915
2,full,0,32,static,0,698,1466,2.8921200000000002,0.36092500000000005,35702,264,270336,14.33856886440937
2,full,0,32,temporal,1,698,1466,2.341679,0.366212,35702,28,28672,14.33856886440937
2,full,0,33,temporal,0,1206,1974,2.035738,0.35746,35702,28,28672,138.7586014750798
2,full,0,33,static,1,1206,1974,2.5202739999999997,0.376701,35702,266,272384,138.7586014750798
2,full,0,34,static,0,713,1481,3.403089,0.9592629999999999,35702,264,270336,79.90134622067721
2,full,0,34,temporal,1,713,1481,2.395707,0.37477900000000003,35702,28,28672,79.90134622067721
2,full,0,35,temporal,0,1131,1899,2.045352,0.3553030000000001,35702,28,28672,222.4772167646171
2,full,0,35,static,1,1131,1899,2.34064,0.40577699999999994,35702,266,272384,222.4772167646171
2,full,0,36,static,0,1056,1824,2.072385,0.3602490000000001,35702,266,272384,-70.08850019364465
2,full,0,36,temporal,1,1056,1824,2.102331,0.36156099999999997,35702,28,28672,-70.08850019364465
2,full,0,37,temporal,0,559,1327,2.453064,0.37510399999999994,35702,28,28672,-133.13724617456643
2,full,0,37,static,1,559,1327,2.036974,0.35973999999999995,35702,264,270336,-133.13724617456643
2,full,0,38,static,0,898,1666,2.047036,0.411404,35702,266,272384,-39.834798714834534
2,full,0,38,temporal,1,898,1666,2.1925600000000003,0.42485400000000006,35702,28,28672,-39.834798714834534
2,full,0,39,temporal,0,493,1261,2.080728,0.369561,35702,28,28672,89.61987157301787
2,full,0,39,static,1,493,1261,2.187687,0.426577,35702,265,271360,89.61987157301787
2,full,0,40,static,0,1078,1846,2.460015,0.4547060000000001,35702,264,270336,28.67386967721174
2,full,0,40,temporal,1,1078,1846,2.5006820000000003,0.40100800000000003,35702,28,28672,28.67386967721174
2,full,0,41,temporal,0,52,820,2.440578,0.452422,35702,28,28672,199.25904674345787
2,full,0,41,static,1,52,820,2.346165,0.468988,35702,263,269312,199.25904674345787
2,full,0,42,static,0,173,941,2.557005,0.37203800000000004,35702,266,272384,-101.93271596363299
2,full,0,42,temporal,1,173,941,2.063567,0.36823700000000004,35702,28,28672,-101.93271596363299
2,full,0,43,temporal,0,814,1582,2.447747,0.417787,35702,28,28672,174.96417984494377
2,full,0,43,static,1,814,1582,2.429582,0.6083440000000001,35702,266,272384,174.96417984494377
2,full,0,44,static,0,435,1203,4.200644,0.4158960000000001,35702,264,270336,181.4449673814679
2,full,0,44,temporal,1,435,1203,2.678117,0.39077399999999995,35702,28,28672,181.4449673814679
2,full,0,45,temporal,0,1153,1921,3.755775,0.908827,35702,28,28672,244.08739719781872
2,full,0,45,static,1,1153,1921,2.5560829999999997,0.41016700000000006,35702,263,269312,244.08739719781872
2,full,0,46,static,0,903,1671,2.402546,0.733873,35702,266,272384,-53.356039055480316
2,full,0,46,temporal,1,903,1671,2.835828,0.972158,35702,28,28672,-53.356039055480316
2,full,0,47,temporal,0,238,1006,2.623308,0.40542799999999996,35702,28,28672,-247.08829200577625
2,full,0,47,static,1,238,1006,2.95246,0.705723,35702,265,271360,-247.08829200577625
2,full,0,48,static,0,510,1278,2.0799350000000003,0.43250000000000005,35702,264,270336,40.45785749438776
2,full,0,48,temporal,1,510,1278,2.2482689999999996,0.361465,35702,28,28672,40.45785749438776
2,full,0,49,temporal,0,74,842,2.350339,0.420126,35702,28,28672,204.13039866695442
2,full,0,49,static,1,74,842,2.046946,0.41614500000000004,35702,264,270336,204.13039866695442
2,full,0,50,static,0,23,791,2.249406,0.369327,35702,266,272384,160.89841954372153
2,full,0,50,temporal,1,23,791,2.4222580000000002,0.43811399999999995,35702,28,28672,160.89841954372153
2,full,0,51,temporal,0,337,1105,2.396294,0.36994499999999997,35702,28,28672,59.697882190795006
2,full,0,51,static,1,337,1105,2.427715,0.370808,35702,265,271360,59.697882190795006
2,full,0,52,static,0,1,769,2.171083,0.530258,35702,265,271360,116.57760762526533
2,full,0,52,temporal,1,1,769,2.054398,0.36758599999999997,35702,28,28672,116.57760762526533
2,full,0,53,temporal,0,517,1285,2.351952,0.401492,35702,28,28672,17.61264268276998
2,full,0,53,static,1,517,1285,2.16786,0.356673,35702,264,270336,17.61264268276998
2,full,0,54,static,0,407,1175,2.10626,0.34552299999999997,35702,266,272384,185.98877202256548
2,full,0,54,temporal,1,407,1175,2.3154920000000003,0.40271999999999997,35702,28,28672,185.98877202256548
2,full,0,55,temporal,0,866,1634,2.025129,0.36261599999999994,35702,28,28672,47.15174156073452
2,full,0,55,static,1,866,1634,2.036896,0.409573,35702,264,270336,47.15174156073452
2,full,0,56,static,0,877,1645,2.215567,0.440159,35702,264,270336,17.304144164302727
2,full,0,56,temporal,1,877,1645,2.2401299999999997,0.36874799999999996,35702,28,28672,17.304144164302727
2,full,0,57,temporal,0,1199,1967,2.155505,0.362658,35702,28,28672,161.86192194466838
2,full,0,57,static,1,1199,1967,2.185235,0.42708899999999994,35702,264,270336,161.86192194466838
2,full,0,58,static,0,889,1657,2.134501,0.387131,35702,266,272384,-15.377266773144266
2,full,0,58,temporal,1,889,1657,2.226185,0.3716249999999999,35702,28,28672,-15.377266773144266
2,full,0,59,temporal,0,362,1130,2.265763,0.44227599999999995,35702,28,28672,130.11064063420324
2,full,0,59,static,1,362,1130,2.0395130000000004,0.366876,35702,264,270336,130.11064063420324
2,full,0,60,static,0,388,1156,2.49202,0.605349,35702,264,270336,173.01738943857728
2,full,0,60,temporal,1,388,1156,2.60736,0.6458860000000001,35702,28,28672,173.01738943857728
2,full,0,61,temporal,0,92,860,2.0510070000000002,0.36917700000000003,35702,28,28672,187.00309934378427
2,full,0,61,static,1,92,860,2.1396129999999998,0.4194399999999999,35702,266,272384,187.00309934378427
2,full,0,62,static,0,365,1133,2.442558,0.5357940000000001,35702,264,270336,136.65597964423802
2,full,0,62,temporal,1,365,1133,2.025514,0.41078000000000003,35702,28,28672,136.65597964423802
2,full,0,63,temporal,0,372,1140,2.2176880000000003,0.35987699999999995,35702,28,28672,150.2868273047182
2,full,0,63,static,1,372,1140,2.8130759999999997,0.9977859999999998,35702,263,269312,150.2868273047182
2,full,0,64,static,0,796,1564,2.10028,0.395969,35702,265,271360,203.9131611215396
2,full,0,64,temporal,1,796,1564,2.000223,0.357621,35702,28,28672,203.9131611215396
2,full,0,65,temporal,0,775,1543,2.156714,0.44232599999999994,35702,28,28672,216.94688901395486
2,full,0,65,static,1,775,1543,2.027554,0.41244299999999995,35702,263,269312,216.94688901395486
2,full,0,66,static,0,1121,1889,2.5579579999999997,0.38982199999999995,35702,266,272384,198.79177445253742
2,full,0,66,temporal,1,1121,1889,2.434942,0.36381299999999994,35702,28,28672,198.79177445253742
2,full,0,67,temporal,0,244,1012,2.020871,0.373633,35702,28,28672,-242.5235168546493
2,full,0,67,static,1,244,1012,2.226233,0.37205099999999997,35702,266,272384,-242.5235168546493
2,full,0,68,static,0,603,1371,2.24085,0.564968,35702,264,270336,-239.14193162775652
2,full,0,68,temporal,1,603,1371,2.033868,0.36865000000000003,35702,28,28672,-239.14193162775652
2,full,0,69,temporal,0,1037,1805,2.173845,0.355491,35702,28,28672,-141.82824968575744
2,full,0,69,static,1,1037,1805,4.143043,2.4354999999999993,35702,265,271360,-141.82824968575744
2,full,0,70,static,0,776,1544,3.007278,0.532689,35702,262,268288,216.9441252978419
2,full,0,70,temporal,1,776,1544,2.493277,0.37378900000000004,35702,28,28672,216.9441252978419
2,full,0,71,temporal,0,376,1144,2.575047,0.47225200000000006,35702,28,28672,157.0522956021241
2,full,0,71,static,1,376,1144,3.505337,0.364223,35702,263,269312,157.0522956021241
2,full,0,72,static,0,203,971,3.24629,0.44829499999999994,35702,264,270336,-208.55629601807433
2,full,0,72,temporal,1,203,971,2.280537,0.382922,35702,28,28672,-208.55629601807433
2,full,0,73,temporal,0,334,1102,2.150653,0.36788299999999996,35702,28,28672,49.50956730027103
2,full,0,73,static,1,334,1102,2.305699,0.36633,35702,265,271360,49.50956730027103
2,full,0,74,static,0,284,1052,2.4540859999999998,0.36421700000000007,35702,264,270336,-142.3548132139245
2,full,0,74,temporal,1,284,1052,2.096939,0.4383890000000001,35702,28,28672,-142.3548132139245
2,full,0,75,temporal,0,329,1097,2.220559,0.3659509999999999,35702,28,28672,31.84170900676348
2,full,0,75,static,1,329,1097,2.604667,0.597803,35702,266,272384,31.84170900676348
2,full,0,76,static,0,875,1643,3.032874,0.556872,35702,264,270336,22.744817101359143
2,full,0,76,temporal,1,875,1643,2.2151739999999998,0.465909,35702,28,28672,22.744817101359143
2,full,0,77,temporal,0,524,1292,2.521387,0.41752600000000006,35702,28,28672,-6.455350305757601
2,full,0,77,static,1,524,1292,2.686169,0.6931400000000001,35702,264,270336,-6.455350305757601
2,full,0,78,static,0,1038,1806,2.051018,0.358694,35702,264,270336,-138.54400842191143
2,full,0,78,temporal,1,1038,1806,2.225827,0.35567,35702,28,28672,-138.54400842191143
2,full,0,79,temporal,0,729,1497,2.307357,0.461125,35702,28,28672,139.66125854483164
2,full,0,79,static,1,729,1497,2.003127,0.3403899999999999,35702,266,272384,139.66125854483164
2,full,0,80,static,0,827,1595,2.4112999999999998,0.36151,35702,264,270336,147.13250685287332
2,full,0,80,temporal,1,827,1595,2.908975,0.41844800000000004,35702,28,28672,147.13250685287332
2,full,0,81,temporal,0,15,783,2.608537,0.48361800000000005,35702,28,28672,145.9377130855222
2,full,0,81,static,1,15,783,2.150364,0.36135799999999996,35702,266,272384,145.9377130855222
2,full,0,82,static,0,81,849,2.16956,0.43849499999999997,35702,266,272384,199.92045136799956
2,full,0,82,temporal,1,81,849,2.5845130000000003,0.5649959999999999,35702,28,28672,199.92045136799956
2,full,0,83,temporal,0,1206,1974,2.542268,0.423052,35702,28,28672,138.7586014750798
2,full,0,83,static,1,1206,1974,2.048641,0.35969499999999993,35702,266,272384,138.7586014750798
2,full,0,84,static,0,94,862,2.135101,0.37159200000000003,35702,266,272384,183.80180926144706
2,full,0,84,temporal,1,94,862,2.154512,0.36854600000000004,35702,28,28672,183.80180926144706
2,full,0,85,temporal,0,907,1675,2.01647,0.40744,35702,28,28672,-64.11702375452158
2,full,0,85,static,1,907,1675,2.140034,0.48677,35702,265,271360,-64.11702375452158
2,full,0,86,static,0,688,1456,2.04046,0.35679,35702,263,269312,-31.619896031619266
2,full,0,86,temporal,1,688,1456,3.717203,1.2590109999999999,35702,28,28672,-31.619896031619266
2,full,0,87,temporal,0,665,1433,2.526691,0.3703310000000001,35702,28,28672,-132.47046471741868
2,full,0,87,static,1,665,1433,2.3413850000000003,0.6623800000000001,35702,265,271360,-132.47046471741868
2,full,0,88,static,0,430,1198,2.098356,0.363083,35702,264,270336,184.14367650354794
2,full,0,88,temporal,1,430,1198,2.170809,0.507961,35702,28,28672,184.14367650354794
2,full,0,89,temporal,0,808,1576,2.722976,0.44655799999999995,35702,28,28672,186.06425994057113
2,full,0,89,static,1,808,1576,2.037689,0.360477,35702,266,272384,186.06425994057113
2,full,0,90,static,0,1137,1905,2.2372609999999997,0.38399500000000003,35702,266,272384,232.6508948075365
2,full,0,90,temporal,1,1137,1905,2.410451,0.36157199999999995,35702,28,28672,232.6508948075365
2,full,0,91,temporal,0,1066,1834,2.0064710000000003,0.36069599999999996,35702,28,28672,-26.31087228257942
2,full,0,91,static,1,1066,1834,1.955605,0.343224,35702,264,270336,-26.31087228257942
2,full,0,92,static,0,1132,1900,2.07743,0.359649,35702,266,272384,224.3896490125356
2,full,0,92,temporal,1,1132,1900,2.3630109999999998,0.3625919999999999,35702,28,28672,224.3896490125356
2,full,0,93,temporal,0,928,1696,2.178384,0.40978800000000004,35702,28,28672,-118.96823822950707
2,full,0,93,static,1,928,1696,2.350664,0.41462600000000005,35702,263,269312,-118.96823822950707
2,full,0,94,static,0,335,1103,2.4845420000000003,0.505999,35702,266,272384,52.941718786518074
2,full,0,94,temporal,1,335,1103,2.188158,0.361764,35702,28,28672,52.941718786518074
2,full,0,95,temporal,0,733,1501,2.338358,0.36569100000000004,35702,28,28672,152.32079643042886
2,full,0,95,static,1,733,1501,2.2198700000000002,0.40061199999999997,35702,266,272384,152.32079643042886
2,full,0,96,static,0,600,1368,2.417895,0.35984700000000003,35702,264,270336,-235.99056056161126
2,full,0,96,temporal,1,600,1368,2.304675,0.4340000000000001,35702,28,28672,-235.99056056161126
2,full,0,97,temporal,0,883,1651,2.2504,0.40706200000000003,35702,28,28672,0.9652392614501409
2,full,0,97,static,1,883,1651,2.162579,0.47797,35702,266,272384,0.9652392614501409
2,full,0,98,static,0,139,907,2.416418,0.4982350000000001,35702,264,270336,47.02846808501505
2,full,0,98,temporal,1,139,907,2.137413,0.3607990000000001,35702,28,28672,47.02846808501505
2,full,0,99,temporal,0,1108,1876,2.5939639999999997,0.409359,35702,28,28672,156.8233929533297
2,full,0,99,static,1,1108,1876,2.719065,0.388584,35702,264,270336,156.8233929533297
2,full,0,100,static,0,1133,1901,2.335518,0.350727,35702,266,272384,226.21612431199785
2,full,0,100,temporal,1,1133,1901,2.019328,0.360543,35702,28,28672,226.21612431199785
2,full,0,101,temporal,0,458,1226,2.56563,0.3619899999999999,35702,28,28672,158.7432440461518
2,full,0,101,static,1,458,1226,2.4433279999999997,0.5903839999999999,35702,264,270336,158.7432440461518
2,full,0,102,static,0,572,1340,2.160032,0.36605699999999997,35702,265,271360,-175.35839861456472
2,full,0,102,temporal,1,572,1340,3.373409,0.36855999999999994,35702,28,28672,-175.35839861456472
2,full,0,103,temporal,0,1098,1866,2.55499,0.39652600000000005,35702,28,28672,117.63990080373254
2,full,0,103,static,1,1098,1866,2.611403,0.36434500000000003,35702,264,270336,117.63990080373254
2,full,0,104,static,0,318,1086,2.629743,0.417593,35702,265,271360,-9.514064883296998
2,full,0,104,temporal,1,318,1086,2.9796139999999998,0.374436,35702,28,28672,-9.514064883296998
2,full,0,105,temporal,0,176,944,2.1786779999999997,0.5293169999999999,35702,28,28672,-114.55722463555
2,full,0,105,static,1,176,944,2.111275,0.40404599999999996,35702,266,272384,-114.55722463555
2,full,0,106,static,0,354,1122,2.172471,0.36434099999999997,35702,264,270336,110.60073492243093
2,full,0,106,temporal,1,354,1122,2.299295,0.36426499999999995,35702,28,28672,110.60073492243093
2,full,0,107,temporal,0,75,843,2.193206,0.41499,35702,28,28672,203.7129719032544
2,full,0,107,static,1,75,843,2.702561,0.451239,35702,264,270336,203.7129719032544
2,full,0,108,static,0,1232,2000,2.25991,0.363392,35702,264,270336,44.79036278996181
2,full,0,108,temporal,1,1232,2000,2.18505,0.35719599999999996,35702,28,28672,44.79036278996181
2,full,0,109,temporal,0,928,1696,2.249497,0.367389,35702,28,28672,-118.96823822950707
2,full,0,109,static,1,928,1696,2.349234,0.49349100000000007,35702,263,269312,-118.96823822950707
2,full,0,110,static,0,700,1468,2.202254,0.41463999999999995,35702,263,269312,23.410297690212328
2,full,0,110,temporal,1,700,1468,2.427304,0.512571,35702,28,28672,23.410297690212328
2,full,0,111,temporal,0,173,941,2.242352,0.36926,35702,28,28672,-101.93271596363299
2,full,0,111,static,1,173,941,2.278839,0.345849,35702,266,272384,-101.93271596363299
2,full,0,112,static,0,1003,1771,2.295852,0.405552,35702,264,270336,-212.24225208712133
2,full,0,112,temporal,1,1003,1771,2.1760680000000003,0.36849,35702,28,28672,-212.24225208712133
2,full,0,113,temporal,0,1073,1841,2.5062159999999998,0.363814,35702,27,27648,5.624089236292837
2,full,0,113,static,1,1073,1841,2.295349,0.369985,35702,263,269312,5.624089236292837
2,full,0,114,static,0,599,1367,2.1339319999999997,0.365962,35702,264,270336,-234.77699292104555
2,full,0,114,temporal,1,599,1367,2.261885,0.40790799999999994,35702,28,28672,-234.77699292104555
2,full,0,115,temporal,0,1253,2021,2.230661,0.36192899999999995,35702,28,28672,-28.61207407041202
2,full,0,115,static,1,1253,2021,2.120295,0.36016200000000004,35702,262,268288,-28.61207407041202
2,full,0,116,static,0,232,1000,2.6917899999999997,0.37686100000000006,35702,264,270336,-248.3850886284491
2,full,0,116,temporal,1,232,1000,2.693911,0.38344200000000006,35702,28,28672,-248.3850886284491
2,full,0,117,temporal,0,1126,1894,2.538256,0.578995,35702,28,28672,211.6502687099376
2,full,0,117,static,1,1126,1894,2.026928,0.40454500000000004,35702,267,273408,211.6502687099376
2,full,0,118,static,0,942,1710,2.415221,0.48538900000000007,35702,264,270336,-152.4822633548373
2,full,0,118,temporal,1,942,1710,2.562095,0.592915,35702,28,28672,-152.4822633548373
2,full,0,119,temporal,0,224,992,3.0399220000000002,0.369787,35702,28,28672,-244.93781589209146
2,full,0,119,static,1,224,992,2.5632099999999998,0.36941300000000005,35702,265,271360,-244.93781589209146
2,full,1,0,temporal,0,932,1700,2.78978,0.8027870000000001,35702,28,28672,-128.89151964409507
2,full,1,0,static,1,932,1700,4.343619,0.47790699999999997,35702,263,269312,-128.89151964409507
2,full,1,1,static,0,986,1754,2.2501539999999998,0.41005699999999995,35702,265,271360,-216.1825482251916
2,full,1,1,temporal,1,986,1754,2.025299,0.359333,35702,28,28672,-216.1825482251916
2,full,1,2,temporal,0,1024,1792,3.4030240000000003,0.4903720000000001,35702,28,28672,-178.54661235659518
2,full,1,2,static,1,1024,1792,2.268183,0.359435,35702,265,271360,-178.54661235659518
2,full,1,3,static,0,540,1308,2.188708,0.3746959999999999,35702,264,270336,-64.42694054820156
2,full,1,3,temporal,1,540,1308,2.066183,0.36588499999999996,35702,28,28672,-64.42694054820156
2,full,1,4,temporal,0,9,777,2.3354209999999997,0.476486,35702,28,28672,133.8070028710431
2,full,1,4,static,1,9,777,2.21607,0.5774130000000002,35702,266,272384,133.8070028710431
2,full,1,5,static,0,933,1701,2.0201189999999998,0.36007399999999995,35702,262,268288,-131.33407469793312
2,full,1,5,temporal,1,933,1701,2.56181,0.364959,35702,28,28672,-131.33407469793312
2,full,1,6,temporal,0,166,934,2.161685,0.36686299999999994,35702,27,27648,-71.55373290697945
2,full,1,6,static,1,166,934,1.954867,0.351906,35702,266,272384,-71.55373290697945
2,full,1,7,static,0,669,1437,2.215509,0.354236,35702,265,271360,-116.13079642960459
2,full,1,7,temporal,1,669,1437,1.9922999999999997,0.398034,35702,28,28672,-116.13079642960459
2,full,1,8,temporal,0,1003,1771,2.298788,0.362176,35702,28,28672,-212.24225208712133
2,full,1,8,static,1,1003,1771,2.481557,0.6068650000000001,35702,264,270336,-212.24225208712133
2,full,1,9,static,0,615,1383,2.165401,0.37556700000000004,35702,263,269312,-244.06798176021286
2,full,1,9,temporal,1,615,1383,2.0720520000000002,0.3684119999999999,35702,28,28672,-244.06798176021286
2,full,1,10,temporal,0,258,1026,2.1390100000000003,0.49377299999999996,35702,28,28672,-219.92116318415518
2,full,1,10,static,1,258,1026,2.287922,0.493712,35702,266,272384,-219.92116318415518
2,full,1,11,static,0,21,789,2.11762,0.41817099999999996,35702,266,272384,157.2991755462777
2,full,1,11,temporal,1,21,789,2.330381,0.5123549999999999,35702,28,28672,157.2991755462777
2,full,1,12,temporal,0,1026,1794,2.2796890000000003,0.359031,35702,28,28672,-173.65307259578958
2,full,1,12,static,1,1026,1794,2.5621620000000003,0.44591500000000006,35702,264,270336,-173.65307259578958
2,full,1,13,static,0,18,786,2.298092,0.3613589999999999,35702,265,271360,151.72050262562246
2,full,1,13,temporal,1,18,786,2.114637,0.37264499999999995,35702,28,28672,151.72050262562246
2,full,1,14,temporal,0,1016,1784,2.725651,0.412486,35702,28,28672,-195.22530412854437
2,full,1,14,static,1,1016,1784,2.573593,0.443337,35702,263,269312,-195.22530412854437
2,full,1,15,static,0,1206,1974,2.1284759999999996,0.3626250000000001,35702,266,272384,138.7586014750798
2,full,1,15,temporal,1,1206,1974,2.441469,0.5388,35702,28,28672,138.7586014750798
2,full,1,16,temporal,0,524,1292,2.150051,0.43603400000000003,35702,28,28672,-6.455350305757601
2,full,1,16,static,1,524,1292,2.530202,0.365185,35702,264,270336,-6.455350305757601
2,full,1,17,static,0,153,921,2.817436,0.420205,35702,264,270336,-13.612228886100716
2,full,1,17,temporal,1,153,921,2.051247,0.4091019999999999,35702,28,28672,-13.612228886100716
2,full,1,18,temporal,0,231,999,2.295216,0.43189000000000005,35702,28,28672,-248.278504676328
2,full,1,18,static,1,231,999,2.299366,0.538616,35702,264,270336,-248.278504676328
2,full,1,19,static,0,285,1053,3.665535,0.458179,35702,264,270336,-138.71161618630668
2,full,1,19,temporal,1,285,1053,2.378404,0.37519100000000005,35702,28,28672,-138.71161618630668
2,full,1,20,temporal,0,1180,1948,2.4541709999999997,0.41230300000000003,35702,28,28672,213.41343865723985
2,full,1,20,static,1,1180,1948,2.916779,0.486221,35702,264,270336,213.41343865723985
2,full,1,21,static,0,421,1189,2.370636,0.5000549999999999,35702,265,271360,186.97757391504013
2,full,1,21,temporal,1,421,1189,2.080534,0.43523700000000004,35702,28,28672,186.97757391504013
2,full,1,22,temporal,0,561,1329,2.435811,0.602525,35702,27,27648,-140.00305668870342
2,full,1,22,static,1,561,1329,2.4507719999999997,0.5291720000000001,35702,265,271360,-140.00305668870342
2,full,1,23,static,0,430,1198,2.328443,0.362025,35702,264,270336,184.14367650354794
2,full,1,23,temporal,1,430,1198,2.463467,0.505907,35702,28,28672,184.14367650354794
2,full,1,24,temporal,0,489,1257,2.306966,0.405415,35702,28,28672,99.74243982689951
2,full,1,24,static,1,489,1257,2.311024,0.366147,35702,266,272384,99.74243982689951
2,full,1,25,static,0,360,1128,2.06553,0.42851799999999995,35702,265,271360,125.51251331258617
2,full,1,25,temporal,1,360,1128,2.27223,0.46474699999999997,35702,28,28672,125.51251331258617
2,full,1,26,temporal,0,719,1487,2.243443,0.368849,35702,28,28672,103.8538242223047
2,full,1,26,static,1,719,1487,2.0813450000000002,0.36944,35702,265,271360,103.8538242223047
2,full,1,27,static,0,1190,1958,2.360766,0.3826799999999999,35702,263,269312,188.67147484602395
2,full,1,27,temporal,1,1190,1958,2.131189,0.369533,35702,27,27648,188.67147484602395
2,full,1,28,temporal,0,48,816,2.759427,0.371233,35702,28,28672,195.80996510912468
2,full,1,28,static,1,48,816,2.2225919999999997,0.40826199999999996,35702,263,269312,195.80996510912468
2,full,1,29,static,0,512,1280,2.2332229999999997,0.36200099999999996,35702,264,270336,34.06952676770391
2,full,1,29,temporal,1,512,1280,2.428625,0.41618000000000005,35702,28,28672,34.06952676770391
2,full,1,30,temporal,0,394,1162,2.266467,0.420347,35702,28,28672,178.66928248152112
2,full,1,30,static,1,394,1162,2.282188,0.5036179999999999,35702,264,270336,178.66928248152112
2,full,1,31,static,0,4,772,2.108706,0.379751,35702,266,272384,123.17108841893915
2,full,1,31,temporal,1,4,772,2.397328,0.463958,35702,28,28672,123.17108841893915
2,full,1,32,temporal,0,698,1466,2.2241090000000003,0.37206599999999995,35702,28,28672,14.33856886440937
2,full,1,32,static,1,698,1466,2.486504,0.4919690000000001,35702,264,270336,14.33856886440937
2,full,1,33,static,0,1206,1974,2.199407,0.40968999999999994,35702,266,272384,138.7586014750798
2,full,1,33,temporal,1,1206,1974,2.209708,0.48253399999999996,35702,28,28672,138.7586014750798
2,full,1,34,temporal,0,713,1481,2.147065,0.369334,35702,28,28672,79.90134622067721
2,full,1,34,static,1,713,1481,2.52536,0.41011399999999987,35702,264,270336,79.90134622067721
2,full,1,35,static,0,1131,1899,2.420408,0.600857,35702,266,272384,222.4772167646171
2,full,1,35,temporal,1,1131,1899,1.9937470000000002,0.40029300000000007,35702,28,28672,222.4772167646171
2,full,1,36,temporal,0,1056,1824,2.016429,0.344372,35702,28,28672,-70.08850019364465
2,full,1,36,static,1,1056,1824,2.12498,0.42872200000000005,35702,266,272384,-70.08850019364465
2,full,1,37,static,0,559,1327,1.988143,0.3396410000000001,35702,264,270336,-133.13724617456643
2,full,1,37,temporal,1,559,1327,2.036445,0.38769300000000007,35702,28,28672,-133.13724617456643
2,full,1,38,temporal,0,898,1666,1.9534209999999999,0.342978,35702,28,28672,-39.834798714834534
2,full,1,38,static,1,898,1666,2.257521,0.37853,35702,266,272384,-39.834798714834534
2,full,1,39,static,0,493,1261,2.451665,0.36934799999999995,35702,265,271360,89.61987157301787
2,full,1,39,temporal,1,493,1261,2.1050809999999998,0.382232,35702,28,28672,89.61987157301787
2,full,1,40,temporal,0,1078,1846,2.066007,0.41609800000000013,35702,28,28672,28.67386967721174
2,full,1,40,static,1,1078,1846,2.03039,0.39039900000000005,35702,264,270336,28.67386967721174
2,full,1,41,static,0,52,820,2.107865,0.36047100000000004,35702,263,269312,199.25904674345787
2,full,1,41,temporal,1,52,820,2.306086,0.390771,35702,28,28672,199.25904674345787
2,full,1,42,temporal,0,173,941,2.173378,0.38947000000000004,35702,28,28672,-101.93271596363299
2,full,1,42,static,1,173,941,2.226787,0.41274000000000005,35702,266,272384,-101.93271596363299
2,full,1,43,static,0,814,1582,2.2708630000000003,0.545395,35702,266,272384,174.96417984494377
2,full,1,43,temporal,1,814,1582,2.1584,0.37842299999999995,35702,28,28672,174.96417984494377
2,full,1,44,temporal,0,435,1203,2.078945,0.36789000000000005,35702,28,28672,181.4449673814679
2,full,1,44,static,1,435,1203,2.353425,0.40795700000000007,35702,264,270336,181.4449673814679
2,full,1,45,static,0,1153,1921,2.1753620000000002,0.422075,35702,263,269312,244.08739719781872
2,full,1,45,temporal,1,1153,1921,2.051498,0.362117,35702,28,28672,244.08739719781872
2,full,1,46,temporal,0,903,1671,2.797038,0.412628,35702,28,28672,-53.356039055480316
2,full,1,46,static,1,903,1671,2.9590710000000002,0.384506,35702,266,272384,-53.356039055480316
2,full,1,47,static,0,238,1006,2.24199,0.36323999999999995,35702,265,271360,-247.08829200577625
2,full,1,47,temporal,1,238,1006,2.3162019999999997,0.38518099999999994,35702,28,28672,-247.08829200577625
2,full,1,48,temporal,0,510,1278,2.380718,0.369232,35702,28,28672,40.45785749438776
2,full,1,48,static,1,510,1278,2.151866,0.346296,35702,264,270336,40.45785749438776
2,full,1,49,static,0,74,842,2.166396,0.396385,35702,264,270336,204.13039866695442
2,full,1,49,temporal,1,74,842,2.324169,0.505494,35702,28,28672,204.13039866695442
2,full,1,50,temporal,0,23,791,2.423276,0.482787,35702,28,28672,160.89841954372153
2,full,1,50,static,1,23,791,2.3305629999999997,0.41031599999999996,35702,266,272384,160.89841954372153
2,full,1,51,static,0,337,1105,2.4722020000000002,0.372417,35702,265,271360,59.697882190795006
2,full,1,51,temporal,1,337,1105,2.185183,0.39827399999999996,35702,28,28672,59.697882190795006
2,full,1,52,temporal,0,1,769,2.066647,0.374094,35702,28,28672,116.57760762526533
2,full,1,52,static,1,1,769,2.15001,0.43010200000000004,35702,265,271360,116.57760762526533
2,full,1,53,static,0,517,1285,2.7571280000000002,0.40847100000000003,35702,264,270336,17.61264268276998
2,full,1,53,temporal,1,517,1285,2.0599580000000004,0.365115,35702,28,28672,17.61264268276998
2,full,1,54,temporal,0,407,1175,2.4375899999999997,0.419964,35702,28,28672,185.98877202256548
2,full,1,54,static,1,407,1175,2.2420449999999996,0.40658800000000006,35702,266,272384,185.98877202256548
2,full,1,55,static,0,866,1634,2.381895,0.517449,35702,264,270336,47.15174156073452
2,full,1,55,temporal,1,866,1634,2.217437,0.368466,35702,28,28672,47.15174156073452
2,full,1,56,temporal,0,877,1645,2.2017439999999997,0.430634,35702,28,28672,17.304144164302727
2,full,1,56,static,1,877,1645,2.108435,0.44595900000000005,35702,264,270336,17.304144164302727
2,full,1,57,static,0,1199,1967,2.474404,0.64146,35702,264,270336,161.86192194466838
2,full,1,57,temporal,1,1199,1967,2.839825,0.42150299999999996,35702,28,28672,161.86192194466838
2,full,1,58,temporal,0,889,1657,2.1752830000000003,0.41649100000000006,35702,28,28672,-15.377266773144266
2,full,1,58,static,1,889,1657,2.0825679999999998,0.424287,35702,266,272384,-15.377266773144266
2,full,1,59,static,0,362,1130,2.2079750000000002,0.373879,35702,264,270336,130.11064063420324
2,full,1,59,temporal,1,362,1130,2.0783,0.41233000000000003,35702,28,28672,130.11064063420324
2,full,1,60,temporal,0,388,1156,2.237723,0.459866,35702,28,28672,173.01738943857728
2,full,1,60,static,1,388,1156,2.1505539999999996,0.5274430000000001,35702,264,270336,173.01738943857728
2,full,1,61,static,0,92,860,2.193407,0.364052,35702,266,272384,187.00309934378427
2,full,1,61,temporal,1,92,860,2.14085,0.37078500000000003,35702,28,28672,187.00309934378427
2,full,1,62,temporal,0,365,1133,2.1758390000000003,0.39268000000000003,35702,28,28672,136.65597964423802
2,full,1,62,static,1,365,1133,2.029905,0.360347,35702,264,270336,136.65597964423802
2,full,1,63,static,0,372,1140,2.1323090000000002,0.361773,35702,263,269312,150.2868273047182
2,full,1,63,temporal,1,372,1140,2.65996,0.5678690000000001,35702,28,28672,150.2868273047182
2,full,1,64,temporal,0,796,1564,2.0794960000000002,0.37344399999999994,35702,28,28672,203.9131611215396
2,full,1,64,static,1,796,1564,2.372285,0.360621,35702,265,271360,203.9131611215396
2,full,1,65,static,0,775,1543,2.6271839999999997,0.40885799999999994,35702,263,269312,216.94688901395486
2,full,1,65,temporal,1,775,1543,2.139199,0.36572,35702,28,28672,216.94688901395486
2,full,1,66,temporal,0,1121,1889,2.254796,0.428035,35702,28,28672,198.79177445253742
2,full,1,66,static,1,1121,1889,2.27916,0.447899,35702,266,272384,198.79177445253742
2,full,1,67,static,0,244,1012,2.6779759999999997,0.363754,35702,266,272384,-242.5235168546493
2,full,1,67,temporal,1,244,1012,2.7050199999999998,0.700777,35702,28,28672,-242.5235168546493
2,full,1,68,temporal,0,603,1371,2.262437,0.360913,35702,28,28672,-239.14193162775652
2,full,1,68,static,1,603,1371,2.239318,0.55423,35702,264,270336,-239.14193162775652
2,full,1,69,static,0,1037,1805,2.162237,0.49059400000000003,35702,265,271360,-141.82824968575744
2,full,1,69,temporal,1,1037,1805,2.2791859999999997,0.3703430000000001,35702,28,28672,-141.82824968575744
2,full,1,70,temporal,0,776,1544,2.717714,0.7809800000000001,35702,28,28672,216.9441252978419
2,full,1,70,static,1,776,1544,2.276198,0.361394,35702,262,268288,216.9441252978419
2,full,1,71,static,0,376,1144,2.1346719999999997,0.364431,35702,263,269312,157.0522956021241
2,full,1,71,temporal,1,376,1144,2.600908,0.5817290000000002,35702,28,28672,157.0522956021241
2,full,1,72,temporal,0,203,971,2.26238,0.3655940000000001,35702,28,28672,-208.55629601807433
2,full,1,72,static,1,203,971,2.511158,0.36835000000000007,35702,264,270336,-208.55629601807433
2,full,1,73,static,0,334,1102,2.297993,0.410206,35702,265,271360,49.50956730027103
2,full,1,73,temporal,1,334,1102,2.190338,0.3679199999999999,35702,28,28672,49.50956730027103
2,full,1,74,temporal,0,284,1052,2.0324090000000004,0.41122400000000003,35702,28,28672,-142.3548132139245
2,full,1,74,static,1,284,1052,2.174318,0.453658,35702,264,270336,-142.3548132139245
2,full,1,75,static,0,329,1097,2.076858,0.41278,35702,266,272384,31.84170900676348
2,full,1,75,temporal,1,329,1097,2.355997,0.56725,35702,28,28672,31.84170900676348
2,full,1,76,temporal,0,875,1643,2.847559,0.42179999999999995,35702,28,28672,22.744817101359143
2,full,1,76,static,1,875,1643,2.120971,0.367025,35702,264,270336,22.744817101359143
2,full,1,77,static,0,524,1292,2.035685,0.40614999999999996,35702,264,270336,-6.455350305757601
2,full,1,77,temporal,1,524,1292,2.318644,0.38144900000000004,35702,28,28672,-6.455350305757601
2,full,1,78,temporal,0,1038,1806,2.032944,0.36604500000000006,35702,28,28672,-138.54400842191143
2,full,1,78,static,1,1038,1806,2.204452,0.42501700000000003,35702,264,270336,-138.54400842191143
2,full,1,79,static,0,729,1497,2.3803919999999996,0.42155699999999996,35702,266,272384,139.66125854483164
2,full,1,79,temporal,1,729,1497,2.1867929999999998,0.39539500000000005,35702,28,28672,139.66125854483164
2,full,1,80,temporal,0,827,1595,2.0441830000000003,0.42453799999999997,35702,28,28672,147.13250685287332
2,full,1,80,static,1,827,1595,2.2278200000000004,0.46629699999999996,35702,264,270336,147.13250685287332
2,full,1,81,static,0,15,783,2.084817,0.41148699999999994,35702,266,272384,145.9377130855222
2,full,1,81,temporal,1,15,783,2.169915,0.43000999999999995,35702,28,28672,145.9377130855222
2,full,1,82,temporal,0,81,849,2.161169,0.42322800000000005,35702,28,28672,199.92045136799956
2,full,1,82,static,1,81,849,2.081494,0.425438,35702,266,272384,199.92045136799956
2,full,1,83,static,0,1206,1974,2.376717,0.367556,35702,266,272384,138.7586014750798
2,full,1,83,temporal,1,1206,1974,2.215655,0.451024,35702,28,28672,138.7586014750798
2,full,1,84,temporal,0,94,862,1.944676,0.349177,35702,28,28672,183.80180926144706
2,full,1,84,static,1,94,862,2.271831,0.35309499999999994,35702,266,272384,183.80180926144706
2,full,1,85,static,0,907,1675,2.4691409999999996,0.44627799999999995,35702,265,271360,-64.11702375452158
2,full,1,85,temporal,1,907,1675,2.2543770000000003,0.36364,35702,28,28672,-64.11702375452158
2,full,1,86,temporal,0,688,1456,2.112948,0.40589400000000003,35702,28,28672,-31.619896031619266
2,full,1,86,static,1,688,1456,2.3810480000000003,0.656127,35702,263,269312,-31.619896031619266
2,full,1,87,static,0,665,1433,2.0790610000000003,0.341605,35702,265,271360,-132.47046471741868
2,full,1,87,temporal,1,665,1433,2.277905,0.374689,35702,28,28672,-132.47046471741868
2,full,1,88,temporal,0,430,1198,2.418705,0.45107200000000003,35702,28,28672,184.14367650354794
2,full,1,88,static,1,430,1198,6.293382,2.074721,35702,264,270336,184.14367650354794
2,full,1,89,static,0,808,1576,2.227791,0.36955399999999994,35702,266,272384,186.06425994057113
2,full,1,89,temporal,1,808,1576,2.457048,0.3655979999999999,35702,28,28672,186.06425994057113
2,full,1,90,temporal,0,1137,1905,2.536965,0.4941259999999999,35702,28,28672,232.6508948075365
2,full,1,90,static,1,1137,1905,2.177915,0.523573,35702,266,272384,232.6508948075365
2,full,1,91,static,0,1066,1834,2.575754,0.7757100000000001,35702,264,270336,-26.31087228257942
2,full,1,91,temporal,1,1066,1834,2.3101089999999997,0.36472699999999997,35702,28,28672,-26.31087228257942
2,full,1,92,temporal,0,1132,1900,2.831213,0.356129,35702,28,28672,224.3896490125356
2,full,1,92,static,1,1132,1900,2.276354,0.3831399999999999,35702,266,272384,224.3896490125356
2,full,1,93,static,0,928,1696,2.503187,0.5910179999999998,35702,263,269312,-118.96823822950707
2,full,1,93,temporal,1,928,1696,2.809097,0.5619339999999999,35702,28,28672,-118.96823822950707
2,full,1,94,temporal,0,335,1103,2.021096,0.36299000000000003,35702,28,28672,52.941718786518074
2,full,1,94,static,1,335,1103,2.128534,0.40744,35702,266,272384,52.941718786518074
2,full,1,95,static,0,733,1501,2.316841,0.387662,35702,266,272384,152.32079643042886
2,full,1,95,temporal,1,733,1501,2.059092,0.41289400000000004,35702,28,28672,152.32079643042886
2,full,1,96,temporal,0,600,1368,2.232151,0.3681600000000001,35702,28,28672,-235.99056056161126
2,full,1,96,static,1,600,1368,2.191891,0.43893599999999994,35702,264,270336,-235.99056056161126
2,full,1,97,static,0,883,1651,2.063443,0.351305,35702,266,272384,0.9652392614501409
2,full,1,97,temporal,1,883,1651,2.056413,0.348826,35702,28,28672,0.9652392614501409
2,full,1,98,temporal,0,139,907,2.299201,0.5824130000000001,35702,28,28672,47.02846808501505
2,full,1,98,static,1,139,907,2.0598710000000002,0.369584,35702,264,270336,47.02846808501505
2,full,1,99,static,0,1108,1876,2.442206,0.35884499999999997,35702,264,270336,156.8233929533297
2,full,1,99,temporal,1,1108,1876,2.216849,0.37754899999999997,35702,28,28672,156.8233929533297
2,full,1,100,temporal,0,1133,1901,2.47381,0.35856200000000005,35702,28,28672,226.21612431199785
2,full,1,100,static,1,1133,1901,2.521074,0.34031999999999996,35702,266,272384,226.21612431199785
2,full,1,101,static,0,458,1226,3.351866,0.587024,35702,264,270336,158.7432440461518
2,full,1,101,temporal,1,458,1226,2.434895,0.380037,35702,28,28672,158.7432440461518
2,full,1,102,temporal,0,572,1340,2.157962,0.505498,35702,28,28672,-175.35839861456472
2,full,1,102,static,1,572,1340,2.209388,0.36567200000000005,35702,265,271360,-175.35839861456472
2,full,1,103,static,0,1098,1866,2.32901,0.43206200000000006,35702,264,270336,117.63990080373254
2,full,1,103,temporal,1,1098,1866,2.374519,0.553567,35702,28,28672,117.63990080373254
2,full,1,104,temporal,0,318,1086,2.062286,0.367927,35702,28,28672,-9.514064883296998
2,full,1,104,static,1,318,1086,2.296089,0.427756,35702,265,271360,-9.514064883296998
2,full,1,105,static,0,176,944,2.491023,0.5155770000000002,35702,266,272384,-114.55722463555
2,full,1,105,temporal,1,176,944,3.075907,0.5809729999999999,35702,28,28672,-114.55722463555
2,full,1,106,temporal,0,354,1122,2.087011,0.36759,35702,28,28672,110.60073492243093
2,full,1,106,static,1,354,1122,2.309886,0.4257619999999999,35702,264,270336,110.60073492243093
2,full,1,107,static,0,75,843,4.504285,0.36510600000000004,35702,264,270336,203.7129719032544
2,full,1,107,temporal,1,75,843,3.2777269999999996,0.517904,35702,28,28672,203.7129719032544
2,full,1,108,temporal,0,1232,2000,3.627909,0.357662,35702,28,28672,44.79036278996181
2,full,1,108,static,1,1232,2000,2.594233,0.6875450000000001,35702,264,270336,44.79036278996181
2,full,1,109,static,0,928,1696,2.059878,0.4159530000000001,35702,263,269312,-118.96823822950707
2,full,1,109,temporal,1,928,1696,2.296535,0.36205000000000004,35702,28,28672,-118.96823822950707
2,full,1,110,temporal,0,700,1468,2.263565,0.565883,35702,28,28672,23.410297690212328
2,full,1,110,static,1,700,1468,2.370973,0.356372,35702,263,269312,23.410297690212328
2,full,1,111,static,0,173,941,2.499334,0.36358699999999994,35702,266,272384,-101.93271596363299
2,full,1,111,temporal,1,173,941,2.4301320000000004,0.441252,35702,28,28672,-101.93271596363299
2,full,1,112,temporal,0,1003,1771,2.052258,0.36619999999999997,35702,28,28672,-212.24225208712133
2,full,1,112,static,1,1003,1771,2.19974,0.383788,35702,264,270336,-212.24225208712133
2,full,1,113,static,0,1073,1841,2.3649299999999998,0.36550099999999996,35702,263,269312,5.624089236292837
2,full,1,113,temporal,1,1073,1841,1.944855,0.3900040000000001,35702,27,27648,5.624089236292837
2,full,1,114,temporal,0,599,1367,2.241799,0.439268,35702,28,28672,-234.77699292104555
2,full,1,114,static,1,599,1367,2.33967,0.5225120000000001,35702,264,270336,-234.77699292104555
2,full,1,115,static,0,1253,2021,2.04298,0.400162,35702,262,268288,-28.61207407041202
2,full,1,115,temporal,1,1253,2021,2.247752,0.36211899999999997,35702,28,28672,-28.61207407041202
2,full,1,116,temporal,0,232,1000,2.262585,0.39730899999999997,35702,28,28672,-248.3850886284491
2,full,1,116,static,1,232,1000,2.094072,0.492286,35702,264,270336,-248.3850886284491
2,full,1,117,static,0,1126,1894,2.194529,0.353556,35702,267,273408,211.6502687099376
2,full,1,117,temporal,1,1126,1894,2.338531,0.437382,35702,28,28672,211.6502687099376
2,full,1,118,temporal,0,942,1710,2.3549759999999997,0.372552,35702,28,28672,-152.4822633548373
2,full,1,118,static,1,942,1710,2.141545,0.418486,35702,264,270336,-152.4822633548373
2,full,1,119,static,0,224,992,2.2526629999999996,0.416909,35702,265,271360,-244.93781589209146
2,full,1,119,temporal,1,224,992,2.247878,0.395542,35702,28,28672,-244.93781589209146
2,full,2,0,static,0,932,1700,2.24534,0.413345,35702,263,269312,-128.89151964409507
2,full,2,0,temporal,1,932,1700,2.645232,0.6434899999999998,35702,28,28672,-128.89151964409507
2,full,2,1,temporal,0,986,1754,2.065676,0.406122,35702,28,28672,-216.1825482251916
2,full,2,1,static,1,986,1754,2.348791,0.518884,35702,265,271360,-216.1825482251916
2,full,2,2,static,0,1024,1792,2.268216,0.517506,35702,265,271360,-178.54661235659518
2,full,2,2,temporal,1,1024,1792,2.335101,0.5363720000000002,35702,28,28672,-178.54661235659518
2,full,2,3,temporal,0,540,1308,2.069605,0.418099,35702,28,28672,-64.42694054820156
2,full,2,3,static,1,540,1308,2.464531,0.4953459999999998,35702,264,270336,-64.42694054820156
2,full,2,4,static,0,9,777,2.192237,0.3792210000000001,35702,266,272384,133.8070028710431
2,full,2,4,temporal,1,9,777,3.075822,1.0276710000000002,35702,28,28672,133.8070028710431
2,full,2,5,temporal,0,933,1701,2.289107,0.421524,35702,28,28672,-131.33407469793312
2,full,2,5,static,1,933,1701,2.229793,0.47902199999999995,35702,262,268288,-131.33407469793312
2,full,2,6,static,0,166,934,2.076278,0.414339,35702,266,272384,-71.55373290697945
2,full,2,6,temporal,1,166,934,2.2690140000000003,0.3751439999999999,35702,27,27648,-71.55373290697945
2,full,2,7,temporal,0,669,1437,2.266298,0.445823,35702,28,28672,-116.13079642960459
2,full,2,7,static,1,669,1437,2.877986,0.9709120000000001,35702,265,271360,-116.13079642960459
2,full,2,8,static,0,1003,1771,2.037211,0.3586010000000001,35702,264,270336,-212.24225208712133
2,full,2,8,temporal,1,1003,1771,2.302778,0.37267399999999995,35702,28,28672,-212.24225208712133
2,full,2,9,temporal,0,615,1383,2.802727,0.4831720000000001,35702,28,28672,-244.06798176021286
2,full,2,9,static,1,615,1383,2.1522020000000004,0.365372,35702,263,269312,-244.06798176021286
2,full,2,10,static,0,258,1026,2.491036,0.470016,35702,266,272384,-219.92116318415518
2,full,2,10,temporal,1,258,1026,2.295227,0.4927199999999999,35702,28,28672,-219.92116318415518
2,full,2,11,temporal,0,21,789,2.2946,0.415962,35702,28,28672,157.2991755462777
2,full,2,11,static,1,21,789,2.336099,0.367998,35702,266,272384,157.2991755462777
2,full,2,12,static,0,1026,1794,4.421272,0.4900910000000001,35702,264,270336,-173.65307259578958
2,full,2,12,temporal,1,1026,1794,2.68729,0.373757,35702,28,28672,-173.65307259578958
2,full,2,13,temporal,0,18,786,2.634332,0.5191119999999999,35702,28,28672,151.72050262562246
2,full,2,13,static,1,18,786,2.3949700000000003,0.3684410000000001,35702,265,271360,151.72050262562246
2,full,2,14,static,0,1016,1784,3.062418,1.086107,35702,263,269312,-195.22530412854437
2,full,2,14,temporal,1,1016,1784,3.218229,0.41760800000000003,35702,28,28672,-195.22530412854437
2,full,2,15,temporal,0,1206,1974,2.274795,0.49453699999999995,35702,28,28672,138.7586014750798
2,full,2,15,static,1,1206,1974,3.1070719999999996,1.2604209999999998,35702,266,272384,138.7586014750798
2,full,2,16,static,0,524,1292,2.325502,0.37125300000000006,35702,264,270336,-6.455350305757601
2,full,2,16,temporal,1,524,1292,2.249318,0.445728,35702,28,28672,-6.455350305757601
2,full,2,17,temporal,0,153,921,2.404617,0.36509700000000006,35702,28,28672,-13.612228886100716
2,full,2,17,static,1,153,921,2.310032,0.394833,35702,264,270336,-13.612228886100716
2,full,2,18,static,0,231,999,2.490505,0.372503,35702,264,270336,-248.278504676328
2,full,2,18,temporal,1,231,999,2.072579,0.418627,35702,28,28672,-248.278504676328
2,full,2,19,temporal,0,285,1053,2.1732370000000003,0.369055,35702,28,28672,-138.71161618630668
2,full,2,19,static,1,285,1053,2.6652669999999996,0.6012400000000001,35702,264,270336,-138.71161618630668
2,full,2,20,static,0,1180,1948,2.8385350000000003,0.6092849999999999,35702,264,270336,213.41343865723985
2,full,2,20,temporal,1,1180,1948,2.289432,0.39744299999999994,35702,28,28672,213.41343865723985
2,full,2,21,temporal,0,421,1189,2.417065,0.37171299999999996,35702,28,28672,186.97757391504013
2,full,2,21,static,1,421,1189,2.555538,0.496258,35702,265,271360,186.97757391504013
2,full,2,22,static,0,561,1329,2.0580350000000003,0.35774,35702,265,271360,-140.00305668870342
2,full,2,22,temporal,1,561,1329,2.310011,0.36157500000000004,35702,27,27648,-140.00305668870342
2,full,2,23,temporal,0,430,1198,2.437197,0.46658499999999997,35702,28,28672,184.14367650354794
2,full,2,23,static,1,430,1198,2.295558,0.3712689999999999,35702,264,270336,184.14367650354794
2,full,2,24,static,0,489,1257,2.060349,0.411601,35702,266,272384,99.74243982689951
2,full,2,24,temporal,1,489,1257,2.228377,0.419992,35702,28,28672,99.74243982689951
2,full,2,25,temporal,0,360,1128,2.13817,0.36951,35702,28,28672,125.51251331258617
2,full,2,25,static,1,360,1128,2.41528,0.373633,35702,265,271360,125.51251331258617
2,full,2,26,static,0,719,1487,2.532281,0.394786,35702,265,271360,103.8538242223047
2,full,2,26,temporal,1,719,1487,2.2619089999999997,0.47021500000000005,35702,28,28672,103.8538242223047
2,full,2,27,temporal,0,1190,1958,2.039844,0.3605,35702,27,27648,188.67147484602395
2,full,2,27,static,1,1190,1958,2.295774,0.364129,35702,263,269312,188.67147484602395
2,full,2,28,static,0,48,816,2.293047,0.5254360000000001,35702,263,269312,195.80996510912468
2,full,2,28,temporal,1,48,816,2.4787160000000004,0.41661,35702,28,28672,195.80996510912468
2,full,2,29,temporal,0,512,1280,2.3780229999999998,0.42349,35702,28,28672,34.06952676770391
2,full,2,29,static,1,512,1280,2.186487,0.341923,35702,264,270336,34.06952676770391
2,full,2,30,static,0,394,1162,1.9620369999999998,0.397947,35702,264,270336,178.66928248152112
2,full,2,30,temporal,1,394,1162,2.3251299999999997,0.376402,35702,28,28672,178.66928248152112
2,full,2,31,temporal,0,4,772,2.183027,0.432617,35702,28,28672,123.17108841893915
2,full,2,31,static,1,4,772,2.0567860000000002,0.367136,35702,266,272384,123.17108841893915
2,full,2,32,static,0,698,1466,2.237452,0.41079600000000005,35702,264,270336,14.33856886440937
2,full,2,32,temporal,1,698,1466,2.291773,0.571312,35702,28,28672,14.33856886440937
2,full,2,33,temporal,0,1206,1974,2.587971,0.361554,35702,28,28672,138.7586014750798
2,full,2,33,static,1,1206,1974,2.086951,0.4090770000000001,35702,266,272384,138.7586014750798
2,full,2,34,static,0,713,1481,2.389673,0.5162510000000001,35702,264,270336,79.90134622067721
2,full,2,34,temporal,1,713,1481,2.0869679999999997,0.431471,35702,28,28672,79.90134622067721
2,full,2,35,temporal,0,1131,1899,2.3847,0.3652349999999999,35702,28,28672,222.4772167646171
2,full,2,35,static,1,1131,1899,2.460572,0.535141,35702,266,272384,222.4772167646171
2,full,2,36,static,0,1056,1824,2.1075019999999998,0.357611,35702,266,272384,-70.08850019364465
2,full,2,36,temporal,1,1056,1824,2.691536,0.643664,35702,28,28672,-70.08850019364465
2,full,2,37,temporal,0,559,1327,2.458925,0.5976600000000001,35702,28,28672,-133.13724617456643
2,full,2,37,static,1,559,1327,2.513544,0.455166,35702,264,270336,-133.13724617456643
2,full,2,38,static,0,898,1666,2.22478,0.51715,35702,266,272384,-39.834798714834534
2,full,2,38,temporal,1,898,1666,2.3077710000000002,0.3557370000000001,35702,28,28672,-39.834798714834534
2,full,2,39,temporal,0,493,1261,2.513559,0.44092100000000006,35702,28,28672,89.61987157301787
2,full,2,39,static,1,493,1261,2.121117,0.3802769999999999,35702,265,271360,89.61987157301787
2,full,2,40,static,0,1078,1846,2.195152,0.411908,35702,264,270336,28.67386967721174
2,full,2,40,temporal,1,1078,1846,2.2620489999999998,0.44506100000000004,35702,28,28672,28.67386967721174
2,full,2,41,temporal,0,52,820,2.183888,0.357306,35702,28,28672,199.25904674345787
2,full,2,41,static,1,52,820,2.125588,0.35452599999999995,35702,263,269312,199.25904674345787
2,full,2,42,static,0,173,941,2.3050599999999997,0.42850800000000006,35702,266,272384,-101.93271596363299
2,full,2,42,temporal,1,173,941,2.472118,0.5862419999999999,35702,28,28672,-101.93271596363299
2,full,2,43,temporal,0,814,1582,2.397179,0.39045499999999994,35702,28,28672,174.96417984494377
2,full,2,43,static,1,814,1582,2.184854,0.36584099999999997,35702,266,272384,174.96417984494377
2,full,2,44,static,0,435,1203,2.718526,0.5185820000000001,35702,264,270336,181.4449673814679
2,full,2,44,temporal,1,435,1203,4.824928,0.4067429999999999,35702,28,28672,181.4449673814679
2,full,2,45,temporal,0,1153,1921,2.295318,0.42300299999999996,35702,28,28672,244.08739719781872
2,full,2,45,static,1,1153,1921,2.3198670000000003,0.35958200000000007,35702,263,269312,244.08739719781872
2,full,2,46,static,0,903,1671,2.202439,0.3586129999999999,35702,266,272384,-53.356039055480316
2,full,2,46,temporal,1,903,1671,2.885055,0.7118999999999999,35702,28,28672,-53.356039055480316
2,full,2,47,temporal,0,238,1006,2.235313,0.365746,35702,28,28672,-247.08829200577625
2,full,2,47,static,1,238,1006,2.230288,0.4224150000000001,35702,265,271360,-247.08829200577625
2,full,2,48,static,0,510,1278,2.395716,0.5193689999999999,35702,264,270336,40.45785749438776
2,full,2,48,temporal,1,510,1278,2.1886449999999997,0.3646929999999999,35702,28,28672,40.45785749438776
2,full,2,49,temporal,0,74,842,2.258435,0.368436,35702,28,28672,204.13039866695442
2,full,2,49,static,1,74,842,2.205114,0.36753399999999997,35702,264,270336,204.13039866695442
2,full,2,50,static,0,23,791,2.192927,0.363492,35702,266,272384,160.89841954372153
2,full,2,50,temporal,1,23,791,2.490662,0.7829489999999998,35702,28,28672,160.89841954372153
2,full,2,51,temporal,0,337,1105,2.341792,0.42362199999999994,35702,28,28672,59.697882190795006
2,full,2,51,static,1,337,1105,2.462689,0.5043689999999998,35702,265,271360,59.697882190795006
2,full,2,52,static,0,1,769,2.204835,0.5256279999999999,35702,265,271360,116.57760762526533
2,full,2,52,temporal,1,1,769,2.264673,0.36529100000000003,35702,28,28672,116.57760762526533
2,full,2,53,temporal,0,517,1285,2.5296469999999998,0.37065699999999996,35702,28,28672,17.61264268276998
2,full,2,53,static,1,517,1285,2.279223,0.35787900000000006,35702,264,270336,17.61264268276998
2,full,2,54,static,0,407,1175,3.3277699999999997,1.1092490000000002,35702,266,272384,185.98877202256548
2,full,2,54,temporal,1,407,1175,2.2151940000000003,0.36691900000000005,35702,28,28672,185.98877202256548
2,full,2,55,temporal,0,866,1634,2.817907,0.375865,35702,28,28672,47.15174156073452
2,full,2,55,static,1,866,1634,2.637165,0.663451,35702,264,270336,47.15174156073452
2,full,2,56,static,0,877,1645,2.259067,0.5383129999999999,35702,264,270336,17.304144164302727
2,full,2,56,temporal,1,877,1645,2.242881,0.41019700000000003,35702,28,28672,17.304144164302727
2,full,2,57,temporal,0,1199,1967,2.6661960000000002,0.38904,35702,28,28672,161.86192194466838
2,full,2,57,static,1,1199,1967,2.437176,0.7474009999999999,35702,264,270336,161.86192194466838
2,full,2,58,static,0,889,1657,3.138835,0.549595,35702,266,272384,-15.377266773144266
2,full,2,58,temporal,1,889,1657,2.4751980000000002,0.372621,35702,28,28672,-15.377266773144266
2,full,2,59,temporal,0,362,1130,4.552427000000001,0.682636,35702,28,28672,130.11064063420324
2,full,2,59,static,1,362,1130,2.8727980000000004,0.422358,35702,264,270336,130.11064063420324
2,full,2,60,static,0,388,1156,2.300413,0.424477,35702,264,270336,173.01738943857728
2,full,2,60,temporal,1,388,1156,2.3786680000000002,0.40461299999999994,35702,28,28672,173.01738943857728
2,full,2,61,temporal,0,92,860,2.245963,0.36891299999999994,35702,28,28672,187.00309934378427
2,full,2,61,static,1,92,860,2.494217,0.40288000000000007,35702,266,272384,187.00309934378427
2,full,2,62,static,0,365,1133,2.180868,0.36334000000000005,35702,264,270336,136.65597964423802
2,full,2,62,temporal,1,365,1133,2.1940929999999996,0.4194710000000001,35702,28,28672,136.65597964423802
2,full,2,63,temporal,0,372,1140,2.587991,0.422612,35702,28,28672,150.2868273047182
2,full,2,63,static,1,372,1140,2.0789590000000002,0.36201999999999995,35702,263,269312,150.2868273047182
2,full,2,64,static,0,796,1564,2.3848089999999997,0.36004900000000006,35702,265,271360,203.9131611215396
2,full,2,64,temporal,1,796,1564,2.924913,0.9286980000000001,35702,28,28672,203.9131611215396
2,full,2,65,temporal,0,775,1543,2.1513109999999998,0.43097100000000005,35702,28,28672,216.94688901395486
2,full,2,65,static,1,775,1543,2.078203,0.377499,35702,263,269312,216.94688901395486
2,full,2,66,static,0,1121,1889,2.217875,0.37228600000000006,35702,266,272384,198.79177445253742
2,full,2,66,temporal,1,1121,1889,2.155508,0.368046,35702,28,28672,198.79177445253742
2,full,2,67,temporal,0,244,1012,2.184179,0.420076,35702,28,28672,-242.5235168546493
2,full,2,67,static,1,244,1012,2.242277,0.422777,35702,266,272384,-242.5235168546493
2,full,2,68,static,0,603,1371,2.510584,0.5238640000000001,35702,264,270336,-239.14193162775652
2,full,2,68,temporal,1,603,1371,2.183117,0.4664439999999999,35702,28,28672,-239.14193162775652
2,full,2,69,temporal,0,1037,1805,2.274832,0.3592699999999999,35702,28,28672,-141.82824968575744
2,full,2,69,static,1,1037,1805,2.16727,0.36724299999999993,35702,265,271360,-141.82824968575744
2,full,2,70,static,0,776,1544,2.195426,0.363765,35702,262,268288,216.9441252978419
2,full,2,70,temporal,1,776,1544,2.453789,0.439456,35702,28,28672,216.9441252978419
2,full,2,71,temporal,0,376,1144,3.0901449999999997,1.0185640000000002,35702,28,28672,157.0522956021241
2,full,2,71,static,1,376,1144,2.345229,0.36809500000000006,35702,263,269312,157.0522956021241
2,full,2,72,static,0,203,971,2.191881,0.36674,35702,264,270336,-208.55629601807433
2,full,2,72,temporal,1,203,971,2.8228429999999998,0.372351,35702,28,28672,-208.55629601807433
2,full,2,73,temporal,0,334,1102,2.707522,0.46172399999999997,35702,28,28672,49.50956730027103
2,full,2,73,static,1,334,1102,2.39689,0.36938299999999996,35702,265,271360,49.50956730027103
2,full,2,74,static,0,284,1052,2.417621,0.418576,35702,264,270336,-142.3548132139245
2,full,2,74,temporal,1,284,1052,2.731517,0.498676,35702,28,28672,-142.3548132139245
2,full,2,75,temporal,0,329,1097,2.274322,0.526432,35702,28,28672,31.84170900676348
2,full,2,75,static,1,329,1097,2.827484,0.47033899999999995,35702,266,272384,31.84170900676348
2,full,2,76,static,0,875,1643,2.396534,0.5225270000000001,35702,264,270336,22.744817101359143
2,full,2,76,temporal,1,875,1643,2.975449,0.9664690000000002,35702,28,28672,22.744817101359143
2,full,2,77,temporal,0,524,1292,2.186493,0.43547,35702,28,28672,-6.455350305757601
2,full,2,77,static,1,524,1292,2.0563360000000004,0.36244699999999996,35702,264,270336,-6.455350305757601
2,full,2,78,static,0,1038,1806,2.149887,0.357824,35702,264,270336,-138.54400842191143
2,full,2,78,temporal,1,1038,1806,2.872126,0.5716129999999999,35702,28,28672,-138.54400842191143
2,full,2,79,temporal,0,729,1497,2.7379510000000002,0.8085819999999999,35702,28,28672,139.66125854483164
2,full,2,79,static,1,729,1497,2.047275,0.34963199999999994,35702,266,272384,139.66125854483164
2,full,2,80,static,0,827,1595,2.306677,0.41683,35702,264,270336,147.13250685287332
2,full,2,80,temporal,1,827,1595,2.079267,0.41261300000000006,35702,28,28672,147.13250685287332
2,full,2,81,temporal,0,15,783,2.051044,0.41036500000000004,35702,28,28672,145.9377130855222
2,full,2,81,static,1,15,783,2.8035680000000003,0.584158,35702,266,272384,145.9377130855222
2,full,2,82,static,0,81,849,2.248849,0.36720600000000003,35702,266,272384,199.92045136799956
2,full,2,82,temporal,1,81,849,2.022622,0.35729,35702,28,28672,199.92045136799956
2,full,2,83,temporal,0,1206,1974,2.20066,0.364341,35702,28,28672,138.7586014750798
2,full,2,83,static,1,1206,1974,2.08628,0.3580789999999999,35702,266,272384,138.7586014750798
2,full,2,84,static,0,94,862,2.076465,0.362161,35702,266,272384,183.80180926144706
2,full,2,84,temporal,1,94,862,2.395117,0.6645970000000001,35702,28,28672,183.80180926144706
2,full,2,85,temporal,0,907,1675,2.123184,0.349429,35702,28,28672,-64.11702375452158
2,full,2,85,static,1,907,1675,2.653764,0.468828,35702,265,271360,-64.11702375452158
2,full,2,86,static,0,688,1456,2.282,0.42853199999999997,35702,263,269312,-31.619896031619266
2,full,2,86,temporal,1,688,1456,2.411709,0.368315,35702,28,28672,-31.619896031619266
2,full,2,87,temporal,0,665,1433,2.071048,0.365225,35702,28,28672,-132.47046471741868
2,full,2,87,static,1,665,1433,2.327855,0.36212,35702,265,271360,-132.47046471741868
2,full,2,88,static,0,430,1198,2.363373,0.43405799999999994,35702,264,270336,184.14367650354794
2,full,2,88,temporal,1,430,1198,2.138563,0.36612199999999995,35702,28,28672,184.14367650354794
2,full,2,89,temporal,0,808,1576,2.325898,0.414147,35702,28,28672,186.06425994057113
2,full,2,89,static,1,808,1576,2.230734,0.36552500000000004,35702,266,272384,186.06425994057113
2,full,2,90,static,0,1137,1905,2.053702,0.35992799999999997,35702,266,272384,232.6508948075365
2,full,2,90,temporal,1,1137,1905,2.403367,0.39601000000000003,35702,28,28672,232.6508948075365
2,full,2,91,temporal,0,1066,1834,2.717877,0.444647,35702,28,28672,-26.31087228257942
2,full,2,91,static,1,1066,1834,2.1512160000000002,0.48032400000000003,35702,264,270336,-26.31087228257942
2,full,2,92,static,0,1132,1900,2.141272,0.41271,35702,266,272384,224.3896490125356
2,full,2,92,temporal,1,1132,1900,2.7297730000000002,0.6192369999999999,35702,28,28672,224.3896490125356
2,full,2,93,temporal,0,928,1696,2.178024,0.36842700000000006,35702,28,28672,-118.96823822950707
2,full,2,93,static,1,928,1696,2.631177,0.37165899999999996,35702,263,269312,-118.96823822950707
2,full,2,94,static,0,335,1103,2.262118,0.41932899999999995,35702,266,272384,52.941718786518074
2,full,2,94,temporal,1,335,1103,2.181222,0.36408700000000005,35702,28,28672,52.941718786518074
2,full,2,95,temporal,0,733,1501,2.058856,0.41011,35702,28,28672,152.32079643042886
2,full,2,95,static,1,733,1501,2.258321,0.4238260000000001,35702,266,272384,152.32079643042886
2,full,2,96,static,0,600,1368,2.036111,0.357811,35702,264,270336,-235.99056056161126
2,full,2,96,temporal,1,600,1368,2.1010199999999997,0.3751049999999999,35702,28,28672,-235.99056056161126
2,full,2,97,temporal,0,883,1651,2.700156,0.543555,35702,28,28672,0.9652392614501409
2,full,2,97,static,1,883,1651,2.3076030000000003,0.5407100000000001,35702,266,272384,0.9652392614501409
2,full,2,98,static,0,139,907,2.034489,0.362135,35702,264,270336,47.02846808501505
2,full,2,98,temporal,1,139,907,2.179843,0.37398400000000004,35702,28,28672,47.02846808501505
2,full,2,99,temporal,0,1108,1876,2.087744,0.378205,35702,28,28672,156.8233929533297
2,full,2,99,static,1,1108,1876,2.136007,0.38770299999999996,35702,264,270336,156.8233929533297
2,full,2,100,static,0,1133,1901,2.31218,0.41476,35702,266,272384,226.21612431199785
2,full,2,100,temporal,1,1133,1901,2.071016,0.359797,35702,28,28672,226.21612431199785
2,full,2,101,temporal,0,458,1226,2.292114,0.40469099999999997,35702,28,28672,158.7432440461518
2,full,2,101,static,1,458,1226,2.2704869999999997,0.51342,35702,264,270336,158.7432440461518
2,full,2,102,static,0,572,1340,2.287122,0.481658,35702,265,271360,-175.35839861456472
2,full,2,102,temporal,1,572,1340,2.456701,0.5743790000000001,35702,28,28672,-175.35839861456472
2,full,2,103,temporal,0,1098,1866,2.162412,0.411432,35702,28,28672,117.63990080373254
2,full,2,103,static,1,1098,1866,2.068478,0.359312,35702,264,270336,117.63990080373254
2,full,2,104,static,0,318,1086,2.723806,1.0059460000000002,35702,265,271360,-9.514064883296998
2,full,2,104,temporal,1,318,1086,2.3453049999999998,0.5312290000000001,35702,28,28672,-9.514064883296998
2,full,2,105,temporal,0,176,944,3.0565480000000003,0.38392800000000005,35702,28,28672,-114.55722463555
2,full,2,105,static,1,176,944,2.308073,0.3675030000000001,35702,266,272384,-114.55722463555
2,full,2,106,static,0,354,1122,2.734279,0.698671,35702,264,270336,110.60073492243093
2,full,2,106,temporal,1,354,1122,2.575289,0.4489410000000001,35702,28,28672,110.60073492243093
2,full,2,107,temporal,0,75,843,2.240631,0.41865899999999995,35702,28,28672,203.7129719032544
2,full,2,107,static,1,75,843,2.464186,0.415922,35702,264,270336,203.7129719032544
2,full,2,108,static,0,1232,2000,2.34259,0.36092300000000005,35702,264,270336,44.79036278996181
2,full,2,108,temporal,1,1232,2000,2.523695,0.6608309999999998,35702,28,28672,44.79036278996181
2,full,2,109,temporal,0,928,1696,2.236491,0.42638300000000007,35702,28,28672,-118.96823822950707
2,full,2,109,static,1,928,1696,2.558008,0.513687,35702,263,269312,-118.96823822950707
2,full,2,110,static,0,700,1468,2.173678,0.434373,35702,263,269312,23.410297690212328
2,full,2,110,temporal,1,700,1468,2.719687,0.464788,35702,28,28672,23.410297690212328
2,full,2,111,temporal,0,173,941,2.290753,0.374026,35702,28,28672,-101.93271596363299
2,full,2,111,static,1,173,941,2.1532869999999997,0.37194599999999994,35702,266,272384,-101.93271596363299
2,full,2,112,static,0,1003,1771,2.392028,0.5189300000000001,35702,264,270336,-212.24225208712133
2,full,2,112,temporal,1,1003,1771,2.202518,0.36396,35702,28,28672,-212.24225208712133
2,full,2,113,temporal,0,1073,1841,2.196099,0.406291,35702,27,27648,5.624089236292837
2,full,2,113,static,1,1073,1841,2.1598339999999996,0.428548,35702,263,269312,5.624089236292837
2,full,2,114,static,0,599,1367,2.0701769999999997,0.36394600000000005,35702,264,270336,-234.77699292104555
2,full,2,114,temporal,1,599,1367,2.17592,0.41902800000000007,35702,28,28672,-234.77699292104555
2,full,2,115,temporal,0,1253,2021,2.8868829999999996,0.40996299999999997,35702,28,28672,-28.61207407041202
2,full,2,115,static,1,1253,2021,2.089952,0.406657,35702,262,268288,-28.61207407041202
2,full,2,116,static,0,232,1000,2.3423290000000003,0.36305299999999996,35702,264,270336,-248.3850886284491
2,full,2,116,temporal,1,232,1000,2.281734,0.450241,35702,28,28672,-248.3850886284491
2,full,2,117,temporal,0,1126,1894,2.367007,0.366101,35702,28,28672,211.6502687099376
2,full,2,117,static,1,1126,1894,2.437196,0.4396190000000001,35702,267,273408,211.6502687099376
2,full,2,118,static,0,942,1710,2.7698110000000002,0.8079319999999998,35702,264,270336,-152.4822633548373
2,full,2,118,temporal,1,942,1710,2.166739,0.366602,35702,28,28672,-152.4822633548373
2,full,2,119,temporal,0,224,992,2.2697089999999998,0.407762,35702,28,28672,-244.93781589209146
2,full,2,119,static,1,224,992,2.116125,0.36222,35702,265,271360,-244.93781589209146
2,full,3,0,temporal,0,932,1700,2.411688,0.47190599999999994,35702,28,28672,-128.89151964409507
2,full,3,0,static,1,932,1700,2.399156,0.5759280000000001,35702,263,269312,-128.89151964409507
2,full,3,1,static,0,986,1754,2.56475,0.41950800000000005,35702,265,271360,-216.1825482251916
2,full,3,1,temporal,1,986,1754,2.250455,0.49896399999999996,35702,28,28672,-216.1825482251916
2,full,3,2,temporal,0,1024,1792,2.3052900000000003,0.42638600000000004,35702,28,28672,-178.54661235659518
2,full,3,2,static,1,1024,1792,2.506224,0.521378,35702,265,271360,-178.54661235659518
2,full,3,3,static,0,540,1308,2.347744,0.411522,35702,264,270336,-64.42694054820156
2,full,3,3,temporal,1,540,1308,2.077108,0.36461799999999994,35702,28,28672,-64.42694054820156
2,full,3,4,temporal,0,9,777,2.374945,0.41372999999999993,35702,28,28672,133.8070028710431
2,full,3,4,static,1,9,777,2.406124,0.36669100000000004,35702,266,272384,133.8070028710431
2,full,3,5,static,0,933,1701,2.509793,0.40528400000000003,35702,262,268288,-131.33407469793312
2,full,3,5,temporal,1,933,1701,2.283762,0.4240560000000001,35702,28,28672,-131.33407469793312
2,full,3,6,temporal,0,166,934,2.9971669999999997,0.9769450000000001,35702,27,27648,-71.55373290697945
2,full,3,6,static,1,166,934,2.513908,0.38147299999999995,35702,266,272384,-71.55373290697945
2,full,3,7,static,0,669,1437,2.214448,0.40523000000000003,35702,265,271360,-116.13079642960459
2,full,3,7,temporal,1,669,1437,2.541096,0.461051,35702,28,28672,-116.13079642960459
2,full,3,8,temporal,0,1003,1771,2.4199159999999997,0.358925,35702,28,28672,-212.24225208712133
2,full,3,8,static,1,1003,1771,2.7008769999999998,0.5768749999999999,35702,264,270336,-212.24225208712133
2,full,3,9,static,0,615,1383,2.0719570000000003,0.40654899999999994,35702,263,269312,-244.06798176021286
2,full,3,9,temporal,1,615,1383,2.502842,0.4147939999999999,35702,28,28672,-244.06798176021286
2,full,3,10,temporal,0,258,1026,2.3145689999999997,0.36956500000000003,35702,28,28672,-219.92116318415518
2,full,3,10,static,1,258,1026,2.263257,0.416536,35702,266,272384,-219.92116318415518
2,full,3,11,static,0,21,789,2.344516,0.670176,35702,266,272384,157.2991755462777
2,full,3,11,temporal,1,21,789,2.160065,0.410872,35702,28,28672,157.2991755462777
2,full,3,12,temporal,0,1026,1794,2.204989,0.359351,35702,28,28672,-173.65307259578958
2,full,3,12,static,1,1026,1794,2.105753,0.36245700000000003,35702,264,270336,-173.65307259578958
2,full,3,13,static,0,18,786,2.6990260000000004,0.5876129999999999,35702,265,271360,151.72050262562246
2,full,3,13,temporal,1,18,786,2.634678,0.377927,35702,28,28672,151.72050262562246
2,full,3,14,temporal,0,1016,1784,2.225229,0.360464,35702,28,28672,-195.22530412854437
2,full,3,14,static,1,1016,1784,2.337245,0.401806,35702,263,269312,-195.22530412854437
2,full,3,15,static,0,1206,1974,2.355414,0.515721,35702,266,272384,138.7586014750798
2,full,3,15,temporal,1,1206,1974,2.0687349999999998,0.40565,35702,28,28672,138.7586014750798
2,full,3,16,temporal,0,524,1292,2.435379,0.373368,35702,28,28672,-6.455350305757601
2,full,3,16,static,1,524,1292,2.250387,0.416049,35702,264,270336,-6.455350305757601
2,full,3,17,static,0,153,921,2.164276,0.42451399999999995,35702,264,270336,-13.612228886100716
2,full,3,17,temporal,1,153,921,2.1396330000000003,0.36422,35702,28,28672,-13.612228886100716
2,full,3,18,temporal,0,231,999,2.2329350000000003,0.42365499999999995,35702,28,28672,-248.278504676328
2,full,3,18,static,1,231,999,2.0878360000000002,0.36529199999999995,35702,264,270336,-248.278504676328
2,full,3,19,static,0,285,1053,2.371622,0.362752,35702,264,270336,-138.71161618630668
2,full,3,19,temporal,1,285,1053,2.277308,0.37400999999999995,35702,28,28672,-138.71161618630668
2,full,3,20,temporal,0,1180,1948,2.048895,0.352091,35702,28,28672,213.41343865723985
2,full,3,20,static,1,1180,1948,2.2423059999999997,0.367424,35702,264,270336,213.41343865723985
2,full,3,21,static,0,421,1189,2.299052,0.413484,35702,265,271360,186.97757391504013
2,full,3,21,temporal,1,421,1189,2.2752649999999996,0.416661,35702,28,28672,186.97757391504013
2,full,3,22,temporal,0,561,1329,2.281675,0.35683600000000004,35702,27,27648,-140.00305668870342
2,full,3,22,static,1,561,1329,2.5815970000000004,0.38206400000000007,35702,265,271360,-140.00305668870342
2,full,3,23,static,0,430,1198,2.58678,0.368245,35702,264,270336,184.14367650354794
2,full,3,23,temporal,1,430,1198,2.2764759999999997,0.41802200000000006,35702,28,28672,184.14367650354794
2,full,3,24,temporal,0,489,1257,2.35477,0.367833,35702,28,28672,99.74243982689951
2,full,3,24,static,1,489,1257,2.142943,0.4695710000000001,35702,266,272384,99.74243982689951
2,full,3,25,static,0,360,1128,2.250671,0.364956,35702,265,271360,125.51251331258617
2,full,3,25,temporal,1,360,1128,2.7740329999999997,0.5337029999999999,35702,28,28672,125.51251331258617
2,full,3,26,temporal,0,719,1487,2.400416,0.40320900000000004,35702,28,28672,103.8538242223047
2,full,3,26,static,1,719,1487,2.207176,0.371384,35702,265,271360,103.8538242223047
2,full,3,27,static,0,1190,1958,2.405385,0.44978999999999997,35702,263,269312,188.67147484602395
2,full,3,27,temporal,1,1190,1958,2.320546,0.41582800000000003,35702,27,27648,188.67147484602395
2,full,3,28,temporal,0,48,816,2.2188120000000002,0.5241929999999998,35702,28,28672,195.80996510912468
2,full,3,28,static,1,48,816,2.228951,0.411477,35702,263,269312,195.80996510912468
2,full,3,29,static,0,512,1280,2.6328419999999997,0.41402999999999995,35702,264,270336,34.06952676770391
2,full,3,29,temporal,1,512,1280,2.090601,0.36568500000000004,35702,28,28672,34.06952676770391
2,full,3,30,temporal,0,394,1162,2.186755,0.3721020000000001,35702,28,28672,178.66928248152112
2,full,3,30,static,1,394,1162,2.133505,0.4047249999999999,35702,264,270336,178.66928248152112
2,full,3,31,static,0,4,772,2.569996,0.4929909999999999,35702,266,272384,123.17108841893915
2,full,3,31,temporal,1,4,772,2.281129,0.40486200000000006,35702,28,28672,123.17108841893915
2,full,3,32,temporal,0,698,1466,2.481021,0.467678,35702,28,28672,14.33856886440937
2,full,3,32,static,1,698,1466,2.334387,0.44538599999999995,35702,264,270336,14.33856886440937
2,full,3,33,static,0,1206,1974,2.13757,0.350246,35702,266,272384,138.7586014750798
2,full,3,33,temporal,1,1206,1974,2.147167,0.347042,35702,28,28672,138.7586014750798
2,full,3,34,temporal,0,713,1481,2.058598,0.41848199999999997,35702,28,28672,79.90134622067721
2,full,3,34,static,1,713,1481,2.144792,0.345311,35702,264,270336,79.90134622067721
2,full,3,35,static,0,1131,1899,2.1350230000000003,0.359413,35702,266,272384,222.4772167646171
2,full,3,35,temporal,1,1131,1899,2.106001,0.368359,35702,28,28672,222.4772167646171
2,full,3,36,temporal,0,1056,1824,2.0734239999999997,0.408791,35702,28,28672,-70.08850019364465
2,full,3,36,static,1,1056,1824,2.188311,0.439133,35702,266,272384,-70.08850019364465
2,full,3,37,static,0,559,1327,2.175508,0.496679,35702,264,270336,-133.13724617456643
2,full,3,37,temporal,1,559,1327,2.598274,0.6970609999999999,35702,28,28672,-133.13724617456643
2,full,3,38,temporal,0,898,1666,2.363175,0.41843699999999995,35702,28,28672,-39.834798714834534
2,full,3,38,static,1,898,1666,2.267103,0.372643,35702,266,272384,-39.834798714834534
2,full,3,39,static,0,493,1261,4.33223,0.583385,35702,265,271360,89.61987157301787
2,full,3,39,temporal,1,493,1261,2.133651,0.476577,35702,28,28672,89.61987157301787
2,full,3,40,temporal,0,1078,1846,2.48095,0.4352690000000001,35702,28,28672,28.67386967721174
2,full,3,40,static,1,1078,1846,2.936668,0.7471099999999999,35702,264,270336,28.67386967721174
2,full,3,41,static,0,52,820,2.453724,0.3694390000000001,35702,263,269312,199.25904674345787
2,full,3,41,temporal,1,52,820,2.281219,0.399978,35702,28,28672,199.25904674345787
2,full,3,42,temporal,0,173,941,2.448416,0.36198900000000006,35702,28,28672,-101.93271596363299
2,full,3,42,static,1,173,941,2.1371659999999997,0.358628,35702,266,272384,-101.93271596363299
2,full,3,43,static,0,814,1582,2.331421,0.345407,35702,266,272384,174.96417984494377
2,full,3,43,temporal,1,814,1582,2.717409,0.3737580000000001,35702,28,28672,174.96417984494377
2,full,3,44,temporal,0,435,1203,2.369481,0.43265100000000006,35702,28,28672,181.4449673814679
2,full,3,44,static,1,435,1203,2.748596,0.5139189999999999,35702,264,270336,181.4449673814679
2,full,3,45,static,0,1153,1921,2.086174,0.416224,35702,263,269312,244.08739719781872
2,full,3,45,temporal,1,1153,1921,2.723279,0.5324590000000001,35702,28,28672,244.08739719781872
2,full,3,46,temporal,0,903,1671,3.064048,0.39641200000000004,35702,28,28672,-53.356039055480316
2,full,3,46,static,1,903,1671,2.6310439999999997,0.42605400000000004,35702,266,272384,-53.356039055480316
2,full,3,47,static,0,238,1006,2.251415,0.36610099999999995,35702,265,271360,-247.08829200577625
2,full,3,47,temporal,1,238,1006,2.597267,0.662678,35702,28,28672,-247.08829200577625
2,full,3,48,temporal,0,510,1278,3.784268,0.43205499999999997,35702,28,28672,40.45785749438776
2,full,3,48,static,1,510,1278,2.6286769999999997,0.5369279999999998,35702,264,270336,40.45785749438776
2,full,3,49,static,0,74,842,2.2773950000000003,0.45598600000000006,35702,264,270336,204.13039866695442
2,full,3,49,temporal,1,74,842,2.3141580000000004,0.410813,35702,28,28672,204.13039866695442
2,full,3,50,temporal,0,23,791,2.677578,0.41397500000000004,35702,28,28672,160.89841954372153
2,full,3,50,static,1,23,791,2.349827,0.408124,35702,266,272384,160.89841954372153
2,full,3,51,static,0,337,1105,2.3027949999999997,0.517697,35702,265,271360,59.697882190795006
2,full,3,51,temporal,1,337,1105,2.301234,0.371039,35702,28,28672,59.697882190795006
2,full,3,52,temporal,0,1,769,2.249403,0.42280599999999996,35702,28,28672,116.57760762526533
2,full,3,52,static,1,1,769,2.2276179999999997,0.366971,35702,265,271360,116.57760762526533
2,full,3,53,static,0,517,1285,2.2332799999999997,0.443997,35702,264,270336,17.61264268276998
2,full,3,53,temporal,1,517,1285,2.45124,0.588269,35702,28,28672,17.61264268276998
2,full,3,54,temporal,0,407,1175,2.418674,0.397074,35702,28,28672,185.98877202256548
2,full,3,54,static,1,407,1175,2.0906800000000003,0.37021000000000004,35702,266,272384,185.98877202256548
2,full,3,55,static,0,866,1634,2.377853,0.421957,35702,264,270336,47.15174156073452
2,full,3,55,temporal,1,866,1634,2.4062580000000002,0.37550800000000006,35702,28,28672,47.15174156073452
2,full,3,56,temporal,0,877,1645,2.1714260000000003,0.35110699999999995,35702,28,28672,17.304144164302727
2,full,3,56,static,1,877,1645,2.2276819999999997,0.35285900000000003,35702,264,270336,17.304144164302727
2,full,3,57,static,0,1199,1967,2.29669,0.378438,35702,264,270336,161.86192194466838
2,full,3,57,temporal,1,1199,1967,2.480339,0.4294619999999999,35702,28,28672,161.86192194466838
2,full,3,58,temporal,0,889,1657,2.5215799999999997,0.404794,35702,28,28672,-15.377266773144266
2,full,3,58,static,1,889,1657,2.312409,0.43475099999999994,35702,266,272384,-15.377266773144266
2,full,3,59,static,0,362,1130,2.2478659999999997,0.561529,35702,264,270336,130.11064063420324
2,full,3,59,temporal,1,362,1130,2.409535,0.391111,35702,28,28672,130.11064063420324
2,full,3,60,temporal,0,388,1156,2.387851,0.4055730000000001,35702,28,28672,173.01738943857728
2,full,3,60,static,1,388,1156,2.181334,0.458865,35702,264,270336,173.01738943857728
2,full,3,61,static,0,92,860,2.531204,0.45172500000000004,35702,266,272384,187.00309934378427
2,full,3,61,temporal,1,92,860,2.118074,0.35343499999999994,35702,28,28672,187.00309934378427
2,full,3,62,temporal,0,365,1133,2.648822,0.6221439999999999,35702,28,28672,136.65597964423802
2,full,3,62,static,1,365,1133,2.152417,0.418268,35702,264,270336,136.65597964423802
2,full,3,63,static,0,372,1140,2.483109,0.48620099999999994,35702,263,269312,150.2868273047182
2,full,3,63,temporal,1,372,1140,2.485218,0.43604099999999996,35702,28,28672,150.2868273047182
2,full,3,64,temporal,0,796,1564,2.220816,0.368737,35702,28,28672,203.9131611215396
2,full,3,64,static,1,796,1564,2.2709010000000003,0.5314310000000001,35702,265,271360,203.9131611215396
2,full,3,65,static,0,775,1543,2.192403,0.369108,35702,263,269312,216.94688901395486
2,full,3,65,temporal,1,775,1543,2.2831520000000003,0.43839999999999996,35702,28,28672,216.94688901395486
2,full,3,66,temporal,0,1121,1889,2.16668,0.359836,35702,28,28672,198.79177445253742
2,full,3,66,static,1,1121,1889,2.457945,0.43334300000000003,35702,266,272384,198.79177445253742
2,full,3,67,static,0,244,1012,2.18316,0.359295,35702,266,272384,-242.5235168546493
2,full,3,67,temporal,1,244,1012,2.489971,0.542809,35702,28,28672,-242.5235168546493
2,full,3,68,temporal,0,603,1371,2.3554079999999997,0.414335,35702,28,28672,-239.14193162775652
2,full,3,68,static,1,603,1371,2.465437,0.5910399999999999,35702,264,270336,-239.14193162775652
2,full,3,69,static,0,1037,1805,2.057235,0.355435,35702,265,271360,-141.82824968575744
2,full,3,69,temporal,1,1037,1805,2.5679269999999996,0.36373500000000003,35702,28,28672,-141.82824968575744
2,full,3,70,temporal,0,776,1544,2.295178,0.48453399999999996,35702,28,28672,216.9441252978419
2,full,3,70,static,1,776,1544,2.245172,0.430587,35702,262,268288,216.9441252978419
2,full,3,71,static,0,376,1144,2.23646,0.366858,35702,263,269312,157.0522956021241
2,full,3,71,temporal,1,376,1144,2.526841,0.472871,35702,28,28672,157.0522956021241
2,full,3,72,temporal,0,203,971,2.074601,0.37318100000000004,35702,28,28672,-208.55629601807433
2,full,3,72,static,1,203,971,2.155081,0.361998,35702,264,270336,-208.55629601807433
2,full,3,73,static,0,334,1102,2.865649,0.37426499999999996,35702,265,271360,49.50956730027103
2,full,3,73,temporal,1,334,1102,3.326083,0.42700600000000005,35702,28,28672,49.50956730027103
2,full,3,74,temporal,0,284,1052,3.4548360000000002,0.37605200000000005,35702,28,28672,-142.3548132139245
2,full,3,74,static,1,284,1052,4.411313,0.37719500000000006,35702,264,270336,-142.3548132139245
2,full,3,75,static,0,329,1097,2.723233,0.42406900000000003,35702,266,272384,31.84170900676348
2,full,3,75,temporal,1,329,1097,2.5166709999999997,0.4199819999999999,35702,28,28672,31.84170900676348
2,full,3,76,temporal,0,875,1643,2.368668,0.378735,35702,28,28672,22.744817101359143
2,full,3,76,static,1,875,1643,2.165901,0.36164499999999994,35702,264,270336,22.744817101359143
2,full,3,77,static,0,524,1292,2.737697,0.415206,35702,264,270336,-6.455350305757601
2,full,3,77,temporal,1,524,1292,2.778582,0.44096399999999997,35702,28,28672,-6.455350305757601
2,full,3,78,temporal,0,1038,1806,2.5412809999999997,0.591455,35702,28,28672,-138.54400842191143
2,full,3,78,static,1,1038,1806,2.550121,0.5237449999999999,35702,264,270336,-138.54400842191143
2,full,3,79,static,0,729,1497,2.2479090000000004,0.527582,35702,266,272384,139.66125854483164
2,full,3,79,temporal,1,729,1497,2.3586110000000002,0.40636799999999995,35702,28,28672,139.66125854483164
2,full,3,80,temporal,0,827,1595,2.52549,0.5599480000000001,35702,28,28672,147.13250685287332
2,full,3,80,static,1,827,1595,2.193985,0.40090799999999993,35702,264,270336,147.13250685287332
2,full,3,81,static,0,15,783,2.482438,0.3939639999999999,35702,266,272384,145.9377130855222
2,full,3,81,temporal,1,15,783,2.262962,0.367145,35702,28,28672,145.9377130855222
2,full,3,82,temporal,0,81,849,2.188591,0.366644,35702,28,28672,199.92045136799956
2,full,3,82,static,1,81,849,3.114955,1.1427770000000002,35702,266,272384,199.92045136799956
2,full,3,83,static,0,1206,1974,2.9790300000000003,0.6291199999999999,35702,266,272384,138.7586014750798
2,full,3,83,temporal,1,1206,1974,2.569414,0.5163750000000003,35702,28,28672,138.7586014750798
2,full,3,84,temporal,0,94,862,2.411631,0.43481,35702,28,28672,183.80180926144706
2,full,3,84,static,1,94,862,2.255329,0.40827,35702,266,272384,183.80180926144706
2,full,3,85,static,0,907,1675,2.3429610000000003,0.41432700000000006,35702,265,271360,-64.11702375452158
2,full,3,85,temporal,1,907,1675,2.488573,0.46729399999999993,35702,28,28672,-64.11702375452158
2,full,3,86,temporal,0,688,1456,2.544342,0.363867,35702,28,28672,-31.619896031619266
2,full,3,86,static,1,688,1456,2.454633,0.516555,35702,263,269312,-31.619896031619266
2,full,3,87,static,0,665,1433,2.234244,0.44439,35702,265,271360,-132.47046471741868
2,full,3,87,temporal,1,665,1433,2.3008669999999998,0.36776799999999993,35702,28,28672,-132.47046471741868
2,full,3,88,temporal,0,430,1198,2.0988119999999997,0.37293899999999996,35702,28,28672,184.14367650354794
2,full,3,88,static,1,430,1198,2.201963,0.426313,35702,264,270336,184.14367650354794
2,full,3,89,static,0,808,1576,2.6341810000000003,0.36839700000000003,35702,266,272384,186.06425994057113
2,full,3,89,temporal,1,808,1576,2.380808,0.402403,35702,28,28672,186.06425994057113
2,full,3,90,temporal,0,1137,1905,2.3107349999999998,0.3580959999999999,35702,28,28672,232.6508948075365
2,full,3,90,static,1,1137,1905,2.371795,0.35894800000000004,35702,266,272384,232.6508948075365
2,full,3,91,static,0,1066,1834,2.0924329999999998,0.425221,35702,264,270336,-26.31087228257942
2,full,3,91,temporal,1,1066,1834,3.1894150000000003,1.044645,35702,28,28672,-26.31087228257942
2,full,3,92,temporal,0,1132,1900,2.957037,0.539129,35702,28,28672,224.3896490125356
2,full,3,92,static,1,1132,1900,2.3112850000000003,0.36621200000000004,35702,266,272384,224.3896490125356
2,full,3,93,static,0,928,1696,2.351925,0.435389,35702,263,269312,-118.96823822950707
2,full,3,93,temporal,1,928,1696,2.303138,0.43214600000000003,35702,28,28672,-118.96823822950707
2,full,3,94,temporal,0,335,1103,2.325937,0.45943899999999993,35702,28,28672,52.941718786518074
2,full,3,94,static,1,335,1103,2.4369,0.374412,35702,266,272384,52.941718786518074
2,full,3,95,static,0,733,1501,2.985081,0.384958,35702,266,272384,152.32079643042886
2,full,3,95,temporal,1,733,1501,2.523688,0.43555000000000005,35702,28,28672,152.32079643042886
2,full,3,96,temporal,0,600,1368,2.5790930000000003,0.47540200000000005,35702,28,28672,-235.99056056161126
2,full,3,96,static,1,600,1368,2.351435,0.361518,35702,264,270336,-235.99056056161126
2,full,3,97,static,0,883,1651,2.3967229999999997,0.426932,35702,266,272384,0.9652392614501409
2,full,3,97,temporal,1,883,1651,2.3187830000000003,0.41252199999999994,35702,28,28672,0.9652392614501409
2,full,3,98,temporal,0,139,907,2.284911,0.42180200000000007,35702,28,28672,47.02846808501505
2,full,3,98,static,1,139,907,2.807201,1.07486,35702,264,270336,47.02846808501505
2,full,3,99,static,0,1108,1876,2.064422,0.401422,35702,264,270336,156.8233929533297
2,full,3,99,temporal,1,1108,1876,2.190529,0.4206909999999999,35702,28,28672,156.8233929533297
2,full,3,100,temporal,0,1133,1901,2.334675,0.419942,35702,28,28672,226.21612431199785
2,full,3,100,static,1,1133,1901,2.496731,0.4102679999999999,35702,266,272384,226.21612431199785
2,full,3,101,static,0,458,1226,2.55711,0.5880870000000001,35702,264,270336,158.7432440461518
2,full,3,101,temporal,1,458,1226,2.553771,0.37599,35702,28,28672,158.7432440461518
2,full,3,102,temporal,0,572,1340,2.2005369999999997,0.361344,35702,28,28672,-175.35839861456472
2,full,3,102,static,1,572,1340,2.20444,0.3509139999999999,35702,265,271360,-175.35839861456472
2,full,3,103,static,0,1098,1866,3.267199,0.6254680000000001,35702,264,270336,117.63990080373254
2,full,3,103,temporal,1,1098,1866,2.67828,0.426472,35702,28,28672,117.63990080373254
2,full,3,104,temporal,0,318,1086,2.667825,0.41742699999999994,35702,28,28672,-9.514064883296998
2,full,3,104,static,1,318,1086,2.21395,0.369827,35702,265,271360,-9.514064883296998
2,full,3,105,static,0,176,944,2.2291250000000002,0.489519,35702,266,272384,-114.55722463555
2,full,3,105,temporal,1,176,944,2.222922,0.3681319999999999,35702,28,28672,-114.55722463555
2,full,3,106,temporal,0,354,1122,3.05014,1.187748,35702,28,28672,110.60073492243093
2,full,3,106,static,1,354,1122,2.20252,0.36747899999999994,35702,264,270336,110.60073492243093
2,full,3,107,static,0,75,843,2.924908,0.388622,35702,264,270336,203.7129719032544
2,full,3,107,temporal,1,75,843,3.857178,0.46952399999999994,35702,28,28672,203.7129719032544
2,full,3,108,temporal,0,1232,2000,2.462279,0.416495,35702,28,28672,44.79036278996181
2,full,3,108,static,1,1232,2000,2.253742,0.411678,35702,264,270336,44.79036278996181
2,full,3,109,static,0,928,1696,2.339058,0.4134669999999999,35702,263,269312,-118.96823822950707
2,full,3,109,temporal,1,928,1696,2.376062,0.4042500000000001,35702,28,28672,-118.96823822950707
2,full,3,110,temporal,0,700,1468,2.2401560000000003,0.36059399999999997,35702,28,28672,23.410297690212328
2,full,3,110,static,1,700,1468,2.358282,0.374246,35702,263,269312,23.410297690212328
2,full,3,111,static,0,173,941,2.443818,0.571176,35702,266,272384,-101.93271596363299
2,full,3,111,temporal,1,173,941,2.1002080000000003,0.418048,35702,28,28672,-101.93271596363299
2,full,3,112,temporal,0,1003,1771,2.580689,0.369678,35702,28,28672,-212.24225208712133
2,full,3,112,static,1,1003,1771,4.993735,2.5015579999999997,35702,264,270336,-212.24225208712133
2,full,3,113,static,0,1073,1841,4.890503,1.255088,35702,263,269312,5.624089236292837
2,full,3,113,temporal,1,1073,1841,2.5927290000000003,0.367632,35702,27,27648,5.624089236292837
2,full,3,114,temporal,0,599,1367,3.011332,0.37345100000000003,35702,28,28672,-234.77699292104555
2,full,3,114,static,1,599,1367,2.943645,0.366379,35702,264,270336,-234.77699292104555
2,full,3,115,static,0,1253,2021,2.7648059999999997,0.6567439999999999,35702,262,268288,-28.61207407041202
2,full,3,115,temporal,1,1253,2021,2.454005,0.36539000000000005,35702,28,28672,-28.61207407041202
2,full,3,116,temporal,0,232,1000,2.327525,0.40726599999999996,35702,28,28672,-248.3850886284491
2,full,3,116,static,1,232,1000,2.809116,0.375592,35702,264,270336,-248.3850886284491
2,full,3,117,static,0,1126,1894,2.320497,0.47613,35702,267,273408,211.6502687099376
2,full,3,117,temporal,1,1126,1894,2.140732,0.512153,35702,28,28672,211.6502687099376
2,full,3,118,temporal,0,942,1710,2.3433870000000003,0.38586400000000004,35702,28,28672,-152.4822633548373
2,full,3,118,static,1,942,1710,2.191585,0.43829499999999993,35702,264,270336,-152.4822633548373
2,full,3,119,static,0,224,992,2.083993,0.414507,35702,265,271360,-244.93781589209146
2,full,3,119,temporal,1,224,992,2.1844159999999997,0.368276,35702,28,28672,-244.93781589209146
