run_id,payload_bytes,rep,query_id,layout,resolver_ms,full_ms,version_slices,payload_bytes_seen,signal_sum
0,256,0,0,static,0.079029,0.652727,266,68096,145.93771308552442
0,256,0,0,temporal,0.026029,0.558324,28,7168,145.93771308552442
0,256,0,1,temporal,0.020751,0.569802,28,7168,63.380686479623634
0,256,0,1,static,0.061744,0.61463,263,67328,63.380686479623634
0,256,0,2,static,0.0727,0.620528,264,67584,40.45785749438763
0,256,0,2,temporal,0.023135,0.569622,28,7168,40.45785749438763
0,256,0,3,temporal,0.023655,0.556832,28,7168,-217.04982565707672
0,256,0,3,static,0.096475,0.642692,264,67584,-217.04982565707672
0,256,0,4,static,0.064778,0.592827,263,67328,-234.04090535309874
0,256,0,4,temporal,0.022364,0.565625,28,7168,-234.04090535309874
0,256,0,5,temporal,0.022133,0.584534,28,7168,85.17509114678268
0,256,0,5,static,0.068163,0.596522,265,67840,85.17509114678268
0,256,0,6,static,0.068093,0.616012,265,67840,187.1289505761579
0,256,0,6,temporal,0.022754,0.545565,28,7168,187.1289505761579
0,256,0,7,temporal,0.021342,0.569141,28,7168,52.87538791205946
0,256,0,7,static,0.071308,0.597544,265,67840,52.87538791205946
0,256,0,8,static,0.087722,0.636973,264,67584,-232.11045170441744
0,256,0,8,temporal,0.023415,0.574719,28,7168,-232.11045170441744
0,256,0,9,temporal,0.024787,0.567187,28,7168,-71.40511442662243
0,256,0,9,static,0.108644,0.658856,264,67584,-71.40511442662243
0,256,0,10,static,0.088274,0.637204,266,68096,114.26236290135003
0,256,0,10,temporal,0.023997,0.558786,28,7168,114.26236290135003
0,256,0,11,temporal,0.021462,0.578565,28,7168,-144.22551788309048
0,256,0,11,static,0.074943,0.629682,266,68096,-144.22551788309048
0,256,0,12,static,0.070156,0.637374,265,67840,161.4671041717946
0,256,0,12,temporal,0.022564,0.570092,28,7168,161.4671041717946
0,256,0,13,temporal,0.024006,0.556622,28,7168,-30.808078623033584
0,256,0,13,static,0.087833,0.637514,265,67840,-30.808078623033584
0,256,0,14,static,0.083847,0.615491,263,67328,-204.635230953713
0,256,0,14,temporal,0.022694,0.570593,28,7168,-204.635230953713
0,256,0,15,temporal,0.020992,0.586698,28,7168,-245.69267172972968
0,256,0,15,static,0.065729,0.597364,265,67840,-245.69267172972968
0,256,0,16,static,0.062805,0.612206,263,67328,-182.83597712776842
0,256,0,16,temporal,0.021613,0.850387,27,6912,-182.83597712776842
0,256,0,17,temporal,0.038849,0.569872,28,7168,-84.93571856247003
0,256,0,17,static,0.068414,0.611014,264,67584,-84.93571856247003
0,256,0,18,static,0.081724,0.632547,266,68096,174.96417984494238
0,256,0,18,temporal,0.024297,0.571975,28,7168,174.96417984494238
0,256,0,19,temporal,0.023876,0.566647,28,7168,-111.93871995825535
0,256,0,19,static,0.074963,0.599206,264,67584,-111.93871995825535
0,256,0,20,static,0.067582,0.609722,262,67072,169.66096346855278
0,256,0,20,temporal,0.023435,0.544333,28,7168,169.66096346855278
0,256,0,21,temporal,0.021242,0.561599,28,7168,79.90134622067596
0,256,0,21,static,0.078149,0.639538,264,67584,79.90134622067596
0,256,0,22,static,0.069014,0.594779,263,67328,144.7257755447586
0,256,0,22,temporal,0.021823,0.562982,28,7168,144.7257755447586
0,256,0,23,temporal,0.021232,0.543052,28,7168,178.66928248152354
0,256,0,23,static,0.065029,0.605756,264,67584,178.66928248152354
0,256,0,24,static,0.064147,0.589572,264,67584,-248.1502513889107
0,256,0,24,temporal,0.020782,1.527541,28,7168,-248.1502513889107
0,256,0,25,temporal,0.040121,0.618395,28,7168,-230.63679596989252
0,256,0,25,static,0.070697,0.599707,263,67328,-230.63679596989252
0,256,0,26,static,0.082955,0.670153,264,67584,200.0599670084535
0,256,0,26,temporal,0.02634,0.553677,28,7168,200.0599670084535
0,256,0,27,temporal,0.023375,0.576522,28,7168,242.9911482873052
0,256,0,27,static,0.16566,0.739158,264,67584,242.9911482873052
0,256,0,28,static,0.08604,0.619237,265,67840,-69.47328546146262
0,256,0,28,temporal,0.023565,0.572516,28,7168,-69.47328546146262
0,256,0,29,temporal,0.023125,0.552736,28,7168,-82.77391976124167
0,256,0,29,static,0.096786,0.632236,264,67584,-82.77391976124167
0,256,0,30,static,0.079931,0.629702,264,67584,140.12753604817988
0,256,0,30,temporal,0.024287,0.57469,28,7168,140.12753604817988
0,256,0,31,temporal,0.023205,0.580017,28,7168,205.25946384889215
0,256,0,31,static,0.066731,0.623744,264,67584,205.25946384889215
0,256,0,32,static,0.071238,0.609542,264,67584,176.0307125110362
0,256,0,32,temporal,0.021602,0.705457,28,7168,176.0307125110362
0,256,0,33,temporal,0.028934,0.561799,28,7168,-49.99307590274484
0,256,0,33,static,0.075525,0.641901,264,67584,-49.99307590274484
0,256,0,34,static,0.067752,0.62189,265,67840,75.92283137560632
0,256,0,34,temporal,0.022705,0.551735,28,7168,75.92283137560632
0,256,0,35,temporal,0.020401,0.56822,28,7168,199.9204513679998
0,256,0,35,static,0.062454,0.592586,266,68096,199.9204513679998
0,256,0,36,static,0.069235,0.614379,264,67584,-71.79982254112713
0,256,0,36,temporal,0.023435,0.570853,28,7168,-71.79982254112713
0,256,0,37,temporal,0.022915,0.578896,28,7168,-44.88440050764924
0,256,0,37,static,0.061272,0.605996,265,67840,-44.88440050764924
0,256,0,38,static,0.073942,0.608731,264,67584,-235.99056056161305
0,256,0,38,temporal,0.023656,0.567348,28,7168,-235.99056056161305
0,256,0,39,temporal,0.023736,0.572526,28,7168,108.00903706881323
0,256,0,39,static,0.081062,0.630273,264,67584,108.00903706881323
0,256,0,40,static,0.091428,0.637223,264,67584,117.63990080373301
0,256,0,40,temporal,0.025869,0.574489,28,7168,117.63990080373301
0,256,0,41,temporal,0.02621,0.575921,28,7168,243.67320765738654
0,256,0,41,static,0.090016,0.64114,264,67584,243.67320765738654
0,256,0,42,static,0.066902,0.599677,263,67328,148.47975078297637
0,256,0,42,temporal,0.022454,0.566958,28,7168,148.47975078297637
0,256,0,43,temporal,0.021763,0.553577,28,7168,39.00673359580457
0,256,0,43,static,0.066811,0.61465,266,68096,39.00673359580457
0,256,0,44,static,0.076235,0.64153,265,67840,107.6797418322296
0,256,0,44,temporal,0.025539,0.560468,28,7168,107.6797418322296
0,256,0,45,temporal,0.023376,0.570223,28,7168,76.65559290683883
0,256,0,45,static,0.09267,0.630664,263,67328,76.65559290683883
0,256,0,46,static,0.08557,0.634269,266,68096,-98.61765878924291
0,256,0,46,temporal,0.023816,0.570002,28,7168,-98.61765878924291
0,256,0,47,temporal,0.021002,0.580017,28,7168,156.55612444393404
0,256,0,47,static,0.066701,0.615381,265,67840,156.55612444393404
0,256,0,48,static,0.071949,0.604694,262,67072,-49.707945810376614
0,256,0,48,temporal,0.021493,0.565646,28,7168,-49.707945810376614
0,256,0,49,temporal,0.021543,0.553047,28,7168,163.92494759546418
0,256,0,49,static,0.086581,0.628411,263,67328,163.92494759546418
0,256,0,50,static,0.062485,0.6144,264,67584,-175.4575219938958
0,256,0,50,temporal,0.139371,0.743334,28,7168,-175.4575219938958
0,256,0,51,temporal,0.056044,0.601119,28,7168,-33.086002666277565
0,256,0,51,static,0.067141,0.617804,264,67584,-33.086002666277565
0,256,0,52,static,0.094844,0.637995,262,67072,73.99607979284627
0,256,0,52,temporal,0.023305,0.590774,28,7168,73.99607979284627
0,256,0,53,temporal,0.023586,0.559937,28,7168,183.41837898138098
0,256,0,53,static,0.081884,0.642782,266,68096,183.41837898138098
0,256,0,54,static,0.072009,0.629702,266,68096,-153.37397333987363
0,256,0,54,temporal,0.024256,0.563572,28,7168,-153.37397333987363
0,256,0,55,temporal,0.022905,0.583963,28,7168,242.9563548246528
0,256,0,55,static,0.097267,0.653358,264,67584,242.9563548246528
0,256,0,56,static,0.091108,0.632186,265,67840,70.51601402245055
0,256,0,56,temporal,0.024216,0.573647,28,7168,70.51601402245055
0,256,0,57,temporal,0.021843,0.58182,28,7168,203.71297190325635
0,256,0,57,static,0.068944,0.623023,264,67584,203.71297190325635
0,256,0,58,static,0.064588,0.620249,266,68096,-244.40216860292378
0,256,0,58,temporal,0.022524,0.558455,28,7168,-244.40216860292378
0,256,0,59,temporal,0.023015,0.582952,28,7168,14.83751785480425
0,256,0,59,static,0.087532,0.62832,264,67584,14.83751785480425
0,256,0,60,static,0.066541,0.617174,266,68096,186.57568054932534
0,256,0,60,temporal,0.03977,0.594088,28,7168,186.57568054932534
0,256,0,61,temporal,0.024978,0.567298,28,7168,14.83751785480425
0,256,0,61,static,0.083716,0.636592,264,67584,14.83751785480425
0,256,0,62,static,0.063095,0.603553,262,67072,-104.60858404404789
0,256,0,62,temporal,0.021202,0.569672,27,6912,-104.60858404404789
0,256,0,63,temporal,0.020761,0.571674,28,7168,123.1710884189406
0,256,0,63,static,0.061232,0.618205,266,68096,123.1710884189406
0,256,0,64,static,0.061523,0.615571,265,67840,-165.04633256656376
0,256,0,64,temporal,0.021983,0.559386,28,7168,-165.04633256656376
0,256,0,65,temporal,0.020741,0.573718,28,7168,141.69832369164203
0,256,0,65,static,0.068704,0.61458,264,67584,141.69832369164203
0,256,0,66,static,0.073562,0.61425,264,67584,-99.13456448395776
0,256,0,66,temporal,0.022074,0.573468,28,7168,-99.13456448395776
0,256,0,67,temporal,0.024056,0.581009,28,7168,37.88598137638855
0,256,0,67,static,0.087883,0.636322,265,67840,37.88598137638855
0,256,0,68,static,0.067502,0.620949,263,67328,160.08861394234785
0,256,0,68,temporal,0.021542,0.630213,28,7168,160.08861394234785
0,256,0,69,temporal,0.028333,0.597924,28,7168,-242.12169445912136
0,256,0,69,static,0.06586,0.60181,264,67584,-242.12169445912136
0,256,0,70,static,0.058588,0.629962,264,67584,189.3947249606561
0,256,0,70,temporal,0.022925,0.57494,28,7168,189.3947249606561
0,256,0,71,temporal,0.023986,0.562841,28,7168,-188.44096116793676
0,256,0,71,static,0.084147,0.63492,265,67840,-188.44096116793676
0,256,0,72,static,0.074813,0.609762,263,67328,-3.9709378026762785
0,256,0,72,temporal,0.022784,0.574679,28,7168,-3.9709378026762785
0,256,0,73,temporal,0.022294,0.569612,28,7168,209.32431812009887
0,256,0,73,static,0.078478,0.631214,264,67584,209.32431812009887
0,256,0,74,static,0.075434,0.633207,266,68096,126.01628298371944
0,256,0,74,temporal,0.025168,0.553908,28,7168,126.01628298371944
0,256,0,75,temporal,0.020831,0.568309,28,7168,203.95379787942875
0,256,0,75,static,0.060842,0.605716,263,67328,203.95379787942875
0,256,0,76,static,0.064217,0.600258,263,67328,-100.70434183975586
0,256,0,76,temporal,0.020801,0.568139,28,7168,-100.70434183975586
0,256,0,77,temporal,0.022073,0.574899,28,7168,24.27549176550169
0,256,0,77,static,0.071388,0.625306,264,67584,24.27549176550169
0,256,0,78,static,0.088224,0.657304,264,67584,177.62054040431684
0,256,0,78,temporal,0.025649,0.559447,28,7168,177.62054040431684
0,256,0,79,temporal,0.030936,0.580938,28,7168,191.40639314215923
0,256,0,79,static,0.089576,0.623403,263,67328,191.40639314215923
0,256,0,80,static,0.084398,0.649933,265,67840,-30.808078623033584
0,256,0,80,temporal,0.026691,0.576462,28,7168,-30.808078623033584
0,256,0,81,temporal,0.022444,0.557393,28,7168,171.72793630298213
0,256,0,81,static,0.069986,0.868033,264,67584,171.72793630298213
0,256,0,82,static,0.098008,0.664605,265,67840,-135.19847567809816
0,256,0,82,temporal,0.027181,0.56193,28,7168,-135.19847567809816
0,256,0,83,temporal,0.023326,0.567388,28,7168,177.62054040431684
0,256,0,83,static,0.087422,0.636412,264,67584,177.62054040431684
0,256,0,84,static,0.09931,0.62815,265,67840,-141.82824968575807
0,256,0,84,temporal,0.025289,0.567248,28,7168,-141.82824968575807
0,256,0,85,temporal,0.023906,0.553447,28,7168,140.12753604817988
0,256,0,85,static,0.076906,0.616572,264,67584,140.12753604817988
0,256,0,86,static,0.07312,0.599857,264,67584,-103.43874366808605
0,256,0,86,temporal,0.022103,0.581299,28,7168,-103.43874366808605
0,256,0,87,temporal,0.024067,0.576963,28,7168,-103.69190649707615
0,256,0,87,static,0.082485,0.611235,265,67840,-103.69190649707615
0,256,0,88,static,0.069385,0.615711,266,68096,69.55041698258665
0,256,0,88,temporal,0.023275,0.548259,28,7168,69.55041698258665
0,256,0,89,temporal,0.020121,0.567248,28,7168,196.13236059119535
0,256,0,89,static,0.0659,0.609682,266,68096,196.13236059119535
0,256,0,90,static,0.080902,0.627299,264,67584,65.9862710894899
0,256,0,90,temporal,0.023796,0.569031,28,7168,65.9862710894899
0,256,0,91,temporal,0.021433,0.55499,28,7168,200.70826276943603
0,256,0,91,static,0.059039,0.599967,265,67840,200.70826276943603
0,256,0,92,static,0.067191,0.612997,265,67840,149.96162700520216
0,256,0,92,temporal,0.022684,0.547067,28,7168,149.96162700520216
0,256,0,93,temporal,0.020381,0.567598,28,7168,-106.17227413277669
0,256,0,93,static,0.060231,0.607679,266,68096,-106.17227413277669
0,256,0,94,static,0.057227,0.623673,264,67584,204.7859332622728
0,256,0,94,temporal,0.024487,0.550512,28,7168,204.7859332622728
0,256,0,95,temporal,0.021342,0.574549,28,7168,46.727888682414516
0,256,0,95,static,0.069585,0.613027,264,67584,46.727888682414516
0,256,0,96,static,0.063326,0.589401,264,67584,-80.96392492317607
0,256,0,96,temporal,0.020551,0.558454,28,7168,-80.96392492317607
0,256,0,97,temporal,0.022915,0.57485,28,7168,28.180829394078742
0,256,0,97,static,0.081223,0.62157,264,67584,28.180829394078742
0,256,0,98,static,0.075675,0.616563,266,68096,-182.89906708878962
0,256,0,98,temporal,0.023245,0.547898,28,7168,-182.89906708878962
0,256,0,99,temporal,0.021222,0.782523,28,7168,-238.17386176961077
0,256,0,99,static,0.090777,0.640649,265,67840,-238.17386176961077
0,256,0,100,static,0.094343,0.640819,263,67328,164.00712795990185
0,256,0,100,temporal,0.02694,0.566166,28,7168,164.00712795990185
0,256,0,101,temporal,0.023065,0.54868,28,7168,216.7500631531261
0,256,0,101,static,0.07902,0.617194,263,67328,216.7500631531261
0,256,0,102,static,0.084838,0.710715,266,68096,-86.64911326601815
0,256,0,102,temporal,0.031057,0.553717,28,7168,-86.64911326601815
0,256,0,103,temporal,0.022294,0.559687,28,7168,237.7381464395739
0,256,0,103,static,0.089665,0.635511,263,67328,237.7381464395739
0,256,0,104,static,0.081914,0.611775,263,67328,-123.8185495789184
0,256,0,104,temporal,0.021643,0.558605,28,7168,-123.8185495789184
0,256,0,105,temporal,0.021472,0.546486,28,7168,-185.31028155603255
0,256,0,105,static,0.061313,0.600408,264,67584,-185.31028155603255
0,256,0,106,static,0.087863,0.611625,264,67584,213.41343865724042
0,256,0,106,temporal,0.024147,0.563292,28,7168,213.41343865724042
0,256,0,107,temporal,0.023225,0.579887,28,7168,-244.14109163164906
0,256,0,107,static,0.073481,0.607148,263,67328,-244.14109163164906
0,256,0,108,static,0.065268,0.614168,265,67840,30.158164314508415
0,256,0,108,temporal,0.022374,0.545705,28,7168,30.158164314508415
0,256,0,109,temporal,0.024718,0.56802,28,7168,85.22772031850795
0,256,0,109,static,0.092831,0.616042,266,68096,85.22772031850795
0,256,0,110,static,0.083566,0.63445,264,67584,-17.076203152299048
0,256,0,110,temporal,0.026189,0.573737,28,7168,-17.076203152299048
0,256,0,111,temporal,0.024197,0.554098,28,7168,212.67665003854702
0,256,0,111,static,0.077947,0.620548,263,67328,212.67665003854702
0,256,0,112,static,0.066391,0.595881,263,67328,152.04746517979453
0,256,0,112,temporal,0.04657,0.578234,28,7168,152.04746517979453
0,256,0,113,temporal,0.024387,0.566206,28,7168,-184.98043315660163
0,256,0,113,static,0.085459,0.631045,265,67840,-184.98043315660163
0,256,0,114,static,0.078088,0.622632,264,67584,71.57248496041073
0,256,0,114,temporal,0.025218,0.557092,28,7168,71.57248496041073
0,256,0,115,temporal,0.021803,0.566697,28,7168,-208.79600931538675
0,256,0,115,static,0.086601,0.626718,266,68096,-208.79600931538675
0,256,0,116,static,0.067922,0.761942,263,67328,174.5872454241705
0,256,0,116,temporal,0.030015,0.580838,28,7168,174.5872454241705
0,256,0,117,temporal,0.024568,0.615351,28,7168,243.35855270289755
0,256,0,117,static,0.090447,0.627059,264,67584,243.35855270289755
0,256,0,118,static,0.07909,0.629332,265,67840,-37.123421911548185
0,256,0,118,temporal,0.023616,0.551985,28,7168,-37.123421911548185
0,256,0,119,temporal,0.021352,0.576101,28,7168,-197.52665316112518
0,256,0,119,static,0.068934,0.618335,265,67840,-197.52665316112518
0,256,1,0,temporal,0.021673,0.629422,28,7168,145.93771308552442
0,256,1,0,static,0.073701,0.641871,266,68096,145.93771308552442
0,256,1,1,static,0.062705,0.598135,263,67328,63.380686479623634
0,256,1,1,temporal,0.036586,0.573898,28,7168,63.380686479623634
0,256,1,2,temporal,0.022163,0.578134,28,7168,40.45785749438763
0,256,1,2,static,0.071097,0.626677,264,67584,40.45785749438763
0,256,1,3,static,0.084759,0.642362,264,67584,-217.04982565707672
0,256,1,3,temporal,0.024226,0.591845,28,7168,-217.04982565707672
0,256,1,4,temporal,0.023726,0.563252,28,7168,-234.04090535309874
0,256,1,4,static,0.062294,0.611916,263,67328,-234.04090535309874
0,256,1,5,static,0.065149,0.603573,265,67840,85.17509114678268
0,256,1,5,temporal,0.023195,0.577884,28,7168,85.17509114678268
0,256,1,6,temporal,0.022704,0.557122,28,7168,187.1289505761579
0,256,1,6,static,0.083015,0.633808,265,67840,187.1289505761579
0,256,1,7,static,0.072049,0.623683,265,67840,52.87538791205946
0,256,1,7,temporal,0.023616,0.555861,28,7168,52.87538791205946
0,256,1,8,temporal,0.023015,0.572666,28,7168,-232.11045170441744
0,256,1,8,static,0.073581,0.6085,264,67584,-232.11045170441744
0,256,1,9,static,0.114954,0.653689,264,67584,-71.40511442662243
0,256,1,9,temporal,0.023937,0.571976,28,7168,-71.40511442662243
0,256,1,10,temporal,0.023535,0.572506,28,7168,114.26236290135003
0,256,1,10,static,0.090147,0.637865,266,68096,114.26236290135003
0,256,1,11,static,0.074542,0.609171,266,68096,-144.22551788309048
0,256,1,11,temporal,0.048914,0.580157,28,7168,-144.22551788309048
0,256,1,12,temporal,0.021292,0.570623,28,7168,161.4671041717946
0,256,1,12,static,0.066221,0.602462,265,67840,161.4671041717946
0,256,1,13,static,0.084287,0.635471,265,67840,-30.808078623033584
0,256,1,13,temporal,0.023555,0.803575,28,7168,-30.808078623033584
0,256,1,14,temporal,0.039149,0.571575,28,7168,-204.635230953713
0,256,1,14,static,0.08581,0.633788,263,67328,-204.635230953713
0,256,1,15,static,0.064949,0.883817,265,67840,-245.69267172972968
0,256,1,15,temporal,0.036305,0.570973,28,7168,-245.69267172972968
0,256,1,16,temporal,0.023215,0.578084,27,6912,-182.83597712776842
0,256,1,16,static,0.150127,0.720089,263,67328,-182.83597712776842
0,256,1,17,static,0.067953,0.607229,264,67584,-84.93571856247003
0,256,1,17,temporal,0.023425,0.586777,28,7168,-84.93571856247003
0,256,1,18,temporal,0.025859,0.560037,28,7168,174.96417984494238
0,256,1,18,static,0.094453,0.633779,266,68096,174.96417984494238
0,256,1,19,static,0.074342,0.631565,264,67584,-111.93871995825535
0,256,1,19,temporal,0.023366,0.578976,28,7168,-111.93871995825535
0,256,1,20,temporal,0.024507,0.58175,28,7168,169.66096346855278
0,256,1,20,static,0.069375,0.606307,262,67072,169.66096346855278
0,256,1,21,static,0.090628,0.62816,264,67584,79.90134622067596
0,256,1,21,temporal,0.024056,0.574959,28,7168,79.90134622067596
0,256,1,22,temporal,0.022353,0.565845,28,7168,144.7257755447586
0,256,1,22,static,0.067913,0.622451,263,67328,144.7257755447586
0,256,1,23,static,0.065829,0.625005,264,67584,178.66928248152354
0,256,1,23,temporal,0.040421,0.579346,28,7168,178.66928248152354
0,256,1,24,temporal,0.023055,0.576722,28,7168,-248.1502513889107
0,256,1,24,static,0.064437,0.600618,264,67584,-248.1502513889107
0,256,1,25,static,0.060492,0.613178,263,67328,-230.63679596989252
0,256,1,25,temporal,0.021953,0.557533,28,7168,-230.63679596989252
0,256,1,26,temporal,0.030376,0.586217,28,7168,200.0599670084535
0,256,1,26,static,0.098118,0.657083,264,67584,200.0599670084535
0,256,1,27,static,0.090868,0.640279,264,67584,242.9911482873052
0,256,1,27,temporal,0.024087,0.57531,28,7168,242.9911482873052
0,256,1,28,temporal,0.023155,0.566847,28,7168,-69.47328546146262
0,256,1,28,static,0.094803,0.63457,265,67840,-69.47328546146262
0,256,1,29,static,0.078819,0.632747,264,67584,-82.77391976124167
0,256,1,29,temporal,0.022984,0.578875,28,7168,-82.77391976124167
0,256,1,30,temporal,0.023415,0.57561,28,7168,140.12753604817988
0,256,1,30,static,0.07952,0.635471,264,67584,140.12753604817988
0,256,1,31,static,0.06589,0.613057,264,67584,205.25946384889215
0,256,1,31,temporal,0.020691,0.572856,28,7168,205.25946384889215
0,256,1,32,temporal,0.021863,0.561058,28,7168,176.0307125110362
0,256,1,32,static,0.06626,0.623733,264,67584,176.0307125110362
0,256,1,33,static,0.074372,0.651014,264,67584,-49.99307590274484
0,256,1,33,temporal,0.025799,0.567939,28,7168,-49.99307590274484
0,256,1,34,temporal,0.022624,0.580668,28,7168,75.92283137560632
0,256,1,34,static,0.0663,0.607498,265,67840,75.92283137560632
0,256,1,35,static,0.057056,0.615971,266,68096,199.9204513679998
0,256,1,35,temporal,0.021282,0.557483,28,7168,199.9204513679998
0,256,1,36,temporal,0.034573,0.596573,28,7168,-71.79982254112713
0,256,1,36,static,0.071238,0.638455,264,67584,-71.79982254112713
0,256,1,37,static,0.062184,0.607729,265,67840,-44.88440050764924
0,256,1,37,temporal,0.020902,0.580158,28,7168,-44.88440050764924
0,256,1,38,temporal,0.023315,0.562811,28,7168,-235.99056056161305
0,256,1,38,static,0.088464,0.626838,264,67584,-235.99056056161305
0,256,1,39,static,0.079781,0.636523,264,67584,108.00903706881323
0,256,1,39,temporal,0.023306,0.580238,28,7168,108.00903706881323
0,256,1,40,temporal,0.040542,0.708712,28,7168,117.63990080373301
0,256,1,40,static,0.139131,0.726339,264,67584,117.63990080373301
0,256,1,41,static,0.089776,0.631756,264,67584,243.67320765738654
0,256,1,41,temporal,0.025278,0.580818,28,7168,243.67320765738654
0,256,1,42,temporal,0.022263,0.583322,28,7168,148.47975078297637
0,256,1,42,static,0.067642,0.664555,263,67328,148.47975078297637
0,256,1,43,static,0.071218,0.656193,266,68096,39.00673359580457
0,256,1,43,temporal,0.024086,0.561759,28,7168,39.00673359580457
0,256,1,44,temporal,0.023445,0.788713,28,7168,107.6797418322296
0,256,1,44,static,0.088233,0.660328,265,67840,107.6797418322296
0,256,1,45,static,0.082064,0.631285,263,67328,76.65559290683883
0,256,1,45,temporal,0.024447,0.58176,28,7168,76.65559290683883
0,256,1,46,temporal,0.024477,0.57566,28,7168,-98.61765878924291
0,256,1,46,static,0.08597,0.619877,266,68096,-98.61765878924291
0,256,1,47,static,0.061002,0.678566,265,67840,156.55612444393404
0,256,1,47,temporal,0.029355,0.599367,28,7168,156.55612444393404
0,256,1,48,temporal,0.025389,0.564174,28,7168,-49.707945810376614
0,256,1,48,static,0.07268,0.62159,262,67072,-49.707945810376614
0,256,1,49,static,0.068494,0.637344,263,67328,163.92494759546418
0,256,1,49,temporal,0.023886,0.5753,28,7168,163.92494759546418
0,256,1,50,temporal,0.021172,0.580247,28,7168,-175.4575219938958
0,256,1,50,static,0.064557,0.603973,264,67584,-175.4575219938958
0,256,1,51,static,0.063276,0.612667,264,67584,-33.086002666277565
0,256,1,51,temporal,0.022835,0.558114,28,7168,-33.086002666277565
0,256,1,52,temporal,0.022354,0.569301,28,7168,73.99607979284627
0,256,1,52,static,0.101103,0.650814,262,67072,73.99607979284627
0,256,1,53,static,0.068253,0.611525,266,68096,183.41837898138098
0,256,1,53,temporal,0.021132,0.56912,28,7168,183.41837898138098
0,256,1,54,temporal,0.022203,0.558314,28,7168,-153.37397333987363
0,256,1,54,static,0.069845,0.619827,266,68096,-153.37397333987363
0,256,1,55,static,0.090067,0.645737,264,67584,242.9563548246528
0,256,1,55,temporal,0.025739,0.586427,28,7168,242.9563548246528
0,256,1,56,temporal,0.024367,0.576472,28,7168,70.51601402245055
0,256,1,56,static,0.090607,0.631676,265,67840,70.51601402245055
0,256,1,57,static,0.061303,0.618505,264,67584,203.71297190325635
0,256,1,57,temporal,0.023385,0.577413,28,7168,203.71297190325635
0,256,1,58,temporal,0.021382,0.556501,28,7168,-244.40216860292378
0,256,1,58,static,0.062665,0.611064,266,68096,-244.40216860292378
0,256,1,59,static,0.085739,0.642752,264,67584,14.83751785480425
0,256,1,59,temporal,0.033781,0.815353,28,7168,14.83751785480425
0,256,1,60,temporal,0.035314,2.859505,28,7168,186.57568054932534
0,256,1,60,static,0.091479,0.659147,266,68096,186.57568054932534
0,256,1,61,static,0.095785,0.620819,264,67584,14.83751785480425
0,256,1,61,temporal,0.027522,1.855196,28,7168,14.83751785480425
0,256,1,62,temporal,0.03958,0.592997,27,6912,-104.60858404404789
0,256,1,62,static,0.069985,0.616071,262,67072,-104.60858404404789
0,256,1,63,static,0.080922,0.600067,266,68096,123.1710884189406
0,256,1,63,temporal,0.025098,0.557463,28,7168,123.1710884189406
0,256,1,64,temporal,0.022273,0.642201,28,7168,-165.04633256656376
0,256,1,64,static,0.069836,0.626257,265,67840,-165.04633256656376
0,256,1,65,static,0.073621,0.618465,264,67584,141.69832369164203
0,256,1,65,temporal,0.023305,0.593708,28,7168,141.69832369164203
0,256,1,66,temporal,0.029465,0.577914,28,7168,-99.13456448395776
0,256,1,66,static,0.077577,0.59538,264,67584,-99.13456448395776
0,256,1,67,static,0.084347,0.618415,265,67840,37.88598137638855
0,256,1,67,temporal,0.025338,0.66136,28,7168,37.88598137638855
0,256,1,68,temporal,0.029705,0.544724,28,7168,160.08861394234785
0,256,1,68,static,0.069214,0.597523,263,67328,160.08861394234785
0,256,1,69,static,0.061614,0.59518,264,67584,-242.12169445912136
0,256,1,69,temporal,0.022464,0.548009,28,7168,-242.12169445912136
0,256,1,70,temporal,0.021993,0.539987,28,7168,189.3947249606561
0,256,1,70,static,0.057006,0.586217,264,67584,189.3947249606561
0,256,1,71,static,0.083035,0.68788,265,67840,-188.44096116793676
0,256,1,71,temporal,0.032339,0.542029,28,7168,-188.44096116793676
0,256,1,72,temporal,0.023876,0.558425,28,7168,-3.9709378026762785
0,256,1,72,static,0.075975,0.607579,263,67328,-3.9709378026762785
0,256,1,73,static,0.09266,0.60844,264,67584,209.32431812009887
0,256,1,73,temporal,0.022604,0.550553,28,7168,209.32431812009887
0,256,1,74,temporal,0.022093,0.534789,28,7168,126.01628298371944
0,256,1,74,static,0.141444,0.695843,266,68096,126.01628298371944
0,256,1,75,static,0.069525,0.737545,263,67328,203.95379787942875
0,256,1,75,temporal,0.027792,0.558986,28,7168,203.95379787942875
0,256,1,76,temporal,0.022595,0.550283,28,7168,-100.70434183975586
0,256,1,76,static,0.065659,0.57496,263,67328,-100.70434183975586
0,256,1,77,static,0.067522,0.599537,264,67584,24.27549176550169
0,256,1,77,temporal,0.024407,0.538154,28,7168,24.27549176550169
0,256,1,78,temporal,0.022885,0.551214,28,7168,177.62054040431684
0,256,1,78,static,0.089936,0.696544,264,67584,177.62054040431684
0,256,1,79,static,0.095405,0.631596,263,67328,191.40639314215923
0,256,1,79,temporal,0.025549,0.659217,28,7168,191.40639314215923
0,256,1,80,temporal,0.035374,0.695512,28,7168,-30.808078623033584
0,256,1,80,static,0.098269,0.611675,265,67840,-30.808078623033584
0,256,1,81,static,0.071107,0.669442,264,67584,171.72793630298213
0,256,1,81,temporal,0.030175,0.630513,28,7168,171.72793630298213
0,256,1,82,temporal,0.032138,0.657584,28,7168,-135.19847567809816
0,256,1,82,static,0.091889,0.72091,265,67840,-135.19847567809816
0,256,1,83,static,0.155455,0.765758,264,67584,177.62054040431684
0,256,1,83,temporal,0.030906,0.55556,28,7168,177.62054040431684
0,256,1,84,temporal,0.023245,0.583863,28,7168,-141.82824968575807
0,256,1,84,static,0.087122,0.610944,265,67840,-141.82824968575807
0,256,1,85,static,0.103056,0.646858,264,67584,140.12753604817988
0,256,1,85,temporal,0.025358,0.585525,28,7168,140.12753604817988
0,256,1,86,temporal,0.024818,0.624074,28,7168,-103.43874366808605
0,256,1,86,static,0.081823,0.627969,264,67584,-103.43874366808605
0,256,1,87,static,0.083115,0.626407,265,67840,-103.69190649707615
0,256,1,87,temporal,0.024877,0.538544,28,7168,-103.69190649707615
0,256,1,88,temporal,0.022665,0.571695,28,7168,69.55041698258665
0,256,1,88,static,0.070496,0.613588,266,68096,69.55041698258665
0,256,1,89,static,0.065829,0.639216,266,68096,196.13236059119535
0,256,1,89,temporal,0.025329,0.571575,28,7168,196.13236059119535
0,256,1,90,temporal,0.024827,0.543512,28,7168,65.9862710894899
0,256,1,90,static,0.07931,0.630834,264,67584,65.9862710894899
0,256,1,91,static,0.05989,0.578745,265,67840,200.70826276943603
0,256,1,91,temporal,0.020451,0.582731,28,7168,200.70826276943603
0,256,1,92,temporal,0.024477,0.580778,28,7168,149.96162700520216
0,256,1,92,static,0.11249,0.64157,265,67840,149.96162700520216
0,256,1,93,static,0.070587,0.619337,266,68096,-106.17227413277669
0,256,1,93,temporal,0.024127,0.547819,28,7168,-106.17227413277669
0,256,1,94,temporal,0.020461,0.583833,28,7168,204.7859332622728
0,256,1,94,static,0.060782,0.582852,264,67584,204.7859332622728
0,256,1,95,static,0.09904,0.763074,264,67584,46.727888682414516
0,256,1,95,temporal,0.034282,0.601149,28,7168,46.727888682414516
0,256,1,96,temporal,0.024357,0.552045,28,7168,-80.96392492317607
0,256,1,96,static,0.06642,0.626697,264,67584,-80.96392492317607
0,256,1,97,static,0.082435,0.646157,264,67584,28.180829394078742
0,256,1,97,temporal,0.025569,0.55561,28,7168,28.180829394078742
0,256,1,98,temporal,0.021743,0.582421,28,7168,-182.89906708878962
0,256,1,98,static,0.075444,0.622131,266,68096,-182.89906708878962
0,256,1,99,static,0.072881,0.640018,265,67840,-238.17386176961077
0,256,1,99,temporal,0.024908,0.574429,28,7168,-238.17386176961077
0,256,1,100,temporal,0.024667,0.553888,28,7168,164.00712795990185
0,256,1,100,static,0.085299,0.644985,263,67328,164.00712795990185
0,256,1,101,static,0.076225,0.603984,263,67328,216.7500631531261
0,256,1,101,temporal,0.021743,0.622973,28,7168,216.7500631531261
0,256,1,102,temporal,0.039099,0.603343,28,7168,-86.64911326601815
0,256,1,102,static,0.089726,0.620328,266,68096,-86.64911326601815
0,256,1,103,static,0.087272,0.634419,263,67328,237.7381464395739
0,256,1,103,temporal,0.025138,0.551804,28,7168,237.7381464395739
0,256,1,104,temporal,0.034702,0.568439,28,7168,-123.8185495789184
0,256,1,104,static,0.069615,0.609932,263,67328,-123.8185495789184
0,256,1,105,static,0.060893,0.612817,264,67584,-185.31028155603255
0,256,1,105,temporal,0.022314,0.560178,28,7168,-185.31028155603255
0,256,1,106,temporal,0.023706,0.552186,28,7168,213.41343865724042
0,256,1,106,static,0.087011,0.626047,264,67584,213.41343865724042
0,256,1,107,static,0.073922,0.619097,263,67328,-244.14109163164906
0,256,1,107,temporal,0.022243,0.552676,28,7168,-244.14109163164906
0,256,1,108,temporal,0.02002,0.564654,28,7168,30.158164314508415
0,256,1,108,static,0.061803,0.60828,265,67840,30.158164314508415
0,256,1,109,static,0.089455,0.633568,266,68096,85.22772031850795
0,256,1,109,temporal,0.024287,0.566116,28,7168,85.22772031850795
0,256,1,110,temporal,0.022794,0.54909,28,7168,-17.076203152299048
0,256,1,110,static,0.069475,0.609331,264,67584,-17.076203152299048
0,256,1,111,static,0.078358,0.605636,263,67328,212.67665003854702
0,256,1,111,temporal,0.022334,0.567258,28,7168,212.67665003854702
0,256,1,112,temporal,0.022424,0.568801,28,7168,152.04746517979453
0,256,1,112,static,0.083817,0.618816,263,67328,152.04746517979453
0,256,1,113,static,0.082365,0.624395,265,67840,-184.98043315660163
0,256,1,113,temporal,0.023826,0.550212,28,7168,-184.98043315660163
0,256,1,114,temporal,0.021803,0.560438,28,7168,71.57248496041073
0,256,1,114,static,0.076185,0.603363,264,67584,71.57248496041073
0,256,1,115,static,0.095234,0.637885,266,68096,-208.79600931538675
0,256,1,115,temporal,0.023986,0.572135,28,7168,-208.79600931538675
0,256,1,116,temporal,0.022284,0.552526,28,7168,174.5872454241705
0,256,1,116,static,0.070296,0.653098,263,67328,174.5872454241705
0,256,1,117,static,0.096666,0.659327,264,67584,243.35855270289755
0,256,1,117,temporal,0.027212,0.555631,28,7168,243.35855270289755
0,256,1,118,temporal,0.022304,0.583452,28,7168,-37.123421911548185
0,256,1,118,static,0.083416,0.634049,265,67840,-37.123421911548185
0,256,1,119,static,0.06646,0.633989,265,67840,-197.52665316112518
0,256,1,119,temporal,0.023656,0.573608,28,7168,-197.52665316112518
0,256,2,0,static,0.071908,0.603522,266,68096,145.93771308552442
0,256,2,0,temporal,0.021582,0.581159,28,7168,145.93771308552442
0,256,2,1,temporal,0.022283,0.549801,28,7168,63.380686479623634
0,256,2,1,static,0.059399,0.621089,263,67328,63.380686479623634
0,256,2,2,static,0.070066,0.647239,264,67584,40.45785749438763
0,256,2,2,temporal,0.025969,0.557463,28,7168,40.45785749438763
0,256,2,3,temporal,0.025208,0.583573,28,7168,-217.04982565707672
0,256,2,3,static,0.087573,0.805058,264,67584,-217.04982565707672
0,256,2,4,static,0.07962,0.622261,263,67328,-234.04090535309874
0,256,2,4,temporal,0.023836,0.563131,28,7168,-234.04090535309874
0,256,2,5,temporal,0.021884,0.569462,28,7168,85.17509114678268
0,256,2,5,static,0.068133,0.605827,265,67840,85.17509114678268
0,256,2,6,static,0.068604,0.711616,265,67840,187.1289505761579
0,256,2,6,temporal,0.037117,0.630113,28,7168,187.1289505761579
0,256,2,7,temporal,0.028493,0.587298,28,7168,52.87538791205946
0,256,2,7,static,0.075584,0.599376,265,67840,52.87538791205946
0,256,2,8,static,0.086961,0.64138,264,67584,-232.11045170441744
0,256,2,8,temporal,0.02609,0.569081,28,7168,-232.11045170441744
0,256,2,9,temporal,0.025909,0.55567,28,7168,-71.40511442662243
0,256,2,9,static,0.09911,0.644004,264,67584,-71.40511442662243
0,256,2,10,static,0.093751,0.624454,266,68096,114.26236290135003
0,256,2,10,temporal,0.037096,0.567398,28,7168,114.26236290135003
0,256,2,11,temporal,0.022284,0.565876,28,7168,-144.22551788309048
0,256,2,11,static,0.074563,0.658686,266,68096,-144.22551788309048
0,256,2,12,static,0.069224,0.633217,265,67840,161.4671041717946
0,256,2,12,temporal,0.024217,0.553367,28,7168,161.4671041717946
0,256,2,13,temporal,0.023405,0.563602,28,7168,-30.808078623033584
0,256,2,13,static,0.08533,0.626889,265,67840,-30.808078623033584
0,256,2,14,static,0.082545,0.616011,263,67328,-204.635230953713
0,256,2,14,temporal,0.022855,0.569832,28,7168,-204.635230953713
0,256,2,15,temporal,0.021733,0.569882,28,7168,-245.69267172972968
0,256,2,15,static,0.063976,0.603422,265,67840,-245.69267172972968
0,256,2,16,static,0.063486,0.604595,263,67328,-182.83597712776842
0,256,2,16,temporal,0.021923,0.549962,27,6912,-182.83597712776842
0,256,2,17,temporal,0.021222,0.564554,28,7168,-84.93571856247003
0,256,2,17,static,0.065189,0.593949,264,67584,-84.93571856247003
0,256,2,18,static,0.078339,0.623854,266,68096,174.96417984494238
0,256,2,18,temporal,0.023215,0.584173,28,7168,174.96417984494238
0,256,2,19,temporal,0.023255,0.55541,28,7168,-111.93871995825535
0,256,2,19,static,0.073841,0.620759,264,67584,-111.93871995825535
0,256,2,20,static,0.066771,0.600268,262,67072,169.66096346855278
0,256,2,20,temporal,0.024808,0.728662,28,7168,169.66096346855278
0,256,2,21,temporal,0.03342,0.599396,28,7168,79.90134622067596
0,256,2,21,static,0.078449,0.629452,264,67584,79.90134622067596
0,256,2,22,static,0.07229,0.617975,263,67328,144.7257755447586
0,256,2,22,temporal,0.023336,0.54855,28,7168,144.7257755447586
0,256,2,23,temporal,0.020992,0.564544,28,7168,178.66928248152354
0,256,2,23,static,0.067652,0.698977,264,67584,178.66928248152354
0,256,2,24,static,0.071288,0.600519,264,67584,-248.1502513889107
0,256,2,24,temporal,0.022304,0.569972,28,7168,-248.1502513889107
0,256,2,25,temporal,0.022294,0.573517,28,7168,-230.63679596989252
0,256,2,25,static,0.07957,0.606867,263,67328,-230.63679596989252
0,256,2,26,static,0.077187,0.620238,264,67584,200.0599670084535
0,256,2,26,temporal,0.024096,0.549,28,7168,200.0599670084535
0,256,2,27,temporal,0.022424,0.566416,28,7168,242.9911482873052
0,256,2,27,static,0.09242,0.6211,264,67584,242.9911482873052
0,256,2,28,static,0.09277,0.64119,265,67840,-69.47328546146262
0,256,2,28,temporal,0.025258,0.569201,28,7168,-69.47328546146262
0,256,2,29,temporal,0.023115,0.552206,28,7168,-82.77391976124167
0,256,2,29,static,0.078699,0.618836,264,67584,-82.77391976124167
0,256,2,30,static,0.077036,0.605235,264,67584,140.12753604817988
0,256,2,30,temporal,0.022074,0.628461,28,7168,140.12753604817988
0,256,2,31,temporal,0.029034,0.603272,28,7168,205.25946384889215
0,256,2,31,static,0.069996,0.622562,264,67584,205.25946384889215
0,256,2,32,static,0.067131,0.621099,264,67584,176.0307125110362
0,256,2,32,temporal,0.023416,0.552876,28,7168,176.0307125110362
0,256,2,33,temporal,0.023786,0.551263,28,7168,-49.99307590274484
0,256,2,33,static,0.073862,0.611335,264,67584,-49.99307590274484
0,256,2,34,static,0.067112,0.593498,265,67840,75.92283137560632
0,256,2,34,temporal,0.021382,0.566587,28,7168,75.92283137560632
0,256,2,35,temporal,0.024106,0.573197,28,7168,199.9204513679998
0,256,2,35,static,0.061643,0.604204,266,68096,199.9204513679998
0,256,2,36,static,0.071668,0.620108,264,67584,-71.79982254112713
0,256,2,36,temporal,0.022734,0.54881,28,7168,-71.79982254112713
0,256,2,37,temporal,0.021813,0.56899,28,7168,-44.88440050764924
0,256,2,37,static,0.063316,0.726529,265,67840,-44.88440050764924
0,256,2,38,static,0.096456,0.644745,264,67584,-235.99056056161305
0,256,2,38,temporal,0.023455,0.566467,28,7168,-235.99056056161305
0,256,2,39,temporal,0.023977,0.560698,28,7168,108.00903706881323
0,256,2,39,static,0.084258,0.631545,264,67584,108.00903706881323
0,256,2,40,static,0.096676,0.641791,264,67584,117.63990080373301
0,256,2,40,temporal,0.024607,0.551173,28,7168,117.63990080373301
0,256,2,41,temporal,0.022734,0.642461,28,7168,243.67320765738654
0,256,2,41,static,0.095074,0.684335,264,67584,243.67320765738654
0,256,2,42,static,0.101514,0.639447,263,67328,148.47975078297637
0,256,2,42,temporal,0.023435,0.563072,28,7168,148.47975078297637
0,256,2,43,temporal,0.022073,0.549611,28,7168,39.00673359580457
0,256,2,43,static,0.064918,0.612226,266,68096,39.00673359580457
0,256,2,44,static,0.075594,0.757095,265,67840,107.6797418322296
0,256,2,44,temporal,0.03325,0.58882,28,7168,107.6797418322296
0,256,2,45,temporal,0.024347,0.565515,28,7168,76.65559290683883
0,256,2,45,static,0.080993,0.682392,263,67328,76.65559290683883
0,256,2,46,static,0.121644,0.65481,266,68096,-98.61765878924291
0,256,2,46,temporal,0.025188,0.566377,28,7168,-98.61765878924291
0,256,2,47,temporal,0.021493,0.559657,28,7168,156.55612444393404
0,256,2,47,static,0.065619,0.610603,265,67840,156.55612444393404
0,256,2,48,static,0.071007,0.618585,262,67072,-49.707945810376614
0,256,2,48,temporal,0.024187,0.575521,28,7168,-49.707945810376614
0,256,2,49,temporal,0.089625,0.662291,28,7168,163.92494759546418
0,256,2,49,static,0.0729,0.602722,263,67328,163.92494759546418
0,256,2,50,static,0.060361,0.605456,264,67584,-175.4575219938958
0,256,2,50,temporal,0.022554,0.552055,28,7168,-175.4575219938958
0,256,2,51,temporal,0.021132,0.567979,28,7168,-33.086002666277565
0,256,2,51,static,0.089315,0.637614,264,67584,-33.086002666277565
0,256,2,52,static,0.084308,0.614009,262,67072,73.99607979284627
0,256,2,52,temporal,0.021943,0.570543,28,7168,73.99607979284627
0,256,2,53,temporal,0.023205,0.554248,28,7168,183.41837898138098
0,256,2,53,static,0.066531,0.613168,266,68096,183.41837898138098
0,256,2,54,static,0.135185,0.705778,266,68096,-153.37397333987363
0,256,2,54,temporal,0.026951,0.577714,28,7168,-153.37397333987363
0,256,2,55,temporal,0.025439,1.4214,28,7168,242.9563548246528
0,256,2,55,static,0.129987,0.890397,264,67584,242.9563548246528
0,256,2,56,static,0.102625,0.683995,265,67840,70.51601402245055
0,256,2,56,temporal,0.031388,0.585506,28,7168,70.51601402245055
0,256,2,57,temporal,0.024236,0.801061,28,7168,203.71297190325635
0,256,2,57,static,0.082685,0.603623,264,67584,203.71297190325635
0,256,2,58,static,0.063095,0.612827,266,68096,-244.40216860292378
0,256,2,58,temporal,0.025859,0.551494,28,7168,-244.40216860292378
0,256,2,59,temporal,0.023876,0.565776,28,7168,14.83751785480425
0,256,2,59,static,0.141363,0.708822,264,67584,14.83751785480425
0,256,2,60,static,0.071528,0.689884,266,68096,186.57568054932534
0,256,2,60,temporal,0.031127,0.605306,28,7168,186.57568054932534
0,256,2,61,temporal,0.026249,0.580347,28,7168,14.83751785480425
0,256,2,61,static,0.088203,0.621019,264,67584,14.83751785480425
0,256,2,62,static,0.064417,0.617073,262,67072,-104.60858404404789
0,256,2,62,temporal,0.022414,0.613969,27,6912,-104.60858404404789
0,256,2,63,temporal,0.062564,0.626447,28,7168,123.1710884189406
0,256,2,63,static,0.063055,0.609251,266,68096,123.1710884189406
0,256,2,64,static,0.061243,0.58823,265,67840,-165.04633256656376
0,256,2,64,temporal,0.022164,0.569151,28,7168,-165.04633256656376
0,256,2,65,temporal,0.024086,0.553427,28,7168,141.69832369164203
0,256,2,65,static,0.084608,0.67407,264,67584,141.69832369164203
0,256,2,66,static,0.080252,0.657134,264,67584,-99.13456448395776
0,256,2,66,temporal,0.025889,0.57533,28,7168,-99.13456448395776
0,256,2,67,temporal,0.025248,0.570693,28,7168,37.88598137638855
0,256,2,67,static,0.091268,0.634349,265,67840,37.88598137638855
0,256,2,68,static,0.067993,0.597724,263,67328,160.08861394234785
0,256,2,68,temporal,0.021893,0.569592,28,7168,160.08861394234785
0,256,2,69,temporal,0.021643,0.663734,28,7168,-242.12169445912136
0,256,2,69,static,0.073531,0.678396,264,67584,-242.12169445912136
0,256,2,70,static,0.070687,0.654139,264,67584,189.3947249606561
0,256,2,70,temporal,0.02597,0.549201,28,7168,189.3947249606561
0,256,2,71,temporal,0.024457,0.563132,28,7168,-188.44096116793676
0,256,2,71,static,0.083076,0.608731,265,67840,-188.44096116793676
0,256,2,72,static,0.088534,0.669933,263,67328,-3.9709378026762785
0,256,2,72,temporal,0.030075,0.594219,28,7168,-3.9709378026762785
0,256,2,73,temporal,0.024958,0.568079,28,7168,209.32431812009887
0,256,2,73,static,0.089295,0.626137,264,67584,209.32431812009887
0,256,2,74,static,0.075294,0.612346,266,68096,126.01628298371944
0,256,2,74,temporal,0.024227,0.543803,28,7168,126.01628298371944
0,256,2,75,temporal,0.020321,0.559697,28,7168,203.95379787942875
0,256,2,75,static,0.064147,0.599106,263,67328,203.95379787942875
0,256,2,76,static,0.062314,0.600709,263,67328,-100.70434183975586
0,256,2,76,temporal,0.024567,0.565846,28,7168,-100.70434183975586
0,256,2,77,temporal,0.022615,0.56167,28,7168,24.27549176550169
0,256,2,77,static,0.071347,0.606757,264,67584,24.27549176550169
0,256,2,78,static,0.088694,0.617524,264,67584,177.62054040431684
0,256,2,78,temporal,0.026701,0.563553,28,7168,177.62054040431684
0,256,2,79,temporal,0.023676,0.544694,28,7168,191.40639314215923
0,256,2,79,static,0.08595,0.625336,263,67328,191.40639314215923
0,256,2,80,static,0.09958,0.640078,265,67840,-30.808078623033584
0,256,2,80,temporal,0.025358,0.545515,28,7168,-30.808078623033584
0,256,2,81,temporal,0.020972,0.561299,28,7168,171.72793630298213
0,256,2,81,static,0.069284,0.588379,264,67584,171.72793630298213
0,256,2,82,static,0.081473,0.617013,265,67840,-135.19847567809816
0,256,2,82,temporal,0.023916,0.556131,28,7168,-135.19847567809816
0,256,2,83,temporal,0.035404,0.58801,28,7168,177.62054040431684
0,256,2,83,static,0.088313,0.624394,264,67584,177.62054040431684
0,256,2,84,static,0.083827,0.606918,265,67840,-141.82824968575807
0,256,2,84,temporal,0.023065,0.560477,28,7168,-141.82824968575807
0,256,2,85,temporal,0.023376,0.766359,28,7168,140.12753604817988
0,256,2,85,static,0.090127,0.614039,264,67584,140.12753604817988
0,256,2,86,static,0.073321,0.617855,264,67584,-103.43874366808605
0,256,2,86,temporal,0.023516,0.568821,28,7168,-103.43874366808605
0,256,2,87,temporal,0.024588,0.57512,28,7168,-103.69190649707615
0,256,2,87,static,0.081082,0.695391,265,67840,-103.69190649707615
0,256,2,88,static,0.072179,0.666198,266,68096,69.55041698258665
0,256,2,88,temporal,0.030256,0.581309,28,7168,69.55041698258665
0,256,2,89,temporal,0.024256,0.564974,28,7168,196.13236059119535
0,256,2,89,static,0.0599,0.610733,266,68096,196.13236059119535
0,256,2,90,static,0.079761,0.620749,264,67584,65.9862710894899
0,256,2,90,temporal,0.023656,0.548419,28,7168,65.9862710894899
0,256,2,91,temporal,0.019819,0.56205,28,7168,200.70826276943603
0,256,2,91,static,0.06574,0.586517,265,67840,200.70826276943603
0,256,2,92,static,0.081263,0.610143,265,67840,149.96162700520216
0,256,2,92,temporal,0.022023,0.564774,28,7168,149.96162700520216
0,256,2,93,temporal,0.021242,0.564113,28,7168,-106.17227413277669
0,256,2,93,static,0.062655,0.603433,266,68096,-106.17227413277669
0,256,2,94,static,0.057607,0.586056,264,67584,204.7859332622728
0,256,2,94,temporal,0.02032,0.560988,28,7168,204.7859332622728
0,256,2,95,temporal,0.022885,0.559817,28,7168,46.727888682414516
0,256,2,95,static,0.069174,0.593758,264,67584,46.727888682414516
0,256,2,96,static,0.061252,0.600057,264,67584,-80.96392492317607
0,256,2,96,temporal,0.021793,0.568249,28,7168,-80.96392492317607
0,256,2,97,temporal,0.023515,0.567448,28,7168,28.180829394078742
0,256,2,97,static,0.079941,0.604644,264,67584,28.180829394078742
0,256,2,98,static,0.087032,0.611726,266,68096,-182.89906708878962
0,256,2,98,temporal,0.022264,0.559747,28,7168,-182.89906708878962
0,256,2,99,temporal,0.022063,0.544583,28,7168,-238.17386176961077
0,256,2,99,static,0.070547,0.613237,265,67840,-238.17386176961077
0,256,2,100,static,0.088774,0.67465,263,67328,164.00712795990185
0,256,2,100,temporal,0.065128,0.599126,28,7168,164.00712795990185
0,256,2,101,temporal,0.022745,0.574129,28,7168,216.7500631531261
0,256,2,101,static,0.076716,0.616112,263,67328,216.7500631531261
0,256,2,102,static,0.081553,0.790756,266,68096,-86.64911326601815
0,256,2,102,temporal,0.034913,0.597023,28,7168,-86.64911326601815
0,256,2,103,temporal,0.027482,0.576673,28,7168,237.7381464395739
0,256,2,103,static,0.089195,0.62834,263,67328,237.7381464395739
0,256,2,104,static,0.067622,0.594128,263,67328,-123.8185495789184
0,256,2,104,temporal,0.058489,0.580077,28,7168,-123.8185495789184
0,256,2,105,temporal,0.021973,0.646968,28,7168,-185.31028155603255
0,256,2,105,static,0.070106,0.591795,264,67584,-185.31028155603255
0,256,2,106,static,0.087973,0.643814,264,67584,213.41343865724042
0,256,2,106,temporal,0.02617,0.58176,28,7168,213.41343865724042
0,256,2,107,temporal,0.031678,0.564224,28,7168,-244.14109163164906
0,256,2,107,static,0.075053,0.611945,263,67328,-244.14109163164906
0,256,2,108,static,0.061493,0.585205,265,67840,30.158164314508415
0,256,2,108,temporal,0.020891,0.558795,28,7168,30.158164314508415
0,256,2,109,temporal,0.024818,0.550403,28,7168,85.22772031850795
0,256,2,109,static,0.102955,0.641029,266,68096,85.22772031850795
0,256,2,110,static,0.070377,0.607639,264,67584,-17.076203152299048
0,256,2,110,temporal,0.022364,0.545896,28,7168,-17.076203152299048
0,256,2,111,temporal,0.022434,0.559076,28,7168,212.67665003854702
0,256,2,111,static,0.076445,0.59545,263,67328,212.67665003854702
0,256,2,112,static,0.063596,0.606107,263,67328,152.04746517979453
0,256,2,112,temporal,0.022083,0.556441,28,7168,152.04746517979453
0,256,2,113,temporal,0.022954,0.567217,28,7168,-184.98043315660163
0,256,2,113,static,0.080332,0.617725,265,67840,-184.98043315660163
0,256,2,114,static,0.073962,0.597674,264,67584,71.57248496041073
0,256,2,114,temporal,0.022163,0.55542,28,7168,71.57248496041073
0,256,2,115,temporal,0.023476,0.551655,28,7168,-208.79600931538675
0,256,2,115,static,0.095304,0.617103,266,68096,-208.79600931538675
0,256,2,116,static,0.067512,0.609111,263,67328,174.5872454241705
0,256,2,116,temporal,0.022564,0.565816,28,7168,174.5872454241705
0,256,2,117,temporal,0.023696,0.567629,28,7168,243.35855270289755
0,256,2,117,static,0.087182,0.612466,264,67584,243.35855270289755
0,256,2,118,static,0.07928,0.633429,265,67840,-37.123421911548185
0,256,2,118,temporal,0.023735,0.564333,28,7168,-37.123421911548185
0,256,2,119,temporal,0.021242,0.546947,28,7168,-197.52665316112518
0,256,2,119,static,0.065178,0.742202,265,67840,-197.52665316112518
0,256,3,0,temporal,0.027462,0.582531,28,7168,145.93771308552442
0,256,3,0,static,0.080281,0.6086,266,68096,145.93771308552442
0,256,3,1,static,0.057817,0.596282,263,67328,63.380686479623634
0,256,3,1,temporal,0.022013,0.553587,28,7168,63.380686479623634
0,256,3,2,temporal,0.021273,0.562,28,7168,40.45785749438763
0,256,3,2,static,0.12598,0.797346,264,67584,40.45785749438763
0,256,3,3,static,0.091038,0.68712,264,67584,-217.04982565707672
0,256,3,3,temporal,0.030326,0.589772,28,7168,-217.04982565707672
0,256,3,4,temporal,0.023205,0.54889,28,7168,-234.04090535309874
0,256,3,4,static,0.07903,0.598966,263,67328,-234.04090535309874
0,256,3,5,static,0.067091,0.60854,265,67840,85.17509114678268
0,256,3,5,temporal,0.022615,0.56828,28,7168,85.17509114678268
0,256,3,6,temporal,0.022714,0.567769,28,7168,187.1289505761579
0,256,3,6,static,0.067121,0.63484,265,67840,187.1289505761579
0,256,3,7,static,0.119511,0.645016,265,67840,52.87538791205946
0,256,3,7,temporal,0.023656,0.567288,28,7168,52.87538791205946
0,256,3,8,temporal,0.025058,0.550502,28,7168,-232.11045170441744
0,256,3,8,static,0.071068,0.614089,264,67584,-232.11045170441744
0,256,3,9,static,0.094262,0.625776,264,67584,-71.40511442662243
0,256,3,9,temporal,0.023345,0.567849,28,7168,-71.40511442662243
0,256,3,10,temporal,0.045949,0.618195,28,7168,114.26236290135003
0,256,3,10,static,0.095754,0.704014,266,68096,114.26236290135003
0,256,3,11,static,0.07935,0.645636,266,68096,-144.22551788309048
0,256,3,11,temporal,0.025108,0.580929,28,7168,-144.22551788309048
0,256,3,12,temporal,0.022564,0.632917,28,7168,161.4671041717946
0,256,3,12,static,0.070096,0.633628,265,67840,161.4671041717946
0,256,3,13,static,0.166302,0.7335,265,67840,-30.808078623033584
0,256,3,13,temporal,0.029464,0.566997,28,7168,-30.808078623033584
0,256,3,14,temporal,0.024738,0.581009,28,7168,-204.635230953713
0,256,3,14,static,0.087282,0.625987,263,67328,-204.635230953713
0,256,3,15,static,0.063666,0.611445,265,67840,-245.69267172972968
0,256,3,15,temporal,0.021843,0.659608,28,7168,-245.69267172972968
0,256,3,16,temporal,0.031067,0.578926,27,6912,-182.83597712776842
0,256,3,16,static,0.06602,0.605686,263,67328,-182.83597712776842
0,256,3,17,static,0.063987,0.586327,264,67584,-84.93571856247003
0,256,3,17,temporal,0.021973,0.572045,28,7168,-84.93571856247003
0,256,3,18,temporal,0.023696,0.563873,28,7168,174.96417984494238
0,256,3,18,static,0.07948,0.600538,266,68096,174.96417984494238
0,256,3,19,static,0.07276,0.682412,264,67584,-111.93871995825535
0,256,3,19,temporal,0.029955,0.577303,28,7168,-111.93871995825535
0,256,3,20,temporal,0.156617,0.683153,28,7168,169.66096346855278
0,256,3,20,static,0.080782,0.67423,262,67072,169.66096346855278
0,256,3,21,static,0.07922,0.670794,264,67584,79.90134622067596
0,256,3,21,temporal,0.040522,0.58129,28,7168,79.90134622067596
0,256,3,22,temporal,0.022564,0.652827,28,7168,144.7257755447586
0,256,3,22,static,0.074603,0.633629,263,67328,144.7257755447586
0,256,3,23,static,0.067472,0.615381,264,67584,178.66928248152354
0,256,3,23,temporal,0.024377,0.581169,28,7168,178.66928248152354
0,256,3,24,temporal,0.021523,0.559156,28,7168,-248.1502513889107
0,256,3,24,static,0.065789,0.613768,264,67584,-248.1502513889107
0,256,3,25,static,0.060532,0.670414,263,67328,-230.63679596989252
0,256,3,25,temporal,0.029545,0.612196,28,7168,-230.63679596989252
0,256,3,26,temporal,0.026721,0.580739,28,7168,200.0599670084535
0,256,3,26,static,0.081394,0.615451,264,67584,200.0599670084535
0,256,3,27,static,0.092009,0.658676,264,67584,242.9911482873052
0,256,3,27,temporal,0.027021,0.566627,28,7168,242.9911482873052
0,256,3,28,temporal,0.044317,0.582301,28,7168,-69.47328546146262
0,256,3,28,static,0.078138,0.730675,265,67840,-69.47328546146262
0,256,3,29,static,0.089295,0.63458,264,67584,-82.77391976124167
0,256,3,29,temporal,0.025308,0.564994,28,7168,-82.77391976124167
0,256,3,30,temporal,0.025799,0.573207,28,7168,140.12753604817988
0,256,3,30,static,0.078329,0.602902,264,67584,140.12753604817988
0,256,3,31,static,0.061653,0.608239,264,67584,205.25946384889215
0,256,3,31,temporal,0.022754,0.640358,28,7168,205.25946384889215
0,256,3,32,temporal,0.031037,0.620188,28,7168,176.0307125110362
0,256,3,32,static,0.070396,0.62177,264,67584,176.0307125110362
0,256,3,33,static,0.079611,0.606297,264,67584,-49.99307590274484
0,256,3,33,temporal,0.022574,0.565225,28,7168,-49.99307590274484
0,256,3,34,temporal,0.022334,0.551064,28,7168,75.92283137560632
0,256,3,34,static,0.066891,0.609912,265,67840,75.92283137560632
0,256,3,35,static,0.058088,0.681992,266,68096,199.9204513679998
0,256,3,35,temporal,0.027802,0.58164,28,7168,199.9204513679998
0,256,3,36,temporal,0.023676,0.631806,28,7168,-71.79982254112713
0,256,3,36,static,0.07887,0.640549,264,67584,-71.79982254112713
0,256,3,37,static,0.062024,0.594309,265,67840,-44.88440050764924
0,256,3,37,temporal,0.023005,0.578275,28,7168,-44.88440050764924
0,256,3,38,temporal,0.023716,0.561219,28,7168,-235.99056056161305
0,256,3,38,static,0.123226,0.682512,264,67584,-235.99056056161305
0,256,3,39,static,0.11261,0.659788,264,67584,108.00903706881323
0,256,3,39,temporal,0.026399,0.560968,28,7168,108.00903706881323
0,256,3,40,temporal,0.022745,0.619918,28,7168,117.63990080373301
0,256,3,40,static,0.093171,0.619026,264,67584,117.63990080373301
0,256,3,41,static,0.122024,0.651195,264,67584,243.67320765738654
0,256,3,41,temporal,0.025138,0.638586,28,7168,243.67320765738654
0,256,3,42,temporal,0.030055,0.586537,28,7168,148.47975078297637
0,256,3,42,static,0.071228,0.609051,263,67328,148.47975078297637
0,256,3,43,static,0.064087,0.606487,266,68096,39.00673359580457
0,256,3,43,temporal,0.022243,0.620518,28,7168,39.00673359580457
0,256,3,44,temporal,0.027621,0.592015,28,7168,107.6797418322296
0,256,3,44,static,0.076606,0.657034,265,67840,107.6797418322296
0,256,3,45,static,0.113001,0.672698,263,67328,76.65559290683883
0,256,3,45,temporal,0.025549,0.569802,28,7168,76.65559290683883
0,256,3,46,temporal,0.023726,0.560788,28,7168,-98.61765878924291
0,256,3,46,static,0.084648,0.631105,266,68096,-98.61765878924291
0,256,3,47,static,0.065099,0.600438,265,67840,156.55612444393404
0,256,3,47,temporal,0.222326,0.752508,28,7168,156.55612444393404
0,256,3,48,temporal,0.023846,0.646297,28,7168,-49.707945810376614
0,256,3,48,static,0.077326,0.64196,262,67072,-49.707945810376614
0,256,3,49,static,0.069715,0.599196,263,67328,163.92494759546418
0,256,3,49,temporal,0.022705,0.576202,28,7168,163.92494759546418
0,256,3,50,temporal,0.021883,0.635091,28,7168,-175.4575219938958
0,256,3,50,static,0.068704,0.637334,264,67584,-175.4575219938958
0,256,3,51,static,0.06616,0.692077,264,67584,-33.086002666277565
0,256,3,51,temporal,0.029234,0.587258,28,7168,-33.086002666277565
0,256,3,52,temporal,0.023826,0.581279,28,7168,73.99607979284627
0,256,3,52,static,0.081243,0.61446,262,67072,73.99607979284627
0,256,3,53,static,0.080722,0.617354,266,68096,183.41837898138098
0,256,3,53,temporal,0.022494,0.570763,28,7168,183.41837898138098
0,256,3,54,temporal,0.029324,0.571604,28,7168,-153.37397333987363
0,256,3,54,static,0.071418,0.702632,266,68096,-153.37397333987363
0,256,3,55,static,0.113392,0.673679,264,67584,242.9563548246528
0,256,3,55,temporal,0.025238,0.556812,28,7168,242.9563548246528
0,256,3,56,temporal,0.025869,0.580588,28,7168,70.51601402245055
0,256,3,56,static,0.090066,0.619557,265,67840,70.51601402245055
0,256,3,57,static,0.058759,0.624605,264,67584,203.71297190325635
0,256,3,57,temporal,0.021613,0.648401,28,7168,203.71297190325635
0,256,3,58,temporal,0.029785,0.593077,28,7168,-244.40216860292378
0,256,3,58,static,0.066481,0.621761,266,68096,-244.40216860292378
0,256,3,59,static,0.08613,0.63488,264,67584,14.83751785480425
0,256,3,59,temporal,0.025108,0.559747,28,7168,14.83751785480425
0,256,3,60,temporal,0.021302,0.577493,28,7168,186.57568054932534
0,256,3,60,static,0.066971,0.602572,266,68096,186.57568054932534
0,256,3,61,static,0.139421,0.705106,264,67584,14.83751785480425
0,256,3,61,temporal,0.028333,0.592937,28,7168,14.83751785480425
0,256,3,62,temporal,0.022905,0.559376,27,6912,-104.60858404404789
0,256,3,62,static,0.064157,0.619107,262,67072,-104.60858404404789
0,256,3,63,static,0.060141,0.610734,266,68096,123.1710884189406
0,256,3,63,temporal,0.021903,0.572155,28,7168,123.1710884189406
0,256,3,64,temporal,0.158229,0.774241,28,7168,-165.04633256656376
0,256,3,64,static,0.068093,0.619948,265,67840,-165.04633256656376
0,256,3,65,static,0.072479,0.630223,264,67584,141.69832369164203
0,256,3,65,temporal,0.024347,0.566788,28,7168,141.69832369164203
0,256,3,66,temporal,0.023065,0.564354,28,7168,-99.13456448395776
0,256,3,66,static,0.078038,0.691657,264,67584,-99.13456448395776
0,256,3,67,static,0.091608,0.670213,265,67840,37.88598137638855
0,256,3,67,temporal,0.047221,0.610674,28,7168,37.88598137638855
0,256,3,68,temporal,0.024788,0.57505,28,7168,160.08861394234785
0,256,3,68,static,0.071948,0.59552,263,67328,160.08861394234785
0,256,3,69,static,0.061293,0.610523,264,67584,-242.12169445912136
0,256,3,69,temporal,0.024046,0.556592,28,7168,-242.12169445912136
0,256,3,70,temporal,0.01987,0.566577,28,7168,189.3947249606561
0,256,3,70,static,0.063876,0.677304,264,67584,189.3947249606561
0,256,3,71,static,0.088855,0.637114,265,67840,-188.44096116793676
0,256,3,71,temporal,0.024888,0.567038,28,7168,-188.44096116793676
0,256,3,72,temporal,0.023375,0.551604,28,7168,-3.9709378026762785
0,256,3,72,static,0.090607,0.614169,263,67328,-3.9709378026762785
0,256,3,73,static,0.075224,0.615882,264,67584,209.32431812009887
0,256,3,73,temporal,0.022724,0.544533,28,7168,209.32431812009887
0,256,3,74,temporal,0.022003,0.566016,28,7168,126.01628298371944
0,256,3,74,static,0.074803,0.618716,266,68096,126.01628298371944
0,256,3,75,static,0.060101,0.609472,263,67328,203.95379787942875
0,256,3,75,temporal,0.022213,0.56909,28,7168,203.95379787942875
0,256,3,76,temporal,0.025278,0.636172,28,7168,-100.70434183975586
0,256,3,76,static,0.070487,0.637084,263,67328,-100.70434183975586
0,256,3,77,static,0.07238,0.59462,264,67584,24.27549176550169
0,256,3,77,temporal,0.021483,0.560358,28,7168,24.27549176550169
0,256,3,78,temporal,0.044227,0.585556,28,7168,177.62054040431684
0,256,3,78,static,0.091318,0.62161,264,67584,177.62054040431684
0,256,3,79,static,0.087412,0.623643,263,67328,191.40639314215923
0,256,3,79,temporal,0.024698,0.556021,28,7168,191.40639314215923
0,256,3,80,temporal,0.022234,0.561229,28,7168,-30.808078623033584
0,256,3,80,static,0.084768,0.624985,265,67840,-30.808078623033584
0,256,3,81,static,0.19853,0.746489,264,67584,171.72793630298213
0,256,3,81,temporal,0.025969,0.564203,28,7168,171.72793630298213
0,256,3,82,temporal,0.024247,0.550112,28,7168,-135.19847567809816
0,256,3,82,static,0.102595,0.630253,265,67840,-135.19847567809816
0,256,3,83,static,0.084348,0.625246,264,67584,177.62054040431684
0,256,3,83,temporal,0.023806,0.54858,28,7168,177.62054040431684
0,256,3,84,temporal,0.021442,0.567899,28,7168,-141.82824968575807
0,256,3,84,static,0.084548,0.632757,265,67840,-141.82824968575807
0,256,3,85,static,0.091769,0.616593,264,67584,140.12753604817988
0,256,3,85,temporal,0.022824,0.56191,28,7168,140.12753604817988
0,256,3,86,temporal,0.023135,0.54889,28,7168,-103.43874366808605
0,256,3,86,static,0.07275,0.614469,264,67584,-103.43874366808605
0,256,3,87,static,0.07926,0.630303,265,67840,-103.69190649707615
0,256,3,87,temporal,0.031938,0.587108,28,7168,-103.69190649707615
0,256,3,88,temporal,0.023776,0.566357,28,7168,69.55041698258665
0,256,3,88,static,0.070296,0.601279,266,68096,69.55041698258665
0,256,3,89,static,0.065589,0.611575,266,68096,196.13236059119535
0,256,3,89,temporal,0.022223,0.558254,28,7168,196.13236059119535
0,256,3,90,temporal,0.024177,0.567319,28,7168,65.9862710894899
0,256,3,90,static,0.07943,0.619266,264,67584,65.9862710894899
0,256,3,91,static,0.058809,0.609922,265,67840,200.70826276943603
0,256,3,91,temporal,0.024807,0.571484,28,7168,200.70826276943603
0,256,3,92,temporal,0.023665,0.556772,28,7168,149.96162700520216
0,256,3,92,static,0.068824,0.617524,265,67840,149.96162700520216
0,256,3,93,static,0.060792,0.598315,266,68096,-106.17227413277669
0,256,3,93,temporal,0.021803,0.551675,28,7168,-106.17227413277669
0,256,3,94,temporal,0.020471,0.564043,28,7168,204.7859332622728
0,256,3,94,static,0.05978,0.60812,264,67584,204.7859332622728
0,256,3,95,static,0.072179,0.619447,264,67584,46.727888682414516
0,256,3,95,temporal,0.023075,0.556282,28,7168,46.727888682414516
0,256,3,96,temporal,0.020962,0.573087,28,7168,-80.96392492317607
0,256,3,96,static,0.067001,0.611154,264,67584,-80.96392492317607
0,256,3,97,static,0.081283,0.616282,264,67584,28.180829394078742
0,256,3,97,temporal,0.021993,0.561399,28,7168,28.180829394078742
0,256,3,98,temporal,0.021953,0.577904,28,7168,-182.89906708878962
0,256,3,98,static,0.075925,0.617815,266,68096,-182.89906708878962
0,256,3,99,static,0.072109,0.615101,265,67840,-238.17386176961077
0,256,3,99,temporal,0.022925,0.54908,28,7168,-238.17386176961077
0,256,3,100,temporal,0.022594,0.567789,28,7168,164.00712795990185
0,256,3,100,static,0.088814,0.613448,263,67328,164.00712795990185
0,256,3,101,static,0.075223,0.616873,263,67328,216.7500631531261
0,256,3,101,temporal,0.023715,0.585976,28,7168,216.7500631531261
0,256,3,102,temporal,0.025799,0.666228,28,7168,-86.64911326601815
0,256,3,102,static,0.091258,0.638856,266,68096,-86.64911326601815
0,256,3,103,static,0.088674,0.639007,263,67328,237.7381464395739
0,256,3,103,temporal,0.024788,0.559757,28,7168,237.7381464395739
0,256,3,104,temporal,0.020832,0.564123,28,7168,-123.8185495789184
0,256,3,104,static,0.0657,0.609963,263,67328,-123.8185495789184
0,256,3,105,static,0.060802,0.6019,264,67584,-185.31028155603255
0,256,3,105,temporal,0.023876,0.553838,28,7168,-185.31028155603255
0,256,3,106,temporal,0.024257,0.5682,28,7168,213.41343865724042
0,256,3,106,static,0.089956,0.631285,264,67584,213.41343865724042
0,256,3,107,static,0.07246,0.603112,263,67328,-244.14109163164906
0,256,3,107,temporal,0.022264,0.563312,28,7168,-244.14109163164906
0,256,3,108,temporal,0.021212,0.563872,28,7168,30.158164314508415
0,256,3,108,static,0.063355,0.607208,265,67840,30.158164314508415
0,256,3,109,static,0.090526,0.635981,266,68096,85.22772031850795
0,256,3,109,temporal,0.024718,0.54876,28,7168,85.22772031850795
0,256,3,110,temporal,0.020331,0.571404,28,7168,-17.076203152299048
0,256,3,110,static,0.072099,0.597223,264,67584,-17.076203152299048
0,256,3,111,static,0.073992,0.618686,263,67328,212.67665003854702
0,256,3,111,temporal,0.023105,0.583092,28,7168,212.67665003854702
0,256,3,112,temporal,0.022624,0.553557,28,7168,152.04746517979453
0,256,3,112,static,0.064938,0.610213,263,67328,152.04746517979453
0,256,3,113,static,0.080291,0.609842,265,67840,-184.98043315660163
0,256,3,113,temporal,0.023025,0.571865,28,7168,-184.98043315660163
0,256,3,114,temporal,0.022384,0.547498,28,7168,71.57248496041073
0,256,3,114,static,0.087602,0.627369,264,67584,71.57248496041073
0,256,3,115,static,0.083827,0.626898,266,68096,-208.79600931538675
0,256,3,115,temporal,0.023596,0.548119,28,7168,-208.79600931538675
0,256,3,116,temporal,0.021273,0.566467,28,7168,174.5872454241705
0,256,3,116,static,0.070286,0.595731,263,67328,174.5872454241705
0,256,3,117,static,0.097958,0.632797,264,67584,243.35855270289755
0,256,3,117,temporal,0.023045,0.564404,28,7168,243.35855270289755
0,256,3,118,temporal,0.023345,0.572606,28,7168,-37.123421911548185
0,256,3,118,static,0.07966,0.624344,265,67840,-37.123421911548185
0,256,3,119,static,0.064608,0.594299,265,67840,-197.52665316112518
0,256,3,119,temporal,0.020561,0.567148,28,7168,-197.52665316112518
1,256,0,0,static,0.066201,0.630023,266,68096,145.93771308552442
1,256,0,0,temporal,0.022564,0.567719,28,7168,145.93771308552442
1,256,0,1,temporal,0.037226,0.580448,28,7168,63.380686479623634
1,256,0,1,static,0.058999,0.618065,263,67328,63.380686479623634
1,256,0,2,static,0.070997,0.632727,264,67584,40.45785749438763
1,256,0,2,temporal,0.023376,0.583874,28,7168,40.45785749438763
1,256,0,3,temporal,0.023656,0.567999,28,7168,-217.04982565707672
1,256,0,3,static,0.09897,0.642091,264,67584,-217.04982565707672
1,256,0,4,static,0.064528,0.622031,263,67328,-234.04090535309874
1,256,0,4,temporal,0.021742,0.56212,28,7168,-234.04090535309874
1,256,0,5,temporal,0.022114,0.578575,28,7168,85.17509114678268
1,256,0,5,static,0.067121,0.644334,265,67840,85.17509114678268
1,256,0,6,static,0.069105,0.611395,265,67840,187.1289505761579
1,256,0,6,temporal,0.021713,0.579887,28,7168,187.1289505761579
1,256,0,7,temporal,0.023446,0.652497,28,7168,52.87538791205946
1,256,0,7,static,0.078589,0.655342,265,67840,52.87538791205946
1,256,0,8,static,0.078269,0.641671,264,67584,-232.11045170441744
1,256,0,8,temporal,0.023636,0.587008,28,7168,-232.11045170441744
1,256,0,9,temporal,0.024717,0.592626,28,7168,-71.40511442662243
1,256,0,9,static,0.097858,0.654631,264,67584,-71.40511442662243
1,256,0,10,static,0.088214,0.630974,266,68096,114.26236290135003
1,256,0,10,temporal,0.022845,0.581059,28,7168,114.26236290135003
1,256,0,11,temporal,0.023296,0.572597,28,7168,-144.22551788309048
1,256,0,11,static,0.076245,0.633498,266,68096,-144.22551788309048
1,256,0,12,static,0.090177,0.657825,265,67840,161.4671041717946
1,256,0,12,temporal,0.023436,0.568651,28,7168,161.4671041717946
1,256,0,13,temporal,0.024357,0.589131,28,7168,-30.808078623033584
1,256,0,13,static,0.089696,0.633579,265,67840,-30.808078623033584
1,256,0,14,static,0.081022,0.638255,263,67328,-204.635230953713
1,256,0,14,temporal,0.024487,0.58171,28,7168,-204.635230953713
1,256,0,15,temporal,0.021542,0.584664,28,7168,-245.69267172972968
1,256,0,15,static,0.063726,0.62831,265,67840,-245.69267172972968
1,256,0,16,static,0.063797,0.609893,263,67328,-182.83597712776842
1,256,0,16,temporal,0.020991,0.577663,27,6912,-182.83597712776842
1,256,0,17,temporal,0.021503,0.576993,28,7168,-84.93571856247003
1,256,0,17,static,0.064678,0.610233,264,67584,-84.93571856247003
1,256,0,18,static,0.257129,0.852109,266,68096,174.96417984494238
1,256,0,18,temporal,0.031537,0.587228,28,7168,174.96417984494238
1,256,0,19,temporal,0.023556,0.564464,28,7168,-111.93871995825535
1,256,0,19,static,0.077577,0.698316,264,67584,-111.93871995825535
1,256,0,20,static,0.075995,0.649733,262,67072,169.66096346855278
1,256,0,20,temporal,0.025048,0.565676,28,7168,169.66096346855278
1,256,0,21,temporal,0.021603,0.582421,28,7168,79.90134622067596
1,256,0,21,static,0.077067,0.637034,264,67584,79.90134622067596
1,256,0,22,static,0.068153,0.647339,263,67328,144.7257755447586
1,256,0,22,temporal,0.024757,0.579446,28,7168,144.7257755447586
1,256,0,23,temporal,0.021693,0.565315,28,7168,178.66928248152354
1,256,0,23,static,0.06637,0.621059,264,67584,178.66928248152354
1,256,0,24,static,0.062454,0.6085,264,67584,-248.1502513889107
1,256,0,24,temporal,0.020962,0.574389,28,7168,-248.1502513889107
1,256,0,25,temporal,0.022804,0.662712,28,7168,-230.63679596989252
1,256,0,25,static,0.07256,0.617023,263,67328,-230.63679596989252
1,256,0,26,static,0.078048,0.64185,264,67584,200.0599670084535
1,256,0,26,temporal,0.02647,0.571374,28,7168,200.0599670084535
1,256,0,27,temporal,0.025218,0.569191,28,7168,242.9911482873052
1,256,0,27,static,0.090197,0.640309,264,67584,242.9911482873052
1,256,0,28,static,0.079069,0.639597,265,67840,-69.47328546146262
1,256,0,28,temporal,0.023556,0.572136,28,7168,-69.47328546146262
1,256,0,29,temporal,0.022855,0.575871,28,7168,-82.77391976124167
1,256,0,29,static,0.080472,0.613749,264,67584,-82.77391976124167
1,256,0,30,static,0.077027,0.627129,264,67584,140.12753604817988
1,256,0,30,temporal,0.023846,0.558215,28,7168,140.12753604817988
1,256,0,31,temporal,0.021092,0.578195,28,7168,205.25946384889215
1,256,0,31,static,0.064858,0.632607,264,67584,205.25946384889215
1,256,0,32,static,0.068673,0.607969,264,67584,176.0307125110362
1,256,0,32,temporal,0.022675,0.578656,28,7168,176.0307125110362
1,256,0,33,temporal,0.022494,0.559166,28,7168,-49.99307590274484
1,256,0,33,static,0.077307,0.628561,264,67584,-49.99307590274484
1,256,0,34,static,0.064878,0.805298,265,67840,75.92283137560632
1,256,0,34,temporal,0.034231,0.592516,28,7168,75.92283137560632
1,256,0,35,temporal,0.023275,0.596843,28,7168,199.9204513679998
1,256,0,35,static,0.068964,0.627098,266,68096,199.9204513679998
1,256,0,36,static,0.074142,0.613759,264,67584,-71.79982254112713
1,256,0,36,temporal,0.09908,0.672888,28,7168,-71.79982254112713
1,256,0,37,temporal,0.025378,0.562511,28,7168,-44.88440050764924
1,256,0,37,static,0.060822,0.633658,265,67840,-44.88440050764924
1,256,0,38,static,0.073501,0.627789,264,67584,-235.99056056161305
1,256,0,38,temporal,0.024377,0.562832,28,7168,-235.99056056161305
1,256,0,39,temporal,0.022273,0.573557,28,7168,108.00903706881323
1,256,0,39,static,0.081553,0.616753,264,67584,108.00903706881323
1,256,0,40,static,0.104969,0.656092,264,67584,117.63990080373301
1,256,0,40,temporal,0.026219,0.581078,28,7168,117.63990080373301
1,256,0,41,temporal,0.023726,0.579647,28,7168,243.67320765738654
1,256,0,41,static,0.09274,0.650193,264,67584,243.67320765738654
1,256,0,42,static,0.071008,0.628491,263,67328,148.47975078297637
1,256,0,42,temporal,0.022554,0.564584,28,7168,148.47975078297637
1,256,0,43,temporal,0.02021,0.573187,28,7168,39.00673359580457
1,256,0,43,static,0.0658,0.605997,266,68096,39.00673359580457
1,256,0,44,static,0.075824,0.630413,265,67840,107.6797418322296
1,256,0,44,temporal,0.024067,0.596923,28,7168,107.6797418322296
1,256,0,45,temporal,0.024087,0.561029,28,7168,76.65559290683883
1,256,0,45,static,0.084388,0.638576,263,67328,76.65559290683883
1,256,0,46,static,0.085409,0.624474,266,68096,-98.61765878924291
1,256,0,46,temporal,0.023506,0.576863,28,7168,-98.61765878924291
1,256,0,47,temporal,0.021703,0.566197,28,7168,156.55612444393404
1,256,0,47,static,0.082275,0.644926,265,67840,156.55612444393404
1,256,0,48,static,0.070997,0.624885,262,67072,-49.707945810376614
1,256,0,48,temporal,0.022955,0.563122,28,7168,-49.707945810376614
1,256,0,49,temporal,0.020541,0.576572,28,7168,163.92494759546418
1,256,0,49,static,0.069465,0.626528,263,67328,163.92494759546418
1,256,0,50,static,0.061283,0.606157,264,67584,-175.4575219938958
1,256,0,50,temporal,0.022133,0.578404,28,7168,-175.4575219938958
1,256,0,51,temporal,0.023986,0.710605,28,7168,-33.086002666277565
1,256,0,51,static,0.089445,0.635141,264,67584,-33.086002666277565
1,256,0,52,static,0.07938,0.64175,262,67072,73.99607979284627
1,256,0,52,temporal,0.024296,0.563442,28,7168,73.99607979284627
1,256,0,53,temporal,0.020491,0.577153,28,7168,183.41837898138098
1,256,0,53,static,0.068734,0.60877,266,68096,183.41837898138098
1,256,0,54,static,0.08598,0.644845,266,68096,-153.37397333987363
1,256,0,54,temporal,0.023065,0.668401,28,7168,-153.37397333987363
1,256,0,55,temporal,0.032369,0.576823,28,7168,242.9563548246528
1,256,0,55,static,0.096536,0.730325,264,67584,242.9563548246528
1,256,0,56,static,0.101393,0.671355,265,67840,70.51601402245055
1,256,0,56,temporal,0.026881,0.580959,28,7168,70.51601402245055
1,256,0,57,temporal,0.021963,0.585666,28,7168,203.71297190325635
1,256,0,57,static,0.061993,0.631855,264,67584,203.71297190325635
1,256,0,58,static,0.064577,0.599336,266,68096,-244.40216860292378
1,256,0,58,temporal,0.020722,0.631565,28,7168,-244.40216860292378
1,256,0,59,temporal,0.030737,0.573448,28,7168,14.83751785480425
1,256,0,59,static,0.088103,0.664345,264,67584,14.83751785480425
1,256,0,60,static,0.070837,0.624264,266,68096,186.57568054932534
1,256,0,60,temporal,0.023405,0.579126,28,7168,186.57568054932534
1,256,0,61,temporal,0.024387,0.57485,28,7168,14.83751785480425
1,256,0,61,static,0.084828,0.619446,264,67584,14.83751785480425
1,256,0,62,static,0.07883,0.620719,262,67072,-104.60858404404789
1,256,0,62,temporal,0.021463,0.568921,27,6912,-104.60858404404789
1,256,0,63,temporal,0.020872,0.559076,28,7168,123.1710884189406
1,256,0,63,static,0.061784,0.611195,266,68096,123.1710884189406
1,256,0,64,static,0.062354,0.619667,265,67840,-165.04633256656376
1,256,0,64,temporal,0.023155,0.583332,28,7168,-165.04633256656376
1,256,0,65,temporal,0.025519,0.573678,28,7168,141.69832369164203
1,256,0,65,static,0.070227,0.608601,264,67584,141.69832369164203
1,256,0,66,static,0.074092,0.624104,264,67584,-99.13456448395776
1,256,0,66,temporal,0.022504,0.554979,28,7168,-99.13456448395776
1,256,0,67,temporal,0.022704,0.571074,28,7168,37.88598137638855
1,256,0,67,static,0.106531,0.6615,265,67840,37.88598137638855
1,256,0,68,static,0.07281,0.616372,263,67328,160.08861394234785
1,256,0,68,temporal,0.020912,0.570413,28,7168,160.08861394234785
1,256,0,69,temporal,0.022684,0.558434,28,7168,-242.12169445912136
1,256,0,69,static,0.062214,0.61449,264,67584,-242.12169445912136
1,256,0,70,static,0.062324,0.618525,264,67584,189.3947249606561
1,256,0,70,temporal,0.021553,0.578235,28,7168,189.3947249606561
1,256,0,71,temporal,0.024096,0.580918,28,7168,-188.44096116793676
1,256,0,71,static,0.085098,0.751626,265,67840,-188.44096116793676
1,256,0,72,static,0.084899,0.68112,263,67328,-3.9709378026762785
1,256,0,72,temporal,0.029254,0.589091,28,7168,-3.9709378026762785
1,256,0,73,temporal,0.024887,0.556131,28,7168,209.32431812009887
1,256,0,73,static,0.081072,0.623793,264,67584,209.32431812009887
1,256,0,74,static,0.098549,0.644385,266,68096,126.01628298371944
1,256,0,74,temporal,0.023836,0.54929,28,7168,126.01628298371944
1,256,0,75,temporal,0.020711,0.570683,28,7168,203.95379787942875
1,256,0,75,static,0.061854,0.58867,263,67328,203.95379787942875
1,256,0,76,static,0.062435,0.610053,263,67328,-100.70434183975586
1,256,0,76,temporal,0.022424,0.562231,28,7168,-100.70434183975586
1,256,0,77,temporal,0.021843,0.5686,28,7168,24.27549176550169
1,256,0,77,static,0.071017,0.61487,264,67584,24.27549176550169
1,256,0,78,static,0.090226,0.616782,264,67584,177.62054040431684
1,256,0,78,temporal,0.023275,0.563522,28,7168,177.62054040431684
1,256,0,79,temporal,0.030647,0.556352,28,7168,191.40639314215923
1,256,0,79,static,0.122015,0.652878,263,67328,191.40639314215923
1,256,0,80,static,0.0854,0.63444,265,67840,-30.808078623033584
1,256,0,80,temporal,0.025098,0.615501,28,7168,-30.808078623033584
1,256,0,81,temporal,0.028673,0.617834,28,7168,171.72793630298213
1,256,0,81,static,0.07913,0.632056,264,67584,171.72793630298213
1,256,0,82,static,0.088674,0.620819,265,67840,-135.19847567809816
1,256,0,82,temporal,0.023065,0.567358,28,7168,-135.19847567809816
1,256,0,83,temporal,0.024397,0.553277,28,7168,177.62054040431684
1,256,0,83,static,0.085369,0.630263,264,67584,177.62054040431684
1,256,0,84,static,0.103226,0.653278,265,67840,-141.82824968575807
1,256,0,84,temporal,0.024407,0.555921,28,7168,-141.82824968575807
1,256,0,85,temporal,0.021242,0.569922,28,7168,140.12753604817988
1,256,0,85,static,0.078118,0.611935,264,67584,140.12753604817988
1,256,0,86,static,0.071478,0.631015,264,67584,-103.43874366808605
1,256,0,86,temporal,0.023215,0.574519,28,7168,-103.43874366808605
1,256,0,87,temporal,0.023075,0.5821,28,7168,-103.69190649707615
1,256,0,87,static,0.081223,0.635832,265,67840,-103.69190649707615
1,256,0,88,static,0.070046,0.613889,266,68096,69.55041698258665
1,256,0,88,temporal,0.023906,0.576933,28,7168,69.55041698258665
1,256,0,89,temporal,0.021833,0.583203,28,7168,196.13236059119535
1,256,0,89,static,0.064077,0.605836,266,68096,196.13236059119535
1,256,0,90,static,0.078229,0.63403,264,67584,65.9862710894899
1,256,0,90,temporal,0.022894,0.579987,28,7168,65.9862710894899
1,256,0,91,temporal,0.022254,0.580869,28,7168,200.70826276943603
1,256,0,91,static,0.060141,0.616272,265,67840,200.70826276943603
1,256,0,92,static,0.068744,0.6078,265,67840,149.96162700520216
1,256,0,92,temporal,0.021473,0.575581,28,7168,149.96162700520216
1,256,0,93,temporal,0.021183,0.5619,28,7168,-106.17227413277669
1,256,0,93,static,0.060962,0.616152,266,68096,-106.17227413277669
1,256,0,94,static,0.081082,0.64142,264,67584,204.7859332622728
1,256,0,94,temporal,0.022845,0.564924,28,7168,204.7859332622728
1,256,0,95,temporal,0.021793,0.576722,28,7168,46.727888682414516
1,256,0,95,static,0.070757,0.612236,264,67584,46.727888682414516
1,256,0,96,static,0.063466,0.618826,264,67584,-80.96392492317607
1,256,0,96,temporal,0.021893,0.576061,28,7168,-80.96392492317607
1,256,0,97,temporal,0.023445,0.579736,28,7168,28.180829394078742
1,256,0,97,static,0.081524,0.636704,264,67584,28.180829394078742
1,256,0,98,static,0.07289,0.61507,266,68096,-182.89906708878962
1,256,0,98,temporal,0.022765,0.587208,28,7168,-182.89906708878962
1,256,0,99,temporal,0.022314,0.579707,28,7168,-238.17386176961077
1,256,0,99,static,0.072169,0.613208,265,67840,-238.17386176961077
1,256,0,100,static,0.086421,0.858108,263,67328,164.00712795990185
1,256,0,100,temporal,0.041763,0.640549,28,7168,164.00712795990185
1,256,0,101,temporal,0.02704,0.568319,28,7168,216.7500631531261
1,256,0,101,static,0.077046,0.698126,263,67328,216.7500631531261
1,256,0,102,static,0.091077,0.663694,266,68096,-86.64911326601815
1,256,0,102,temporal,0.027271,0.560978,28,7168,-86.64911326601815
1,256,0,103,temporal,0.022824,0.576712,28,7168,237.7381464395739
1,256,0,103,static,0.089285,0.645476,263,67328,237.7381464395739
1,256,0,104,static,0.083556,0.623593,263,67328,-123.8185495789184
1,256,0,104,temporal,0.022554,0.570663,28,7168,-123.8185495789184
1,256,0,105,temporal,0.021422,0.561149,28,7168,-185.31028155603255
1,256,0,105,static,0.064037,0.611625,264,67584,-185.31028155603255
1,256,0,106,static,0.088093,0.633128,264,67584,213.41343865724042
1,256,0,106,temporal,0.037717,0.595571,28,7168,213.41343865724042
1,256,0,107,temporal,0.023145,0.574949,28,7168,-244.14109163164906
1,256,0,107,static,0.072559,0.608881,263,67328,-244.14109163164906
1,256,0,108,static,0.059069,0.613267,265,67840,30.158164314508415
1,256,0,108,temporal,0.021592,0.559155,28,7168,30.158164314508415
1,256,0,109,temporal,0.025188,0.646778,28,7168,85.22772031850795
1,256,0,109,static,0.096806,0.651966,266,68096,85.22772031850795
1,256,0,110,static,0.073772,0.631906,264,67584,-17.076203152299048
1,256,0,110,temporal,0.023326,0.573368,28,7168,-17.076203152299048
1,256,0,111,temporal,0.022433,1.833753,28,7168,212.67665003854702
1,256,0,111,static,0.101063,0.622411,263,67328,212.67665003854702
1,256,0,112,static,0.067422,0.624956,263,67328,152.04746517979453
1,256,0,112,temporal,0.036455,0.570012,28,7168,152.04746517979453
1,256,0,113,temporal,0.024947,0.925219,28,7168,-184.98043315660163
1,256,0,113,static,0.098429,0.767741,265,67840,-184.98043315660163
1,256,0,114,static,0.089265,0.640479,264,67584,71.57248496041073
1,256,0,114,temporal,0.025949,0.560157,28,7168,71.57248496041073
1,256,0,115,temporal,0.025198,0.656903,28,7168,-208.79600931538675
1,256,0,115,static,0.092621,0.644185,266,68096,-208.79600931538675
1,256,0,116,static,0.07255,0.591655,263,67328,174.5872454241705
1,256,0,116,temporal,0.023375,0.556141,28,7168,174.5872454241705
1,256,0,117,temporal,0.023926,0.64136,28,7168,243.35855270289755
1,256,0,117,static,0.096566,0.614319,264,67584,243.35855270289755
1,256,0,118,static,0.080522,0.618245,265,67840,-37.123421911548185
1,256,0,118,temporal,0.024497,0.559647,28,7168,-37.123421911548185
1,256,0,119,temporal,0.022514,0.556051,28,7168,-197.52665316112518
1,256,0,119,static,0.066431,0.596212,265,67840,-197.52665316112518
1,256,1,0,temporal,0.021523,0.544464,28,7168,145.93771308552442
1,256,1,0,static,0.133321,0.689413,266,68096,145.93771308552442
1,256,1,1,static,0.063216,0.58838,263,67328,63.380686479623634
1,256,1,1,temporal,0.021072,0.553998,28,7168,63.380686479623634
1,256,1,2,temporal,0.022374,0.57495,28,7168,40.45785749438763
1,256,1,2,static,0.074143,0.590844,264,67584,40.45785749438763
1,256,1,3,static,0.085108,0.624474,264,67584,-217.04982565707672
1,256,1,3,temporal,0.025068,0.661851,28,7168,-217.04982565707672
1,256,1,4,temporal,0.028884,0.573698,28,7168,-234.04090535309874
1,256,1,4,static,0.065869,0.598054,263,67328,-234.04090535309874
1,256,1,5,static,0.066721,0.643624,265,67840,85.17509114678268
1,256,1,5,temporal,0.027602,0.582221,28,7168,85.17509114678268
1,256,1,6,temporal,0.024177,0.543492,28,7168,187.1289505761579
1,256,1,6,static,0.067933,0.603593,265,67840,187.1289505761579
1,256,1,7,static,0.069805,0.668591,265,67840,52.87538791205946
1,256,1,7,temporal,0.028423,0.545566,28,7168,52.87538791205946
1,256,1,8,temporal,0.022033,0.557964,28,7168,-232.11045170441744
1,256,1,8,static,0.07302,0.615,264,67584,-232.11045170441744
1,256,1,9,static,0.098128,0.64152,264,67584,-71.40511442662243
1,256,1,9,temporal,0.025859,0.561028,28,7168,-71.40511442662243
1,256,1,10,temporal,0.023696,0.5425,28,7168,114.26236290135003
1,256,1,10,static,0.150237,0.70108,266,68096,114.26236290135003
1,256,1,11,static,0.077868,0.596873,266,68096,-144.22551788309048
1,256,1,11,temporal,0.021863,0.563763,28,7168,-144.22551788309048
1,256,1,12,temporal,0.042574,0.715211,28,7168,161.4671041717946
1,256,1,12,static,0.071989,0.591725,265,67840,161.4671041717946
1,256,1,13,static,0.085569,0.628541,265,67840,-30.808078623033584
1,256,1,13,temporal,0.025469,0.633088,28,7168,-30.808078623033584
1,256,1,14,temporal,0.030987,0.553578,28,7168,-204.635230953713
1,256,1,14,static,0.084368,0.621,263,67328,-204.635230953713
1,256,1,15,static,0.064207,0.764616,265,67840,-245.69267172972968
1,256,1,15,temporal,0.036906,0.569091,28,7168,-245.69267172972968
1,256,1,16,temporal,0.022544,0.570152,27,6912,-182.83597712776842
1,256,1,16,static,0.06625,0.653388,263,67328,-182.83597712776842
1,256,1,17,static,0.070366,0.648451,264,67584,-84.93571856247003
1,256,1,17,temporal,0.041763,0.586477,28,7168,-84.93571856247003
1,256,1,18,temporal,0.023746,0.598114,28,7168,174.96417984494238
1,256,1,18,static,0.084898,0.645827,266,68096,174.96417984494238
1,256,1,19,static,0.076265,0.605516,264,67584,-111.93871995825535
1,256,1,19,temporal,0.022243,0.567068,28,7168,-111.93871995825535
1,256,1,20,temporal,0.022604,0.642281,28,7168,169.66096346855278
1,256,1,20,static,0.077056,0.606858,262,67072,169.66096346855278
1,256,1,21,static,0.075825,0.622542,264,67584,79.90134622067596
1,256,1,21,temporal,0.024688,0.602962,28,7168,79.90134622067596
1,256,1,22,temporal,0.060401,0.589522,28,7168,144.7257755447586
1,256,1,22,static,0.067442,0.61515,263,67328,144.7257755447586
1,256,1,23,static,0.067382,0.649683,264,67584,178.66928248152354
1,256,1,23,temporal,0.027451,0.588029,28,7168,178.66928248152354
1,256,1,24,temporal,0.024107,0.554249,28,7168,-248.1502513889107
1,256,1,24,static,0.084398,0.629242,264,67584,-248.1502513889107
1,256,1,25,static,0.062314,0.60149,263,67328,-230.63679596989252
1,256,1,25,temporal,0.021673,0.549972,28,7168,-230.63679596989252
1,256,1,26,temporal,0.030116,0.569601,28,7168,200.0599670084535
1,256,1,26,static,0.07937,0.652577,264,67584,200.0599670084535
1,256,1,27,static,0.100612,0.62836,264,67584,242.9911482873052
1,256,1,27,temporal,0.02687,0.565325,28,7168,242.9911482873052
1,256,1,28,temporal,0.024307,0.566157,28,7168,-69.47328546146262
1,256,1,28,static,0.081443,0.620669,265,67840,-69.47328546146262
1,256,1,29,static,0.080332,0.619077,264,67584,-82.77391976124167
1,256,1,29,temporal,0.025699,0.548209,28,7168,-82.77391976124167
1,256,1,30,temporal,0.024016,0.63483,28,7168,140.12753604817988
1,256,1,30,static,0.08603,0.609502,264,67584,140.12753604817988
1,256,1,31,static,0.065178,0.614369,264,67584,205.25946384889215
1,256,1,31,temporal,0.023346,0.578806,28,7168,205.25946384889215
1,256,1,32,temporal,0.022725,0.544754,28,7168,176.0307125110362
1,256,1,32,static,0.067181,0.716333,264,67584,176.0307125110362
1,256,1,33,static,0.079791,0.6678,264,67584,-49.99307590274484
1,256,1,33,temporal,0.028934,0.592746,28,7168,-49.99307590274484
1,256,1,34,temporal,0.023525,0.564694,28,7168,75.92283137560632
1,256,1,34,static,0.068934,0.640749,265,67840,75.92283137560632
1,256,1,35,static,0.06596,0.628972,266,68096,199.9204513679998
1,256,1,35,temporal,0.025308,0.551784,28,7168,199.9204513679998
1,256,1,36,temporal,0.023406,0.568099,28,7168,-71.79982254112713
1,256,1,36,static,0.073171,0.713669,264,67584,-71.79982254112713
1,256,1,37,static,0.069736,0.595682,265,67840,-44.88440050764924
1,256,1,37,temporal,0.021803,0.567499,28,7168,-44.88440050764924
1,256,1,38,temporal,0.022924,0.567648,28,7168,-235.99056056161305
1,256,1,38,static,0.091329,0.61454,264,67584,-235.99056056161305
1,256,1,39,static,0.079099,0.616232,264,67584,108.00903706881323
1,256,1,39,temporal,0.024136,0.544974,28,7168,108.00903706881323
1,256,1,40,temporal,0.022815,0.558385,28,7168,117.63990080373301
1,256,1,40,static,0.086551,0.605295,264,67584,117.63990080373301
1,256,1,41,static,0.101544,0.649462,264,67584,243.67320765738654
1,256,1,41,temporal,0.027001,0.570653,28,7168,243.67320765738654
1,256,1,42,temporal,0.022865,0.557343,28,7168,148.47975078297637
1,256,1,42,static,0.067792,0.610253,263,67328,148.47975078297637
1,256,1,43,static,0.065729,0.600037,266,68096,39.00673359580457
1,256,1,43,temporal,0.022785,0.562251,28,7168,39.00673359580457
1,256,1,44,temporal,0.023175,0.566557,28,7168,107.6797418322296
1,256,1,44,static,0.076976,1.002025,265,67840,107.6797418322296
1,256,1,45,static,0.094763,0.624053,263,67328,76.65559290683883
1,256,1,45,temporal,0.024076,0.569191,28,7168,76.65559290683883
1,256,1,46,temporal,0.023675,0.547778,28,7168,-98.61765878924291
1,256,1,46,static,0.084357,0.624484,266,68096,-98.61765878924291
1,256,1,47,static,0.063166,0.607259,265,67840,156.55612444393404
1,256,1,47,temporal,0.023045,0.567258,28,7168,156.55612444393404
1,256,1,48,temporal,0.023065,0.569862,28,7168,-49.707945810376614
1,256,1,48,static,0.071398,0.593688,262,67072,-49.707945810376614
1,256,1,49,static,0.066841,0.607519,263,67328,163.92494759546418
1,256,1,49,temporal,0.022715,0.544384,28,7168,163.92494759546418
1,256,1,50,temporal,0.021413,0.56172,28,7168,-175.4575219938958
1,256,1,50,static,0.062425,0.599978,264,67584,-175.4575219938958
1,256,1,51,static,0.06623,0.611885,264,67584,-33.086002666277565
1,256,1,51,temporal,0.022665,0.563563,28,7168,-33.086002666277565
1,256,1,52,temporal,0.023446,0.547118,28,7168,73.99607979284627
1,256,1,52,static,0.081654,0.619027,262,67072,73.99607979284627
1,256,1,53,static,0.067482,0.609202,266,68096,183.41837898138098
1,256,1,53,temporal,0.023596,0.547668,28,7168,183.41837898138098
1,256,1,54,temporal,0.021252,0.559867,28,7168,-153.37397333987363
1,256,1,54,static,0.071107,0.6215,266,68096,-153.37397333987363
1,256,1,55,static,0.088253,0.63487,264,67584,242.9563548246528
1,256,1,55,temporal,0.025789,0.551825,28,7168,242.9563548246528
1,256,1,56,temporal,0.037988,0.56194,28,7168,70.51601402245055
1,256,1,56,static,0.090748,0.630464,265,67840,70.51601402245055
1,256,1,57,static,0.061223,0.594289,264,67584,203.71297190325635
1,256,1,57,temporal,0.022064,0.559937,28,7168,203.71297190325635
1,256,1,58,temporal,0.022164,0.562361,28,7168,-244.40216860292378
1,256,1,58,static,0.064578,0.653659,266,68096,-244.40216860292378
1,256,1,59,static,0.093211,0.643213,264,67584,14.83751785480425
1,256,1,59,temporal,0.03319,0.562922,28,7168,14.83751785480425
1,256,1,60,temporal,0.021513,0.570243,28,7168,186.57568054932534
1,256,1,60,static,0.070577,0.595541,266,68096,186.57568054932534
1,256,1,61,static,0.102195,0.875324,264,67584,14.83751785480425
1,256,1,61,temporal,0.039029,0.594459,28,7168,14.83751785480425
1,256,1,62,temporal,0.025148,0.550383,27,6912,-104.60858404404789
1,256,1,62,static,0.086661,0.667289,262,67072,-104.60858404404789
1,256,1,63,static,0.066942,0.626017,266,68096,123.1710884189406
1,256,1,63,temporal,0.024688,0.545906,28,7168,123.1710884189406
1,256,1,64,temporal,0.021012,0.560438,28,7168,-165.04633256656376
1,256,1,64,static,0.064247,0.665566,265,67840,-165.04633256656376
1,256,1,65,static,0.076465,0.597584,264,67584,141.69832369164203
1,256,1,65,temporal,0.021363,0.559667,28,7168,141.69832369164203
1,256,1,66,temporal,0.022765,0.541469,28,7168,-99.13456448395776
1,256,1,66,static,0.074322,0.614679,264,67584,-99.13456448395776
1,256,1,67,static,0.088874,0.610854,265,67840,37.88598137638855
1,256,1,67,temporal,0.023926,0.579757,28,7168,37.88598137638855
1,256,1,68,temporal,0.022975,0.560257,28,7168,160.08861394234785
1,256,1,68,static,0.069686,0.584875,263,67328,160.08861394234785
1,256,1,69,static,0.063296,0.600589,264,67584,-242.12169445912136
1,256,1,69,temporal,0.021522,0.611274,28,7168,-242.12169445912136
1,256,1,70,temporal,0.026611,0.58155,28,7168,189.3947249606561
1,256,1,70,static,0.063005,0.598666,264,67584,189.3947249606561
1,256,1,71,static,0.084428,0.629212,265,67840,-188.44096116793676
1,256,1,71,temporal,0.024687,0.559647,28,7168,-188.44096116793676
1,256,1,72,temporal,0.022945,0.54218,28,7168,-3.9709378026762785
1,256,1,72,static,0.077217,0.609312,263,67328,-3.9709378026762785
1,256,1,73,static,0.078619,0.609181,264,67584,209.32431812009887
1,256,1,73,temporal,0.023486,0.54181,28,7168,209.32431812009887
1,256,1,74,temporal,0.020972,0.554159,28,7168,126.01628298371944
1,256,1,74,static,0.076386,0.615421,266,68096,126.01628298371944
1,256,1,75,static,0.061754,0.60832,263,67328,203.95379787942875
1,256,1,75,temporal,0.022574,0.54262,28,7168,203.95379787942875
1,256,1,76,temporal,0.020501,0.55562,28,7168,-100.70434183975586
1,256,1,76,static,0.069124,0.607378,263,67328,-100.70434183975586
1,256,1,77,static,0.069315,0.593899,264,67584,24.27549176550169
1,256,1,77,temporal,0.022344,0.553577,28,7168,24.27549176550169
1,256,1,78,temporal,0.023485,0.735382,28,7168,177.62054040431684
1,256,1,78,static,0.133432,0.664525,264,67584,177.62054040431684
1,256,1,79,static,0.090367,0.636774,263,67328,191.40639314215923
1,256,1,79,temporal,0.024637,0.617534,28,7168,191.40639314215923
1,256,1,80,temporal,0.029484,0.592966,28,7168,-30.808078623033584
1,256,1,80,static,0.091649,0.635111,265,67840,-30.808078623033584
1,256,1,81,static,0.070646,0.615491,264,67584,171.72793630298213
1,256,1,81,temporal,0.023215,0.564714,28,7168,171.72793630298213
1,256,1,82,temporal,0.023816,0.551504,28,7168,-135.19847567809816
1,256,1,82,static,0.085109,0.631024,265,67840,-135.19847567809816
1,256,1,83,static,0.086601,0.629301,264,67584,177.62054040431684
1,256,1,83,temporal,0.024076,0.553257,28,7168,177.62054040431684
1,256,1,84,temporal,0.021984,0.560047,28,7168,-141.82824968575807
1,256,1,84,static,0.086841,0.630344,265,67840,-141.82824968575807
1,256,1,85,static,0.080061,0.624404,264,67584,140.12753604817988
1,256,1,85,temporal,0.023826,0.567438,28,7168,140.12753604817988
1,256,1,86,temporal,0.022574,0.545635,28,7168,-103.43874366808605
1,256,1,86,static,0.073541,0.616322,264,67584,-103.43874366808605
1,256,1,87,static,0.080872,0.604955,265,67840,-103.69190649707615
1,256,1,87,temporal,0.022785,0.562361,28,7168,-103.69190649707615
1,256,1,88,temporal,0.021913,0.566197,28,7168,69.55041698258665
1,256,1,88,static,0.083446,0.606637,266,68096,69.55041698258665
1,256,1,89,static,0.060491,0.606076,266,68096,196.13236059119535
1,256,1,89,temporal,0.023155,0.545475,28,7168,196.13236059119535
1,256,1,90,temporal,0.022174,0.56844,28,7168,65.9862710894899
1,256,1,90,static,0.084748,0.611895,264,67584,65.9862710894899
1,256,1,91,static,0.058589,0.613779,265,67840,200.70826276943603
1,256,1,91,temporal,0.024417,0.564444,28,7168,200.70826276943603
1,256,1,92,temporal,0.025038,0.548931,28,7168,149.96162700520216
1,256,1,92,static,0.068494,0.609271,265,67840,149.96162700520216
1,256,1,93,static,0.070377,0.594239,266,68096,-106.17227413277669
1,256,1,93,temporal,0.021172,0.615371,28,7168,-106.17227413277669
1,256,1,94,temporal,0.025289,0.578485,28,7168,204.7859332622728
1,256,1,94,static,0.062335,0.658116,264,67584,204.7859332622728
1,256,1,95,static,0.076255,0.78004,264,67584,46.727888682414516
1,256,1,95,temporal,0.031607,0.582451,28,7168,46.727888682414516
1,256,1,96,temporal,0.023095,0.555851,28,7168,-80.96392492317607
1,256,1,96,static,0.067171,0.616742,264,67584,-80.96392492317607
1,256,1,97,static,0.083146,0.620939,264,67584,28.180829394078742
1,256,1,97,temporal,0.024788,0.571074,28,7168,28.180829394078742
1,256,1,98,temporal,0.022514,0.586737,28,7168,-182.89906708878962
1,256,1,98,static,0.080211,0.609021,266,68096,-182.89906708878962
1,256,1,99,static,0.073361,0.623573,265,67840,-238.17386176961077
1,256,1,99,temporal,0.027131,0.557724,28,7168,-238.17386176961077
1,256,1,100,temporal,0.022885,0.577824,28,7168,164.00712795990185
1,256,1,100,static,0.107513,0.656293,263,67328,164.00712795990185
1,256,1,101,static,0.076376,0.628441,263,67328,216.7500631531261
1,256,1,101,temporal,0.023616,0.571024,28,7168,216.7500631531261
1,256,1,102,temporal,0.023706,0.552907,28,7168,-86.64911326601815
1,256,1,102,static,0.083556,0.627879,266,68096,-86.64911326601815
1,256,1,103,static,0.087893,0.634239,263,67328,237.7381464395739
1,256,1,103,temporal,0.023776,0.553778,28,7168,237.7381464395739
1,256,1,104,temporal,0.020371,0.571675,28,7168,-123.8185495789184
1,256,1,104,static,0.069705,0.617974,263,67328,-123.8185495789184
1,256,1,105,static,0.062315,0.614279,264,67584,-185.31028155603255
1,256,1,105,temporal,0.022764,0.574138,28,7168,-185.31028155603255
1,256,1,106,temporal,0.025979,0.563722,28,7168,213.41343865724042
1,256,1,106,static,0.087793,0.638255,264,67584,213.41343865724042
1,256,1,107,static,0.073231,0.608431,263,67328,-244.14109163164906
1,256,1,107,temporal,0.021182,0.569141,28,7168,-244.14109163164906
1,256,1,108,temporal,0.020912,0.593037,28,7168,30.158164314508415
1,256,1,108,static,0.066801,0.598565,265,67840,30.158164314508415
1,256,1,109,static,0.091699,0.665326,266,68096,85.22772031850795
1,256,1,109,temporal,0.027051,0.557763,28,7168,85.22772031850795
1,256,1,110,temporal,0.021232,0.577183,28,7168,-17.076203152299048
1,256,1,110,static,0.07254,0.626668,264,67584,-17.076203152299048
1,256,1,111,static,0.077857,0.691055,263,67328,212.67665003854702
1,256,1,111,temporal,0.032078,0.609562,28,7168,212.67665003854702
1,256,1,112,temporal,0.098138,0.668801,28,7168,152.04746517979453
1,256,1,112,static,0.077417,0.613348,263,67328,152.04746517979453
1,256,1,113,static,0.083757,0.722383,265,67840,-184.98043315660163
1,256,1,113,temporal,0.03273,0.568169,28,7168,-184.98043315660163
1,256,1,114,temporal,0.022734,0.620989,28,7168,71.57248496041073
1,256,1,114,static,0.080842,0.627479,264,67584,71.57248496041073
1,256,1,115,static,0.082374,0.705898,266,68096,-208.79600931538675
1,256,1,115,temporal,0.030537,0.723485,28,7168,-208.79600931538675
1,256,1,116,temporal,0.031337,0.606186,28,7168,174.5872454241705
1,256,1,116,static,0.073001,0.602452,263,67328,174.5872454241705
1,256,1,117,static,0.088665,0.638787,264,67584,243.35855270289755
1,256,1,117,temporal,0.044958,0.590994,28,7168,243.35855270289755
1,256,1,118,temporal,0.024767,0.607929,28,7168,-37.123421911548185
1,256,1,118,static,0.08576,0.664546,265,67840,-37.123421911548185
1,256,1,119,static,0.070286,0.605436,265,67840,-197.52665316112518
1,256,1,119,temporal,0.03946,0.569602,28,7168,-197.52665316112518
1,256,2,0,static,0.06611,0.620288,266,68096,145.93771308552442
1,256,2,0,temporal,0.022194,0.570814,28,7168,145.93771308552442
1,256,2,1,temporal,0.021102,0.570754,28,7168,63.380686479623634
1,256,2,1,static,0.116486,0.647769,263,67328,63.380686479623634
1,256,2,2,static,0.114053,0.653839,264,67584,40.45785749438763
1,256,2,2,temporal,0.024798,0.569001,28,7168,40.45785749438763
1,256,2,3,temporal,0.023225,0.566006,28,7168,-217.04982565707672
1,256,2,3,static,0.083847,0.628,264,67584,-217.04982565707672
1,256,2,4,static,0.062505,0.634159,263,67328,-234.04090535309874
1,256,2,4,temporal,0.023987,0.606568,28,7168,-234.04090535309874
1,256,2,5,temporal,0.026721,0.592166,28,7168,85.17509114678268
1,256,2,5,static,0.067903,0.602071,265,67840,85.17509114678268
1,256,2,6,static,0.066,0.613809,265,67840,187.1289505761579
1,256,2,6,temporal,0.034142,0.575571,28,7168,187.1289505761579
1,256,2,7,temporal,0.021874,0.569362,28,7168,52.87538791205946
1,256,2,7,static,0.074002,0.619136,265,67840,52.87538791205946
1,256,2,8,static,0.075124,0.682612,264,67584,-232.11045170441744
1,256,2,8,temporal,0.029375,0.598656,28,7168,-232.11045170441744
1,256,2,9,temporal,0.025769,0.580969,28,7168,-71.40511442662243
1,256,2,9,static,0.097758,0.624414,264,67584,-71.40511442662243
1,256,2,10,static,0.087112,0.631095,266,68096,114.26236290135003
1,256,2,10,temporal,0.025498,0.574849,28,7168,114.26236290135003
1,256,2,11,temporal,0.022684,0.625486,28,7168,-144.22551788309048
1,256,2,11,static,0.07979,0.650323,266,68096,-144.22551788309048
1,256,2,12,static,0.066951,0.601269,265,67840,161.4671041717946
1,256,2,12,temporal,0.021483,0.570553,28,7168,161.4671041717946
1,256,2,13,temporal,0.023395,0.55555,28,7168,-30.808078623033584
1,256,2,13,static,0.100031,0.660268,265,67840,-30.808078623033584
1,256,2,14,static,0.084638,0.635641,263,67328,-204.635230953713
1,256,2,14,temporal,0.023666,0.606267,28,7168,-204.635230953713
1,256,2,15,temporal,0.02675,0.594048,28,7168,-245.69267172972968
1,256,2,15,static,0.065819,0.610273,265,67840,-245.69267172972968
1,256,2,16,static,0.063376,0.602051,263,67328,-182.83597712776842
1,256,2,16,temporal,0.022434,0.56884,27,6912,-182.83597712776842
1,256,2,17,temporal,0.022564,0.574139,28,7168,-84.93571856247003
1,256,2,17,static,0.064107,0.668862,264,67584,-84.93571856247003
1,256,2,18,static,0.084208,0.655702,266,68096,174.96417984494238
1,256,2,18,temporal,0.024868,0.558245,28,7168,174.96417984494238
1,256,2,19,temporal,0.021512,0.567278,28,7168,-111.93871995825535
1,256,2,19,static,0.074031,0.600898,264,67584,-111.93871995825535
1,256,2,20,static,0.067523,0.625366,262,67072,169.66096346855278
1,256,2,20,temporal,0.043706,0.592947,28,7168,169.66096346855278
1,256,2,21,temporal,0.023586,0.603743,28,7168,79.90134622067596
1,256,2,21,static,0.082334,0.668231,264,67584,79.90134622067596
1,256,2,22,static,0.073081,0.604605,263,67328,144.7257755447586
1,256,2,22,temporal,0.037146,0.576211,28,7168,144.7257755447586
1,256,2,23,temporal,0.021602,0.567128,28,7168,178.66928248152354
1,256,2,23,static,0.067492,0.809684,264,67584,178.66928248152354
1,256,2,24,static,0.106721,0.717014,264,67584,-248.1502513889107
1,256,2,24,temporal,0.030466,0.593878,28,7168,-248.1502513889107
1,256,2,25,temporal,0.023516,0.620338,28,7168,-230.63679596989252
1,256,2,25,static,0.072299,0.648861,263,67328,-230.63679596989252
1,256,2,26,static,0.083726,0.634299,264,67584,200.0599670084535
1,256,2,26,temporal,0.023886,0.573558,28,7168,200.0599670084535
1,256,2,27,temporal,0.023876,0.573748,28,7168,242.9911482873052
1,256,2,27,static,0.095124,0.624304,264,67584,242.9911482873052
1,256,2,28,static,0.095014,0.703074,265,67840,-69.47328546146262
1,256,2,28,temporal,0.030717,0.598806,28,7168,-69.47328546146262
1,256,2,29,temporal,0.026089,0.553687,28,7168,-82.77391976124167
1,256,2,29,static,0.082164,0.626758,264,67584,-82.77391976124167
1,256,2,30,static,0.078498,0.643483,264,67584,140.12753604817988
1,256,2,30,temporal,0.024918,0.560118,28,7168,140.12753604817988
1,256,2,31,temporal,0.021332,0.576842,28,7168,205.25946384889215
1,256,2,31,static,0.067262,0.676654,264,67584,205.25946384889215
1,256,2,32,static,0.074042,0.640028,264,67584,176.0307125110362
1,256,2,32,temporal,0.024467,0.567688,28,7168,176.0307125110362
1,256,2,33,temporal,0.023025,0.577043,28,7168,-49.99307590274484
1,256,2,33,static,0.075694,0.624234,264,67584,-49.99307590274484
1,256,2,34,static,0.0666,0.596572,265,67840,75.92283137560632
1,256,2,34,temporal,0.020841,0.566356,28,7168,75.92283137560632
1,256,2,35,temporal,0.023165,0.570302,28,7168,199.9204513679998
1,256,2,35,static,0.062615,0.59518,266,68096,199.9204513679998
1,256,2,36,static,0.068924,0.615852,264,67584,-71.79982254112713
1,256,2,36,temporal,0.022744,0.574408,28,7168,-71.79982254112713
1,256,2,37,temporal,0.022043,0.566306,28,7168,-44.88440050764924
1,256,2,37,static,0.061453,0.607458,265,67840,-44.88440050764924
1,256,2,38,static,0.073812,0.60818,264,67584,-235.99056056161305
1,256,2,38,temporal,0.022855,0.567849,28,7168,-235.99056056161305
1,256,2,39,temporal,0.022875,0.629603,28,7168,108.00903706881323
1,256,2,39,static,0.091709,0.850286,264,67584,108.00903706881323
1,256,2,40,static,0.118049,0.709533,264,67584,117.63990080373301
1,256,2,40,temporal,0.029104,0.563662,28,7168,117.63990080373301
1,256,2,41,temporal,0.023125,0.576141,28,7168,243.67320765738654
1,256,2,41,static,0.091919,0.721612,264,67584,243.67320765738654
1,256,2,42,static,0.077497,0.67451,263,67328,148.47975078297637
1,256,2,42,temporal,0.028162,0.606146,28,7168,148.47975078297637
1,256,2,43,temporal,0.024738,0.571715,28,7168,39.00673359580457
1,256,2,43,static,0.067122,0.600489,266,68096,39.00673359580457
1,256,2,44,static,0.075314,0.622822,265,67840,107.6797418322296
1,256,2,44,temporal,0.023676,0.548329,28,7168,107.6797418322296
1,256,2,45,temporal,0.021893,0.573318,28,7168,76.65559290683883
1,256,2,45,static,0.079249,0.630373,263,67328,76.65559290683883
1,256,2,46,static,0.085369,0.640819,266,68096,-98.61765878924291
1,256,2,46,temporal,0.024166,0.572576,28,7168,-98.61765878924291
1,256,2,47,temporal,0.021452,0.564003,28,7168,156.55612444393404
1,256,2,47,static,0.068494,0.620779,265,67840,156.55612444393404
1,256,2,48,static,0.07272,0.618286,262,67072,-49.707945810376614
1,256,2,48,temporal,0.022424,0.548249,28,7168,-49.707945810376614
1,256,2,49,temporal,0.020812,0.563903,28,7168,163.92494759546418
1,256,2,49,static,0.069245,0.625696,263,67328,163.92494759546418
1,256,2,50,static,0.062374,0.612076,264,67584,-175.4575219938958
1,256,2,50,temporal,0.022243,0.571995,28,7168,-175.4575219938958
1,256,2,51,temporal,0.021323,0.559046,28,7168,-33.086002666277565
1,256,2,51,static,0.063326,0.611796,264,67584,-33.086002666277565
1,256,2,52,static,0.07921,0.614569,262,67072,73.99607979284627
1,256,2,52,temporal,0.023616,0.577504,28,7168,73.99607979284627
1,256,2,53,temporal,0.021793,0.590133,28,7168,183.41837898138098
1,256,2,53,static,0.068724,0.602581,266,68096,183.41837898138098
1,256,2,54,static,0.075965,0.628691,266,68096,-153.37397333987363
1,256,2,54,temporal,0.026099,0.565695,28,7168,-153.37397333987363
1,256,2,55,temporal,0.022614,0.597834,28,7168,242.9563548246528
1,256,2,55,static,0.095414,0.649462,264,67584,242.9563548246528
1,256,2,56,static,0.094303,0.652527,265,67840,70.51601402245055
1,256,2,56,temporal,0.025378,0.5753,28,7168,70.51601402245055
1,256,2,57,temporal,0.021132,0.740891,28,7168,203.71297190325635
1,256,2,57,static,0.071468,0.600538,264,67584,203.71297190325635
1,256,2,58,static,0.063967,0.60772,266,68096,-244.40216860292378
1,256,2,58,temporal,0.026149,0.552445,28,7168,-244.40216860292378
1,256,2,59,temporal,0.023455,0.569511,28,7168,14.83751785480425
1,256,2,59,static,0.087142,0.65408,264,67584,14.83751785480425
1,256,2,60,static,0.068914,0.603032,266,68096,186.57568054932534
1,256,2,60,temporal,0.022284,0.573147,28,7168,186.57568054932534
1,256,2,61,temporal,0.025639,0.562581,28,7168,14.83751785480425
1,256,2,61,static,0.091238,0.636853,264,67584,14.83751785480425
1,256,2,62,static,0.079029,0.627719,262,67072,-104.60858404404789
1,256,2,62,temporal,0.022084,0.589071,27,6912,-104.60858404404789
1,256,2,63,temporal,0.023676,0.573718,28,7168,123.1710884189406
1,256,2,63,static,0.061833,0.590222,266,68096,123.1710884189406
1,256,2,64,static,0.05981,0.603453,265,67840,-165.04633256656376
1,256,2,64,temporal,0.021773,0.570222,28,7168,-165.04633256656376
1,256,2,65,temporal,0.022284,0.560919,28,7168,141.69832369164203
1,256,2,65,static,0.071117,0.618275,264,67584,141.69832369164203
1,256,2,66,static,0.075595,0.626558,264,67584,-99.13456448395776
1,256,2,66,temporal,0.024747,0.570142,28,7168,-99.13456448395776
1,256,2,67,temporal,0.024247,0.564173,28,7168,37.88598137638855
1,256,2,67,static,0.101504,0.630424,265,67840,37.88598137638855
1,256,2,68,static,0.067722,0.612105,263,67328,160.08861394234785
1,256,2,68,temporal,0.022363,0.547908,28,7168,160.08861394234785
1,256,2,69,temporal,0.020672,0.569031,28,7168,-242.12169445912136
1,256,2,69,static,0.067251,0.615891,264,67584,-242.12169445912136
1,256,2,70,static,0.073972,0.604204,264,67584,189.3947249606561
1,256,2,70,temporal,0.021502,0.566026,28,7168,189.3947249606561
1,256,2,71,temporal,0.023546,0.556332,28,7168,-188.44096116793676
1,256,2,71,static,0.084868,0.636242,265,67840,-188.44096116793676
1,256,2,72,static,0.074523,0.675231,263,67328,-3.9709378026762785
1,256,2,72,temporal,0.062094,0.614199,28,7168,-3.9709378026762785
1,256,2,73,temporal,0.02639,0.585886,28,7168,209.32431812009887
1,256,2,73,static,0.086191,0.619417,264,67584,209.32431812009887
1,256,2,74,static,0.076826,0.627239,266,68096,126.01628298371944
1,256,2,74,temporal,0.023936,0.573828,28,7168,126.01628298371944
1,256,2,75,temporal,0.021753,0.559427,28,7168,203.95379787942875
1,256,2,75,static,0.060923,1.02451,263,67328,203.95379787942875
1,256,2,76,static,0.11911,0.72086,263,67328,-100.70434183975586
1,256,2,76,temporal,0.026721,0.562702,28,7168,-100.70434183975586
1,256,2,77,temporal,0.021873,0.739469,28,7168,24.27549176550169
1,256,2,77,static,0.081073,0.632777,264,67584,24.27549176550169
1,256,2,78,static,0.09216,0.62816,264,67584,177.62054040431684
1,256,2,78,temporal,0.023836,0.569982,28,7168,177.62054040431684
1,256,2,79,temporal,0.024427,0.642202,28,7168,191.40639314215923
1,256,2,79,static,0.096285,0.626397,263,67328,191.40639314215923
1,256,2,80,static,0.083406,0.630474,265,67840,-30.808078623033584
1,256,2,80,temporal,0.024377,0.566236,28,7168,-30.808078623033584
1,256,2,81,temporal,0.021613,0.570122,28,7168,171.72793630298213
1,256,2,81,static,0.073221,0.628832,264,67584,171.72793630298213
1,256,2,82,static,0.08545,0.665657,265,67840,-135.19847567809816
1,256,2,82,temporal,0.029635,0.616432,28,7168,-135.19847567809816
1,256,2,83,temporal,0.025649,0.576091,28,7168,177.62054040431684
1,256,2,83,static,0.08601,0.613798,264,67584,177.62054040431684
1,256,2,84,static,0.082355,0.631876,265,67840,-141.82824968575807
1,256,2,84,temporal,0.024207,0.556662,28,7168,-141.82824968575807
1,256,2,85,temporal,0.021653,0.569622,28,7168,140.12753604817988
1,256,2,85,static,0.080812,0.645726,264,67584,140.12753604817988
1,256,2,86,static,0.074984,0.606708,264,67584,-103.43874366808605
1,256,2,86,temporal,0.021482,0.568299,28,7168,-103.43874366808605
1,256,2,87,temporal,0.024037,0.553988,28,7168,-103.69190649707615
1,256,2,87,static,0.07916,0.624464,265,67840,-103.69190649707615
1,256,2,88,static,0.06654,0.614579,266,68096,69.55041698258665
1,256,2,88,temporal,0.021963,0.570253,28,7168,69.55041698258665
1,256,2,89,temporal,0.022203,0.642271,28,7168,196.13236059119535
1,256,2,89,static,0.072039,0.604344,266,68096,196.13236059119535
1,256,2,90,static,0.080101,0.650514,264,67584,65.9862710894899
1,256,2,90,temporal,0.025608,0.763815,28,7168,65.9862710894899
1,256,2,91,temporal,0.034812,0.572906,28,7168,200.70826276943603
1,256,2,91,static,0.061313,0.629232,265,67840,200.70826276943603
1,256,2,92,static,0.095965,0.647219,265,67840,149.96162700520216
1,256,2,92,temporal,0.023676,0.553507,28,7168,149.96162700520216
1,256,2,93,temporal,0.020531,0.564394,28,7168,-106.17227413277669
1,256,2,93,static,0.062765,0.589942,266,68096,-106.17227413277669
1,256,2,94,static,0.056666,0.606538,264,67584,204.7859332622728
1,256,2,94,temporal,0.021172,0.565465,28,7168,204.7859332622728
1,256,2,95,temporal,0.022634,0.577614,28,7168,46.727888682414516
1,256,2,95,static,0.072299,0.619367,264,67584,46.727888682414516
1,256,2,96,static,0.065619,0.59488,264,67584,-80.96392492317607
1,256,2,96,temporal,0.021503,0.567328,28,7168,-80.96392492317607
1,256,2,97,temporal,0.022704,0.550973,28,7168,28.180829394078742
1,256,2,97,static,0.100331,0.630433,264,67584,28.180829394078742
1,256,2,98,static,0.0726,0.620489,266,68096,-182.89906708878962
1,256,2,98,temporal,0.023035,0.569532,28,7168,-182.89906708878962
1,256,2,99,temporal,0.022063,0.567158,28,7168,-238.17386176961077
1,256,2,99,static,0.073231,0.602241,265,67840,-238.17386176961077
1,256,2,100,static,0.113331,0.645656,263,67328,164.00712795990185
1,256,2,100,temporal,0.024157,0.705918,28,7168,164.00712795990185
1,256,2,101,temporal,0.031237,0.570933,28,7168,216.7500631531261
1,256,2,101,static,0.082785,0.698056,263,67328,216.7500631531261
1,256,2,102,static,0.096406,0.690345,266,68096,-86.64911326601815
1,256,2,102,temporal,0.030506,0.566837,28,7168,-86.64911326601815
1,256,2,103,temporal,0.022664,0.573667,28,7168,237.7381464395739
1,256,2,103,static,0.089686,0.642832,263,67328,237.7381464395739
1,256,2,104,static,0.067963,1.030819,263,67328,-123.8185495789184
1,256,2,104,temporal,0.041713,0.593848,28,7168,-123.8185495789184
1,256,2,105,temporal,0.024717,0.770375,28,7168,-185.31028155603255
1,256,2,105,static,0.076626,0.643263,264,67584,-185.31028155603255
1,256,2,106,static,0.097417,0.693419,264,67584,213.41343865724042
1,256,2,106,temporal,0.031377,0.587759,28,7168,213.41343865724042
1,256,2,107,temporal,0.034633,0.559376,28,7168,-244.14109163164906
1,256,2,107,static,0.091639,0.657315,263,67328,-244.14109163164906
1,256,2,108,static,0.06626,0.617103,265,67840,30.158164314508415
1,256,2,108,temporal,0.023185,0.557644,28,7168,30.158164314508415
1,256,2,109,temporal,0.023946,0.576062,28,7168,85.22772031850795
1,256,2,109,static,0.093701,0.624264,266,68096,85.22772031850795
1,256,2,110,static,0.070206,0.605105,264,67584,-17.076203152299048
1,256,2,110,temporal,0.021913,0.564664,28,7168,-17.076203152299048
1,256,2,111,temporal,0.022924,0.620638,28,7168,212.67665003854702
1,256,2,111,static,0.083586,0.647579,263,67328,212.67665003854702
1,256,2,112,static,0.068053,0.622742,263,67328,152.04746517979453
1,256,2,112,temporal,0.023005,0.550973,28,7168,152.04746517979453
1,256,2,113,temporal,0.022024,0.622592,28,7168,-184.98043315660163
1,256,2,113,static,0.087132,0.620319,265,67840,-184.98043315660163
1,256,2,114,static,0.075254,0.622431,264,67584,71.57248496041073
1,256,2,114,temporal,0.048223,0.599277,28,7168,71.57248496041073
1,256,2,115,temporal,0.024487,0.558645,28,7168,-208.79600931538675
1,256,2,115,static,0.081193,0.639717,266,68096,-208.79600931538675
1,256,2,116,static,0.071839,0.605586,263,67328,174.5872454241705
1,256,2,116,temporal,0.022033,0.569942,28,7168,174.5872454241705
1,256,2,117,temporal,0.023575,0.592566,28,7168,243.35855270289755
1,256,2,117,static,0.087883,0.643243,264,67584,243.35855270289755
1,256,2,118,static,0.081183,0.634199,265,67840,-37.123421911548185
1,256,2,118,temporal,0.023616,0.557073,28,7168,-37.123421911548185
1,256,2,119,temporal,0.020451,0.578175,28,7168,-197.52665316112518
1,256,2,119,static,0.067652,0.616322,265,67840,-197.52665316112518
1,256,3,0,temporal,0.021512,0.564624,28,7168,145.93771308552442
1,256,3,0,static,0.064568,0.640159,266,68096,145.93771308552442
1,256,3,1,static,0.063146,0.872069,263,67328,63.380686479623634
1,256,3,1,temporal,0.036075,0.56194,28,7168,63.380686479623634
1,256,3,2,temporal,0.023356,0.595231,28,7168,40.45785749438763
1,256,3,2,static,0.077037,0.702022,264,67584,40.45785749438763
1,256,3,3,static,0.094993,0.625586,264,67584,-217.04982565707672
1,256,3,3,temporal,0.023605,0.563562,28,7168,-217.04982565707672
1,256,3,4,temporal,0.022103,0.573798,28,7168,-234.04090535309874
1,256,3,4,static,0.06623,0.613398,263,67328,-234.04090535309874
1,256,3,5,static,0.067061,0.608811,265,67840,85.17509114678268
1,256,3,5,temporal,0.023205,0.545314,28,7168,85.17509114678268
1,256,3,6,temporal,0.020681,0.558755,28,7168,187.1289505761579
1,256,3,6,static,0.067872,0.596221,265,67840,187.1289505761579
1,256,3,7,static,0.068033,0.609072,265,67840,52.87538791205946
1,256,3,7,temporal,0.022433,0.586447,28,7168,52.87538791205946
1,256,3,8,temporal,0.024697,0.571634,28,7168,-232.11045170441744
1,256,3,8,static,0.076015,0.619056,264,67584,-232.11045170441744
1,256,3,9,static,0.102756,0.643454,264,67584,-71.40511442662243
1,256,3,9,temporal,0.027352,0.581169,28,7168,-71.40511442662243
1,256,3,10,temporal,0.023295,0.55514,28,7168,114.26236290135003
1,256,3,10,static,0.105109,0.654841,266,68096,114.26236290135003
1,256,3,11,static,0.074062,0.625436,266,68096,-144.22551788309048
1,256,3,11,temporal,0.023235,0.559186,28,7168,-144.22551788309048
1,256,3,12,temporal,0.020091,0.570834,28,7168,161.4671041717946
1,256,3,12,static,0.06629,0.597594,265,67840,161.4671041717946
1,256,3,13,static,0.097668,0.651796,265,67840,-30.808078623033584
1,256,3,13,temporal,0.025269,0.57495,28,7168,-30.808078623033584
1,256,3,14,temporal,0.023605,0.57512,28,7168,-204.635230953713
1,256,3,14,static,0.085149,0.630303,263,67328,-204.635230953713
1,256,3,15,static,0.06574,0.657555,265,67840,-245.69267172972968
1,256,3,15,temporal,0.027822,0.56199,28,7168,-245.69267172972968
1,256,3,16,temporal,0.021262,0.570233,27,6912,-182.83597712776842
1,256,3,16,static,0.064027,0.59536,263,67328,-182.83597712776842
1,256,3,17,static,0.062995,0.611705,264,67584,-84.93571856247003
1,256,3,17,temporal,0.022454,0.577213,28,7168,-84.93571856247003
1,256,3,18,temporal,0.038418,0.578615,28,7168,174.96417984494238
1,256,3,18,static,0.081834,0.757285,266,68096,174.96417984494238
1,256,3,19,static,0.080372,0.614059,264,67584,-111.93871995825535
1,256,3,19,temporal,0.024968,0.573157,28,7168,-111.93871995825535
1,256,3,20,temporal,0.022414,0.570853,28,7168,169.66096346855278
1,256,3,20,static,0.078328,0.6741,262,67072,169.66096346855278
1,256,3,21,static,0.082555,0.655992,264,67584,79.90134622067596
1,256,3,21,temporal,0.027421,0.551233,28,7168,79.90134622067596
1,256,3,22,temporal,0.036635,0.563212,28,7168,144.7257755447586
1,256,3,22,static,0.067482,0.604043,263,67328,144.7257755447586
1,256,3,23,static,0.068023,0.608691,264,67584,178.66928248152354
1,256,3,23,temporal,0.024066,0.562331,28,7168,178.66928248152354
1,256,3,24,temporal,0.021873,0.566978,28,7168,-248.1502513889107
1,256,3,24,static,0.071478,0.619848,264,67584,-248.1502513889107
1,256,3,25,static,0.062494,0.60201,263,67328,-230.63679596989252
1,256,3,25,temporal,0.021202,0.541569,28,7168,-230.63679596989252
1,256,3,26,temporal,0.022404,0.561238,28,7168,200.0599670084535
1,256,3,26,static,0.083897,0.613148,264,67584,200.0599670084535
1,256,3,27,static,0.097357,0.647029,264,67584,242.9911482873052
1,256,3,27,temporal,0.02674,0.582981,28,7168,242.9911482873052
1,256,3,28,temporal,0.024277,0.553417,28,7168,-69.47328546146262
1,256,3,28,static,0.082014,0.619286,265,67840,-69.47328546146262
1,256,3,29,static,0.081363,0.62117,264,67584,-82.77391976124167
1,256,3,29,temporal,0.025258,1.278504,28,7168,-82.77391976124167
1,256,3,30,temporal,0.034352,0.587709,28,7168,140.12753604817988
1,256,3,30,static,0.086491,0.627559,264,67584,140.12753604817988
1,256,3,31,static,0.075584,0.803816,264,67584,205.25946384889215
1,256,3,31,temporal,0.036966,0.570683,28,7168,205.25946384889215
1,256,3,32,temporal,0.022404,0.628791,28,7168,176.0307125110362
1,256,3,32,static,0.073682,0.605406,264,67584,176.0307125110362
1,256,3,33,static,0.082104,0.837286,264,67584,-49.99307590274484
1,256,3,33,temporal,0.034201,0.60828,28,7168,-49.99307590274484
1,256,3,34,temporal,0.025038,0.57517,28,7168,75.92283137560632
1,256,3,34,static,0.069675,0.668291,265,67840,75.92283137560632
1,256,3,35,static,0.068984,0.640228,266,68096,199.9204513679998
1,256,3,35,temporal,0.024627,0.556482,28,7168,199.9204513679998
1,256,3,36,temporal,0.022083,0.577874,28,7168,-71.79982254112713
1,256,3,36,static,0.093732,0.64798,264,67584,-71.79982254112713
1,256,3,37,static,0.062885,0.598696,265,67840,-44.88440050764924
1,256,3,37,temporal,0.024066,0.570653,28,7168,-44.88440050764924
1,256,3,38,temporal,0.024227,0.688361,28,7168,-235.99056056161305
1,256,3,38,static,0.081884,0.620659,264,67584,-235.99056056161305
1,256,3,39,static,0.079189,0.670454,264,67584,108.00903706881323
1,256,3,39,temporal,0.029755,0.91843,28,7168,108.00903706881323
1,256,3,40,temporal,0.041953,0.571093,28,7168,117.63990080373301
1,256,3,40,static,0.096055,0.635771,264,67584,117.63990080373301
1,256,3,41,static,0.171669,0.878749,264,67584,243.67320765738654
1,256,3,41,temporal,0.034452,0.551934,28,7168,243.67320765738654
1,256,3,42,temporal,0.023436,0.58131,28,7168,148.47975078297637
1,256,3,42,static,0.095495,0.634039,263,67328,148.47975078297637
1,256,3,43,static,0.414798,1.051952,266,68096,39.00673359580457
1,256,3,43,temporal,0.083386,0.618626,28,7168,39.00673359580457
1,256,3,44,temporal,0.024347,0.599207,28,7168,107.6797418322296
1,256,3,44,static,0.082876,0.628591,265,67840,107.6797418322296
1,256,3,45,static,0.078279,0.634811,263,67328,76.65559290683883
1,256,3,45,temporal,0.025429,0.575791,28,7168,76.65559290683883
1,256,3,46,temporal,0.025068,0.743965,28,7168,-98.61765878924291
1,256,3,46,static,0.319904,0.863146,266,68096,-98.61765878924291
1,256,3,47,static,0.071959,0.664736,265,67840,156.55612444393404
1,256,3,47,temporal,0.025619,0.699729,28,7168,156.55612444393404
1,256,3,48,temporal,0.062334,0.745377,28,7168,-49.707945810376614
1,256,3,48,static,0.111629,0.66092,262,67072,-49.707945810376614
1,256,3,49,static,0.069566,0.62773,263,67328,163.92494759546418
1,256,3,49,temporal,0.023325,0.576953,28,7168,163.92494759546418
1,256,3,50,temporal,0.023085,0.591304,28,7168,-175.4575219938958
1,256,3,50,static,0.070246,0.624554,264,67584,-175.4575219938958
1,256,3,51,static,0.063796,0.8267,264,67584,-33.086002666277565
1,256,3,51,temporal,0.034382,0.660289,28,7168,-33.086002666277565
1,256,3,52,temporal,0.029986,0.608931,28,7168,73.99607979284627
1,256,3,52,static,0.088163,0.868834,262,67072,73.99607979284627
1,256,3,53,static,0.088344,0.699258,266,68096,183.41837898138098
1,256,3,53,temporal,0.029044,0.58863,28,7168,183.41837898138098
1,256,3,54,temporal,0.035244,0.587539,28,7168,-153.37397333987363
1,256,3,54,static,0.092289,0.931999,266,68096,-153.37397333987363
1,256,3,55,static,0.201334,0.74713,264,67584,242.9563548246528
1,256,3,55,temporal,0.030696,0.577223,28,7168,242.9563548246528
1,256,3,56,temporal,0.025628,0.557693,28,7168,70.51601402245055
1,256,3,56,static,0.194604,0.956977,265,67840,70.51601402245055
1,256,3,57,static,0.0925,0.693629,264,67584,203.71297190325635
1,256,3,57,temporal,0.030195,0.566577,28,7168,203.71297190325635
1,256,3,58,temporal,0.042485,0.571034,28,7168,-244.40216860292378
1,256,3,58,static,0.069526,0.997099,266,68096,-244.40216860292378
1,256,3,59,static,0.102966,0.665316,264,67584,14.83751785480425
1,256,3,59,temporal,0.030386,0.572566,28,7168,14.83751785480425
1,256,3,60,temporal,0.023635,0.87955,28,7168,186.57568054932534
1,256,3,60,static,0.086681,0.645567,266,68096,186.57568054932534
1,256,3,61,static,0.091448,0.608069,264,67584,14.83751785480425
1,256,3,61,temporal,0.023465,0.836295,28,7168,14.83751785480425
1,256,3,62,temporal,0.063597,0.619568,27,6912,-104.60858404404789
1,256,3,62,static,0.068784,0.635011,262,67072,-104.60858404404789
1,256,3,63,static,0.069365,0.937388,266,68096,123.1710884189406
1,256,3,63,temporal,0.061082,0.757425,28,7168,123.1710884189406
1,256,3,64,temporal,0.029705,0.632817,28,7168,-165.04633256656376
1,256,3,64,static,0.06609,0.61521,265,67840,-165.04633256656376
1,256,3,65,static,0.122596,0.848334,264,67584,141.69832369164203
1,256,3,65,temporal,0.038368,0.622141,28,7168,141.69832369164203
1,256,3,66,temporal,0.025348,0.592256,28,7168,-99.13456448395776
1,256,3,66,static,0.246273,0.920072,264,67584,-99.13456448395776
1,256,3,67,static,0.09917,0.631165,265,67840,37.88598137638855
1,256,3,67,temporal,0.025539,0.584554,28,7168,37.88598137638855
1,256,3,68,temporal,0.024166,0.836535,28,7168,160.08861394234785
1,256,3,68,static,0.118129,0.674811,263,67328,160.08861394234785
1,256,3,69,static,0.071117,0.637254,264,67584,-242.12169445912136
1,256,3,69,temporal,0.02624,0.602251,28,7168,-242.12169445912136
1,256,3,70,temporal,0.062965,0.719018,28,7168,189.3947249606561
1,256,3,70,static,0.074713,0.647389,264,67584,189.3947249606561
1,256,3,71,static,0.085209,0.662292,265,67840,-188.44096116793676
1,256,3,71,temporal,0.026179,0.911719,28,7168,-188.44096116793676
1,256,3,72,temporal,0.069254,0.605385,28,7168,-3.9709378026762785
1,256,3,72,static,0.079931,0.624885,263,67328,-3.9709378026762785
1,256,3,73,static,0.077227,0.782564,264,67584,209.32431812009887
1,256,3,73,temporal,0.05983,0.915334,28,7168,209.32431812009887
1,256,3,74,temporal,0.037407,0.585516,28,7168,126.01628298371944
1,256,3,74,static,0.077857,0.882855,266,68096,126.01628298371944
1,256,3,75,static,0.077747,0.600478,263,67328,203.95379787942875
1,256,3,75,temporal,0.060001,0.591354,28,7168,203.95379787942875
1,256,3,76,temporal,0.022654,0.790796,28,7168,-100.70434183975586
1,256,3,76,static,0.076836,0.870637,263,67328,-100.70434183975586
1,256,3,77,static,0.080662,0.599616,264,67584,24.27549176550169
1,256,3,77,temporal,0.023515,0.639327,28,7168,24.27549176550169
1,256,3,78,temporal,0.032058,0.660529,28,7168,177.62054040431684
1,256,3,78,static,0.101443,0.623974,264,67584,177.62054040431684
1,256,3,79,static,0.089235,0.626878,263,67328,191.40639314215923
1,256,3,79,temporal,0.024978,0.567689,28,7168,191.40639314215923
1,256,3,80,temporal,0.042424,0.567799,28,7168,-30.808078623033584
1,256,3,80,static,0.08542,0.626508,265,67840,-30.808078623033584
1,256,3,81,static,0.069675,0.600468,264,67584,171.72793630298213
1,256,3,81,temporal,0.023225,0.566357,28,7168,171.72793630298213
1,256,3,82,temporal,0.023606,0.552176,28,7168,-135.19847567809816
1,256,3,82,static,0.083216,0.644025,265,67840,-135.19847567809816
1,256,3,83,static,0.086691,0.634249,264,67584,177.62054040431684
1,256,3,83,temporal,0.025889,0.551184,28,7168,177.62054040431684
1,256,3,84,temporal,0.022063,0.565025,28,7168,-141.82824968575807
1,256,3,84,static,0.085138,0.609622,265,67840,-141.82824968575807
1,256,3,85,static,0.091238,0.621951,264,67584,140.12753604817988
1,256,3,85,temporal,0.02602,0.563923,28,7168,140.12753604817988
1,256,3,86,temporal,0.022584,0.571795,28,7168,-103.43874366808605
1,256,3,86,static,0.078689,0.625687,264,67584,-103.43874366808605
1,256,3,87,static,0.081573,0.609191,265,67840,-103.69190649707615
1,256,3,87,temporal,0.031037,0.573888,28,7168,-103.69190649707615
1,256,3,88,temporal,0.023375,0.569942,28,7168,69.55041698258665
1,256,3,88,static,0.07248,0.644204,266,68096,69.55041698258665
1,256,3,89,static,0.147714,0.708832,266,68096,196.13236059119535
1,256,3,89,temporal,0.027091,0.586036,28,7168,196.13236059119535
1,256,3,90,temporal,0.025709,0.551644,28,7168,65.9862710894899
1,256,3,90,static,0.160322,0.819599,264,67584,65.9862710894899
1,256,3,91,static,0.070206,0.592987,265,67840,200.70826276943603
1,256,3,91,temporal,0.053922,0.830176,28,7168,200.70826276943603
1,256,3,92,temporal,0.032198,0.592626,28,7168,149.96162700520216
1,256,3,92,static,0.074603,0.874583,265,67840,149.96162700520216
1,256,3,93,static,0.150488,0.848433,266,68096,-106.17227413277669
1,256,3,93,temporal,0.031928,0.612166,28,7168,-106.17227413277669
1,256,3,94,temporal,0.02607,0.586137,28,7168,204.7859332622728
1,256,3,94,static,0.063736,0.583122,264,67584,204.7859332622728
1,256,3,95,static,0.0856,0.631355,264,67584,46.727888682414516
1,256,3,95,temporal,0.024597,0.560268,28,7168,46.727888682414516
1,256,3,96,temporal,0.023025,0.757055,28,7168,-80.96392492317607
1,256,3,96,static,0.07885,1.008706,264,67584,-80.96392492317607
1,256,3,97,static,0.183979,1.03799,264,67584,28.180829394078742
1,256,3,97,temporal,0.125519,1.091681,28,7168,28.180829394078742
1,256,3,98,temporal,0.038348,0.845609,28,7168,-182.89906708878962
1,256,3,98,static,0.089726,0.78033,266,68096,-182.89906708878962
1,256,3,99,static,0.080591,0.959821,265,67840,-238.17386176961077
1,256,3,99,temporal,0.110377,0.953863,28,7168,-238.17386176961077
1,256,3,100,temporal,0.041893,0.601019,28,7168,164.00712795990185
1,256,3,100,static,0.100653,0.712989,263,67328,164.00712795990185
1,256,3,101,static,0.256919,0.895224,263,67328,216.7500631531261
1,256,3,101,temporal,0.032159,0.610093,28,7168,216.7500631531261
1,256,3,102,temporal,0.026871,0.57522,28,7168,-86.64911326601815
1,256,3,102,static,0.088624,0.801622,266,68096,-86.64911326601815
1,256,3,103,static,0.101513,0.660559,263,67328,237.7381464395739
1,256,3,103,temporal,0.02664,0.742302,28,7168,237.7381464395739
1,256,3,104,temporal,0.037086,0.869285,28,7168,-123.8185495789184
1,256,3,104,static,0.161114,0.752659,263,67328,-123.8185495789184
1,256,3,105,static,0.075084,0.651796,264,67584,-185.31028155603255
1,256,3,105,temporal,0.05288,0.825619,28,7168,-185.31028155603255
1,256,3,106,temporal,0.082635,0.698216,28,7168,213.41343865724042
1,256,3,106,static,0.10594,0.714611,264,67584,213.41343865724042
1,256,3,107,static,0.136517,0.785609,263,67328,-244.14109163164906
1,256,3,107,temporal,0.029985,0.586217,28,7168,-244.14109163164906
1,256,3,108,temporal,0.024396,0.586296,28,7168,30.158164314508415
1,256,3,108,static,0.068233,0.908975,265,67840,30.158164314508415
1,256,3,109,static,0.11185,0.671226,266,68096,85.22772031850795
1,256,3,109,temporal,0.030165,0.550572,28,7168,85.22772031850795
1,256,3,110,temporal,0.175936,1.003057,28,7168,-17.076203152299048
1,256,3,110,static,0.090807,0.68127,264,67584,-17.076203152299048
1,256,3,111,static,0.083727,0.622662,263,67328,212.67665003854702
1,256,3,111,temporal,0.024707,0.716764,28,7168,212.67665003854702
1,256,3,112,temporal,0.060802,0.821893,28,7168,152.04746517979453
1,256,3,112,static,0.091579,1.559759,263,67328,152.04746517979453
1,256,3,113,static,0.114603,0.754801,265,67840,-184.98043315660163
1,256,3,113,temporal,0.034623,0.547959,28,7168,-184.98043315660163
1,256,3,114,temporal,0.022894,0.557933,28,7168,71.57248496041073
1,256,3,114,static,0.080932,0.726709,264,67584,71.57248496041073
1,256,3,115,static,0.110177,0.681431,266,68096,-208.79600931538675
1,256,3,115,temporal,0.036295,0.578515,28,7168,-208.79600931538675
1,256,3,116,temporal,0.025218,0.570333,28,7168,174.5872454241705
1,256,3,116,static,0.081343,1.588041,263,67328,174.5872454241705
1,256,3,117,static,0.116196,0.768783,264,67584,243.35855270289755
1,256,3,117,temporal,0.037146,0.634399,28,7168,243.35855270289755
1,256,3,118,temporal,0.030917,0.577694,28,7168,-37.123421911548185
1,256,3,118,static,0.085119,0.626778,265,67840,-37.123421911548185
1,256,3,119,static,0.098369,0.638155,265,67840,-197.52665316112518
1,256,3,119,temporal,0.025749,0.561409,28,7168,-197.52665316112518
2,256,0,0,static,0.062535,0.62151,266,68096,145.93771308552442
2,256,0,0,temporal,0.021262,0.592717,28,7168,145.93771308552442
2,256,0,1,temporal,0.022975,0.561479,28,7168,63.380686479623634
2,256,0,1,static,0.058579,0.610463,263,67328,63.380686479623634
2,256,0,2,static,0.069746,0.606257,264,67584,40.45785749438763
2,256,0,2,temporal,0.021312,0.579627,28,7168,40.45785749438763
2,256,0,3,temporal,0.024547,0.562691,28,7168,-217.04982565707672
2,256,0,3,static,0.097858,0.656513,264,67584,-217.04982565707672
2,256,0,4,static,0.062495,0.616823,263,67328,-234.04090535309874
2,256,0,4,temporal,0.021793,0.557082,28,7168,-234.04090535309874
2,256,0,5,temporal,0.020682,0.571955,28,7168,85.17509114678268
2,256,0,5,static,0.06604,0.600258,265,67840,85.17509114678268
2,256,0,6,static,0.080682,0.620158,265,67840,187.1289505761579
2,256,0,6,temporal,0.021252,0.569351,28,7168,187.1289505761579
2,256,0,7,temporal,0.021553,0.579246,28,7168,52.87538791205946
2,256,0,7,static,0.084708,0.64176,265,67840,52.87538791205946
2,256,0,8,static,0.071608,0.606908,264,67584,-232.11045170441744
2,256,0,8,temporal,0.036245,0.569381,28,7168,-232.11045170441744
2,256,0,9,temporal,0.022675,0.577093,28,7168,-71.40511442662243
2,256,0,9,static,0.096897,0.636663,264,67584,-71.40511442662243
2,256,0,10,static,0.088233,0.639747,266,68096,114.26236290135003
2,256,0,10,temporal,0.025048,0.59503,28,7168,114.26236290135003
2,256,0,11,temporal,0.024477,0.561098,28,7168,-144.22551788309048
2,256,0,11,static,0.073721,0.705317,266,68096,-144.22551788309048
2,256,0,12,static,0.0791,0.619648,265,67840,161.4671041717946
2,256,0,12,temporal,0.021813,0.576643,28,7168,161.4671041717946
2,256,0,13,temporal,0.025098,0.580628,28,7168,-30.808078623033584
2,256,0,13,static,0.09207,0.652016,265,67840,-30.808078623033584
2,256,0,14,static,0.084368,0.638025,263,67328,-204.635230953713
2,256,0,14,temporal,0.024678,0.559396,28,7168,-204.635230953713
2,256,0,15,temporal,0.020611,0.572075,28,7168,-245.69267172972968
2,256,0,15,static,0.06616,0.618505,265,67840,-245.69267172972968
2,256,0,16,static,0.062805,0.607699,263,67328,-182.83597712776842
2,256,0,16,temporal,0.020912,0.56849,27,6912,-182.83597712776842
2,256,0,17,temporal,0.021132,0.57506,28,7168,-84.93571856247003
2,256,0,17,static,0.064838,0.618195,264,67584,-84.93571856247003
2,256,0,18,static,0.081143,0.823346,266,68096,174.96417984494238
2,256,0,18,temporal,0.109145,0.658086,28,7168,174.96417984494238
2,256,0,19,temporal,0.060822,0.613067,28,7168,-111.93871995825535
2,256,0,19,static,0.078018,0.631515,264,67584,-111.93871995825535
2,256,0,20,static,0.072309,0.630784,262,67072,169.66096346855278
2,256,0,20,temporal,0.023536,0.57494,28,7168,169.66096346855278
2,256,0,21,temporal,0.023035,0.571925,28,7168,79.90134622067596
2,256,0,21,static,0.07908,0.6342,264,67584,79.90134622067596
2,256,0,22,static,0.067692,0.625666,263,67328,144.7257755447586
2,256,0,22,temporal,0.022484,0.559987,28,7168,144.7257755447586
2,256,0,23,temporal,0.020151,0.577063,28,7168,178.66928248152354
2,256,0,23,static,0.066601,0.640118,264,67584,178.66928248152354
2,256,0,24,static,0.063817,0.599107,264,67584,-248.1502513889107
2,256,0,24,temporal,0.020932,0.570283,28,7168,-248.1502513889107
2,256,0,25,temporal,0.020641,0.557644,28,7168,-230.63679596989252
2,256,0,25,static,0.061032,0.615822,263,67328,-230.63679596989252
2,256,0,26,static,0.082535,0.636883,264,67584,200.0599670084535
2,256,0,26,temporal,0.022705,0.582421,28,7168,200.0599670084535
2,256,0,27,temporal,0.024196,0.585485,28,7168,242.9911482873052
2,256,0,27,static,0.101944,0.639077,264,67584,242.9911482873052
2,256,0,28,static,0.080361,0.638155,265,67840,-69.47328546146262
2,256,0,28,temporal,0.023485,0.578465,28,7168,-69.47328546146262
2,256,0,29,temporal,0.022404,0.558445,28,7168,-82.77391976124167
2,256,0,29,static,0.07936,0.631034,264,67584,-82.77391976124167
2,256,0,30,static,0.077888,0.639948,264,67584,140.12753604817988
2,256,0,30,temporal,0.024928,0.58211,28,7168,140.12753604817988
2,256,0,31,temporal,0.023826,0.582671,28,7168,205.25946384889215
2,256,0,31,static,0.067712,0.767961,264,67584,205.25946384889215
2,256,0,32,static,0.077027,0.659397,264,67584,176.0307125110362
2,256,0,32,temporal,0.025588,0.577633,28,7168,176.0307125110362
2,256,0,33,temporal,0.022514,0.584504,28,7168,-49.99307590274484
2,256,0,33,static,0.077557,0.635,264,67584,-49.99307590274484
2,256,0,34,static,0.066,0.758677,265,67840,75.92283137560632
2,256,0,34,temporal,0.033611,0.579767,28,7168,75.92283137560632
2,256,0,35,temporal,0.083076,0.666238,28,7168,199.9204513679998
2,256,0,35,static,0.06617,0.62127,266,68096,199.9204513679998
2,256,0,36,static,0.090106,0.656793,264,67584,-71.79982254112713
2,256,0,36,temporal,0.024667,0.582711,28,7168,-71.79982254112713
2,256,0,37,temporal,0.021593,0.611335,28,7168,-44.88440050764924
2,256,0,37,static,0.064879,0.642823,265,67840,-44.88440050764924
2,256,0,38,static,0.075435,0.632968,264,67584,-235.99056056161305
2,256,0,38,temporal,0.022565,0.563953,28,7168,-235.99056056161305
2,256,0,39,temporal,0.022354,0.60851,28,7168,108.00903706881323
2,256,0,39,static,0.084317,0.646818,264,67584,108.00903706881323
2,256,0,40,static,0.116987,0.664926,264,67584,117.63990080373301
2,256,0,40,temporal,0.025098,0.583854,28,7168,117.63990080373301
2,256,0,41,temporal,0.023195,0.564084,28,7168,243.67320765738654
2,256,0,41,static,0.087743,0.644064,264,67584,243.67320765738654
2,256,0,42,static,0.067712,0.632356,263,67328,148.47975078297637
2,256,0,42,temporal,0.024627,0.593888,28,7168,148.47975078297637
2,256,0,43,temporal,0.022694,0.588049,28,7168,39.00673359580457
2,256,0,43,static,0.068194,0.613849,266,68096,39.00673359580457
2,256,0,44,static,0.07937,0.644655,265,67840,107.6797418322296
2,256,0,44,temporal,0.02611,0.586297,28,7168,107.6797418322296
2,256,0,45,temporal,0.022884,0.569351,28,7168,76.65559290683883
2,256,0,45,static,0.08581,0.645136,263,67328,76.65559290683883
2,256,0,46,static,0.084038,0.651556,266,68096,-98.61765878924291
2,256,0,46,temporal,0.024096,0.58895,28,7168,-98.61765878924291
2,256,0,47,temporal,0.021503,0.588881,28,7168,156.55612444393404
2,256,0,47,static,0.060852,0.606818,265,67840,156.55612444393404
2,256,0,48,static,0.069935,0.631074,262,67072,-49.707945810376614
2,256,0,48,temporal,0.022935,0.571865,28,7168,-49.707945810376614
2,256,0,49,temporal,0.021513,0.582251,28,7168,163.92494759546418
2,256,0,49,static,0.085499,0.650384,263,67328,163.92494759546418
2,256,0,50,static,0.061824,0.666989,264,67584,-175.4575219938958
2,256,0,50,temporal,0.029464,0.605005,28,7168,-175.4575219938958
2,256,0,51,temporal,0.024548,0.566477,28,7168,-33.086002666277565
2,256,0,51,static,0.081874,0.630504,264,67584,-33.086002666277565
2,256,0,52,static,0.07916,0.643994,262,67072,73.99607979284627
2,256,0,52,temporal,0.024207,0.717465,28,7168,73.99607979284627
2,256,0,53,temporal,0.048183,0.597393,28,7168,183.41837898138098
2,256,0,53,static,0.068854,0.630674,266,68096,183.41837898138098
2,256,0,54,static,0.071688,0.618996,266,68096,-153.37397333987363
2,256,0,54,temporal,0.022664,0.586547,28,7168,-153.37397333987363
2,256,0,55,temporal,0.023555,0.600878,28,7168,242.9563548246528
2,256,0,55,static,0.089275,0.657324,264,67584,242.9563548246528
2,256,0,56,static,0.0923,0.66112,265,67840,70.51601402245055
2,256,0,56,temporal,0.024858,0.572336,28,7168,70.51601402245055
2,256,0,57,temporal,0.021052,0.586728,28,7168,203.71297190325635
2,256,0,57,static,0.060872,0.624344,264,67584,203.71297190325635
2,256,0,58,static,0.062174,0.609582,266,68096,-244.40216860292378
2,256,0,58,temporal,0.020461,0.584454,28,7168,-244.40216860292378
2,256,0,59,temporal,0.023916,0.589992,28,7168,14.83751785480425
2,256,0,59,static,0.105219,0.652537,264,67584,14.83751785480425
2,256,0,60,static,0.067202,0.631826,266,68096,186.57568054932534
2,256,0,60,temporal,0.022434,0.567529,28,7168,186.57568054932534
2,256,0,61,temporal,0.022283,0.583703,28,7168,14.83751785480425
2,256,0,61,static,0.085729,0.644945,264,67584,14.83751785480425
2,256,0,62,static,0.063786,0.629912,262,67072,-104.60858404404789
2,256,0,62,temporal,0.021663,0.584724,27,6912,-104.60858404404789
2,256,0,63,temporal,0.020851,0.569932,28,7168,123.1710884189406
2,256,0,63,static,0.05964,0.619718,266,68096,123.1710884189406
2,256,0,64,static,0.060562,0.62131,265,67840,-165.04633256656376
2,256,0,64,temporal,0.023205,0.56881,28,7168,-165.04633256656376
2,256,0,65,temporal,0.020962,0.583543,28,7168,141.69832369164203
2,256,0,65,static,0.069635,0.634439,264,67584,141.69832369164203
2,256,0,66,static,0.075033,0.649552,264,67584,-99.13456448395776
2,256,0,66,temporal,0.024146,0.58863,28,7168,-99.13456448395776
2,256,0,67,temporal,0.024838,0.573938,28,7168,37.88598137638855
2,256,0,67,static,0.089605,0.651615,265,67840,37.88598137638855
2,256,0,68,static,0.069275,0.62161,263,67328,160.08861394234785
2,256,0,68,temporal,0.021162,0.598806,28,7168,160.08861394234785
2,256,0,69,temporal,0.022544,0.589912,28,7168,-242.12169445912136
2,256,0,69,static,0.062615,0.610694,264,67584,-242.12169445912136
2,256,0,70,static,0.057086,0.622411,264,67584,189.3947249606561
2,256,0,70,temporal,0.021062,0.565525,28,7168,189.3947249606561
2,256,0,71,temporal,0.022163,0.587208,28,7168,-188.44096116793676
2,256,0,71,static,0.085109,0.648411,265,67840,-188.44096116793676
2,256,0,72,static,0.182686,0.751907,263,67328,-3.9709378026762785
2,256,0,72,temporal,0.025689,0.584975,28,7168,-3.9709378026762785
2,256,0,73,temporal,0.022764,0.586507,28,7168,209.32431812009887
2,256,0,73,static,0.07931,0.640188,264,67584,209.32431812009887
2,256,0,74,static,0.076075,0.642192,266,68096,126.01628298371944
2,256,0,74,temporal,0.024687,0.569842,28,7168,126.01628298371944
2,256,0,75,temporal,0.021322,0.600679,28,7168,203.95379787942875
2,256,0,75,static,0.064197,0.626337,263,67328,203.95379787942875
2,256,0,76,static,0.064357,0.617043,263,67328,-100.70434183975586
2,256,0,76,temporal,0.021002,0.579356,28,7168,-100.70434183975586
2,256,0,77,temporal,0.021543,0.567308,28,7168,24.27549176550169
2,256,0,77,static,0.088624,0.632557,264,67584,24.27549176550169
2,256,0,78,static,0.087893,0.649052,264,67584,177.62054040431684
2,256,0,78,temporal,0.024998,0.651245,28,7168,177.62054040431684
2,256,0,79,temporal,0.037827,0.616893,28,7168,191.40639314215923
2,256,0,79,static,0.093882,0.64781,263,67328,191.40639314215923
2,256,0,80,static,0.08562,0.622893,265,67840,-30.808078623033584
2,256,0,80,temporal,0.023365,0.579356,28,7168,-30.808078623033584
2,256,0,81,temporal,0.024387,0.564443,28,7168,171.72793630298213
2,256,0,81,static,0.088554,0.649202,264,67584,171.72793630298213
2,256,0,82,static,0.088304,0.648321,265,67840,-135.19847567809816
2,256,0,82,temporal,0.025189,0.563623,28,7168,-135.19847567809816
2,256,0,83,temporal,0.022544,0.577744,28,7168,177.62054040431684
2,256,0,83,static,0.087443,0.644635,264,67584,177.62054040431684
2,256,0,84,static,0.083526,0.62149,265,67840,-141.82824968575807
2,256,0,84,temporal,0.023225,0.574528,28,7168,-141.82824968575807
2,256,0,85,temporal,0.022274,0.580318,28,7168,140.12753604817988
2,256,0,85,static,0.079981,0.637114,264,67584,140.12753604817988
2,256,0,86,static,0.077858,0.634169,264,67584,-103.43874366808605
2,256,0,86,temporal,0.023265,0.56204,28,7168,-103.43874366808605
2,256,0,87,temporal,0.021613,0.576562,28,7168,-103.69190649707615
2,256,0,87,static,0.082335,0.619217,265,67840,-103.69190649707615
2,256,0,88,static,0.068213,0.627429,266,68096,69.55041698258665
2,256,0,88,temporal,0.023075,0.593127,28,7168,69.55041698258665
2,256,0,89,temporal,0.022915,0.56844,28,7168,196.13236059119535
2,256,0,89,static,0.062043,0.617664,266,68096,196.13236059119535
2,256,0,90,static,0.080552,0.623964,264,67584,65.9862710894899
2,256,0,90,temporal,0.022153,0.576462,28,7168,65.9862710894899
2,256,0,91,temporal,0.020881,0.573918,28,7168,200.70826276943603
2,256,0,91,static,0.059289,0.620488,265,67840,200.70826276943603
2,256,0,92,static,0.068383,0.626728,265,67840,149.96162700520216
2,256,0,92,temporal,0.022294,0.638265,28,7168,149.96162700520216
2,256,0,93,temporal,0.027832,0.603382,28,7168,-106.17227413277669
2,256,0,93,static,0.063286,0.636102,266,68096,-106.17227413277669
2,256,0,94,static,0.060442,0.602632,264,67584,204.7859332622728
2,256,0,94,temporal,0.020931,0.574729,28,7168,204.7859332622728
2,256,0,95,temporal,0.022084,0.583693,28,7168,46.727888682414516
2,256,0,95,static,0.089375,0.631175,264,67584,46.727888682414516
2,256,0,96,static,0.066831,0.642952,264,67584,-80.96392492317607
2,256,0,96,temporal,0.024127,0.563883,28,7168,-80.96392492317607
2,256,0,97,temporal,0.023726,0.581259,28,7168,28.180829394078742
2,256,0,97,static,0.094914,0.675342,264,67584,28.180829394078742
2,256,0,98,static,0.074713,0.646959,266,68096,-182.89906708878962
2,256,0,98,temporal,0.023816,0.576592,28,7168,-182.89906708878962
2,256,0,99,temporal,0.024086,0.631205,28,7168,-238.17386176961077
2,256,0,99,static,0.080913,0.870196,265,67840,-238.17386176961077
2,256,0,100,static,0.102104,0.684435,263,67328,164.00712795990185
2,256,0,100,temporal,0.029495,0.575931,28,7168,164.00712795990185
2,256,0,101,temporal,0.022914,0.576482,28,7168,216.7500631531261
2,256,0,101,static,0.078579,0.629031,263,67328,216.7500631531261
2,256,0,102,static,0.083987,0.616703,266,68096,-86.64911326601815
2,256,0,102,temporal,0.023656,0.641911,28,7168,-86.64911326601815
2,256,0,103,temporal,0.030927,0.599557,28,7168,237.7381464395739
2,256,0,103,static,0.089816,0.621721,263,67328,237.7381464395739
2,256,0,104,static,0.066931,0.623744,263,67328,-123.8185495789184
2,256,0,104,temporal,0.025298,0.577513,28,7168,-123.8185495789184
2,256,0,105,temporal,0.021683,0.573197,28,7168,-185.31028155603255
2,256,0,105,static,0.063155,0.610543,264,67584,-185.31028155603255
2,256,0,106,static,0.088484,0.625366,264,67584,213.41343865724042
2,256,0,106,temporal,0.025048,0.573648,28,7168,213.41343865724042
2,256,0,107,temporal,0.022644,0.559456,28,7168,-244.14109163164906
2,256,0,107,static,0.073111,0.639748,263,67328,-244.14109163164906
2,256,0,108,static,0.061473,0.616492,265,67840,30.158164314508415
2,256,0,108,temporal,0.021803,0.55531,28,7168,30.158164314508415
2,256,0,109,temporal,0.023475,0.581089,28,7168,85.22772031850795
2,256,0,109,static,0.09309,0.715552,266,68096,85.22772031850795
2,256,0,110,static,0.080001,0.625546,264,67584,-17.076203152299048
2,256,0,110,temporal,0.022124,0.584585,28,7168,-17.076203152299048
2,256,0,111,temporal,0.024217,0.589001,28,7168,212.67665003854702
2,256,0,111,static,0.080412,0.640078,263,67328,212.67665003854702
2,256,0,112,static,0.066701,0.634189,263,67328,152.04746517979453
2,256,0,112,temporal,0.031298,0.579397,28,7168,152.04746517979453
2,256,0,113,temporal,0.024197,0.583082,28,7168,-184.98043315660163
2,256,0,113,static,0.082555,0.625546,265,67840,-184.98043315660163
2,256,0,114,static,0.073191,0.653178,264,67584,71.57248496041073
2,256,0,114,temporal,0.024027,0.583823,28,7168,71.57248496041073
2,256,0,115,temporal,0.023105,0.699417,28,7168,-208.79600931538675
2,256,0,115,static,0.091068,0.670194,266,68096,-208.79600931538675
2,256,0,116,static,0.070968,0.698627,263,67328,174.5872454241705
2,256,0,116,temporal,0.030285,0.567949,28,7168,174.5872454241705
2,256,0,117,temporal,0.023476,0.582902,28,7168,243.35855270289755
2,256,0,117,static,0.089175,0.662242,264,67584,243.35855270289755
2,256,0,118,static,0.081544,0.619648,265,67840,-37.123421911548185
2,256,0,118,temporal,0.023736,0.583253,28,7168,-37.123421911548185
2,256,0,119,temporal,0.023035,0.569832,28,7168,-197.52665316112518
2,256,0,119,static,0.064137,0.617665,265,67840,-197.52665316112518
2,256,1,0,temporal,0.021843,0.580678,28,7168,145.93771308552442
2,256,1,0,static,0.062815,0.620599,266,68096,145.93771308552442
2,256,1,1,static,0.059349,0.616352,263,67328,63.380686479623634
2,256,1,1,temporal,0.022093,0.559797,28,7168,63.380686479623634
2,256,1,2,temporal,0.021683,0.578064,28,7168,40.45785749438763
2,256,1,2,static,0.069796,0.625807,264,67584,40.45785749438763
2,256,1,3,static,0.081443,0.622271,264,67584,-217.04982565707672
2,256,1,3,temporal,0.023546,0.572857,28,7168,-217.04982565707672
2,256,1,4,temporal,0.021813,0.581589,28,7168,-234.04090535309874
2,256,1,4,static,0.063756,0.62203,263,67328,-234.04090535309874
2,256,1,5,static,0.064538,0.624084,265,67840,85.17509114678268
2,256,1,5,temporal,0.023756,0.562761,28,7168,85.17509114678268
2,256,1,6,temporal,0.023235,0.576542,28,7168,187.1289505761579
2,256,1,6,static,0.066881,0.60192,265,67840,187.1289505761579
2,256,1,7,static,0.067132,0.619718,265,67840,52.87538791205946
2,256,1,7,temporal,0.021933,0.660489,28,7168,52.87538791205946
2,256,1,8,temporal,0.032759,0.571053,28,7168,-232.11045170441744
2,256,1,8,static,0.073561,0.629331,264,67584,-232.11045170441744
2,256,1,9,static,0.092601,0.632046,264,67584,-71.40511442662243
2,256,1,9,temporal,0.023846,0.580679,28,7168,-71.40511442662243
2,256,1,10,temporal,0.024457,0.577073,28,7168,114.26236290135003
2,256,1,10,static,0.090306,0.664856,266,68096,114.26236290135003
2,256,1,11,static,0.074452,0.63469,266,68096,-144.22551788309048
2,256,1,11,temporal,0.023505,0.557984,28,7168,-144.22551788309048
2,256,1,12,temporal,0.019589,0.582421,28,7168,161.4671041717946
2,256,1,12,static,0.062885,0.616943,265,67840,161.4671041717946
2,256,1,13,static,0.08572,0.62766,265,67840,-30.808078623033584
2,256,1,13,temporal,0.022945,0.5754,28,7168,-30.808078623033584
2,256,1,14,temporal,0.023816,0.581951,28,7168,-204.635230953713
2,256,1,14,static,0.217889,0.759929,263,67328,-204.635230953713
2,256,1,15,static,0.065319,0.622632,265,67840,-245.69267172972968
2,256,1,15,temporal,0.022063,0.566546,28,7168,-245.69267172972968
2,256,1,16,temporal,0.022444,0.579727,27,6912,-182.83597712776842
2,256,1,16,static,0.082184,0.634179,263,67328,-182.83597712776842
2,256,1,17,static,0.063996,0.624765,264,67584,-84.93571856247003
2,256,1,17,temporal,0.022624,0.578805,28,7168,-84.93571856247003
2,256,1,18,temporal,0.023045,0.562501,28,7168,174.96417984494238
2,256,1,18,static,0.076967,0.634209,266,68096,174.96417984494238
2,256,1,19,static,0.073401,0.624574,264,67584,-111.93871995825535
2,256,1,19,temporal,0.022724,0.567398,28,7168,-111.93871995825535
2,256,1,20,temporal,0.021673,0.57508,28,7168,169.66096346855278
2,256,1,20,static,0.069685,0.623934,262,67072,169.66096346855278
2,256,1,21,static,0.0922,0.633298,264,67584,79.90134622067596
2,256,1,21,temporal,0.022834,0.575139,28,7168,79.90134622067596
2,256,1,22,temporal,0.021713,0.559557,28,7168,144.7257755447586
2,256,1,22,static,0.067222,0.623213,263,67328,144.7257755447586
2,256,1,23,static,0.06586,0.603273,264,67584,178.66928248152354
2,256,1,23,temporal,0.021473,0.577183,28,7168,178.66928248152354
2,256,1,24,temporal,0.038458,0.595611,28,7168,-248.1502513889107
2,256,1,24,static,0.064438,0.602642,264,67584,-248.1502513889107
2,256,1,25,static,0.060602,0.617915,263,67328,-230.63679596989252
2,256,1,25,temporal,0.021923,0.559546,28,7168,-230.63679596989252
2,256,1,26,temporal,0.029044,0.584424,28,7168,200.0599670084535
2,256,1,26,static,0.080522,0.635821,264,67584,200.0599670084535
2,256,1,27,static,0.088274,0.650835,264,67584,242.9911482873052
2,256,1,27,temporal,0.025318,0.581439,28,7168,242.9911482873052
2,256,1,28,temporal,0.023716,0.56202,28,7168,-69.47328546146262
2,256,1,28,static,0.07938,0.634941,265,67840,-69.47328546146262
2,256,1,29,static,0.07952,0.640028,264,67584,-82.77391976124167
2,256,1,29,temporal,0.023245,0.569321,28,7168,-82.77391976124167
2,256,1,30,temporal,0.023085,0.577594,28,7168,140.12753604817988
2,256,1,30,static,0.080552,0.636723,264,67584,140.12753604817988
2,256,1,31,static,0.098039,0.645477,264,67584,205.25946384889215
2,256,1,31,temporal,0.022614,0.579145,28,7168,205.25946384889215
2,256,1,32,temporal,0.022134,0.56151,28,7168,176.0307125110362
2,256,1,32,static,0.066821,0.62131,264,67584,176.0307125110362
2,256,1,33,static,0.074332,0.628901,264,67584,-49.99307590274484
2,256,1,33,temporal,0.022704,0.732688,28,7168,-49.99307590274484
2,256,1,34,temporal,0.035153,0.690053,28,7168,75.92283137560632
2,256,1,34,static,0.079731,0.662523,265,67840,75.92283137560632
2,256,1,35,static,0.06569,0.607109,266,68096,199.9204513679998
2,256,1,35,temporal,0.021683,0.581019,28,7168,199.9204513679998
2,256,1,36,temporal,0.022904,0.557643,28,7168,-71.79982254112713
2,256,1,36,static,0.072409,0.62155,264,67584,-71.79982254112713
2,256,1,37,static,0.086811,0.640689,265,67840,-44.88440050764924
2,256,1,37,temporal,0.022785,0.558485,28,7168,-44.88440050764924
2,256,1,38,temporal,0.021112,0.573408,28,7168,-235.99056056161305
2,256,1,38,static,0.074242,0.613548,264,67584,-235.99056056161305
2,256,1,39,static,0.077147,0.633027,264,67584,108.00903706881323
2,256,1,39,temporal,0.023115,0.569871,28,7168,108.00903706881323
2,256,1,40,temporal,0.023175,0.582641,28,7168,117.63990080373301
2,256,1,40,static,0.089646,0.64109,264,67584,117.63990080373301
2,256,1,41,static,0.087742,0.622701,264,67584,243.67320765738654
2,256,1,41,temporal,0.023085,0.570333,28,7168,243.67320765738654
2,256,1,42,temporal,0.021402,0.578545,28,7168,148.47975078297637
2,256,1,42,static,0.067672,0.605776,263,67328,148.47975078297637
2,256,1,43,static,0.065199,0.618606,266,68096,39.00673359580457
2,256,1,43,temporal,0.021522,0.573297,28,7168,39.00673359580457
2,256,1,44,temporal,0.024066,0.58209,28,7168,107.6797418322296
2,256,1,44,static,0.077967,0.630293,265,67840,107.6797418322296
2,256,1,45,static,0.07932,0.612667,263,67328,76.65559290683883
2,256,1,45,temporal,0.021773,0.570904,28,7168,76.65559290683883
2,256,1,46,temporal,0.023105,0.56141,28,7168,-98.61765878924291
2,256,1,46,static,0.084989,0.635591,266,68096,-98.61765878924291
2,256,1,47,static,0.081974,0.638706,265,67840,156.55612444393404
2,256,1,47,temporal,0.024907,0.562691,28,7168,156.55612444393404
2,256,1,48,temporal,0.021833,0.576191,28,7168,-49.707945810376614
2,256,1,48,static,0.073081,0.606037,262,67072,-49.707945810376614
2,256,1,49,static,0.06629,0.617554,263,67328,163.92494759546418
2,256,1,49,temporal,0.022153,0.573317,28,7168,163.92494759546418
2,256,1,50,temporal,0.021042,0.574089,28,7168,-175.4575219938958
2,256,1,50,static,0.061363,0.612376,264,67584,-175.4575219938958
2,256,1,51,static,0.064488,0.6011,264,67584,-33.086002666277565
2,256,1,51,temporal,0.020861,0.570202,28,7168,-33.086002666277565
2,256,1,52,temporal,0.023656,0.572686,28,7168,73.99607979284627
2,256,1,52,static,0.07937,0.615291,262,67072,73.99607979284627
2,256,1,53,static,0.06598,0.616412,266,68096,183.41837898138098
2,256,1,53,temporal,0.023175,0.576572,28,7168,183.41837898138098
2,256,1,54,temporal,0.022654,0.580348,28,7168,-153.37397333987363
2,256,1,54,static,0.071358,0.619587,266,68096,-153.37397333987363
2,256,1,55,static,0.089896,0.730425,264,67584,242.9563548246528
2,256,1,55,temporal,0.034752,0.620839,28,7168,242.9563548246528
2,256,1,56,temporal,0.027221,0.564885,28,7168,70.51601402245055
2,256,1,56,static,0.108424,0.666408,265,67840,70.51601402245055
2,256,1,57,static,0.05933,0.623042,264,67584,203.71297190325635
2,256,1,57,temporal,0.022194,0.555671,28,7168,203.71297190325635
2,256,1,58,temporal,0.020621,0.663113,28,7168,-244.40216860292378
2,256,1,58,static,0.073862,0.643554,266,68096,-244.40216860292378
2,256,1,59,static,0.089005,0.621871,264,67584,14.83751785480425
2,256,1,59,temporal,0.03306,0.583092,28,7168,14.83751785480425
2,256,1,60,temporal,0.024547,0.606377,28,7168,186.57568054932534
2,256,1,60,static,0.130918,0.666258,266,68096,186.57568054932534
2,256,1,61,static,0.086251,0.735763,264,67584,14.83751785480425
2,256,1,61,temporal,0.032559,0.766889,28,7168,14.83751785480425
2,256,1,62,temporal,0.034412,0.56838,27,6912,-104.60858404404789
2,256,1,62,static,0.06577,0.609182,262,67072,-104.60858404404789
2,256,1,63,static,0.062054,0.651245,266,68096,123.1710884189406
2,256,1,63,temporal,0.027262,0.60786,28,7168,123.1710884189406
2,256,1,64,temporal,0.023736,0.569942,28,7168,-165.04633256656376
2,256,1,64,static,0.061914,0.651095,265,67840,-165.04633256656376
2,256,1,65,static,0.075835,0.634771,264,67584,141.69832369164203
2,256,1,65,temporal,0.024947,0.55565,28,7168,141.69832369164203
2,256,1,66,temporal,0.036896,0.583803,28,7168,-99.13456448395776
2,256,1,66,static,0.074623,0.619276,264,67584,-99.13456448395776
2,256,1,67,static,0.08607,0.614479,265,67840,37.88598137638855
2,256,1,67,temporal,0.026651,0.63446,28,7168,37.88598137638855
2,256,1,68,temporal,0.029454,0.587689,28,7168,160.08861394234785
2,256,1,68,static,0.073271,0.60162,263,67328,160.08861394234785
2,256,1,69,static,0.061253,0.606778,264,67584,-242.12169445912136
2,256,1,69,temporal,0.022584,0.57527,28,7168,-242.12169445912136
2,256,1,70,temporal,0.022043,0.56861,28,7168,189.3947249606561
2,256,1,70,static,0.058168,0.584224,264,67584,189.3947249606561
2,256,1,71,static,0.101423,0.633828,265,67840,-188.44096116793676
2,256,1,71,temporal,0.024457,0.564183,28,7168,-188.44096116793676
2,256,1,72,temporal,0.022474,0.551434,28,7168,-3.9709378026762785
2,256,1,72,static,0.073521,0.616733,263,67328,-3.9709378026762785
2,256,1,73,static,0.077036,0.625326,264,67584,209.32431812009887
2,256,1,73,temporal,0.040982,0.566036,28,7168,209.32431812009887
2,256,1,74,temporal,0.021894,0.563683,28,7168,126.01628298371944
2,256,1,74,static,0.076005,0.610113,266,68096,126.01628298371944
2,256,1,75,static,0.060792,0.612537,263,67328,203.95379787942875
2,256,1,75,temporal,0.021833,0.547588,28,7168,203.95379787942875
2,256,1,76,temporal,0.020411,0.559477,28,7168,-100.70434183975586
2,256,1,76,static,0.063526,0.627409,263,67328,-100.70434183975586
2,256,1,77,static,0.07315,0.598745,264,67584,24.27549176550169
2,256,1,77,temporal,0.021753,0.739118,28,7168,24.27549176550169
2,256,1,78,temporal,0.035313,0.655361,28,7168,177.62054040431684
2,256,1,78,static,0.096976,0.623953,264,67584,177.62054040431684
2,256,1,79,static,0.090247,0.634791,263,67328,191.40639314215923
2,256,1,79,temporal,0.02594,0.574409,28,7168,191.40639314215923
2,256,1,80,temporal,0.023576,0.573548,28,7168,-30.808078623033584
2,256,1,80,static,0.086701,0.630885,265,67840,-30.808078623033584
2,256,1,81,static,0.071308,0.602672,264,67584,171.72793630298213
2,256,1,81,temporal,0.022444,0.564554,28,7168,171.72793630298213
2,256,1,82,temporal,0.024267,0.552926,28,7168,-135.19847567809816
2,256,1,82,static,0.084448,0.626558,265,67840,-135.19847567809816
2,256,1,83,static,0.103516,0.668901,264,67584,177.62054040431684
2,256,1,83,temporal,0.025849,0.620639,28,7168,177.62054040431684
2,256,1,84,temporal,0.024277,0.729904,28,7168,-141.82824968575807
2,256,1,84,static,0.092991,0.750335,265,67840,-141.82824968575807
2,256,1,85,static,0.084848,0.615971,264,67584,140.12753604817988
2,256,1,85,temporal,0.022914,0.570222,28,7168,140.12753604817988
2,256,1,86,temporal,0.022774,0.589551,28,7168,-103.43874366808605
2,256,1,86,static,0.075284,0.601269,264,67584,-103.43874366808605
2,256,1,87,static,0.07878,0.622041,265,67840,-103.69190649707615
2,256,1,87,temporal,0.022965,0.547759,28,7168,-103.69190649707615
2,256,1,88,temporal,0.020701,0.578204,28,7168,69.55041698258665
2,256,1,88,static,0.071127,0.613648,266,68096,69.55041698258665
2,256,1,89,static,0.06619,0.623694,266,68096,196.13236059119535
2,256,1,89,temporal,0.022283,0.570062,28,7168,196.13236059119535
2,256,1,90,temporal,0.023645,0.549,28,7168,65.9862710894899
2,256,1,90,static,0.0857,0.701271,264,67584,65.9862710894899
2,256,1,91,static,0.068334,0.671616,265,67840,200.70826276943603
2,256,1,91,temporal,0.028333,0.557213,28,7168,200.70826276943603
2,256,1,92,temporal,0.022354,0.590122,28,7168,149.96162700520216
2,256,1,92,static,0.07287,0.627579,265,67840,149.96162700520216
2,256,1,93,static,0.088384,0.616433,266,68096,-106.17227413277669
2,256,1,93,temporal,0.021783,0.68085,28,7168,-106.17227413277669
2,256,1,94,temporal,0.034071,0.570663,28,7168,204.7859332622728
2,256,1,94,static,0.05948,0.611124,264,67584,204.7859332622728
2,256,1,95,static,0.069955,0.61522,264,67584,46.727888682414516
2,256,1,95,temporal,0.023055,0.570103,28,7168,46.727888682414516
2,256,1,96,temporal,0.023446,0.566938,28,7168,-80.96392492317607
2,256,1,96,static,0.193182,0.792839,264,67584,-80.96392492317607
2,256,1,97,static,0.143046,0.673558,264,67584,28.180829394078742
2,256,1,97,temporal,0.025168,0.56853,28,7168,28.180829394078742
2,256,1,98,temporal,0.022805,0.573858,28,7168,-182.89906708878962
2,256,1,98,static,0.075864,0.620608,266,68096,-182.89906708878962
2,256,1,99,static,0.074302,0.636002,265,67840,-238.17386176961077
2,256,1,99,temporal,0.024207,0.555591,28,7168,-238.17386176961077
2,256,1,100,temporal,0.023946,0.639798,28,7168,164.00712795990185
2,256,1,100,static,0.096806,0.627519,263,67328,164.00712795990185
2,256,1,101,static,0.077006,0.625295,263,67328,216.7500631531261
2,256,1,101,temporal,0.023085,0.564834,28,7168,216.7500631531261
2,256,1,102,temporal,0.023515,0.571995,28,7168,-86.64911326601815
2,256,1,102,static,0.08587,0.626898,266,68096,-86.64911326601815
2,256,1,103,static,0.086551,0.674751,263,67328,237.7381464395739
2,256,1,103,temporal,0.031036,0.594569,28,7168,237.7381464395739
2,256,1,104,temporal,0.024978,0.572586,28,7168,-123.8185495789184
2,256,1,104,static,0.07279,0.604134,263,67328,-123.8185495789184
2,256,1,105,static,0.061142,0.604004,264,67584,-185.31028155603255
2,256,1,105,temporal,0.022594,0.57571,28,7168,-185.31028155603255
2,256,1,106,temporal,0.024026,0.567538,28,7168,213.41343865724042
2,256,1,106,static,0.090787,0.758908,264,67584,213.41343865724042
2,256,1,107,static,0.093361,0.632917,263,67328,-244.14109163164906
2,256,1,107,temporal,0.022624,0.569551,28,7168,-244.14109163164906
2,256,1,108,temporal,0.021452,0.573988,28,7168,30.158164314508415
2,256,1,108,static,0.064208,0.62131,265,67840,30.158164314508415
2,256,1,109,static,0.094944,0.64158,266,68096,85.22772031850795
2,256,1,109,temporal,0.024357,0.622161,28,7168,85.22772031850795
2,256,1,110,temporal,0.028673,0.588199,28,7168,-17.076203152299048
2,256,1,110,static,0.073411,0.624244,264,67584,-17.076203152299048
2,256,1,111,static,0.081212,0.612015,263,67328,212.67665003854702
2,256,1,111,temporal,0.022394,0.56891,28,7168,212.67665003854702
2,256,1,112,temporal,0.022173,0.573477,28,7168,152.04746517979453
2,256,1,112,static,0.070036,0.616362,263,67328,152.04746517979453
2,256,1,113,static,0.082945,0.634279,265,67840,-184.98043315660163
2,256,1,113,temporal,0.024838,0.550162,28,7168,-184.98043315660163
2,256,1,114,temporal,0.022163,0.568059,28,7168,71.57248496041073
2,256,1,114,static,0.078649,0.60847,264,67584,71.57248496041073
2,256,1,115,static,0.079831,0.626308,266,68096,-208.79600931538675
2,256,1,115,temporal,0.043176,0.715423,28,7168,-208.79600931538675
2,256,1,116,temporal,0.029074,0.568771,28,7168,174.5872454241705
2,256,1,116,static,0.070496,0.627859,263,67328,174.5872454241705
2,256,1,117,static,0.087252,0.648992,264,67584,243.35855270289755
2,256,1,117,temporal,0.024988,0.565105,28,7168,243.35855270289755
2,256,1,118,temporal,0.021533,0.578185,28,7168,-37.123421911548185
2,256,1,118,static,0.080082,0.636603,265,67840,-37.123421911548185
2,256,1,119,static,0.067522,0.629702,265,67840,-197.52665316112518
2,256,1,119,temporal,0.022364,0.577274,28,7168,-197.52665316112518
2,256,2,0,static,0.063717,0.611315,266,68096,145.93771308552442
2,256,2,0,temporal,0.022034,0.58139,28,7168,145.93771308552442
2,256,2,1,temporal,0.021783,0.560168,28,7168,63.380686479623634
2,256,2,1,static,0.058538,0.613317,263,67328,63.380686479623634
2,256,2,2,static,0.088183,0.647319,264,67584,40.45785749438763
2,256,2,2,temporal,0.023286,0.563453,28,7168,40.45785749438763
2,256,2,3,temporal,0.023075,0.585245,28,7168,-217.04982565707672
2,256,2,3,static,0.086361,0.625466,264,67584,-217.04982565707672
2,256,2,4,static,0.063275,0.620889,263,67328,-234.04090535309874
2,256,2,4,temporal,0.022945,0.576933,28,7168,-234.04090535309874
2,256,2,5,temporal,0.021453,0.626147,28,7168,85.17509114678268
2,256,2,5,static,0.07272,0.656974,265,67840,85.17509114678268
2,256,2,6,static,0.070086,0.613879,265,67840,187.1289505761579
2,256,2,6,temporal,0.04644,0.583142,28,7168,187.1289505761579
2,256,2,7,temporal,0.021102,0.580068,28,7168,52.87538791205946
2,256,2,7,static,0.070576,0.611134,265,67840,52.87538791205946
2,256,2,8,static,0.074193,0.630724,264,67584,-232.11045170441744
2,256,2,8,temporal,0.024227,0.585656,28,7168,-232.11045170441744
2,256,2,9,temporal,0.03917,0.583002,28,7168,-71.40511442662243
2,256,2,9,static,0.094333,0.653308,264,67584,-71.40511442662243
2,256,2,10,static,0.09265,0.63449,266,68096,114.26236290135003
2,256,2,10,temporal,0.023937,0.577424,28,7168,114.26236290135003
2,256,2,11,temporal,0.022214,0.574349,28,7168,-144.22551788309048
2,256,2,11,static,0.074292,0.635761,266,68096,-144.22551788309048
2,256,2,12,static,0.063096,0.625156,265,67840,161.4671041717946
2,256,2,12,temporal,0.021953,0.563322,28,7168,161.4671041717946
2,256,2,13,temporal,0.022474,0.66084,28,7168,-30.808078623033584
2,256,2,13,static,0.093421,0.675141,265,67840,-30.808078623033584
2,256,2,14,static,0.084868,0.624795,263,67328,-204.635230953713
2,256,2,14,temporal,0.023405,0.591384,28,7168,-204.635230953713
2,256,2,15,temporal,0.024336,0.627388,28,7168,-245.69267172972968
2,256,2,15,static,0.068934,0.618466,265,67840,-245.69267172972968
2,256,2,16,static,0.062074,0.625506,263,67328,-182.83597712776842
2,256,2,16,temporal,0.023035,0.564114,27,6912,-182.83597712776842
2,256,2,17,temporal,0.020511,0.580228,28,7168,-84.93571856247003
2,256,2,17,static,0.065368,0.654449,264,67584,-84.93571856247003
2,256,2,18,static,0.080662,0.637254,266,68096,174.96417984494238
2,256,2,18,temporal,0.025018,0.578545,28,7168,174.96417984494238
2,256,2,19,temporal,0.023115,0.561089,28,7168,-111.93871995825535
2,256,2,19,static,0.07324,0.621199,264,67584,-111.93871995825535
2,256,2,20,static,0.067822,0.618575,262,67072,169.66096346855278
2,256,2,20,temporal,0.024597,0.56159,28,7168,169.66096346855278
2,256,2,21,temporal,0.021612,0.574709,28,7168,79.90134622067596
2,256,2,21,static,0.075354,0.630714,264,67584,79.90134622067596
2,256,2,22,static,0.067613,0.618436,263,67328,144.7257755447586
2,256,2,22,temporal,0.021793,0.573076,28,7168,144.7257755447586
2,256,2,23,temporal,0.022494,0.557774,28,7168,178.66928248152354
2,256,2,23,static,0.067653,0.807071,264,67584,178.66928248152354
2,256,2,24,static,0.077658,0.630434,264,67584,-248.1502513889107
2,256,2,24,temporal,0.023967,0.577554,28,7168,-248.1502513889107
2,256,2,25,temporal,0.021963,0.593758,28,7168,-230.63679596989252
2,256,2,25,static,0.065089,0.599267,263,67328,-230.63679596989252
2,256,2,26,static,0.077587,0.696633,264,67584,200.0599670084535
2,256,2,26,temporal,0.031367,0.613548,28,7168,200.0599670084535
2,256,2,27,temporal,0.027571,0.569922,28,7168,242.9911482873052
2,256,2,27,static,0.091829,0.651786,264,67584,242.9911482873052
2,256,2,28,static,0.082555,0.660259,265,67840,-69.47328546146262
2,256,2,28,temporal,0.024547,0.563482,28,7168,-69.47328546146262
2,256,2,29,temporal,0.023495,0.577533,28,7168,-82.77391976124167
2,256,2,29,static,0.080582,0.619848,264,67584,-82.77391976124167
2,256,2,30,static,0.077958,0.639147,264,67584,140.12753604817988
2,256,2,30,temporal,0.023686,0.578375,28,7168,140.12753604817988
2,256,2,31,temporal,0.022133,0.593528,28,7168,205.25946384889215
2,256,2,31,static,0.062926,0.619838,264,67584,205.25946384889215
2,256,2,32,static,0.066731,0.600668,264,67584,176.0307125110362
2,256,2,32,temporal,0.021312,0.573798,28,7168,176.0307125110362
2,256,2,33,temporal,0.023205,0.581519,28,7168,-49.99307590274484
2,256,2,33,static,0.076797,0.610123,264,67584,-49.99307590274484
2,256,2,34,static,0.064217,0.61472,265,67840,75.92283137560632
2,256,2,34,temporal,0.022064,0.612316,28,7168,75.92283137560632
2,256,2,35,temporal,0.027391,0.610563,28,7168,199.9204513679998
2,256,2,35,static,0.063346,0.61425,266,68096,199.9204513679998
2,256,2,36,static,0.071227,0.605455,264,67584,-71.79982254112713
2,256,2,36,temporal,0.021843,0.574469,28,7168,-71.79982254112713
2,256,2,37,temporal,0.024477,0.558425,28,7168,-44.88440050764924
2,256,2,37,static,0.061904,0.62137,265,67840,-44.88440050764924
2,256,2,38,static,0.09266,0.653578,264,67584,-235.99056056161305
2,256,2,38,temporal,0.023495,0.561158,28,7168,-235.99056056161305
2,256,2,39,temporal,0.022755,0.742734,28,7168,108.00903706881323
2,256,2,39,static,0.093441,0.720079,264,67584,108.00903706881323
2,256,2,40,static,0.103297,1.788105,264,67584,117.63990080373301
2,256,2,40,temporal,0.075764,0.598205,28,7168,117.63990080373301
2,256,2,41,temporal,0.026049,0.557844,28,7168,243.67320765738654
2,256,2,41,static,0.088664,0.661991,264,67584,243.67320765738654
2,256,2,42,static,0.075233,0.63482,263,67328,148.47975078297637
2,256,2,42,temporal,0.025418,0.541589,28,7168,148.47975078297637
2,256,2,43,temporal,0.021222,0.555711,28,7168,39.00673359580457
2,256,2,43,static,0.066601,0.607969,266,68096,39.00673359580457
2,256,2,44,static,0.075805,0.595952,265,67840,107.6797418322296
2,256,2,44,temporal,0.022304,0.558505,28,7168,107.6797418322296
2,256,2,45,temporal,0.022675,0.743725,28,7168,76.65559290683883
2,256,2,45,static,0.088353,0.613638,263,67328,76.65559290683883
2,256,2,46,static,0.085779,0.629542,266,68096,-98.61765878924291
2,256,2,46,temporal,0.02622,0.571224,28,7168,-98.61765878924291
2,256,2,47,temporal,0.022894,0.569441,28,7168,156.55612444393404
2,256,2,47,static,0.063096,0.601931,265,67840,156.55612444393404
2,256,2,48,static,0.070807,0.593748,262,67072,-49.707945810376614
2,256,2,48,temporal,0.022324,0.631475,28,7168,-49.707945810376614
2,256,2,49,temporal,0.028343,0.551234,28,7168,163.92494759546418
2,256,2,49,static,0.068073,0.607038,263,67328,163.92494759546418
2,256,2,50,static,0.060411,0.625075,264,67584,-175.4575219938958
2,256,2,50,temporal,0.02668,0.56221,28,7168,-175.4575219938958
2,256,2,51,temporal,0.023796,0.56163,28,7168,-33.086002666277565
2,256,2,51,static,0.065659,0.719708,264,67584,-33.086002666277565
2,256,2,52,static,0.116636,0.647489,262,67072,73.99607979284627
2,256,2,52,temporal,0.024567,0.562611,28,7168,73.99607979284627
2,256,2,53,temporal,0.022434,0.573057,28,7168,183.41837898138098
2,256,2,53,static,0.074313,0.620328,266,68096,183.41837898138098
2,256,2,54,static,0.070096,0.594109,266,68096,-153.37397333987363
2,256,2,54,temporal,0.021522,0.563803,28,7168,-153.37397333987363
2,256,2,55,temporal,0.023075,0.672037,28,7168,242.9563548246528
2,256,2,55,static,0.102595,0.636262,264,67584,242.9563548246528
2,256,2,56,static,0.088974,0.638405,265,67840,70.51601402245055
2,256,2,56,temporal,0.025178,0.776264,28,7168,70.51601402245055
2,256,2,57,temporal,0.035163,0.692867,28,7168,203.71297190325635
2,256,2,57,static,0.070757,0.733659,264,67584,203.71297190325635
2,256,2,58,static,0.151489,0.71418,266,68096,-244.40216860292378
2,256,2,58,temporal,0.025949,0.570243,28,7168,-244.40216860292378
2,256,2,59,temporal,0.024867,0.569671,28,7168,14.83751785480425
2,256,2,59,static,0.111008,0.66781,264,67584,14.83751785480425
2,256,2,60,static,0.07284,0.599447,266,68096,186.57568054932534
2,256,2,60,temporal,0.023706,0.557192,28,7168,186.57568054932534
2,256,2,61,temporal,0.023426,0.543342,28,7168,14.83751785480425
2,256,2,61,static,0.103967,0.624655,264,67584,14.83751785480425
2,256,2,62,static,0.065339,0.603883,262,67072,-104.60858404404789
2,256,2,62,temporal,0.023536,0.567779,27,6912,-104.60858404404789
2,256,2,63,temporal,0.023135,0.569291,28,7168,123.1710884189406
2,256,2,63,static,0.065118,0.589692,266,68096,123.1710884189406
2,256,2,64,static,0.05925,0.595541,265,67840,-165.04633256656376
2,256,2,64,temporal,0.023205,0.557443,28,7168,-165.04633256656376
2,256,2,65,temporal,0.021413,0.543132,28,7168,141.69832369164203
2,256,2,65,static,0.066981,0.599937,264,67584,141.69832369164203
2,256,2,66,static,0.07278,0.612927,264,67584,-99.13456448395776
2,256,2,66,temporal,0.024878,0.560878,28,7168,-99.13456448395776
2,256,2,67,temporal,0.040081,0.566207,28,7168,37.88598137638855
2,256,2,67,static,0.102305,0.631025,265,67840,37.88598137638855
2,256,2,68,static,0.068534,0.607159,263,67328,160.08861394234785
2,256,2,68,temporal,0.023876,0.550873,28,7168,160.08861394234785
2,256,2,69,temporal,0.02018,0.55584,28,7168,-242.12169445912136
2,256,2,69,static,0.063076,0.603413,264,67584,-242.12169445912136
2,256,2,70,static,0.059049,0.599587,264,67584,189.3947249606561
2,256,2,70,temporal,0.021462,0.556882,28,7168,189.3947249606561
2,256,2,71,temporal,0.023575,0.546787,28,7168,-188.44096116793676
2,256,2,71,static,0.081113,0.618246,265,67840,-188.44096116793676
2,256,2,72,static,0.073721,0.60173,263,67328,-3.9709378026762785
2,256,2,72,temporal,0.021813,0.554549,28,7168,-3.9709378026762785
2,256,2,73,temporal,0.021833,0.561389,28,7168,209.32431812009887
2,256,2,73,static,0.099651,0.620619,264,67584,209.32431812009887
2,256,2,74,static,0.074142,0.60852,266,68096,126.01628298371944
2,256,2,74,temporal,0.022935,0.542932,28,7168,126.01628298371944
2,256,2,75,temporal,0.020621,0.566056,28,7168,203.95379787942875
2,256,2,75,static,0.059159,0.586407,263,67328,203.95379787942875
2,256,2,76,static,0.062745,0.605045,263,67328,-100.70434183975586
2,256,2,76,temporal,0.023535,0.704755,28,7168,-100.70434183975586
2,256,2,77,temporal,0.030096,0.556081,28,7168,24.27549176550169
2,256,2,77,static,0.072139,0.613818,264,67584,24.27549176550169
2,256,2,78,static,0.088664,0.613348,264,67584,177.62054040431684
2,256,2,78,temporal,0.037687,0.565565,28,7168,177.62054040431684
2,256,2,79,temporal,0.023105,0.559666,28,7168,191.40639314215923
2,256,2,79,static,0.08594,0.632327,263,67328,191.40639314215923
2,256,2,80,static,0.082464,0.629211,265,67840,-30.808078623033584
2,256,2,80,temporal,0.023295,0.541829,28,7168,-30.808078623033584
2,256,2,81,temporal,0.020421,0.55524,28,7168,171.72793630298213
2,256,2,81,static,0.067963,0.60189,264,67584,171.72793630298213
2,256,2,82,static,0.081433,0.604584,265,67840,-135.19847567809816
2,256,2,82,temporal,0.023115,0.558154,28,7168,-135.19847567809816
2,256,2,83,temporal,0.023635,0.563071,28,7168,177.62054040431684
2,256,2,83,static,0.08532,0.620669,264,67584,177.62054040431684
2,256,2,84,static,0.082024,0.623663,265,67840,-141.82824968575807
2,256,2,84,temporal,0.024748,0.551404,28,7168,-141.82824968575807
2,256,2,85,temporal,0.021943,0.562851,28,7168,140.12753604817988
2,256,2,85,static,0.078559,0.596803,264,67584,140.12753604817988
2,256,2,86,static,0.070516,0.608941,264,67584,-103.43874366808605
2,256,2,86,temporal,0.022654,0.600448,28,7168,-103.43874366808605
2,256,2,87,temporal,0.06593,0.60145,28,7168,-103.69190649707615
2,256,2,87,static,0.080231,0.629783,265,67840,-103.69190649707615
2,256,2,88,static,0.065509,0.598676,266,68096,69.55041698258665
2,256,2,88,temporal,0.021543,0.569732,28,7168,69.55041698258665
2,256,2,89,temporal,0.022003,0.559126,28,7168,196.13236059119535
2,256,2,89,static,0.071418,0.625136,266,68096,196.13236059119535
2,256,2,90,static,0.07916,0.626047,264,67584,65.9862710894899
2,256,2,90,temporal,0.023225,0.556391,28,7168,65.9862710894899
2,256,2,91,temporal,0.01966,0.583413,28,7168,200.70826276943603
2,256,2,91,static,0.062614,0.599136,265,67840,200.70826276943603
2,256,2,92,static,0.084287,0.620248,265,67840,149.96162700520216
2,256,2,92,temporal,0.021172,0.570553,28,7168,149.96162700520216
2,256,2,93,temporal,0.020731,0.572075,28,7168,-106.17227413277669
2,256,2,93,static,0.060021,0.666318,266,68096,-106.17227413277669
2,256,2,94,static,0.065258,0.592896,264,67584,204.7859332622728
2,256,2,94,temporal,0.049515,0.576652,28,7168,204.7859332622728
2,256,2,95,temporal,0.023876,0.669453,28,7168,46.727888682414516
2,256,2,95,static,0.076506,0.598626,264,67584,46.727888682414516
2,256,2,96,static,0.062505,0.600188,264,67584,-80.96392492317607
2,256,2,96,temporal,0.022464,0.578425,28,7168,-80.96392492317607
2,256,2,97,temporal,0.025778,0.617053,28,7168,28.180829394078742
2,256,2,97,static,0.08566,0.641961,264,67584,28.180829394078742
2,256,2,98,static,0.075093,0.604104,266,68096,-182.89906708878962
2,256,2,98,temporal,0.022234,0.559557,28,7168,-182.89906708878962
2,256,2,99,temporal,0.021682,0.542049,28,7168,-238.17386176961077
2,256,2,99,static,0.086411,0.632907,265,67840,-238.17386176961077
2,256,2,100,static,0.08607,0.630123,263,67328,164.00712795990185
2,256,2,100,temporal,0.024628,0.54848,28,7168,164.00712795990185
2,256,2,101,temporal,0.021653,0.563733,28,7168,216.7500631531261
2,256,2,101,static,0.075485,0.608641,263,67328,216.7500631531261
2,256,2,102,static,0.09899,0.626237,266,68096,-86.64911326601815
2,256,2,102,temporal,0.024006,0.560147,28,7168,-86.64911326601815
2,256,2,103,temporal,0.022404,0.564784,28,7168,237.7381464395739
2,256,2,103,static,0.08557,0.629252,263,67328,237.7381464395739
2,256,2,104,static,0.064317,0.589071,263,67328,-123.8185495789184
2,256,2,104,temporal,0.020812,0.557834,28,7168,-123.8185495789184
2,256,2,105,temporal,0.021703,0.792899,28,7168,-185.31028155603255
2,256,2,105,static,0.076636,0.603813,264,67584,-185.31028155603255
2,256,2,106,static,0.117578,0.664926,264,67584,213.41343865724042
2,256,2,106,temporal,0.026491,0.564514,28,7168,213.41343865724042
2,256,2,107,temporal,0.029514,0.551213,28,7168,-244.14109163164906
2,256,2,107,static,0.073231,0.612977,263,67328,-244.14109163164906
2,256,2,108,static,0.144598,0.713779,265,67840,30.158164314508415
2,256,2,108,temporal,0.025758,0.556762,28,7168,30.158164314508415
2,256,2,109,temporal,0.024757,0.571985,28,7168,85.22772031850795
2,256,2,109,static,0.091539,0.639427,266,68096,85.22772031850795
2,256,2,110,static,0.070226,0.614369,264,67584,-17.076203152299048
2,256,2,110,temporal,0.022524,0.546357,28,7168,-17.076203152299048
2,256,2,111,temporal,0.035644,0.561659,28,7168,212.67665003854702
2,256,2,111,static,0.076917,0.617895,263,67328,212.67665003854702
2,256,2,112,static,0.065379,0.597184,263,67328,152.04746517979453
2,256,2,112,temporal,0.021262,0.56145,28,7168,152.04746517979453
2,256,2,113,temporal,0.024977,0.574879,28,7168,-184.98043315660163
2,256,2,113,static,0.082775,0.641751,265,67840,-184.98043315660163
2,256,2,114,static,0.074863,0.623693,264,67584,71.57248496041073
2,256,2,114,temporal,0.023315,0.550823,28,7168,71.57248496041073
2,256,2,115,temporal,0.022024,0.567949,28,7168,-208.79600931538675
2,256,2,115,static,0.080542,0.609792,266,68096,-208.79600931538675
2,256,2,116,static,0.067311,0.61512,263,67328,174.5872454241705
2,256,2,116,temporal,0.073131,0.634079,28,7168,174.5872454241705
2,256,2,117,temporal,0.028944,0.558905,28,7168,243.35855270289755
2,256,2,117,static,0.090577,0.635381,264,67584,243.35855270289755
2,256,2,118,static,0.080091,0.605526,265,67840,-37.123421911548185
2,256,2,118,temporal,0.021873,0.561069,28,7168,-37.123421911548185
2,256,2,119,temporal,0.021412,0.561599,28,7168,-197.52665316112518
2,256,2,119,static,0.064548,0.606688,265,67840,-197.52665316112518
2,256,3,0,temporal,0.021863,0.609702,28,7168,145.93771308552442
2,256,3,0,static,0.064387,0.592846,266,68096,145.93771308552442
2,256,3,1,static,0.05901,0.829765,263,67328,63.380686479623634
2,256,3,1,temporal,0.038808,0.613908,28,7168,63.380686479623634
2,256,3,2,temporal,0.025839,0.562451,28,7168,40.45785749438763
2,256,3,2,static,0.071969,0.643102,264,67584,40.45785749438763
2,256,3,3,static,0.086151,0.641771,264,67584,-217.04982565707672
2,256,3,3,temporal,0.025148,0.561029,28,7168,-217.04982565707672
2,256,3,4,temporal,0.020662,0.572907,28,7168,-234.04090535309874
2,256,3,4,static,0.063406,0.596262,263,67328,-234.04090535309874
2,256,3,5,static,0.078108,0.622862,265,67840,85.17509114678268
2,256,3,5,temporal,0.021213,0.567779,28,7168,85.17509114678268
2,256,3,6,temporal,0.021122,0.578054,28,7168,187.1289505761579
2,256,3,6,static,0.067071,0.620398,265,67840,187.1289505761579
2,256,3,7,static,0.068543,0.608069,265,67840,52.87538791205946
2,256,3,7,temporal,0.021162,0.573417,28,7168,52.87538791205946
2,256,3,8,temporal,0.021853,0.570713,28,7168,-232.11045170441744
2,256,3,8,static,0.071559,0.610414,264,67584,-232.11045170441744
2,256,3,9,static,0.0928,0.645866,264,67584,-71.40511442662243
2,256,3,9,temporal,0.024307,0.578946,28,7168,-71.40511442662243
2,256,3,10,temporal,0.024226,0.575179,28,7168,114.26236290135003
2,256,3,10,static,0.090917,0.657775,266,68096,114.26236290135003
2,256,3,11,static,0.075624,0.613508,266,68096,-144.22551788309048
2,256,3,11,temporal,0.022444,0.5752,28,7168,-144.22551788309048
2,256,3,12,temporal,0.021863,0.563171,28,7168,161.4671041717946
2,256,3,12,static,0.066921,0.642933,265,67840,161.4671041717946
2,256,3,13,static,0.087332,0.650323,265,67840,-30.808078623033584
2,256,3,13,temporal,0.025068,0.56199,28,7168,-30.808078623033584
2,256,3,14,temporal,0.022024,0.572456,28,7168,-204.635230953713
2,256,3,14,static,0.083196,0.61474,263,67328,-204.635230953713
2,256,3,15,static,0.073882,0.610744,265,67840,-245.69267172972968
2,256,3,15,temporal,0.021081,0.570162,28,7168,-245.69267172972968
2,256,3,16,temporal,0.020371,0.578906,27,6912,-182.83597712776842
2,256,3,16,static,0.065338,0.61497,263,67328,-182.83597712776842
2,256,3,17,static,0.063055,0.597774,264,67584,-84.93571856247003
2,256,3,17,temporal,0.021142,0.577504,28,7168,-84.93571856247003
2,256,3,18,temporal,0.023155,0.575841,28,7168,174.96417984494238
2,256,3,18,static,0.077738,0.612457,266,68096,174.96417984494238
2,256,3,19,static,0.071438,0.623824,264,67584,-111.93871995825535
2,256,3,19,temporal,0.023636,0.575391,28,7168,-111.93871995825535
2,256,3,20,temporal,0.022113,0.645135,28,7168,169.66096346855278
2,256,3,20,static,0.214314,0.796084,262,67072,169.66096346855278
2,256,3,21,static,0.082335,0.638436,264,67584,79.90134622067596
2,256,3,21,temporal,0.024618,1.416283,28,7168,79.90134622067596
2,256,3,22,temporal,0.045769,0.627459,28,7168,144.7257755447586
2,256,3,22,static,0.073161,0.648401,263,67328,144.7257755447586
2,256,3,23,static,0.072359,0.617394,264,67584,178.66928248152354
2,256,3,23,temporal,0.024898,0.540347,28,7168,178.66928248152354
2,256,3,24,temporal,0.021002,0.556972,28,7168,-248.1502513889107
2,256,3,24,static,0.066911,0.6017,264,67584,-248.1502513889107
2,256,3,25,static,0.064057,0.606888,263,67328,-230.63679596989252
2,256,3,25,temporal,0.022694,0.551394,28,7168,-230.63679596989252
2,256,3,26,temporal,0.023646,0.599187,28,7168,200.0599670084535
2,256,3,26,static,0.086661,0.639978,264,67584,200.0599670084535
2,256,3,27,static,0.094112,0.630754,264,67584,242.9911482873052
2,256,3,27,temporal,0.024868,0.545916,28,7168,242.9911482873052
2,256,3,28,temporal,0.021593,0.552005,28,7168,-69.47328546146262
2,256,3,28,static,0.079591,0.613698,265,67840,-69.47328546146262
2,256,3,29,static,0.079,0.670845,264,67584,-82.77391976124167
2,256,3,29,temporal,0.029635,0.574409,28,7168,-82.77391976124167
2,256,3,30,temporal,0.024307,0.539796,28,7168,140.12753604817988
2,256,3,30,static,0.078559,0.613929,264,67584,140.12753604817988
2,256,3,31,static,0.067042,0.590033,264,67584,205.25946384889215
2,256,3,31,temporal,0.021122,0.553297,28,7168,205.25946384889215
2,256,3,32,temporal,0.022604,0.557814,28,7168,176.0307125110362
2,256,3,32,static,0.067532,0.662622,264,67584,176.0307125110362
2,256,3,33,static,0.079881,0.632096,264,67584,-49.99307590274484
2,256,3,33,temporal,0.026009,0.539807,28,7168,-49.99307590274484
2,256,3,34,temporal,0.021282,0.563061,28,7168,75.92283137560632
2,256,3,34,static,0.068053,0.585165,265,67840,75.92283137560632
2,256,3,35,static,0.056936,0.600108,266,68096,199.9204513679998
2,256,3,35,temporal,0.042574,0.587619,28,7168,199.9204513679998
2,256,3,36,temporal,0.024547,0.632617,28,7168,-71.79982254112713
2,256,3,36,static,0.079049,0.628901,264,67584,-71.79982254112713
2,256,3,37,static,0.062214,0.58842,265,67840,-44.88440050764924
2,256,3,37,temporal,0.022124,0.556893,28,7168,-44.88440050764924
2,256,3,38,temporal,0.021883,0.5553,28,7168,-235.99056056161305
2,256,3,38,static,0.072139,0.619888,264,67584,-235.99056056161305
2,256,3,39,static,0.080081,0.809233,264,67584,108.00903706881323
2,256,3,39,temporal,0.035804,0.593768,28,7168,108.00903706881323
2,256,3,40,temporal,0.026149,0.552325,28,7168,117.63990080373301
2,256,3,40,static,0.09224,0.633979,264,67584,117.63990080373301
2,256,3,41,static,0.087002,0.610173,264,67584,243.67320765738654
2,256,3,41,temporal,0.023055,0.563162,28,7168,243.67320765738654
2,256,3,42,temporal,0.023265,0.59455,28,7168,148.47975078297637
2,256,3,42,static,0.069766,0.594219,263,67328,148.47975078297637
2,256,3,43,static,0.062876,0.605887,266,68096,39.00673359580457
2,256,3,43,temporal,0.022064,0.546086,28,7168,39.00673359580457
2,256,3,44,temporal,0.021423,0.56168,28,7168,107.6797418322296
2,256,3,44,static,0.075864,0.598525,265,67840,107.6797418322296
2,256,3,45,static,0.095064,0.6409,263,67328,76.65559290683883
2,256,3,45,temporal,0.02602,0.581289,28,7168,76.65559290683883
2,256,3,46,temporal,0.024777,0.551644,28,7168,-98.61765878924291
2,256,3,46,static,0.083747,0.620619,266,68096,-98.61765878924291
2,256,3,47,static,0.061613,0.59519,265,67840,156.55612444393404
2,256,3,47,temporal,0.037417,0.56187,28,7168,156.55612444393404
2,256,3,48,temporal,0.021312,0.564253,28,7168,-49.707945810376614
2,256,3,48,static,0.071869,0.614459,262,67072,-49.707945810376614
2,256,3,49,static,0.067262,0.609692,263,67328,163.92494759546418
2,256,3,49,temporal,0.022244,0.545626,28,7168,163.92494759546418
2,256,3,50,temporal,0.020701,0.558845,28,7168,-175.4575219938958
2,256,3,50,static,0.061734,0.605426,264,67584,-175.4575219938958
2,256,3,51,static,0.064828,0.596041,264,67584,-33.086002666277565
2,256,3,51,temporal,0.020872,0.556722,28,7168,-33.086002666277565
2,256,3,52,temporal,0.022263,0.572375,28,7168,73.99607979284627
2,256,3,52,static,0.080072,0.6209,262,67072,73.99607979284627
2,256,3,53,static,0.067332,0.606507,266,68096,183.41837898138098
2,256,3,53,temporal,0.021913,0.545245,28,7168,183.41837898138098
2,256,3,54,temporal,0.031357,0.571083,28,7168,-153.37397333987363
2,256,3,54,static,0.071898,0.598505,266,68096,-153.37397333987363
2,256,3,55,static,0.089916,0.630674,264,67584,242.9563548246528
2,256,3,55,temporal,0.024467,0.564875,28,7168,242.9563548246528
2,256,3,56,temporal,0.023766,0.565095,28,7168,70.51601402245055
2,256,3,56,static,0.091398,0.629041,265,67840,70.51601402245055
2,256,3,57,static,0.060722,0.595731,264,67584,203.71297190325635
2,256,3,57,temporal,0.020641,0.559316,28,7168,203.71297190325635
2,256,3,58,temporal,0.021212,0.547007,28,7168,-244.40216860292378
2,256,3,58,static,0.063135,0.600418,266,68096,-244.40216860292378
2,256,3,59,static,0.101314,0.644255,264,67584,14.83751785480425
2,256,3,59,temporal,0.02606,0.548961,28,7168,14.83751785480425
2,256,3,60,temporal,0.020742,0.560007,28,7168,186.57568054932534
2,256,3,60,static,0.066821,0.665006,266,68096,186.57568054932534
2,256,3,61,static,0.091218,0.653058,264,67584,14.83751785480425
2,256,3,61,temporal,0.025769,0.564093,28,7168,14.83751785480425
2,256,3,62,temporal,0.021342,0.568309,27,6912,-104.60858404404789
2,256,3,62,static,0.06595,0.611725,262,67072,-104.60858404404789
2,256,3,63,static,0.060742,0.589772,266,68096,123.1710884189406
2,256,3,63,temporal,0.020561,0.559827,28,7168,123.1710884189406
2,256,3,64,temporal,0.021272,0.544794,28,7168,-165.04633256656376
2,256,3,64,static,0.072229,0.596142,265,67840,-165.04633256656376
2,256,3,65,static,0.067532,0.611135,264,67584,141.69832369164203
2,256,3,65,temporal,0.024437,0.565165,28,7168,141.69832369164203
2,256,3,66,temporal,0.022204,0.565616,28,7168,-99.13456448395776
2,256,3,66,static,0.073941,0.598825,264,67584,-99.13456448395776
2,256,3,67,static,0.102125,0.626558,265,67840,37.88598137638855
2,256,3,67,temporal,0.023776,0.559697,28,7168,37.88598137638855
2,256,3,68,temporal,0.021673,0.741321,28,7168,160.08861394234785
2,256,3,68,static,0.081654,0.638005,263,67328,160.08861394234785
2,256,3,69,static,0.086872,0.628731,264,67584,-242.12169445912136
2,256,3,69,temporal,0.024347,0.54858,28,7168,-242.12169445912136
2,256,3,70,temporal,0.021513,0.562471,28,7168,189.3947249606561
2,256,3,70,static,0.060011,0.656182,264,67584,189.3947249606561
2,256,3,71,static,0.087683,0.644805,265,67840,-188.44096116793676
2,256,3,71,temporal,0.025969,0.561389,28,7168,-188.44096116793676
2,256,3,72,temporal,0.024187,0.565195,28,7168,-3.9709378026762785
2,256,3,72,static,0.076145,0.613898,263,67328,-3.9709378026762785
2,256,3,73,static,0.076155,0.596632,264,67584,209.32431812009887
2,256,3,73,temporal,0.022043,0.557844,28,7168,209.32431812009887
2,256,3,74,temporal,0.022814,0.548369,28,7168,126.01628298371944
2,256,3,74,static,0.076285,0.598625,266,68096,126.01628298371944
2,256,3,75,static,0.057758,0.606448,263,67328,203.95379787942875
2,256,3,75,temporal,0.022734,0.56874,28,7168,203.95379787942875
2,256,3,76,temporal,0.021443,0.563082,28,7168,-100.70434183975586
2,256,3,76,static,0.064638,0.592566,263,67328,-100.70434183975586
2,256,3,77,static,0.169075,0.702182,264,67584,24.27549176550169
2,256,3,77,temporal,0.024527,0.579517,28,7168,24.27549176550169
2,256,3,78,temporal,0.025489,0.552936,28,7168,177.62054040431684
2,256,3,78,static,0.086832,0.625857,264,67584,177.62054040431684
2,256,3,79,static,0.167985,0.755553,263,67328,191.40639314215923
2,256,3,79,temporal,0.029845,0.554919,28,7168,191.40639314215923
2,256,3,80,temporal,0.023045,0.566978,28,7168,-30.808078623033584
2,256,3,80,static,0.08551,0.609532,265,67840,-30.808078623033584
2,256,3,81,static,0.068294,0.611826,264,67584,171.72793630298213
2,256,3,81,temporal,0.022864,0.560107,28,7168,171.72793630298213
2,256,3,82,temporal,0.023025,0.604955,28,7168,-135.19847567809816
2,256,3,82,static,0.089956,0.660269,265,67840,-135.19847567809816
2,256,3,83,static,0.091548,0.616883,264,67584,177.62054040431684
2,256,3,83,temporal,0.035914,0.777706,28,7168,177.62054040431684
2,256,3,84,temporal,0.036055,0.593538,28,7168,-141.82824968575807
2,256,3,84,static,0.088143,0.610052,265,67840,-141.82824968575807
2,256,3,85,static,0.09307,0.638545,264,67584,140.12753604817988
2,256,3,85,temporal,0.025118,0.567759,28,7168,140.12753604817988
2,256,3,86,temporal,0.024247,0.557073,28,7168,-103.43874366808605
2,256,3,86,static,0.074352,0.619016,264,67584,-103.43874366808605
2,256,3,87,static,0.080461,0.616572,265,67840,-103.69190649707615
2,256,3,87,temporal,0.045679,0.574549,28,7168,-103.69190649707615
2,256,3,88,temporal,0.022424,0.571094,28,7168,69.55041698258665
2,256,3,88,static,0.069045,0.619237,266,68096,69.55041698258665
2,256,3,89,static,0.065129,0.618886,266,68096,196.13236059119535
2,256,3,89,temporal,0.021843,0.549952,28,7168,196.13236059119535
2,256,3,90,temporal,0.021833,0.638055,28,7168,65.9862710894899
2,256,3,90,static,0.086932,0.650975,264,67584,65.9862710894899
2,256,3,91,static,0.060681,0.594128,265,67840,200.70826276943603
2,256,3,91,temporal,0.021493,0.569942,28,7168,200.70826276943603
2,256,3,92,temporal,0.022484,0.571334,28,7168,149.96162700520216
2,256,3,92,static,0.091678,0.622491,265,67840,149.96162700520216
2,256,3,93,static,0.060922,0.607349,266,68096,-106.17227413277669
2,256,3,93,temporal,0.021592,0.552365,28,7168,-106.17227413277669
2,256,3,94,temporal,0.020231,0.566968,28,7168,204.7859332622728
2,256,3,94,static,0.06011,0.591304,264,67584,204.7859332622728
2,256,3,95,static,0.068864,0.618195,264,67584,46.727888682414516
2,256,3,95,temporal,0.042244,0.591785,28,7168,46.727888682414516
2,256,3,96,temporal,0.023085,0.556402,28,7168,-80.96392492317607
2,256,3,96,static,0.064678,0.611245,264,67584,-80.96392492317607
2,256,3,97,static,0.08549,0.624044,264,67584,28.180829394078742
2,256,3,97,temporal,0.023155,0.565205,28,7168,28.180829394078742
2,256,3,98,temporal,0.022023,0.566887,28,7168,-182.89906708878962
2,256,3,98,static,0.073201,0.622422,266,68096,-182.89906708878962
2,256,3,99,static,0.071148,0.62095,265,67840,-238.17386176961077
2,256,3,99,temporal,0.022684,0.552355,28,7168,-238.17386176961077
2,256,3,100,temporal,0.022724,0.570483,28,7168,164.00712795990185
2,256,3,100,static,0.09231,0.640349,263,67328,164.00712795990185
2,256,3,101,static,0.076045,0.605426,263,67328,216.7500631531261
2,256,3,101,temporal,0.022744,0.56225,28,7168,216.7500631531261
2,256,3,102,temporal,0.024477,0.573858,28,7168,-86.64911326601815
2,256,3,102,static,0.083697,0.631005,266,68096,-86.64911326601815
2,256,3,103,static,0.087262,0.801973,263,67328,237.7381464395739
2,256,3,103,temporal,0.034172,0.567428,28,7168,237.7381464395739
2,256,3,104,temporal,0.022514,0.573448,28,7168,-123.8185495789184
2,256,3,104,static,0.067162,0.610884,263,67328,-123.8185495789184
2,256,3,105,static,0.064267,0.61513,264,67584,-185.31028155603255
2,256,3,105,temporal,0.023075,0.570242,28,7168,-185.31028155603255
2,256,3,106,temporal,0.025989,0.560137,28,7168,213.41343865724042
2,256,3,106,static,0.087532,0.630603,264,67584,213.41343865724042
2,256,3,107,static,0.071788,0.596983,263,67328,-244.14109163164906
2,256,3,107,temporal,0.036536,0.571855,28,7168,-244.14109163164906
2,256,3,108,temporal,0.020021,0.566958,28,7168,30.158164314508415
2,256,3,108,static,0.061443,0.610213,265,67840,30.158164314508415
2,256,3,109,static,0.09203,0.642983,266,68096,85.22772031850795
2,256,3,109,temporal,0.024487,0.572185,28,7168,85.22772031850795
2,256,3,110,temporal,0.023405,0.574438,28,7168,-17.076203152299048
2,256,3,110,static,0.073691,0.620298,264,67584,-17.076203152299048
2,256,3,111,static,0.078038,0.60802,263,67328,212.67665003854702
2,256,3,111,temporal,0.021983,0.563963,28,7168,212.67665003854702
2,256,3,112,temporal,0.021363,0.618326,28,7168,152.04746517979453
2,256,3,112,static,0.106291,0.640239,263,67328,152.04746517979453
2,256,3,113,static,0.082735,0.636413,265,67840,-184.98043315660163
2,256,3,113,temporal,0.024187,0.557454,28,7168,-184.98043315660163
2,256,3,114,temporal,0.021152,0.575651,28,7168,71.57248496041073
2,256,3,114,static,0.076145,0.607028,264,67584,71.57248496041073
2,256,3,115,static,0.095534,0.646197,266,68096,-208.79600931538675
2,256,3,115,temporal,0.025308,0.572706,28,7168,-208.79600931538675
2,256,3,116,temporal,0.021713,0.553467,28,7168,174.5872454241705
2,256,3,116,static,0.067893,0.62095,263,67328,174.5872454241705
2,256,3,117,static,0.088363,0.63481,264,67584,243.35855270289755
2,256,3,117,temporal,0.025619,0.557914,28,7168,243.35855270289755
2,256,3,118,temporal,0.021562,0.571714,28,7168,-37.123421911548185
2,256,3,118,static,0.07942,0.629952,265,67840,-37.123421911548185
2,256,3,119,static,0.063405,0.865679,265,67840,-197.52665316112518
2,256,3,119,temporal,0.034923,0.596041,28,7168,-197.52665316112518
0,1024,0,0,static,0.09283,0.629532,263,269312,-128.89151964409385
0,1024,0,0,temporal,0.024757,0.545465,28,28672,-128.89151964409385
0,1024,0,1,temporal,0.023957,0.559737,28,28672,-216.18254822519143
0,1024,0,1,static,0.095865,0.638976,265,271360,-216.18254822519143
0,1024,0,2,static,0.108314,0.688732,265,271360,-178.54661235659438
0,1024,0,2,temporal,0.032419,0.586627,28,28672,-178.54661235659438
0,1024,0,3,temporal,0.026269,0.554168,28,28672,-64.42694054820143
0,1024,0,3,static,0.155054,0.721201,264,270336,-64.42694054820143
0,1024,0,4,static,0.094423,0.756574,266,272384,133.8070028710446
0,1024,0,4,temporal,0.035924,0.584534,28,28672,133.8070028710446
0,1024,0,5,temporal,0.027501,0.587639,28,28672,-131.33407469793192
0,1024,0,5,static,0.103376,0.646928,262,268288,-131.33407469793192
0,1024,0,6,static,0.080181,0.605005,266,272384,-71.55373290697958
0,1024,0,6,temporal,0.024157,0.567499,27,27648,-71.55373290697958
0,1024,0,7,temporal,0.025849,0.547408,28,28672,-116.13079642960425
0,1024,0,7,static,0.155776,0.734952,265,271360,-116.13079642960425
0,1024,0,8,static,0.10532,0.648331,264,270336,-212.24225208712045
0,1024,0,8,temporal,0.027922,0.550643,28,28672,-212.24225208712045
0,1024,0,9,temporal,0.024777,0.691396,28,28672,-244.06798176021272
0,1024,0,9,static,0.088904,0.633177,263,269312,-244.06798176021272
0,1024,0,10,static,0.078388,0.606117,266,272384,-219.92116318415452
0,1024,0,10,temporal,0.022925,0.565746,28,28672,-219.92116318415452
0,1024,0,11,temporal,0.023365,0.576292,28,28672,157.29917554627954
0,1024,0,11,static,0.087412,0.631255,266,272384,157.29917554627954
0,1024,0,12,static,0.107993,0.751086,264,270336,-173.65307259578833
0,1024,0,12,temporal,0.035594,0.563112,28,28672,-173.65307259578833
0,1024,0,13,temporal,0.02661,0.572105,28,28672,151.72050262562405
0,1024,0,13,static,0.074823,0.688641,265,271360,151.72050262562405
0,1024,0,14,static,0.103096,0.655081,263,269312,-195.22530412854243
0,1024,0,14,temporal,0.02643,0.574509,28,28672,-195.22530412854243
0,1024,0,15,temporal,0.027822,0.554178,28,28672,138.7586014750787
0,1024,0,15,static,0.116386,0.66083,266,272384,138.7586014750787
0,1024,0,16,static,0.084358,0.628481,264,270336,-6.455350305758283
0,1024,0,16,temporal,0.025008,0.551824,28,28672,-6.455350305758283
0,1024,0,17,temporal,0.022484,0.62124,28,28672,-13.61222888610076
0,1024,0,17,static,0.078719,0.630944,264,270336,-13.61222888610076
0,1024,0,18,static,0.089345,0.617674,264,270336,-248.27850467632837
0,1024,0,18,temporal,0.024016,0.567308,28,28672,-248.27850467632837
0,1024,0,19,temporal,0.023005,0.551645,28,28672,-138.71161618630708
0,1024,0,19,static,0.073521,0.616462,264,270336,-138.71161618630708
0,1024,0,20,static,0.115434,0.645877,264,270336,213.41343865724042
0,1024,0,20,temporal,0.026931,0.584374,28,28672,213.41343865724042
0,1024,0,21,temporal,0.025348,0.573778,28,28672,186.9775739150411
0,1024,0,21,static,0.081183,0.609672,265,271360,186.9775739150411
0,1024,0,22,static,0.079039,0.624344,265,271360,-140.0030566887032
0,1024,0,22,temporal,0.025008,0.557734,27,27648,-140.0030566887032
0,1024,0,23,temporal,0.024087,0.567729,28,28672,184.1436765035487
0,1024,0,23,static,0.076776,0.618796,264,270336,184.1436765035487
0,1024,0,24,static,0.07963,0.625606,266,272384,99.7424398269
0,1024,0,24,temporal,0.024247,0.672948,28,28672,99.7424398269
0,1024,0,25,temporal,0.032159,0.562812,28,28672,125.51251331258727
0,1024,0,25,static,0.112159,0.645786,265,271360,125.51251331258727
0,1024,0,26,static,0.088143,0.640258,265,271360,103.85382422230303
0,1024,0,26,temporal,0.025218,0.569201,28,28672,103.85382422230303
0,1024,0,27,temporal,0.036836,0.599136,27,27648,188.6714748460224
0,1024,0,27,static,0.143317,0.693099,263,269312,188.6714748460224
0,1024,0,28,static,0.08578,0.617895,263,269312,195.80996510912587
0,1024,0,28,temporal,0.023445,0.571444,28,28672,195.80996510912587
0,1024,0,29,temporal,0.022985,0.551455,28,28672,34.06952676770362
0,1024,0,29,static,0.09863,0.631496,264,270336,34.06952676770362
0,1024,0,30,static,0.073462,0.619487,264,270336,178.66928248152354
0,1024,0,30,temporal,0.023565,0.572255,28,28672,178.66928248152354
0,1024,0,31,temporal,0.025508,0.654149,28,28672,123.1710884189406
0,1024,0,31,static,0.085319,0.703474,266,272384,123.1710884189406
0,1024,0,32,static,0.17878,0.711997,264,270336,14.338568864409044
0,1024,0,32,temporal,0.027662,0.591595,28,28672,14.338568864409044
0,1024,0,33,temporal,0.027381,0.641861,28,28672,138.7586014750787
0,1024,0,33,static,0.123337,0.672698,266,272384,138.7586014750787
0,1024,0,34,static,0.086161,0.632697,264,270336,79.90134622067596
0,1024,0,34,temporal,0.027231,0.551985,28,28672,79.90134622067596
0,1024,0,35,temporal,0.023776,0.566266,28,28672,222.4772167646162
0,1024,0,35,static,0.097828,0.64133,266,272384,222.4772167646162
0,1024,0,36,static,0.093141,0.622191,266,272384,-70.08850019364401
0,1024,0,36,temporal,0.02694,0.573607,28,28672,-70.08850019364401
0,1024,0,37,temporal,0.024598,0.785348,28,28672,-133.13724617456614
0,1024,0,37,static,0.097978,0.625536,264,270336,-133.13724617456614
0,1024,0,38,static,0.089335,0.724035,266,272384,-39.834798714834676
0,1024,0,38,temporal,0.03352,0.606387,28,28672,-39.834798714834676
0,1024,0,39,temporal,0.02672,0.858178,28,28672,89.61987157301807
0,1024,0,39,static,0.135275,0.691496,265,271360,89.61987157301807
0,1024,0,40,static,0.104598,0.657855,264,270336,28.673869677212142
0,1024,0,40,temporal,0.027322,0.559447,28,28672,28.673869677212142
0,1024,0,41,temporal,0.026069,0.580958,28,28672,199.2590467434593
0,1024,0,41,static,0.085289,0.632466,263,269312,199.2590467434593
0,1024,0,42,static,0.069105,0.602752,266,272384,-101.93271596363317
0,1024,0,42,temporal,0.023535,0.569201,28,28672,-101.93271596363317
0,1024,0,43,temporal,0.025669,0.580098,28,28672,174.96417984494238
0,1024,0,43,static,0.09256,0.641079,266,272384,174.96417984494238
0,1024,0,44,static,0.075394,0.624084,264,270336,181.4449673814687
0,1024,0,44,temporal,0.024047,0.552065,28,28672,181.4449673814687
0,1024,0,45,temporal,0.024247,0.572356,28,28672,244.08739719782085
0,1024,0,45,static,0.109235,0.638095,263,269312,244.08739719782085
0,1024,0,46,static,0.086621,0.660099,266,272384,-53.35603905548028
0,1024,0,46,temporal,0.027802,0.578214,28,28672,-53.35603905548028
0,1024,0,47,temporal,0.024367,0.557804,28,28672,-247.08829200577625
0,1024,0,47,static,0.075013,0.621369,265,271360,-247.08829200577625
0,1024,0,48,static,0.076505,0.605636,264,270336,40.45785749438763
0,1024,0,48,temporal,0.022694,0.57513,28,28672,40.45785749438763
0,1024,0,49,temporal,0.022244,0.572556,28,28672,204.13039866695618
0,1024,0,49,static,0.073441,0.624375,264,270336,204.13039866695618
0,1024,0,50,static,0.069866,0.619888,266,272384,160.89841954372287
0,1024,0,50,temporal,0.023446,0.554919,28,28672,160.89841954372287
0,1024,0,51,temporal,0.023045,0.573508,28,28672,59.69788219079578
0,1024,0,51,static,0.077027,0.631625,265,271360,59.69788219079578
0,1024,0,52,static,0.071338,0.775673,265,271360,116.57760762526692
0,1024,0,52,temporal,0.03334,0.603663,28,28672,116.57760762526692
0,1024,0,53,temporal,0.02656,0.593888,28,28672,17.612642682769735
0,1024,0,53,static,0.084428,0.616883,264,270336,17.612642682769735
0,1024,0,54,static,0.074733,0.617584,266,272384,185.98877202256475
0,1024,0,54,temporal,0.023927,0.622762,28,28672,185.98877202256475
0,1024,0,55,temporal,0.031858,0.589963,28,28672,47.15174156073637
0,1024,0,55,static,0.100843,0.643864,264,270336,47.15174156073637
0,1024,0,56,static,0.087162,0.636022,264,270336,17.304144164303295
0,1024,0,56,temporal,0.025779,0.56832,28,28672,17.304144164303295
0,1024,0,57,temporal,0.027261,0.553437,28,28672,161.8619219446678
0,1024,0,57,static,0.129796,0.654369,264,270336,161.8619219446678
0,1024,0,58,static,0.087062,0.630504,266,272384,-15.377266773144228
0,1024,0,58,temporal,0.025899,0.549501,28,28672,-15.377266773144228
0,1024,0,59,temporal,0.022745,0.567158,28,28672,130.11064063420463
0,1024,0,59,static,0.087673,0.638005,264,270336,130.11064063420463
0,1024,0,60,static,0.091107,0.617143,264,270336,173.01738943858015
0,1024,0,60,temporal,0.023465,0.56182,28,28672,173.01738943858015
0,1024,0,61,temporal,0.024277,0.558936,28,28672,187.00309934378419
0,1024,0,61,static,0.093372,0.697045,266,272384,187.00309934378419
0,1024,0,62,static,0.081934,0.632687,264,270336,136.65597964423986
0,1024,0,62,temporal,0.025058,0.573768,28,28672,136.65597964423986
0,1024,0,63,temporal,0.022945,0.583242,28,28672,150.2868273047207
0,1024,0,63,static,0.077808,0.606157,263,269312,150.2868273047207
0,1024,0,64,static,0.0925,0.639397,265,271360,203.9131611215392
0,1024,0,64,temporal,0.02616,0.565625,28,28672,203.9131611215392
0,1024,0,65,temporal,0.024497,0.5485,28,28672,216.94688901395594
0,1024,0,65,static,0.08551,0.629192,263,269312,216.94688901395594
0,1024,0,66,static,0.11253,0.664915,266,272384,198.79177445253723
0,1024,0,66,temporal,0.028713,0.576512,28,28672,198.79177445253723
0,1024,0,67,temporal,0.024247,0.574669,28,28672,-242.52351685464836
0,1024,0,67,static,0.082345,0.698527,266,272384,-242.52351685464836
0,1024,0,68,static,0.089245,0.652447,264,270336,-239.14193162775825
0,1024,0,68,temporal,0.02647,0.551073,28,28672,-239.14193162775825
0,1024,0,69,temporal,0.023004,0.584093,28,28672,-141.82824968575807
0,1024,0,69,static,0.100452,0.651796,265,271360,-141.82824968575807
0,1024,0,70,static,0.084979,0.617574,262,268288,216.94412529784228
0,1024,0,70,temporal,0.024447,0.56847,28,28672,216.94412529784228
0,1024,0,71,temporal,0.023426,0.562301,28,28672,157.0522956021272
0,1024,0,71,static,0.219192,0.771347,263,269312,157.0522956021272
0,1024,0,72,static,0.075444,0.625717,264,270336,-208.55629601807445
0,1024,0,72,temporal,0.026109,0.576762,28,28672,-208.55629601807445
0,1024,0,73,temporal,0.022855,0.570723,28,28672,49.509567300271975
0,1024,0,73,static,0.076205,0.626788,265,271360,49.509567300271975
0,1024,0,74,static,0.072069,0.607419,264,270336,-142.35481321392524
0,1024,0,74,temporal,0.023997,0.569582,28,28672,-142.35481321392524
0,1024,0,75,temporal,0.023205,0.550612,28,28672,31.8417090067649
0,1024,0,75,static,0.07255,0.618495,266,272384,31.8417090067649
0,1024,0,76,static,0.110787,0.66774,264,270336,22.74481710135997
0,1024,0,76,temporal,0.027241,0.556672,28,28672,22.74481710135997
0,1024,0,77,temporal,0.022394,0.573157,28,28672,-6.455350305758283
0,1024,0,77,static,0.077648,0.606908,264,270336,-6.455350305758283
0,1024,0,78,static,0.091328,0.637635,264,270336,-138.54400842191237
0,1024,0,78,temporal,0.024978,0.568099,28,28672,-138.54400842191237
0,1024,0,79,temporal,0.030085,0.584814,28,28672,139.66125854483016
0,1024,0,79,static,0.088314,0.638256,266,272384,139.66125854483016
0,1024,0,80,static,0.087142,0.625576,264,270336,147.13250685287153
0,1024,0,80,temporal,0.025789,0.5755,28,28672,147.13250685287153
0,1024,0,81,temporal,0.02655,0.583422,28,28672,145.93771308552442
0,1024,0,81,static,0.091398,0.620138,266,272384,145.93771308552442
0,1024,0,82,static,0.064648,0.611936,266,272384,199.9204513679998
0,1024,0,82,temporal,0.023566,0.569311,28,28672,199.9204513679998
0,1024,0,83,temporal,0.027752,0.578305,28,28672,138.7586014750787
0,1024,0,83,static,0.200082,0.777946,266,272384,138.7586014750787
0,1024,0,84,static,0.074492,0.61539,266,272384,183.8018092614473
0,1024,0,84,temporal,0.023977,0.687761,28,28672,183.8018092614473
0,1024,0,85,temporal,0.03293,0.664385,28,28672,-64.11702375452147
0,1024,0,85,static,0.098229,0.820932,265,271360,-64.11702375452147
0,1024,0,86,static,0.094703,0.625897,263,269312,-31.619896031618882
0,1024,0,86,temporal,0.02626,0.573087,28,28672,-31.619896031618882
0,1024,0,87,temporal,0.023616,0.556722,28,28672,-132.47046471741788
0,1024,0,87,static,0.082785,0.632647,265,271360,-132.47046471741788
0,1024,0,88,static,0.075294,0.69375,264,270336,184.1436765035487
0,1024,0,88,temporal,0.03257,0.583873,28,28672,184.1436765035487
0,1024,0,89,temporal,0.025278,0.574158,28,28672,186.06425994057014
0,1024,0,89,static,0.088784,0.616783,266,272384,186.06425994057014
0,1024,0,90,static,0.114684,0.763034,266,272384,232.6508948075365
0,1024,0,90,temporal,0.031728,0.582471,28,28672,232.6508948075365
0,1024,0,91,temporal,0.02675,0.558875,28,28672,-26.310872282578796
0,1024,0,91,static,0.094223,0.663794,264,270336,-26.310872282578796
0,1024,0,92,static,0.097137,0.651525,266,272384,224.38964901253473
0,1024,0,92,temporal,0.025538,0.558464,28,28672,224.38964901253473
0,1024,0,93,temporal,0.023766,0.658426,28,28672,-118.96823822950552
0,1024,0,93,static,0.100793,0.650314,263,269312,-118.96823822950552
0,1024,0,94,static,0.080622,0.618666,266,272384,52.941718786519104
0,1024,0,94,temporal,0.025899,0.659588,28,28672,52.941718786519104
0,1024,0,95,temporal,0.033481,0.590504,28,28672,152.32079643042792
0,1024,0,95,static,0.106591,0.644555,266,272384,152.32079643042792
0,1024,0,96,static,0.078198,0.631385,264,270336,-235.99056056161305
0,1024,0,96,temporal,0.024427,0.553206,28,28672,-235.99056056161305
0,1024,0,97,temporal,0.023225,0.573067,28,28672,0.9652392614501479
0,1024,0,97,static,0.093221,0.626918,266,272384,0.9652392614501479
0,1024,0,98,static,0.091638,0.647429,264,270336,47.02846808501521
0,1024,0,98,temporal,0.024266,0.572936,28,28672,47.02846808501521
0,1024,0,99,temporal,0.025398,0.561569,28,28672,156.82339295333009
0,1024,0,99,static,0.098929,0.648851,264,270336,156.82339295333009
0,1024,0,100,static,0.094273,0.644926,266,272384,226.21612431199702
0,1024,0,100,temporal,0.02598,0.556602,28,28672,226.21612431199702
0,1024,0,101,temporal,0.021883,0.573949,28,28672,158.743244046152
0,1024,0,101,static,0.080421,0.635962,264,270336,158.743244046152
0,1024,0,102,static,0.078068,0.630894,265,271360,-175.35839861456446
0,1024,0,102,temporal,0.026881,0.575721,28,28672,-175.35839861456446
0,1024,0,103,temporal,0.024527,0.55489,28,28672,117.63990080373301
0,1024,0,103,static,0.100131,0.660008,264,270336,117.63990080373301
0,1024,0,104,static,0.075955,0.61495,265,271360,-9.514064883294628
0,1024,0,104,temporal,0.024237,0.585326,28,28672,-9.514064883294628
0,1024,0,105,temporal,0.024006,0.602181,28,28672,-114.55722463555009
0,1024,0,105,static,0.074793,0.62125,266,272384,-114.55722463555009
0,1024,0,106,static,0.071448,0.635722,264,270336,110.60073492243154
0,1024,0,106,temporal,0.023515,0.565125,28,28672,110.60073492243154
0,1024,0,107,temporal,0.022143,0.583653,28,28672,203.71297190325635
0,1024,0,107,static,0.074904,0.639668,264,270336,203.71297190325635
0,1024,0,108,static,0.116426,0.683283,264,270336,44.79036278996305
0,1024,0,108,temporal,0.028554,0.590313,28,28672,44.79036278996305
0,1024,0,109,temporal,0.024928,0.570723,28,28672,-118.96823822950552
0,1024,0,109,static,0.105239,0.643243,263,269312,-118.96823822950552
0,1024,0,110,static,0.080302,0.646207,263,269312,23.41029769021161
0,1024,0,110,temporal,0.027291,0.577393,28,28672,23.41029769021161
0,1024,0,111,temporal,0.022153,0.578665,28,28672,-101.93271596363317
0,1024,0,111,static,0.070576,0.646568,266,272384,-101.93271596363317
0,1024,0,112,static,0.092429,0.724035,264,270336,-212.24225208712045
0,1024,0,112,temporal,0.065659,0.656893,28,28672,-212.24225208712045
0,1024,0,113,temporal,0.030506,0.600598,27,27648,5.6240892362932975
0,1024,0,113,static,0.099611,0.645116,263,269312,5.6240892362932975
0,1024,0,114,static,0.080302,0.642502,264,270336,-234.77699292104737
0,1024,0,114,temporal,0.025229,0.61473,28,28672,-234.77699292104737
0,1024,0,115,temporal,0.074222,0.62158,28,28672,-28.612074070412977
0,1024,0,115,static,0.10568,0.66747,262,268288,-28.612074070412977
0,1024,0,116,static,0.073752,0.619167,264,270336,-248.3850886284499
0,1024,0,116,temporal,0.024056,0.58191,28,28672,-248.3850886284499
0,1024,0,117,temporal,0.02653,0.580047,28,28672,211.6502687099367
0,1024,0,117,static,0.095975,0.691176,267,273408,211.6502687099367
0,1024,0,118,static,0.097728,0.837517,264,270336,-152.48226335483682
0,1024,0,118,temporal,0.037006,0.604183,28,28672,-152.48226335483682
0,1024,0,119,temporal,0.027311,0.630614,28,28672,-244.9378158920915
0,1024,0,119,static,0.087993,0.652707,265,271360,-244.9378158920915
0,1024,1,0,temporal,0.027472,0.572716,28,28672,-128.89151964409385
0,1024,1,0,static,0.091338,0.644194,263,269312,-128.89151964409385
0,1024,1,1,static,0.089085,0.637094,265,271360,-216.18254822519143
0,1024,1,1,temporal,0.025589,0.555521,28,28672,-216.18254822519143
0,1024,1,2,temporal,0.023426,0.564935,28,28672,-178.54661235659438
0,1024,1,2,static,0.093962,0.635972,265,271360,-178.54661235659438
0,1024,1,3,static,0.080983,0.608361,264,270336,-64.42694054820143
0,1024,1,3,temporal,0.022614,0.606667,28,28672,-64.42694054820143
0,1024,1,4,temporal,0.029865,0.587128,28,28672,133.8070028710446
0,1024,1,4,static,0.104799,0.632547,266,272384,133.8070028710446
0,1024,1,5,static,0.091829,0.636984,262,268288,-131.33407469793192
0,1024,1,5,temporal,0.025989,0.550332,28,28672,-131.33407469793192
0,1024,1,6,temporal,0.021873,0.565916,27,27648,-71.55373290697958
0,1024,1,6,static,0.071108,0.597544,266,272384,-71.55373290697958
0,1024,1,7,static,0.077918,0.637935,265,271360,-116.13079642960425
0,1024,1,7,temporal,0.030997,0.574599,28,28672,-116.13079642960425
0,1024,1,8,temporal,0.025468,0.551795,28,28672,-212.24225208712045
0,1024,1,8,static,0.089725,0.632606,264,270336,-212.24225208712045
0,1024,1,9,static,0.082745,0.611405,263,269312,-244.06798176021272
0,1024,1,9,temporal,0.023856,0.565745,28,28672,-244.06798176021272
0,1024,1,10,temporal,0.022995,0.564864,28,28672,-219.92116318415452
0,1024,1,10,static,0.075614,0.620759,266,272384,-219.92116318415452
0,1024,1,11,static,0.069545,0.615812,266,272384,157.29917554627954
0,1024,1,11,temporal,0.024537,0.548359,28,28672,157.29917554627954
0,1024,1,12,temporal,0.024467,0.569532,28,28672,-173.65307259578833
0,1024,1,12,static,0.096095,0.640398,264,270336,-173.65307259578833
0,1024,1,13,static,0.066751,0.759429,265,271360,151.72050262562405
0,1024,1,13,temporal,0.033811,0.592556,28,28672,151.72050262562405
0,1024,1,14,temporal,0.031147,0.573777,28,28672,-195.22530412854243
0,1024,1,14,static,0.149526,0.692127,263,269312,-195.22530412854243
0,1024,1,15,static,0.109165,0.675251,266,272384,138.7586014750787
0,1024,1,15,temporal,0.03259,0.755453,28,28672,138.7586014750787
0,1024,1,16,temporal,0.03287,0.570954,28,28672,-6.455350305758283
0,1024,1,16,static,0.08609,0.65478,264,270336,-6.455350305758283
0,1024,1,17,static,0.072329,0.637043,264,270336,-13.61222888610076
0,1024,1,17,temporal,0.044678,0.584234,28,28672,-13.61222888610076
0,1024,1,18,temporal,0.021542,0.57539,28,28672,-248.27850467632837
0,1024,1,18,static,0.071618,0.608951,264,270336,-248.27850467632837
0,1024,1,19,static,0.067392,0.623413,264,270336,-138.71161618630708
0,1024,1,19,temporal,0.024658,0.562631,28,28672,-138.71161618630708
0,1024,1,20,temporal,0.023836,0.600148,28,28672,213.41343865724042
0,1024,1,20,static,0.113181,0.677344,264,270336,213.41343865724042
0,1024,1,21,static,0.078438,0.620709,265,271360,186.9775739150411
0,1024,1,21,temporal,0.023776,0.584685,28,28672,186.9775739150411
0,1024,1,22,temporal,0.026701,0.583913,27,27648,-140.0030566887032
0,1024,1,22,static,0.080501,0.619396,265,271360,-140.0030566887032
0,1024,1,23,static,0.07305,0.629752,264,270336,184.1436765035487
0,1024,1,23,temporal,0.024117,0.583493,28,28672,184.1436765035487
0,1024,1,24,temporal,0.024958,0.583002,28,28672,99.7424398269
0,1024,1,24,static,0.077226,0.633388,266,272384,99.7424398269
0,1024,1,25,static,0.07263,0.755613,265,271360,125.51251331258727
0,1024,1,25,temporal,0.036134,0.60175,28,28672,125.51251331258727
0,1024,1,26,temporal,0.034132,0.582081,28,28672,103.85382422230303
0,1024,1,26,static,0.088224,0.681471,265,271360,103.85382422230303
0,1024,1,27,static,0.111268,0.694651,263,269312,188.6714748460224
0,1024,1,27,temporal,0.028864,0.559306,27,27648,188.6714748460224
0,1024,1,28,temporal,0.047521,0.583041,28,28672,195.80996510912587
0,1024,1,28,static,0.080602,0.710595,263,269312,195.80996510912587
0,1024,1,29,static,0.090066,0.623133,264,270336,34.06952676770362
0,1024,1,29,temporal,0.023796,0.572916,28,28672,34.06952676770362
0,1024,1,30,temporal,0.023796,0.587318,28,28672,178.66928248152354
0,1024,1,30,static,0.07958,0.614469,264,270336,178.66928248152354
0,1024,1,31,static,0.071808,0.620268,266,272384,123.1710884189406
0,1024,1,31,temporal,0.024036,0.55579,28,28672,123.1710884189406
0,1024,1,32,temporal,0.023225,0.718016,28,28672,14.338568864409044
0,1024,1,32,static,0.09289,0.64832,264,270336,14.338568864409044
0,1024,1,33,static,0.108564,0.660418,266,272384,138.7586014750787
0,1024,1,33,temporal,0.028794,0.575601,28,28672,138.7586014750787
0,1024,1,34,temporal,0.024768,0.572005,28,28672,79.90134622067596
0,1024,1,34,static,0.085449,0.618055,264,270336,79.90134622067596
0,1024,1,35,static,0.096055,0.64174,266,272384,222.4772167646162
0,1024,1,35,temporal,0.025389,0.552926,28,28672,222.4772167646162
0,1024,1,36,temporal,0.022874,0.566957,28,28672,-70.08850019364401
0,1024,1,36,static,0.112269,0.658205,266,272384,-70.08850019364401
0,1024,1,37,static,0.081413,0.618666,264,270336,-133.13724617456614
0,1024,1,37,temporal,0.024847,0.568219,28,28672,-133.13724617456614
0,1024,1,38,temporal,0.023856,0.556852,28,28672,-39.834798714834676
0,1024,1,38,static,0.088954,0.635511,266,272384,-39.834798714834676
0,1024,1,39,static,0.077537,0.62867,265,271360,89.61987157301807
0,1024,1,39,temporal,0.025037,0.573978,28,28672,89.61987157301807
0,1024,1,40,temporal,0.024978,0.573317,28,28672,28.673869677212142
0,1024,1,40,static,0.095464,0.625766,264,270336,28.673869677212142
0,1024,1,41,static,0.077708,0.629933,263,269312,199.2590467434593
0,1024,1,41,temporal,0.024167,0.569161,28,28672,199.2590467434593
0,1024,1,42,temporal,0.021723,0.552435,28,28672,-101.93271596363317
0,1024,1,42,static,0.073051,0.618286,266,272384,-101.93271596363317
0,1024,1,43,static,0.088484,0.638766,266,272384,174.96417984494238
0,1024,1,43,temporal,0.024347,0.572396,28,28672,174.96417984494238
0,1024,1,44,temporal,0.024146,0.570343,28,28672,181.4449673814687
0,1024,1,44,static,0.076496,0.606027,264,270336,181.4449673814687
0,1024,1,45,static,0.099711,0.650083,263,269312,244.08739719782085
0,1024,1,45,temporal,0.026149,0.554989,28,28672,244.08739719782085
0,1024,1,46,temporal,0.022765,0.569391,28,28672,-53.35603905548028
0,1024,1,46,static,0.123617,0.673599,266,272384,-53.35603905548028
0,1024,1,47,static,0.074903,0.608691,265,271360,-247.08829200577625
0,1024,1,47,temporal,0.023235,0.567448,28,28672,-247.08829200577625
0,1024,1,48,temporal,0.022814,0.559516,28,28672,40.45785749438763
0,1024,1,48,static,0.076836,0.629812,264,270336,40.45785749438763
0,1024,1,49,static,0.068714,0.621991,264,270336,204.13039866695618
0,1024,1,49,temporal,0.022514,0.575731,28,28672,204.13039866695618
0,1024,1,50,temporal,0.022644,0.571824,28,28672,160.89841954372287
0,1024,1,50,static,0.069455,0.60165,266,272384,160.89841954372287
0,1024,1,51,static,0.069535,0.61484,265,271360,59.69788219079578
0,1024,1,51,temporal,0.023516,0.678877,28,28672,59.69788219079578
0,1024,1,52,temporal,0.029114,0.562061,28,28672,116.57760762526692
0,1024,1,52,static,0.069916,0.617184,265,271360,116.57760762526692
0,1024,1,53,static,0.078319,0.628832,264,270336,17.612642682769735
0,1024,1,53,temporal,0.040992,0.567939,28,28672,17.612642682769735
0,1024,1,54,temporal,0.022314,0.567278,28,28672,185.98877202256475
0,1024,1,54,static,0.075454,0.602862,266,272384,185.98877202256475
0,1024,1,55,static,0.090267,0.716364,264,270336,47.15174156073637
0,1024,1,55,temporal,0.271891,0.908064,28,28672,47.15174156073637
0,1024,1,56,temporal,0.033992,0.634961,28,28672,17.304144164303295
0,1024,1,56,static,0.144398,0.690755,264,270336,17.304144164303295
0,1024,1,57,static,0.109706,0.671095,264,270336,161.8619219446678
0,1024,1,57,temporal,0.028874,0.569041,28,28672,161.8619219446678
0,1024,1,58,temporal,0.024307,0.583473,28,28672,-15.377266773144228
0,1024,1,58,static,0.088514,0.724707,266,272384,-15.377266773144228
0,1024,1,59,static,0.083496,0.649282,264,270336,130.11064063420463
0,1024,1,59,temporal,0.033931,0.595431,28,28672,130.11064063420463
0,1024,1,60,temporal,0.023375,0.584303,28,28672,173.01738943858015
0,1024,1,60,static,0.076485,0.618886,264,270336,173.01738943858015
0,1024,1,61,static,0.071559,0.640028,266,272384,187.00309934378419
0,1024,1,61,temporal,0.023405,0.566697,28,28672,187.00309934378419
0,1024,1,62,temporal,0.020761,0.579096,28,28672,136.65597964423986
0,1024,1,62,static,0.096395,0.657274,264,270336,136.65597964423986
0,1024,1,63,static,0.151459,0.701471,263,269312,150.2868273047207
0,1024,1,63,temporal,0.026249,0.607889,28,28672,150.2868273047207
0,1024,1,64,temporal,0.027572,0.589352,28,28672,203.9131611215392
0,1024,1,64,static,0.090297,0.633819,265,271360,203.9131611215392
0,1024,1,65,static,0.079881,0.699728,263,269312,216.94688901395594
0,1024,1,65,temporal,0.032249,0.594028,28,28672,216.94688901395594
0,1024,1,66,temporal,0.074012,0.616853,28,28672,198.79177445253723
0,1024,1,66,static,0.103526,0.664605,266,272384,198.79177445253723
0,1024,1,67,static,0.080862,0.627759,266,272384,-242.52351685464836
0,1024,1,67,temporal,0.022955,0.579316,28,28672,-242.52351685464836
0,1024,1,68,temporal,0.023306,0.657795,28,28672,-239.14193162775825
0,1024,1,68,static,0.09255,0.666118,264,270336,-239.14193162775825
0,1024,1,69,static,0.094523,0.66138,265,271360,-141.82824968575807
0,1024,1,69,temporal,0.030296,0.587549,28,28672,-141.82824968575807
0,1024,1,70,temporal,0.023755,0.568469,28,28672,216.94412529784228
0,1024,1,70,static,0.088254,0.645647,262,268288,216.94412529784228
0,1024,1,71,static,0.078139,0.686208,263,269312,157.0522956021272
0,1024,1,71,temporal,0.056155,0.618736,28,28672,157.0522956021272
0,1024,1,72,temporal,0.025398,0.583092,28,28672,-208.55629601807445
0,1024,1,72,static,0.076656,0.730064,264,270336,-208.55629601807445
0,1024,1,73,static,0.108354,0.649232,265,271360,49.509567300271975
0,1024,1,73,temporal,0.024167,0.579527,28,28672,49.509567300271975
0,1024,1,74,temporal,0.023997,0.561049,28,28672,-142.35481321392524
0,1024,1,74,static,0.072159,0.686979,264,270336,-142.35481321392524
0,1024,1,75,static,0.07938,0.657855,266,272384,31.8417090067649
0,1024,1,75,temporal,0.026219,0.663123,28,28672,31.8417090067649
0,1024,1,76,temporal,0.032689,0.604794,28,28672,22.74481710135997
0,1024,1,76,static,0.099971,0.637283,264,270336,22.74481710135997
0,1024,1,77,static,0.102775,0.643844,264,270336,-6.455350305758283
0,1024,1,77,temporal,0.024747,0.638786,28,28672,-6.455350305758283
0,1024,1,78,temporal,0.03283,0.588621,28,28672,-138.54400842191237
0,1024,1,78,static,0.09919,0.836906,264,270336,-138.54400842191237
0,1024,1,79,static,0.097057,0.737275,266,272384,139.66125854483016
0,1024,1,79,temporal,0.033881,0.60187,28,28672,139.66125854483016
0,1024,1,80,temporal,0.025969,0.557102,28,28672,147.13250685287153
0,1024,1,80,static,0.089996,1.036287,264,270336,147.13250685287153
0,1024,1,81,static,0.101353,0.69409,266,272384,145.93771308552442
0,1024,1,81,temporal,0.030065,0.643834,28,28672,145.93771308552442
0,1024,1,82,temporal,0.060492,0.604174,28,28672,199.9204513679998
0,1024,1,82,static,0.073922,0.632918,266,272384,199.9204513679998
0,1024,1,83,static,0.118018,0.736965,266,272384,138.7586014750787
0,1024,1,83,temporal,0.060311,0.657905,28,28672,138.7586014750787
0,1024,1,84,temporal,0.028663,0.612396,28,28672,183.8018092614473
0,1024,1,84,static,0.073211,0.671495,266,272384,183.8018092614473
0,1024,1,85,static,0.129606,0.676123,265,271360,-64.11702375452147
0,1024,1,85,temporal,0.0263,0.582631,28,28672,-64.11702375452147
0,1024,1,86,temporal,0.023756,0.564274,28,28672,-31.619896031618882
0,1024,1,86,static,0.081954,0.635632,263,269312,-31.619896031618882
0,1024,1,87,static,0.084909,0.658476,265,271360,-132.47046471741788
0,1024,1,87,temporal,0.02645,0.564774,28,28672,-132.47046471741788
0,1024,1,88,temporal,0.022784,0.584624,28,28672,184.1436765035487
0,1024,1,88,static,0.078458,0.618185,264,270336,184.1436765035487
0,1024,1,89,static,0.085109,0.649252,266,272384,186.06425994057014
0,1024,1,89,temporal,0.025218,0.584524,28,28672,186.06425994057014
0,1024,1,90,temporal,0.025269,0.598396,28,28672,232.6508948075365
0,1024,1,90,static,0.09926,0.664655,266,272384,232.6508948075365
0,1024,1,91,static,0.093341,0.636102,264,270336,-26.310872282578796
0,1024,1,91,temporal,0.025428,0.589471,28,28672,-26.310872282578796
0,1024,1,92,temporal,0.023726,0.592246,28,28672,224.38964901253473
0,1024,1,92,static,0.093351,0.809334,266,272384,224.38964901253473
0,1024,1,93,static,0.150207,0.726469,263,269312,-118.96823822950552
0,1024,1,93,temporal,0.028593,0.593217,28,28672,-118.96823822950552
0,1024,1,94,temporal,0.024457,0.569341,28,28672,52.941718786519104
0,1024,1,94,static,0.085459,0.657224,266,272384,52.941718786519104
0,1024,1,95,static,0.087072,0.740841,266,272384,152.32079643042792
0,1024,1,95,temporal,0.033821,0.587128,28,28672,152.32079643042792
0,1024,1,96,temporal,0.022885,0.589472,28,28672,-235.99056056161305
0,1024,1,96,static,0.101894,0.670444,264,270336,-235.99056056161305
0,1024,1,97,static,0.089154,0.63474,266,272384,0.9652392614501479
0,1024,1,97,temporal,0.025138,0.593979,28,28672,0.9652392614501479
0,1024,1,98,temporal,0.024016,0.567158,28,28672,47.02846808501521
0,1024,1,98,static,0.071668,0.637814,264,270336,47.02846808501521
0,1024,1,99,static,0.095154,0.6612,264,270336,156.82339295333009
0,1024,1,99,temporal,0.026299,0.59497,28,28672,156.82339295333009
0,1024,1,100,temporal,0.025348,0.583823,28,28672,226.21612431199702
0,1024,1,100,static,0.097658,0.663324,266,272384,226.21612431199702
0,1024,1,101,static,0.077698,0.713319,264,270336,158.743244046152
0,1024,1,101,temporal,0.03316,0.617213,28,28672,158.743244046152
0,1024,1,102,temporal,0.02634,0.577143,28,28672,-175.35839861456446
0,1024,1,102,static,0.096376,0.665306,265,271360,-175.35839861456446
0,1024,1,103,static,0.097257,0.666078,264,270336,117.63990080373301
0,1024,1,103,temporal,0.026521,0.570854,28,28672,117.63990080373301
0,1024,1,104,temporal,0.023596,0.653578,28,28672,-9.514064883294628
0,1024,1,104,static,0.085699,1.488501,265,271360,-9.514064883294628
0,1024,1,105,static,0.105619,0.666438,266,272384,-114.55722463555009
0,1024,1,105,temporal,0.029624,0.578905,28,28672,-114.55722463555009
0,1024,1,106,temporal,0.024346,0.639547,28,28672,110.60073492243154
0,1024,1,106,static,0.182346,0.717836,264,270336,110.60073492243154
0,1024,1,107,static,0.081974,0.641561,264,270336,203.71297190325635
0,1024,1,107,temporal,0.025288,0.556071,28,28672,203.71297190325635
0,1024,1,108,temporal,0.029675,0.582722,28,28672,44.79036278996305
0,1024,1,108,static,0.15857,0.710575,264,270336,44.79036278996305
0,1024,1,109,static,0.094052,0.6282,263,269312,-118.96823822950552
0,1024,1,109,temporal,0.024017,0.64792,28,28672,-118.96823822950552
0,1024,1,110,temporal,0.034702,0.559146,28,28672,23.41029769021161
0,1024,1,110,static,0.08631,0.762613,263,269312,23.41029769021161
0,1024,1,111,static,0.078139,0.6345,266,272384,-101.93271596363317
0,1024,1,111,temporal,0.025819,0.569311,28,28672,-101.93271596363317
0,1024,1,112,temporal,0.041753,0.574729,28,28672,-212.24225208712045
0,1024,1,112,static,0.095635,0.709072,264,270336,-212.24225208712045
0,1024,1,113,static,0.102776,0.630233,263,269312,5.6240892362932975
0,1024,1,113,temporal,0.025408,0.566927,27,27648,5.6240892362932975
0,1024,1,114,temporal,0.024187,0.569972,28,28672,-234.77699292104737
0,1024,1,114,static,0.081874,0.628711,264,270336,-234.77699292104737
0,1024,1,115,static,0.106031,0.650043,262,268288,-28.612074070412977
0,1024,1,115,temporal,0.028243,0.603362,28,28672,-28.612074070412977
0,1024,1,116,temporal,0.028003,0.590824,28,28672,-248.3850886284499
0,1024,1,116,static,0.075134,0.623343,264,270336,-248.3850886284499
0,1024,1,117,static,0.096446,0.62787,267,273408,211.6502687099367
0,1024,1,117,temporal,0.027843,0.572436,28,28672,211.6502687099367
0,1024,1,118,temporal,0.025578,0.573357,28,28672,-152.48226335483682
0,1024,1,118,static,0.105069,0.631455,264,270336,-152.48226335483682
0,1024,1,119,static,0.071027,0.703534,265,271360,-244.9378158920915
0,1024,1,119,temporal,0.03286,0.559076,28,28672,-244.9378158920915
0,1024,2,0,static,0.089796,0.634269,263,269312,-128.89151964409385
0,1024,2,0,temporal,0.027311,0.569451,28,28672,-128.89151964409385
0,1024,2,1,temporal,0.025559,0.571895,28,28672,-216.18254822519143
0,1024,2,1,static,0.09254,0.639938,265,271360,-216.18254822519143
0,1024,2,2,static,0.089285,0.735523,265,271360,-178.54661235659438
0,1024,2,2,temporal,0.039029,0.57531,28,28672,-178.54661235659438
0,1024,2,3,temporal,0.025368,0.577764,28,28672,-64.42694054820143
0,1024,2,3,static,0.081243,0.614129,264,270336,-64.42694054820143
0,1024,2,4,static,0.184348,0.779839,266,272384,133.8070028710446
0,1024,2,4,temporal,0.032639,0.580017,28,28672,133.8070028710446
0,1024,2,5,temporal,0.025569,0.55509,28,28672,-131.33407469793192
0,1024,2,5,static,0.092039,0.637133,262,268288,-131.33407469793192
0,1024,2,6,static,0.070476,0.604194,266,272384,-71.55373290697958
0,1024,2,6,temporal,0.030376,0.571715,27,27648,-71.55373290697958
0,1024,2,7,temporal,0.023405,0.66107,28,28672,-116.13079642960425
0,1024,2,7,static,0.091359,0.646939,265,271360,-116.13079642960425
0,1024,2,8,static,0.093632,0.642813,264,270336,-212.24225208712045
0,1024,2,8,temporal,0.025318,0.576692,28,28672,-212.24225208712045
0,1024,2,9,temporal,0.023887,0.556823,28,28672,-244.06798176021272
0,1024,2,9,static,0.07903,0.745228,263,269312,-244.06798176021272
0,1024,2,10,static,0.082675,0.616002,266,272384,-219.92116318415452
0,1024,2,10,temporal,0.042864,0.591995,28,28672,-219.92116318415452
0,1024,2,11,temporal,0.022704,0.56905,28,28672,157.29917554627954
0,1024,2,11,static,0.073941,0.60826,266,272384,157.29917554627954
0,1024,2,12,static,0.096276,0.73358,264,270336,-173.65307259578833
0,1024,2,12,temporal,0.03301,0.594208,28,28672,-173.65307259578833
0,1024,2,13,temporal,0.025709,0.5552,28,28672,151.72050262562405
0,1024,2,13,static,0.071799,0.690965,265,271360,151.72050262562405
0,1024,2,14,static,0.104858,0.670013,263,269312,-195.22530412854243
0,1024,2,14,temporal,0.027141,0.559336,28,28672,-195.22530412854243
0,1024,2,15,temporal,0.02601,0.577373,28,28672,138.7586014750787
0,1024,2,15,static,0.113101,0.647669,266,272384,138.7586014750787
0,1024,2,16,static,0.08623,0.635531,264,270336,-6.455350305758283
0,1024,2,16,temporal,0.024046,0.565105,28,28672,-6.455350305758283
0,1024,2,17,temporal,0.023266,0.611575,28,28672,-13.61222888610076
0,1024,2,17,static,0.082855,0.646908,264,270336,-13.61222888610076
0,1024,2,18,static,0.071638,0.599697,264,270336,-248.27850467632837
0,1024,2,18,temporal,0.023416,0.566437,28,28672,-248.27850467632837
0,1024,2,19,temporal,0.022634,0.56873,28,28672,-138.71161618630708
0,1024,2,19,static,0.07259,0.598686,264,270336,-138.71161618630708
0,1024,2,20,static,0.106901,0.656222,264,270336,213.41343865724042
0,1024,2,20,temporal,0.027702,0.57542,28,28672,213.41343865724042
0,1024,2,21,temporal,0.024658,0.567539,28,28672,186.9775739150411
0,1024,2,21,static,0.080011,0.624594,265,271360,186.9775739150411
0,1024,2,22,static,0.080181,0.613748,265,271360,-140.0030566887032
0,1024,2,22,temporal,0.024216,0.570673,27,27648,-140.0030566887032
0,1024,2,23,temporal,0.021883,0.552716,28,28672,184.1436765035487
0,1024,2,23,static,0.076206,0.617474,264,270336,184.1436765035487
0,1024,2,24,static,0.074983,0.634239,266,272384,99.7424398269
0,1024,2,24,temporal,0.025178,0.551724,28,28672,99.7424398269
0,1024,2,25,temporal,0.022423,0.564113,28,28672,125.51251331258727
0,1024,2,25,static,0.076986,0.634028,265,271360,125.51251331258727
0,1024,2,26,static,0.086721,0.632587,265,271360,103.85382422230303
0,1024,2,26,temporal,0.02656,0.554919,28,28672,103.85382422230303
0,1024,2,27,temporal,0.04597,0.600609,27,27648,188.6714748460224
0,1024,2,27,static,0.106361,0.656493,263,269312,188.6714748460224
0,1024,2,28,static,0.076375,0.613337,263,269312,195.80996510912587
0,1024,2,28,temporal,0.022704,0.574449,28,28672,195.80996510912587
0,1024,2,29,temporal,0.02641,0.575821,28,28672,34.06952676770362
0,1024,2,29,static,0.078469,0.612877,264,270336,34.06952676770362
0,1024,2,30,static,0.07271,0.62202,264,270336,178.66928248152354
0,1024,2,30,temporal,0.023386,0.576202,28,28672,178.66928248152354
0,1024,2,31,temporal,0.023555,0.684365,28,28672,123.1710884189406
0,1024,2,31,static,0.080882,0.78066,266,272384,123.1710884189406
0,1024,2,32,static,0.094753,0.62787,264,270336,14.338568864409044
0,1024,2,32,temporal,0.02665,0.593447,28,28672,14.338568864409044
0,1024,2,33,temporal,0.028593,0.640028,28,28672,138.7586014750787
0,1024,2,33,static,0.115455,0.665467,266,272384,138.7586014750787
0,1024,2,34,static,0.083717,0.626678,264,270336,79.90134622067596
0,1024,2,34,temporal,0.025709,0.565536,28,28672,79.90134622067596
0,1024,2,35,temporal,0.02606,0.556252,28,28672,222.4772167646162
0,1024,2,35,static,0.095244,0.636953,266,272384,222.4772167646162
0,1024,2,36,static,0.090818,0.617975,266,272384,-70.08850019364401
0,1024,2,36,temporal,0.024427,0.562621,28,28672,-70.08850019364401
0,1024,2,37,temporal,0.025118,0.589171,28,28672,-133.13724617456614
0,1024,2,37,static,0.086982,0.798718,264,270336,-133.13724617456614
0,1024,2,38,static,0.099861,0.725928,266,272384,-39.834798714834676
0,1024,2,38,temporal,0.034171,0.602461,28,28672,-39.834798714834676
0,1024,2,39,temporal,0.026199,0.553607,28,28672,89.61987157301807
0,1024,2,39,static,0.207063,0.989326,265,271360,89.61987157301807
0,1024,2,40,static,0.112981,0.689423,264,270336,28.673869677212142
0,1024,2,40,temporal,0.029805,0.564684,28,28672,28.673869677212142
0,1024,2,41,temporal,0.024998,0.593207,28,28672,199.2590467434593
0,1024,2,41,static,0.083537,0.642722,263,269312,199.2590467434593
0,1024,2,42,static,0.071428,0.607719,266,272384,-101.93271596363317
0,1024,2,42,temporal,0.085018,0.65448,28,28672,-101.93271596363317
0,1024,2,43,temporal,0.029344,0.598435,28,28672,174.96417984494238
0,1024,2,43,static,0.091408,0.622812,266,272384,174.96417984494238
0,1024,2,44,static,0.077748,0.710435,264,270336,181.4449673814687
0,1024,2,44,temporal,0.03321,0.569211,28,28672,181.4449673814687
0,1024,2,45,temporal,0.053331,0.594048,28,28672,244.08739719782085
0,1024,2,45,static,0.09898,0.649022,263,269312,244.08739719782085
0,1024,2,46,static,0.087943,0.645276,266,272384,-53.35603905548028
0,1024,2,46,temporal,0.02616,0.572696,28,28672,-53.35603905548028
0,1024,2,47,temporal,0.024297,0.566617,28,28672,-247.08829200577625
0,1024,2,47,static,0.074092,0.664074,265,271360,-247.08829200577625
0,1024,2,48,static,0.084388,0.663444,264,270336,40.45785749438763
0,1024,2,48,temporal,0.027141,0.555531,28,28672,40.45785749438763
0,1024,2,49,temporal,0.021293,0.571745,28,28672,204.13039866695618
0,1024,2,49,static,0.090697,0.637103,264,270336,204.13039866695618
0,1024,2,50,static,0.068694,0.605756,266,272384,160.89841954372287
0,1024,2,50,temporal,0.024136,0.566837,28,28672,160.89841954372287
0,1024,2,51,temporal,0.022855,0.550393,28,28672,59.69788219079578
0,1024,2,51,static,0.075554,0.616853,265,271360,59.69788219079578
0,1024,2,52,static,0.069876,0.798498,265,271360,116.57760762526692
0,1024,2,52,temporal,0.035234,0.670995,28,28672,116.57760762526692
0,1024,2,53,temporal,0.032519,0.600819,28,28672,17.612642682769735
0,1024,2,53,static,0.084257,0.632757,264,270336,17.612642682769735
0,1024,2,54,static,0.077447,0.681371,266,272384,185.98877202256475
0,1024,2,54,temporal,0.030987,0.59458,28,28672,185.98877202256475
0,1024,2,55,temporal,0.027251,0.651225,28,28672,47.15174156073637
0,1024,2,55,static,0.106761,0.699918,264,270336,47.15174156073637
0,1024,2,56,static,0.09245,0.66803,264,270336,17.304144164303295
0,1024,2,56,temporal,0.026861,0.575901,28,28672,17.304144164303295
0,1024,2,57,temporal,0.025689,0.630153,28,28672,161.8619219446678
0,1024,2,57,static,0.116987,0.706118,264,270336,161.8619219446678
0,1024,2,58,static,0.091348,0.645176,266,272384,-15.377266773144228
0,1024,2,58,temporal,0.027451,0.580968,28,28672,-15.377266773144228
0,1024,2,59,temporal,0.023926,0.573568,28,28672,130.11064063420463
0,1024,2,59,static,0.07936,0.612236,264,270336,130.11064063420463
0,1024,2,60,static,0.071238,0.61457,264,270336,173.01738943858015
0,1024,2,60,temporal,0.023065,0.54891,28,28672,173.01738943858015
0,1024,2,61,temporal,0.037506,0.56895,28,28672,187.00309934378419
0,1024,2,61,static,0.074212,0.625867,266,272384,187.00309934378419
0,1024,2,62,static,0.073942,1.743627,264,270336,136.65597964423986
0,1024,2,62,temporal,0.050747,0.622812,28,28672,136.65597964423986
0,1024,2,63,temporal,0.027071,0.66796,28,28672,150.2868273047207
0,1024,2,63,static,0.084438,0.606868,263,269312,150.2868273047207
0,1024,2,64,static,0.095345,0.659588,265,271360,203.9131611215392
0,1024,2,64,temporal,0.052239,0.604324,28,28672,203.9131611215392
0,1024,2,65,temporal,0.025318,0.540978,28,28672,216.94688901395594
0,1024,2,65,static,0.087412,0.642371,263,269312,216.94688901395594
0,1024,2,66,static,0.114863,0.709653,266,272384,198.79177445253723
0,1024,2,66,temporal,0.041803,0.569612,28,28672,198.79177445253723
0,1024,2,67,temporal,0.023846,0.581941,28,28672,-242.52351685464836
0,1024,2,67,static,0.083527,0.628371,266,272384,-242.52351685464836
0,1024,2,68,static,0.082835,0.641961,264,270336,-239.14193162775825
0,1024,2,68,temporal,0.026601,0.570904,28,28672,-239.14193162775825
0,1024,2,69,temporal,0.030155,0.627699,28,28672,-141.82824968575807
0,1024,2,69,static,0.163397,0.723685,265,271360,-141.82824968575807
0,1024,2,70,static,0.088764,0.849715,262,268288,216.94412529784228
0,1024,2,70,temporal,0.065489,0.664035,28,28672,216.94412529784228
0,1024,2,71,temporal,0.032189,0.599016,28,28672,157.0522956021272
0,1024,2,71,static,0.080662,0.635712,263,269312,157.0522956021272
0,1024,2,72,static,0.080401,0.674019,264,270336,-208.55629601807445
0,1024,2,72,temporal,0.031037,0.583563,28,28672,-208.55629601807445
0,1024,2,73,temporal,0.025578,0.549761,28,28672,49.509567300271975
0,1024,2,73,static,0.100132,0.757356,265,271360,49.509567300271975
0,1024,2,74,static,0.080301,0.78671,264,270336,-142.35481321392524
0,1024,2,74,temporal,0.034202,0.596823,28,28672,-142.35481321392524
0,1024,2,75,temporal,0.025629,0.554919,28,28672,31.8417090067649
0,1024,2,75,static,0.155345,0.725788,266,272384,31.8417090067649
0,1024,2,76,static,0.096656,0.728262,264,270336,22.74481710135997
0,1024,2,76,temporal,0.033641,0.586738,28,28672,22.74481710135997
0,1024,2,77,temporal,0.025078,0.580358,28,28672,-6.455350305758283
0,1024,2,77,static,0.08559,0.615121,264,270336,-6.455350305758283
0,1024,2,78,static,0.111338,0.642852,264,270336,-138.54400842191237
0,1024,2,78,temporal,0.025318,0.64139,28,28672,-138.54400842191237
0,1024,2,79,temporal,0.031318,0.55498,28,28672,139.66125854483016
0,1024,2,79,static,0.087141,0.627979,266,272384,139.66125854483016
0,1024,2,80,static,0.08569,0.644906,264,270336,147.13250685287153
0,1024,2,80,temporal,0.025839,0.603092,28,28672,147.13250685287153
0,1024,2,81,temporal,0.031357,0.606998,28,28672,145.93771308552442
0,1024,2,81,static,0.094693,0.62165,266,272384,145.93771308552442
0,1024,2,82,static,0.06613,0.719879,266,272384,199.9204513679998
0,1024,2,82,temporal,0.032209,0.642552,28,28672,199.9204513679998
0,1024,2,83,temporal,0.033781,0.623092,28,28672,138.7586014750787
0,1024,2,83,static,0.125059,0.688992,266,272384,138.7586014750787
0,1024,2,84,static,0.070537,0.622131,266,272384,183.8018092614473
0,1024,2,84,temporal,0.024698,0.558455,28,28672,183.8018092614473
0,1024,2,85,temporal,0.024097,0.569522,28,28672,-64.11702375452147
0,1024,2,85,static,0.091979,0.621339,265,271360,-64.11702375452147
0,1024,2,86,static,0.094403,0.649582,263,269312,-31.619896031618882
0,1024,2,86,temporal,0.025488,0.569831,28,28672,-31.619896031618882
0,1024,2,87,temporal,0.023506,0.554449,28,28672,-132.47046471741788
0,1024,2,87,static,0.081163,0.625045,265,271360,-132.47046471741788
0,1024,2,88,static,0.076526,0.610894,264,270336,184.1436765035487
0,1024,2,88,temporal,0.023946,0.682743,28,28672,184.1436765035487
0,1024,2,89,temporal,0.032289,0.577674,28,28672,186.06425994057014
0,1024,2,89,static,0.090397,0.635251,266,272384,186.06425994057014
0,1024,2,90,static,0.099631,0.642061,266,272384,232.6508948075365
0,1024,2,90,temporal,0.025789,0.659338,28,28672,232.6508948075365
0,1024,2,91,temporal,0.033711,0.564093,28,28672,-26.310872282578796
0,1024,2,91,static,0.095664,0.638435,264,270336,-26.310872282578796
0,1024,2,92,static,0.095975,0.710815,266,272384,224.38964901253473
0,1024,2,92,temporal,0.035103,0.584274,28,28672,224.38964901253473
0,1024,2,93,temporal,0.02629,0.574699,28,28672,-118.96823822950552
0,1024,2,93,static,0.094183,0.616132,263,269312,-118.96823822950552
0,1024,2,94,static,0.078669,0.625056,266,272384,52.941718786519104
0,1024,2,94,temporal,0.027512,0.564163,28,28672,52.941718786519104
0,1024,2,95,temporal,0.025418,0.68113,28,28672,152.32079643042792
0,1024,2,95,static,0.097427,0.683173,266,272384,152.32079643042792
0,1024,2,96,static,0.081694,0.664375,264,270336,-235.99056056161305
0,1024,2,96,temporal,0.027432,0.550863,28,28672,-235.99056056161305
0,1024,2,97,temporal,0.023696,0.580208,28,28672,0.9652392614501479
0,1024,2,97,static,0.093682,0.620639,266,272384,0.9652392614501479
0,1024,2,98,static,0.075204,0.649292,264,270336,47.02846808501521
0,1024,2,98,temporal,0.026039,0.584924,28,28672,47.02846808501521
0,1024,2,99,temporal,0.029134,0.57525,28,28672,156.82339295333009
0,1024,2,99,static,0.100131,0.664966,264,270336,156.82339295333009
0,1024,2,100,static,0.095936,0.625376,266,272384,226.21612431199702
0,1024,2,100,temporal,0.028033,0.584154,28,28672,226.21612431199702
0,1024,2,101,temporal,0.027631,0.596332,28,28672,158.743244046152
0,1024,2,101,static,0.081413,0.607799,264,270336,158.743244046152
0,1024,2,102,static,0.078219,0.641851,265,271360,-175.35839861456446
0,1024,2,102,temporal,0.0264,0.572586,28,28672,-175.35839861456446
0,1024,2,103,temporal,0.05332,0.592235,28,28672,117.63990080373301
0,1024,2,103,static,0.096887,0.653108,264,270336,117.63990080373301
0,1024,2,104,static,0.076626,0.604204,265,271360,-9.514064883294628
0,1024,2,104,temporal,0.022764,0.577714,28,28672,-9.514064883294628
0,1024,2,105,temporal,0.024156,0.554799,28,28672,-114.55722463555009
0,1024,2,105,static,0.102755,0.648951,266,272384,-114.55722463555009
0,1024,2,106,static,0.073781,0.638686,264,270336,110.60073492243154
0,1024,2,106,temporal,0.025989,0.551494,28,28672,110.60073492243154
0,1024,2,107,temporal,0.028643,0.60215,28,28672,203.71297190325635
0,1024,2,107,static,0.076876,0.658826,264,270336,203.71297190325635
0,1024,2,108,static,0.115134,0.643113,264,270336,44.79036278996305
0,1024,2,108,temporal,0.02649,0.587809,28,28672,44.79036278996305
0,1024,2,109,temporal,0.026079,0.666648,28,28672,-118.96823822950552
0,1024,2,109,static,0.131059,0.672868,263,269312,-118.96823822950552
0,1024,2,110,static,0.143337,0.80021,263,269312,23.41029769021161
0,1024,2,110,temporal,0.034312,0.591164,28,28672,23.41029769021161
0,1024,2,111,temporal,0.025538,0.566336,28,28672,-101.93271596363317
0,1024,2,111,static,0.071929,0.696874,266,272384,-101.93271596363317
0,1024,2,112,static,0.099972,0.725017,264,270336,-212.24225208712045
0,1024,2,112,temporal,0.034783,0.570082,28,28672,-212.24225208712045
0,1024,2,113,temporal,0.024247,0.585265,27,27648,5.6240892362932975
0,1024,2,113,static,0.107292,0.647519,263,269312,5.6240892362932975
0,1024,2,114,static,0.081524,0.654039,264,270336,-234.77699292104737
0,1024,2,114,temporal,0.028383,0.669042,28,28672,-234.77699292104737
0,1024,2,115,temporal,0.033281,0.590313,28,28672,-28.612074070412977
0,1024,2,115,static,0.109716,0.680068,262,268288,-28.612074070412977
0,1024,2,116,static,0.077256,0.974353,264,270336,-248.3850886284499
0,1024,2,116,temporal,0.039019,0.610773,28,28672,-248.3850886284499
0,1024,2,117,temporal,0.030867,0.56186,28,28672,211.6502687099367
0,1024,2,117,static,0.220584,0.782654,267,273408,211.6502687099367
0,1024,2,118,static,0.290168,0.855393,264,270336,-152.48226335483682
0,1024,2,118,temporal,0.031047,0.561149,28,28672,-152.48226335483682
0,1024,2,119,temporal,0.023205,0.631855,28,28672,-244.9378158920915
0,1024,2,119,static,0.084948,0.643032,265,271360,-244.9378158920915
0,1024,3,0,temporal,0.027561,0.553948,28,28672,-128.89151964409385
0,1024,3,0,static,0.094092,0.708782,263,269312,-128.89151964409385
0,1024,3,1,static,0.120852,0.66811,265,271360,-216.18254822519143
0,1024,3,1,temporal,0.025719,0.550583,28,28672,-216.18254822519143
0,1024,3,2,temporal,0.022784,0.62189,28,28672,-178.54661235659438
0,1024,3,2,static,0.099852,0.630705,265,271360,-178.54661235659438
0,1024,3,3,static,0.080813,0.722113,264,270336,-64.42694054820143
0,1024,3,3,temporal,0.031467,0.600588,28,28672,-64.42694054820143
0,1024,3,4,temporal,0.025499,0.586898,28,28672,133.8070028710446
0,1024,3,4,static,0.083957,0.74758,266,272384,133.8070028710446
0,1024,3,5,static,0.100852,0.671205,262,268288,-131.33407469793192
0,1024,3,5,temporal,0.028433,0.565135,28,28672,-131.33407469793192
0,1024,3,6,temporal,0.022534,0.570523,27,27648,-71.55373290697958
0,1024,3,6,static,0.074152,0.647168,266,272384,-71.55373290697958
0,1024,3,7,static,0.100942,0.664495,265,271360,-116.13079642960425
0,1024,3,7,temporal,0.02684,0.614079,28,28672,-116.13079642960425
0,1024,3,8,temporal,0.027401,0.623923,28,28672,-212.24225208712045
0,1024,3,8,static,0.134584,0.673359,264,270336,-212.24225208712045
0,1024,3,9,static,0.081033,0.645186,263,269312,-244.06798176021272
0,1024,3,9,temporal,0.025479,0.558935,28,28672,-244.06798176021272
0,1024,3,10,temporal,0.024326,0.756744,28,28672,-219.92116318415452
0,1024,3,10,static,0.085269,0.668952,266,272384,-219.92116318415452
0,1024,3,11,static,0.074884,0.615852,266,272384,157.29917554627954
0,1024,3,11,temporal,0.022834,0.601389,28,28672,157.29917554627954
0,1024,3,12,temporal,0.027481,0.651075,28,28672,-173.65307259578833
0,1024,3,12,static,0.10551,0.646338,264,270336,-173.65307259578833
0,1024,3,13,static,0.071528,0.631755,265,271360,151.72050262562405
0,1024,3,13,temporal,0.024557,0.610984,28,28672,151.72050262562405
0,1024,3,14,temporal,0.029445,0.568951,28,28672,-195.22530412854243
0,1024,3,14,static,0.094533,0.666698,263,269312,-195.22530412854243
0,1024,3,15,static,0.111769,0.646228,266,272384,138.7586014750787
0,1024,3,15,temporal,0.027252,0.606558,28,28672,138.7586014750787
0,1024,3,16,temporal,0.025488,0.597293,28,28672,-6.455350305758283
0,1024,3,16,static,0.081083,0.635691,264,270336,-6.455350305758283
0,1024,3,17,static,0.071468,0.645175,264,270336,-13.61222888610076
0,1024,3,17,temporal,0.02635,0.565085,28,28672,-13.61222888610076
0,1024,3,18,temporal,0.048794,0.588911,28,28672,-248.27850467632837
0,1024,3,18,static,0.070527,0.640609,264,270336,-248.27850467632837
0,1024,3,19,static,0.074252,0.606077,264,270336,-138.71161618630708
0,1024,3,19,temporal,0.022575,0.591275,28,28672,-138.71161618630708
0,1024,3,20,temporal,0.027071,0.649412,28,28672,213.41343865724042
0,1024,3,20,static,0.118189,0.65482,264,270336,213.41343865724042
0,1024,3,21,static,0.076626,0.648331,265,271360,186.9775739150411
0,1024,3,21,temporal,0.025609,0.55499,28,28672,186.9775739150411
0,1024,3,22,temporal,0.022794,0.589191,27,27648,-140.0030566887032
0,1024,3,22,static,0.082124,0.636152,265,271360,-140.0030566887032
0,1024,3,23,static,0.076325,0.635471,264,270336,184.1436765035487
0,1024,3,23,temporal,0.023706,0.573277,28,28672,184.1436765035487
0,1024,3,24,temporal,0.023836,0.556792,28,28672,99.7424398269
0,1024,3,24,static,0.096025,0.632857,266,272384,99.7424398269
0,1024,3,25,static,0.075895,0.629802,265,271360,125.51251331258727
0,1024,3,25,temporal,0.023926,0.552085,28,28672,125.51251331258727
0,1024,3,26,temporal,0.022815,0.573418,28,28672,103.85382422230303
0,1024,3,26,static,0.088243,0.649542,265,271360,103.85382422230303
0,1024,3,27,static,0.156937,0.700339,263,269312,188.6714748460224
0,1024,3,27,temporal,0.028013,0.572837,27,27648,188.6714748460224
0,1024,3,28,temporal,0.023986,0.560408,28,28672,195.80996510912587
0,1024,3,28,static,0.082485,0.626257,263,269312,195.80996510912587
0,1024,3,29,static,0.101273,0.782484,264,270336,34.06952676770362
0,1024,3,29,temporal,0.029936,0.58185,28,28672,34.06952676770362
0,1024,3,30,temporal,0.025549,0.572296,28,28672,178.66928248152354
0,1024,3,30,static,0.076636,0.60857,264,270336,178.66928248152354
0,1024,3,31,static,0.071638,0.60823,266,272384,123.1710884189406
0,1024,3,31,temporal,0.023445,0.57551,28,28672,123.1710884189406
0,1024,3,32,temporal,0.025829,0.557493,28,28672,14.338568864409044
0,1024,3,32,static,0.086972,0.63434,264,270336,14.338568864409044
0,1024,3,33,static,0.103657,0.668722,266,272384,138.7586014750787
0,1024,3,33,temporal,0.028413,0.62118,28,28672,138.7586014750787
0,1024,3,34,temporal,0.029435,0.597093,28,28672,79.90134622067596
0,1024,3,34,static,0.089996,0.616903,264,270336,79.90134622067596
0,1024,3,35,static,0.113301,0.825769,266,272384,222.4772167646162
0,1024,3,35,temporal,0.041482,0.603733,28,28672,222.4772167646162
0,1024,3,36,temporal,0.030036,0.581209,28,28672,-70.08850019364401
0,1024,3,36,static,0.121774,1.682444,266,272384,-70.08850019364401
0,1024,3,37,static,0.106982,0.668752,264,270336,-133.13724617456614
0,1024,3,37,temporal,0.031147,0.542921,28,28672,-133.13724617456614
0,1024,3,38,temporal,0.024568,0.557884,28,28672,-39.834798714834676
0,1024,3,38,static,0.09309,0.645756,266,272384,-39.834798714834676
0,1024,3,39,static,0.083977,0.750235,265,271360,89.61987157301807
0,1024,3,39,temporal,0.033852,0.592056,28,28672,89.61987157301807
0,1024,3,40,temporal,0.030847,0.556062,28,28672,28.673869677212142
0,1024,3,40,static,0.225451,0.755122,264,270336,28.673869677212142
0,1024,3,41,static,0.091128,0.887192,263,269312,199.2590467434593
0,1024,3,41,temporal,0.036215,0.607159,28,28672,199.2590467434593
0,1024,3,42,temporal,0.027823,0.636053,28,28672,-101.93271596363317
0,1024,3,42,static,0.077397,0.652257,266,272384,-101.93271596363317
0,1024,3,43,static,0.090988,0.639017,266,272384,174.96417984494238
0,1024,3,43,temporal,0.026741,0.561089,28,28672,174.96417984494238
0,1024,3,44,temporal,0.023225,0.682443,28,28672,181.4449673814687
0,1024,3,44,static,0.085339,0.654159,264,270336,181.4449673814687
0,1024,3,45,static,0.104669,0.709193,263,269312,244.08739719782085
0,1024,3,45,temporal,0.030356,0.602311,28,28672,244.08739719782085
0,1024,3,46,temporal,0.028824,0.561339,28,28672,-53.35603905548028
0,1024,3,46,static,0.106771,0.758838,266,272384,-53.35603905548028
0,1024,3,47,static,0.081313,0.632888,265,271360,-247.08829200577625
0,1024,3,47,temporal,0.024998,0.572877,28,28672,-247.08829200577625
0,1024,3,48,temporal,0.025899,0.633217,28,28672,40.45785749438763
0,1024,3,48,static,0.086301,0.721301,264,270336,40.45785749438763
0,1024,3,49,static,0.080362,0.615101,264,270336,204.13039866695618
0,1024,3,49,temporal,0.024897,0.576261,28,28672,204.13039866695618
0,1024,3,50,temporal,0.023045,0.649192,28,28672,160.89841954372287
0,1024,3,50,static,0.078589,0.637084,266,272384,160.89841954372287
0,1024,3,51,static,0.076847,0.723455,265,271360,59.69788219079578
0,1024,3,51,temporal,0.034652,0.600919,28,28672,59.69788219079578
0,1024,3,52,temporal,0.02625,0.562991,28,28672,116.57760762526692
0,1024,3,52,static,0.073011,0.630163,265,271360,116.57760762526692
0,1024,3,53,static,0.084808,0.618134,264,270336,17.612642682769735
0,1024,3,53,temporal,0.024707,0.571133,28,28672,17.612642682769735
0,1024,3,54,temporal,0.031488,0.602671,28,28672,185.98877202256475
0,1024,3,54,static,0.081514,0.681251,266,272384,185.98877202256475
0,1024,3,55,static,0.107923,0.677675,264,270336,47.15174156073637
0,1024,3,55,temporal,0.028223,0.574349,28,28672,47.15174156073637
0,1024,3,56,temporal,0.024978,0.558004,28,28672,17.304144164303295
0,1024,3,56,static,0.086661,0.636292,264,270336,17.304144164303295
0,1024,3,57,static,0.119681,0.677004,264,270336,161.8619219446678
0,1024,3,57,temporal,0.027652,0.585636,28,28672,161.8619219446678
0,1024,3,58,temporal,0.02621,0.575651,28,28672,-15.377266773144228
0,1024,3,58,static,0.091508,0.624134,266,272384,-15.377266773144228
0,1024,3,59,static,0.075204,0.630304,264,270336,130.11064063420463
0,1024,3,59,temporal,0.02651,0.556562,28,28672,130.11064063420463
0,1024,3,60,temporal,0.021473,0.572326,28,28672,173.01738943858015
0,1024,3,60,static,0.075424,0.643424,264,270336,173.01738943858015
0,1024,3,61,static,0.078659,0.618316,266,272384,187.00309934378419
0,1024,3,61,temporal,0.023215,0.642512,28,28672,187.00309934378419
0,1024,3,62,temporal,0.030806,0.569381,28,28672,136.65597964423986
0,1024,3,62,static,0.100822,0.648471,264,270336,136.65597964423986
0,1024,3,63,static,0.073852,0.627689,263,269312,150.2868273047207
0,1024,3,63,temporal,0.025488,0.580778,28,28672,150.2868273047207
0,1024,3,64,temporal,0.024928,0.583623,28,28672,203.9131611215392
0,1024,3,64,static,0.091549,0.640569,265,271360,203.9131611215392
0,1024,3,65,static,0.083376,0.693018,263,269312,216.94688901395594
0,1024,3,65,temporal,0.031938,0.602731,28,28672,216.94688901395594
0,1024,3,66,temporal,0.028824,0.56845,28,28672,198.79177445253723
0,1024,3,66,static,0.130507,0.688081,266,272384,198.79177445253723
0,1024,3,67,static,0.083196,0.636873,266,272384,-242.52351685464836
0,1024,3,67,temporal,0.024127,0.722203,28,28672,-242.52351685464836
0,1024,3,68,temporal,0.03347,0.686478,28,28672,-239.14193162775825
0,1024,3,68,static,0.093852,0.726138,264,270336,-239.14193162775825
0,1024,3,69,static,0.106701,0.738827,265,271360,-141.82824968575807
0,1024,3,69,temporal,0.035103,0.595601,28,28672,-141.82824968575807
0,1024,3,70,temporal,0.024567,0.580768,28,28672,216.94412529784228
0,1024,3,70,static,0.087803,0.621981,262,268288,216.94412529784228
0,1024,3,71,static,0.07263,0.629352,263,269312,157.0522956021272
0,1024,3,71,temporal,0.023846,0.574589,28,28672,157.0522956021272
0,1024,3,72,temporal,0.022925,0.560247,28,28672,-208.55629601807445
0,1024,3,72,static,0.076756,0.633248,264,270336,-208.55629601807445
0,1024,3,73,static,0.07267,0.62838,265,271360,49.509567300271975
0,1024,3,73,temporal,0.02661,0.58169,28,28672,49.509567300271975
0,1024,3,74,temporal,0.023336,0.769053,28,28672,-142.35481321392524
0,1024,3,74,static,0.162545,0.744165,264,270336,-142.35481321392524
0,1024,3,75,static,0.077317,0.623212,266,272384,31.8417090067649
0,1024,3,75,temporal,0.02654,0.712338,28,28672,31.8417090067649
0,1024,3,76,temporal,0.036164,0.78676,28,28672,22.74481710135997
0,1024,3,76,static,0.103997,0.635171,264,270336,22.74481710135997
0,1024,3,77,static,0.077427,0.62789,264,270336,-6.455350305758283
0,1024,3,77,temporal,0.024648,0.572076,28,28672,-6.455350305758283
0,1024,3,78,temporal,0.026771,0.555971,28,28672,-138.54400842191237
0,1024,3,78,static,0.097648,0.715432,264,270336,-138.54400842191237
0,1024,3,79,static,0.092119,0.649142,266,272384,139.66125854483016
0,1024,3,79,temporal,0.02602,0.569962,28,28672,139.66125854483016
0,1024,3,80,temporal,0.024758,0.569241,28,28672,147.13250685287153
0,1024,3,80,static,0.089546,0.619107,264,270336,147.13250685287153
0,1024,3,81,static,0.088203,0.636542,266,272384,145.93771308552442
0,1024,3,81,temporal,0.026109,0.551023,28,28672,145.93771308552442
0,1024,3,82,temporal,0.021343,0.565396,28,28672,199.9204513679998
0,1024,3,82,static,0.08573,0.631395,266,272384,199.9204513679998
0,1024,3,83,static,0.117137,0.652096,266,272384,138.7586014750787
0,1024,3,83,temporal,0.027081,0.571895,28,28672,138.7586014750787
0,1024,3,84,temporal,0.023926,0.554148,28,28672,183.8018092614473
0,1024,3,84,static,0.06596,0.609692,266,272384,183.8018092614473
0,1024,3,85,static,0.097066,0.739088,265,271360,-64.11702375452147
0,1024,3,85,temporal,0.03305,0.585626,28,28672,-64.11702375452147
0,1024,3,86,temporal,0.025238,0.573297,28,28672,-31.619896031618882
0,1024,3,86,static,0.084537,0.631325,263,269312,-31.619896031618882
0,1024,3,87,static,0.081684,0.617845,265,271360,-132.47046471741788
0,1024,3,87,temporal,0.030937,0.572757,28,28672,-132.47046471741788
0,1024,3,88,temporal,0.024176,0.622631,28,28672,184.1436765035487
0,1024,3,88,static,0.085419,0.843175,264,270336,184.1436765035487
0,1024,3,89,static,0.101353,0.661661,266,272384,186.06425994057014
0,1024,3,89,temporal,0.028714,0.552265,28,28672,186.06425994057014
0,1024,3,90,temporal,0.02655,0.580488,28,28672,232.6508948075365
0,1024,3,90,static,0.298522,0.871448,266,272384,232.6508948075365
0,1024,3,91,static,0.097337,0.64162,264,270336,-26.310872282578796
0,1024,3,91,temporal,0.02623,0.577323,28,28672,-26.310872282578796
0,1024,3,92,temporal,0.025739,0.58866,28,28672,224.38964901253473
0,1024,3,92,static,0.097057,0.629142,266,272384,224.38964901253473
0,1024,3,93,static,0.091418,0.638876,263,269312,-118.96823822950552
0,1024,3,93,temporal,0.02593,0.563102,28,28672,-118.96823822950552
0,1024,3,94,temporal,0.023906,0.556672,28,28672,52.941718786519104
0,1024,3,94,static,0.08609,0.644785,266,272384,52.941718786519104
0,1024,3,95,static,0.095264,0.645386,266,272384,152.32079643042792
0,1024,3,95,temporal,0.024848,0.582842,28,28672,152.32079643042792
0,1024,3,96,temporal,0.024567,0.570222,28,28672,-235.99056056161305
0,1024,3,96,static,0.083397,0.612136,264,270336,-235.99056056161305
0,1024,3,97,static,0.087663,0.638556,266,272384,0.9652392614501479
0,1024,3,97,temporal,0.025789,0.5557,28,28672,0.9652392614501479
0,1024,3,98,temporal,0.022655,0.575611,28,28672,47.02846808501521
0,1024,3,98,static,0.084388,0.648801,264,270336,47.02846808501521
0,1024,3,99,static,0.09926,0.631925,264,270336,156.82339295333009
0,1024,3,99,temporal,0.026259,0.642541,28,28672,156.82339295333009
0,1024,3,100,temporal,0.033461,0.560378,28,28672,226.21612431199702
0,1024,3,100,static,0.134403,0.668881,266,272384,226.21612431199702
0,1024,3,101,static,0.085189,0.631345,264,270336,158.743244046152
0,1024,3,101,temporal,0.024757,0.577023,28,28672,158.743244046152
0,1024,3,102,temporal,0.023977,0.57521,28,28672,-175.35839861456446
0,1024,3,102,static,0.083676,0.779669,265,271360,-175.35839861456446
0,1024,3,103,static,0.107873,0.637984,264,270336,117.63990080373301
0,1024,3,103,temporal,0.025688,0.571434,28,28672,117.63990080373301
0,1024,3,104,temporal,0.024117,0.614149,28,28672,-9.514064883294628
0,1024,3,104,static,0.113712,0.66818,265,271360,-9.514064883294628
0,1024,3,105,static,0.073702,0.62164,266,272384,-114.55722463555009
0,1024,3,105,temporal,0.025288,0.549421,28,28672,-114.55722463555009
0,1024,3,106,temporal,0.021973,0.566417,28,28672,110.60073492243154
0,1024,3,106,static,0.079741,0.623894,264,270336,110.60073492243154
0,1024,3,107,static,0.073851,0.626247,264,270336,203.71297190325635
0,1024,3,107,temporal,0.023977,0.734311,28,28672,203.71297190325635
0,1024,3,108,temporal,0.035454,0.591856,28,28672,44.79036278996305
0,1024,3,108,static,0.134894,0.664605,264,270336,44.79036278996305
0,1024,3,109,static,0.088804,0.63479,263,269312,-118.96823822950552
0,1024,3,109,temporal,0.026069,0.550482,28,28672,-118.96823822950552
0,1024,3,110,temporal,0.022865,0.56842,28,28672,23.41029769021161
0,1024,3,110,static,0.085229,0.624385,263,269312,23.41029769021161
0,1024,3,111,static,0.073491,0.700449,266,272384,-101.93271596363317
0,1024,3,111,temporal,0.033631,0.602681,28,28672,-101.93271596363317
0,1024,3,112,temporal,0.027661,0.794391,28,28672,-212.24225208712045
0,1024,3,112,static,0.107012,0.749243,264,270336,-212.24225208712045
0,1024,3,113,static,0.129296,0.668812,263,269312,5.6240892362932975
0,1024,3,113,temporal,0.027121,0.657374,27,27648,5.6240892362932975
0,1024,3,114,temporal,0.030957,0.587419,28,28672,-234.77699292104737
0,1024,3,114,static,0.087663,0.643644,264,270336,-234.77699292104737
0,1024,3,115,static,0.106561,0.655722,262,268288,-28.612074070412977
0,1024,3,115,temporal,0.027992,0.622141,28,28672,-28.612074070412977
0,1024,3,116,temporal,0.029134,0.593778,28,28672,-248.3850886284499
0,1024,3,116,static,0.078128,0.611865,264,270336,-248.3850886284499
0,1024,3,117,static,0.11283,0.666057,267,273408,211.6502687099367
0,1024,3,117,temporal,0.02683,0.572125,28,28672,211.6502687099367
0,1024,3,118,temporal,0.025519,0.610373,28,28672,-152.48226335483682
0,1024,3,118,static,0.096857,0.663173,264,270336,-152.48226335483682
0,1024,3,119,static,0.078739,0.63458,265,271360,-244.9378158920915
0,1024,3,119,temporal,0.028223,0.625056,28,28672,-244.9378158920915
1,1024,0,0,static,0.117518,0.674671,263,269312,-128.89151964409385
1,1024,0,0,temporal,0.025639,0.5683,28,28672,-128.89151964409385
1,1024,0,1,temporal,0.022594,0.57536,28,28672,-216.18254822519143
1,1024,0,1,static,0.090347,0.62816,265,271360,-216.18254822519143
1,1024,0,2,static,0.103587,0.645066,265,271360,-178.54661235659438
1,1024,0,2,temporal,0.023436,0.689673,28,28672,-178.54661235659438
1,1024,0,3,temporal,0.031257,0.627509,28,28672,-64.42694054820143
1,1024,0,3,static,0.120041,0.664014,264,270336,-64.42694054820143
1,1024,0,4,static,0.085639,0.729934,266,272384,133.8070028710446
1,1024,0,4,temporal,0.03308,0.659488,28,28672,133.8070028710446
1,1024,0,5,temporal,0.063116,0.613709,28,28672,-131.33407469793192
1,1024,0,5,static,0.091569,0.732638,262,268288,-131.33407469793192
1,1024,0,6,static,0.083476,0.656112,266,272384,-71.55373290697958
1,1024,0,6,temporal,0.040251,0.58819,27,27648,-71.55373290697958
1,1024,0,7,temporal,0.024718,0.587929,28,28672,-116.13079642960425
1,1024,0,7,static,0.083967,0.629863,265,271360,-116.13079642960425
1,1024,0,8,static,0.093281,0.657004,264,270336,-212.24225208712045
1,1024,0,8,temporal,0.024848,0.584724,28,28672,-212.24225208712045
1,1024,0,9,temporal,0.022684,0.58866,28,28672,-244.06798176021272
1,1024,0,9,static,0.083026,0.644255,263,269312,-244.06798176021272
1,1024,0,10,static,0.07209,0.626518,266,272384,-219.92116318415452
1,1024,0,10,temporal,0.022514,0.583422,28,28672,-219.92116318415452
1,1024,0,11,temporal,0.022474,0.583823,28,28672,157.29917554627954
1,1024,0,11,static,0.076625,0.623362,266,272384,157.29917554627954
1,1024,0,12,static,0.0994,0.732708,264,270336,-173.65307259578833
1,1024,0,12,temporal,0.03339,0.633578,28,28672,-173.65307259578833
1,1024,0,13,temporal,0.028272,0.576652,28,28672,151.72050262562405
1,1024,0,13,static,0.068754,0.632486,265,271360,151.72050262562405
1,1024,0,14,static,0.090587,0.637995,263,269312,-195.22530412854243
1,1024,0,14,temporal,0.023676,0.583322,28,28672,-195.22530412854243
1,1024,0,15,temporal,0.025779,0.655922,28,28672,138.7586014750787
1,1024,0,15,static,0.116896,0.678726,266,272384,138.7586014750787
1,1024,0,16,static,0.081483,0.639677,264,270336,-6.455350305758283
1,1024,0,16,temporal,0.024777,0.579536,28,28672,-6.455350305758283
1,1024,0,17,temporal,0.021923,0.563752,28,28672,-13.61222888610076
1,1024,0,17,static,0.069866,0.625376,264,270336,-13.61222888610076
1,1024,0,18,static,0.069855,0.611605,264,270336,-248.27850467632837
1,1024,0,18,temporal,0.022644,0.575851,28,28672,-248.27850467632837
1,1024,0,19,temporal,0.021603,0.595971,28,28672,-138.71161618630708
1,1024,0,19,static,0.075374,0.623773,264,270336,-138.71161618630708
1,1024,0,20,static,0.105589,0.912279,264,270336,213.41343865724042
1,1024,0,20,temporal,0.05259,0.623443,28,28672,213.41343865724042
1,1024,0,21,temporal,0.028183,0.586808,28,28672,186.9775739150411
1,1024,0,21,static,0.083516,1.381649,265,271360,186.9775739150411
1,1024,0,22,static,0.101984,0.749514,265,271360,-140.0030566887032
1,1024,0,22,temporal,0.035964,0.592466,27,27648,-140.0030566887032
1,1024,0,23,temporal,0.030486,0.566687,28,28672,184.1436765035487
1,1024,0,23,static,0.080071,0.659427,264,270336,184.1436765035487
1,1024,0,24,static,0.135646,1.400349,266,272384,99.7424398269
1,1024,0,24,temporal,0.042975,0.617334,28,28672,99.7424398269
1,1024,0,25,temporal,0.028744,0.585366,28,28672,125.51251331258727
1,1024,0,25,static,0.081844,0.615651,265,271360,125.51251331258727
1,1024,0,26,static,0.088845,0.664535,265,271360,103.85382422230303
1,1024,0,26,temporal,0.030917,0.589902,28,28672,103.85382422230303
1,1024,0,27,temporal,0.029454,0.573687,27,27648,188.6714748460224
1,1024,0,27,static,0.124298,0.665697,263,269312,188.6714748460224
1,1024,0,28,static,0.091078,0.639708,263,269312,195.80996510912587
1,1024,0,28,temporal,0.027812,0.553297,28,28672,195.80996510912587
1,1024,0,29,temporal,0.023135,0.756444,28,28672,34.06952676770362
1,1024,0,29,static,0.142606,0.815223,264,270336,34.06952676770362
1,1024,0,30,static,0.083056,0.66761,264,270336,178.66928248152354
1,1024,0,30,temporal,0.029475,0.744316,28,28672,178.66928248152354
1,1024,0,31,temporal,0.035174,0.596242,28,28672,123.1710884189406
1,1024,0,31,static,0.145159,0.672947,266,272384,123.1710884189406
1,1024,0,32,static,0.111599,0.689763,264,270336,14.338568864409044
1,1024,0,32,temporal,0.029174,0.637414,28,28672,14.338568864409044
1,1024,0,33,temporal,0.0327,0.586988,28,28672,138.7586014750787
1,1024,0,33,static,0.127232,0.65457,266,272384,138.7586014750787
1,1024,0,34,static,0.081133,0.626748,264,270336,79.90134622067596
1,1024,0,34,temporal,0.025358,0.554278,28,28672,79.90134622067596
1,1024,0,35,temporal,0.023966,0.571865,28,28672,222.4772167646162
1,1024,0,35,static,0.095525,0.736705,266,272384,222.4772167646162
1,1024,0,36,static,0.101905,0.650344,266,272384,-70.08850019364401
1,1024,0,36,temporal,0.02641,0.567118,28,28672,-70.08850019364401
1,1024,0,37,temporal,0.023866,0.55526,28,28672,-133.13724617456614
1,1024,0,37,static,0.082855,0.62211,264,270336,-133.13724617456614
1,1024,0,38,static,0.08631,0.626157,266,272384,-39.834798714834676
1,1024,0,38,temporal,0.025599,0.61447,28,28672,-39.834798714834676
1,1024,0,39,temporal,0.029134,0.587258,28,28672,89.61987157301807
1,1024,0,39,static,0.081844,0.775533,265,271360,89.61987157301807
1,1024,0,40,static,0.102865,0.630153,264,270336,28.673869677212142
1,1024,0,40,temporal,0.025429,0.672447,28,28672,28.673869677212142
1,1024,0,41,temporal,0.030887,0.558935,28,28672,199.2590467434593
1,1024,0,41,static,0.10531,0.714541,263,269312,199.2590467434593
1,1024,0,42,static,0.077618,0.642692,266,272384,-101.93271596363317
1,1024,0,42,temporal,0.026189,0.748392,28,28672,-101.93271596363317
1,1024,0,43,temporal,0.035404,0.566387,28,28672,174.96417984494238
1,1024,0,43,static,0.087943,0.632266,266,272384,174.96417984494238
1,1024,0,44,static,0.076155,0.670845,264,270336,181.4449673814687
1,1024,0,44,temporal,0.030807,0.593338,28,28672,181.4449673814687
1,1024,0,45,temporal,0.083035,0.699317,28,28672,244.08739719782085
1,1024,0,45,static,0.114583,0.667209,263,269312,244.08739719782085
1,1024,0,46,static,0.105289,0.640829,266,272384,-53.35603905548028
1,1024,0,46,temporal,0.025349,0.571795,28,28672,-53.35603905548028
1,1024,0,47,temporal,0.022905,0.557924,28,28672,-247.08829200577625
1,1024,0,47,static,0.074142,0.620108,265,271360,-247.08829200577625
1,1024,0,48,static,0.076115,0.675051,264,270336,40.45785749438763
1,1024,0,48,temporal,0.055845,0.614009,28,28672,40.45785749438763
1,1024,0,49,temporal,0.023636,0.580488,28,28672,204.13039866695618
1,1024,0,49,static,0.07315,0.610323,264,270336,204.13039866695618
1,1024,0,50,static,0.064778,0.616713,266,272384,160.89841954372287
1,1024,0,50,temporal,0.022925,0.557573,28,28672,160.89841954372287
1,1024,0,51,temporal,0.038088,0.577333,28,28672,59.69788219079578
1,1024,0,51,static,0.076135,0.636042,265,271360,59.69788219079578
1,1024,0,52,static,0.068604,0.626437,265,271360,116.57760762526692
1,1024,0,52,temporal,0.022744,0.577002,28,28672,116.57760762526692
1,1024,0,53,temporal,0.022554,0.566877,28,28672,17.612642682769735
1,1024,0,53,static,0.096896,0.640819,264,270336,17.612642682769735
1,1024,0,54,static,0.073331,0.63506,266,272384,185.98877202256475
1,1024,0,54,temporal,0.023977,0.562151,28,28672,185.98877202256475
1,1024,0,55,temporal,0.023105,0.579085,28,28672,47.15174156073637
1,1024,0,55,static,0.095865,0.666699,264,270336,47.15174156073637
1,1024,0,56,static,0.087973,0.62812,264,270336,17.304144164303295
1,1024,0,56,temporal,0.022634,0.573527,28,28672,17.304144164303295
1,1024,0,57,temporal,0.025368,0.565175,28,28672,161.8619219446678
1,1024,0,57,static,0.112521,0.672528,264,270336,161.8619219446678
1,1024,0,58,static,0.088995,0.64813,266,272384,-15.377266773144228
1,1024,0,58,temporal,0.025819,0.633658,28,28672,-15.377266773144228
1,1024,0,59,temporal,0.030326,0.607128,28,28672,130.11064063420463
1,1024,0,59,static,0.088073,0.643994,264,270336,130.11064063420463
1,1024,0,60,static,0.07259,0.612536,264,270336,173.01738943858015
1,1024,0,60,temporal,0.023125,0.577504,28,28672,173.01738943858015
1,1024,0,61,temporal,0.022965,0.583713,28,28672,187.00309934378419
1,1024,0,61,static,0.078599,0.715843,266,272384,187.00309934378419
1,1024,0,62,static,0.083015,0.753179,264,270336,136.65597964423986
1,1024,0,62,temporal,0.032169,0.570644,28,28672,136.65597964423986
1,1024,0,63,temporal,0.023966,0.597423,28,28672,150.2868273047207
1,1024,0,63,static,0.082274,0.632597,263,269312,150.2868273047207
1,1024,0,64,static,0.095885,0.635391,265,271360,203.9131611215392
1,1024,0,64,temporal,0.024106,0.64184,28,28672,203.9131611215392
1,1024,0,65,temporal,0.031638,0.782373,28,28672,216.94688901395594
1,1024,0,65,static,0.097427,0.630113,263,269312,216.94688901395594
1,1024,0,66,static,0.102394,0.652316,266,272384,198.79177445253723
1,1024,0,66,temporal,0.027571,0.576822,28,28672,198.79177445253723
1,1024,0,67,temporal,0.024517,0.561079,28,28672,-242.52351685464836
1,1024,0,67,static,0.07977,0.625566,266,272384,-242.52351685464836
1,1024,0,68,static,0.0794,0.66116,264,270336,-239.14193162775825
1,1024,0,68,temporal,0.028122,0.588099,28,28672,-239.14193162775825
1,1024,0,69,temporal,0.02659,0.574058,28,28672,-141.82824968575807
1,1024,0,69,static,0.101223,0.690244,265,271360,-141.82824968575807
1,1024,0,70,static,0.089255,0.660298,262,268288,216.94412529784228
1,1024,0,70,temporal,0.027311,0.55501,28,28672,216.94412529784228
1,1024,0,71,temporal,0.037086,0.585205,28,28672,157.0522956021272
1,1024,0,71,static,0.078278,0.625556,263,269312,157.0522956021272
1,1024,0,72,static,0.073701,0.663273,264,270336,-208.55629601807445
1,1024,0,72,temporal,0.030085,0.597053,28,28672,-208.55629601807445
1,1024,0,73,temporal,0.024987,0.571093,28,28672,49.509567300271975
1,1024,0,73,static,0.075685,0.606007,265,271360,49.509567300271975
1,1024,0,74,static,0.068845,0.750285,264,270336,-142.35481321392524
1,1024,0,74,temporal,0.034162,0.586337,28,28672,-142.35481321392524
1,1024,0,75,temporal,0.041412,0.571444,28,28672,31.8417090067649
1,1024,0,75,static,0.080412,0.62808,266,272384,31.8417090067649
1,1024,0,76,static,0.093742,0.624835,264,270336,22.74481710135997
1,1024,0,76,temporal,0.024286,0.570513,28,28672,22.74481710135997
1,1024,0,77,temporal,0.022745,0.638005,28,28672,-6.455350305758283
1,1024,0,77,static,0.089805,0.647549,264,270336,-6.455350305758283
1,1024,0,78,static,0.097327,0.645877,264,270336,-138.54400842191237
1,1024,0,78,temporal,0.02641,0.557143,28,28672,-138.54400842191237
1,1024,0,79,temporal,0.029224,0.582261,28,28672,139.66125854483016
1,1024,0,79,static,0.084228,0.632337,266,272384,139.66125854483016
1,1024,0,80,static,0.084868,0.611114,264,270336,147.13250685287153
1,1024,0,80,temporal,0.023665,0.685707,28,28672,147.13250685287153
1,1024,0,81,temporal,0.030166,0.65461,28,28672,145.93771308552442
1,1024,0,81,static,0.096496,0.625927,266,272384,145.93771308552442
1,1024,0,82,static,0.064107,0.682252,266,272384,199.9204513679998
1,1024,0,82,temporal,0.030166,0.563963,28,28672,199.9204513679998
1,1024,0,83,temporal,0.028213,0.597233,28,28672,138.7586014750787
1,1024,0,83,static,0.121754,0.737956,266,272384,138.7586014750787
1,1024,0,84,static,0.075294,0.630294,266,272384,183.8018092614473
1,1024,0,84,temporal,0.023927,0.56857,28,28672,183.8018092614473
1,1024,0,85,temporal,0.023986,0.570563,28,28672,-64.11702375452147
1,1024,0,85,static,0.090216,0.620649,265,271360,-64.11702375452147
1,1024,0,86,static,0.080041,0.628741,263,269312,-31.619896031618882
1,1024,0,86,temporal,0.024357,0.553026,28,28672,-31.619896031618882
1,1024,0,87,temporal,0.021122,0.569712,28,28672,-132.47046471741788
1,1024,0,87,static,0.083035,0.83305,265,271360,-132.47046471741788
1,1024,0,88,static,0.095645,0.627529,264,270336,184.1436765035487
1,1024,0,88,temporal,0.02584,0.595351,28,28672,184.1436765035487
1,1024,0,89,temporal,0.031698,0.575511,28,28672,186.06425994057014
1,1024,0,89,static,0.088654,0.617003,266,272384,186.06425994057014
1,1024,0,90,static,0.106,0.726098,266,272384,232.6508948075365
1,1024,0,90,temporal,0.033812,0.60115,28,28672,232.6508948075365
1,1024,0,91,temporal,0.025689,0.554769,28,28672,-26.310872282578796
1,1024,0,91,static,0.094152,0.639737,264,270336,-26.310872282578796
1,1024,0,92,static,0.092961,0.619056,266,272384,224.38964901253473
1,1024,0,92,temporal,0.024627,0.56214,28,28672,224.38964901253473
1,1024,0,93,temporal,0.024086,0.746148,28,28672,-118.96823822950552
1,1024,0,93,static,0.101674,0.653609,263,269312,-118.96823822950552
1,1024,0,94,static,0.087993,0.633338,266,272384,52.941718786519104
1,1024,0,94,temporal,0.025819,0.564564,28,28672,52.941718786519104
1,1024,0,95,temporal,0.024167,0.555681,28,28672,152.32079643042792
1,1024,0,95,static,0.083536,0.625085,266,272384,152.32079643042792
1,1024,0,96,static,0.078158,0.60856,264,270336,-235.99056056161305
1,1024,0,96,temporal,0.022955,0.623493,28,28672,-235.99056056161305
1,1024,0,97,temporal,0.032059,0.665377,28,28672,0.9652392614501479
1,1024,0,97,static,0.096787,0.625376,266,272384,0.9652392614501479
1,1024,0,98,static,0.081764,0.646127,264,270336,47.02846808501521
1,1024,0,98,temporal,0.026651,0.551955,28,28672,47.02846808501521
1,1024,0,99,temporal,0.024907,0.574939,28,28672,156.82339295333009
1,1024,0,99,static,0.097477,0.72052,264,270336,156.82339295333009
1,1024,0,100,static,0.100011,0.653919,266,272384,226.21612431199702
1,1024,0,100,temporal,0.027662,0.574088,28,28672,226.21612431199702
1,1024,0,101,temporal,0.023275,0.648921,28,28672,158.743244046152
1,1024,0,101,static,0.157778,0.696443,264,270336,158.743244046152
1,1024,0,102,static,0.085209,0.670914,265,271360,-175.35839861456446
1,1024,0,102,temporal,0.028713,0.657384,28,28672,-175.35839861456446
1,1024,0,103,temporal,0.03267,0.581179,28,28672,117.63990080373301
1,1024,0,103,static,0.098138,0.64141,264,270336,117.63990080373301
1,1024,0,104,static,0.081483,0.609862,265,271360,-9.514064883294628
1,1024,0,104,temporal,0.044067,0.56815,28,28672,-9.514064883294628
1,1024,0,105,temporal,0.021663,0.56195,28,28672,-114.55722463555009
1,1024,0,105,static,0.077968,0.601459,266,272384,-114.55722463555009
1,1024,0,106,static,0.073471,0.615961,264,270336,110.60073492243154
1,1024,0,106,temporal,0.022594,0.564563,28,28672,110.60073492243154
1,1024,0,107,temporal,0.022775,0.569882,28,28672,203.71297190325635
1,1024,0,107,static,0.074773,0.621129,264,270336,203.71297190325635
1,1024,0,108,static,0.111669,0.642442,264,270336,44.79036278996305
1,1024,0,108,temporal,0.026771,0.755844,28,28672,44.79036278996305
1,1024,0,109,temporal,0.035985,0.713149,28,28672,-118.96823822950552
1,1024,0,109,static,0.098279,0.681791,263,269312,-118.96823822950552
1,1024,0,110,static,0.135034,0.670134,263,269312,23.41029769021161
1,1024,0,110,temporal,0.026109,0.749073,28,28672,23.41029769021161
1,1024,0,111,temporal,0.094453,0.638816,28,28672,-101.93271596363317
1,1024,0,111,static,0.106081,0.631225,266,272384,-101.93271596363317
1,1024,0,112,static,0.090427,0.71422,264,270336,-212.24225208712045
1,1024,0,112,temporal,0.042264,0.592176,28,28672,-212.24225208712045
1,1024,0,113,temporal,0.025849,0.569271,27,27648,5.6240892362932975
1,1024,0,113,static,0.095234,0.636522,263,269312,5.6240892362932975
1,1024,0,114,static,0.080882,0.606257,264,270336,-234.77699292104737
1,1024,0,114,temporal,0.023135,0.566347,28,28672,-234.77699292104737
1,1024,0,115,temporal,0.024787,0.552395,28,28672,-28.612074070412977
1,1024,0,115,static,0.104338,0.643163,262,268288,-28.612074070412977
1,1024,0,116,static,0.094614,0.634781,264,270336,-248.3850886284499
1,1024,0,116,temporal,0.024186,0.546376,28,28672,-248.3850886284499
1,1024,0,117,temporal,0.023265,0.564234,28,28672,211.6502687099367
1,1024,0,117,static,0.094663,0.618255,267,273408,211.6502687099367
1,1024,0,118,static,0.08557,0.624815,264,270336,-152.48226335483682
1,1024,0,118,temporal,0.024377,0.560057,28,28672,-152.48226335483682
1,1024,0,119,temporal,0.022804,0.564734,28,28672,-244.9378158920915
1,1024,0,119,static,0.075454,0.753129,265,271360,-244.9378158920915
1,1024,1,0,temporal,0.034712,0.560698,28,28672,-128.89151964409385
1,1024,1,0,static,0.1062,0.630974,263,269312,-128.89151964409385
1,1024,1,1,static,0.088304,0.629923,265,271360,-216.18254822519143
1,1024,1,1,temporal,0.024938,0.549952,28,28672,-216.18254822519143
1,1024,1,2,temporal,0.021703,0.65426,28,28672,-178.54661235659438
1,1024,1,2,static,0.121223,0.835463,265,271360,-178.54661235659438
1,1024,1,3,static,0.092299,0.617804,264,270336,-64.42694054820143
1,1024,1,3,temporal,0.024357,0.576692,28,28672,-64.42694054820143
1,1024,1,4,temporal,0.024958,0.652246,28,28672,133.8070028710446
1,1024,1,4,static,0.094603,0.618736,266,272384,133.8070028710446
1,1024,1,5,static,0.090447,0.630744,262,268288,-131.33407469793192
1,1024,1,5,temporal,0.02669,0.571334,28,28672,-131.33407469793192
1,1024,1,6,temporal,0.024507,0.56191,27,27648,-71.55373290697958
1,1024,1,6,static,0.07235,0.607509,266,272384,-71.55373290697958
1,1024,1,7,static,0.082675,0.602641,265,271360,-116.13079642960425
1,1024,1,7,temporal,0.024187,0.557864,28,28672,-116.13079642960425
1,1024,1,8,temporal,0.024197,0.542941,28,28672,-212.24225208712045
1,1024,1,8,static,0.092239,0.627429,264,270336,-212.24225208712045
1,1024,1,9,static,0.097999,0.63447,263,269312,-244.06798176021272
1,1024,1,9,temporal,0.023956,0.54206,28,28672,-244.06798176021272
1,1024,1,10,temporal,0.020872,0.564434,28,28672,-219.92116318415452
1,1024,1,10,static,0.081313,0.600638,266,272384,-219.92116318415452
1,1024,1,11,static,0.068293,0.862254,266,272384,157.29917554627954
1,1024,1,11,temporal,0.037466,0.597183,28,28672,157.29917554627954
1,1024,1,12,temporal,0.027912,0.574348,28,28672,-173.65307259578833
1,1024,1,12,static,0.096696,0.639016,264,270336,-173.65307259578833
1,1024,1,13,static,0.069355,0.615351,265,271360,151.72050262562405
1,1024,1,13,temporal,0.023746,0.657775,28,28672,151.72050262562405
1,1024,1,14,temporal,0.03302,0.587209,28,28672,-195.22530412854243
1,1024,1,14,static,0.096847,0.616092,263,269312,-195.22530412854243
1,1024,1,15,static,0.122145,0.666628,266,272384,138.7586014750787
1,1024,1,15,temporal,0.027071,0.563372,28,28672,138.7586014750787
1,1024,1,16,temporal,0.023735,0.545725,28,28672,-6.455350305758283
1,1024,1,16,static,0.078198,0.615521,264,270336,-6.455350305758283
1,1024,1,17,static,0.069605,0.591575,264,270336,-13.61222888610076
1,1024,1,17,temporal,0.021913,0.553517,28,28672,-13.61222888610076
1,1024,1,18,temporal,0.022043,0.623333,28,28672,-248.27850467632837
1,1024,1,18,static,0.081063,0.657805,264,270336,-248.27850467632837
1,1024,1,19,static,0.076025,0.657976,264,270336,-138.71161618630708
1,1024,1,19,temporal,0.02641,0.563242,28,28672,-138.71161618630708
1,1024,1,20,temporal,0.027211,0.548219,28,28672,213.41343865724042
1,1024,1,20,static,0.102275,0.641671,264,270336,213.41343865724042
1,1024,1,21,static,0.079119,0.620408,265,271360,186.9775739150411
1,1024,1,21,temporal,0.023296,0.558155,28,28672,186.9775739150411
1,1024,1,22,temporal,0.022724,0.561509,27,27648,-140.0030566887032
1,1024,1,22,static,0.098639,0.620208,265,271360,-140.0030566887032
1,1024,1,23,static,0.075293,0.613578,264,270336,184.1436765035487
1,1024,1,23,temporal,0.023556,0.54237,28,28672,184.1436765035487
1,1024,1,24,temporal,0.022564,0.55586,28,28672,99.7424398269
1,1024,1,24,static,0.075995,0.594319,266,272384,99.7424398269
1,1024,1,25,static,0.071228,0.627279,265,271360,125.51251331258727
1,1024,1,25,temporal,0.025298,0.696894,28,28672,125.51251331258727
1,1024,1,26,temporal,0.036585,0.581209,28,28672,103.85382422230303
1,1024,1,26,static,0.088133,0.761201,265,271360,103.85382422230303
1,1024,1,27,static,0.114983,0.673088,263,269312,188.6714748460224
1,1024,1,27,temporal,0.029605,0.547458,27,27648,188.6714748460224
1,1024,1,28,temporal,0.083366,0.642823,28,28672,195.80996510912587
1,1024,1,28,static,0.104628,0.686849,263,269312,195.80996510912587
1,1024,1,29,static,0.083997,0.605786,264,270336,34.06952676770362
1,1024,1,29,temporal,0.024487,0.578565,28,28672,34.06952676770362
1,1024,1,30,temporal,0.024547,0.547348,28,28672,178.66928248152354
1,1024,1,30,static,0.07272,0.609952,264,270336,178.66928248152354
1,1024,1,31,static,0.073792,0.615672,266,272384,123.1710884189406
1,1024,1,31,temporal,0.022925,0.56197,28,28672,123.1710884189406
1,1024,1,32,temporal,0.02589,0.564484,28,28672,14.338568864409044
1,1024,1,32,static,0.08609,0.605125,264,270336,14.338568864409044
1,1024,1,33,static,0.110317,0.654861,266,272384,138.7586014750787
1,1024,1,33,temporal,0.029044,0.562691,28,28672,138.7586014750787
1,1024,1,34,temporal,0.023485,0.54248,28,28672,79.90134622067596
1,1024,1,34,static,0.083175,0.619977,264,270336,79.90134622067596
1,1024,1,35,static,0.169887,0.79364,266,272384,222.4772167646162
1,1024,1,35,temporal,0.036285,0.558205,28,28672,222.4772167646162
1,1024,1,36,temporal,0.024116,0.561339,28,28672,-70.08850019364401
1,1024,1,36,static,0.096716,0.622862,266,272384,-70.08850019364401
1,1024,1,37,static,0.083556,0.622591,264,270336,-133.13724617456614
1,1024,1,37,temporal,0.025678,0.630273,28,28672,-133.13724617456614
1,1024,1,38,temporal,0.032429,0.57556,28,28672,-39.834798714834676
1,1024,1,38,static,0.090887,0.631184,266,272384,-39.834798714834676
1,1024,1,39,static,0.077337,0.599377,265,271360,89.61987157301807
1,1024,1,39,temporal,0.022825,0.55551,28,28672,89.61987157301807
1,1024,1,40,temporal,0.024787,0.545355,28,28672,28.673869677212142
1,1024,1,40,static,0.108124,0.628541,264,270336,28.673869677212142
1,1024,1,41,static,0.07937,0.621219,263,269312,199.2590467434593
1,1024,1,41,temporal,0.025939,0.717715,28,28672,199.2590467434593
1,1024,1,42,temporal,0.034592,0.586046,28,28672,-101.93271596363317
1,1024,1,42,static,0.073872,0.61517,266,272384,-101.93271596363317
1,1024,1,43,static,0.089044,0.68774,266,272384,174.96417984494238
1,1024,1,43,temporal,0.03309,0.586888,28,28672,174.96417984494238
1,1024,1,44,temporal,0.02663,0.635681,28,28672,181.4449673814687
1,1024,1,44,static,0.084377,0.626597,264,270336,181.4449673814687
1,1024,1,45,static,0.098499,0.642082,263,269312,244.08739719782085
1,1024,1,45,temporal,0.028143,0.546517,28,28672,244.08739719782085
1,1024,1,46,temporal,0.021983,0.559897,28,28672,-53.35603905548028
1,1024,1,46,static,0.088513,0.623473,266,272384,-53.35603905548028
1,1024,1,47,static,0.072029,0.597404,265,271360,-247.08829200577625
1,1024,1,47,temporal,0.023015,0.561789,28,28672,-247.08829200577625
1,1024,1,48,temporal,0.022714,0.566697,28,28672,40.45785749438763
1,1024,1,48,static,0.077788,0.62168,264,270336,40.45785749438763
1,1024,1,49,static,0.068394,0.608611,264,270336,204.13039866695618
1,1024,1,49,temporal,0.023496,0.546217,28,28672,204.13039866695618
1,1024,1,50,temporal,0.020982,0.56184,28,28672,160.89841954372287
1,1024,1,50,static,0.070927,0.598606,266,272384,160.89841954372287
1,1024,1,51,static,0.071188,0.610613,265,271360,59.69788219079578
1,1024,1,51,temporal,0.023436,0.564915,28,28672,59.69788219079578
1,1024,1,52,temporal,0.023035,0.566628,28,28672,116.57760762526692
1,1024,1,52,static,0.069085,0.607659,265,271360,116.57760762526692
1,1024,1,53,static,0.079,0.605576,264,270336,17.612642682769735
1,1024,1,53,temporal,0.022744,0.558455,28,28672,17.612642682769735
1,1024,1,54,temporal,0.022714,0.545125,28,28672,185.98877202256475
1,1024,1,54,static,0.077087,0.616703,266,272384,185.98877202256475
1,1024,1,55,static,0.107974,0.647379,264,270336,47.15174156073637
1,1024,1,55,temporal,0.025328,0.545545,28,28672,47.15174156073637
1,1024,1,56,temporal,0.021682,0.558825,28,28672,17.304144164303295
1,1024,1,56,static,0.088113,0.613208,264,270336,17.304144164303295
1,1024,1,57,static,0.103206,0.650313,264,270336,161.8619219446678
1,1024,1,57,temporal,0.025849,0.562792,28,28672,161.8619219446678
1,1024,1,58,temporal,0.023386,0.565846,28,28672,-15.377266773144228
1,1024,1,58,static,0.087452,0.629652,266,272384,-15.377266773144228
1,1024,1,59,static,0.072469,0.599607,264,270336,130.11064063420463
1,1024,1,59,temporal,0.030336,0.56817,28,28672,130.11064063420463
1,1024,1,60,temporal,0.021793,0.544063,28,28672,173.01738943858015
1,1024,1,60,static,0.095985,0.622531,264,270336,173.01738943858015
1,1024,1,61,static,0.07272,0.619477,266,272384,187.00309934378419
1,1024,1,61,temporal,0.023626,0.562521,28,28672,187.00309934378419
1,1024,1,62,temporal,0.022454,0.561589,28,28672,136.65597964423986
1,1024,1,62,static,0.073001,0.755893,264,270336,136.65597964423986
1,1024,1,63,static,0.085359,0.614219,263,269312,150.2868273047207
1,1024,1,63,temporal,0.023776,0.563021,28,28672,150.2868273047207
1,1024,1,64,temporal,0.024337,0.549441,28,28672,203.9131611215392
1,1024,1,64,static,0.154504,0.716965,265,271360,203.9131611215392
1,1024,1,65,static,0.091198,0.629953,263,269312,216.94688901395594
1,1024,1,65,temporal,0.025469,0.543072,28,28672,216.94688901395594
1,1024,1,66,temporal,0.023275,0.559706,28,28672,198.79177445253723
1,1024,1,66,static,0.0997,0.618605,266,272384,198.79177445253723
1,1024,1,67,static,0.074632,0.614449,266,272384,-242.52351685464836
1,1024,1,67,temporal,0.024628,0.558215,28,28672,-242.52351685464836
1,1024,1,68,temporal,0.023215,0.562871,28,28672,-239.14193162775825
1,1024,1,68,static,0.080762,0.624694,264,270336,-239.14193162775825
1,1024,1,69,static,0.090747,0.615311,265,271360,-141.82824968575807
1,1024,1,69,temporal,0.024196,0.558635,28,28672,-141.82824968575807
1,1024,1,70,temporal,0.023536,0.543442,28,28672,216.94412529784228
1,1024,1,70,static,0.100132,0.914283,262,268288,216.94412529784228
1,1024,1,71,static,0.088544,0.675191,263,269312,157.0522956021272
1,1024,1,71,temporal,0.029675,0.570683,28,28672,157.0522956021272
1,1024,1,72,temporal,0.022895,0.550874,28,28672,-208.55629601807445
1,1024,1,72,static,0.074423,0.850887,264,270336,-208.55629601807445
1,1024,1,73,static,0.086281,0.644545,265,271360,49.509567300271975
1,1024,1,73,temporal,0.025919,0.553367,28,28672,49.509567300271975
1,1024,1,74,temporal,0.022434,0.629803,28,28672,-142.35481321392524
1,1024,1,74,static,0.085109,0.650184,264,270336,-142.35481321392524
1,1024,1,75,static,0.075224,0.598675,266,272384,31.8417090067649
1,1024,1,75,temporal,0.023346,0.567539,28,28672,31.8417090067649
1,1024,1,76,temporal,0.024447,0.553307,28,28672,22.74481710135997
1,1024,1,76,static,0.094523,0.639076,264,270336,22.74481710135997
1,1024,1,77,static,0.078539,0.617895,264,270336,-6.455350305758283
1,1024,1,77,temporal,0.023545,0.565385,28,28672,-6.455350305758283
1,1024,1,78,temporal,0.024828,0.564925,28,28672,-138.54400842191237
1,1024,1,78,static,0.094082,0.615751,264,270336,-138.54400842191237
1,1024,1,79,static,0.083205,0.626086,266,272384,139.66125854483016
1,1024,1,79,temporal,0.025348,0.545745,28,28672,139.66125854483016
1,1024,1,80,temporal,0.022494,0.559336,28,28672,147.13250685287153
1,1024,1,80,static,0.08575,0.625326,264,270336,147.13250685287153
1,1024,1,81,static,0.086811,0.636753,266,272384,145.93771308552442
1,1024,1,81,temporal,0.024777,0.58862,28,28672,145.93771308552442
1,1024,1,82,temporal,0.024547,0.549732,28,28672,199.9204513679998
1,1024,1,82,static,0.085079,0.612016,266,272384,199.9204513679998
1,1024,1,83,static,0.108685,0.652848,266,272384,138.7586014750787
1,1024,1,83,temporal,0.028223,0.552196,28,28672,138.7586014750787
1,1024,1,84,temporal,0.022043,0.562871,28,28672,183.8018092614473
1,1024,1,84,static,0.0663,0.613298,266,272384,183.8018092614473
1,1024,1,85,static,0.11904,0.818468,265,271360,-64.11702375452147
1,1024,1,85,temporal,0.035293,0.600748,28,28672,-64.11702375452147
1,1024,1,86,temporal,0.02681,0.626718,28,28672,-31.619896031618882
1,1024,1,86,static,0.119451,0.647489,263,269312,-31.619896031618882
1,1024,1,87,static,0.080412,0.628141,265,271360,-132.47046471741788
1,1024,1,87,temporal,0.024507,0.56877,28,28672,-132.47046471741788
1,1024,1,88,temporal,0.023375,0.564944,28,28672,184.1436765035487
1,1024,1,88,static,0.079991,0.618716,264,270336,184.1436765035487
1,1024,1,89,static,0.086801,0.612797,266,272384,186.06425994057014
1,1024,1,89,temporal,0.022745,0.638967,28,28672,186.06425994057014
1,1024,1,90,temporal,0.032459,0.557223,28,28672,232.6508948075365
1,1024,1,90,static,0.102575,0.646829,266,272384,232.6508948075365
1,1024,1,91,static,0.113783,0.656914,264,270336,-26.310872282578796
1,1024,1,91,temporal,0.025448,0.550462,28,28672,-26.310872282578796
1,1024,1,92,temporal,0.023266,0.558315,28,28672,224.38964901253473
1,1024,1,92,static,0.096045,0.618005,266,272384,224.38964901253473
1,1024,1,93,static,0.097557,0.639206,263,269312,-118.96823822950552
1,1024,1,93,temporal,0.025489,0.565726,28,28672,-118.96823822950552
1,1024,1,94,temporal,0.023485,0.569461,28,28672,52.941718786519104
1,1024,1,94,static,0.081203,0.620939,266,272384,52.941718786519104
1,1024,1,95,static,0.083586,0.606828,266,272384,152.32079643042792
1,1024,1,95,temporal,0.022784,0.567268,28,28672,152.32079643042792
1,1024,1,96,temporal,0.022484,0.569261,28,28672,-235.99056056161305
1,1024,1,96,static,0.081533,0.603262,264,270336,-235.99056056161305
1,1024,1,97,static,0.085169,0.625035,266,272384,0.9652392614501479
1,1024,1,97,temporal,0.025909,0.566136,28,28672,0.9652392614501479
1,1024,1,98,temporal,0.023005,0.563402,28,28672,47.02846808501521
1,1024,1,98,static,0.077538,0.601821,264,270336,47.02846808501521
1,1024,1,99,static,0.11182,0.639107,264,270336,156.82339295333009
1,1024,1,99,temporal,0.027011,0.572216,28,28672,156.82339295333009
1,1024,1,100,temporal,0.024016,0.547418,28,28672,226.21612431199702
1,1024,1,100,static,0.093732,0.698757,266,272384,226.21612431199702
1,1024,1,101,static,0.110597,0.689773,264,270336,158.743244046152
1,1024,1,101,temporal,0.026821,0.552516,28,28672,158.743244046152
1,1024,1,102,temporal,0.022945,0.562311,28,28672,-175.35839861456446
1,1024,1,102,static,0.0796,0.602161,265,271360,-175.35839861456446
1,1024,1,103,static,0.09312,0.649913,264,270336,117.63990080373301
1,1024,1,103,temporal,0.025349,0.565185,28,28672,117.63990080373301
1,1024,1,104,temporal,0.023816,0.566196,28,28672,-9.514064883294628
1,1024,1,104,static,0.076996,0.622522,265,271360,-9.514064883294628
1,1024,1,105,static,0.071187,0.598094,266,272384,-114.55722463555009
1,1024,1,105,temporal,0.022144,0.564334,28,28672,-114.55722463555009
1,1024,1,106,temporal,0.024317,0.564404,28,28672,110.60073492243154
1,1024,1,106,static,0.075705,0.598716,264,270336,110.60073492243154
1,1024,1,107,static,0.068794,0.613959,264,270336,203.71297190325635
1,1024,1,107,temporal,0.022955,0.567969,28,28672,203.71297190325635
1,1024,1,108,temporal,0.026481,0.696404,28,28672,44.79036278996305
1,1024,1,108,static,0.117668,0.662773,264,270336,44.79036278996305
1,1024,1,109,static,0.090186,0.61506,263,269312,-118.96823822950552
1,1024,1,109,temporal,0.024116,0.564524,28,28672,-118.96823822950552
1,1024,1,110,temporal,0.024087,0.547208,28,28672,23.41029769021161
1,1024,1,110,static,0.082444,0.623292,263,269312,23.41029769021161
1,1024,1,111,static,0.095474,0.636032,266,272384,-101.93271596363317
1,1024,1,111,temporal,0.024317,0.545475,28,28672,-101.93271596363317
1,1024,1,112,temporal,0.024377,0.572005,28,28672,-212.24225208712045
1,1024,1,112,static,0.094202,0.617203,264,270336,-212.24225208712045
1,1024,1,113,static,0.090557,0.629151,263,269312,5.6240892362932975
1,1024,1,113,temporal,0.025458,0.563031,27,27648,5.6240892362932975
1,1024,1,114,temporal,0.022474,0.565576,28,28672,-234.77699292104737
1,1024,1,114,static,0.081734,0.626338,264,270336,-234.77699292104737
1,1024,1,115,static,0.103447,0.627349,262,268288,-28.612074070412977
1,1024,1,115,temporal,0.025038,0.560688,28,28672,-28.612074070412977
1,1024,1,116,temporal,0.022123,0.559977,28,28672,-248.3850886284499
1,1024,1,116,static,0.07257,0.59487,264,270336,-248.3850886284499
1,1024,1,117,static,0.094854,0.774101,267,273408,211.6502687099367
1,1024,1,117,temporal,0.036325,0.639657,28,28672,211.6502687099367
1,1024,1,118,temporal,0.029675,0.555971,28,28672,-152.48226335483682
1,1024,1,118,static,0.091689,0.629923,264,270336,-152.48226335483682
1,1024,1,119,static,0.07273,0.670033,265,271360,-244.9378158920915
1,1024,1,119,temporal,0.030556,0.587378,28,28672,-244.9378158920915
1,1024,2,0,static,0.092189,0.706728,263,269312,-128.89151964409385
1,1024,2,0,temporal,0.031828,0.573327,28,28672,-128.89151964409385
1,1024,2,1,temporal,0.024547,0.566566,28,28672,-216.18254822519143
1,1024,2,1,static,0.0928,0.616182,265,271360,-216.18254822519143
1,1024,2,2,static,0.107583,0.630594,265,271360,-178.54661235659438
1,1024,2,2,temporal,0.023866,0.555531,28,28672,-178.54661235659438
1,1024,2,3,temporal,0.023255,0.543763,28,28672,-64.42694054820143
1,1024,2,3,static,0.083777,0.620088,264,270336,-64.42694054820143
1,1024,2,4,static,0.078148,0.776194,266,272384,133.8070028710446
1,1024,2,4,temporal,0.037327,0.562832,28,28672,133.8070028710446
1,1024,2,5,temporal,0.025349,0.642132,28,28672,-131.33407469793192
1,1024,2,5,static,0.098239,0.624755,262,268288,-131.33407469793192
1,1024,2,6,static,0.102866,0.632827,266,272384,-71.55373290697958
1,1024,2,6,temporal,0.028934,0.64134,27,27648,-71.55373290697958
1,1024,2,7,temporal,0.030967,0.580788,28,28672,-116.13079642960425
1,1024,2,7,static,0.085259,0.630544,265,271360,-116.13079642960425
1,1024,2,8,static,0.091458,0.640519,264,270336,-212.24225208712045
1,1024,2,8,temporal,0.025619,0.54904,28,28672,-212.24225208712045
1,1024,2,9,temporal,0.021813,0.563473,28,28672,-244.06798176021272
1,1024,2,9,static,0.083076,0.608701,263,269312,-244.06798176021272
1,1024,2,10,static,0.071218,0.616132,266,272384,-219.92116318415452
1,1024,2,10,temporal,0.024707,0.579236,28,28672,-219.92116318415452
1,1024,2,11,temporal,0.022434,0.547989,28,28672,157.29917554627954
1,1024,2,11,static,0.071478,0.609672,266,272384,157.29917554627954
1,1024,2,12,static,0.094112,0.626888,264,270336,-173.65307259578833
1,1024,2,12,temporal,0.024307,0.567178,28,28672,-173.65307259578833
1,1024,2,13,temporal,0.022053,0.549911,28,28672,151.72050262562405
1,1024,2,13,static,0.081734,0.626047,265,271360,151.72050262562405
1,1024,2,14,static,0.09296,0.640659,263,269312,-195.22530412854243
1,1024,2,14,temporal,0.024517,0.550112,28,28672,-195.22530412854243
1,1024,2,15,temporal,0.023135,0.564314,28,28672,138.7586014750787
1,1024,2,15,static,0.103116,0.626077,266,272384,138.7586014750787
1,1024,2,16,static,0.098309,0.625716,264,270336,-6.455350305758283
1,1024,2,16,temporal,0.022935,0.563512,28,28672,-6.455350305758283
1,1024,2,17,temporal,0.022954,0.566356,28,28672,-13.61222888610076
1,1024,2,17,static,0.07327,0.620027,264,270336,-13.61222888610076
1,1024,2,18,static,0.068604,0.594169,264,270336,-248.27850467632837
1,1024,2,18,temporal,0.021963,0.558885,28,28672,-248.27850467632837
1,1024,2,19,temporal,0.022364,0.561419,28,28672,-138.71161618630708
1,1024,2,19,static,0.07268,0.595631,264,270336,-138.71161618630708
1,1024,2,20,static,0.099781,0.646258,264,270336,213.41343865724042
1,1024,2,20,temporal,0.02694,0.567208,28,28672,213.41343865724042
1,1024,2,21,temporal,0.023876,0.565966,28,28672,186.9775739150411
1,1024,2,21,static,0.07897,0.618125,265,271360,186.9775739150411
1,1024,2,22,static,0.079821,0.604525,265,271360,-140.0030566887032
1,1024,2,22,temporal,0.022645,0.563523,27,27648,-140.0030566887032
1,1024,2,23,temporal,0.023185,0.545886,28,28672,184.1436765035487
1,1024,2,23,static,0.075655,0.615641,264,270336,184.1436765035487
1,1024,2,24,static,0.081303,0.636323,266,272384,99.7424398269
1,1024,2,24,temporal,0.025959,0.550443,28,28672,99.7424398269
1,1024,2,25,temporal,0.021553,0.650123,28,28672,125.51251331258727
1,1024,2,25,static,0.085579,0.663283,265,271360,125.51251331258727
1,1024,2,26,static,0.130677,0.74731,265,271360,103.85382422230303
1,1024,2,26,temporal,0.049935,0.665166,28,28672,103.85382422230303
1,1024,2,27,temporal,0.034242,0.603213,27,27648,188.6714748460224
1,1024,2,27,static,0.157949,0.68129,263,269312,188.6714748460224
1,1024,2,28,static,0.084167,0.632116,263,269312,195.80996510912587
1,1024,2,28,temporal,0.027642,0.543282,28,28672,195.80996510912587
1,1024,2,29,temporal,0.021963,0.55554,28,28672,34.06952676770362
1,1024,2,29,static,0.078889,0.597133,264,270336,34.06952676770362
1,1024,2,30,static,0.08648,0.626908,264,270336,178.66928248152354
1,1024,2,30,temporal,0.023676,0.56194,28,28672,178.66928248152354
1,1024,2,31,temporal,0.021803,0.54874,28,28672,123.1710884189406
1,1024,2,31,static,0.074362,0.614079,266,272384,123.1710884189406
1,1024,2,32,static,0.084298,0.605156,264,270336,14.338568864409044
1,1024,2,32,temporal,0.024207,0.556552,28,28672,14.338568864409044
1,1024,2,33,temporal,0.025419,0.787391,28,28672,138.7586014750787
1,1024,2,33,static,0.124218,0.705497,266,272384,138.7586014750787
1,1024,2,34,static,0.13837,0.662132,264,270336,79.90134622067596
1,1024,2,34,temporal,0.026189,0.560778,28,28672,79.90134622067596
1,1024,2,35,temporal,0.024988,0.606237,28,28672,222.4772167646162
1,1024,2,35,static,0.103177,0.66093,266,272384,222.4772167646162
1,1024,2,36,static,0.095084,0.637534,266,272384,-70.08850019364401
1,1024,2,36,temporal,0.025168,0.567087,28,28672,-70.08850019364401
1,1024,2,37,temporal,0.023756,0.560948,28,28672,-133.13724617456614
1,1024,2,37,static,0.080923,0.602542,264,270336,-133.13724617456614
1,1024,2,38,static,0.088794,0.632026,266,272384,-39.834798714834676
1,1024,2,38,temporal,0.025218,0.563483,28,28672,-39.834798714834676
1,1024,2,39,temporal,0.023004,0.547087,28,28672,89.61987157301807
1,1024,2,39,static,0.077537,0.61459,265,271360,89.61987157301807
1,1024,2,40,static,0.099531,0.645887,264,270336,28.673869677212142
1,1024,2,40,temporal,0.025759,0.566166,28,28672,28.673869677212142
1,1024,2,41,temporal,0.023115,0.549451,28,28672,199.2590467434593
1,1024,2,41,static,0.096566,0.620899,263,269312,199.2590467434593
1,1024,2,42,static,0.067091,0.60174,266,272384,-101.93271596363317
1,1024,2,42,temporal,0.022735,0.543182,28,28672,-101.93271596363317
1,1024,2,43,temporal,0.022924,0.565244,28,28672,174.96417984494238
1,1024,2,43,static,0.087692,0.62811,266,272384,174.96417984494238
1,1024,2,44,static,0.093191,0.616453,264,270336,181.4449673814687
1,1024,2,44,temporal,0.023045,0.558094,28,28672,181.4449673814687
1,1024,2,45,temporal,0.024527,0.543482,28,28672,244.08739719782085
1,1024,2,45,static,0.100562,0.64132,263,269312,244.08739719782085
1,1024,2,46,static,0.087323,0.607599,266,272384,-53.35603905548028
1,1024,2,46,temporal,0.024217,0.559316,28,28672,-53.35603905548028
1,1024,2,47,temporal,0.021973,0.579837,28,28672,-247.08829200577625
1,1024,2,47,static,0.076135,0.756253,265,271360,-247.08829200577625
1,1024,2,48,static,0.08585,0.649272,264,270336,40.45785749438763
1,1024,2,48,temporal,0.02632,0.637374,28,28672,40.45785749438763
1,1024,2,49,temporal,0.030807,0.56848,28,28672,204.13039866695618
1,1024,2,49,static,0.071248,0.619206,264,270336,204.13039866695618
1,1024,2,50,static,0.067312,0.622712,266,272384,160.89841954372287
1,1024,2,50,temporal,0.023235,0.573427,28,28672,160.89841954372287
1,1024,2,51,temporal,0.023295,0.570703,28,28672,59.69788219079578
1,1024,2,51,static,0.074523,0.597344,265,271360,59.69788219079578
1,1024,2,52,static,0.064197,0.613728,265,271360,116.57760762526692
1,1024,2,52,temporal,0.022484,0.553778,28,28672,116.57760762526692
1,1024,2,53,temporal,0.021282,0.569621,28,28672,17.612642682769735
1,1024,2,53,static,0.082294,0.65465,264,270336,17.612642682769735
1,1024,2,54,static,0.077967,0.60171,266,272384,185.98877202256475
1,1024,2,54,temporal,0.023786,0.573027,28,28672,185.98877202256475
1,1024,2,55,temporal,0.027272,0.552106,28,28672,47.15174156073637
1,1024,2,55,static,0.097898,0.639187,264,270336,47.15174156073637
1,1024,2,56,static,0.086851,0.636232,264,270336,17.304144164303295
1,1024,2,56,temporal,0.025268,0.575741,28,28672,17.304144164303295
1,1024,2,57,temporal,0.025959,0.580037,28,28672,161.8619219446678
1,1024,2,57,static,0.116757,0.643073,264,270336,161.8619219446678
1,1024,2,58,static,0.085649,0.638385,266,272384,-15.377266773144228
1,1024,2,58,temporal,0.025098,0.572576,28,28672,-15.377266773144228
1,1024,2,59,temporal,0.023375,0.553487,28,28672,130.11064063420463
1,1024,2,59,static,0.080843,0.630764,264,270336,130.11064063420463
1,1024,2,60,static,0.073942,0.623403,264,270336,173.01738943858015
1,1024,2,60,temporal,0.023967,0.578545,28,28672,173.01738943858015
1,1024,2,61,temporal,0.022514,0.578965,28,28672,187.00309934378419
1,1024,2,61,static,0.081954,0.607199,266,272384,187.00309934378419
1,1024,2,62,static,0.073962,0.615741,264,270336,136.65597964423986
1,1024,2,62,temporal,0.023255,0.556192,28,28672,136.65597964423986
1,1024,2,63,temporal,0.021002,0.562721,28,28672,150.2868273047207
1,1024,2,63,static,0.073391,0.704095,263,269312,150.2868273047207
1,1024,2,64,static,0.097347,0.624885,265,271360,203.9131611215392
1,1024,2,64,temporal,0.024537,0.574629,28,28672,203.9131611215392
1,1024,2,65,temporal,0.023195,0.551014,28,28672,216.94688901395594
1,1024,2,65,static,0.082816,0.643233,263,269312,216.94688901395594
1,1024,2,66,static,0.101273,0.646407,266,272384,198.79177445253723
1,1024,2,66,temporal,0.027882,0.569912,28,28672,198.79177445253723
1,1024,2,67,temporal,0.022525,0.592406,28,28672,-242.52351685464836
1,1024,2,67,static,0.080011,0.610474,266,272384,-242.52351685464836
1,1024,2,68,static,0.094883,0.621339,264,270336,-239.14193162775825
1,1024,2,68,temporal,0.024347,0.570923,28,28672,-239.14193162775825
1,1024,2,69,temporal,0.02658,0.557673,28,28672,-141.82824968575807
1,1024,2,69,static,0.091268,0.637284,265,271360,-141.82824968575807
1,1024,2,70,static,0.082635,0.62797,262,268288,216.94412529784228
1,1024,2,70,temporal,0.038999,0.688992,28,28672,216.94412529784228
1,1024,2,71,temporal,0.028874,0.576882,28,28672,157.0522956021272
1,1024,2,71,static,0.080071,0.602872,263,269312,157.0522956021272
1,1024,2,72,static,0.071008,0.624725,264,270336,-208.55629601807445
1,1024,2,72,temporal,0.024688,0.563232,28,28672,-208.55629601807445
1,1024,2,73,temporal,0.023556,0.567368,28,28672,49.509567300271975
1,1024,2,73,static,0.084188,0.629493,265,271360,49.509567300271975
1,1024,2,74,static,0.071118,0.592847,264,270336,-142.35481321392524
1,1024,2,74,temporal,0.022504,0.568379,28,28672,-142.35481321392524
1,1024,2,75,temporal,0.022444,0.553787,28,28672,31.8417090067649
1,1024,2,75,static,0.088484,0.619707,266,272384,31.8417090067649
1,1024,2,76,static,0.094302,0.643523,264,270336,22.74481710135997
1,1024,2,76,temporal,0.025678,0.576311,28,28672,22.74481710135997
1,1024,2,77,temporal,0.023585,0.569101,28,28672,-6.455350305758283
1,1024,2,77,static,0.077948,0.627059,264,270336,-6.455350305758283
1,1024,2,78,static,0.100442,0.634099,264,270336,-138.54400842191237
1,1024,2,78,temporal,0.030166,0.837437,28,28672,-138.54400842191237
1,1024,2,79,temporal,0.035604,0.610954,28,28672,139.66125854483016
1,1024,2,79,static,0.088785,0.641551,266,272384,139.66125854483016
1,1024,2,80,static,0.086961,0.646397,264,270336,147.13250685287153
1,1024,2,80,temporal,0.025118,0.552726,28,28672,147.13250685287153
1,1024,2,81,temporal,0.024346,0.570953,28,28672,145.93771308552442
1,1024,2,81,static,0.096887,0.639277,266,272384,145.93771308552442
1,1024,2,82,static,0.065659,0.599657,266,272384,199.9204513679998
1,1024,2,82,temporal,0.022995,0.563382,28,28672,199.9204513679998
1,1024,2,83,temporal,0.026219,0.582951,28,28672,138.7586014750787
1,1024,2,83,static,0.142055,0.671817,266,272384,138.7586014750787
1,1024,2,84,static,0.07282,0.617644,266,272384,183.8018092614473
1,1024,2,84,temporal,0.022343,0.550282,28,28672,183.8018092614473
1,1024,2,85,temporal,0.022975,0.567909,28,28672,-64.11702375452147
1,1024,2,85,static,0.09224,0.636994,265,271360,-64.11702375452147
1,1024,2,86,static,0.096566,0.656292,263,269312,-31.619896031618882
1,1024,2,86,temporal,0.024977,0.589752,28,28672,-31.619896031618882
1,1024,2,87,temporal,0.023886,0.545094,28,28672,-132.47046471741788
1,1024,2,87,static,0.080512,0.625806,265,271360,-132.47046471741788
1,1024,2,88,static,0.078078,0.625446,264,270336,184.1436765035487
1,1024,2,88,temporal,0.023445,0.546867,28,28672,184.1436765035487
1,1024,2,89,temporal,0.023085,0.56882,28,28672,186.06425994057014
1,1024,2,89,static,0.088454,0.765698,266,272384,186.06425994057014
1,1024,2,90,static,0.165441,0.689964,266,272384,232.6508948075365
1,1024,2,90,temporal,0.028694,0.56165,28,28672,232.6508948075365
1,1024,2,91,temporal,0.023966,0.544213,28,28672,-26.310872282578796
1,1024,2,91,static,0.094773,0.632036,264,270336,-26.310872282578796
1,1024,2,92,static,0.093792,0.617675,266,272384,224.38964901253473
1,1024,2,92,temporal,0.02591,0.558555,28,28672,224.38964901253473
1,1024,2,93,temporal,0.0462,0.584143,28,28672,-118.96823822950552
1,1024,2,93,static,0.091849,0.609682,263,269312,-118.96823822950552
1,1024,2,94,static,0.084378,0.626417,266,272384,52.941718786519104
1,1024,2,94,temporal,0.025488,0.541569,28,28672,52.941718786519104
1,1024,2,95,temporal,0.023475,0.55542,28,28672,152.32079643042792
1,1024,2,95,static,0.085569,0.617484,266,272384,152.32079643042792
1,1024,2,96,static,0.07918,0.615111,264,270336,-235.99056056161305
1,1024,2,96,temporal,0.024237,0.565315,28,28672,-235.99056056161305
1,1024,2,97,temporal,0.024617,0.54227,28,28672,0.9652392614501479
1,1024,2,97,static,0.09241,0.626398,266,272384,0.9652392614501479
1,1024,2,98,static,0.083477,0.623133,264,270336,47.02846808501521
1,1024,2,98,temporal,0.024918,0.540538,28,28672,47.02846808501521
1,1024,2,99,temporal,0.023525,0.557954,28,28672,156.82339295333009
1,1024,2,99,static,0.098519,0.648721,264,270336,156.82339295333009
1,1024,2,100,static,0.095054,0.631836,266,272384,226.21612431199702
1,1024,2,100,temporal,0.025188,0.645417,28,28672,226.21612431199702
1,1024,2,101,temporal,0.031137,0.552616,28,28672,158.743244046152
1,1024,2,101,static,0.082234,0.615972,264,270336,158.743244046152
1,1024,2,102,static,0.077307,0.597765,265,271360,-175.35839861456446
1,1024,2,102,temporal,0.023055,0.552346,28,28672,-175.35839861456446
1,1024,2,103,temporal,0.024357,0.564734,28,28672,117.63990080373301
1,1024,2,103,static,0.123046,0.643163,264,270336,117.63990080373301
1,1024,2,104,static,0.078208,0.618936,265,271360,-9.514064883294628
1,1024,2,104,temporal,0.024828,0.540388,28,28672,-9.514064883294628
1,1024,2,105,temporal,0.021162,0.560708,28,28672,-114.55722463555009
1,1024,2,105,static,0.078498,0.595761,266,272384,-114.55722463555009
1,1024,2,106,static,0.087512,0.622121,264,270336,110.60073492243154
1,1024,2,106,temporal,0.024177,0.558856,28,28672,110.60073492243154
1,1024,2,107,temporal,0.029644,0.553487,28,28672,203.71297190325635
1,1024,2,107,static,0.075785,0.612697,264,270336,203.71297190325635
1,1024,2,108,static,0.11236,0.633849,264,270336,44.79036278996305
1,1024,2,108,temporal,0.02607,0.563463,28,28672,44.79036278996305
1,1024,2,109,temporal,0.024037,0.553668,28,28672,-118.96823822950552
1,1024,2,109,static,0.0927,0.631605,263,269312,-118.96823822950552
1,1024,2,110,static,0.082595,0.618936,263,269312,23.41029769021161
1,1024,2,110,temporal,0.023876,0.547428,28,28672,23.41029769021161
1,1024,2,111,temporal,0.022764,0.55583,28,28672,-101.93271596363317
1,1024,2,111,static,0.073111,0.604545,266,272384,-101.93271596363317
1,1024,2,112,static,0.094103,0.616072,264,270336,-212.24225208712045
1,1024,2,112,temporal,0.024347,0.560818,28,28672,-212.24225208712045
1,1024,2,113,temporal,0.024227,0.559947,27,27648,5.6240892362932975
1,1024,2,113,static,0.094232,0.631455,263,269312,5.6240892362932975
1,1024,2,114,static,0.081253,0.60142,264,270336,-234.77699292104737
1,1024,2,114,temporal,0.040231,0.554789,28,28672,-234.77699292104737
1,1024,2,115,temporal,0.024277,0.558324,28,28672,-28.612074070412977
1,1024,2,115,static,0.103967,0.619987,262,268288,-28.612074070412977
1,1024,2,116,static,0.071548,0.878068,264,270336,-248.3850886284499
1,1024,2,116,temporal,0.039861,0.613438,28,28672,-248.3850886284499
1,1024,2,117,temporal,0.029515,0.54857,28,28672,211.6502687099367
1,1024,2,117,static,0.164599,0.78665,267,273408,211.6502687099367
1,1024,2,118,static,0.09898,0.660699,264,270336,-152.48226335483682
1,1024,2,118,temporal,0.028003,0.549802,28,28672,-152.48226335483682
1,1024,2,119,temporal,0.023125,0.564925,28,28672,-244.9378158920915
1,1024,2,119,static,0.073511,0.701611,265,271360,-244.9378158920915
1,1024,3,0,temporal,0.034683,0.56196,28,28672,-128.89151964409385
1,1024,3,0,static,0.088935,0.632767,263,269312,-128.89151964409385
1,1024,3,1,static,0.090347,0.62136,265,271360,-216.18254822519143
1,1024,3,1,temporal,0.024827,0.57538,28,28672,-216.18254822519143
1,1024,3,2,temporal,0.025098,0.561339,28,28672,-178.54661235659438
1,1024,3,2,static,0.095194,0.643984,265,271360,-178.54661235659438
1,1024,3,3,static,0.081493,0.631455,264,270336,-64.42694054820143
1,1024,3,3,temporal,0.025619,0.552456,28,28672,-64.42694054820143
1,1024,3,4,temporal,0.022624,0.575099,28,28672,133.8070028710446
1,1024,3,4,static,0.085909,0.62811,266,272384,133.8070028710446
1,1024,3,5,static,0.092821,0.619858,262,268288,-131.33407469793192
1,1024,3,5,temporal,0.024337,0.565706,28,28672,-131.33407469793192
1,1024,3,6,temporal,0.022044,0.572486,27,27648,-71.55373290697958
1,1024,3,6,static,0.070277,0.60777,266,272384,-71.55373290697958
1,1024,3,7,static,0.080171,0.622051,265,271360,-116.13079642960425
1,1024,3,7,temporal,0.023726,0.54193,28,28672,-116.13079642960425
1,1024,3,8,temporal,0.022534,0.5619,28,28672,-212.24225208712045
1,1024,3,8,static,0.093311,0.616302,264,270336,-212.24225208712045
1,1024,3,9,static,0.076906,0.619617,263,269312,-244.06798176021272
1,1024,3,9,temporal,0.024236,0.564774,28,28672,-244.06798176021272
1,1024,3,10,temporal,0.022794,0.724475,28,28672,-219.92116318415452
1,1024,3,10,static,0.083646,0.659167,266,272384,-219.92116318415452
1,1024,3,11,static,0.07314,0.698546,266,272384,157.29917554627954
1,1024,3,11,temporal,0.032158,0.554378,28,28672,157.29917554627954
1,1024,3,12,temporal,0.024427,0.562861,28,28672,-173.65307259578833
1,1024,3,12,static,0.095174,0.637294,264,270336,-173.65307259578833
1,1024,3,13,static,0.064637,0.617313,265,271360,151.72050262562405
1,1024,3,13,temporal,0.024918,0.544544,28,28672,151.72050262562405
1,1024,3,14,temporal,0.038938,0.563422,28,28672,-195.22530412854243
1,1024,3,14,static,0.090206,0.631365,263,269312,-195.22530412854243
1,1024,3,15,static,0.100232,0.622662,266,272384,138.7586014750787
1,1024,3,15,temporal,0.024988,0.560888,28,28672,138.7586014750787
1,1024,3,16,temporal,0.023145,0.564764,28,28672,-6.455350305758283
1,1024,3,16,static,0.100301,0.624845,264,270336,-6.455350305758283
1,1024,3,17,static,0.067011,0.60176,264,270336,-13.61222888610076
1,1024,3,17,temporal,0.022784,0.542661,28,28672,-13.61222888610076
1,1024,3,18,temporal,0.021483,0.560498,28,28672,-248.27850467632837
1,1024,3,18,static,0.071518,0.58819,264,270336,-248.27850467632837
1,1024,3,19,static,0.067753,0.603143,264,270336,-138.71161618630708
1,1024,3,19,temporal,0.022093,0.577233,28,28672,-138.71161618630708
1,1024,3,20,temporal,0.025799,0.54908,28,28672,213.41343865724042
1,1024,3,20,static,0.103196,0.638145,264,270336,213.41343865724042
1,1024,3,21,static,0.076426,0.598395,265,271360,186.9775739150411
1,1024,3,21,temporal,0.022635,0.555751,28,28672,186.9775739150411
1,1024,3,22,temporal,0.023045,0.539856,27,27648,-140.0030566887032
1,1024,3,22,static,0.095004,0.630414,265,271360,-140.0030566887032
1,1024,3,23,static,0.073692,0.610634,264,270336,184.1436765035487
1,1024,3,23,temporal,0.024037,0.546156,28,28672,184.1436765035487
1,1024,3,24,temporal,0.021402,0.559276,28,28672,99.7424398269
1,1024,3,24,static,0.077927,0.598094,266,272384,99.7424398269
1,1024,3,25,static,0.074974,0.612327,265,271360,125.51251331258727
1,1024,3,25,temporal,0.022744,0.56215,28,28672,125.51251331258727
1,1024,3,26,temporal,0.024597,0.566858,28,28672,103.85382422230303
1,1024,3,26,static,0.087032,0.634179,265,271360,103.85382422230303
1,1024,3,27,static,0.106101,0.631916,263,269312,188.6714748460224
1,1024,3,27,temporal,0.027211,0.566176,27,27648,188.6714748460224
1,1024,3,28,temporal,0.023816,0.570473,28,28672,195.80996510912587
1,1024,3,28,static,0.088374,0.62782,263,269312,195.80996510912587
1,1024,3,29,static,0.076325,1.499087,264,270336,34.06952676770362
1,1024,3,29,temporal,0.0526,0.572546,28,28672,34.06952676770362
1,1024,3,30,temporal,0.025188,0.64787,28,28672,178.66928248152354
1,1024,3,30,static,0.916766,1.468881,264,270336,178.66928248152354
1,1024,3,31,static,0.087473,0.688101,266,272384,123.1710884189406
1,1024,3,31,temporal,0.028393,0.58893,28,28672,123.1710884189406
1,1024,3,32,temporal,0.02627,0.759579,28,28672,14.338568864409044
1,1024,3,32,static,0.13216,0.676393,264,270336,14.338568864409044
1,1024,3,33,static,0.111859,0.674901,266,272384,138.7586014750787
1,1024,3,33,temporal,0.029485,0.567859,28,28672,138.7586014750787
1,1024,3,34,temporal,0.022524,0.583432,28,28672,79.90134622067596
1,1024,3,34,static,0.103366,0.659357,264,270336,79.90134622067596
1,1024,3,35,static,0.094072,0.635211,266,272384,222.4772167646162
1,1024,3,35,temporal,0.024867,0.759608,28,28672,222.4772167646162
1,1024,3,36,temporal,0.038288,0.618686,28,28672,-70.08850019364401
1,1024,3,36,static,0.098078,0.640248,266,272384,-70.08850019364401
1,1024,3,37,static,0.081072,0.644665,264,270336,-133.13724617456614
1,1024,3,37,temporal,0.026029,0.600538,28,28672,-133.13724617456614
1,1024,3,38,temporal,0.027301,0.570383,28,28672,-39.834798714834676
1,1024,3,38,static,0.089416,0.756745,266,272384,-39.834798714834676
1,1024,3,39,static,0.090317,0.634851,265,271360,89.61987157301807
1,1024,3,39,temporal,0.045919,0.589301,28,28672,89.61987157301807
1,1024,3,40,temporal,0.024186,0.5883,28,28672,28.673869677212142
1,1024,3,40,static,0.094803,0.664014,264,270336,28.673869677212142
1,1024,3,41,static,0.085669,0.65449,263,269312,199.2590467434593
1,1024,3,41,temporal,0.024628,0.654861,28,28672,199.2590467434593
1,1024,3,42,temporal,0.030887,0.578415,28,28672,-101.93271596363317
1,1024,3,42,static,0.074333,0.640279,266,272384,-101.93271596363317
1,1024,3,43,static,0.092029,0.655401,266,272384,174.96417984494238
1,1024,3,43,temporal,0.024156,0.587438,28,28672,174.96417984494238
1,1024,3,44,temporal,0.023355,0.583953,28,28672,181.4449673814687
1,1024,3,44,static,0.077828,0.620759,264,270336,181.4449673814687
1,1024,3,45,static,0.159281,0.738877,263,269312,244.08739719782085
1,1024,3,45,temporal,0.029584,0.592215,28,28672,244.08739719782085
1,1024,3,46,temporal,0.024898,0.56833,28,28672,-53.35603905548028
1,1024,3,46,static,0.089876,0.650555,266,272384,-53.35603905548028
1,1024,3,47,static,0.077247,0.656443,265,271360,-247.08829200577625
1,1024,3,47,temporal,0.025118,0.567698,28,28672,-247.08829200577625
1,1024,3,48,temporal,0.021292,0.672507,28,28672,40.45785749438763
1,1024,3,48,static,0.087873,0.637034,264,270336,40.45785749438763
1,1024,3,49,static,0.097287,0.643914,264,270336,204.13039866695618
1,1024,3,49,temporal,0.024066,0.585005,28,28672,204.13039866695618
1,1024,3,50,temporal,0.021613,0.587138,28,28672,160.89841954372287
1,1024,3,50,static,0.188836,0.781693,266,272384,160.89841954372287
1,1024,3,51,static,0.077437,0.708201,265,271360,59.69788219079578
1,1024,3,51,temporal,0.031718,0.577423,28,28672,59.69788219079578
1,1024,3,52,temporal,0.021543,0.584505,28,28672,116.57760762526692
1,1024,3,52,static,0.068964,0.637874,265,271360,116.57760762526692
1,1024,3,53,static,0.083236,0.75365,264,270336,17.612642682769735
1,1024,3,53,temporal,0.033971,0.612496,28,28672,17.612642682769735
1,1024,3,54,temporal,0.034282,0.597644,28,28672,185.98877202256475
1,1024,3,54,static,0.080271,0.624925,266,272384,185.98877202256475
1,1024,3,55,static,0.09882,0.664976,264,270336,47.15174156073637
1,1024,3,55,temporal,0.027001,0.6283,28,28672,47.15174156073637
1,1024,3,56,temporal,0.029845,0.639898,28,28672,17.304144164303295
1,1024,3,56,static,0.092499,0.658205,264,270336,17.304144164303295
1,1024,3,57,static,0.11868,0.662282,264,270336,161.8619219446678
1,1024,3,57,temporal,0.026149,0.583582,28,28672,161.8619219446678
1,1024,3,58,temporal,0.024657,0.583552,28,28672,-15.377266773144228
1,1024,3,58,static,0.089776,0.633308,266,272384,-15.377266773144228
1,1024,3,59,static,0.078489,0.641711,264,270336,130.11064063420463
1,1024,3,59,temporal,0.024767,0.587819,28,28672,130.11064063420463
1,1024,3,60,temporal,0.023195,0.583692,28,28672,173.01738943858015
1,1024,3,60,static,0.078058,0.640469,264,270336,173.01738943858015
1,1024,3,61,static,0.077087,0.630674,266,272384,187.00309934378419
1,1024,3,61,temporal,0.022845,0.586057,28,28672,187.00309934378419
1,1024,3,62,temporal,0.022664,0.570603,28,28672,136.65597964423986
1,1024,3,62,static,0.089175,0.656012,264,270336,136.65597964423986
1,1024,3,63,static,0.073061,0.64135,263,269312,150.2868273047207
1,1024,3,63,temporal,0.023966,0.563232,28,28672,150.2868273047207
1,1024,3,64,temporal,0.023015,0.586427,28,28672,203.9131611215392
1,1024,3,64,static,0.095935,0.659187,265,271360,203.9131611215392
1,1024,3,65,static,0.084027,0.629612,263,269312,216.94688901395594
1,1024,3,65,temporal,0.023886,0.586547,28,28672,216.94688901395594
1,1024,3,66,temporal,0.027712,0.592726,28,28672,198.79177445253723
1,1024,3,66,static,0.134274,0.677976,266,272384,198.79177445253723
1,1024,3,67,static,0.075825,0.636513,266,272384,-242.52351685464836
1,1024,3,67,temporal,0.023626,0.569321,28,28672,-242.52351685464836
1,1024,3,68,temporal,0.022233,0.583002,28,28672,-239.14193162775825
1,1024,3,68,static,0.080913,0.622462,264,270336,-239.14193162775825
1,1024,3,69,static,0.113772,0.683093,265,271360,-141.82824968575807
1,1024,3,69,temporal,0.029625,0.595801,28,28672,-141.82824968575807
1,1024,3,70,temporal,0.024888,0.563933,28,28672,216.94412529784228
1,1024,3,70,static,0.089525,0.660168,262,268288,216.94412529784228
1,1024,3,71,static,0.07914,0.643734,263,269312,157.0522956021272
1,1024,3,71,temporal,0.025018,0.573197,28,28672,157.0522956021272
1,1024,3,72,temporal,0.021513,0.586447,28,28672,-208.55629601807445
1,1024,3,72,static,0.073191,0.64114,264,270336,-208.55629601807445
1,1024,3,73,static,0.087482,0.629943,265,271360,49.509567300271975
1,1024,3,73,temporal,0.022043,0.586147,28,28672,49.509567300271975
1,1024,3,74,temporal,0.022224,0.570242,28,28672,-142.35481321392524
1,1024,3,74,static,0.070817,0.632327,264,270336,-142.35481321392524
1,1024,3,75,static,0.071017,0.611435,266,272384,31.8417090067649
1,1024,3,75,temporal,0.037537,0.787121,28,28672,31.8417090067649
1,1024,3,76,temporal,0.040942,0.618225,28,28672,22.74481710135997
1,1024,3,76,static,0.096326,0.651996,264,270336,22.74481710135997
1,1024,3,77,static,0.079811,0.684405,264,270336,-6.455350305758283
1,1024,3,77,temporal,0.031347,0.614589,28,28672,-6.455350305758283
1,1024,3,78,temporal,0.028834,0.566267,28,28672,-138.54400842191237
1,1024,3,78,static,0.118068,0.681881,264,270336,-138.54400842191237
1,1024,3,79,static,0.083687,0.642492,266,272384,139.66125854483016
1,1024,3,79,temporal,0.025448,0.560588,28,28672,139.66125854483016
1,1024,3,80,temporal,0.022203,0.57558,28,28672,147.13250685287153
1,1024,3,80,static,0.08596,0.645056,264,270336,147.13250685287153
1,1024,3,81,static,0.088114,0.637104,266,272384,145.93771308552442
1,1024,3,81,temporal,0.023555,0.577613,28,28672,145.93771308552442
1,1024,3,82,temporal,0.022194,0.583272,28,28672,199.9204513679998
1,1024,3,82,static,0.068244,0.629322,266,272384,199.9204513679998
1,1024,3,83,static,0.112741,0.673749,266,272384,138.7586014750787
1,1024,3,83,temporal,0.027702,0.564343,28,28672,138.7586014750787
1,1024,3,84,temporal,0.021823,0.58157,28,28672,183.8018092614473
1,1024,3,84,static,0.071098,0.609442,266,272384,183.8018092614473
1,1024,3,85,static,0.103167,0.658977,265,271360,-64.11702375452147
1,1024,3,85,temporal,0.025098,0.580748,28,28672,-64.11702375452147
1,1024,3,86,temporal,0.023295,0.561028,28,28672,-31.619896031618882
1,1024,3,86,static,0.081003,0.632848,263,269312,-31.619896031618882
1,1024,3,87,static,0.078588,0.615781,265,271360,-132.47046471741788
1,1024,3,87,temporal,0.044918,0.580558,28,28672,-132.47046471741788
1,1024,3,88,temporal,0.022594,0.577684,28,28672,184.1436765035487
1,1024,3,88,static,0.080842,0.638496,264,270336,184.1436765035487
1,1024,3,89,static,0.089175,0.647299,266,272384,186.06425994057014
1,1024,3,89,temporal,0.025228,0.749884,28,28672,186.06425994057014
1,1024,3,90,temporal,0.038328,0.643343,28,28672,232.6508948075365
1,1024,3,90,static,0.106391,0.679818,266,272384,232.6508948075365
1,1024,3,91,static,0.095725,0.651716,264,270336,-26.310872282578796
1,1024,3,91,temporal,0.025859,0.583793,28,28672,-26.310872282578796
1,1024,3,92,temporal,0.024718,0.583683,28,28672,224.38964901253473
1,1024,3,92,static,0.095284,0.632347,266,272384,224.38964901253473
1,1024,3,93,static,0.104007,0.706388,263,269312,-118.96823822950552
1,1024,3,93,temporal,0.032078,0.613077,28,28672,-118.96823822950552
1,1024,3,94,temporal,0.027832,0.578045,28,28672,52.941718786519104
1,1024,3,94,static,0.0794,0.638235,266,272384,52.941718786519104
1,1024,3,95,static,0.141974,0.743424,266,272384,152.32079643042792
1,1024,3,95,temporal,0.027942,0.573287,28,28672,152.32079643042792
1,1024,3,96,temporal,0.022023,0.585476,28,28672,-235.99056056161305
1,1024,3,96,static,0.080572,0.645195,264,270336,-235.99056056161305
1,1024,3,97,static,0.087733,0.635261,266,272384,0.9652392614501479
1,1024,3,97,temporal,0.024136,0.586337,28,28672,0.9652392614501479
1,1024,3,98,temporal,0.023055,0.592727,28,28672,47.02846808501521
1,1024,3,98,static,0.076015,0.638826,264,270336,47.02846808501521
1,1024,3,99,static,0.095464,0.739408,264,270336,156.82339295333009
1,1024,3,99,temporal,0.033821,0.574268,28,28672,156.82339295333009
1,1024,3,100,temporal,0.023886,0.599216,28,28672,226.21612431199702
1,1024,3,100,static,0.099411,0.662082,266,272384,226.21612431199702
1,1024,3,101,static,0.080892,0.644334,264,270336,158.743244046152
1,1024,3,101,temporal,0.024808,0.58191,28,28672,158.743244046152
1,1024,3,102,temporal,0.023075,0.561339,28,28672,-175.35839861456446
1,1024,3,102,static,0.07962,0.700569,265,271360,-175.35839861456446
1,1024,3,103,static,0.100052,0.677936,264,270336,117.63990080373301
1,1024,3,103,temporal,0.028413,0.569,28,28672,117.63990080373301
1,1024,3,104,temporal,0.022864,0.582931,28,28672,-9.514064883294628
1,1024,3,104,static,0.078369,0.665246,265,271360,-9.514064883294628
1,1024,3,105,static,0.076536,0.617354,266,272384,-114.55722463555009
1,1024,3,105,temporal,0.023846,0.595871,28,28672,-114.55722463555009
1,1024,3,106,temporal,0.024256,0.563492,28,28672,110.60073492243154
1,1024,3,106,static,0.074803,0.660349,264,270336,110.60073492243154
1,1024,3,107,static,0.077698,1.616876,264,270336,203.71297190325635
1,1024,3,107,temporal,0.050847,0.648121,28,28672,203.71297190325635
1,1024,3,108,temporal,0.032529,0.714801,28,28672,44.79036278996305
1,1024,3,108,static,0.131349,0.774932,264,270336,44.79036278996305
1,1024,3,109,static,0.104058,0.629452,263,269312,-118.96823822950552
1,1024,3,109,temporal,0.025769,0.564093,28,28672,-118.96823822950552
1,1024,3,110,temporal,0.076466,0.644194,28,28672,23.41029769021161
1,1024,3,110,static,0.089996,0.61472,263,269312,23.41029769021161
1,1024,3,111,static,0.076987,0.76003,266,272384,-101.93271596363317
1,1024,3,111,temporal,0.033561,0.660278,28,28672,-101.93271596363317
1,1024,3,112,temporal,0.03286,0.563392,28,28672,-212.24225208712045
1,1024,3,112,static,0.094874,0.637885,264,270336,-212.24225208712045
1,1024,3,113,static,0.091949,0.676333,263,269312,5.6240892362932975
1,1024,3,113,temporal,0.030176,0.557383,27,27648,5.6240892362932975
1,1024,3,114,temporal,0.022785,0.566507,28,28672,-234.77699292104737
1,1024,3,114,static,0.083506,0.7143,264,270336,-234.77699292104737
1,1024,3,115,static,0.153863,0.683003,262,268288,-28.612074070412977
1,1024,3,115,temporal,0.028182,0.569972,28,28672,-28.612074070412977
1,1024,3,116,temporal,0.024938,0.577484,28,28672,-248.3850886284499
1,1024,3,116,static,0.082154,0.626998,264,270336,-248.3850886284499
1,1024,3,117,static,0.095635,0.639547,267,273408,211.6502687099367
1,1024,3,117,temporal,0.02686,0.55586,28,28672,211.6502687099367
1,1024,3,118,temporal,0.022344,0.645086,28,28672,-152.48226335483682
1,1024,3,118,static,0.096706,0.624043,264,270336,-152.48226335483682
1,1024,3,119,static,0.075354,0.625116,265,271360,-244.9378158920915
1,1024,3,119,temporal,0.044527,0.591114,28,28672,-244.9378158920915
2,1024,0,0,static,0.104508,0.724957,263,269312,-128.89151964409385
2,1024,0,0,temporal,0.03291,0.589632,28,28672,-128.89151964409385
2,1024,0,1,temporal,0.027051,0.552415,28,28672,-216.18254822519143
2,1024,0,1,static,0.09237,0.631936,265,271360,-216.18254822519143
2,1024,0,2,static,0.348077,0.981375,265,271360,-178.54661235659438
2,1024,0,2,temporal,0.036145,0.646818,28,28672,-178.54661235659438
2,1024,0,3,temporal,0.062184,0.597964,28,28672,-64.42694054820143
2,1024,0,3,static,0.08622,0.633218,264,270336,-64.42694054820143
2,1024,0,4,static,0.087042,0.626137,266,272384,133.8070028710446
2,1024,0,4,temporal,0.02682,0.577834,28,28672,133.8070028710446
2,1024,0,5,temporal,0.028062,0.558785,28,28672,-131.33407469793192
2,1024,0,5,static,0.107082,0.658295,262,268288,-131.33407469793192
2,1024,0,6,static,0.073381,0.625006,266,272384,-71.55373290697958
2,1024,0,6,temporal,0.023886,0.55559,27,27648,-71.55373290697958
2,1024,0,7,temporal,0.022635,0.56844,28,28672,-116.13079642960425
2,1024,0,7,static,0.082645,0.626138,265,271360,-116.13079642960425
2,1024,0,8,static,0.091979,0.624315,264,270336,-212.24225208712045
2,1024,0,8,temporal,0.023686,0.569993,28,28672,-212.24225208712045
2,1024,0,9,temporal,0.023766,0.574039,28,28672,-244.06798176021272
2,1024,0,9,static,0.084157,0.809534,263,269312,-244.06798176021272
2,1024,0,10,static,0.085099,0.640249,266,272384,-219.92116318415452
2,1024,0,10,temporal,0.02616,0.636503,28,28672,-219.92116318415452
2,1024,0,11,temporal,0.029645,0.602311,28,28672,157.29917554627954
2,1024,0,11,static,0.082585,0.631575,266,272384,157.29917554627954
2,1024,0,12,static,0.10569,0.66143,264,270336,-173.65307259578833
2,1024,0,12,temporal,0.02683,0.578605,28,28672,-173.65307259578833
2,1024,0,13,temporal,0.023435,0.560818,28,28672,151.72050262562405
2,1024,0,13,static,0.086931,0.635621,265,271360,151.72050262562405
2,1024,0,14,static,0.09261,0.761762,263,269312,-195.22530412854243
2,1024,0,14,temporal,0.035784,0.574889,28,28672,-195.22530412854243
2,1024,0,15,temporal,0.02626,0.586908,28,28672,138.7586014750787
2,1024,0,15,static,0.145079,0.695472,266,272384,138.7586014750787
2,1024,0,16,static,0.084278,0.620839,264,270336,-6.455350305758283
2,1024,0,16,temporal,0.024647,0.594879,28,28672,-6.455350305758283
2,1024,0,17,temporal,0.023085,0.558084,28,28672,-13.61222888610076
2,1024,0,17,static,0.085198,0.621099,264,270336,-13.61222888610076
2,1024,0,18,static,0.069124,0.616242,264,270336,-248.27850467632837
2,1024,0,18,temporal,0.022844,0.575851,28,28672,-248.27850467632837
2,1024,0,19,temporal,0.023335,0.57551,28,28672,-138.71161618630708
2,1024,0,19,static,0.076005,0.613118,264,270336,-138.71161618630708
2,1024,0,20,static,0.101764,0.640168,264,270336,213.41343865724042
2,1024,0,20,temporal,0.025108,0.576662,28,28672,213.41343865724042
2,1024,0,21,temporal,0.023506,0.558996,28,28672,186.9775739150411
2,1024,0,21,static,0.076656,0.629983,265,271360,186.9775739150411
2,1024,0,22,static,0.080672,0.652667,265,271360,-140.0030566887032
2,1024,0,22,temporal,0.024868,0.563483,27,27648,-140.0030566887032
2,1024,0,23,temporal,0.021473,0.577694,28,28672,184.1436765035487
2,1024,0,23,static,0.077387,0.613438,264,270336,184.1436765035487
2,1024,0,24,static,0.074123,0.627369,266,272384,99.7424398269
2,1024,0,24,temporal,0.03356,0.590423,28,28672,99.7424398269
2,1024,0,25,temporal,0.023535,0.580858,28,28672,125.51251331258727
2,1024,0,25,static,0.075675,0.629813,265,271360,125.51251331258727
2,1024,0,26,static,0.085259,0.838729,265,271360,103.85382422230303
2,1024,0,26,temporal,0.035003,0.659047,28,28672,103.85382422230303
2,1024,0,27,temporal,0.033531,0.612516,27,27648,188.6714748460224
2,1024,0,27,static,0.107673,0.797196,263,269312,188.6714748460224
2,1024,0,28,static,0.086381,0.869776,263,269312,195.80996510912587
2,1024,0,28,temporal,0.037367,0.577263,28,28672,195.80996510912587
2,1024,0,29,temporal,0.023195,0.577073,28,28672,34.06952676770362
2,1024,0,29,static,0.084088,0.62142,264,270336,34.06952676770362
2,1024,0,30,static,0.075034,0.631335,264,270336,178.66928248152354
2,1024,0,30,temporal,0.023856,0.648491,28,28672,178.66928248152354
2,1024,0,31,temporal,0.028914,0.614159,28,28672,123.1710884189406
2,1024,0,31,static,0.078478,0.659637,266,272384,123.1710884189406
2,1024,0,32,static,0.089495,0.650434,264,270336,14.338568864409044
2,1024,0,32,temporal,0.026179,0.56209,28,28672,14.338568864409044
2,1024,0,33,temporal,0.025428,0.580398,28,28672,138.7586014750787
2,1024,0,33,static,0.110116,0.76739,266,272384,138.7586014750787
2,1024,0,34,static,0.127273,0.72033,264,270336,79.90134622067596
2,1024,0,34,temporal,0.030666,0.779048,28,28672,79.90134622067596
2,1024,0,35,temporal,0.035384,0.605596,28,28672,222.4772167646162
2,1024,0,35,static,0.098569,0.693919,266,272384,222.4772167646162
2,1024,0,36,static,0.098549,0.670394,266,272384,-70.08850019364401
2,1024,0,36,temporal,0.248716,0.936106,28,28672,-70.08850019364401
2,1024,0,37,temporal,0.036876,0.709484,28,28672,-133.13724617456614
2,1024,0,37,static,0.094443,0.626868,264,270336,-133.13724617456614
2,1024,0,38,static,0.088323,0.659978,266,272384,-39.834798714834676
2,1024,0,38,temporal,0.028363,0.553077,28,28672,-39.834798714834676
2,1024,0,39,temporal,0.022444,0.566357,28,28672,89.61987157301807
2,1024,0,39,static,0.078088,0.693038,265,271360,89.61987157301807
2,1024,0,40,static,0.101023,0.653699,264,270336,28.673869677212142
2,1024,0,40,temporal,0.02673,0.576722,28,28672,28.673869677212142
2,1024,0,41,temporal,0.024757,0.572356,28,28672,199.2590467434593
2,1024,0,41,static,0.078168,0.607859,263,269312,199.2590467434593
2,1024,0,42,static,0.06632,0.612717,266,272384,-101.93271596363317
2,1024,0,42,temporal,0.022744,0.550072,28,28672,-101.93271596363317
2,1024,0,43,temporal,0.022575,0.569041,28,28672,174.96417984494238
2,1024,0,43,static,0.090487,0.705427,266,272384,174.96417984494238
2,1024,0,44,static,0.085159,0.617324,264,270336,181.4449673814687
2,1024,0,44,temporal,0.02632,0.640469,28,28672,181.4449673814687
2,1024,0,45,temporal,0.031438,0.566256,28,28672,244.08739719782085
2,1024,0,45,static,0.143838,0.678516,263,269312,244.08739719782085
2,1024,0,46,static,0.089585,0.709683,266,272384,-53.35603905548028
2,1024,0,46,temporal,0.032319,0.593498,28,28672,-53.35603905548028
2,1024,0,47,temporal,0.024657,0.573407,28,28672,-247.08829200577625
2,1024,0,47,static,0.076245,0.619697,265,271360,-247.08829200577625
2,1024,0,48,static,0.078108,0.841854,264,270336,40.45785749438763
2,1024,0,48,temporal,0.034582,0.604234,28,28672,40.45785749438763
2,1024,0,49,temporal,0.025179,0.570033,28,28672,204.13039866695618
2,1024,0,49,static,0.073662,0.623263,264,270336,204.13039866695618
2,1024,0,50,static,0.068463,0.61525,266,272384,160.89841954372287
2,1024,0,50,temporal,0.023926,0.569741,28,28672,160.89841954372287
2,1024,0,51,temporal,0.023255,0.576622,28,28672,59.69788219079578
2,1024,0,51,static,0.073451,0.624815,265,271360,59.69788219079578
2,1024,0,52,static,0.066611,0.671215,265,271360,116.57760762526692
2,1024,0,52,temporal,0.028944,0.59506,28,28672,116.57760762526692
2,1024,0,53,temporal,0.025169,0.592497,28,28672,17.612642682769735
2,1024,0,53,static,0.084288,0.616122,264,270336,17.612642682769735
2,1024,0,54,static,0.07252,0.617725,266,272384,185.98877202256475
2,1024,0,54,temporal,0.024657,0.552495,28,28672,185.98877202256475
2,1024,0,55,temporal,0.022554,0.569331,28,28672,47.15174156073637
2,1024,0,55,static,0.09231,0.640799,264,270336,47.15174156073637
2,1024,0,56,static,0.085289,0.662181,264,270336,17.304144164303295
2,1024,0,56,temporal,0.02666,0.572846,28,28672,17.304144164303295
2,1024,0,57,temporal,0.025469,0.556222,28,28672,161.8619219446678
2,1024,0,57,static,0.106782,0.652687,264,270336,161.8619219446678
2,1024,0,58,static,0.090928,0.64128,266,272384,-15.377266773144228
2,1024,0,58,temporal,0.025849,0.553377,28,28672,-15.377266773144228
2,1024,0,59,temporal,0.021873,0.56911,28,28672,130.11064063420463
2,1024,0,59,static,0.078379,0.625997,264,270336,130.11064063420463
2,1024,0,60,static,0.073782,0.618235,264,270336,173.01738943858015
2,1024,0,60,temporal,0.022454,0.565195,28,28672,173.01738943858015
2,1024,0,61,temporal,0.022524,0.552646,28,28672,187.00309934378419
2,1024,0,61,static,0.073051,0.620368,266,272384,187.00309934378419
2,1024,0,62,static,0.07255,0.600228,264,270336,136.65597964423986
2,1024,0,62,temporal,0.021893,0.563191,28,28672,136.65597964423986
2,1024,0,63,temporal,0.023375,0.566957,28,28672,150.2868273047207
2,1024,0,63,static,0.088334,0.617775,263,269312,150.2868273047207
2,1024,0,64,static,0.083066,0.633228,265,271360,203.9131611215392
2,1024,0,64,temporal,0.027772,0.557493,28,28672,203.9131611215392
2,1024,0,65,temporal,0.022144,0.56821,28,28672,216.94688901395594
2,1024,0,65,static,0.083156,0.630153,263,269312,216.94688901395594
2,1024,0,66,static,0.118399,0.66805,266,272384,198.79177445253723
2,1024,0,66,temporal,0.026891,0.573778,28,28672,198.79177445253723
2,1024,0,67,temporal,0.024537,0.568941,28,28672,-242.52351685464836
2,1024,0,67,static,0.075704,0.624164,266,272384,-242.52351685464836
2,1024,0,68,static,0.080422,0.624445,264,270336,-239.14193162775825
2,1024,0,68,temporal,0.023826,0.552245,28,28672,-239.14193162775825
2,1024,0,69,temporal,0.022254,0.565025,28,28672,-141.82824968575807
2,1024,0,69,static,0.092771,0.642312,265,271360,-141.82824968575807
2,1024,0,70,static,0.084678,0.6348,262,268288,216.94412529784228
2,1024,0,70,temporal,0.024688,0.656443,28,28672,216.94412529784228
2,1024,0,71,temporal,0.030617,0.698427,28,28672,157.0522956021272
2,1024,0,71,static,0.082745,0.641019,263,269312,157.0522956021272
2,1024,0,72,static,0.074643,0.615972,264,270336,-208.55629601807445
2,1024,0,72,temporal,0.024146,0.600969,28,28672,-208.55629601807445
2,1024,0,73,temporal,0.029404,0.590373,28,28672,49.509567300271975
2,1024,0,73,static,0.075895,0.598916,265,271360,49.509567300271975
2,1024,0,74,static,0.070457,0.614159,264,270336,-142.35481321392524
2,1024,0,74,temporal,0.023586,0.56197,28,28672,-142.35481321392524
2,1024,0,75,temporal,0.022654,0.544784,28,28672,31.8417090067649
2,1024,0,75,static,0.076035,0.614219,266,272384,31.8417090067649
2,1024,0,76,static,0.09292,0.642021,264,270336,22.74481710135997
2,1024,0,76,temporal,0.024908,0.613017,28,28672,22.74481710135997
2,1024,0,77,temporal,0.026601,0.650414,28,28672,-6.455350305758283
2,1024,0,77,static,0.08584,0.612186,264,270336,-6.455350305758283
2,1024,0,78,static,0.097267,0.740339,264,270336,-138.54400842191237
2,1024,0,78,temporal,0.034953,0.656783,28,28672,-138.54400842191237
2,1024,0,79,temporal,0.146552,0.702963,28,28672,139.66125854483016
2,1024,0,79,static,0.088464,0.655101,266,272384,139.66125854483016
2,1024,0,80,static,0.088343,0.639156,264,270336,147.13250685287153
2,1024,0,80,temporal,0.027531,0.563652,28,28672,147.13250685287153
2,1024,0,81,temporal,0.023936,0.585536,28,28672,145.93771308552442
2,1024,0,81,static,0.086531,0.709723,266,272384,145.93771308552442
2,1024,0,82,static,0.07957,0.712287,266,272384,199.9204513679998
2,1024,0,82,temporal,0.030876,0.598535,28,28672,199.9204513679998
2,1024,0,83,temporal,0.029925,0.565846,28,28672,138.7586014750787
2,1024,0,83,static,0.135384,0.668901,266,272384,138.7586014750787
2,1024,0,84,static,0.068624,0.619808,266,272384,183.8018092614473
2,1024,0,84,temporal,0.022834,0.554659,28,28672,183.8018092614473
2,1024,0,85,temporal,0.023536,0.580308,28,28672,-64.11702375452147
2,1024,0,85,static,0.095574,0.648421,265,271360,-64.11702375452147
2,1024,0,86,static,0.103367,0.640769,263,269312,-31.619896031618882
2,1024,0,86,temporal,0.024497,0.649262,28,28672,-31.619896031618882
2,1024,0,87,temporal,0.031328,0.565786,28,28672,-132.47046471741788
2,1024,0,87,static,0.08595,0.651766,265,271360,-132.47046471741788
2,1024,0,88,static,0.081413,0.700259,264,270336,184.1436765035487
2,1024,0,88,temporal,0.030316,0.584564,28,28672,184.1436765035487
2,1024,0,89,temporal,0.025629,0.576692,28,28672,186.06425994057014
2,1024,0,89,static,0.088644,0.758196,266,272384,186.06425994057014
2,1024,0,90,static,0.106942,0.642852,266,272384,232.6508948075365
2,1024,0,90,temporal,0.02609,0.64764,28,28672,232.6508948075365
2,1024,0,91,temporal,0.031979,0.646178,28,28672,-26.310872282578796
2,1024,0,91,static,0.15833,0.797196,264,270336,-26.310872282578796
2,1024,0,92,static,0.10539,0.675192,266,272384,224.38964901253473
2,1024,0,92,temporal,0.028423,0.571384,28,28672,224.38964901253473
2,1024,0,93,temporal,0.023636,0.550422,28,28672,-118.96823822950552
2,1024,0,93,static,0.090688,0.637685,263,269312,-118.96823822950552
2,1024,0,94,static,0.086451,0.706719,266,272384,52.941718786519104
2,1024,0,94,temporal,0.03281,0.585686,28,28672,52.941718786519104
2,1024,0,95,temporal,0.024978,0.573478,28,28672,152.32079643042792
2,1024,0,95,static,0.089436,0.618836,266,272384,152.32079643042792
2,1024,0,96,static,0.080372,0.631045,264,270336,-235.99056056161305
2,1024,0,96,temporal,0.023826,0.570222,28,28672,-235.99056056161305
2,1024,0,97,temporal,0.025268,0.556061,28,28672,0.9652392614501479
2,1024,0,97,static,0.087903,0.634089,266,272384,0.9652392614501479
2,1024,0,98,static,0.079069,0.634189,264,270336,47.02846808501521
2,1024,0,98,temporal,0.025228,0.571995,28,28672,47.02846808501521
2,1024,0,99,temporal,0.025728,0.556171,28,28672,156.82339295333009
2,1024,0,99,static,0.113512,0.719178,264,270336,156.82339295333009
2,1024,0,100,static,0.101524,0.666078,266,272384,226.21612431199702
2,1024,0,100,temporal,0.030836,0.618145,28,28672,226.21612431199702
2,1024,0,101,temporal,0.05286,0.613849,28,28672,158.743244046152
2,1024,0,101,static,0.085329,0.642122,264,270336,158.743244046152
2,1024,0,102,static,0.081293,0.618976,265,271360,-175.35839861456446
2,1024,0,102,temporal,0.023765,0.579576,28,28672,-175.35839861456446
2,1024,0,103,temporal,0.024988,0.582922,28,28672,117.63990080373301
2,1024,0,103,static,0.096406,0.635391,264,270336,117.63990080373301
2,1024,0,104,static,0.07272,0.6283,265,271360,-9.514064883294628
2,1024,0,104,temporal,0.023486,0.67414,28,28672,-9.514064883294628
2,1024,0,105,temporal,0.067342,0.600398,28,28672,-114.55722463555009
2,1024,0,105,static,0.211409,0.781101,266,272384,-114.55722463555009
2,1024,0,106,static,0.078058,0.605015,264,270336,110.60073492243154
2,1024,0,106,temporal,0.022474,0.563583,28,28672,110.60073492243154
2,1024,0,107,temporal,0.021243,0.635622,28,28672,203.71297190325635
2,1024,0,107,static,0.083126,0.64805,264,270336,203.71297190325635
2,1024,0,108,static,0.120963,0.671055,264,270336,44.79036278996305
2,1024,0,108,temporal,0.028974,0.572146,28,28672,44.79036278996305
2,1024,0,109,temporal,0.027261,0.553898,28,28672,-118.96823822950552
2,1024,0,109,static,0.092309,0.636823,263,269312,-118.96823822950552
2,1024,0,110,static,0.083937,0.613708,263,269312,23.41029769021161
2,1024,0,110,temporal,0.023045,0.564594,28,28672,23.41029769021161
2,1024,0,111,temporal,0.022124,0.58806,28,28672,-101.93271596363317
2,1024,0,111,static,0.075625,0.606257,266,272384,-101.93271596363317
2,1024,0,112,static,0.093892,0.645887,264,270336,-212.24225208712045
2,1024,0,112,temporal,0.031678,0.563322,28,28672,-212.24225208712045
2,1024,0,113,temporal,0.024037,0.653939,27,27648,5.6240892362932975
2,1024,0,113,static,0.102485,0.71401,263,269312,5.6240892362932975
2,1024,0,114,static,0.088364,0.658847,264,270336,-234.77699292104737
2,1024,0,114,temporal,0.027852,0.757996,28,28672,-234.77699292104737
2,1024,0,115,temporal,0.037066,0.599307,28,28672,-28.612074070412977
2,1024,0,115,static,0.114744,0.694531,262,268288,-28.612074070412977
2,1024,0,116,static,0.113842,0.650083,264,270336,-248.3850886284499
2,1024,0,116,temporal,0.024497,0.776214,28,28672,-248.3850886284499
2,1024,0,117,temporal,0.037637,0.592907,28,28672,211.6502687099367
2,1024,0,117,static,0.11879,0.652377,267,273408,211.6502687099367
2,1024,0,118,static,0.089886,0.638566,264,270336,-152.48226335483682
2,1024,0,118,temporal,0.026019,0.557924,28,28672,-152.48226335483682
2,1024,0,119,temporal,0.023826,0.576983,28,28672,-244.9378158920915
2,1024,0,119,static,0.076105,0.697555,265,271360,-244.9378158920915
2,1024,1,0,temporal,0.032279,0.58846,28,28672,-128.89151964409385
2,1024,1,0,static,0.092219,0.642451,263,269312,-128.89151964409385
2,1024,1,1,static,0.090177,0.625617,265,271360,-216.18254822519143
2,1024,1,1,temporal,0.041392,0.572245,28,28672,-216.18254822519143
2,1024,1,2,temporal,0.022504,0.56883,28,28672,-178.54661235659438
2,1024,1,2,static,0.09259,0.624164,265,271360,-178.54661235659438
2,1024,1,3,static,0.078689,0.632466,264,270336,-64.42694054820143
2,1024,1,3,temporal,0.0269,0.577073,28,28672,-64.42694054820143
2,1024,1,4,temporal,0.023536,0.574229,28,28672,133.8070028710446
2,1024,1,4,static,0.080932,0.627248,266,272384,133.8070028710446
2,1024,1,5,static,0.093632,0.634901,262,268288,-131.33407469793192
2,1024,1,5,temporal,0.028023,0.576061,28,28672,-131.33407469793192
2,1024,1,6,temporal,0.022184,0.556212,27,27648,-71.55373290697958
2,1024,1,6,static,0.0855,0.668862,266,272384,-71.55373290697958
2,1024,1,7,static,0.0926,0.680349,265,271360,-116.13079642960425
2,1024,1,7,temporal,0.0263,0.564624,28,28672,-116.13079642960425
2,1024,1,8,temporal,0.024287,0.583002,28,28672,-212.24225208712045
2,1024,1,8,static,0.33085,0.913592,264,270336,-212.24225208712045
2,1024,1,9,static,0.087022,0.719308,263,269312,-244.06798176021272
2,1024,1,9,temporal,0.033,0.584905,28,28672,-244.06798176021272
2,1024,1,10,temporal,0.02632,0.572456,28,28672,-219.92116318415452
2,1024,1,10,static,0.075554,0.603012,266,272384,-219.92116318415452
2,1024,1,11,static,0.066931,0.619757,266,272384,157.29917554627954
2,1024,1,11,temporal,0.02588,0.567579,28,28672,157.29917554627954
2,1024,1,12,temporal,0.025899,0.558224,28,28672,-173.65307259578833
2,1024,1,12,static,0.095013,0.714821,264,270336,-173.65307259578833
2,1024,1,13,static,0.070938,0.627419,265,271360,151.72050262562405
2,1024,1,13,temporal,0.023736,0.581199,28,28672,151.72050262562405
2,1024,1,14,temporal,0.026881,0.57472,28,28672,-195.22530412854243
2,1024,1,14,static,0.093591,0.623032,263,269312,-195.22530412854243
2,1024,1,15,static,0.105019,0.653629,266,272384,138.7586014750787
2,1024,1,15,temporal,0.02593,0.55506,28,28672,138.7586014750787
2,1024,1,16,temporal,0.021913,0.568219,28,28672,-6.455350305758283
2,1024,1,16,static,0.101593,0.656853,264,270336,-6.455350305758283
2,1024,1,17,static,0.071187,0.606958,264,270336,-13.61222888610076
2,1024,1,17,temporal,0.022794,0.66158,28,28672,-13.61222888610076
2,1024,1,18,temporal,0.030907,0.603643,28,28672,-248.27850467632837
2,1024,1,18,static,0.078358,0.609602,264,270336,-248.27850467632837
2,1024,1,19,static,0.071067,0.693529,264,270336,-138.71161618630708
2,1024,1,19,temporal,0.031107,0.582261,28,28672,-138.71161618630708
2,1024,1,20,temporal,0.027292,0.575972,28,28672,213.41343865724042
2,1024,1,20,static,0.108414,0.655792,264,270336,213.41343865724042
2,1024,1,21,static,0.078909,0.612907,265,271360,186.9775739150411
2,1024,1,21,temporal,0.023035,0.572285,28,28672,186.9775739150411
2,1024,1,22,temporal,0.022914,0.548489,27,27648,-140.0030566887032
2,1024,1,22,static,0.166742,0.729974,265,271360,-140.0030566887032
2,1024,1,23,static,0.07919,0.743335,264,270336,184.1436765035487
2,1024,1,23,temporal,0.034072,0.571835,28,28672,184.1436765035487
2,1024,1,24,temporal,0.050867,0.593027,28,28672,99.7424398269
2,1024,1,24,static,0.07928,0.636302,266,272384,99.7424398269
2,1024,1,25,static,0.077036,0.645406,265,271360,125.51251331258727
2,1024,1,25,temporal,0.034582,0.612857,28,28672,125.51251331258727
2,1024,1,26,temporal,0.053982,0.613929,28,28672,103.85382422230303
2,1024,1,26,static,0.089675,0.631154,265,271360,103.85382422230303
2,1024,1,27,static,0.113031,0.675191,263,269312,188.6714748460224
2,1024,1,27,temporal,0.028183,0.583963,27,27648,188.6714748460224
2,1024,1,28,temporal,0.024617,0.576862,28,28672,195.80996510912587
2,1024,1,28,static,0.086691,0.643743,263,269312,195.80996510912587
2,1024,1,29,static,0.07948,0.644304,264,270336,34.06952676770362
2,1024,1,29,temporal,0.025609,0.583433,28,28672,34.06952676770362
2,1024,1,30,temporal,0.023245,0.690384,28,28672,178.66928248152354
2,1024,1,30,static,0.083776,0.877507,264,270336,178.66928248152354
2,1024,1,31,static,0.09223,0.687941,266,272384,123.1710884189406
2,1024,1,31,temporal,0.030065,0.677985,28,28672,123.1710884189406
2,1024,1,32,temporal,0.033781,0.602271,28,28672,14.338568864409044
2,1024,1,32,static,0.090787,0.625155,264,270336,14.338568864409044
2,1024,1,33,static,0.107883,0.660008,266,272384,138.7586014750787
2,1024,1,33,temporal,0.027291,0.557543,28,28672,138.7586014750787
2,1024,1,34,temporal,0.022745,0.568871,28,28672,79.90134622067596
2,1024,1,34,static,0.089916,0.711406,264,270336,79.90134622067596
2,1024,1,35,static,0.102825,0.696694,266,272384,222.4772167646162
2,1024,1,35,temporal,0.03275,0.618666,28,28672,222.4772167646162
2,1024,1,36,temporal,0.02592,0.636123,28,28672,-70.08850019364401
2,1024,1,36,static,0.100422,0.631295,266,272384,-70.08850019364401
2,1024,1,37,static,0.080492,0.71401,264,270336,-133.13724617456614
2,1024,1,37,temporal,0.031788,0.773731,28,28672,-133.13724617456614
2,1024,1,38,temporal,0.035845,0.592106,28,28672,-39.834798714834676
2,1024,1,38,static,0.096466,0.730374,266,272384,-39.834798714834676
2,1024,1,39,static,0.088384,0.659708,265,271360,89.61987157301807
2,1024,1,39,temporal,0.02638,0.55535,28,28672,89.61987157301807
2,1024,1,40,temporal,0.023746,0.572486,28,28672,28.673869677212142
2,1024,1,40,static,0.097498,0.719699,264,270336,28.673869677212142
2,1024,1,41,static,0.093421,0.655401,263,269312,199.2590467434593
2,1024,1,41,temporal,0.027141,0.57508,28,28672,199.2590467434593
2,1024,1,42,temporal,0.022975,0.55561,28,28672,-101.93271596363317
2,1024,1,42,static,0.073291,0.622171,266,272384,-101.93271596363317
2,1024,1,43,static,0.091829,0.644455,266,272384,174.96417984494238
2,1024,1,43,temporal,0.025208,0.557243,28,28672,174.96417984494238
2,1024,1,44,temporal,0.021492,0.569361,28,28672,181.4449673814687
2,1024,1,44,static,0.078058,0.626928,264,270336,181.4449673814687
2,1024,1,45,static,0.122145,0.656633,263,269312,244.08739719782085
2,1024,1,45,temporal,0.024797,0.572696,28,28672,244.08739719782085
2,1024,1,46,temporal,0.025589,0.557533,28,28672,-53.35603905548028
2,1024,1,46,static,0.090087,0.645637,266,272384,-53.35603905548028
2,1024,1,47,static,0.075324,0.606968,265,271360,-247.08829200577625
2,1024,1,47,temporal,0.041402,0.603673,28,28672,-247.08829200577625
2,1024,1,48,temporal,0.025409,0.573798,28,28672,40.45785749438763
2,1024,1,48,static,0.084588,0.61525,264,270336,40.45785749438763
2,1024,1,49,static,0.074322,0.752668,264,270336,204.13039866695618
2,1024,1,49,temporal,0.029925,0.580287,28,28672,204.13039866695618
2,1024,1,50,temporal,0.022454,0.552967,28,28672,160.89841954372287
2,1024,1,50,static,0.074203,0.622442,266,272384,160.89841954372287
2,1024,1,51,static,0.07235,0.628511,265,271360,59.69788219079578
2,1024,1,51,temporal,0.024998,0.58807,28,28672,59.69788219079578
2,1024,1,52,temporal,0.023606,0.582461,28,28672,116.57760762526692
2,1024,1,52,static,0.069956,0.600609,265,271360,116.57760762526692
2,1024,1,53,static,0.079049,0.631815,264,270336,17.612642682769735
2,1024,1,53,temporal,0.024937,0.574168,28,28672,17.612642682769735
2,1024,1,54,temporal,0.022374,0.579727,28,28672,185.98877202256475
2,1024,1,54,static,0.096797,0.649473,266,272384,185.98877202256475
2,1024,1,55,static,0.098099,0.633739,264,270336,47.15174156073637
2,1024,1,55,temporal,0.025508,0.577553,28,28672,47.15174156073637
2,1024,1,56,temporal,0.024387,0.557153,28,28672,17.304144164303295
2,1024,1,56,static,0.109205,0.643343,264,270336,17.304144164303295
2,1024,1,57,static,0.114733,0.668661,264,270336,161.8619219446678
2,1024,1,57,temporal,0.026881,0.577664,28,28672,161.8619219446678
2,1024,1,58,temporal,0.023936,0.603483,28,28672,-15.377266773144228
2,1024,1,58,static,0.093451,0.647138,266,272384,-15.377266773144228
2,1024,1,59,static,0.081954,0.618506,264,270336,130.11064063420463
2,1024,1,59,temporal,0.030506,0.579276,28,28672,130.11064063420463
2,1024,1,60,temporal,0.022835,0.555451,28,28672,173.01738943858015
2,1024,1,60,static,0.073821,0.625035,264,270336,173.01738943858015
2,1024,1,61,static,0.071208,0.645116,266,272384,187.00309934378419
2,1024,1,61,temporal,0.024396,0.558635,28,28672,187.00309934378419
2,1024,1,62,temporal,0.021533,0.571114,28,28672,136.65597964423986
2,1024,1,62,static,0.077508,0.610684,264,270336,136.65597964423986
2,1024,1,63,static,0.07234,0.625046,263,269312,150.2868273047207
2,1024,1,63,temporal,0.024237,0.570173,28,28672,150.2868273047207
2,1024,1,64,temporal,0.024527,0.622151,28,28672,203.9131611215392
2,1024,1,64,static,0.098048,0.774822,265,271360,203.9131611215392
2,1024,1,65,static,0.094332,0.726448,263,269312,216.94688901395594
2,1024,1,65,temporal,0.03293,0.649112,28,28672,216.94688901395594
2,1024,1,66,temporal,0.034082,0.608831,28,28672,198.79177445253723
2,1024,1,66,static,0.110166,0.76025,266,272384,198.79177445253723
2,1024,1,67,static,0.087092,0.646027,266,272384,-242.52351685464836
2,1024,1,67,temporal,0.024426,0.576381,28,28672,-242.52351685464836
2,1024,1,68,temporal,0.023546,0.556041,28,28672,-239.14193162775825
2,1024,1,68,static,0.100372,0.633288,264,270336,-239.14193162775825
2,1024,1,69,static,0.095234,0.650384,265,271360,-141.82824968575807
2,1024,1,69,temporal,0.025118,0.556622,28,28672,-141.82824968575807
2,1024,1,70,temporal,0.029564,0.652006,28,28672,216.94412529784228
2,1024,1,70,static,0.117758,0.669432,262,268288,216.94412529784228
2,1024,1,71,static,0.084388,1.485437,263,269312,157.0522956021272
2,1024,1,71,temporal,0.05317,0.612466,28,28672,157.0522956021272
2,1024,1,72,temporal,0.027512,0.776755,28,28672,-208.55629601807445
2,1024,1,72,static,0.105019,0.661481,264,270336,-208.55629601807445
2,1024,1,73,static,0.078589,0.613037,265,271360,49.509567300271975
2,1024,1,73,temporal,0.024918,1.44761,28,28672,49.509567300271975
2,1024,1,74,temporal,0.041793,0.62171,28,28672,-142.35481321392524
2,1024,1,74,static,0.083116,0.867502,264,270336,-142.35481321392524
2,1024,1,75,static,0.089886,0.632337,266,272384,31.8417090067649
2,1024,1,75,temporal,0.029184,0.582762,28,28672,31.8417090067649
2,1024,1,76,temporal,0.030225,0.56858,28,28672,22.74481710135997
2,1024,1,76,static,0.110577,0.630564,264,270336,22.74481710135997
2,1024,1,77,static,0.078278,0.610343,264,270336,-6.455350305758283
2,1024,1,77,temporal,0.024417,0.658777,28,28672,-6.455350305758283
2,1024,1,78,temporal,0.061564,0.607399,28,28672,-138.54400842191237
2,1024,1,78,static,0.110657,0.646517,264,270336,-138.54400842191237
2,1024,1,79,static,0.084378,0.606618,266,272384,139.66125854483016
2,1024,1,79,temporal,0.023365,0.556251,28,28672,139.66125854483016
2,1024,1,80,temporal,0.024096,0.540447,28,28672,147.13250685287153
2,1024,1,80,static,0.099931,0.624655,264,270336,147.13250685287153
2,1024,1,81,static,0.156998,0.725698,266,272384,145.93771308552442
2,1024,1,81,temporal,0.029665,0.576281,28,28672,145.93771308552442
2,1024,1,82,temporal,0.023356,0.56836,28,28672,199.9204513679998
2,1024,1,82,static,0.071999,0.613128,266,272384,199.9204513679998
2,1024,1,83,static,0.128915,0.666007,266,272384,138.7586014750787
2,1024,1,83,temporal,0.028433,0.577865,28,28672,138.7586014750787
2,1024,1,84,temporal,0.024447,0.658887,28,28672,183.8018092614473
2,1024,1,84,static,0.114163,0.665476,266,272384,183.8018092614473
2,1024,1,85,static,0.09319,0.634539,265,271360,-64.11702375452147
2,1024,1,85,temporal,0.025999,0.547037,28,28672,-64.11702375452147
2,1024,1,86,temporal,0.022764,0.610814,28,28672,-31.619896031618882
2,1024,1,86,static,0.088133,0.807061,263,269312,-31.619896031618882
2,1024,1,87,static,0.094073,0.685628,265,271360,-132.47046471741788
2,1024,1,87,temporal,0.030346,0.585095,28,28672,-132.47046471741788
2,1024,1,88,temporal,0.045319,0.583933,28,28672,184.1436765035487
2,1024,1,88,static,0.077968,0.600218,264,270336,184.1436765035487
2,1024,1,89,static,0.088974,0.626547,266,272384,186.06425994057014
2,1024,1,89,temporal,0.024587,0.619256,28,28672,186.06425994057014
2,1024,1,90,temporal,0.031538,0.58844,28,28672,232.6508948075365
2,1024,1,90,static,0.103737,0.642612,266,272384,232.6508948075365
2,1024,1,91,static,0.090668,0.675582,264,270336,-26.310872282578796
2,1024,1,91,temporal,0.030696,0.593948,28,28672,-26.310872282578796
2,1024,1,92,temporal,0.02636,0.578465,28,28672,224.38964901253473
2,1024,1,92,static,0.098039,0.620098,266,272384,224.38964901253473
2,1024,1,93,static,0.093672,0.637364,263,269312,-118.96823822950552
2,1024,1,93,temporal,0.027321,0.549601,28,28672,-118.96823822950552
2,1024,1,94,temporal,0.022905,0.564324,28,28672,52.941718786519104
2,1024,1,94,static,0.082855,0.639497,266,272384,52.941718786519104
2,1024,1,95,static,0.095375,0.623083,266,272384,152.32079643042792
2,1024,1,95,temporal,0.023916,0.574659,28,28672,152.32079643042792
2,1024,1,96,temporal,0.023315,0.556341,28,28672,-235.99056056161305
2,1024,1,96,static,0.079941,0.630654,264,270336,-235.99056056161305
2,1024,1,97,static,0.089515,0.639968,266,272384,0.9652392614501479
2,1024,1,97,temporal,0.024357,0.577724,28,28672,0.9652392614501479
2,1024,1,98,temporal,0.023315,0.572446,28,28672,47.02846808501521
2,1024,1,98,static,0.080952,0.605816,264,270336,47.02846808501521
2,1024,1,99,static,0.097017,0.649262,264,270336,156.82339295333009
2,1024,1,99,temporal,0.025779,0.573117,28,28672,156.82339295333009
2,1024,1,100,temporal,0.023646,0.556132,28,28672,226.21612431199702
2,1024,1,100,static,0.095214,0.649473,266,272384,226.21612431199702
2,1024,1,101,static,0.082295,0.635221,264,270336,158.743244046152
2,1024,1,101,temporal,0.023336,0.568981,28,28672,158.743244046152
2,1024,1,102,temporal,0.023004,0.566496,28,28672,-175.35839861456446
2,1024,1,102,static,0.082725,0.608871,265,271360,-175.35839861456446
2,1024,1,103,static,0.091658,0.64154,264,270336,117.63990080373301
2,1024,1,103,temporal,0.025559,0.573017,28,28672,117.63990080373301
2,1024,1,104,temporal,0.022394,0.578525,28,28672,-9.514064883294628
2,1024,1,104,static,0.099711,0.648972,265,271360,-9.514064883294628
2,1024,1,105,static,0.07946,0.61501,266,272384,-114.55722463555009
2,1024,1,105,temporal,0.023215,0.669563,28,28672,-114.55722463555009
2,1024,1,106,temporal,0.033019,0.663403,28,28672,110.60073492243154
2,1024,1,106,static,0.130057,0.670434,264,270336,110.60073492243154
2,1024,1,107,static,0.076886,0.717715,264,270336,203.71297190325635
2,1024,1,107,temporal,0.031468,0.665337,28,28672,203.71297190325635
2,1024,1,108,temporal,0.035603,0.585175,28,28672,44.79036278996305
2,1024,1,108,static,0.122436,0.676403,264,270336,44.79036278996305
2,1024,1,109,static,0.093061,0.65441,263,269312,-118.96823822950552
2,1024,1,109,temporal,0.167303,0.698266,28,28672,-118.96823822950552
2,1024,1,110,temporal,0.023846,0.640569,28,28672,23.41029769021161
2,1024,1,110,static,0.094092,0.699418,263,269312,23.41029769021161
2,1024,1,111,static,0.083055,0.619347,266,272384,-101.93271596363317
2,1024,1,111,temporal,0.023755,0.573998,28,28672,-101.93271596363317
2,1024,1,112,temporal,0.0266,0.559676,28,28672,-212.24225208712045
2,1024,1,112,static,0.09252,0.637194,264,270336,-212.24225208712045
2,1024,1,113,static,0.094023,0.639588,263,269312,5.6240892362932975
2,1024,1,113,temporal,0.025458,0.6544,27,27648,5.6240892362932975
2,1024,1,114,temporal,0.031588,0.598445,28,28672,-234.77699292104737
2,1024,1,114,static,0.090867,0.724065,264,270336,-234.77699292104737
2,1024,1,115,static,0.112299,0.647058,262,268288,-28.612074070412977
2,1024,1,115,temporal,0.0264,0.574489,28,28672,-28.612074070412977
2,1024,1,116,temporal,0.024016,0.724686,28,28672,-248.3850886284499
2,1024,1,116,static,0.089225,0.751416,264,270336,-248.3850886284499
2,1024,1,117,static,0.180983,0.715121,267,273408,211.6502687099367
2,1024,1,117,temporal,0.028834,0.574279,28,28672,211.6502687099367
2,1024,1,118,temporal,0.024017,0.555861,28,28672,-152.48226335483682
2,1024,1,118,static,0.090016,0.630884,264,270336,-152.48226335483682
2,1024,1,119,static,0.073631,0.68814,265,271360,-244.9378158920915
2,1024,1,119,temporal,0.031728,0.629632,28,28672,-244.9378158920915
2,1024,2,0,static,0.100242,0.678176,263,269312,-128.89151964409385
2,1024,2,0,temporal,0.027602,0.557323,28,28672,-128.89151964409385
2,1024,2,1,temporal,0.022704,0.569782,28,28672,-216.18254822519143
2,1024,2,1,static,0.091639,0.640348,265,271360,-216.18254822519143
2,1024,2,2,static,0.091939,0.626748,265,271360,-178.54661235659438
2,1024,2,2,temporal,0.023105,0.567598,28,28672,-178.54661235659438
2,1024,2,3,temporal,0.022655,0.577704,28,28672,-64.42694054820143
2,1024,2,3,static,0.088714,0.635692,264,270336,-64.42694054820143
2,1024,2,4,static,0.08595,0.732057,266,272384,133.8070028710446
2,1024,2,4,temporal,0.035133,0.567348,28,28672,133.8070028710446
2,1024,2,5,temporal,0.023675,0.58899,28,28672,-131.33407469793192
2,1024,2,5,static,0.095875,0.728742,262,268288,-131.33407469793192
2,1024,2,6,static,0.077287,0.634921,266,272384,-71.55373290697958
2,1024,2,6,temporal,0.032069,0.577224,27,27648,-71.55373290697958
2,1024,2,7,temporal,0.025088,0.556001,28,28672,-116.13079642960425
2,1024,2,7,static,0.098168,0.751326,265,271360,-116.13079642960425
2,1024,2,8,static,0.096886,0.657104,264,270336,-212.24225208712045
2,1024,2,8,temporal,0.025529,0.556352,28,28672,-212.24225208712045
2,1024,2,9,temporal,0.023125,0.573507,28,28672,-244.06798176021272
2,1024,2,9,static,0.10578,0.654349,263,269312,-244.06798176021272
2,1024,2,10,static,0.077767,0.612416,266,272384,-219.92116318415452
2,1024,2,10,temporal,0.023395,0.573097,28,28672,-219.92116318415452
2,1024,2,11,temporal,0.022995,0.562801,28,28672,157.29917554627954
2,1024,2,11,static,0.084177,0.637274,266,272384,157.29917554627954
2,1024,2,12,static,0.107222,0.666809,264,270336,-173.65307259578833
2,1024,2,12,temporal,0.02662,0.584834,28,28672,-173.65307259578833
2,1024,2,13,temporal,0.022084,0.576552,28,28672,151.72050262562405
2,1024,2,13,static,0.069135,0.605887,265,271360,151.72050262562405
2,1024,2,14,static,0.104809,0.647179,263,269312,-195.22530412854243
2,1024,2,14,temporal,0.024006,0.575651,28,28672,-195.22530412854243
2,1024,2,15,temporal,0.024937,0.565144,28,28672,138.7586014750787
2,1024,2,15,static,0.176647,0.751006,266,272384,138.7586014750787
2,1024,2,16,static,0.104828,0.665046,264,270336,-6.455350305758283
2,1024,2,16,temporal,0.025649,0.565896,28,28672,-6.455350305758283
2,1024,2,17,temporal,0.021543,0.576452,28,28672,-13.61222888610076
2,1024,2,17,static,0.074543,0.84621,264,270336,-13.61222888610076
2,1024,2,18,static,0.088654,0.624414,264,270336,-248.27850467632837
2,1024,2,18,temporal,0.023496,0.637975,28,28672,-248.27850467632837
2,1024,2,19,temporal,0.028814,0.643103,28,28672,-138.71161618630708
2,1024,2,19,static,0.124288,0.663093,264,270336,-138.71161618630708
2,1024,2,20,static,0.16545,1.081396,264,270336,213.41343865724042
2,1024,2,20,temporal,0.047552,0.713008,28,28672,213.41343865724042
2,1024,2,21,temporal,0.034833,0.662773,28,28672,186.9775739150411
2,1024,2,21,static,0.095154,0.657665,265,271360,186.9775739150411
2,1024,2,22,static,0.085149,0.711577,265,271360,-140.0030566887032
2,1024,2,22,temporal,0.033351,0.715703,27,27648,-140.0030566887032
2,1024,2,23,temporal,0.032829,0.556892,28,28672,184.1436765035487
2,1024,2,23,static,0.07914,0.648752,264,270336,184.1436765035487
2,1024,2,24,static,0.07928,0.763665,266,272384,99.7424398269
2,1024,2,24,temporal,0.034722,0.580798,28,28672,99.7424398269
2,1024,2,25,temporal,0.025178,0.587589,28,28672,125.51251331258727
2,1024,2,25,static,0.083997,0.642903,265,271360,125.51251331258727
2,1024,2,26,static,0.088724,0.612576,265,271360,103.85382422230303
2,1024,2,26,temporal,0.024497,0.585025,28,28672,103.85382422230303
2,1024,2,27,temporal,0.029225,0.55497,27,27648,188.6714748460224
2,1024,2,27,static,0.161635,0.74009,263,269312,188.6714748460224
2,1024,2,28,static,0.095425,0.666489,263,269312,195.80996510912587
2,1024,2,28,temporal,0.027322,0.554089,28,28672,195.80996510912587
2,1024,2,29,temporal,0.022924,0.589822,28,28672,34.06952676770362
2,1024,2,29,static,0.081934,0.647319,264,270336,34.06952676770362
2,1024,2,30,static,0.080211,0.603493,264,270336,178.66928248152354
2,1024,2,30,temporal,0.022224,0.706108,28,28672,178.66928248152354
2,1024,2,31,temporal,0.032119,0.605867,28,28672,123.1710884189406
2,1024,2,31,static,0.080391,0.606888,266,272384,123.1710884189406
2,1024,2,32,static,0.084268,0.627509,264,270336,14.338568864409044
2,1024,2,32,temporal,0.025178,0.549831,28,28672,14.338568864409044
2,1024,2,33,temporal,0.025508,0.56861,28,28672,138.7586014750787
2,1024,2,33,static,0.111979,0.658325,266,272384,138.7586014750787
2,1024,2,34,static,0.08582,0.81336,264,270336,79.90134622067596
2,1024,2,34,temporal,0.035934,0.587719,28,28672,79.90134622067596
2,1024,2,35,temporal,0.029134,0.567238,28,28672,222.4772167646162
2,1024,2,35,static,0.109907,0.631926,266,272384,222.4772167646162
2,1024,2,36,static,0.091628,0.628811,266,272384,-70.08850019364401
2,1024,2,36,temporal,0.02611,0.545625,28,28672,-70.08850019364401
2,1024,2,37,temporal,0.028753,0.632316,28,28672,-133.13724617456614
2,1024,2,37,static,0.108674,0.646547,264,270336,-133.13724617456614
2,1024,2,38,static,0.088604,0.610574,266,272384,-39.834798714834676
2,1024,2,38,temporal,0.023745,0.556822,28,28672,-39.834798714834676
2,1024,2,39,temporal,0.024227,0.545906,28,28672,89.61987157301807
2,1024,2,39,static,0.078339,0.626628,265,271360,89.61987157301807
2,1024,2,40,static,0.104629,0.644054,264,270336,28.673869677212142
2,1024,2,40,temporal,0.025739,0.565194,28,28672,28.673869677212142
2,1024,2,41,temporal,0.023065,0.562581,28,28672,199.2590467434593
2,1024,2,41,static,0.07972,0.601029,263,269312,199.2590467434593
2,1024,2,42,static,0.067422,0.71452,266,272384,-101.93271596363317
2,1024,2,42,temporal,0.033441,0.587499,28,28672,-101.93271596363317
2,1024,2,43,temporal,0.02674,0.54886,28,28672,174.96417984494238
2,1024,2,43,static,0.091859,0.699318,266,272384,174.96417984494238
2,1024,2,44,static,0.085899,0.642571,264,270336,181.4449673814687
2,1024,2,44,temporal,0.025458,0.543151,28,28672,181.4449673814687
2,1024,2,45,temporal,0.024347,0.559837,28,28672,244.08739719782085
2,1024,2,45,static,0.102805,0.622191,263,269312,244.08739719782085
2,1024,2,46,static,0.272412,0.803586,266,272384,-53.35603905548028
2,1024,2,46,temporal,0.028523,0.578695,28,28672,-53.35603905548028
2,1024,2,47,temporal,0.024767,0.56881,28,28672,-247.08829200577625
2,1024,2,47,static,0.081473,0.617654,265,271360,-247.08829200577625
2,1024,2,48,static,0.077918,0.597514,264,270336,40.45785749438763
2,1024,2,48,temporal,0.022654,0.557002,28,28672,40.45785749438763
2,1024,2,49,temporal,0.022143,0.64136,28,28672,204.13039866695618
2,1024,2,49,static,0.077457,0.599967,264,270336,204.13039866695618
2,1024,2,50,static,0.06649,0.679648,266,272384,160.89841954372287
2,1024,2,50,temporal,0.030596,0.589372,28,28672,160.89841954372287
2,1024,2,51,temporal,0.025589,0.544103,28,28672,59.69788219079578
2,1024,2,51,static,0.075644,0.610693,265,271360,59.69788219079578
2,1024,2,52,static,0.067372,0.592125,265,271360,116.57760762526692
2,1024,2,52,temporal,0.021102,0.557593,28,28672,116.57760762526692
2,1024,2,53,temporal,0.022735,0.606037,28,28672,17.612642682769735
2,1024,2,53,static,0.116727,0.910727,264,270336,17.612642682769735
2,1024,2,54,static,0.090156,0.652417,266,272384,185.98877202256475
2,1024,2,54,temporal,0.028112,0.563953,28,28672,185.98877202256475
2,1024,2,55,temporal,0.025809,0.610233,28,28672,47.15174156073637
2,1024,2,55,static,0.103677,0.652797,264,270336,47.15174156073637
2,1024,2,56,static,0.089175,0.692778,264,270336,17.304144164303295
2,1024,2,56,temporal,0.031938,0.609291,28,28672,17.304144164303295
2,1024,2,57,temporal,0.031928,0.585015,28,28672,161.8619219446678
2,1024,2,57,static,0.117558,0.640439,264,270336,161.8619219446678
2,1024,2,58,static,0.090887,0.632907,266,272384,-15.377266773144228
2,1024,2,58,temporal,0.025479,0.560208,28,28672,-15.377266773144228
2,1024,2,59,temporal,0.023756,0.543953,28,28672,130.11064063420463
2,1024,2,59,static,0.082345,0.688261,264,270336,130.11064063420463
2,1024,2,60,static,0.082985,0.625055,264,270336,173.01738943858015
2,1024,2,60,temporal,0.031638,0.571464,28,28672,173.01738943858015
2,1024,2,61,temporal,0.023405,0.558765,28,28672,187.00309934378419
2,1024,2,61,static,0.079009,0.601179,266,272384,187.00309934378419
2,1024,2,62,static,0.07226,0.606658,264,270336,136.65597964423986
2,1024,2,62,temporal,0.022865,0.556372,28,28672,136.65597964423986
2,1024,2,63,temporal,0.108324,0.657384,28,28672,150.2868273047207
2,1024,2,63,static,0.097677,0.632787,263,269312,150.2868273047207
2,1024,2,64,static,0.090327,0.608931,265,271360,203.9131611215392
2,1024,2,64,temporal,0.024547,0.556892,28,28672,203.9131611215392
2,1024,2,65,temporal,0.023085,0.543893,28,28672,216.94688901395594
2,1024,2,65,static,0.082535,0.615471,263,269312,216.94688901395594
2,1024,2,66,static,0.101554,0.716744,266,272384,198.79177445253723
2,1024,2,66,temporal,0.03334,0.577924,28,28672,198.79177445253723
2,1024,2,67,temporal,0.024077,0.559587,28,28672,-242.52351685464836
2,1024,2,67,static,0.078368,0.598385,266,272384,-242.52351685464836
2,1024,2,68,static,0.093031,0.615131,264,270336,-239.14193162775825
2,1024,2,68,temporal,0.024647,0.558865,28,28672,-239.14193162775825
2,1024,2,69,temporal,0.023576,0.949627,28,28672,-141.82824968575807
2,1024,2,69,static,0.113381,0.796254,265,271360,-141.82824968575807
2,1024,2,70,static,0.096255,0.655431,262,268288,216.94412529784228
2,1024,2,70,temporal,0.028353,0.58144,28,28672,216.94412529784228
2,1024,2,71,temporal,0.025549,0.546717,28,28672,157.0522956021272
2,1024,2,71,static,0.080342,0.617424,263,269312,157.0522956021272
2,1024,2,72,static,0.069926,0.65435,264,270336,-208.55629601807445
2,1024,2,72,temporal,0.029955,0.583352,28,28672,-208.55629601807445
2,1024,2,73,temporal,0.043797,0.580969,28,28672,49.509567300271975
2,1024,2,73,static,0.085779,0.657945,265,271360,49.509567300271975
2,1024,2,74,static,0.076335,0.629682,264,270336,-142.35481321392524
2,1024,2,74,temporal,0.025699,0.645076,28,28672,-142.35481321392524
2,1024,2,75,temporal,0.030857,0.624665,28,28672,31.8417090067649
2,1024,2,75,static,0.083165,0.679938,266,272384,31.8417090067649
2,1024,2,76,static,0.09902,0.768182,264,270336,22.74481710135997
2,1024,2,76,temporal,0.036044,0.556922,28,28672,22.74481710135997
2,1024,2,77,temporal,0.023936,0.620458,28,28672,-6.455350305758283
2,1024,2,77,static,0.087833,0.611605,264,270336,-6.455350305758283
2,1024,2,78,static,0.12567,0.651936,264,270336,-138.54400842191237
2,1024,2,78,temporal,0.025549,0.638436,28,28672,-138.54400842191237
2,1024,2,79,temporal,0.031648,0.576022,28,28672,139.66125854483016
2,1024,2,79,static,0.089155,0.627509,266,272384,139.66125854483016
2,1024,2,80,static,0.08626,0.627098,264,270336,147.13250685287153
2,1024,2,80,temporal,0.025168,0.545014,28,28672,147.13250685287153
2,1024,2,81,temporal,0.024267,0.56819,28,28672,145.93771308552442
2,1024,2,81,static,0.091638,0.613978,266,272384,145.93771308552442
2,1024,2,82,static,0.063445,0.611074,266,272384,199.9204513679998
2,1024,2,82,temporal,0.023636,0.564604,28,28672,199.9204513679998
2,1024,2,83,temporal,0.041453,0.567779,28,28672,138.7586014750787
2,1024,2,83,static,0.11846,0.654741,266,272384,138.7586014750787
2,1024,2,84,static,0.070106,0.598576,266,272384,183.8018092614473
2,1024,2,84,temporal,0.02618,0.564755,28,28672,183.8018092614473
2,1024,2,85,temporal,0.024387,0.547588,28,28672,-64.11702375452147
2,1024,2,85,static,0.10577,0.626127,265,271360,-64.11702375452147
2,1024,2,86,static,0.101213,0.644685,263,269312,-31.619896031618882
2,1024,2,86,temporal,0.024467,0.550813,28,28672,-31.619896031618882
2,1024,2,87,temporal,0.022013,0.564754,28,28672,-132.47046471741788
2,1024,2,87,static,0.200563,0.752919,265,271360,-132.47046471741788
2,1024,2,88,static,0.078669,0.611355,264,270336,184.1436765035487
2,1024,2,88,temporal,0.023425,0.572145,28,28672,184.1436765035487
2,1024,2,89,temporal,0.025518,0.582631,28,28672,186.06425994057014
2,1024,2,89,static,0.089355,0.638826,266,272384,186.06425994057014
2,1024,2,90,static,0.09943,0.661831,266,272384,232.6508948075365
2,1024,2,90,temporal,0.027942,0.561178,28,28672,232.6508948075365
2,1024,2,91,temporal,0.024046,0.570382,28,28672,-26.310872282578796
2,1024,2,91,static,0.093462,0.626258,264,270336,-26.310872282578796
2,1024,2,92,static,0.108534,0.64135,266,272384,224.38964901253473
2,1024,2,92,temporal,0.044217,0.591134,28,28672,224.38964901253473
2,1024,2,93,temporal,0.024287,0.558876,28,28672,-118.96823822950552
2,1024,2,93,static,0.089215,0.636223,263,269312,-118.96823822950552
2,1024,2,94,static,0.076155,0.610884,266,272384,52.941718786519104
2,1024,2,94,temporal,0.023455,0.570192,28,28672,52.941718786519104
2,1024,2,95,temporal,0.025068,0.571194,28,28672,152.32079643042792
2,1024,2,95,static,0.085449,0.637404,266,272384,152.32079643042792
2,1024,2,96,static,0.07939,0.628981,264,270336,-235.99056056161305
2,1024,2,96,temporal,0.024447,0.554769,28,28672,-235.99056056161305
2,1024,2,97,temporal,0.022835,0.571034,28,28672,0.9652392614501479
2,1024,2,97,static,0.091739,0.641971,266,272384,0.9652392614501479
2,1024,2,98,static,0.074363,0.613869,264,270336,47.02846808501521
2,1024,2,98,temporal,0.023496,0.570383,28,28672,47.02846808501521
2,1024,2,99,temporal,0.024878,0.577153,28,28672,156.82339295333009
2,1024,2,99,static,0.109756,0.642542,264,270336,156.82339295333009
2,1024,2,100,static,0.091689,0.64118,266,272384,226.21612431199702
2,1024,2,100,temporal,0.024908,0.556061,28,28672,226.21612431199702
2,1024,2,101,temporal,0.022393,0.570112,28,28672,158.743244046152
2,1024,2,101,static,0.078839,0.609782,264,270336,158.743244046152
2,1024,2,102,static,0.091238,0.647218,265,271360,-175.35839861456446
2,1024,2,102,temporal,0.024657,0.686759,28,28672,-175.35839861456446
2,1024,2,103,temporal,0.036475,0.633909,28,28672,117.63990080373301
2,1024,2,103,static,0.258471,0.803476,264,270336,117.63990080373301
2,1024,2,104,static,0.078699,0.655571,265,271360,-9.514064883294628
2,1024,2,104,temporal,0.027171,0.642812,28,28672,-9.514064883294628
2,1024,2,105,temporal,0.032979,0.596552,28,28672,-114.55722463555009
2,1024,2,105,static,0.074443,0.628931,266,272384,-114.55722463555009
2,1024,2,106,static,0.07283,0.618445,264,270336,110.60073492243154
2,1024,2,106,temporal,0.023606,0.577323,28,28672,110.60073492243154
2,1024,2,107,temporal,0.030436,0.590062,28,28672,203.71297190325635
2,1024,2,107,static,0.072289,0.619777,264,270336,203.71297190325635
2,1024,2,108,static,0.106731,0.673999,264,270336,44.79036278996305
2,1024,2,108,temporal,0.028152,0.587118,28,28672,44.79036278996305
2,1024,2,109,temporal,0.024527,0.58209,28,28672,-118.96823822950552
2,1024,2,109,static,0.091848,0.650053,263,269312,-118.96823822950552
2,1024,2,110,static,0.082855,0.627259,263,269312,23.41029769021161
2,1024,2,110,temporal,0.023486,0.578125,28,28672,23.41029769021161
2,1024,2,111,temporal,0.022294,0.723404,28,28672,-101.93271596363317
2,1024,2,111,static,0.091849,0.668572,266,272384,-101.93271596363317
2,1024,2,112,static,0.09892,0.668912,264,270336,-212.24225208712045
2,1024,2,112,temporal,0.027521,0.578575,28,28672,-212.24225208712045
2,1024,2,113,temporal,0.024778,0.566898,27,27648,5.6240892362932975
2,1024,2,113,static,0.090828,0.64757,263,269312,5.6240892362932975
2,1024,2,114,static,0.083286,0.625587,264,270336,-234.77699292104737
2,1024,2,114,temporal,0.023155,0.57548,28,28672,-234.77699292104737
2,1024,2,115,temporal,0.027221,0.781092,28,28672,-28.612074070412977
2,1024,2,115,static,0.117538,0.646187,262,268288,-28.612074070412977
2,1024,2,116,static,0.077938,0.623383,264,270336,-248.3850886284499
2,1024,2,116,temporal,0.023576,0.570042,28,28672,-248.3850886284499
2,1024,2,117,temporal,0.024627,0.551043,28,28672,211.6502687099367
2,1024,2,117,static,0.094793,0.716654,267,273408,211.6502687099367
2,1024,2,118,static,0.097668,0.66131,264,270336,-152.48226335483682
2,1024,2,118,temporal,0.027702,0.559616,28,28672,-152.48226335483682
2,1024,2,119,temporal,0.021383,0.569742,28,28672,-244.9378158920915
2,1024,2,119,static,0.074252,0.60129,265,271360,-244.9378158920915
2,1024,3,0,temporal,0.023215,0.567829,28,28672,-128.89151964409385
2,1024,3,0,static,0.091289,0.622732,263,269312,-128.89151964409385
2,1024,3,1,static,0.103536,0.656933,265,271360,-216.18254822519143
2,1024,3,1,temporal,0.028583,0.568199,28,28672,-216.18254822519143
2,1024,3,2,temporal,0.023886,0.55535,28,28672,-178.54661235659438
2,1024,3,2,static,0.094724,0.637905,265,271360,-178.54661235659438
2,1024,3,3,static,0.082114,0.610994,264,270336,-64.42694054820143
2,1024,3,3,temporal,0.037787,0.579987,28,28672,-64.42694054820143
2,1024,3,4,temporal,0.024427,0.570363,28,28672,133.8070028710446
2,1024,3,4,static,0.077337,0.630714,266,272384,133.8070028710446
2,1024,3,5,static,0.093371,0.649573,262,268288,-131.33407469793192
2,1024,3,5,temporal,0.02645,0.552887,28,28672,-131.33407469793192
2,1024,3,6,temporal,0.022023,0.572185,27,27648,-71.55373290697958
2,1024,3,6,static,0.071589,0.795884,266,272384,-71.55373290697958
2,1024,3,7,static,0.091708,0.620378,265,271360,-116.13079642960425
2,1024,3,7,temporal,0.025659,0.60819,28,28672,-116.13079642960425
2,1024,3,8,temporal,0.028533,0.56867,28,28672,-212.24225208712045
2,1024,3,8,static,0.096145,0.634199,264,270336,-212.24225208712045
2,1024,3,9,static,0.081563,0.625646,263,269312,-244.06798176021272
2,1024,3,9,temporal,0.023877,0.648321,28,28672,-244.06798176021272
2,1024,3,10,temporal,0.029655,0.56168,28,28672,-219.92116318415452
2,1024,3,10,static,0.074593,0.616453,266,272384,-219.92116318415452
2,1024,3,11,static,0.069334,0.619697,266,272384,157.29917554627954
2,1024,3,11,temporal,0.023746,0.572676,28,28672,157.29917554627954
2,1024,3,12,temporal,0.02619,0.570092,28,28672,-173.65307259578833
2,1024,3,12,static,0.095495,0.623533,264,270336,-173.65307259578833
2,1024,3,13,static,0.067301,0.608831,265,271360,151.72050262562405
2,1024,3,13,temporal,0.022363,0.609732,28,28672,151.72050262562405
2,1024,3,14,temporal,0.0329,0.587468,28,28672,-195.22530412854243
2,1024,3,14,static,0.098539,0.659437,263,269312,-195.22530412854243
2,1024,3,15,static,0.10588,0.64788,266,272384,138.7586014750787
2,1024,3,15,temporal,0.028353,0.57519,28,28672,138.7586014750787
2,1024,3,16,temporal,0.024386,0.554859,28,28672,-6.455350305758283
2,1024,3,16,static,0.081103,0.627289,264,270336,-6.455350305758283
2,1024,3,17,static,0.070637,0.616342,264,270336,-13.61222888610076
2,1024,3,17,temporal,0.022644,0.56866,28,28672,-13.61222888610076
2,1024,3,18,temporal,0.022424,0.563933,28,28672,-248.27850467632837
2,1024,3,18,static,0.073081,0.612376,264,270336,-248.27850467632837
2,1024,3,19,static,0.070837,0.614018,264,270336,-138.71161618630708
2,1024,3,19,temporal,0.022905,0.566497,28,28672,-138.71161618630708
2,1024,3,20,temporal,0.025568,0.553186,28,28672,213.41343865724042
2,1024,3,20,static,0.106862,0.652067,264,270336,213.41343865724042
2,1024,3,21,static,0.076295,0.625155,265,271360,186.9775739150411
2,1024,3,21,temporal,0.024647,0.570603,28,28672,186.9775739150411
2,1024,3,22,temporal,0.022795,0.562721,27,27648,-140.0030566887032
2,1024,3,22,static,0.080602,0.620889,265,271360,-140.0030566887032
2,1024,3,23,static,0.075444,0.618375,264,270336,184.1436765035487
2,1024,3,23,temporal,0.022935,0.574569,28,28672,184.1436765035487
2,1024,3,24,temporal,0.024577,0.567849,28,28672,99.7424398269
2,1024,3,24,static,0.079681,0.64115,266,272384,99.7424398269
2,1024,3,25,static,0.077578,0.604314,265,271360,125.51251331258727
2,1024,3,25,temporal,0.022724,0.566086,28,28672,125.51251331258727
2,1024,3,26,temporal,0.024827,0.551894,28,28672,103.85382422230303
2,1024,3,26,static,0.085759,0.629932,265,271360,103.85382422230303
2,1024,3,27,static,0.108444,2.000165,263,269312,188.6714748460224
2,1024,3,27,temporal,0.049686,0.590193,27,27648,188.6714748460224
2,1024,3,28,temporal,0.027091,0.553858,28,28672,195.80996510912587
2,1024,3,28,static,0.08594,0.621209,263,269312,195.80996510912587
2,1024,3,29,static,0.080192,0.738537,264,270336,34.06952676770362
2,1024,3,29,temporal,0.028904,0.569502,28,28672,34.06952676770362
2,1024,3,30,temporal,0.024947,0.573377,28,28672,178.66928248152354
2,1024,3,30,static,0.078279,0.601159,264,270336,178.66928248152354
2,1024,3,31,static,0.07293,0.611495,266,272384,123.1710884189406
2,1024,3,31,temporal,0.0267,0.549671,28,28672,123.1710884189406
2,1024,3,32,temporal,0.025309,0.557704,28,28672,14.338568864409044
2,1024,3,32,static,0.088123,0.619327,264,270336,14.338568864409044
2,1024,3,33,static,0.113241,0.655682,266,272384,138.7586014750787
2,1024,3,33,temporal,0.027732,0.558325,28,28672,138.7586014750787
2,1024,3,34,temporal,0.023475,0.545074,28,28672,79.90134622067596
2,1024,3,34,static,0.096245,0.635561,264,270336,79.90134622067596
2,1024,3,35,static,0.096617,0.629322,266,272384,222.4772167646162
2,1024,3,35,temporal,0.02631,0.67421,28,28672,222.4772167646162
2,1024,3,36,temporal,0.03317,0.745147,28,28672,-70.08850019364401
2,1024,3,36,static,0.129336,0.689783,266,272384,-70.08850019364401
2,1024,3,37,static,0.086891,0.606127,264,270336,-133.13724617456614
2,1024,3,37,temporal,0.025659,0.563622,28,28672,-133.13724617456614
2,1024,3,38,temporal,0.025779,0.543432,28,28672,-39.834798714834676
2,1024,3,38,static,0.104168,0.624334,266,272384,-39.834798714834676
2,1024,3,39,static,0.07892,0.688211,265,271360,89.61987157301807
2,1024,3,39,temporal,0.031117,0.573748,28,28672,89.61987157301807
2,1024,3,40,temporal,0.026781,0.566447,28,28672,28.673869677212142
2,1024,3,40,static,0.098309,0.631485,264,270336,28.673869677212142
2,1024,3,41,static,0.074062,0.599276,263,269312,199.2590467434593
2,1024,3,41,temporal,0.023576,0.559106,28,28672,199.2590467434593
2,1024,3,42,temporal,0.023235,0.548229,28,28672,-101.93271596363317
2,1024,3,42,static,0.068754,0.610293,266,272384,-101.93271596363317
2,1024,3,43,static,0.089075,0.633799,266,272384,174.96417984494238
2,1024,3,43,temporal,0.041603,0.564274,28,28672,174.96417984494238
2,1024,3,44,temporal,0.022714,0.638846,28,28672,181.4449673814687
2,1024,3,44,static,0.085149,0.609362,264,270336,181.4449673814687
2,1024,3,45,static,0.098439,0.663744,263,269312,244.08739719782085
2,1024,3,45,temporal,0.029164,0.640509,28,28672,244.08739719782085
2,1024,3,46,temporal,0.032449,0.5817,28,28672,-53.35603905548028
2,1024,3,46,static,0.092019,0.636022,266,272384,-53.35603905548028
2,1024,3,47,static,0.077267,0.603523,265,271360,-247.08829200577625
2,1024,3,47,temporal,0.022014,0.558956,28,28672,-247.08829200577625
2,1024,3,48,temporal,0.023175,0.684635,28,28672,40.45785749438763
2,1024,3,48,static,0.085009,0.611455,264,270336,40.45785749438763
2,1024,3,49,static,0.070637,0.619827,264,270336,204.13039866695618
2,1024,3,49,temporal,0.024026,0.568539,28,28672,204.13039866695618
2,1024,3,50,temporal,0.037567,0.566777,28,28672,160.89841954372287
2,1024,3,50,static,0.066921,0.610564,266,272384,160.89841954372287
2,1024,3,51,static,0.0729,0.598084,265,271360,59.69788219079578
2,1024,3,51,temporal,0.023505,0.560317,28,28672,59.69788219079578
2,1024,3,52,temporal,0.022203,0.548249,28,28672,116.57760762526692
2,1024,3,52,static,0.067573,0.609032,265,271360,116.57760762526692
2,1024,3,53,static,0.097728,0.64132,264,270336,17.612642682769735
2,1024,3,53,temporal,0.024307,0.547178,28,28672,17.612642682769735
2,1024,3,54,temporal,0.027582,0.565796,28,28672,185.98877202256475
2,1024,3,54,static,0.077257,0.603003,266,272384,185.98877202256475
2,1024,3,55,static,0.090987,0.634149,264,270336,47.15174156073637
2,1024,3,55,temporal,0.028633,0.567919,28,28672,47.15174156073637
2,1024,3,56,temporal,0.024608,0.564444,28,28672,17.304144164303295
2,1024,3,56,static,0.087142,0.624094,264,270336,17.304144164303295
2,1024,3,57,static,0.10545,0.632217,264,270336,161.8619219446678
2,1024,3,57,temporal,0.024628,0.566727,28,28672,161.8619219446678
2,1024,3,58,temporal,0.024116,0.563773,28,28672,-15.377266773144228
2,1024,3,58,static,0.087782,0.613948,266,272384,-15.377266773144228
2,1024,3,59,static,0.077778,0.618666,264,270336,130.11064063420463
2,1024,3,59,temporal,0.023525,0.563081,28,28672,130.11064063420463
2,1024,3,60,temporal,0.022805,0.559957,28,28672,173.01738943858015
2,1024,3,60,static,0.080021,0.605696,264,270336,173.01738943858015
2,1024,3,61,static,0.084588,0.611746,266,272384,187.00309934378419
2,1024,3,61,temporal,0.022464,0.559806,28,28672,187.00309934378419
2,1024,3,62,temporal,0.021913,0.545114,28,28672,136.65597964423986
2,1024,3,62,static,0.074853,0.617203,264,270336,136.65597964423986
2,1024,3,63,static,0.073762,0.618115,263,269312,150.2868273047207
2,1024,3,63,temporal,0.023296,0.649232,28,28672,150.2868273047207
2,1024,3,64,temporal,0.03307,0.639157,28,28672,203.9131611215392
2,1024,3,64,static,0.096145,0.701821,265,271360,203.9131611215392
2,1024,3,65,static,0.127973,0.665356,263,269312,216.94688901395594
2,1024,3,65,temporal,0.024878,0.642923,28,28672,216.94688901395594
2,1024,3,66,temporal,0.033942,0.589722,28,28672,198.79177445253723
2,1024,3,66,static,0.106261,0.780541,266,272384,198.79177445253723
2,1024,3,67,static,0.094783,0.673008,266,272384,-242.52351685464836
2,1024,3,67,temporal,0.025649,0.557694,28,28672,-242.52351685464836
2,1024,3,68,temporal,0.022224,0.584324,28,28672,-239.14193162775825
2,1024,3,68,static,0.084858,0.638445,264,270336,-239.14193162775825
2,1024,3,69,static,0.094193,0.68051,265,271360,-141.82824968575807
2,1024,3,69,temporal,0.031117,0.599537,28,28672,-141.82824968575807
2,1024,3,70,temporal,0.025218,0.561188,28,28672,216.94412529784228
2,1024,3,70,static,0.10594,0.636262,262,268288,216.94412529784228
2,1024,3,71,static,0.076005,0.629111,263,269312,157.0522956021272
2,1024,3,71,temporal,0.023886,0.563473,28,28672,157.0522956021272
2,1024,3,72,temporal,0.15868,0.725467,28,28672,-208.55629601807445
2,1024,3,72,static,0.133182,0.721401,264,270336,-208.55629601807445
2,1024,3,73,static,0.07897,0.608541,265,271360,49.509567300271975
2,1024,3,73,temporal,0.022744,0.567628,28,28672,49.509567300271975
2,1024,3,74,temporal,0.034573,0.564604,28,28672,-142.35481321392524
2,1024,3,74,static,0.101514,0.632988,264,270336,-142.35481321392524
2,1024,3,75,static,0.07254,0.616923,266,272384,31.8417090067649
2,1024,3,75,temporal,0.025068,0.745878,28,28672,31.8417090067649
2,1024,3,76,temporal,0.070787,0.617604,28,28672,22.74481710135997
2,1024,3,76,static,0.100663,0.658386,264,270336,22.74481710135997
2,1024,3,77,static,0.07894,0.624605,264,270336,-6.455350305758283
2,1024,3,77,temporal,0.022975,0.579487,28,28672,-6.455350305758283
2,1024,3,78,temporal,0.024317,0.657114,28,28672,-138.54400842191237
2,1024,3,78,static,0.104438,0.670945,264,270336,-138.54400842191237
2,1024,3,79,static,0.084227,0.643373,266,272384,139.66125854483016
2,1024,3,79,temporal,0.02592,0.579277,28,28672,139.66125854483016
2,1024,3,80,temporal,0.023656,0.564364,28,28672,147.13250685287153
2,1024,3,80,static,0.08557,0.640169,264,270336,147.13250685287153
2,1024,3,81,static,0.087733,0.633178,266,272384,145.93771308552442
2,1024,3,81,temporal,0.023956,0.582491,28,28672,145.93771308552442
2,1024,3,82,temporal,0.021633,0.595371,28,28672,199.9204513679998
2,1024,3,82,static,0.069985,0.614389,266,272384,199.9204513679998
2,1024,3,83,static,0.11241,0.676163,266,272384,138.7586014750787
2,1024,3,83,temporal,0.028553,0.572656,28,28672,138.7586014750787
2,1024,3,84,temporal,0.020551,1.002286,28,28672,183.8018092614473
2,1024,3,84,static,0.126702,0.692287,266,272384,183.8018092614473
2,1024,3,85,static,0.097418,0.658376,265,271360,-64.11702375452147
2,1024,3,85,temporal,0.027011,0.558455,28,28672,-64.11702375452147
2,1024,3,86,temporal,0.106791,0.668691,28,28672,-31.619896031618882
2,1024,3,86,static,0.090887,0.631525,263,269312,-31.619896031618882
2,1024,3,87,static,0.089966,0.814833,265,271360,-132.47046471741788
2,1024,3,87,temporal,0.074523,0.625717,28,28672,-132.47046471741788
2,1024,3,88,temporal,0.025508,0.571174,28,28672,184.1436765035487
2,1024,3,88,static,0.07893,0.607689,264,270336,184.1436765035487
2,1024,3,89,static,0.092159,0.698436,266,272384,186.06425994057014
2,1024,3,89,temporal,0.030176,0.670464,28,28672,186.06425994057014
2,1024,3,90,temporal,0.033451,0.567168,28,28672,232.6508948075365
2,1024,3,90,static,0.101003,0.648601,266,272384,232.6508948075365
2,1024,3,91,static,0.093601,0.660319,264,270336,-26.310872282578796
2,1024,3,91,temporal,0.028073,0.558715,28,28672,-26.310872282578796
2,1024,3,92,temporal,0.024407,0.569701,28,28672,224.38964901253473
2,1024,3,92,static,0.094904,0.625676,266,272384,224.38964901253473
2,1024,3,93,static,0.087472,0.636032,263,269312,-118.96823822950552
2,1024,3,93,temporal,0.024767,0.552806,28,28672,-118.96823822950552
2,1024,3,94,temporal,0.037947,0.590743,28,28672,52.941718786519104
2,1024,3,94,static,0.079791,0.622411,266,272384,52.941718786519104
2,1024,3,95,static,0.084528,0.61507,266,272384,152.32079643042792
2,1024,3,95,temporal,0.023145,0.565616,28,28672,152.32079643042792
2,1024,3,96,temporal,0.022754,0.554559,28,28672,-235.99056056161305
2,1024,3,96,static,0.093852,0.625026,264,270336,-235.99056056161305
2,1024,3,97,static,0.086922,0.631535,266,272384,0.9652392614501479
2,1024,3,97,temporal,0.024698,0.5878,28,28672,0.9652392614501479
2,1024,3,98,temporal,0.025078,0.594279,28,28672,47.02846808501521
2,1024,3,98,static,0.076105,0.630925,264,270336,47.02846808501521
2,1024,3,99,static,0.099441,0.65407,264,270336,156.82339295333009
2,1024,3,99,temporal,0.025909,0.589161,28,28672,156.82339295333009
2,1024,3,100,temporal,0.025078,0.572226,28,28672,226.21612431199702
2,1024,3,100,static,0.095164,0.657495,266,272384,226.21612431199702
2,1024,3,101,static,0.13863,0.711797,264,270336,158.743244046152
2,1024,3,101,temporal,0.028293,0.56149,28,28672,158.743244046152
2,1024,3,102,temporal,0.022584,0.571154,28,28672,-175.35839861456446
2,1024,3,102,static,0.081483,0.613668,265,271360,-175.35839861456446
2,1024,3,103,static,0.111829,0.662823,264,270336,117.63990080373301
2,1024,3,103,temporal,0.02632,0.575981,28,28672,117.63990080373301
2,1024,3,104,temporal,0.023025,0.595941,28,28672,-9.514064883294628
2,1024,3,104,static,0.07914,0.627089,265,271360,-9.514064883294628
2,1024,3,105,static,0.073431,0.622521,266,272384,-114.55722463555009
2,1024,3,105,temporal,0.026871,0.563923,28,28672,-114.55722463555009
2,1024,3,106,temporal,0.024056,0.573988,28,28672,110.60073492243154
2,1024,3,106,static,0.073922,0.607859,264,270336,110.60073492243154
2,1024,3,107,static,0.070747,0.622141,264,270336,203.71297190325635
2,1024,3,107,temporal,0.022935,0.586527,28,28672,203.71297190325635
2,1024,3,108,temporal,0.027732,0.567489,28,28672,44.79036278996305
2,1024,3,108,static,0.111489,0.659277,264,270336,44.79036278996305
2,1024,3,109,static,0.089836,0.622361,263,269312,-118.96823822950552
2,1024,3,109,temporal,0.023335,0.569591,28,28672,-118.96823822950552
2,1024,3,110,temporal,0.022684,0.868573,28,28672,23.41029769021161
2,1024,3,110,static,0.100311,0.803876,263,269312,23.41029769021161
2,1024,3,111,static,0.082564,0.612606,266,272384,-101.93271596363317
2,1024,3,111,temporal,0.024898,0.565325,28,28672,-101.93271596363317
2,1024,3,112,temporal,0.027522,0.55507,28,28672,-212.24225208712045
2,1024,3,112,static,0.095624,0.649692,264,270336,-212.24225208712045
2,1024,3,113,static,0.095544,0.702372,263,269312,5.6240892362932975
2,1024,3,113,temporal,0.032109,0.579487,27,27648,5.6240892362932975
2,1024,3,114,temporal,0.025839,0.576052,28,28672,-234.77699292104737
2,1024,3,114,static,0.081734,0.683634,264,270336,-234.77699292104737
2,1024,3,115,static,0.109095,0.642762,262,268288,-28.612074070412977
2,1024,3,115,temporal,0.02625,0.651215,28,28672,-28.612074070412977
2,1024,3,116,temporal,0.031658,0.723785,28,28672,-248.3850886284499
2,1024,3,116,static,0.088774,0.642562,264,270336,-248.3850886284499
2,1024,3,117,static,0.101763,0.669733,267,273408,211.6502687099367
2,1024,3,117,temporal,0.029294,0.556542,28,28672,211.6502687099367
2,1024,3,118,temporal,0.038808,0.568359,28,28672,-152.48226335483682
2,1024,3,118,static,0.152922,0.717556,264,270336,-152.48226335483682
2,1024,3,119,static,0.076856,0.665927,265,271360,-244.9378158920915
2,1024,3,119,temporal,0.029214,0.581329,28,28672,-244.9378158920915
0,4096,0,0,static,0.093541,0.631094,263,1077248,-53.81574189942131
0,4096,0,0,temporal,0.023124,0.571874,28,114688,-53.81574189942131
0,4096,0,1,temporal,0.023145,0.594639,28,114688,202.0956415343452
0,4096,0,1,static,0.065759,0.603202,264,1081344,202.0956415343452
0,4096,0,2,static,0.057217,0.610344,263,1077248,195.80996510912587
0,4096,0,2,temporal,0.021943,0.560818,28,114688,195.80996510912587
0,4096,0,3,temporal,0.01966,0.573948,28,114688,162.66053195456823
0,4096,0,3,static,0.058619,0.597063,265,1085440,162.66053195456823
0,4096,0,4,static,0.083357,0.653038,263,1077248,37.27819903583503
0,4096,0,4,temporal,0.024016,0.574219,28,114688,37.27819903583503
0,4096,0,5,temporal,0.024998,0.562171,28,114688,85.22772031850795
0,4096,0,5,static,0.090036,0.640168,266,1089536,85.22772031850795
0,4096,0,6,static,0.086961,0.64177,264,1081344,-171.10008860916113
0,4096,0,6,temporal,0.023906,0.560738,28,114688,-171.10008860916113
0,4096,0,7,temporal,0.02008,0.574559,28,114688,102.525328232001
0,4096,0,7,static,0.068824,0.633077,264,1081344,102.525328232001
0,4096,0,8,static,0.090296,0.647178,264,1081344,174.23524671680644
0,4096,0,8,temporal,0.024647,0.575731,28,114688,174.23524671680644
0,4096,0,9,temporal,0.023345,0.562701,28,114688,-38.7314438560212
0,4096,0,9,static,0.070157,0.622161,263,1077248,-38.7314438560212
0,4096,0,10,static,0.062915,0.602892,265,1085440,161.4671041717946
0,4096,0,10,temporal,0.021443,0.573127,28,114688,161.4671041717946
0,4096,0,11,temporal,0.023215,0.591785,28,114688,197.25433259632536
0,4096,0,11,static,0.081954,0.620067,266,1089536,197.25433259632536
0,4096,0,12,static,0.088504,0.646047,264,1081344,-185.34865273462108
0,4096,0,12,temporal,0.02653,0.562801,28,114688,-185.34865273462108
0,4096,0,13,temporal,0.023296,0.576863,28,114688,1.8037555700465142
0,4096,0,13,static,0.091638,0.64168,264,1081344,1.8037555700465142
0,4096,0,14,static,0.081133,0.640609,264,1081344,-95.91031870986852
0,4096,0,14,temporal,0.025338,0.582851,28,114688,-95.91031870986852
0,4096,0,15,temporal,0.023296,0.56187,28,114688,-82.77391976124167
0,4096,0,15,static,0.07956,0.631866,264,1081344,-82.77391976124167
0,4096,0,16,static,0.088935,0.645897,266,1089536,96.20126667095052
0,4096,0,16,temporal,0.024217,0.561129,28,114688,96.20126667095052
0,4096,0,17,temporal,0.020822,0.57496,28,114688,30.832434112501755
0,4096,0,17,static,0.07298,0.627789,263,1077248,30.832434112501755
0,4096,0,18,static,0.071027,0.624384,264,1081344,-108.36946842012391
0,4096,0,18,temporal,0.022664,0.575671,28,114688,-108.36946842012391
0,4096,0,19,temporal,0.021302,0.562801,28,114688,31.8417090067649
0,4096,0,19,static,0.064708,0.617063,266,1089536,31.8417090067649
0,4096,0,20,static,0.07243,0.612557,264,1081344,-240.24228981062495
0,4096,0,20,temporal,0.021222,0.574359,28,114688,-240.24228981062495
0,4096,0,21,temporal,0.022114,0.648281,28,114688,-189.07848374791422
0,4096,0,21,static,0.083597,0.625626,266,1089536,-189.07848374791422
0,4096,0,22,static,0.08607,0.645116,266,1089536,-78.44981193950807
0,4096,0,22,temporal,0.02616,0.565656,28,114688,-78.44981193950807
0,4096,0,23,temporal,0.022033,0.576572,28,114688,-216.58046714232924
0,4096,0,23,static,0.082885,0.635871,264,1081344,-216.58046714232924
0,4096,0,24,static,0.062715,0.630544,265,1085440,-118.69887240125307
0,4096,0,24,temporal,0.023736,0.576011,27,110592,-118.69887240125307
0,4096,0,25,temporal,0.021653,0.566487,28,114688,120.72741541694286
0,4096,0,25,static,0.082555,0.623242,264,1081344,120.72741541694286
0,4096,0,26,static,0.089235,0.647449,266,1089536,135.33212978084123
0,4096,0,26,temporal,0.025198,0.562751,28,114688,135.33212978084123
0,4096,0,27,temporal,0.022725,0.573367,28,114688,145.6109062588002
0,4096,0,27,static,0.087112,0.655842,264,1081344,145.6109062588002
0,4096,0,28,static,0.062585,0.604595,266,1089536,199.0693330558119
0,4096,0,28,temporal,0.021192,0.574629,28,114688,199.0693330558119
0,4096,0,29,temporal,0.02034,0.56249,28,114688,151.38943650706835
0,4096,0,29,static,0.057768,0.612497,264,1081344,151.38943650706835
0,4096,0,30,static,0.073691,0.623733,266,1089536,-205.84279351490514
0,4096,0,30,temporal,0.022103,0.581009,28,114688,-205.84279351490514
0,4096,0,31,temporal,0.022103,0.577493,27,110592,-22.53007556484292
0,4096,0,31,static,0.061123,0.596853,262,1073152,-22.53007556484292
0,4096,0,32,static,0.087162,0.643223,266,1089536,201.52034860925605
0,4096,0,32,temporal,0.024447,0.561329,28,114688,201.52034860925605
0,4096,0,33,temporal,0.037947,0.574939,28,114688,-200.61676932261375
0,4096,0,33,static,0.082555,0.632507,265,1085440,-200.61676932261375
0,4096,0,34,static,0.061373,0.633348,263,1077248,71.3331290831788
0,4096,0,34,temporal,0.023025,0.576602,28,114688,71.3331290831788
0,4096,0,35,temporal,0.020891,0.557383,28,114688,38.65197586794577
0,4096,0,35,static,0.07913,0.616232,264,1081344,38.65197586794577
0,4096,0,36,static,0.083576,0.644224,263,1077248,-193.3972961967637
0,4096,0,36,temporal,0.023466,0.560208,28,114688,-193.3972961967637
0,4096,0,37,temporal,0.022293,0.573387,28,114688,197.25433259632536
0,4096,0,37,static,0.082565,0.649953,266,1089536,197.25433259632536
0,4096,0,38,static,0.073591,0.610644,263,1077248,-243.8257340653856
0,4096,0,38,temporal,0.022263,0.570563,28,114688,-243.8257340653856
0,4096,0,39,temporal,0.022995,0.565926,28,114688,242.9911482873052
0,4096,0,39,static,0.089776,0.640929,264,1081344,242.9911482873052
0,4096,0,40,static,0.070637,0.627469,266,1089536,64.78787733728376
0,4096,0,40,temporal,0.022254,0.582281,28,114688,64.78787733728376
0,4096,0,41,temporal,0.023846,0.578025,28,114688,-175.35839861456446
0,4096,0,41,static,0.073321,0.609011,265,1085440,-175.35839861456446
0,4096,0,42,static,0.08565,0.640539,265,1085440,241.25213942778348
0,4096,0,42,temporal,0.024317,0.57482,28,114688,241.25213942778348
0,4096,0,43,temporal,0.022194,0.557974,28,114688,-210.80963410713414
0,4096,0,43,static,0.07314,0.62192,265,1085440,-210.80963410713414
0,4096,0,44,static,0.081153,0.63414,264,1081344,-173.7223121996724
0,4096,0,44,temporal,0.024667,0.579937,28,114688,-173.7223121996724
0,4096,0,45,temporal,0.025138,0.573227,28,114688,-215.8118813755654
0,4096,0,45,static,0.091178,0.630343,265,1085440,-215.8118813755654
0,4096,0,46,static,0.073481,0.625576,265,1085440,-238.17386176961077
0,4096,0,46,temporal,0.023626,0.562541,28,114688,-238.17386176961077
0,4096,0,47,temporal,0.021362,0.581459,28,114688,21.559759959114967
0,4096,0,47,static,0.065629,0.637875,264,1081344,21.559759959114967
0,4096,0,48,static,0.079961,0.621139,266,1089536,189.46764432684176
0,4096,0,48,temporal,0.023665,0.577623,27,110592,189.46764432684176
0,4096,0,49,temporal,0.022464,0.560708,28,114688,-203.2402543969814
0,4096,0,49,static,0.074843,0.626698,266,1089536,-203.2402543969814
0,4096,0,50,static,0.070737,0.624545,263,1077248,-115.54530159733604
0,4096,0,50,temporal,0.022033,0.618135,28,114688,-115.54530159733604
0,4096,0,51,temporal,0.028253,0.604925,28,114688,17.154642009298446
0,4096,0,51,static,0.070146,0.610013,266,1089536,17.154642009298446
0,4096,0,52,static,0.063436,0.620899,266,1089536,-236.3057683132182
0,4096,0,52,temporal,0.022644,0.57538,28,114688,-236.3057683132182
0,4096,0,53,temporal,0.025448,0.584313,28,114688,180.80991793787737
0,4096,0,53,static,0.070847,0.626258,264,1081344,180.80991793787737
0,4096,0,54,static,0.081393,0.642301,263,1077248,-77.47075476808898
0,4096,0,54,temporal,0.061804,0.606318,27,110592,-77.47075476808898
0,4096,0,55,temporal,0.023926,0.579536,28,114688,-135.19847567809816
0,4096,0,55,static,0.086772,0.629132,265,1085440,-135.19847567809816
0,4096,0,56,static,0.077537,0.631505,263,1077248,132.94934887965604
0,4096,0,56,temporal,0.022945,0.563342,28,114688,132.94934887965604
0,4096,0,57,temporal,0.036305,0.571114,28,114688,214.0075969779959
0,4096,0,57,static,0.096996,0.643523,265,1085440,214.0075969779959
0,4096,0,58,static,0.062255,0.598295,265,1085440,30.158164314508415
0,4096,0,58,temporal,0.021863,0.567959,28,114688,30.158164314508415
0,4096,0,59,temporal,0.022594,0.555821,28,114688,-15.377266773144228
0,4096,0,59,static,0.093701,0.626958,266,1089536,-15.377266773144228
0,4096,0,60,static,0.066701,0.613879,264,1081344,-29.124694787021788
0,4096,0,60,temporal,0.022033,0.573026,28,114688,-29.124694787021788
0,4096,0,61,temporal,0.025057,0.695882,28,114688,5.296463968847368
0,4096,0,61,static,0.102886,0.654941,264,1081344,5.296463968847368
0,4096,0,62,static,0.087613,0.62108,265,1085440,220.4794848589357
0,4096,0,62,temporal,0.022535,0.570143,28,114688,220.4794848589357
0,4096,0,63,temporal,0.023035,0.556061,28,114688,173.01738943858015
0,4096,0,63,static,0.067282,0.620639,264,1081344,173.01738943858015
0,4096,0,64,static,0.062194,0.635701,263,1077248,67.37671667167848
0,4096,0,64,temporal,0.023635,0.5557,28,114688,67.37671667167848
0,4096,0,65,temporal,0.022023,0.572887,28,114688,-111.38265554883824
0,4096,0,65,static,0.082334,0.615601,264,1081344,-111.38265554883824
0,4096,0,66,static,0.075905,0.626488,264,1081344,206.23396085982247
0,4096,0,66,temporal,0.022765,0.572536,28,114688,206.23396085982247
0,4096,0,67,temporal,0.022615,0.580378,28,114688,185.4355692497607
0,4096,0,67,static,0.063997,0.612526,266,1089536,185.4355692497607
0,4096,0,68,static,0.081563,0.617574,266,1089536,-34.410122500829054
0,4096,0,68,temporal,0.022083,0.569762,28,114688,-34.410122500829054
0,4096,0,69,temporal,0.020631,0.569241,28,114688,187.00309934378419
0,4096,0,69,static,0.060331,0.593057,266,1089536,187.00309934378419
0,4096,0,70,static,0.070878,0.622272,266,1089536,-202.73815082698383
0,4096,0,70,temporal,0.023034,0.573878,28,114688,-202.73815082698383
0,4096,0,71,temporal,0.022865,0.571184,28,114688,-189.71470378278093
0,4096,0,71,static,0.071929,0.618295,265,1085440,-189.71470378278093
0,4096,0,72,static,0.068895,0.605206,264,1081344,154.50533993256576
0,4096,0,72,temporal,0.020962,0.567899,28,114688,154.50533993256576
0,4096,0,73,temporal,0.021232,0.55536,28,114688,115.7563553738632
0,4096,0,73,static,0.065269,0.613368,264,1081344,115.7563553738632
0,4096,0,74,static,0.05954,0.618275,263,1077248,34.41894902471283
0,4096,0,74,temporal,0.038639,0.583403,28,114688,34.41894902471283
0,4096,0,75,temporal,0.021422,0.579286,28,114688,3.9924160248702334
0,4096,0,75,static,0.071589,0.616352,265,1085440,3.9924160248702334
0,4096,0,76,static,0.083556,0.645957,265,1085440,-216.73295681980503
0,4096,0,76,temporal,0.024156,0.56855,28,114688,-216.73295681980503
0,4096,0,77,temporal,0.039419,0.604925,28,114688,108.00903706881323
0,4096,0,77,static,0.081443,0.643023,264,1081344,108.00903706881323
0,4096,0,78,static,0.076626,0.623103,266,1089536,122.45889728211941
0,4096,0,78,temporal,0.023155,0.606747,28,114688,122.45889728211941
0,4096,0,79,temporal,0.031668,0.596782,28,114688,-159.85436747045785
0,4096,0,79,static,0.075293,0.620428,266,1089536,-159.85436747045785
0,4096,0,80,static,0.061773,0.744686,266,1089536,123.1710884189406
0,4096,0,80,temporal,0.034482,0.68745,28,114688,123.1710884189406
0,4096,0,81,temporal,0.033721,0.584634,28,114688,69.80287225305474
0,4096,0,81,static,0.09241,0.657074,263,1077248,69.80287225305474
0,4096,0,82,static,0.090627,0.654079,266,1089536,231.17391401693243
0,4096,0,82,temporal,0.02632,0.572877,28,114688,231.17391401693243
0,4096,0,83,temporal,0.021703,0.586517,28,114688,79.04834392714349
0,4096,0,83,static,0.068884,0.651095,266,1089536,79.04834392714349
0,4096,0,84,static,0.069275,0.635001,265,1085440,168.4019038198693
0,4096,0,84,temporal,0.022614,0.593227,28,114688,168.4019038198693
0,4096,0,85,temporal,0.025138,0.575551,28,114688,71.33114142478395
0,4096,0,85,static,0.080141,0.654169,263,1077248,71.33114142478395
0,4096,0,86,static,0.062083,0.612145,263,1077248,137.37887422041462
0,4096,0,86,temporal,0.022084,0.5814,28,114688,137.37887422041462
0,4096,0,87,temporal,0.022194,0.610804,28,114688,153.024946939911
0,4096,0,87,static,0.071909,0.617575,263,1077248,153.024946939911
0,4096,0,88,static,0.058329,0.622732,266,1089536,189.93984279902799
0,4096,0,88,temporal,0.022074,0.57478,28,114688,189.93984279902799
0,4096,0,89,temporal,0.023516,0.58824,28,114688,194.08712225535749
0,4096,0,89,static,0.090807,0.651856,263,1077248,194.08712225535749
0,4096,0,90,static,0.063926,0.629352,266,1089536,-243.50699580324172
0,4096,0,90,temporal,0.021913,0.583702,28,114688,-243.50699580324172
0,4096,0,91,temporal,0.022033,0.570603,28,114688,20.956959702202642
0,4096,0,91,static,0.085139,0.635822,263,1077248,20.956959702202642
0,4096,0,92,static,0.076226,0.638766,264,1081344,199.13112717534355
0,4096,0,92,temporal,0.023065,0.56816,28,114688,199.13112717534355
0,4096,0,93,temporal,0.022604,0.583062,28,114688,55.79193465736592
0,4096,0,93,static,0.090036,0.669893,265,1085440,55.79193465736592
0,4096,0,94,static,0.061213,0.610243,264,1081344,128.24585493389816
0,4096,0,94,temporal,0.020942,0.583503,28,114688,128.24585493389816
0,4096,0,95,temporal,0.022504,0.570182,28,114688,123.14328169347509
0,4096,0,95,static,0.065809,0.625786,264,1081344,123.14328169347509
0,4096,0,96,static,0.089966,0.657194,264,1081344,44.79036278996305
0,4096,0,96,temporal,0.024307,0.592767,28,114688,44.79036278996305
0,4096,0,97,temporal,0.024027,0.58817,28,114688,92.01453316408492
0,4096,0,97,static,0.087883,0.633438,262,1073152,92.01453316408492
0,4096,0,98,static,0.09963,0.650634,266,1089536,232.6508948075365
0,4096,0,98,temporal,0.023866,0.583633,28,114688,232.6508948075365
0,4096,0,99,temporal,0.021773,0.572436,28,114688,-230.65935369528532
0,4096,0,99,static,0.07238,0.631826,264,1081344,-230.65935369528532
0,4096,0,100,static,0.076385,0.658095,266,1089536,149.2516853997977
0,4096,0,100,temporal,0.025028,0.570163,28,114688,149.2516853997977
0,4096,0,101,temporal,0.020451,0.583583,28,114688,-37.05713029256425
0,4096,0,101,static,0.066741,0.614299,264,1081344,-37.05713029256425
0,4096,0,102,static,0.08572,0.651486,264,1081344,33.28245332096013
0,4096,0,102,temporal,0.025058,0.586367,28,114688,33.28245332096013
0,4096,0,103,temporal,0.021613,0.58856,28,114688,12.869878202844355
0,4096,0,103,static,0.060862,0.622923,263,1077248,12.869878202844355
0,4096,0,104,static,0.078749,0.625716,263,1077248,215.55334566816322
0,4096,0,104,temporal,0.021893,0.584804,28,114688,215.55334566816322
0,4096,0,105,temporal,0.022704,0.584284,28,114688,-237.31844906783402
0,4096,0,105,static,0.074582,0.619226,264,1081344,-237.31844906783402
0,4096,0,106,static,0.075484,0.635892,265,1085440,210.6623618283412
0,4096,0,106,temporal,0.022334,0.592577,28,114688,210.6623618283412
0,4096,0,107,temporal,0.023015,0.620298,28,114688,-24.240214728635767
0,4096,0,107,static,0.074502,0.637894,262,1073152,-24.240214728635767
0,4096,0,108,static,0.089826,1.59976,262,1073152,230.05020388598751
0,4096,0,108,temporal,0.05258,0.759178,28,114688,230.05020388598751
0,4096,0,109,temporal,0.051638,0.634169,28,114688,35.43992028009895
0,4096,0,109,static,0.07875,0.618516,266,1089536,35.43992028009895
0,4096,0,110,static,0.079781,0.635772,264,1081344,97.69284030413701
0,4096,0,110,temporal,0.024407,0.57506,28,114688,97.69284030413701
0,4096,0,111,temporal,0.023596,0.625006,28,114688,-169.7025785696815
0,4096,0,111,static,0.090006,0.698597,264,1081344,-169.7025785696815
0,4096,0,112,static,0.082796,0.67399,263,1077248,-13.178166417008617
0,4096,0,112,temporal,0.036275,0.576182,28,114688,-13.178166417008617
0,4096,0,113,temporal,0.023466,0.578215,28,114688,200.0599670084535
0,4096,0,113,static,0.078078,0.620339,264,1081344,200.0599670084535
0,4096,0,114,static,0.074923,0.629983,264,1081344,50.11508780833777
0,4096,0,114,temporal,0.023976,0.676994,28,114688,50.11508780833777
0,4096,0,115,temporal,0.03288,0.590644,28,114688,-80.12542022432997
0,4096,0,115,static,0.081804,0.631585,263,1077248,-80.12542022432997
0,4096,0,116,static,0.067502,0.619727,264,1081344,-179.72684904787812
0,4096,0,116,temporal,0.023155,0.558345,28,114688,-179.72684904787812
0,4096,0,117,temporal,0.021853,0.56877,28,114688,-68.17115088497037
0,4096,0,117,static,0.073581,0.688782,264,1081344,-68.17115088497037
0,4096,0,118,static,0.086822,0.653118,264,1081344,97.69284030413701
0,4096,0,118,temporal,0.025779,0.596793,28,114688,97.69284030413701
0,4096,0,119,temporal,0.02663,0.561008,28,114688,-145.61531352207282
0,4096,0,119,static,0.081443,0.630143,264,1081344,-145.61531352207282
0,4096,1,0,temporal,0.024658,0.564364,28,114688,-53.81574189942131
0,4096,1,0,static,0.093312,0.642031,263,1077248,-53.81574189942131
0,4096,1,1,static,0.07248,0.693009,264,1081344,202.0956415343452
0,4096,1,1,temporal,0.029294,0.584885,28,114688,202.0956415343452
0,4096,1,2,temporal,0.022374,0.570222,28,114688,195.80996510912587
0,4096,1,2,static,0.05992,0.588319,263,1077248,195.80996510912587
0,4096,1,3,static,0.068824,0.599847,265,1085440,162.66053195456823
0,4096,1,3,temporal,0.020371,0.563803,28,114688,162.66053195456823
0,4096,1,4,temporal,0.021323,0.62102,28,114688,37.27819903583503
0,4096,1,4,static,0.077897,0.649552,263,1077248,37.27819903583503
0,4096,1,5,static,0.092149,0.662872,266,1089536,85.22772031850795
0,4096,1,5,temporal,0.025919,0.555961,28,114688,85.22772031850795
0,4096,1,6,temporal,0.022033,0.572696,28,114688,-171.10008860916113
0,4096,1,6,static,0.083927,0.616422,264,1081344,-171.10008860916113
0,4096,1,7,static,0.064177,0.611034,264,1081344,102.525328232001
0,4096,1,7,temporal,0.022594,0.64158,28,114688,102.525328232001
0,4096,1,8,temporal,0.031878,0.590793,28,114688,174.23524671680644
0,4096,1,8,static,0.090256,0.638185,264,1081344,174.23524671680644
0,4096,1,9,static,0.070347,0.609312,263,1077248,-38.7314438560212
0,4096,1,9,temporal,0.021222,0.570834,28,114688,-38.7314438560212
0,4096,1,10,temporal,0.022084,0.574549,28,114688,161.4671041717946
0,4096,1,10,static,0.060151,0.591475,265,1085440,161.4671041717946
0,4096,1,11,static,0.077938,0.625506,266,1089536,197.25433259632536
0,4096,1,11,temporal,0.023786,0.573998,28,114688,197.25433259632536
0,4096,1,12,temporal,0.024507,0.571564,28,114688,-185.34865273462108
0,4096,1,12,static,0.082946,0.627349,264,1081344,-185.34865273462108
0,4096,1,13,static,0.087813,0.619517,264,1081344,1.8037555700465142
0,4096,1,13,temporal,0.022163,0.567198,28,114688,1.8037555700465142
0,4096,1,14,temporal,0.023586,0.571865,28,114688,-95.91031870986852
0,4096,1,14,static,0.083846,0.629311,264,1081344,-95.91031870986852
0,4096,1,15,static,0.079219,0.639697,264,1081344,-82.77391976124167
0,4096,1,15,temporal,0.024427,0.553718,28,114688,-82.77391976124167
0,4096,1,16,temporal,0.021813,0.570072,28,114688,96.20126667095052
0,4096,1,16,static,0.087743,0.620559,266,1089536,96.20126667095052
0,4096,1,17,static,0.070346,0.623353,263,1077248,30.832434112501755
0,4096,1,17,temporal,0.023005,0.572105,28,114688,30.832434112501755
0,4096,1,18,temporal,0.022374,0.571365,28,114688,-108.36946842012391
0,4096,1,18,static,0.072319,0.751276,264,1081344,-108.36946842012391
0,4096,1,19,static,0.076415,0.624655,266,1089536,31.8417090067649
0,4096,1,19,temporal,0.031818,0.578705,28,114688,31.8417090067649
0,4096,1,20,temporal,0.022634,0.577724,28,114688,-240.24228981062495
0,4096,1,20,static,0.073311,0.625826,264,1081344,-240.24228981062495
0,4096,1,21,static,0.07291,0.64152,266,1089536,-189.07848374791422
0,4096,1,21,temporal,0.025108,0.650514,28,114688,-189.07848374791422
0,4096,1,22,temporal,0.032709,0.719779,28,114688,-78.44981193950807
0,4096,1,22,static,0.094933,0.666037,266,1089536,-78.44981193950807
0,4096,1,23,static,0.084267,0.646087,264,1081344,-216.58046714232924
0,4096,1,23,temporal,0.025489,0.565045,28,114688,-216.58046714232924
0,4096,1,24,temporal,0.021192,0.601229,27,110592,-118.69887240125307
0,4096,1,24,static,0.07267,0.664866,265,1085440,-118.69887240125307
0,4096,1,25,static,0.099981,0.636643,264,1081344,120.72741541694286
0,4096,1,25,temporal,0.023436,0.582842,28,114688,120.72741541694286
0,4096,1,26,temporal,0.03364,0.577824,28,114688,135.33212978084123
0,4096,1,26,static,0.091148,0.644364,266,1089536,135.33212978084123
0,4096,1,27,static,0.086331,0.645186,264,1081344,145.6109062588002
0,4096,1,27,temporal,0.026329,0.695001,28,114688,145.6109062588002
0,4096,1,28,temporal,0.03319,0.602831,28,114688,199.0693330558119
0,4096,1,28,static,0.080953,0.607609,266,1089536,199.0693330558119
0,4096,1,29,static,0.074503,0.612336,264,1081344,151.38943650706835
0,4096,1,29,temporal,0.025348,0.571764,28,114688,151.38943650706835
0,4096,1,30,temporal,0.02642,0.55568,28,114688,-205.84279351490514
0,4096,1,30,static,0.074543,0.699558,266,1089536,-205.84279351490514
0,4096,1,31,static,0.068173,0.642241,262,1073152,-22.53007556484292
0,4096,1,31,temporal,0.026099,0.551424,27,110592,-22.53007556484292
0,4096,1,32,temporal,0.023586,0.578696,28,114688,201.52034860925605
0,4096,1,32,static,0.089365,0.630173,266,1089536,201.52034860925605
0,4096,1,33,static,0.081644,0.627049,265,1085440,-200.61676932261375
0,4096,1,33,temporal,0.023525,0.574409,28,114688,-200.61676932261375
0,4096,1,34,temporal,0.022604,0.579987,28,114688,71.3331290831788
0,4096,1,34,static,0.062905,0.607219,263,1077248,71.3331290831788
0,4096,1,35,static,0.058579,0.583493,264,1081344,38.65197586794577
0,4096,1,35,temporal,0.02029,0.559426,28,114688,38.65197586794577
0,4096,1,36,temporal,0.023005,0.550603,28,114688,-193.3972961967637
0,4096,1,36,static,0.099861,0.628471,263,1077248,-193.3972961967637
0,4096,1,37,static,0.076486,0.619277,266,1089536,197.25433259632536
0,4096,1,37,temporal,0.024167,0.567068,28,114688,197.25433259632536
0,4096,1,38,temporal,0.022344,0.619447,28,114688,-243.8257340653856
0,4096,1,38,static,0.075324,0.603182,263,1077248,-243.8257340653856
0,4096,1,39,static,0.102686,0.634861,264,1081344,242.9911482873052
0,4096,1,39,temporal,0.024868,0.566067,28,114688,242.9911482873052
0,4096,1,40,temporal,0.021573,0.652757,28,114688,64.78787733728376
0,4096,1,40,static,0.130568,0.840992,266,1089536,64.78787733728376
0,4096,1,41,static,0.082424,0.62808,265,1085440,-175.35839861456446
0,4096,1,41,temporal,0.025949,0.564364,28,114688,-175.35839861456446
0,4096,1,42,temporal,0.023806,0.578455,28,114688,241.25213942778348
0,4096,1,42,static,0.089656,0.635932,265,1085440,241.25213942778348
0,4096,1,43,static,0.075244,0.602412,265,1085440,-210.80963410713414
0,4096,1,43,temporal,0.022014,0.560328,28,114688,-210.80963410713414
0,4096,1,44,temporal,0.023465,0.637214,28,114688,-173.7223121996724
0,4096,1,44,static,0.120221,0.656312,264,1081344,-173.7223121996724
0,4096,1,45,static,0.083266,0.624875,265,1085440,-215.8118813755654
0,4096,1,45,temporal,0.023977,0.546948,28,114688,-215.8118813755654
0,4096,1,46,temporal,0.020921,0.560427,28,114688,-238.17386176961077
0,4096,1,46,static,0.072931,0.597604,265,1085440,-238.17386176961077
0,4096,1,47,static,0.062955,0.609021,264,1081344,21.559759959114967
0,4096,1,47,temporal,0.023425,0.58209,28,114688,21.559759959114967
0,4096,1,48,temporal,0.024547,0.553437,27,110592,189.46764432684176
0,4096,1,48,static,0.077827,0.616973,266,1089536,189.46764432684176
0,4096,1,49,static,0.076505,0.602882,266,1089536,-203.2402543969814
0,4096,1,49,temporal,0.021062,0.560338,28,114688,-203.2402543969814
0,4096,1,50,temporal,0.022775,0.547198,28,114688,-115.54530159733604
0,4096,1,50,static,0.087443,0.631976,263,1077248,-115.54530159733604
0,4096,1,51,static,0.06601,0.60844,266,1089536,17.154642009298446
0,4096,1,51,temporal,0.022124,0.544694,28,114688,17.154642009298446
0,4096,1,52,temporal,0.01999,0.558555,28,114688,-236.3057683132182
0,4096,1,52,static,0.063286,0.589131,266,1089536,-236.3057683132182
0,4096,1,53,static,0.079981,0.620739,264,1081344,180.80991793787737
0,4096,1,53,temporal,0.023605,0.563872,28,114688,180.80991793787737
0,4096,1,54,temporal,0.023335,0.585355,27,110592,-77.47075476808898
0,4096,1,54,static,0.086391,0.628511,263,1077248,-77.47075476808898
0,4096,1,55,static,0.084177,0.609241,265,1085440,-135.19847567809816
0,4096,1,55,temporal,0.022984,0.637844,28,114688,-135.19847567809816
0,4096,1,56,temporal,0.032348,0.592586,28,114688,132.94934887965604
0,4096,1,56,static,0.083816,0.612136,263,1077248,132.94934887965604
0,4096,1,57,static,0.083967,0.69431,265,1085440,214.0075969779959
0,4096,1,57,temporal,0.030035,0.649352,28,114688,214.0075969779959
0,4096,1,58,temporal,0.029655,0.570553,28,114688,30.158164314508415
0,4096,1,58,static,0.064568,0.609922,265,1085440,30.158164314508415
0,4096,1,59,static,0.081343,0.615341,266,1089536,-15.377266773144228
0,4096,1,59,temporal,0.030487,0.573748,28,114688,-15.377266773144228
0,4096,1,60,temporal,0.022264,0.681581,28,114688,-29.124694787021788
0,4096,1,60,static,0.078679,0.969527,264,1081344,-29.124694787021788
0,4096,1,61,static,0.118109,0.757416,264,1081344,5.296463968847368
0,4096,1,61,temporal,0.035944,0.686258,28,114688,5.296463968847368
0,4096,1,62,temporal,0.03313,0.5885,28,114688,220.4794848589357
0,4096,1,62,static,0.089305,0.616742,265,1085440,220.4794848589357
0,4096,1,63,static,0.13183,0.689263,264,1081344,173.01738943858015
0,4096,1,63,temporal,0.048594,0.586647,28,114688,173.01738943858015
0,4096,1,64,temporal,0.022875,0.546587,28,114688,67.37671667167848
0,4096,1,64,static,0.062434,0.595891,263,1077248,67.37671667167848
0,4096,1,65,static,0.085339,0.609542,264,1081344,-111.38265554883824
0,4096,1,65,temporal,0.022985,0.558404,28,114688,-111.38265554883824
0,4096,1,66,temporal,0.023325,0.630744,28,114688,206.23396085982247
0,4096,1,66,static,0.084748,0.633227,264,1081344,206.23396085982247
0,4096,1,67,static,0.062324,0.60812,266,1089536,185.4355692497607
0,4096,1,67,temporal,0.022784,0.543732,28,114688,185.4355692497607
0,4096,1,68,temporal,0.022844,0.559616,28,114688,-34.410122500829054
0,4096,1,68,static,0.082665,0.808313,266,1089536,-34.410122500829054
0,4096,1,69,static,0.073611,0.596843,266,1089536,187.00309934378419
0,4096,1,69,temporal,0.027572,0.631665,28,114688,187.00309934378419
0,4096,1,70,temporal,0.029284,0.587659,28,114688,-202.73815082698383
0,4096,1,70,static,0.075384,0.592356,266,1089536,-202.73815082698383
0,4096,1,71,static,0.069104,0.597794,265,1085440,-189.71470378278093
0,4096,1,71,temporal,0.023446,0.537433,28,114688,-189.71470378278093
0,4096,1,72,temporal,0.021031,0.550562,28,114688,154.50533993256576
0,4096,1,72,static,0.068123,0.582912,264,1081344,154.50533993256576
0,4096,1,73,static,0.075134,0.600769,264,1081344,115.7563553738632
0,4096,1,73,temporal,0.022434,0.571164,28,114688,115.7563553738632
0,4096,1,74,temporal,0.022494,0.544323,28,114688,34.41894902471283
0,4096,1,74,static,0.058047,0.591244,263,1077248,34.41894902471283
0,4096,1,75,static,0.070336,0.596802,265,1085440,3.9924160248702334
0,4096,1,75,temporal,0.020831,0.664775,28,114688,3.9924160248702334
0,4096,1,76,temporal,0.032339,0.638145,28,114688,-216.73295681980503
0,4096,1,76,static,0.089255,0.634149,265,1085440,-216.73295681980503
0,4096,1,77,static,0.078719,0.61465,264,1081344,108.00903706881323
0,4096,1,77,temporal,0.024106,0.543592,28,114688,108.00903706881323
0,4096,1,78,temporal,0.021552,0.563562,28,114688,122.45889728211941
0,4096,1,78,static,0.076085,0.609993,266,1089536,122.45889728211941
0,4096,1,79,static,0.070948,0.598195,266,1089536,-159.85436747045785
0,4096,1,79,temporal,0.024847,0.561609,28,114688,-159.85436747045785
0,4096,1,80,temporal,0.022123,0.568289,28,114688,123.1710884189406
0,4096,1,80,static,0.062254,0.595821,266,1089536,123.1710884189406
0,4096,1,81,static,0.086731,0.631725,263,1077248,69.80287225305474
0,4096,1,81,temporal,0.023956,0.543622,28,114688,69.80287225305474
0,4096,1,82,temporal,0.022014,0.558044,28,114688,231.17391401693243
0,4096,1,82,static,0.087042,0.609522,266,1089536,231.17391401693243
0,4096,1,83,static,0.066261,0.603042,266,1089536,79.04834392714349
0,4096,1,83,temporal,0.021703,0.560698,28,114688,79.04834392714349
0,4096,1,84,temporal,0.034643,0.558255,28,114688,168.4019038198693
0,4096,1,84,static,0.065819,0.596642,265,1085440,168.4019038198693
0,4096,1,85,static,0.077287,0.598495,263,1077248,71.33114142478395
0,4096,1,85,temporal,0.022594,0.556672,28,114688,71.33114142478395
0,4096,1,86,temporal,0.020771,0.543602,28,114688,137.37887422041462
0,4096,1,86,static,0.057377,0.590593,263,1077248,137.37887422041462
0,4096,1,87,static,0.067552,0.682763,263,1077248,153.024946939911
0,4096,1,87,temporal,0.029775,0.551344,28,114688,153.024946939911
0,4096,1,88,temporal,0.021172,0.887663,28,114688,189.93984279902799
0,4096,1,88,static,0.074082,0.632637,266,1089536,189.93984279902799
0,4096,1,89,static,0.092179,0.623182,263,1077248,194.08712225535749
0,4096,1,89,temporal,0.025749,0.565605,28,114688,194.08712225535749
0,4096,1,90,temporal,0.022044,0.56841,28,114688,-243.50699580324172
0,4096,1,90,static,0.0797,0.602972,266,1089536,-243.50699580324172
0,4096,1,91,static,0.068183,0.607228,263,1077248,20.956959702202642
0,4096,1,91,temporal,0.022655,0.545465,28,114688,20.956959702202642
0,4096,1,92,temporal,0.021442,0.557883,28,114688,199.13112717534355
0,4096,1,92,static,0.076516,0.599707,264,1081344,199.13112717534355
0,4096,1,93,static,0.094283,0.638886,265,1085440,55.79193465736592
0,4096,1,93,temporal,0.026199,0.585024,28,114688,55.79193465736592
0,4096,1,94,temporal,0.024277,0.550753,28,114688,128.24585493389816
0,4096,1,94,static,0.060762,0.598215,264,1081344,128.24585493389816
0,4096,1,95,static,0.065118,0.585906,264,1081344,123.14328169347509
0,4096,1,95,temporal,0.022294,0.557564,28,114688,123.14328169347509
0,4096,1,96,temporal,0.023666,0.565706,28,114688,44.79036278996305
0,4096,1,96,static,0.103286,0.645436,264,1081344,44.79036278996305
0,4096,1,97,static,0.085009,0.630053,262,1073152,92.01453316408492
0,4096,1,97,temporal,0.024798,0.556162,28,114688,92.01453316408492
0,4096,1,98,temporal,0.022374,0.566197,28,114688,232.6508948075365
0,4096,1,98,static,0.088204,0.634961,266,1089536,232.6508948075365
0,4096,1,99,static,0.075254,0.608741,264,1081344,-230.65935369528532
0,4096,1,99,temporal,0.023396,0.564965,28,114688,-230.65935369528532
0,4096,1,100,temporal,0.022284,0.569842,28,114688,149.2516853997977
0,4096,1,100,static,0.076496,0.616773,266,1089536,149.2516853997977
0,4096,1,101,static,0.064798,0.593128,264,1081344,-37.05713029256425
0,4096,1,101,temporal,0.033912,0.561971,28,114688,-37.05713029256425
0,4096,1,102,temporal,0.022774,0.568179,28,114688,33.28245332096013
0,4096,1,102,static,0.083366,0.610093,264,1081344,33.28245332096013
0,4096,1,103,static,0.058869,0.602822,263,1077248,12.869878202844355
0,4096,1,103,temporal,0.021212,0.567298,28,114688,12.869878202844355
0,4096,1,104,temporal,0.022614,0.563963,28,114688,215.55334566816322
0,4096,1,104,static,0.075775,0.873852,263,1077248,215.55334566816322
0,4096,1,105,static,0.086581,0.61504,264,1081344,-237.31844906783402
0,4096,1,105,temporal,0.024767,0.567067,28,114688,-237.31844906783402
0,4096,1,106,temporal,0.023736,0.630474,28,114688,210.6623618283412
0,4096,1,106,static,0.083376,0.630354,265,1085440,210.6623618283412
0,4096,1,107,static,0.070957,0.612046,262,1073152,-24.240214728635767
0,4096,1,107,temporal,0.023625,0.616702,28,114688,-24.240214728635767
0,4096,1,108,temporal,0.031758,0.560298,28,114688,230.05020388598751
0,4096,1,108,static,0.090417,0.627759,262,1073152,230.05020388598751
0,4096,1,109,static,0.065168,0.593087,266,1089536,35.43992028009895
0,4096,1,109,temporal,0.021122,0.554518,28,114688,35.43992028009895
0,4096,1,110,temporal,0.022914,0.643783,28,114688,97.69284030413701
0,4096,1,110,static,0.091919,0.634399,264,1081344,97.69284030413701
0,4096,1,111,static,0.080722,0.646788,264,1081344,-169.7025785696815
0,4096,1,111,temporal,0.024998,0.569101,28,114688,-169.7025785696815
0,4096,1,112,temporal,0.021983,0.579176,28,114688,-13.178166417008617
0,4096,1,112,static,0.074442,0.701581,263,1077248,-13.178166417008617
0,4096,1,113,static,0.083947,0.6475,264,1081344,200.0599670084535
0,4096,1,113,temporal,0.024046,0.582371,28,114688,200.0599670084535
0,4096,1,114,temporal,0.024277,0.563793,28,114688,50.11508780833777
0,4096,1,114,static,0.088664,0.632396,264,1081344,50.11508780833777
0,4096,1,115,static,0.077638,0.635321,263,1077248,-80.12542022432997
0,4096,1,115,temporal,0.022915,0.564474,28,114688,-80.12542022432997
0,4096,1,116,temporal,0.019699,0.579426,28,114688,-179.72684904787812
0,4096,1,116,static,0.065519,0.637244,264,1081344,-179.72684904787812
0,4096,1,117,static,0.074443,0.618986,264,1081344,-68.17115088497037
0,4096,1,117,temporal,0.021502,0.57547,28,114688,-68.17115088497037
0,4096,1,118,temporal,0.022554,0.559696,28,114688,97.69284030413701
0,4096,1,118,static,0.077197,0.632897,264,1081344,97.69284030413701
0,4096,1,119,static,0.081663,0.633858,264,1081344,-145.61531352207282
0,4096,1,119,temporal,0.023726,0.586307,28,114688,-145.61531352207282
0,4096,2,0,static,0.091689,0.649963,263,1077248,-53.81574189942131
0,4096,2,0,temporal,0.023946,0.560057,28,114688,-53.81574189942131
0,4096,2,1,temporal,0.020261,0.587669,28,114688,202.0956415343452
0,4096,2,1,static,0.067021,0.623944,264,1081344,202.0956415343452
0,4096,2,2,static,0.057537,0.598125,263,1077248,195.80996510912587
0,4096,2,2,temporal,0.021142,0.574149,28,114688,195.80996510912587
0,4096,2,3,temporal,0.020121,0.726339,28,114688,162.66053195456823
0,4096,2,3,static,0.123417,0.663213,265,1085440,162.66053195456823
0,4096,2,4,static,0.073041,0.62805,263,1077248,37.27819903583503
0,4096,2,4,temporal,0.023716,0.560067,28,114688,37.27819903583503
0,4096,2,5,temporal,0.025218,0.579947,28,114688,85.22772031850795
0,4096,2,5,static,0.098288,0.656863,266,1089536,85.22772031850795
0,4096,2,6,static,0.084097,0.645226,264,1081344,-171.10008860916113
0,4096,2,6,temporal,0.033481,0.584394,28,114688,-171.10008860916113
0,4096,2,7,temporal,0.022063,0.561469,28,114688,102.525328232001
0,4096,2,7,static,0.073982,0.624054,264,1081344,102.525328232001
0,4096,2,8,static,0.090928,0.676063,264,1081344,174.23524671680644
0,4096,2,8,temporal,0.028063,0.559517,28,114688,174.23524671680644
0,4096,2,9,temporal,0.021683,0.572296,28,114688,-38.7314438560212
0,4096,2,9,static,0.074433,0.637234,263,1077248,-38.7314438560212
0,4096,2,10,static,0.080181,0.631335,265,1085440,161.4671041717946
0,4096,2,10,temporal,0.023015,0.5756,28,114688,161.4671041717946
0,4096,2,11,temporal,0.023496,0.569532,28,114688,197.25433259632536
0,4096,2,11,static,0.081363,0.631225,266,1089536,197.25433259632536
0,4096,2,12,static,0.085259,0.621781,264,1081344,-185.34865273462108
0,4096,2,12,temporal,0.041282,0.577803,28,114688,-185.34865273462108
0,4096,2,13,temporal,0.044958,0.743394,28,114688,1.8037555700465142
0,4096,2,13,static,0.107162,0.821062,264,1081344,1.8037555700465142
0,4096,2,14,static,0.091548,0.630904,264,1081344,-95.91031870986852
0,4096,2,14,temporal,0.024807,0.570142,28,114688,-95.91031870986852
0,4096,2,15,temporal,0.022895,0.693909,28,114688,-82.77391976124167
0,4096,2,15,static,0.09235,0.646818,264,1081344,-82.77391976124167
0,4096,2,16,static,0.091108,0.637014,266,1089536,96.20126667095052
0,4096,2,16,temporal,0.025949,0.552586,28,114688,96.20126667095052
0,4096,2,17,temporal,0.020802,0.654771,28,114688,30.832434112501755
0,4096,2,17,static,0.087612,0.662843,263,1077248,30.832434112501755
0,4096,2,18,static,0.077677,0.610763,264,1081344,-108.36946842012391
0,4096,2,18,temporal,0.022374,0.640118,28,114688,-108.36946842012391
0,4096,2,19,temporal,0.029584,0.591965,28,114688,31.8417090067649
0,4096,2,19,static,0.074553,0.600168,266,1089536,31.8417090067649
0,4096,2,20,static,0.072119,0.612156,264,1081344,-240.24228981062495
0,4096,2,20,temporal,0.023385,0.547588,28,114688,-240.24228981062495
0,4096,2,21,temporal,0.020911,0.556341,28,114688,-189.07848374791422
0,4096,2,21,static,0.074723,0.598085,266,1089536,-189.07848374791422
0,4096,2,22,static,0.09943,0.644625,266,1089536,-78.44981193950807
0,4096,2,22,temporal,0.025058,0.6021,28,114688,-78.44981193950807
0,4096,2,23,temporal,0.027972,0.55554,28,114688,-216.58046714232924
0,4096,2,23,static,0.082595,0.688502,264,1081344,-216.58046714232924
0,4096,2,24,static,0.07273,0.624024,265,1085440,-118.69887240125307
0,4096,2,24,temporal,0.025258,0.554479,27,110592,-118.69887240125307
0,4096,2,25,temporal,0.022364,0.566297,28,114688,120.72741541694286
0,4096,2,25,static,0.067392,0.702703,264,1081344,120.72741541694286
0,4096,2,26,static,0.136476,0.731416,266,1089536,135.33212978084123
0,4096,2,26,temporal,0.030807,0.587208,28,114688,135.33212978084123
0,4096,2,27,temporal,0.02632,0.549982,28,114688,145.6109062588002
0,4096,2,27,static,0.08591,0.624825,264,1081344,145.6109062588002
0,4096,2,28,static,0.065529,0.613968,266,1089536,199.0693330558119
0,4096,2,28,temporal,0.022394,0.571805,28,114688,199.0693330558119
0,4096,2,29,temporal,0.022414,0.561008,28,114688,151.38943650706835
0,4096,2,29,static,0.0594,0.580398,264,1081344,151.38943650706835
0,4096,2,30,static,0.071579,0.612747,266,1089536,-205.84279351490514
0,4096,2,30,temporal,0.022804,0.547027,28,114688,-205.84279351490514
0,4096,2,31,temporal,0.020161,0.745668,27,110592,-22.53007556484292
0,4096,2,31,static,0.074643,0.684235,262,1073152,-22.53007556484292
0,4096,2,32,static,0.094944,0.653769,266,1089536,201.52034860925605
0,4096,2,32,temporal,0.027411,0.550432,28,114688,201.52034860925605
0,4096,2,33,temporal,0.022474,0.56186,28,114688,-200.61676932261375
0,4096,2,33,static,0.082394,0.602611,265,1085440,-200.61676932261375
0,4096,2,34,static,0.058728,0.594749,263,1077248,71.3331290831788
0,4096,2,34,temporal,0.021873,0.540498,28,114688,71.3331290831788
0,4096,2,35,temporal,0.02008,0.657043,28,114688,38.65197586794577
0,4096,2,35,static,0.089986,0.650514,264,1081344,38.65197586794577
0,4096,2,36,static,0.086611,0.666308,263,1077248,-193.3972961967637
0,4096,2,36,temporal,0.030065,0.593868,28,114688,-193.3972961967637
0,4096,2,37,temporal,0.024758,0.566597,28,114688,197.25433259632536
0,4096,2,37,static,0.079781,0.604074,266,1089536,197.25433259632536
0,4096,2,38,static,0.070767,0.60891,263,1077248,-243.8257340653856
0,4096,2,38,temporal,0.023055,0.565615,28,114688,-243.8257340653856
0,4096,2,39,temporal,0.024648,0.562421,28,114688,242.9911482873052
0,4096,2,39,static,0.087963,0.606788,264,1081344,242.9911482873052
0,4096,2,40,static,0.094253,0.615381,266,1089536,64.78787733728376
0,4096,2,40,temporal,0.021823,0.557163,28,114688,64.78787733728376
0,4096,2,41,temporal,0.022744,0.541869,28,114688,-175.35839861456446
0,4096,2,41,static,0.071278,0.612877,265,1085440,-175.35839861456446
0,4096,2,42,static,0.087763,0.633058,265,1085440,241.25213942778348
0,4096,2,42,temporal,0.025889,0.56192,28,114688,241.25213942778348
0,4096,2,43,temporal,0.022725,0.560679,28,114688,-210.80963410713414
0,4096,2,43,static,0.073892,0.591685,265,1085440,-210.80963410713414
0,4096,2,44,static,0.080502,0.91269,264,1081344,-173.7223121996724
0,4096,2,44,temporal,0.039159,0.594218,28,114688,-173.7223121996724
0,4096,2,45,temporal,0.027602,0.570924,28,114688,-215.8118813755654
0,4096,2,45,static,0.086711,0.623463,265,1085440,-215.8118813755654
0,4096,2,46,static,0.074072,0.680219,265,1085440,-238.17386176961077
0,4096,2,46,temporal,0.031218,0.557243,28,114688,-238.17386176961077
0,4096,2,47,temporal,0.022794,0.564674,28,114688,21.559759959114967
0,4096,2,47,static,0.0663,0.583272,264,1081344,21.559759959114967
0,4096,2,48,static,0.077277,0.616062,266,1089536,189.46764432684176
0,4096,2,48,temporal,0.025068,0.566137,27,110592,189.46764432684176
0,4096,2,49,temporal,0.023916,0.558935,28,114688,-203.2402543969814
0,4096,2,49,static,0.07271,0.608791,266,1089536,-203.2402543969814
0,4096,2,50,static,0.070025,0.590142,263,1077248,-115.54530159733604
0,4096,2,50,temporal,0.021823,0.557954,28,114688,-115.54530159733604
0,4096,2,51,temporal,0.022304,0.544954,28,114688,17.154642009298446
0,4096,2,51,static,0.063927,0.683133,266,1089536,17.154642009298446
0,4096,2,52,static,0.089656,0.654891,266,1089536,-236.3057683132182
0,4096,2,52,temporal,0.025568,0.607889,28,114688,-236.3057683132182
0,4096,2,53,temporal,0.028834,0.583122,28,114688,180.80991793787737
0,4096,2,53,static,0.070196,0.590383,264,1081344,180.80991793787737
0,4096,2,54,static,0.093091,0.618115,263,1077248,-77.47075476808898
0,4096,2,54,temporal,0.022905,0.558945,27,110592,-77.47075476808898
0,4096,2,55,temporal,0.023456,0.563693,28,114688,-135.19847567809816
0,4096,2,55,static,0.085139,0.620619,265,1085440,-135.19847567809816
0,4096,2,56,static,0.076365,0.596362,263,1077248,132.94934887965604
0,4096,2,56,temporal,0.022885,0.559867,28,114688,132.94934887965604
0,4096,2,57,temporal,0.022755,0.561339,28,114688,214.0075969779959
0,4096,2,57,static,0.075785,0.613708,265,1085440,214.0075969779959
0,4096,2,58,static,0.060662,0.603373,265,1085440,30.158164314508415
0,4096,2,58,temporal,0.022353,0.563031,28,114688,30.158164314508415
0,4096,2,59,temporal,0.023916,0.562421,28,114688,-15.377266773144228
0,4096,2,59,static,0.080151,0.619356,266,1089536,-15.377266773144228
0,4096,2,60,static,0.0661,0.589001,264,1081344,-29.124694787021788
0,4096,2,60,temporal,0.020771,0.553677,28,114688,-29.124694787021788
0,4096,2,61,temporal,0.023796,0.545976,28,114688,5.296463968847368
0,4096,2,61,static,0.091158,0.624174,264,1081344,5.296463968847368
0,4096,2,62,static,0.083917,0.62179,265,1085440,220.4794848589357
0,4096,2,62,temporal,0.023746,0.56203,28,114688,220.4794848589357
0,4096,2,63,temporal,0.075113,0.632687,28,114688,173.01738943858015
0,4096,2,63,static,0.069075,0.599537,264,1081344,173.01738943858015
0,4096,2,64,static,0.057477,0.607929,263,1077248,67.37671667167848
0,4096,2,64,temporal,0.021353,0.54839,28,114688,67.37671667167848
0,4096,2,65,temporal,0.021913,0.563212,28,114688,-111.38265554883824
0,4096,2,65,static,0.099691,0.644315,264,1081344,-111.38265554883824
0,4096,2,66,static,0.076846,0.602581,264,1081344,206.23396085982247
0,4096,2,66,temporal,0.021793,0.693038,28,114688,206.23396085982247
0,4096,2,67,temporal,0.027192,0.66082,28,114688,185.4355692497607
0,4096,2,67,static,0.071358,0.59524,266,1089536,185.4355692497607
0,4096,2,68,static,0.07947,0.62164,266,1089536,-34.410122500829054
0,4096,2,68,temporal,0.025188,0.568439,28,114688,-34.410122500829054
0,4096,2,69,temporal,0.022364,0.558985,28,114688,187.00309934378419
0,4096,2,69,static,0.05953,0.728813,266,1089536,187.00309934378419
0,4096,2,70,static,0.081403,0.604735,266,1089536,-202.73815082698383
0,4096,2,70,temporal,0.022804,0.559085,28,114688,-202.73815082698383
0,4096,2,71,temporal,0.022314,0.540097,28,114688,-189.71470378278093
0,4096,2,71,static,0.071659,0.671867,265,1085440,-189.71470378278093
0,4096,2,72,static,0.080402,0.64123,264,1081344,154.50533993256576
0,4096,2,72,temporal,0.023896,0.544494,28,114688,154.50533993256576
0,4096,2,73,temporal,0.021703,0.556021,28,114688,115.7563553738632
0,4096,2,73,static,0.07282,0.596703,264,1081344,115.7563553738632
0,4096,2,74,static,0.062084,0.602211,263,1077248,34.41894902471283
0,4096,2,74,temporal,0.022484,0.63502,28,114688,34.41894902471283
0,4096,2,75,temporal,0.030286,0.574289,28,114688,3.9924160248702334
0,4096,2,75,static,0.071308,0.613428,265,1085440,3.9924160248702334
0,4096,2,76,static,0.083376,0.610894,265,1085440,-216.73295681980503
0,4096,2,76,temporal,0.037207,0.560188,28,114688,-216.73295681980503
0,4096,2,77,temporal,0.022504,0.56171,28,114688,108.00903706881323
0,4096,2,77,static,0.07919,0.599677,264,1081344,108.00903706881323
0,4096,2,78,static,0.073472,0.610193,266,1089536,122.45889728211941
0,4096,2,78,temporal,0.023025,0.569782,28,114688,122.45889728211941
0,4096,2,79,temporal,0.023435,0.564363,28,114688,-159.85436747045785
0,4096,2,79,static,0.07248,0.608431,266,1089536,-159.85436747045785
0,4096,2,80,static,0.059811,0.596132,266,1089536,123.1710884189406
0,4096,2,80,temporal,0.022484,0.563563,28,114688,123.1710884189406
0,4096,2,81,temporal,0.024698,0.551475,28,114688,69.80287225305474
0,4096,2,81,static,0.085529,0.622381,263,1077248,69.80287225305474
0,4096,2,82,static,0.086611,0.646448,266,1089536,231.17391401693243
0,4096,2,82,temporal,0.024928,0.551865,28,114688,231.17391401693243
0,4096,2,83,temporal,0.022144,0.564785,28,114688,79.04834392714349
0,4096,2,83,static,0.067552,0.589251,266,1089536,79.04834392714349
0,4096,2,84,static,0.064748,0.6017,265,1085440,168.4019038198693
0,4096,2,84,temporal,0.022734,0.542681,28,114688,168.4019038198693
0,4096,2,85,temporal,0.022474,0.564464,28,114688,71.33114142478395
0,4096,2,85,static,0.07927,0.746479,263,1077248,71.33114142478395
0,4096,2,86,static,0.067011,0.594769,263,1077248,137.37887422041462
0,4096,2,86,temporal,0.021703,0.557383,28,114688,137.37887422041462
0,4096,2,87,temporal,0.021993,0.549221,28,114688,153.024946939911
0,4096,2,87,static,0.081594,0.607369,263,1077248,153.024946939911
0,4096,2,88,static,0.064287,0.603303,266,1089536,189.93984279902799
0,4096,2,88,temporal,0.020862,0.565065,28,114688,189.93984279902799
0,4096,2,89,temporal,0.024808,0.565536,28,114688,194.08712225535749
0,4096,2,89,static,0.090547,0.61502,263,1077248,194.08712225535749
0,4096,2,90,static,0.061443,0.603403,266,1089536,-243.50699580324172
0,4096,2,90,temporal,0.021813,0.558966,28,114688,-243.50699580324172
0,4096,2,91,temporal,0.021372,0.547889,28,114688,20.956959702202642
0,4096,2,91,static,0.070466,0.607949,263,1077248,20.956959702202642
0,4096,2,92,static,0.075825,0.617955,264,1081344,199.13112717534355
0,4096,2,92,temporal,0.023785,0.560968,28,114688,199.13112717534355
0,4096,2,93,temporal,0.022955,0.54858,28,114688,55.79193465736592
0,4096,2,93,static,0.101404,0.626959,265,1085440,55.79193465736592
0,4096,2,94,static,0.058799,0.599276,264,1081344,128.24585493389816
0,4096,2,94,temporal,0.022675,0.54858,28,114688,128.24585493389816
0,4096,2,95,temporal,0.021642,0.557904,28,114688,123.14328169347509
0,4096,2,95,static,0.06658,0.606747,264,1081344,123.14328169347509
0,4096,2,96,static,0.089195,0.631555,264,1081344,44.79036278996305
0,4096,2,96,temporal,0.024337,0.651375,28,114688,44.79036278996305
0,4096,2,97,temporal,0.032379,0.559447,28,114688,92.01453316408492
0,4096,2,97,static,0.08572,0.62817,262,1073152,92.01453316408492
0,4096,2,98,static,0.086741,0.613368,266,1089536,232.6508948075365
0,4096,2,98,temporal,0.037146,0.560778,28,114688,232.6508948075365
0,4096,2,99,temporal,0.040742,0.58198,28,114688,-230.65935369528532
0,4096,2,99,static,0.073972,0.597123,264,1081344,-230.65935369528532
0,4096,2,100,static,0.074082,0.613318,266,1089536,149.2516853997977
0,4096,2,100,temporal,0.022944,0.616552,28,114688,149.2516853997977
0,4096,2,101,temporal,0.05949,0.587839,28,114688,-37.05713029256425
0,4096,2,101,static,0.066962,0.671756,264,1081344,-37.05713029256425
0,4096,2,102,static,0.09251,0.642051,264,1081344,33.28245332096013
0,4096,2,102,temporal,0.026019,0.566326,28,114688,33.28245332096013
0,4096,2,103,temporal,0.021613,0.550102,28,114688,12.869878202844355
0,4096,2,103,static,0.062013,0.582381,263,1077248,12.869878202844355
0,4096,2,104,static,0.075183,0.612566,263,1077248,215.55334566816322
0,4096,2,104,temporal,0.023175,0.669543,28,114688,215.55334566816322
0,4096,2,105,temporal,0.029995,0.590423,28,114688,-237.31844906783402
0,4096,2,105,static,0.077397,0.68152,264,1081344,-237.31844906783402
0,4096,2,106,static,0.083766,0.607869,265,1085440,210.6623618283412
0,4096,2,106,temporal,0.022704,0.560848,28,114688,210.6623618283412
0,4096,2,107,temporal,0.027802,0.551995,28,114688,-24.240214728635767
0,4096,2,107,static,0.070096,0.607609,262,1073152,-24.240214728635767
0,4096,2,108,static,0.088063,0.62791,262,1073152,230.05020388598751
0,4096,2,108,temporal,0.027552,0.603593,28,114688,230.05020388598751
0,4096,2,109,temporal,0.028413,0.589782,28,114688,35.43992028009895
0,4096,2,109,static,0.069515,0.596552,266,1089536,35.43992028009895
0,4096,2,110,static,0.078178,0.615711,264,1081344,97.69284030413701
0,4096,2,110,temporal,0.022674,0.560818,28,114688,97.69284030413701
0,4096,2,111,temporal,0.023556,0.545285,28,114688,-169.7025785696815
0,4096,2,111,static,0.080641,0.619426,264,1081344,-169.7025785696815
0,4096,2,112,static,0.074272,0.624725,263,1077248,-13.178166417008617
0,4096,2,112,temporal,0.025048,0.562832,28,114688,-13.178166417008617
0,4096,2,113,temporal,0.022363,0.558945,28,114688,200.0599670084535
0,4096,2,113,static,0.077667,0.601139,264,1081344,200.0599670084535
0,4096,2,114,static,0.072519,0.609572,264,1081344,50.11508780833777
0,4096,2,114,temporal,0.024548,0.795223,28,114688,50.11508780833777
0,4096,2,115,temporal,0.037277,0.579837,28,114688,-80.12542022432997
0,4096,2,115,static,0.085549,0.622512,263,1077248,-80.12542022432997
0,4096,2,116,static,0.067532,0.591705,264,1081344,-179.72684904787812
0,4096,2,116,temporal,0.023034,0.558054,28,114688,-179.72684904787812
0,4096,2,117,temporal,0.025588,0.545605,28,114688,-68.17115088497037
0,4096,2,117,static,0.087513,0.604915,264,1081344,-68.17115088497037
0,4096,2,118,static,0.078078,0.606017,264,1081344,97.69284030413701
0,4096,2,118,temporal,0.023335,0.555801,28,114688,97.69284030413701
0,4096,2,119,temporal,0.024227,0.553658,28,114688,-145.61531352207282
0,4096,2,119,static,0.081033,0.59466,264,1081344,-145.61531352207282
0,4096,3,0,temporal,0.023375,0.55537,28,114688,-53.81574189942131
0,4096,3,0,static,0.09253,0.622211,263,1077248,-53.81574189942131
0,4096,3,1,static,0.063806,0.593147,264,1081344,202.0956415343452
0,4096,3,1,temporal,0.021643,0.552345,28,114688,202.0956415343452
0,4096,3,2,temporal,0.020521,0.552966,28,114688,195.80996510912587
0,4096,3,2,static,0.05959,0.593478,263,1077248,195.80996510912587
0,4096,3,3,static,0.056325,0.574078,265,1085440,162.66053195456823
0,4096,3,3,temporal,0.02006,0.549812,28,114688,162.66053195456823
0,4096,3,4,temporal,0.021503,0.554939,28,114688,37.27819903583503
0,4096,3,4,static,0.070206,0.584755,263,1077248,37.27819903583503
0,4096,3,5,static,0.088494,0.624454,266,1089536,85.22772031850795
0,4096,3,5,temporal,0.024958,0.557383,28,114688,85.22772031850795
0,4096,3,6,temporal,0.023246,0.552766,28,114688,-171.10008860916113
0,4096,3,6,static,0.083226,0.599397,264,1081344,-171.10008860916113
0,4096,3,7,static,0.07977,0.597894,264,1081344,102.525328232001
0,4096,3,7,temporal,0.022965,0.551775,28,114688,102.525328232001
0,4096,3,8,temporal,0.022884,0.542661,28,114688,174.23524671680644
0,4096,3,8,static,0.087082,0.613799,264,1081344,174.23524671680644
0,4096,3,9,static,0.069515,0.606377,263,1077248,-38.7314438560212
0,4096,3,9,temporal,0.023556,0.559026,28,114688,-38.7314438560212
0,4096,3,10,temporal,0.022023,0.546176,28,114688,161.4671041717946
0,4096,3,10,static,0.09295,0.613127,265,1085440,161.4671041717946
0,4096,3,11,static,0.078569,0.615742,266,1089536,197.25433259632536
0,4096,3,11,temporal,0.023566,0.538264,28,114688,197.25433259632536
0,4096,3,12,temporal,0.022023,0.554409,28,114688,-185.34865273462108
0,4096,3,12,static,0.083857,0.619397,264,1081344,-185.34865273462108
0,4096,3,13,static,0.102615,0.620589,264,1081344,1.8037555700465142
0,4096,3,13,temporal,0.024077,0.550353,28,114688,1.8037555700465142
0,4096,3,14,temporal,0.023035,0.54203,28,114688,-95.91031870986852
0,4096,3,14,static,0.07944,0.931559,264,1081344,-95.91031870986852
0,4096,3,15,static,0.09291,0.697555,264,1081344,-82.77391976124167
0,4096,3,15,temporal,0.031277,0.570402,28,114688,-82.77391976124167
0,4096,3,16,temporal,0.025599,0.566517,28,114688,96.20126667095052
0,4096,3,16,static,0.089966,0.628721,266,1089536,96.20126667095052
0,4096,3,17,static,0.073131,0.596873,263,1077248,30.832434112501755
0,4096,3,17,temporal,0.021513,0.558305,28,114688,30.832434112501755
0,4096,3,18,temporal,0.023105,0.546136,28,114688,-108.36946842012391
0,4096,3,18,static,0.069445,0.606387,264,1081344,-108.36946842012391
0,4096,3,19,static,0.067953,0.690264,266,1089536,31.8417090067649
0,4096,3,19,temporal,0.030446,0.554209,28,114688,31.8417090067649
0,4096,3,20,temporal,0.021893,0.563603,28,114688,-240.24228981062495
0,4096,3,20,static,0.080753,0.603123,264,1081344,-240.24228981062495
0,4096,3,21,static,0.071929,0.610123,266,1089536,-189.07848374791422
0,4096,3,21,temporal,0.022925,0.560998,28,114688,-189.07848374791422
0,4096,3,22,temporal,0.023615,0.567438,28,114688,-78.44981193950807
0,4096,3,22,static,0.106281,0.644826,266,1089536,-78.44981193950807
0,4096,3,23,static,0.081664,0.604545,264,1081344,-216.58046714232924
0,4096,3,23,temporal,0.023125,0.560418,28,114688,-216.58046714232924
0,4096,3,24,temporal,0.021512,0.556031,27,110592,-118.69887240125307
0,4096,3,24,static,0.067493,0.607649,265,1085440,-118.69887240125307
0,4096,3,25,static,0.077687,0.656172,264,1081344,120.72741541694286
0,4096,3,25,temporal,0.027221,0.571374,28,114688,120.72741541694286
0,4096,3,26,temporal,0.024777,0.568379,28,114688,135.33212978084123
0,4096,3,26,static,0.090747,0.612737,266,1089536,135.33212978084123
0,4096,3,27,static,0.098078,0.627259,264,1081344,145.6109062588002
0,4096,3,27,temporal,0.023104,0.556892,28,114688,145.6109062588002
0,4096,3,28,temporal,0.020922,0.551504,28,114688,199.0693330558119
0,4096,3,28,static,0.060942,0.598806,266,1089536,199.0693330558119
0,4096,3,29,static,0.057127,0.60141,264,1081344,151.38943650706835
0,4096,3,29,temporal,0.022604,0.559316,28,114688,151.38943650706835
0,4096,3,30,temporal,0.022795,0.655191,28,114688,-205.84279351490514
0,4096,3,30,static,0.087983,0.745678,266,1089536,-205.84279351490514
0,4096,3,31,static,0.067783,0.609672,262,1073152,-22.53007556484292
0,4096,3,31,temporal,0.023406,0.630554,27,110592,-22.53007556484292
0,4096,3,32,temporal,0.031978,0.576021,28,114688,201.52034860925605
0,4096,3,32,static,0.089916,0.624004,266,1089536,201.52034860925605
0,4096,3,33,static,0.082525,0.602461,265,1085440,-200.61676932261375
0,4096,3,33,temporal,0.024006,0.558655,28,114688,-200.61676932261375
0,4096,3,34,temporal,0.021202,0.540838,28,114688,71.3331290831788
0,4096,3,34,static,0.074793,0.592506,263,1077248,71.3331290831788
0,4096,3,35,static,0.056806,0.649984,264,1081344,38.65197586794577
0,4096,3,35,temporal,0.028002,0.571755,28,114688,38.65197586794577
0,4096,3,36,temporal,0.025648,0.585375,28,114688,-193.3972961967637
0,4096,3,36,static,0.08624,0.621019,263,1077248,-193.3972961967637
0,4096,3,37,static,0.077597,0.598565,266,1089536,197.25433259632536
0,4096,3,37,temporal,0.022765,0.562852,28,114688,197.25433259632536
0,4096,3,38,temporal,0.023916,0.547949,28,114688,-243.8257340653856
0,4096,3,38,static,0.073601,0.688872,263,1077248,-243.8257340653856
0,4096,3,39,static,0.095825,0.655892,264,1081344,242.9911482873052
0,4096,3,39,temporal,0.025669,0.551784,28,114688,242.9911482873052
0,4096,3,40,temporal,0.020992,0.556752,28,114688,64.78787733728376
0,4096,3,40,static,0.071768,0.59502,266,1089536,64.78787733728376
0,4096,3,41,static,0.069285,0.604825,265,1085440,-175.35839861456446
0,4096,3,41,temporal,0.022394,0.540407,28,114688,-175.35839861456446
0,4096,3,42,temporal,0.023225,0.558174,28,114688,241.25213942778348
0,4096,3,42,static,0.103637,0.642282,265,1085440,241.25213942778348
0,4096,3,43,static,0.073401,0.592496,265,1085440,-210.80963410713414
0,4096,3,43,temporal,0.021312,0.56207,28,114688,-210.80963410713414
0,4096,3,44,temporal,0.023605,0.54225,28,114688,-173.7223121996724
0,4096,3,44,static,0.080222,0.725999,264,1081344,-173.7223121996724
0,4096,3,45,static,0.091688,1.246686,265,1085440,-215.8118813755654
0,4096,3,45,temporal,0.043396,0.599066,28,114688,-215.8118813755654
0,4096,3,46,temporal,0.02671,0.546847,28,114688,-238.17386176961077
0,4096,3,46,static,0.089395,0.607168,265,1085440,-238.17386176961077
0,4096,3,47,static,0.066501,0.611115,264,1081344,21.559759959114967
0,4096,3,47,temporal,0.024056,0.545245,28,114688,21.559759959114967
0,4096,3,48,temporal,0.025188,0.638746,27,110592,189.46764432684176
0,4096,3,48,static,0.087603,0.815083,266,1089536,189.46764432684176
0,4096,3,49,static,0.087482,0.610683,266,1089536,-203.2402543969814
0,4096,3,49,temporal,0.024597,0.563983,28,114688,-203.2402543969814
0,4096,3,50,temporal,0.023476,0.547779,28,114688,-115.54530159733604
0,4096,3,50,static,0.085349,0.601339,263,1077248,-115.54530159733604
0,4096,3,51,static,0.065639,0.598575,266,1089536,17.154642009298446
0,4096,3,51,temporal,0.022955,0.559096,28,114688,17.154642009298446
0,4096,3,52,temporal,0.022474,0.552065,28,114688,-236.3057683132182
0,4096,3,52,static,0.065459,0.580879,266,1089536,-236.3057683132182
0,4096,3,53,static,0.06609,0.592917,264,1081344,180.80991793787737
0,4096,3,53,temporal,0.022854,0.535239,28,114688,180.80991793787737
0,4096,3,54,temporal,0.04628,0.56868,27,110592,-77.47075476808898
0,4096,3,54,static,0.082135,0.620299,263,1077248,-77.47075476808898
0,4096,3,55,static,0.08624,0.620358,265,1085440,-135.19847567809816
0,4096,3,55,temporal,0.025379,0.55532,28,114688,-135.19847567809816
0,4096,3,56,temporal,0.022954,0.537693,28,114688,132.94934887965604
0,4096,3,56,static,0.077918,0.607389,263,1077248,132.94934887965604
0,4096,3,57,static,0.076436,0.604174,265,1085440,214.0075969779959
0,4096,3,57,temporal,0.022825,0.536041,28,114688,214.0075969779959
0,4096,3,58,temporal,0.020972,0.558915,28,114688,30.158164314508415
0,4096,3,58,static,0.061213,0.593278,265,1085440,30.158164314508415
0,4096,3,59,static,0.080622,0.612176,266,1089536,-15.377266773144228
0,4096,3,59,temporal,0.024217,0.539406,28,114688,-15.377266773144228
0,4096,3,60,temporal,0.021052,0.553557,28,114688,-29.124694787021788
0,4096,3,60,static,0.06596,0.596833,264,1081344,-29.124694787021788
0,4096,3,61,static,0.09235,0.615221,264,1081344,5.296463968847368
0,4096,3,61,temporal,0.023496,0.554479,28,114688,5.296463968847368
0,4096,3,62,temporal,0.024517,0.565054,28,114688,220.4794848589357
0,4096,3,62,static,0.086651,0.646147,265,1085440,220.4794848589357
0,4096,3,63,static,0.067863,1.501551,264,1081344,173.01738943858015
0,4096,3,63,temporal,0.05958,0.594469,28,114688,173.01738943858015
0,4096,3,64,temporal,0.022063,0.680709,28,114688,67.37671667167848
0,4096,3,64,static,0.07254,0.625797,263,1077248,67.37671667167848
0,4096,3,65,static,0.083647,0.630684,264,1081344,-111.38265554883824
0,4096,3,65,temporal,0.025118,0.569491,28,114688,-111.38265554883824
0,4096,3,66,temporal,0.022163,0.553056,28,114688,206.23396085982247
0,4096,3,66,static,0.079621,0.624004,264,1081344,206.23396085982247
0,4096,3,67,static,0.062084,0.599857,266,1089536,185.4355692497607
0,4096,3,67,temporal,0.021352,0.754562,28,114688,185.4355692497607
0,4096,3,68,temporal,0.035213,0.602391,28,114688,-34.410122500829054
0,4096,3,68,static,0.084998,0.607719,266,1089536,-34.410122500829054
0,4096,3,69,static,0.059209,0.603763,266,1089536,187.00309934378419
0,4096,3,69,temporal,0.022935,0.563373,28,114688,187.00309934378419
0,4096,3,70,temporal,0.023305,0.54844,28,114688,-202.73815082698383
0,4096,3,70,static,0.071599,0.690785,266,1089536,-202.73815082698383
0,4096,3,71,static,0.0796,0.684756,265,1085440,-189.71470378278093
0,4096,3,71,temporal,0.030256,0.587159,28,114688,-189.71470378278093
0,4096,3,72,temporal,0.024527,0.563893,28,114688,154.50533993256576
0,4096,3,72,static,0.069155,0.589432,264,1081344,154.50533993256576
0,4096,3,73,static,0.063736,0.602791,264,1081344,115.7563553738632
0,4096,3,73,temporal,0.021733,0.54204,28,114688,115.7563553738632
0,4096,3,74,temporal,0.020742,0.559577,28,114688,34.41894902471283
0,4096,3,74,static,0.059319,0.62185,263,1077248,34.41894902471283
0,4096,3,75,static,0.071749,0.59511,265,1085440,3.9924160248702334
0,4096,3,75,temporal,0.022955,0.559506,28,114688,3.9924160248702334
0,4096,3,76,temporal,0.023014,0.546576,28,114688,-216.73295681980503
0,4096,3,76,static,0.084347,0.62129,265,1085440,-216.73295681980503
0,4096,3,77,static,0.077447,0.822254,264,1081344,108.00903706881323
0,4096,3,77,temporal,0.036586,0.619377,28,114688,108.00903706881323
0,4096,3,78,temporal,0.028683,0.591364,28,114688,122.45889728211941
0,4096,3,78,static,0.080842,0.626668,266,1089536,122.45889728211941
0,4096,3,79,static,0.073331,0.600078,266,1089536,-159.85436747045785
0,4096,3,79,temporal,0.022394,0.556953,28,114688,-159.85436747045785
0,4096,3,80,temporal,0.021773,0.551635,28,114688,123.1710884189406
0,4096,3,80,static,0.062344,0.67433,266,1089536,123.1710884189406
0,4096,3,81,static,0.094593,0.656323,263,1077248,69.80287225305474
0,4096,3,81,temporal,0.026491,0.547338,28,114688,69.80287225305474
0,4096,3,82,temporal,0.024297,0.562401,28,114688,231.17391401693243
0,4096,3,82,static,0.087973,0.611765,266,1089536,231.17391401693243
0,4096,3,83,static,0.066281,0.613799,266,1089536,79.04834392714349
0,4096,3,83,temporal,0.022874,0.549771,28,114688,79.04834392714349
0,4096,3,84,temporal,0.031948,0.552876,28,114688,168.4019038198693
0,4096,3,84,static,0.082876,0.624245,265,1085440,168.4019038198693
0,4096,3,85,static,0.07964,0.607549,263,1077248,71.33114142478395
0,4096,3,85,temporal,0.022725,0.566287,28,114688,71.33114142478395
0,4096,3,86,temporal,0.021873,0.550402,28,114688,137.37887422041462
0,4096,3,86,static,0.059049,0.598225,263,1077248,137.37887422041462
0,4096,3,87,static,0.068734,0.609011,263,1077248,153.024946939911
0,4096,3,87,temporal,0.030276,0.578836,28,114688,153.024946939911
0,4096,3,88,temporal,0.022715,0.562361,28,114688,189.93984279902799
0,4096,3,88,static,0.060111,0.582331,266,1089536,189.93984279902799
0,4096,3,89,static,0.087963,0.631565,263,1077248,194.08712225535749
0,4096,3,89,temporal,0.025258,0.560397,28,114688,194.08712225535749
0,4096,3,90,temporal,0.022033,0.546767,28,114688,-243.50699580324172
0,4096,3,90,static,0.061903,0.596372,266,1089536,-243.50699580324172
0,4096,3,91,static,0.069675,0.615751,263,1077248,20.956959702202642
0,4096,3,91,temporal,0.024948,0.566517,28,114688,20.956959702202642
0,4096,3,92,temporal,0.023906,0.547197,28,114688,199.13112717534355
0,4096,3,92,static,0.077517,0.617674,264,1081344,199.13112717534355
0,4096,3,93,static,0.093331,0.63457,265,1085440,55.79193465736592
0,4096,3,93,temporal,0.027291,0.54903,28,114688,55.79193465736592
0,4096,3,94,temporal,0.020591,0.567729,28,114688,128.24585493389816
0,4096,3,94,static,0.061142,0.620598,264,1081344,128.24585493389816
0,4096,3,95,static,0.066651,0.60774,264,1081344,123.14328169347509
0,4096,3,95,temporal,0.022374,0.560328,28,114688,123.14328169347509
0,4096,3,96,temporal,0.023796,0.55571,28,114688,44.79036278996305
0,4096,3,96,static,0.088834,0.625245,264,1081344,44.79036278996305
0,4096,3,97,static,0.084458,0.609562,262,1073152,92.01453316408492
0,4096,3,97,temporal,0.023055,0.560958,28,114688,92.01453316408492
0,4096,3,98,temporal,0.022824,0.565805,28,114688,232.6508948075365
0,4096,3,98,static,0.089616,0.613739,266,1089536,232.6508948075365
0,4096,3,99,static,0.071328,0.611715,264,1081344,-230.65935369528532
0,4096,3,99,temporal,0.023546,0.550112,28,114688,-230.65935369528532
0,4096,3,100,temporal,0.023255,0.56202,28,114688,149.2516853997977
0,4096,3,100,static,0.076496,0.597494,266,1089536,149.2516853997977
0,4096,3,101,static,0.078178,1.218834,264,1081344,-37.05713029256425
0,4096,3,101,temporal,0.036876,0.56863,28,114688,-37.05713029256425
0,4096,3,102,temporal,0.026981,0.570483,28,114688,33.28245332096013
0,4096,3,102,static,0.091228,0.614159,264,1081344,33.28245332096013
0,4096,3,103,static,0.077277,0.620699,263,1077248,12.869878202844355
0,4096,3,103,temporal,0.022764,0.56201,28,114688,12.869878202844355
0,4096,3,104,temporal,0.022975,0.570814,28,114688,215.55334566816322
0,4096,3,104,static,0.07907,0.619187,263,1077248,215.55334566816322
0,4096,3,105,static,0.073912,0.597954,264,1081344,-237.31844906783402
0,4096,3,105,temporal,0.022745,0.561069,28,114688,-237.31844906783402
0,4096,3,106,temporal,0.023025,0.563162,28,114688,210.6623618283412
0,4096,3,106,static,0.077937,0.605886,265,1085440,210.6623618283412
0,4096,3,107,static,0.073501,0.612747,262,1073152,-24.240214728635767
0,4096,3,107,temporal,0.023376,0.603583,28,114688,-24.240214728635767
0,4096,3,108,temporal,0.030816,0.593948,28,114688,230.05020388598751
0,4096,3,108,static,0.0926,0.631345,262,1073152,230.05020388598751
0,4096,3,109,static,0.067872,0.593377,266,1089536,35.43992028009895
0,4096,3,109,temporal,0.021182,0.558535,28,114688,35.43992028009895
0,4096,3,110,temporal,0.022645,0.54869,28,114688,97.69284030413701
0,4096,3,110,static,0.077698,0.614039,264,1081344,97.69284030413701
0,4096,3,111,static,0.082354,0.637985,264,1081344,-169.7025785696815
0,4096,3,111,temporal,0.024988,0.545545,28,114688,-169.7025785696815
0,4096,3,112,temporal,0.021192,0.5685,28,114688,-13.178166417008617
0,4096,3,112,static,0.076375,0.73423,263,1077248,-13.178166417008617
0,4096,3,113,static,0.099961,0.626157,264,1081344,200.0599670084535
0,4096,3,113,temporal,0.024367,0.562101,28,114688,200.0599670084535
0,4096,3,114,temporal,0.022604,0.564784,28,114688,50.11508780833777
0,4096,3,114,static,0.077037,0.642031,264,1081344,50.11508780833777
0,4096,3,115,static,0.081633,0.605666,263,1077248,-80.12542022432997
0,4096,3,115,temporal,0.022654,0.560698,28,114688,-80.12542022432997
0,4096,3,116,temporal,0.022114,0.563733,28,114688,-179.72684904787812
0,4096,3,116,static,0.065559,0.599647,264,1081344,-179.72684904787812
0,4096,3,117,static,0.182707,1.761314,264,1081344,-68.17115088497037
0,4096,3,117,temporal,0.038819,0.565005,28,114688,-68.17115088497037
0,4096,3,118,temporal,0.040321,0.56812,28,114688,97.69284030413701
0,4096,3,118,static,0.080172,0.622642,264,1081344,97.69284030413701
0,4096,3,119,static,0.081283,0.606737,264,1081344,-145.61531352207282
0,4096,3,119,temporal,0.023506,0.673909,28,114688,-145.61531352207282
1,4096,0,0,static,0.098449,0.689293,263,1077248,-53.81574189942131
1,4096,0,0,temporal,0.029805,0.578575,28,114688,-53.81574189942131
1,4096,0,1,temporal,0.024086,0.582731,28,114688,202.0956415343452
1,4096,0,1,static,0.071258,0.596863,264,1081344,202.0956415343452
1,4096,0,2,static,0.056525,0.597283,263,1077248,195.80996510912587
1,4096,0,2,temporal,0.022093,0.639627,28,114688,195.80996510912587
1,4096,0,3,temporal,0.028494,0.675923,28,114688,162.66053195456823
1,4096,0,3,static,0.116536,0.681351,265,1085440,162.66053195456823
1,4096,0,4,static,0.074302,0.607148,263,1077248,37.27819903583503
1,4096,0,4,temporal,0.024637,0.636823,28,114688,37.27819903583503
1,4096,0,5,temporal,0.031298,0.600449,28,114688,85.22772031850795
1,4096,0,5,static,0.095634,0.703874,266,1089536,85.22772031850795
1,4096,0,6,static,0.089725,0.728932,264,1081344,-171.10008860916113
1,4096,0,6,temporal,0.032089,0.8394,28,114688,-171.10008860916113
1,4096,0,7,temporal,0.03314,0.569622,28,114688,102.525328232001
1,4096,0,7,static,0.166291,0.701601,264,1081344,102.525328232001
1,4096,0,8,static,0.090997,0.713379,264,1081344,174.23524671680644
1,4096,0,8,temporal,0.031779,0.597574,28,114688,174.23524671680644
1,4096,0,9,temporal,0.024236,0.664495,28,114688,-38.7314438560212
1,4096,0,9,static,0.07958,0.643353,263,1077248,-38.7314438560212
1,4096,0,10,static,0.063125,0.602791,265,1085440,161.4671041717946
1,4096,0,10,temporal,0.022685,0.573398,28,114688,161.4671041717946
1,4096,0,11,temporal,0.02671,0.571514,28,114688,197.25433259632536
1,4096,0,11,static,0.077418,0.624465,266,1089536,197.25433259632536
1,4096,0,12,static,0.090617,0.632517,264,1081344,-185.34865273462108
1,4096,0,12,temporal,0.024597,0.678006,28,114688,-185.34865273462108
1,4096,0,13,temporal,0.034291,0.560087,28,114688,1.8037555700465142
1,4096,0,13,static,0.089596,0.632056,264,1081344,1.8037555700465142
1,4096,0,14,static,0.080231,0.604214,264,1081344,-95.91031870986852
1,4096,0,14,temporal,0.022604,0.644064,28,114688,-95.91031870986852
1,4096,0,15,temporal,0.031087,0.590864,28,114688,-82.77391976124167
1,4096,0,15,static,0.081554,0.800902,264,1081344,-82.77391976124167
1,4096,0,16,static,0.102134,0.671756,266,1089536,96.20126667095052
1,4096,0,16,temporal,0.028062,0.572906,28,114688,96.20126667095052
1,4096,0,17,temporal,0.022634,0.559987,28,114688,30.832434112501755
1,4096,0,17,static,0.076626,0.62123,263,1077248,30.832434112501755
1,4096,0,18,static,0.070787,0.625026,264,1081344,-108.36946842012391
1,4096,0,18,temporal,0.023536,0.632226,28,114688,-108.36946842012391
1,4096,0,19,temporal,0.028082,0.678977,28,114688,31.8417090067649
1,4096,0,19,static,0.078458,0.609862,266,1089536,31.8417090067649
1,4096,0,20,static,0.072419,0.624044,264,1081344,-240.24228981062495
1,4096,0,20,temporal,0.025649,0.576642,28,114688,-240.24228981062495
1,4096,0,21,temporal,0.023065,0.772579,28,114688,-189.07848374791422
1,4096,0,21,static,0.086501,0.74084,266,1089536,-189.07848374791422
1,4096,0,22,static,0.094133,0.663093,266,1089536,-78.44981193950807
1,4096,0,22,temporal,0.027191,0.547138,28,114688,-78.44981193950807
1,4096,0,23,temporal,0.023185,0.662082,28,114688,-216.58046714232924
1,4096,0,23,static,0.089125,0.711957,264,1081344,-216.58046714232924
1,4096,0,24,static,0.075154,0.702363,265,1085440,-118.69887240125307
1,4096,0,24,temporal,0.029624,0.644695,27,110592,-118.69887240125307
1,4096,0,25,temporal,0.028453,0.587508,28,114688,120.72741541694286
1,4096,0,25,static,0.068444,0.593418,264,1081344,120.72741541694286
1,4096,0,26,static,0.089586,0.652347,266,1089536,135.33212978084123
1,4096,0,26,temporal,0.026039,0.547157,28,114688,135.33212978084123
1,4096,0,27,temporal,0.021913,0.562751,28,114688,145.6109062588002
1,4096,0,27,static,0.110918,0.653448,264,1081344,145.6109062588002
1,4096,0,28,static,0.065659,0.673208,266,1089536,199.0693330558119
1,4096,0,28,temporal,0.029645,0.593157,28,114688,199.0693330558119
1,4096,0,29,temporal,0.023185,0.551364,28,114688,151.38943650706835
1,4096,0,29,static,0.076736,0.609812,264,1081344,151.38943650706835
1,4096,0,30,static,0.074572,0.623202,266,1089536,-205.84279351490514
1,4096,0,30,temporal,0.023866,0.573527,28,114688,-205.84279351490514
1,4096,0,31,temporal,0.022254,0.571495,27,110592,-22.53007556484292
1,4096,0,31,static,0.076395,0.682412,262,1073152,-22.53007556484292
1,4096,0,32,static,0.093691,0.620889,266,1089536,201.52034860925605
1,4096,0,32,temporal,0.024477,0.558495,28,114688,201.52034860925605
1,4096,0,33,temporal,0.023135,0.546998,28,114688,-200.61676932261375
1,4096,0,33,static,0.082405,0.616383,265,1085440,-200.61676932261375
1,4096,0,34,static,0.061874,0.626338,263,1077248,71.3331290831788
1,4096,0,34,temporal,0.025359,0.626869,28,114688,71.3331290831788
1,4096,0,35,temporal,0.027301,0.58853,28,114688,38.65197586794577
1,4096,0,35,static,0.062334,0.585505,264,1081344,38.65197586794577
1,4096,0,36,static,0.081503,0.619837,263,1077248,-193.3972961967637
1,4096,0,36,temporal,0.025208,0.564243,28,114688,-193.3972961967637
1,4096,0,37,temporal,0.022394,0.564935,28,114688,197.25433259632536
1,4096,0,37,static,0.080031,0.618315,266,1089536,197.25433259632536
1,4096,0,38,static,0.071979,0.665066,263,1077248,-243.8257340653856
1,4096,0,38,temporal,0.029094,0.58864,28,114688,-243.8257340653856
1,4096,0,39,temporal,0.02708,0.559526,28,114688,242.9911482873052
1,4096,0,39,static,0.087372,0.606257,264,1081344,242.9911482873052
1,4096,0,40,static,0.069725,0.609031,266,1089536,64.78787733728376
1,4096,0,40,temporal,0.022164,0.571084,28,114688,64.78787733728376
1,4096,0,41,temporal,0.022935,0.559707,28,114688,-175.35839861456446
1,4096,0,41,static,0.129947,0.687801,265,1085440,-175.35839861456446
1,4096,0,42,static,0.090607,0.611065,265,1085440,241.25213942778348
1,4096,0,42,temporal,0.022744,0.556161,28,114688,241.25213942778348
1,4096,0,43,temporal,0.021934,0.542211,28,114688,-210.80963410713414
1,4096,0,43,static,0.07222,0.758377,265,1085440,-210.80963410713414
1,4096,0,44,static,0.112711,0.697836,264,1081344,-173.7223121996724
1,4096,0,44,temporal,0.027101,0.615201,28,114688,-173.7223121996724
1,4096,0,45,temporal,0.029224,0.592125,28,114688,-215.8118813755654
1,4096,0,45,static,0.09293,0.639036,265,1085440,-215.8118813755654
1,4096,0,46,static,0.073331,0.626437,265,1085440,-238.17386176961077
1,4096,0,46,temporal,0.024397,0.654149,28,114688,-238.17386176961077
1,4096,0,47,temporal,0.030636,0.589922,28,114688,21.559759959114967
1,4096,0,47,static,0.086861,0.757235,264,1081344,21.559759959114967
1,4096,0,48,static,0.08629,0.649192,266,1089536,189.46764432684176
1,4096,0,48,temporal,0.028423,0.644224,27,110592,189.46764432684176
1,4096,0,49,temporal,0.031978,0.556862,28,114688,-203.2402543969814
1,4096,0,49,static,0.074362,0.616152,266,1089536,-203.2402543969814
1,4096,0,50,static,0.070317,0.616352,263,1077248,-115.54530159733604
1,4096,0,50,temporal,0.023215,0.56207,28,114688,-115.54530159733604
1,4096,0,51,temporal,0.023596,0.560418,28,114688,17.154642009298446
1,4096,0,51,static,0.07908,0.609502,266,1089536,17.154642009298446
1,4096,0,52,static,0.063105,0.607799,266,1089536,-236.3057683132182
1,4096,0,52,temporal,0.022644,0.545505,28,114688,-236.3057683132182
1,4096,0,53,temporal,0.021071,0.560758,28,114688,180.80991793787737
1,4096,0,53,static,0.067663,0.611665,264,1081344,180.80991793787737
1,4096,0,54,static,0.080742,0.622401,263,1077248,-77.47075476808898
1,4096,0,54,temporal,0.023756,0.563823,27,110592,-77.47075476808898
1,4096,0,55,temporal,0.023746,0.699027,28,114688,-135.19847567809816
1,4096,0,55,static,0.094043,0.835504,265,1085440,-135.19847567809816
1,4096,0,56,static,0.087182,0.710185,263,1077248,132.94934887965604
1,4096,0,56,temporal,0.032439,0.584474,28,114688,132.94934887965604
1,4096,0,57,temporal,0.023786,0.6479,28,114688,214.0075969779959
1,4096,0,57,static,0.089045,0.657205,265,1085440,214.0075969779959
1,4096,0,58,static,0.065028,0.613288,265,1085440,30.158164314508415
1,4096,0,58,temporal,0.021733,0.577474,28,114688,30.158164314508415
1,4096,0,59,temporal,0.025178,0.658607,28,114688,-15.377266773144228
1,4096,0,59,static,0.090357,0.699508,266,1089536,-15.377266773144228
1,4096,0,60,static,0.073521,0.645716,264,1081344,-29.124694787021788
1,4096,0,60,temporal,0.024136,0.573457,28,114688,-29.124694787021788
1,4096,0,61,temporal,0.026149,0.564594,28,114688,5.296463968847368
1,4096,0,61,static,0.094523,0.644154,264,1081344,5.296463968847368
1,4096,0,62,static,0.085869,0.678325,265,1085440,220.4794848589357
1,4096,0,62,temporal,0.030476,0.597674,28,114688,220.4794848589357
1,4096,0,63,temporal,0.04631,0.657855,28,114688,173.01738943858015
1,4096,0,63,static,0.076146,0.609983,264,1081344,173.01738943858015
1,4096,0,64,static,0.342518,0.944128,263,1077248,67.37671667167848
1,4096,0,64,temporal,0.033291,0.611796,28,114688,67.37671667167848
1,4096,0,65,temporal,0.027992,0.64797,28,114688,-111.38265554883824
1,4096,0,65,static,0.091869,0.727961,264,1081344,-111.38265554883824
1,4096,0,66,static,0.085099,0.728402,264,1081344,206.23396085982247
1,4096,0,66,temporal,0.031397,0.590874,28,114688,206.23396085982247
1,4096,0,67,temporal,0.024087,0.559797,28,114688,185.4355692497607
1,4096,0,67,static,0.061954,0.607219,266,1089536,185.4355692497607
1,4096,0,68,static,0.081353,0.672117,266,1089536,-34.410122500829054
1,4096,0,68,temporal,0.029595,0.605025,28,114688,-34.410122500829054
1,4096,0,69,temporal,0.045629,0.605486,28,114688,187.00309934378419
1,4096,0,69,static,0.062174,0.60127,266,1089536,187.00309934378419
1,4096,0,70,static,0.071167,0.633027,266,1089536,-202.73815082698383
1,4096,0,70,temporal,0.024107,0.5686,28,114688,-202.73815082698383
1,4096,0,71,temporal,0.023516,0.57514,28,114688,-189.71470378278093
1,4096,0,71,static,0.072129,0.624695,265,1085440,-189.71470378278093
1,4096,0,72,static,0.069375,0.626598,264,1081344,154.50533993256576
1,4096,0,72,temporal,0.022664,0.578165,28,114688,154.50533993256576
1,4096,0,73,temporal,0.020841,0.745548,28,114688,115.7563553738632
1,4096,0,73,static,0.076295,0.611825,264,1081344,115.7563553738632
1,4096,0,74,static,0.05915,0.615461,263,1077248,34.41894902471283
1,4096,0,74,temporal,0.023416,0.561269,28,114688,34.41894902471283
1,4096,0,75,temporal,0.021652,0.576702,28,114688,3.9924160248702334
1,4096,0,75,static,0.090427,0.641611,265,1085440,3.9924160248702334
1,4096,0,76,static,0.366053,0.940222,265,1085440,-216.73295681980503
1,4096,0,76,temporal,0.031628,0.623023,28,114688,-216.73295681980503
1,4096,0,77,temporal,0.029685,0.597904,28,114688,108.00903706881323
1,4096,0,77,static,0.084848,0.619157,264,1081344,108.00903706881323
1,4096,0,78,static,0.090968,0.696804,266,1089536,122.45889728211941
1,4096,0,78,temporal,0.029835,0.595581,28,114688,122.45889728211941
1,4096,0,79,temporal,0.032519,0.565906,28,114688,-159.85436747045785
1,4096,0,79,static,0.07249,0.620499,266,1089536,-159.85436747045785
1,4096,0,80,static,0.061063,0.615852,266,1089536,123.1710884189406
1,4096,0,80,temporal,0.022674,0.554578,28,114688,123.1710884189406
1,4096,0,81,temporal,0.022645,0.570904,28,114688,69.80287225305474
1,4096,0,81,static,0.086221,0.638135,263,1077248,69.80287225305474
1,4096,0,82,static,0.08622,0.632557,266,1089536,231.17391401693243
1,4096,0,82,temporal,0.023916,0.569161,28,114688,231.17391401693243
1,4096,0,83,temporal,0.022444,0.558134,28,114688,79.04834392714349
1,4096,0,83,static,0.06645,0.608881,266,1089536,79.04834392714349
1,4096,0,84,static,0.06625,0.595932,265,1085440,168.4019038198693
1,4096,0,84,temporal,0.022294,0.571845,28,114688,168.4019038198693
1,4096,0,85,temporal,0.024237,0.574509,28,114688,71.33114142478395
1,4096,0,85,static,0.094032,0.625125,263,1077248,71.33114142478395
1,4096,0,86,static,0.059029,0.764546,263,1077248,137.37887422041462
1,4096,0,86,temporal,0.032168,0.56213,28,114688,137.37887422041462
1,4096,0,87,temporal,0.022164,0.594029,28,114688,153.024946939911
1,4096,0,87,static,0.073401,0.767,263,1077248,153.024946939911
1,4096,0,88,static,0.070907,0.630684,266,1089536,189.93984279902799
1,4096,0,88,temporal,0.023386,0.593568,28,114688,189.93984279902799
1,4096,0,89,temporal,0.026931,0.577264,28,114688,194.08712225535749
1,4096,0,89,static,0.089836,0.618846,263,1077248,194.08712225535749
1,4096,0,90,static,0.063095,0.609772,266,1089536,-243.50699580324172
1,4096,0,90,temporal,0.021923,0.552356,28,114688,-243.50699580324172
1,4096,0,91,temporal,0.075724,0.789364,28,114688,20.956959702202642
1,4096,0,91,static,0.082074,0.658726,263,1077248,20.956959702202642
1,4096,0,92,static,0.078819,0.611154,264,1081344,199.13112717534355
1,4096,0,92,temporal,0.022304,0.566427,28,114688,199.13112717534355
1,4096,0,93,temporal,0.023495,0.569792,28,114688,55.79193465736592
1,4096,0,93,static,0.091529,0.619688,265,1085440,55.79193465736592
1,4096,0,94,static,0.058188,0.756854,264,1081344,128.24585493389816
1,4096,0,94,temporal,0.03309,0.646067,28,114688,128.24585493389816
1,4096,0,95,temporal,0.028373,0.560167,28,114688,123.14328169347509
1,4096,0,95,static,0.069025,0.693529,264,1081344,123.14328169347509
1,4096,0,96,static,0.098079,0.632897,264,1081344,44.79036278996305
1,4096,0,96,temporal,0.062775,0.588911,28,114688,44.79036278996305
1,4096,0,97,temporal,0.024948,0.630353,28,114688,92.01453316408492
1,4096,0,97,static,0.091368,0.731426,262,1073152,92.01453316408492
1,4096,0,98,static,0.125369,0.64789,266,1089536,232.6508948075365
1,4096,0,98,temporal,0.025168,0.559597,28,114688,232.6508948075365
1,4096,0,99,temporal,0.022403,0.548149,28,114688,-230.65935369528532
1,4096,0,99,static,0.074914,0.609312,264,1081344,-230.65935369528532
1,4096,0,100,static,0.075564,0.664114,266,1089536,149.2516853997977
1,4096,0,100,temporal,0.060242,0.606999,28,114688,149.2516853997977
1,4096,0,101,temporal,0.025128,0.805418,28,114688,-37.05713029256425
1,4096,0,101,static,0.082225,0.64098,264,1081344,-37.05713029256425
1,4096,0,102,static,0.291531,0.827001,264,1081344,33.28245332096013
1,4096,0,102,temporal,0.029034,0.592877,28,114688,33.28245332096013
1,4096,0,103,temporal,0.024487,0.648451,28,114688,12.869878202844355
1,4096,0,103,static,0.073131,0.623043,263,1077248,12.869878202844355
1,4096,0,104,static,0.07903,0.620909,263,1077248,215.55334566816322
1,4096,0,104,temporal,0.024797,0.544643,28,114688,215.55334566816322
1,4096,0,105,temporal,0.021863,0.630784,28,114688,-237.31844906783402
1,4096,0,105,static,0.081253,0.6348,264,1081344,-237.31844906783402
1,4096,0,106,static,0.077548,0.60159,265,1085440,210.6623618283412
1,4096,0,106,temporal,0.022284,0.637825,28,114688,210.6623618283412
1,4096,0,107,temporal,0.030416,0.5955,28,114688,-24.240214728635767
1,4096,0,107,static,0.074393,0.603453,262,1073152,-24.240214728635767
1,4096,0,108,static,0.089416,0.635081,262,1073152,230.05020388598751
1,4096,0,108,temporal,0.024667,0.551314,28,114688,230.05020388598751
1,4096,0,109,temporal,0.021503,0.567809,28,114688,35.43992028009895
1,4096,0,109,static,0.086901,0.630393,266,1089536,35.43992028009895
1,4096,0,110,static,0.082425,0.646178,264,1081344,97.69284030413701
1,4096,0,110,temporal,0.025769,0.56884,28,114688,97.69284030413701
1,4096,0,111,temporal,0.023435,0.550993,28,114688,-169.7025785696815
1,4096,0,111,static,0.081383,0.624344,264,1081344,-169.7025785696815
1,4096,0,112,static,0.074653,0.618175,263,1077248,-13.178166417008617
1,4096,0,112,temporal,0.032139,0.55553,28,114688,-13.178166417008617
1,4096,0,113,temporal,0.021703,0.564694,28,114688,200.0599670084535
1,4096,0,113,static,0.078178,0.62188,264,1081344,200.0599670084535
1,4096,0,114,static,0.075985,0.616552,264,1081344,50.11508780833777
1,4096,0,114,temporal,0.023105,0.549211,28,114688,50.11508780833777
1,4096,0,115,temporal,0.022524,0.565365,28,114688,-80.12542022432997
1,4096,0,115,static,0.082615,0.623953,263,1077248,-80.12542022432997
1,4096,0,116,static,0.068453,0.602661,264,1081344,-179.72684904787812
1,4096,0,116,temporal,0.022705,0.560478,28,114688,-179.72684904787812
1,4096,0,117,temporal,0.021973,0.570302,28,114688,-68.17115088497037
1,4096,0,117,static,0.074122,0.622792,264,1081344,-68.17115088497037
1,4096,0,118,static,0.078289,0.626007,264,1081344,97.69284030413701
1,4096,0,118,temporal,0.024126,0.550062,28,114688,97.69284030413701
1,4096,0,119,temporal,0.021904,0.562221,28,114688,-145.61531352207282
1,4096,0,119,static,0.081343,0.610223,264,1081344,-145.61531352207282
1,4096,1,0,temporal,0.023054,0.565365,28,114688,-53.81574189942131
1,4096,1,0,static,0.0929,0.718987,263,1077248,-53.81574189942131
1,4096,1,1,static,0.074613,0.617394,264,1081344,202.0956415343452
1,4096,1,1,temporal,0.022374,0.564544,28,114688,202.0956415343452
1,4096,1,2,temporal,0.020641,0.547608,28,114688,195.80996510912587
1,4096,1,2,static,0.058559,0.600559,263,1077248,195.80996510912587
1,4096,1,3,static,0.058228,0.599617,265,1085440,162.66053195456823
1,4096,1,3,temporal,0.020861,0.569191,28,114688,162.66053195456823
1,4096,1,4,temporal,0.022123,0.603753,28,114688,37.27819903583503
1,4096,1,4,static,0.074082,0.596713,263,1077248,37.27819903583503
1,4096,1,5,static,0.089355,0.631105,266,1089536,85.22772031850795
1,4096,1,5,temporal,0.024747,0.560508,28,114688,85.22772031850795
1,4096,1,6,temporal,0.025058,0.565616,28,114688,-171.10008860916113
1,4096,1,6,static,0.083536,0.626888,264,1081344,-171.10008860916113
1,4096,1,7,static,0.067472,0.609001,264,1081344,102.525328232001
1,4096,1,7,temporal,0.022194,0.562912,28,114688,102.525328232001
1,4096,1,8,temporal,0.023896,0.546948,28,114688,174.23524671680644
1,4096,1,8,static,0.089025,0.611165,264,1081344,174.23524671680644
1,4096,1,9,static,0.068794,0.606027,263,1077248,-38.7314438560212
1,4096,1,9,temporal,0.022183,0.540077,28,114688,-38.7314438560212
1,4096,1,10,temporal,0.02008,0.56176,28,114688,161.4671041717946
1,4096,1,10,static,0.061042,0.608831,265,1085440,161.4671041717946
1,4096,1,11,static,0.092801,0.615882,266,1089536,197.25433259632536
1,4096,1,11,temporal,0.023225,0.554379,28,114688,197.25433259632536
1,4096,1,12,temporal,0.022544,0.54849,28,114688,-185.34865273462108
1,4096,1,12,static,0.084117,0.62145,264,1081344,-185.34865273462108
1,4096,1,13,static,0.091188,0.610784,264,1081344,1.8037555700465142
1,4096,1,13,temporal,0.023005,0.555761,28,114688,1.8037555700465142
1,4096,1,14,temporal,0.023575,0.576922,28,114688,-95.91031870986852
1,4096,1,14,static,0.082184,0.603072,264,1081344,-95.91031870986852
1,4096,1,15,static,0.077847,0.617944,264,1081344,-82.77391976124167
1,4096,1,15,temporal,0.023005,0.545725,28,114688,-82.77391976124167
1,4096,1,16,temporal,0.022074,0.559076,28,114688,96.20126667095052
1,4096,1,16,static,0.234895,0.792939,266,1089536,96.20126667095052
1,4096,1,17,static,0.073461,0.639297,263,1077248,30.832434112501755
1,4096,1,17,temporal,0.025649,0.580578,28,114688,30.832434112501755
1,4096,1,18,temporal,0.022785,0.672227,28,114688,-108.36946842012391
1,4096,1,18,static,0.081374,0.613739,264,1081344,-108.36946842012391
1,4096,1,19,static,0.069054,0.622441,266,1089536,31.8417090067649
1,4096,1,19,temporal,0.023876,0.74728,28,114688,31.8417090067649
1,4096,1,20,temporal,0.033821,0.587739,28,114688,-240.24228981062495
1,4096,1,20,static,0.189046,0.764577,264,1081344,-240.24228981062495
1,4096,1,21,static,0.079791,0.639948,266,1089536,-189.07848374791422
1,4096,1,21,temporal,0.025979,0.561759,28,114688,-189.07848374791422
1,4096,1,22,temporal,0.023475,0.581579,28,114688,-78.44981193950807
1,4096,1,22,static,0.089035,0.624485,266,1089536,-78.44981193950807
1,4096,1,23,static,0.14546,0.727931,264,1081344,-216.58046714232924
1,4096,1,23,temporal,0.050647,0.606838,28,114688,-216.58046714232924
1,4096,1,24,temporal,0.022924,0.572506,27,110592,-118.69887240125307
1,4096,1,24,static,0.070908,0.622592,265,1085440,-118.69887240125307
1,4096,1,25,static,0.065699,0.607689,264,1081344,120.72741541694286
1,4096,1,25,temporal,0.041422,0.580468,28,114688,120.72741541694286
1,4096,1,26,temporal,0.03311,0.591325,28,114688,135.33212978084123
1,4096,1,26,static,0.093011,0.649973,266,1089536,135.33212978084123
1,4096,1,27,static,0.08616,0.646467,264,1081344,145.6109062588002
1,4096,1,27,temporal,0.024737,0.653738,28,114688,145.6109062588002
1,4096,1,28,temporal,0.030556,0.567619,28,114688,199.0693330558119
1,4096,1,28,static,0.064247,0.616433,266,1089536,199.0693330558119
1,4096,1,29,static,0.058718,0.639727,264,1081344,151.38943650706835
1,4096,1,29,temporal,0.027281,0.589701,28,114688,151.38943650706835
1,4096,1,30,temporal,0.024978,0.644505,28,114688,-205.84279351490514
1,4096,1,30,static,0.081603,0.613758,266,1089536,-205.84279351490514
1,4096,1,31,static,0.05954,0.610323,262,1073152,-22.53007556484292
1,4096,1,31,temporal,0.023416,0.551845,27,110592,-22.53007556484292
1,4096,1,32,temporal,0.023125,0.572906,28,114688,201.52034860925605
1,4096,1,32,static,0.087302,0.822194,266,1089536,201.52034860925605
1,4096,1,33,static,0.091829,0.761402,265,1085440,-200.61676932261375
1,4096,1,33,temporal,0.035334,0.5685,28,114688,-200.61676932261375
1,4096,1,34,temporal,0.021542,0.691035,28,114688,71.3331290831788
1,4096,1,34,static,0.067843,0.890547,263,1077248,71.3331290831788
1,4096,1,35,static,0.068764,0.662252,264,1081344,38.65197586794577
1,4096,1,35,temporal,0.029595,0.590003,28,114688,38.65197586794577
1,4096,1,36,temporal,0.071478,0.617524,28,114688,-193.3972961967637
1,4096,1,36,static,0.086761,0.965961,263,1077248,-193.3972961967637
1,4096,1,37,static,0.094473,0.684966,266,1089536,197.25433259632536
1,4096,1,37,temporal,0.030396,0.585325,28,114688,197.25433259632536
1,4096,1,38,temporal,0.024487,0.546767,28,114688,-243.8257340653856
1,4096,1,38,static,0.091128,0.757285,263,1077248,-243.8257340653856
1,4096,1,39,static,0.100952,0.668671,264,1081344,242.9911482873052
1,4096,1,39,temporal,0.028083,0.552967,28,114688,242.9911482873052
1,4096,1,40,temporal,0.021091,0.648781,28,114688,64.78787733728376
1,4096,1,40,static,0.081243,0.6413,266,1089536,64.78787733728376
1,4096,1,41,static,0.07318,0.595691,265,1085440,-175.35839861456446
1,4096,1,41,temporal,0.024567,0.633949,28,114688,-175.35839861456446
1,4096,1,42,temporal,0.034923,0.628942,28,114688,241.25213942778348
1,4096,1,42,static,0.093101,0.617845,265,1085440,241.25213942778348
1,4096,1,43,static,0.073441,0.70043,265,1085440,-210.80963410713414
1,4096,1,43,temporal,0.034332,0.579737,28,114688,-210.80963410713414
1,4096,1,44,temporal,0.02662,0.555981,28,114688,-173.7223121996724
1,4096,1,44,static,0.167323,0.751857,264,1081344,-173.7223121996724
1,4096,1,45,static,0.087433,0.671466,265,1085440,-215.8118813755654
1,4096,1,45,temporal,0.028043,0.573247,28,114688,-215.8118813755654
1,4096,1,46,temporal,0.021843,0.587568,28,114688,-238.17386176961077
1,4096,1,46,static,0.074874,0.618085,265,1085440,-238.17386176961077
1,4096,1,47,static,0.062234,0.626347,264,1081344,21.559759959114967
1,4096,1,47,temporal,0.023986,0.570122,28,114688,21.559759959114967
1,4096,1,48,temporal,0.036656,0.604805,27,110592,189.46764432684176
1,4096,1,48,static,0.079911,0.644525,266,1089536,189.46764432684176
1,4096,1,49,static,0.074272,0.623623,266,1089536,-203.2402543969814
1,4096,1,49,temporal,0.022434,0.58182,28,114688,-203.2402543969814
1,4096,1,50,temporal,0.022434,0.583633,28,114688,-115.54530159733604
1,4096,1,50,static,0.072509,0.619366,263,1077248,-115.54530159733604
1,4096,1,51,static,0.064748,0.626908,266,1089536,17.154642009298446
1,4096,1,51,temporal,0.022274,0.586467,28,114688,17.154642009298446
1,4096,1,52,temporal,0.021943,0.584244,28,114688,-236.3057683132182
1,4096,1,52,static,0.064087,0.622161,266,1089536,-236.3057683132182
1,4096,1,53,static,0.068704,0.618706,264,1081344,180.80991793787737
1,4096,1,53,temporal,0.024097,0.582001,28,114688,180.80991793787737
1,4096,1,54,temporal,0.023475,0.571865,27,110592,-77.47075476808898
1,4096,1,54,static,0.081523,0.645867,263,1077248,-77.47075476808898
1,4096,1,55,static,0.104609,0.672457,265,1085440,-135.19847567809816
1,4096,1,55,temporal,0.025048,0.574649,28,114688,-135.19847567809816
1,4096,1,56,temporal,0.021994,0.606558,28,114688,132.94934887965604
1,4096,1,56,static,0.081664,0.641971,263,1077248,132.94934887965604
1,4096,1,57,static,0.078048,0.625005,265,1085440,214.0075969779959
1,4096,1,57,temporal,0.022293,0.58196,28,114688,214.0075969779959
1,4096,1,58,temporal,0.021432,0.635972,28,114688,30.158164314508415
1,4096,1,58,static,0.071769,0.658586,265,1085440,30.158164314508415
1,4096,1,59,static,0.082935,0.64809,266,1089536,-15.377266773144228
1,4096,1,59,temporal,0.032059,0.577564,28,114688,-15.377266773144228
1,4096,1,60,temporal,0.021443,0.585125,28,114688,-29.124694787021788
1,4096,1,60,static,0.06612,0.611936,264,1081344,-29.124694787021788
1,4096,1,61,static,0.107723,0.677945,264,1081344,5.296463968847368
1,4096,1,61,temporal,0.025539,0.586507,28,114688,5.296463968847368
1,4096,1,62,temporal,0.024286,0.571184,28,114688,220.4794848589357
1,4096,1,62,static,0.086741,0.651596,265,1085440,220.4794848589357
1,4096,1,63,static,0.070207,0.638306,264,1081344,173.01738943858015
1,4096,1,63,temporal,0.023366,0.570213,28,114688,173.01738943858015
1,4096,1,64,temporal,0.020571,0.584113,28,114688,67.37671667167848
1,4096,1,64,static,0.060832,0.625667,263,1077248,67.37671667167848
1,4096,1,65,static,0.081493,0.643033,264,1081344,-111.38265554883824
1,4096,1,65,temporal,0.023736,0.592506,28,114688,-111.38265554883824
1,4096,1,66,temporal,0.023867,0.57479,28,114688,206.23396085982247
1,4096,1,66,static,0.076917,0.639908,264,1081344,206.23396085982247
1,4096,1,67,static,0.061263,0.610584,266,1089536,185.4355692497607
1,4096,1,67,temporal,0.021011,0.58192,28,114688,185.4355692497607
1,4096,1,68,temporal,0.022775,0.602071,28,114688,-34.410122500829054
1,4096,1,68,static,0.082265,0.62762,266,1089536,-34.410122500829054
1,4096,1,69,static,0.058748,0.620458,266,1089536,187.00309934378419
1,4096,1,69,temporal,0.021092,0.56794,28,114688,187.00309934378419
1,4096,1,70,temporal,0.021433,0.58165,28,114688,-202.73815082698383
1,4096,1,70,static,0.073742,0.636473,266,1089536,-202.73815082698383
1,4096,1,71,static,0.070697,0.635191,265,1085440,-189.71470378278093
1,4096,1,71,temporal,0.022264,0.585045,28,114688,-189.71470378278093
1,4096,1,72,temporal,0.021904,0.571305,28,114688,154.50533993256576
1,4096,1,72,static,0.082205,0.629082,264,1081344,154.50533993256576
1,4096,1,73,static,0.064968,0.629562,264,1081344,115.7563553738632
1,4096,1,73,temporal,0.023706,0.569071,28,114688,115.7563553738632
1,4096,1,74,temporal,0.01943,0.580288,28,114688,34.41894902471283
1,4096,1,74,static,0.060562,0.641601,263,1077248,34.41894902471283
1,4096,1,75,static,0.072279,0.620809,265,1085440,3.9924160248702334
1,4096,1,75,temporal,0.021502,0.587508,28,114688,3.9924160248702334
1,4096,1,76,temporal,0.024126,0.573197,28,114688,-216.73295681980503
1,4096,1,76,static,0.082505,0.642913,265,1085440,-216.73295681980503
1,4096,1,77,static,0.0791,0.645126,264,1081344,108.00903706881323
1,4096,1,77,temporal,0.023446,0.596853,28,114688,108.00903706881323
1,4096,1,78,temporal,0.025309,0.589232,28,114688,122.45889728211941
1,4096,1,78,static,0.077076,0.624975,266,1089536,122.45889728211941
1,4096,1,79,static,0.070507,0.634219,266,1089536,-159.85436747045785
1,4096,1,79,temporal,0.023486,0.587128,28,114688,-159.85436747045785
1,4096,1,80,temporal,0.023265,0.576391,28,114688,123.1710884189406
1,4096,1,80,static,0.059209,0.620268,266,1089536,123.1710884189406
1,4096,1,81,static,0.086962,0.665807,263,1077248,69.80287225305474
1,4096,1,81,temporal,0.024847,0.573157,28,114688,69.80287225305474
1,4096,1,82,temporal,0.021943,0.584004,28,114688,231.17391401693243
1,4096,1,82,static,0.089015,0.634931,266,1089536,231.17391401693243
1,4096,1,83,static,0.06625,0.630103,266,1089536,79.04834392714349
1,4096,1,83,temporal,0.021352,0.581509,28,114688,79.04834392714349
1,4096,1,84,temporal,0.020681,0.585205,28,114688,168.4019038198693
1,4096,1,84,static,0.068373,0.633178,265,1085440,168.4019038198693
1,4096,1,85,static,0.078669,0.626748,263,1077248,71.33114142478395
1,4096,1,85,temporal,0.021762,0.582491,28,114688,71.33114142478395
1,4096,1,86,temporal,0.021553,0.589382,28,114688,137.37887422041462
1,4096,1,86,static,0.063106,0.625646,263,1077248,137.37887422041462
1,4096,1,87,static,0.069295,0.633518,263,1077248,153.024946939911
1,4096,1,87,temporal,0.023516,0.633459,28,114688,153.024946939911
1,4096,1,88,temporal,0.028883,0.621089,28,114688,189.93984279902799
1,4096,1,88,static,0.065179,0.627369,266,1089536,189.93984279902799
1,4096,1,89,static,0.088874,0.642862,263,1077248,194.08712225535749
1,4096,1,89,temporal,0.023926,0.582561,28,114688,194.08712225535749
1,4096,1,90,temporal,0.021432,0.565495,28,114688,-243.50699580324172
1,4096,1,90,static,0.077928,0.64785,266,1089536,-243.50699580324172
1,4096,1,91,static,0.070958,0.636563,263,1077248,20.956959702202642
1,4096,1,91,temporal,0.023396,0.569682,28,114688,20.956959702202642
1,4096,1,92,temporal,0.021092,0.581419,28,114688,199.13112717534355
1,4096,1,92,static,0.077497,0.638205,264,1081344,199.13112717534355
1,4096,1,93,static,0.096716,0.652056,265,1085440,55.79193465736592
1,4096,1,93,temporal,0.024988,0.584724,28,114688,55.79193465736592
1,4096,1,94,temporal,0.021312,0.591084,28,114688,128.24585493389816
1,4096,1,94,static,0.061664,0.623203,264,1081344,128.24585493389816
1,4096,1,95,static,0.06563,0.631846,264,1081344,123.14328169347509
1,4096,1,95,temporal,0.022144,0.567368,28,114688,123.14328169347509
1,4096,1,96,temporal,0.022444,0.58838,28,114688,44.79036278996305
1,4096,1,96,static,0.090717,0.780971,264,1081344,44.79036278996305
1,4096,1,97,static,0.093061,0.659678,262,1073152,92.01453316408492
1,4096,1,97,temporal,0.02587,0.582321,28,114688,92.01453316408492
1,4096,1,98,temporal,0.023826,0.565986,28,114688,232.6508948075365
1,4096,1,98,static,0.102104,0.644795,266,1089536,232.6508948075365
1,4096,1,99,static,0.074342,0.634279,264,1081344,-230.65935369528532
1,4096,1,99,temporal,0.024007,0.56849,28,114688,-230.65935369528532
1,4096,1,100,temporal,0.021823,0.576973,28,114688,149.2516853997977
1,4096,1,100,static,0.076546,0.636402,266,1089536,149.2516853997977
1,4096,1,101,static,0.080021,0.694951,264,1081344,-37.05713029256425
1,4096,1,101,temporal,0.030466,0.612176,28,114688,-37.05713029256425
1,4096,1,102,temporal,0.027141,0.572566,28,114688,33.28245332096013
1,4096,1,102,static,0.08598,0.648941,264,1081344,33.28245332096013
1,4096,1,103,static,0.064107,0.626447,263,1077248,12.869878202844355
1,4096,1,103,temporal,0.022034,0.589592,28,114688,12.869878202844355
1,4096,1,104,temporal,0.024607,0.590784,28,114688,215.55334566816322
1,4096,1,104,static,0.07908,0.621911,263,1077248,215.55334566816322
1,4096,1,105,static,0.087823,0.630183,264,1081344,-237.31844906783402
1,4096,1,105,temporal,0.022154,0.590183,28,114688,-237.31844906783402
1,4096,1,106,temporal,0.023606,0.561369,28,114688,210.6623618283412
1,4096,1,106,static,0.076265,0.637584,265,1085440,210.6623618283412
1,4096,1,107,static,0.071438,0.651806,262,1073152,-24.240214728635767
1,4096,1,107,temporal,0.024627,0.574018,28,114688,-24.240214728635767
1,4096,1,108,temporal,0.022414,0.607799,28,114688,230.05020388598751
1,4096,1,108,static,0.093281,0.640609,262,1073152,230.05020388598751
1,4096,1,109,static,0.06643,0.633818,266,1089536,35.43992028009895
1,4096,1,109,temporal,0.021393,0.590634,28,114688,35.43992028009895
1,4096,1,110,temporal,0.022775,0.592457,28,114688,97.69284030413701
1,4096,1,110,static,0.081713,0.645676,264,1081344,97.69284030413701
1,4096,1,111,static,0.083496,0.620398,264,1081344,-169.7025785696815
1,4096,1,111,temporal,0.022304,0.589101,28,114688,-169.7025785696815
1,4096,1,112,temporal,0.022614,0.584043,28,114688,-13.178166417008617
1,4096,1,112,static,0.075945,0.623724,263,1077248,-13.178166417008617
1,4096,1,113,static,0.075875,0.640509,264,1081344,200.0599670084535
1,4096,1,113,temporal,0.022945,0.602782,28,114688,200.0599670084535
1,4096,1,114,temporal,0.025138,0.569462,28,114688,50.11508780833777
1,4096,1,114,static,0.076446,0.636703,264,1081344,50.11508780833777
1,4096,1,115,static,0.194934,0.742142,263,1077248,-80.12542022432997
1,4096,1,115,temporal,0.023997,0.587088,28,114688,-80.12542022432997
1,4096,1,116,temporal,0.021823,0.587669,28,114688,-179.72684904787812
1,4096,1,116,static,0.070486,0.687509,264,1081344,-179.72684904787812
1,4096,1,117,static,0.086321,0.675552,264,1081344,-68.17115088497037
1,4096,1,117,temporal,0.028213,0.895805,28,114688,-68.17115088497037
1,4096,1,118,temporal,0.037086,0.666989,28,114688,97.69284030413701
1,4096,1,118,static,0.090296,0.711806,264,1081344,97.69284030413701
1,4096,1,119,static,0.089485,0.666347,264,1081344,-145.61531352207282
1,4096,1,119,temporal,0.026641,0.597053,28,114688,-145.61531352207282
1,4096,2,0,static,0.095995,0.633188,263,1077248,-53.81574189942131
1,4096,2,0,temporal,0.023495,0.57519,28,114688,-53.81574189942131
1,4096,2,1,temporal,0.023786,0.566908,28,114688,202.0956415343452
1,4096,2,1,static,0.066931,0.616442,264,1081344,202.0956415343452
1,4096,2,2,static,0.058428,0.688542,263,1077248,195.80996510912587
1,4096,2,2,temporal,0.028583,0.583523,28,114688,195.80996510912587
1,4096,2,3,temporal,0.021562,0.577133,28,114688,162.66053195456823
1,4096,2,3,static,0.05951,0.586537,265,1085440,162.66053195456823
1,4096,2,4,static,0.069225,0.621761,263,1077248,37.27819903583503
1,4096,2,4,temporal,0.022644,0.574309,28,114688,37.27819903583503
1,4096,2,5,temporal,0.023656,0.562371,28,114688,85.22772031850795
1,4096,2,5,static,0.090477,0.637625,266,1089536,85.22772031850795
1,4096,2,6,static,0.082625,0.635662,264,1081344,-171.10008860916113
1,4096,2,6,temporal,0.030626,0.579126,28,114688,-171.10008860916113
1,4096,2,7,temporal,0.021984,0.579677,28,114688,102.525328232001
1,4096,2,7,static,0.068213,0.600609,264,1081344,102.525328232001
1,4096,2,8,static,0.088253,0.640419,264,1081344,174.23524671680644
1,4096,2,8,temporal,0.024567,0.55525,28,114688,174.23524671680644
1,4096,2,9,temporal,0.020692,0.56816,28,114688,-38.7314438560212
1,4096,2,9,static,0.071338,0.635361,263,1077248,-38.7314438560212
1,4096,2,10,static,0.060642,0.598696,265,1085440,161.4671041717946
1,4096,2,10,temporal,0.022595,0.578285,28,114688,161.4671041717946
1,4096,2,11,temporal,0.023075,0.563542,28,114688,197.25433259632536
1,4096,2,11,static,0.078429,1.02478,266,1089536,197.25433259632536
1,4096,2,12,static,0.094804,0.66744,264,1081344,-185.34865273462108
1,4096,2,12,temporal,0.049214,0.605636,28,114688,-185.34865273462108
1,4096,2,13,temporal,0.025108,0.566887,28,114688,1.8037555700465142
1,4096,2,13,static,0.090947,0.644174,264,1081344,1.8037555700465142
1,4096,2,14,static,0.080972,0.635711,264,1081344,-95.91031870986852
1,4096,2,14,temporal,0.024397,0.562441,28,114688,-95.91031870986852
1,4096,2,15,temporal,0.021202,0.574188,28,114688,-82.77391976124167
1,4096,2,15,static,0.080241,0.638185,264,1081344,-82.77391976124167
1,4096,2,16,static,0.090136,0.643483,266,1089536,96.20126667095052
1,4096,2,16,temporal,0.023536,0.576913,28,114688,96.20126667095052
1,4096,2,17,temporal,0.021613,0.563773,28,114688,30.832434112501755
1,4096,2,17,static,0.071338,0.624074,263,1077248,30.832434112501755
1,4096,2,18,static,0.070647,0.608892,264,1081344,-108.36946842012391
1,4096,2,18,temporal,0.021132,0.570914,28,114688,-108.36946842012391
1,4096,2,19,temporal,0.021242,0.581119,28,114688,31.8417090067649
1,4096,2,19,static,0.083245,0.62191,266,1089536,31.8417090067649
1,4096,2,20,static,0.071669,0.62791,264,1081344,-240.24228981062495
1,4096,2,20,temporal,0.025979,0.563392,28,114688,-240.24228981062495
1,4096,2,21,temporal,0.021843,0.577663,28,114688,-189.07848374791422
1,4096,2,21,static,0.075213,0.613477,266,1089536,-189.07848374791422
1,4096,2,22,static,0.088664,0.656362,266,1089536,-78.44981193950807
1,4096,2,22,temporal,0.023907,0.581951,28,114688,-78.44981193950807
1,4096,2,23,temporal,0.022745,0.566787,28,114688,-216.58046714232924
1,4096,2,23,static,0.081814,0.642251,264,1081344,-216.58046714232924
1,4096,2,24,static,0.063587,0.627369,265,1085440,-118.69887240125307
1,4096,2,24,temporal,0.023055,0.563853,27,110592,-118.69887240125307
1,4096,2,25,temporal,0.020922,0.575591,28,114688,120.72741541694286
1,4096,2,25,static,0.06614,0.673549,264,1081344,120.72741541694286
1,4096,2,26,static,0.127312,0.678666,266,1089536,135.33212978084123
1,4096,2,26,temporal,0.025429,0.585656,28,114688,135.33212978084123
1,4096,2,27,temporal,0.024477,0.570913,28,114688,145.6109062588002
1,4096,2,27,static,0.087983,0.647659,264,1081344,145.6109062588002
1,4096,2,28,static,0.065229,1.498417,266,1089536,199.0693330558119
1,4096,2,28,temporal,0.045328,0.613377,28,114688,199.0693330558119
1,4096,2,29,temporal,0.025268,0.564924,28,114688,151.38943650706835
1,4096,2,29,static,0.064848,0.581399,264,1081344,151.38943650706835
1,4096,2,30,static,0.075143,0.835473,266,1089536,-205.84279351490514
1,4096,2,30,temporal,0.035464,0.64753,28,114688,-205.84279351490514
1,4096,2,31,temporal,0.028483,1.260326,27,110592,-22.53007556484292
1,4096,2,31,static,0.081113,0.621611,262,1073152,-22.53007556484292
1,4096,2,32,static,0.093752,0.616232,266,1089536,201.52034860925605
1,4096,2,32,temporal,0.027913,0.565285,28,114688,201.52034860925605
1,4096,2,33,temporal,0.025699,0.61515,28,114688,-200.61676932261375
1,4096,2,33,static,0.089525,0.643563,265,1085440,-200.61676932261375
1,4096,2,34,static,0.061653,0.616382,263,1077248,71.3331290831788
1,4096,2,34,temporal,0.023766,0.544664,28,114688,71.3331290831788
1,4096,2,35,temporal,0.022214,0.556251,28,114688,38.65197586794577
1,4096,2,35,static,0.059831,0.577474,264,1081344,38.65197586794577
1,4096,2,36,static,0.082475,0.616723,263,1077248,-193.3972961967637
1,4096,2,36,temporal,0.025068,0.626227,28,114688,-193.3972961967637
1,4096,2,37,temporal,0.030386,0.575491,28,114688,197.25433259632536
1,4096,2,37,static,0.07901,0.612917,266,1089536,197.25433259632536
1,4096,2,38,static,0.075414,0.59538,263,1077248,-243.8257340653856
1,4096,2,38,temporal,0.021633,0.562251,28,114688,-243.8257340653856
1,4096,2,39,temporal,0.024237,0.546997,28,114688,242.9911482873052
1,4096,2,39,static,0.102565,0.68081,264,1081344,242.9911482873052
1,4096,2,40,static,0.088464,0.644505,266,1089536,64.78787733728376
1,4096,2,40,temporal,0.024557,0.562541,28,114688,64.78787733728376
1,4096,2,41,temporal,0.023135,0.777286,28,114688,-175.35839861456446
1,4096,2,41,static,0.086301,0.643003,265,1085440,-175.35839861456446
1,4096,2,42,static,0.090467,0.613808,265,1085440,241.25213942778348
1,4096,2,42,temporal,0.024527,0.559557,28,114688,241.25213942778348
1,4096,2,43,temporal,0.022954,0.679988,28,114688,-210.80963410713414
1,4096,2,43,static,0.084187,0.625836,265,1085440,-210.80963410713414
1,4096,2,44,static,0.083877,0.992411,264,1081344,-173.7223121996724
1,4096,2,44,temporal,0.039329,0.593698,28,114688,-173.7223121996724
1,4096,2,45,temporal,0.028333,0.60819,28,114688,-215.8118813755654
1,4096,2,45,static,0.117367,0.721581,265,1085440,-215.8118813755654
1,4096,2,46,static,0.082134,0.648671,265,1085440,-238.17386176961077
1,4096,2,46,temporal,0.02615,0.56864,28,114688,-238.17386176961077
1,4096,2,47,temporal,0.024538,0.562531,28,114688,21.559759959114967
1,4096,2,47,static,0.064718,0.597483,264,1081344,21.559759959114967
1,4096,2,48,static,0.078158,0.596382,266,1089536,189.46764432684176
1,4096,2,48,temporal,0.022784,0.558885,27,110592,189.46764432684176
1,4096,2,49,temporal,0.022464,0.545054,28,114688,-203.2402543969814
1,4096,2,49,static,0.073371,0.605927,266,1089536,-203.2402543969814
1,4096,2,50,static,0.070407,0.626678,263,1077248,-115.54530159733604
1,4096,2,50,temporal,0.024557,0.54271,28,114688,-115.54530159733604
1,4096,2,51,temporal,0.021152,0.554699,28,114688,17.154642009298446
1,4096,2,51,static,0.06618,0.598876,266,1089536,17.154642009298446
1,4096,2,52,static,0.063537,0.730355,266,1089536,-236.3057683132182
1,4096,2,52,temporal,0.030456,0.597574,28,114688,-236.3057683132182
1,4096,2,53,temporal,0.02632,0.59478,28,114688,180.80991793787737
1,4096,2,53,static,0.076255,0.626718,264,1081344,180.80991793787737
1,4096,2,54,static,0.084988,0.609862,263,1077248,-77.47075476808898
1,4096,2,54,temporal,0.023225,0.563693,27,110592,-77.47075476808898
1,4096,2,55,temporal,0.023475,0.556001,28,114688,-135.19847567809816
1,4096,2,55,static,0.086992,0.603744,265,1085440,-135.19847567809816
1,4096,2,56,static,0.076065,0.738907,263,1077248,132.94934887965604
1,4096,2,56,temporal,0.029515,0.595721,28,114688,132.94934887965604
1,4096,2,57,temporal,0.027812,0.586127,28,114688,214.0075969779959
1,4096,2,57,static,0.080902,0.618916,265,1085440,214.0075969779959
1,4096,2,58,static,0.064107,0.585576,265,1085440,30.158164314508415
1,4096,2,58,temporal,0.021673,0.55526,28,114688,30.158164314508415
1,4096,2,59,temporal,0.023806,0.54232,28,114688,-15.377266773144228
1,4096,2,59,static,0.187093,0.840942,266,1089536,-15.377266773144228
1,4096,2,60,static,0.076296,0.632077,264,1081344,-29.124694787021788
1,4096,2,60,temporal,0.025899,0.615701,28,114688,-29.124694787021788
1,4096,2,61,temporal,0.053841,0.576712,28,114688,5.296463968847368
1,4096,2,61,static,0.097808,0.626698,264,1081344,5.296463968847368
1,4096,2,62,static,0.086531,0.598426,265,1085440,220.4794848589357
1,4096,2,62,temporal,0.023155,0.624936,28,114688,220.4794848589357
1,4096,2,63,temporal,0.030126,0.572025,28,114688,173.01738943858015
1,4096,2,63,static,0.084087,0.61449,264,1081344,173.01738943858015
1,4096,2,64,static,0.060892,0.597704,263,1077248,67.37671667167848
1,4096,2,64,temporal,0.022894,0.539245,28,114688,67.37671667167848
1,4096,2,65,temporal,0.022935,0.556812,28,114688,-111.38265554883824
1,4096,2,65,static,0.081654,0.59501,264,1081344,-111.38265554883824
1,4096,2,66,static,0.075975,0.609903,264,1081344,206.23396085982247
1,4096,2,66,temporal,0.023426,0.570012,28,114688,206.23396085982247
1,4096,2,67,temporal,0.022614,0.541229,28,114688,185.4355692497607
1,4096,2,67,static,0.05979,0.659016,266,1089536,185.4355692497607
1,4096,2,68,static,0.090327,0.609672,266,1089536,-34.410122500829054
1,4096,2,68,temporal,0.023696,0.571485,28,114688,-34.410122500829054
1,4096,2,69,temporal,0.024187,0.642693,28,114688,187.00309934378419
1,4096,2,69,static,0.068674,0.609813,266,1089536,187.00309934378419
1,4096,2,70,static,0.073651,0.607268,266,1089536,-202.73815082698383
1,4096,2,70,temporal,0.024196,0.538985,28,114688,-202.73815082698383
1,4096,2,71,temporal,0.020892,0.55545,28,114688,-189.71470378278093
1,4096,2,71,static,0.072911,0.602141,265,1085440,-189.71470378278093
1,4096,2,72,static,0.069656,0.584404,264,1081344,154.50533993256576
1,4096,2,72,temporal,0.021873,0.554659,28,114688,154.50533993256576
1,4096,2,73,temporal,0.021983,0.553938,28,114688,115.7563553738632
1,4096,2,73,static,0.075274,0.60808,264,1081344,115.7563553738632
1,4096,2,74,static,0.060612,0.57557,263,1077248,34.41894902471283
1,4096,2,74,temporal,0.021462,0.672577,28,114688,34.41894902471283
1,4096,2,75,temporal,0.028644,0.565325,28,114688,3.9924160248702334
1,4096,2,75,static,0.07282,0.589331,265,1085440,3.9924160248702334
1,4096,2,76,static,0.084288,0.620629,265,1085440,-216.73295681980503
1,4096,2,76,temporal,0.024547,0.563833,28,114688,-216.73295681980503
1,4096,2,77,temporal,0.024196,0.557854,28,114688,108.00903706881323
1,4096,2,77,static,0.080051,0.615691,264,1081344,108.00903706881323
1,4096,2,78,static,0.306444,0.95866,266,1089536,122.45889728211941
1,4096,2,78,temporal,0.034462,0.56878,28,114688,122.45889728211941
1,4096,2,79,temporal,0.023245,0.580999,28,114688,-159.85436747045785
1,4096,2,79,static,0.075555,0.664605,266,1089536,-159.85436747045785
1,4096,2,80,static,0.067543,0.657455,266,1089536,123.1710884189406
1,4096,2,80,temporal,0.025899,0.575801,28,114688,123.1710884189406
1,4096,2,81,temporal,0.025328,0.616712,28,114688,69.80287225305474
1,4096,2,81,static,0.094523,0.744887,263,1077248,69.80287225305474
1,4096,2,82,static,0.096897,0.729874,266,1089536,231.17391401693243
1,4096,2,82,temporal,0.031508,0.582982,28,114688,231.17391401693243
1,4096,2,83,temporal,0.022975,0.573327,28,114688,79.04834392714349
1,4096,2,83,static,0.070957,0.602972,266,1089536,79.04834392714349
1,4096,2,84,static,0.066921,0.599707,265,1085440,168.4019038198693
1,4096,2,84,temporal,0.021192,0.565516,28,114688,168.4019038198693
1,4096,2,85,temporal,0.023025,0.557743,28,114688,71.33114142478395
1,4096,2,85,static,0.07937,0.628911,263,1077248,71.33114142478395
1,4096,2,86,static,0.060311,0.620829,263,1077248,137.37887422041462
1,4096,2,86,temporal,0.037066,0.642482,28,114688,137.37887422041462
1,4096,2,87,temporal,0.029334,0.640048,28,114688,153.024946939911
1,4096,2,87,static,0.077687,0.690003,263,1077248,153.024946939911
1,4096,2,88,static,0.094844,0.636593,266,1089536,189.93984279902799
1,4096,2,88,temporal,0.022595,0.653319,28,114688,189.93984279902799
1,4096,2,89,temporal,0.031728,0.589101,28,114688,194.08712225535749
1,4096,2,89,static,0.09238,0.635321,263,1077248,194.08712225535749
1,4096,2,90,static,0.063937,0.613107,266,1089536,-243.50699580324172
1,4096,2,90,temporal,0.021743,0.551494,28,114688,-243.50699580324172
1,4096,2,91,temporal,0.020962,0.566437,28,114688,20.956959702202642
1,4096,2,91,static,0.071278,0.602451,263,1077248,20.956959702202642
1,4096,2,92,static,0.075504,0.621299,264,1081344,199.13112717534355
1,4096,2,92,temporal,0.023877,0.585256,28,114688,199.13112717534355
1,4096,2,93,temporal,0.027271,0.559766,28,114688,55.79193465736592
1,4096,2,93,static,0.091809,0.636343,265,1085440,55.79193465736592
1,4096,2,94,static,0.060111,0.598976,264,1081344,128.24585493389816
1,4096,2,94,temporal,0.022744,0.567128,28,114688,128.24585493389816
1,4096,2,95,temporal,0.023716,0.721522,28,114688,123.14328169347509
1,4096,2,95,static,0.076075,0.627489,264,1081344,123.14328169347509
1,4096,2,96,static,0.090517,0.639107,264,1081344,44.79036278996305
1,4096,2,96,temporal,0.024668,0.555771,28,114688,44.79036278996305
1,4096,2,97,temporal,0.021763,0.566457,28,114688,92.01453316408492
1,4096,2,97,static,0.08559,0.632186,262,1073152,92.01453316408492
1,4096,2,98,static,0.085059,0.616502,266,1089536,232.6508948075365
1,4096,2,98,temporal,0.022724,0.597364,28,114688,232.6508948075365
1,4096,2,99,temporal,0.026049,0.586677,28,114688,-230.65935369528532
1,4096,2,99,static,0.090096,0.6212,264,1081344,-230.65935369528532
1,4096,2,100,static,0.074533,0.620098,266,1089536,149.2516853997977
1,4096,2,100,temporal,0.023306,0.555981,28,114688,149.2516853997977
1,4096,2,101,temporal,0.023726,0.571103,28,114688,-37.05713029256425
1,4096,2,101,static,0.067202,0.596953,264,1081344,-37.05713029256425
1,4096,2,102,static,0.09976,0.650493,264,1081344,33.28245332096013
1,4096,2,102,temporal,0.023997,0.569181,28,114688,33.28245332096013
1,4096,2,103,temporal,0.021483,0.742894,28,114688,12.869878202844355
1,4096,2,103,static,0.074113,0.635732,263,1077248,12.869878202844355
1,4096,2,104,static,0.081143,0.622151,263,1077248,215.55334566816322
1,4096,2,104,temporal,0.025328,0.547799,28,114688,215.55334566816322
1,4096,2,105,temporal,0.021522,0.64775,28,114688,-237.31844906783402
1,4096,2,105,static,0.082175,0.639758,264,1081344,-237.31844906783402
1,4096,2,106,static,0.078269,0.602993,265,1085440,210.6623618283412
1,4096,2,106,temporal,0.023816,0.563583,28,114688,210.6623618283412
1,4096,2,107,temporal,0.031988,0.630914,28,114688,-24.240214728635767
1,4096,2,107,static,0.078438,0.637043,262,1073152,-24.240214728635767
1,4096,2,108,static,0.093011,0.646678,262,1073152,230.05020388598751
1,4096,2,108,temporal,0.025519,0.706359,28,114688,230.05020388598751
1,4096,2,109,temporal,0.032639,0.59511,28,114688,35.43992028009895
1,4096,2,109,static,0.070126,0.607909,266,1089536,35.43992028009895
1,4096,2,110,static,0.080211,0.60822,264,1081344,97.69284030413701
1,4096,2,110,temporal,0.022834,0.558434,28,114688,97.69284030413701
1,4096,2,111,temporal,0.023305,0.547368,28,114688,-169.7025785696815
1,4096,2,111,static,0.081813,0.693128,264,1081344,-169.7025785696815
1,4096,2,112,static,0.083166,0.646759,263,1077248,-13.178166417008617
1,4096,2,112,temporal,0.025809,0.547608,28,114688,-13.178166417008617
1,4096,2,113,temporal,0.021813,0.56205,28,114688,200.0599670084535
1,4096,2,113,static,0.155696,0.690204,264,1081344,200.0599670084535
1,4096,2,114,static,0.075183,0.63488,264,1081344,50.11508780833777
1,4096,2,114,temporal,0.026029,0.570122,28,114688,50.11508780833777
1,4096,2,115,temporal,0.024117,0.573247,28,114688,-80.12542022432997
1,4096,2,115,static,0.081974,0.625066,263,1077248,-80.12542022432997
1,4096,2,116,static,0.064818,0.596743,264,1081344,-179.72684904787812
1,4096,2,116,temporal,0.020721,0.563362,28,114688,-179.72684904787812
1,4096,2,117,temporal,0.023306,0.567098,28,114688,-68.17115088497037
1,4096,2,117,static,0.073351,0.605225,264,1081344,-68.17115088497037
1,4096,2,118,static,0.07963,0.721461,264,1081344,97.69284030413701
1,4096,2,118,temporal,0.03311,0.575009,28,114688,97.69284030413701
1,4096,2,119,temporal,0.024216,0.562491,28,114688,-145.61531352207282
1,4096,2,119,static,0.083576,0.624194,264,1081344,-145.61531352207282
1,4096,3,0,temporal,0.025749,0.549802,28,114688,-53.81574189942131
1,4096,3,0,static,0.093712,0.877948,263,1077248,-53.81574189942131
1,4096,3,1,static,0.077057,0.701381,264,1081344,202.0956415343452
1,4096,3,1,temporal,0.030786,0.570803,28,114688,202.0956415343452
1,4096,3,2,temporal,0.03272,0.569962,28,114688,195.80996510912587
1,4096,3,2,static,0.061413,0.591374,263,1077248,195.80996510912587
1,4096,3,3,static,0.057257,0.648892,265,1085440,162.66053195456823
1,4096,3,3,temporal,0.027101,0.579106,28,114688,162.66053195456823
1,4096,3,4,temporal,0.024537,0.549621,28,114688,37.27819903583503
1,4096,3,4,static,0.071459,0.610394,263,1077248,37.27819903583503
1,4096,3,5,static,0.091539,0.645347,266,1089536,85.22772031850795
1,4096,3,5,temporal,0.027081,0.542591,28,114688,85.22772031850795
1,4096,3,6,temporal,0.022444,0.557793,28,114688,-171.10008860916113
1,4096,3,6,static,0.085068,0.60192,264,1081344,-171.10008860916113
1,4096,3,7,static,0.065649,0.600849,264,1081344,102.525328232001
1,4096,3,7,temporal,0.021773,0.554028,28,114688,102.525328232001
1,4096,3,8,temporal,0.023496,0.564023,28,114688,174.23524671680644
1,4096,3,8,static,0.108695,0.643714,264,1081344,174.23524671680644
1,4096,3,9,static,0.072049,0.592747,263,1077248,-38.7314438560212
1,4096,3,9,temporal,0.021613,0.558195,28,114688,-38.7314438560212
1,4096,3,10,temporal,0.021733,0.544593,28,114688,161.4671041717946
1,4096,3,10,static,0.058939,0.59499,265,1085440,161.4671041717946
1,4096,3,11,static,0.077768,0.611806,266,1089536,197.25433259632536
1,4096,3,11,temporal,0.023395,0.563803,28,114688,197.25433259632536
1,4096,3,12,temporal,0.025919,0.559837,28,114688,-185.34865273462108
1,4096,3,12,static,0.084598,0.600408,264,1081344,-185.34865273462108
1,4096,3,13,static,0.089335,0.625857,264,1081344,1.8037555700465142
1,4096,3,13,temporal,0.024537,0.543912,28,114688,1.8037555700465142
1,4096,3,14,temporal,0.022204,0.558254,28,114688,-95.91031870986852
1,4096,3,14,static,0.082255,0.612687,264,1081344,-95.91031870986852
1,4096,3,15,static,0.079861,0.61452,264,1081344,-82.77391976124167
1,4096,3,15,temporal,0.023916,0.557062,28,114688,-82.77391976124167
1,4096,3,16,temporal,0.023996,0.540107,28,114688,96.20126667095052
1,4096,3,16,static,0.088233,0.6283,266,1089536,96.20126667095052
1,4096,3,17,static,0.073211,0.609432,263,1077248,30.832434112501755
1,4096,3,17,temporal,0.022424,0.681891,28,114688,30.832434112501755
1,4096,3,18,temporal,0.032128,0.768322,28,114688,-108.36946842012391
1,4096,3,18,static,0.142656,0.696614,264,1081344,-108.36946842012391
1,4096,3,19,static,0.072309,0.650774,266,1089536,31.8417090067649
1,4096,3,19,temporal,0.028763,0.585545,28,114688,31.8417090067649
1,4096,3,20,temporal,0.024677,0.570253,28,114688,-240.24228981062495
1,4096,3,20,static,0.083917,0.608941,264,1081344,-240.24228981062495
1,4096,3,21,static,0.142766,0.750345,266,1089536,-189.07848374791422
1,4096,3,21,temporal,0.031097,0.746709,28,114688,-189.07848374791422
1,4096,3,22,temporal,0.034983,0.562531,28,114688,-78.44981193950807
1,4096,3,22,static,0.087452,0.629061,266,1089536,-78.44981193950807
1,4096,3,23,static,0.082835,0.610463,264,1081344,-216.58046714232924
1,4096,3,23,temporal,0.038879,0.562781,28,114688,-216.58046714232924
1,4096,3,24,temporal,0.021012,0.640278,27,110592,-118.69887240125307
1,4096,3,24,static,0.072931,0.623333,265,1085440,-118.69887240125307
1,4096,3,25,static,0.068283,0.609081,264,1081344,120.72741541694286
1,4096,3,25,temporal,0.024067,0.657815,28,114688,120.72741541694286
1,4096,3,26,temporal,0.033701,0.566457,28,114688,135.33212978084123
1,4096,3,26,static,0.092129,0.637033,266,1089536,135.33212978084123
1,4096,3,27,static,0.08627,0.673228,264,1081344,145.6109062588002
1,4096,3,27,temporal,0.057918,0.585296,28,114688,145.6109062588002
1,4096,3,28,temporal,0.044467,0.596933,28,114688,199.0693330558119
1,4096,3,28,static,0.064928,0.593027,266,1089536,199.0693330558119
1,4096,3,29,static,0.057067,0.604415,264,1081344,151.38943650706835
1,4096,3,29,temporal,0.022384,0.548359,28,114688,151.38943650706835
1,4096,3,30,temporal,0.021823,0.567748,28,114688,-205.84279351490514
1,4096,3,30,static,0.075734,0.616502,266,1089536,-205.84279351490514
1,4096,3,31,static,0.060561,0.616042,262,1073152,-22.53007556484292
1,4096,3,31,temporal,0.022454,0.566176,27,110592,-22.53007556484292
1,4096,3,32,temporal,0.024056,0.556952,28,114688,201.52034860925605
1,4096,3,32,static,0.088504,0.632406,266,1089536,201.52034860925605
1,4096,3,33,static,0.082004,0.631486,265,1085440,-200.61676932261375
1,4096,3,33,temporal,0.023435,0.552255,28,114688,-200.61676932261375
1,4096,3,34,temporal,0.019789,0.567608,28,114688,71.3331290831788
1,4096,3,34,static,0.063226,0.613909,263,1077248,71.3331290831788
1,4096,3,35,static,0.059149,0.606207,264,1081344,38.65197586794577
1,4096,3,35,temporal,0.021683,0.565055,28,114688,38.65197586794577
1,4096,3,36,temporal,0.023696,0.5552,28,114688,-193.3972961967637
1,4096,3,36,static,0.199111,0.761882,263,1077248,-193.3972961967637
1,4096,3,37,static,0.081854,0.619638,266,1089536,197.25433259632536
1,4096,3,37,temporal,0.023335,0.56894,28,114688,197.25433259632536
1,4096,3,38,temporal,0.023326,0.583713,28,114688,-243.8257340653856
1,4096,3,38,static,0.074943,0.604284,263,1077248,-243.8257340653856
1,4096,3,39,static,0.088133,0.674901,264,1081344,242.9911482873052
1,4096,3,39,temporal,0.249818,0.835444,28,114688,242.9911482873052
1,4096,3,40,temporal,0.030526,0.561159,28,114688,64.78787733728376
1,4096,3,40,static,0.074232,0.620268,266,1089536,64.78787733728376
1,4096,3,41,static,0.07299,0.638776,265,1085440,-175.35839861456446
1,4096,3,41,temporal,0.027792,0.552155,28,114688,-175.35839861456446
1,4096,3,42,temporal,0.023946,0.5691,28,114688,241.25213942778348
1,4096,3,42,static,0.089635,0.680649,265,1085440,241.25213942778348
1,4096,3,43,static,0.082414,0.64783,265,1085440,-210.80963410713414
1,4096,3,43,temporal,0.027261,0.572255,28,114688,-210.80963410713414
1,4096,3,44,temporal,0.023566,0.572406,28,114688,-173.7223121996724
1,4096,3,44,static,0.083767,0.626948,264,1081344,-173.7223121996724
1,4096,3,45,static,0.083046,0.609802,265,1085440,-215.8118813755654
1,4096,3,45,temporal,0.022894,0.564113,28,114688,-215.8118813755654
1,4096,3,46,temporal,0.022474,0.56835,28,114688,-238.17386176961077
1,4096,3,46,static,0.07281,0.601429,265,1085440,-238.17386176961077
1,4096,3,47,static,0.063496,0.616132,264,1081344,21.559759959114967
1,4096,3,47,temporal,0.022083,0.568229,28,114688,21.559759959114967
1,4096,3,48,temporal,0.024627,0.687089,27,110592,189.46764432684176
1,4096,3,48,static,0.088554,0.782634,266,1089536,189.46764432684176
1,4096,3,49,static,0.084969,0.620239,266,1089536,-203.2402543969814
1,4096,3,49,temporal,0.025389,0.59473,28,114688,-203.2402543969814
1,4096,3,50,temporal,0.024176,0.636352,28,114688,-115.54530159733604
1,4096,3,50,static,0.080892,0.630203,263,1077248,-115.54530159733604
1,4096,3,51,static,0.067462,0.61471,266,1089536,17.154642009298446
1,4096,3,51,temporal,0.023946,0.552866,28,114688,17.154642009298446
1,4096,3,52,temporal,0.039439,0.570763,28,114688,-236.3057683132182
1,4096,3,52,static,0.064798,0.604515,266,1089536,-236.3057683132182
1,4096,3,53,static,0.068885,0.594209,264,1081344,180.80991793787737
1,4096,3,53,temporal,0.021783,0.560838,28,114688,180.80991793787737
1,4096,3,54,temporal,0.030807,0.579587,27,110592,-77.47075476808898
1,4096,3,54,static,0.084037,0.631324,263,1077248,-77.47075476808898
1,4096,3,55,static,0.086801,0.630864,265,1085440,-135.19847567809816
1,4096,3,55,temporal,0.024457,0.549712,28,114688,-135.19847567809816
1,4096,3,56,temporal,0.023045,0.565976,28,114688,132.94934887965604
1,4096,3,56,static,0.081814,0.78651,263,1077248,132.94934887965604
1,4096,3,57,static,0.088654,0.644525,265,1085440,214.0075969779959
1,4096,3,57,temporal,0.024117,0.569942,28,114688,214.0075969779959
1,4096,3,58,temporal,0.022484,0.553568,28,114688,30.158164314508415
1,4096,3,58,static,0.062675,0.606016,265,1085440,30.158164314508415
1,4096,3,59,static,0.081743,0.623222,266,1089536,-15.377266773144228
1,4096,3,59,temporal,0.024267,0.549191,28,114688,-15.377266773144228
1,4096,3,60,temporal,0.02031,0.566617,28,114688,-29.124694787021788
1,4096,3,60,static,0.06608,0.617133,264,1081344,-29.124694787021788
1,4096,3,61,static,0.094292,0.640358,264,1081344,5.296463968847368
1,4096,3,61,temporal,0.024397,0.565195,28,114688,5.296463968847368
1,4096,3,62,temporal,0.024046,0.552075,28,114688,220.4794848589357
1,4096,3,62,static,0.086662,0.624605,265,1085440,220.4794848589357
1,4096,3,63,static,0.068734,0.597994,264,1081344,173.01738943858015
1,4096,3,63,temporal,0.021813,0.560087,28,114688,173.01738943858015
1,4096,3,64,temporal,0.022695,0.568791,28,114688,67.37671667167848
1,4096,3,64,static,0.078098,0.603112,263,1077248,67.37671667167848
1,4096,3,65,static,0.080722,0.811787,264,1081344,-111.38265554883824
1,4096,3,65,temporal,0.036566,0.562782,28,114688,-111.38265554883824
1,4096,3,66,temporal,0.023486,0.564685,28,114688,206.23396085982247
1,4096,3,66,static,0.080812,0.703905,264,1081344,206.23396085982247
1,4096,3,67,static,0.070727,0.621429,266,1089536,185.4355692497607
1,4096,3,67,temporal,0.024287,0.563542,28,114688,185.4355692497607
1,4096,3,68,temporal,0.023726,0.546377,28,114688,-34.410122500829054
1,4096,3,68,static,0.169998,0.703414,266,1089536,-34.410122500829054
1,4096,3,69,static,0.062354,0.737265,266,1089536,187.00309934378419
1,4096,3,69,temporal,0.034382,0.554929,28,114688,187.00309934378419
1,4096,3,70,temporal,0.023205,0.591615,28,114688,-202.73815082698383
1,4096,3,70,static,0.09893,0.635471,266,1089536,-202.73815082698383
1,4096,3,71,static,0.073271,0.590794,265,1085440,-189.71470378278093
1,4096,3,71,temporal,0.022023,0.642702,28,114688,-189.71470378278093
1,4096,3,72,temporal,0.031658,0.549701,28,114688,154.50533993256576
1,4096,3,72,static,0.090687,0.60804,264,1081344,154.50533993256576
1,4096,3,73,static,0.067552,0.605996,264,1081344,115.7563553738632
1,4096,3,73,temporal,0.022164,0.56186,28,114688,115.7563553738632
1,4096,3,74,temporal,0.022784,0.582221,28,114688,34.41894902471283
1,4096,3,74,static,0.062275,0.639287,263,1077248,34.41894902471283
1,4096,3,75,static,0.116176,0.646438,265,1085440,3.9924160248702334
1,4096,3,75,temporal,0.023536,0.565756,28,114688,3.9924160248702334
1,4096,3,76,temporal,0.023075,0.54834,28,114688,-216.73295681980503
1,4096,3,76,static,0.083777,0.626438,265,1085440,-216.73295681980503
1,4096,3,77,static,0.077738,0.623604,264,1081344,108.00903706881323
1,4096,3,77,temporal,0.02591,0.550243,28,114688,108.00903706881323
1,4096,3,78,temporal,0.021202,0.644645,28,114688,122.45889728211941
1,4096,3,78,static,0.083186,0.610894,266,1089536,122.45889728211941
1,4096,3,79,static,0.071178,0.62162,266,1089536,-159.85436747045785
1,4096,3,79,temporal,0.022825,0.54859,28,114688,-159.85436747045785
1,4096,3,80,temporal,0.038899,0.570443,28,114688,123.1710884189406
1,4096,3,80,static,0.064938,0.608461,266,1089536,123.1710884189406
1,4096,3,81,static,0.087723,0.616903,263,1077248,69.80287225305474
1,4096,3,81,temporal,0.075445,0.63451,28,114688,69.80287225305474
1,4096,3,82,temporal,0.0266,0.567578,28,114688,231.17391401693243
1,4096,3,82,static,0.089095,0.615922,266,1089536,231.17391401693243
1,4096,3,83,static,0.06617,0.609722,266,1089536,79.04834392714349
1,4096,3,83,temporal,0.022364,0.569081,28,114688,79.04834392714349
1,4096,3,84,temporal,0.021703,0.574619,28,114688,168.4019038198693
1,4096,3,84,static,0.069084,0.672988,265,1085440,168.4019038198693
1,4096,3,85,static,0.087112,0.614159,263,1077248,71.33114142478395
1,4096,3,85,temporal,0.024497,0.564334,28,114688,71.33114142478395
1,4096,3,86,temporal,0.022163,0.548439,28,114688,137.37887422041462
1,4096,3,86,static,0.060732,0.597874,263,1077248,137.37887422041462
1,4096,3,87,static,0.068754,0.630834,263,1077248,153.024946939911
1,4096,3,87,temporal,0.031788,0.556551,28,114688,153.024946939911
1,4096,3,88,temporal,0.021452,0.647219,28,114688,189.93984279902799
1,4096,3,88,static,0.070417,0.596933,266,1089536,189.93984279902799
1,4096,3,89,static,0.090227,0.633168,263,1077248,194.08712225535749
1,4096,3,89,temporal,0.024978,0.582381,28,114688,194.08712225535749
1,4096,3,90,temporal,0.023506,0.56883,28,114688,-243.50699580324172
1,4096,3,90,static,0.064878,0.60826,266,1089536,-243.50699580324172
1,4096,3,91,static,0.070046,0.646829,263,1077248,20.956959702202642
1,4096,3,91,temporal,0.027101,0.593107,28,114688,20.956959702202642
1,4096,3,92,temporal,0.095855,0.676743,28,114688,199.13112717534355
1,4096,3,92,static,0.081293,0.606247,264,1081344,199.13112717534355
1,4096,3,93,static,0.089646,0.635972,265,1085440,55.79193465736592
1,4096,3,93,temporal,0.024898,0.568841,28,114688,55.79193465736592
1,4096,3,94,temporal,0.03982,0.57544,28,114688,128.24585493389816
1,4096,3,94,static,0.05978,0.670464,264,1081344,128.24585493389816
1,4096,3,95,static,0.07244,0.607038,264,1081344,123.14328169347509
1,4096,3,95,temporal,0.022334,0.573558,28,114688,123.14328169347509
1,4096,3,96,temporal,0.024597,0.556431,28,114688,44.79036278996305
1,4096,3,96,static,0.10553,0.655081,264,1081344,44.79036278996305
1,4096,3,97,static,0.084848,0.63508,262,1073152,92.01453316408492
1,4096,3,97,temporal,0.025578,0.562541,28,114688,92.01453316408492
1,4096,3,98,temporal,0.068714,0.698597,28,114688,232.6508948075365
1,4096,3,98,static,0.096326,0.665206,266,1089536,232.6508948075365
1,4096,3,99,static,0.075514,0.602031,264,1081344,-230.65935369528532
1,4096,3,99,temporal,0.022504,0.699157,28,114688,-230.65935369528532
1,4096,3,100,temporal,0.028633,0.648661,28,114688,149.2516853997977
1,4096,3,100,static,0.084688,0.719708,266,1089536,149.2516853997977
1,4096,3,101,static,0.073782,0.639618,264,1081344,-37.05713029256425
1,4096,3,101,temporal,0.024697,0.566116,28,114688,-37.05713029256425
1,4096,3,102,temporal,0.023766,0.652708,28,114688,33.28245332096013
1,4096,3,102,static,0.0927,0.872149,264,1081344,33.28245332096013
1,4096,3,103,static,0.074853,0.637234,263,1077248,12.869878202844355
1,4096,3,103,temporal,0.024337,0.554248,28,114688,12.869878202844355
1,4096,3,104,temporal,0.080852,0.644565,28,114688,215.55334566816322
1,4096,3,104,static,0.081573,0.630383,263,1077248,215.55334566816322
1,4096,3,105,static,0.074563,0.604935,264,1081344,-237.31844906783402
1,4096,3,105,temporal,0.023425,0.638736,28,114688,-237.31844906783402
1,4096,3,106,temporal,0.031798,0.579757,28,114688,210.6623618283412
1,4096,3,106,static,0.095685,0.619687,265,1085440,210.6623618283412
1,4096,3,107,static,0.069345,0.740249,262,1073152,-24.240214728635767
1,4096,3,107,temporal,0.030897,0.557493,28,114688,-24.240214728635767
1,4096,3,108,temporal,0.023836,0.586227,28,114688,230.05020388598751
1,4096,3,108,static,0.091468,0.635321,262,1073152,230.05020388598751
1,4096,3,109,static,0.06589,0.619007,266,1089536,35.43992028009895
1,4096,3,109,temporal,0.022524,0.564954,28,114688,35.43992028009895
1,4096,3,110,temporal,0.022754,0.549261,28,114688,97.69284030413701
1,4096,3,110,static,0.234985,0.761141,264,1081344,97.69284030413701
1,4096,3,111,static,0.087502,0.649422,264,1081344,-169.7025785696815
1,4096,3,111,temporal,0.028543,0.54883,28,114688,-169.7025785696815
1,4096,3,112,temporal,0.021593,0.628691,28,114688,-13.178166417008617
1,4096,3,112,static,0.083246,0.639247,263,1077248,-13.178166417008617
1,4096,3,113,static,0.07941,0.601109,264,1081344,200.0599670084535
1,4096,3,113,temporal,0.022373,0.629922,28,114688,200.0599670084535
1,4096,3,114,temporal,0.029885,0.550863,28,114688,50.11508780833777
1,4096,3,114,static,0.077247,0.612927,264,1081344,50.11508780833777
1,4096,3,115,static,0.081804,0.61516,263,1077248,-80.12542022432997
1,4096,3,115,temporal,0.022864,0.562751,28,114688,-80.12542022432997
1,4096,3,116,temporal,0.021262,0.559757,28,114688,-179.72684904787812
1,4096,3,116,static,0.067052,0.585065,264,1081344,-179.72684904787812
1,4096,3,117,static,0.124728,0.769674,264,1081344,-68.17115088497037
1,4096,3,117,temporal,0.034422,0.721471,28,114688,-68.17115088497037
1,4096,3,118,temporal,0.033341,0.558545,28,114688,97.69284030413701
1,4096,3,118,static,0.082705,0.650694,264,1081344,97.69284030413701
1,4096,3,119,static,0.104769,0.66088,264,1081344,-145.61531352207282
1,4096,3,119,temporal,0.02657,0.549331,28,114688,-145.61531352207282
2,4096,0,0,static,0.096976,0.632837,263,1077248,-53.81574189942131
2,4096,0,0,temporal,0.023536,0.576322,28,114688,-53.81574189942131
2,4096,0,1,temporal,0.021823,0.578364,28,114688,202.0956415343452
2,4096,0,1,static,0.06615,0.601359,264,1081344,202.0956415343452
2,4096,0,2,static,0.056295,0.60809,263,1077248,195.80996510912587
2,4096,0,2,temporal,0.021713,0.611966,28,114688,195.80996510912587
2,4096,0,3,temporal,0.02706,0.617904,28,114688,162.66053195456823
2,4096,0,3,static,0.061163,0.614309,265,1085440,162.66053195456823
2,4096,0,4,static,0.071809,0.60772,263,1077248,37.27819903583503
2,4096,0,4,temporal,0.023084,0.571544,28,114688,37.27819903583503
2,4096,0,5,temporal,0.024137,0.558745,28,114688,85.22772031850795
2,4096,0,5,static,0.090597,0.643083,266,1089536,85.22772031850795
2,4096,0,6,static,0.084398,0.653799,264,1081344,-171.10008860916113
2,4096,0,6,temporal,0.025048,0.558265,28,114688,-171.10008860916113
2,4096,0,7,temporal,0.021553,0.572666,28,114688,102.525328232001
2,4096,0,7,static,0.068704,0.604494,264,1081344,102.525328232001
2,4096,0,8,static,0.089125,0.640739,264,1081344,174.23524671680644
2,4096,0,8,temporal,0.024016,0.576021,28,114688,174.23524671680644
2,4096,0,9,temporal,0.022874,0.627008,28,114688,-38.7314438560212
2,4096,0,9,static,0.07958,0.655952,263,1077248,-38.7314438560212
2,4096,0,10,static,0.062865,0.602912,265,1085440,161.4671041717946
2,4096,0,10,temporal,0.036826,0.569402,28,114688,161.4671041717946
2,4096,0,11,temporal,0.025078,0.57506,28,114688,197.25433259632536
2,4096,0,11,static,0.080021,0.612226,266,1089536,197.25433259632536
2,4096,0,12,static,0.089446,0.639908,264,1081344,-185.34865273462108
2,4096,0,12,temporal,0.025208,0.586057,28,114688,-185.34865273462108
2,4096,0,13,temporal,0.024277,0.579367,28,114688,1.8037555700465142
2,4096,0,13,static,0.09249,0.640829,264,1081344,1.8037555700465142
2,4096,0,14,static,0.081203,0.617434,264,1081344,-95.91031870986852
2,4096,0,14,temporal,0.022014,0.573097,28,114688,-95.91031870986852
2,4096,0,15,temporal,0.023375,0.557973,28,114688,-82.77391976124167
2,4096,0,15,static,0.094974,0.644565,264,1081344,-82.77391976124167
2,4096,0,16,static,0.089185,0.638997,266,1089536,96.20126667095052
2,4096,0,16,temporal,0.025088,0.557353,28,114688,96.20126667095052
2,4096,0,17,temporal,0.020831,0.581219,28,114688,30.832434112501755
2,4096,0,17,static,0.072489,0.605415,263,1077248,30.832434112501755
2,4096,0,18,static,0.087513,0.624104,264,1081344,-108.36946842012391
2,4096,0,18,temporal,0.024046,0.664224,28,114688,-108.36946842012391
2,4096,0,19,temporal,0.031928,0.597363,28,114688,31.8417090067649
2,4096,0,19,static,0.069615,0.616602,266,1089536,31.8417090067649
2,4096,0,20,static,0.074423,0.623303,264,1081344,-240.24228981062495
2,4096,0,20,temporal,0.022854,0.553948,28,114688,-240.24228981062495
2,4096,0,21,temporal,0.021512,0.573447,28,114688,-189.07848374791422
2,4096,0,21,static,0.074693,0.606287,266,1089536,-189.07848374791422
2,4096,0,22,static,0.083847,0.636783,266,1089536,-78.44981193950807
2,4096,0,22,temporal,0.024096,0.594839,28,114688,-78.44981193950807
2,4096,0,23,temporal,0.02608,0.557123,28,114688,-216.58046714232924
2,4096,0,23,static,0.082114,0.629712,264,1081344,-216.58046714232924
2,4096,0,24,static,0.06618,0.606698,265,1085440,-118.69887240125307
2,4096,0,24,temporal,0.023376,0.573548,27,110592,-118.69887240125307
2,4096,0,25,temporal,0.023075,0.571875,28,114688,120.72741541694286
2,4096,0,25,static,0.066391,0.618025,264,1081344,120.72741541694286
2,4096,0,26,static,0.090216,0.645807,266,1089536,135.33212978084123
2,4096,0,26,temporal,0.024417,0.556041,28,114688,135.33212978084123
2,4096,0,27,temporal,0.022093,0.572356,28,114688,145.6109062588002
2,4096,0,27,static,0.087342,0.632146,264,1081344,145.6109062588002
2,4096,0,28,static,0.061604,0.596723,266,1089536,199.0693330558119
2,4096,0,28,temporal,0.020391,0.56843,28,114688,199.0693330558119
2,4096,0,29,temporal,0.020631,0.572366,28,114688,151.38943650706835
2,4096,0,29,static,0.05954,0.606288,264,1081344,151.38943650706835
2,4096,0,30,static,0.074783,0.620979,266,1089536,-205.84279351490514
2,4096,0,30,temporal,0.023315,0.554739,28,114688,-205.84279351490514
2,4096,0,31,temporal,0.021162,0.574729,27,110592,-22.53007556484292
2,4096,0,31,static,0.062755,0.592977,262,1073152,-22.53007556484292
2,4096,0,32,static,0.085569,0.63505,266,1089536,201.52034860925605
2,4096,0,32,temporal,0.024447,0.645407,28,114688,201.52034860925605
2,4096,0,33,temporal,0.032058,0.564143,28,114688,-200.61676932261375
2,4096,0,33,static,0.084988,0.638265,265,1085440,-200.61676932261375
2,4096,0,34,static,0.060862,0.597233,263,1077248,71.3331290831788
2,4096,0,34,temporal,0.021152,0.573908,28,114688,71.3331290831788
2,4096,0,35,temporal,0.021462,0.551724,28,114688,38.65197586794577
2,4096,0,35,static,0.073311,0.624514,264,1081344,38.65197586794577
2,4096,0,36,static,0.083106,0.636273,263,1077248,-193.3972961967637
2,4096,0,36,temporal,0.023896,0.558965,28,114688,-193.3972961967637
2,4096,0,37,temporal,0.023466,0.572246,28,114688,197.25433259632536
2,4096,0,37,static,0.078208,0.628771,266,1089536,197.25433259632536
2,4096,0,38,static,0.07259,0.61488,263,1077248,-243.8257340653856
2,4096,0,38,temporal,0.023706,0.576312,28,114688,-243.8257340653856
2,4096,0,39,temporal,0.023185,0.574379,28,114688,242.9911482873052
2,4096,0,39,static,0.088183,0.63498,264,1081344,242.9911482873052
2,4096,0,40,static,0.071108,0.623263,266,1089536,64.78787733728376
2,4096,0,40,temporal,0.022824,0.558535,28,114688,64.78787733728376
2,4096,0,41,temporal,0.021272,0.56878,28,114688,-175.35839861456446
2,4096,0,41,static,0.071848,0.619236,265,1085440,-175.35839861456446
2,4096,0,42,static,0.089516,0.643063,265,1085440,241.25213942778348
2,4096,0,42,temporal,0.024347,0.591785,28,114688,241.25213942778348
2,4096,0,43,temporal,0.024407,0.559076,28,114688,-210.80963410713414
2,4096,0,43,static,0.07278,0.621139,265,1085440,-210.80963410713414
2,4096,0,44,static,0.082645,0.612766,264,1081344,-173.7223121996724
2,4096,0,44,temporal,0.022584,0.56839,28,114688,-173.7223121996724
2,4096,0,45,temporal,0.024137,0.55527,28,114688,-215.8118813755654
2,4096,0,45,static,0.107623,0.655091,265,1085440,-215.8118813755654
2,4096,0,46,static,0.073601,0.624064,265,1085440,-238.17386176961077
2,4096,0,46,temporal,0.023225,0.633158,28,114688,-238.17386176961077
2,4096,0,47,temporal,0.029205,0.614971,28,114688,21.559759959114967
2,4096,0,47,static,0.067623,0.615461,264,1081344,21.559759959114967
2,4096,0,48,static,0.078879,0.615711,266,1089536,189.46764432684176
2,4096,0,48,temporal,0.024997,0.702753,27,110592,189.46764432684176
2,4096,0,49,temporal,0.030356,0.653168,28,114688,-203.2402543969814
2,4096,0,49,static,0.082435,0.612397,266,1089536,-203.2402543969814
2,4096,0,50,static,0.070587,0.627108,263,1077248,-115.54530159733604
2,4096,0,50,temporal,0.023776,0.553617,28,114688,-115.54530159733604
2,4096,0,51,temporal,0.021643,0.695392,28,114688,17.154642009298446
2,4096,0,51,static,0.076716,0.741161,266,1089536,17.154642009298446
2,4096,0,52,static,0.07261,0.730535,266,1089536,-236.3057683132182
2,4096,0,52,temporal,0.032509,0.610253,28,114688,-236.3057683132182
2,4096,0,53,temporal,0.027281,0.602511,28,114688,180.80991793787737
2,4096,0,53,static,0.072379,0.602812,264,1081344,180.80991793787737
2,4096,0,54,static,0.081523,0.630714,263,1077248,-77.47075476808898
2,4096,0,54,temporal,0.025188,0.717305,27,110592,-77.47075476808898
2,4096,0,55,temporal,0.032479,0.682543,28,114688,-135.19847567809816
2,4096,0,55,static,0.137818,0.666839,265,1085440,-135.19847567809816
2,4096,0,56,static,0.080082,0.626518,263,1077248,132.94934887965604
2,4096,0,56,temporal,0.024578,0.550072,28,114688,132.94934887965604
2,4096,0,57,temporal,0.022464,0.571645,28,114688,214.0075969779959
2,4096,0,57,static,0.07892,0.687791,265,1085440,214.0075969779959
2,4096,0,58,static,0.071158,0.62781,265,1085440,30.158164314508415
2,4096,0,58,temporal,0.024246,0.571514,28,114688,30.158164314508415
2,4096,0,59,temporal,0.023957,0.555631,28,114688,-15.377266773144228
2,4096,0,59,static,0.080211,0.696122,266,1089536,-15.377266773144228
2,4096,0,60,static,0.071678,0.647349,264,1081344,-29.124694787021788
2,4096,0,60,temporal,0.024918,0.558004,28,114688,-29.124694787021788
2,4096,0,61,temporal,0.024647,0.645416,28,114688,5.296463968847368
2,4096,0,61,static,0.100822,0.732338,264,1081344,5.296463968847368
2,4096,0,62,static,0.093081,0.625396,265,1085440,220.4794848589357
2,4096,0,62,temporal,0.023496,0.569712,28,114688,220.4794848589357
2,4096,0,63,temporal,0.022324,0.556833,28,114688,173.01738943858015
2,4096,0,63,static,0.068524,0.62136,264,1081344,173.01738943858015
2,4096,0,64,static,0.060101,0.607569,263,1077248,67.37671667167848
2,4096,0,64,temporal,0.021482,0.573678,28,114688,67.37671667167848
2,4096,0,65,temporal,0.023455,0.573247,28,114688,-111.38265554883824
2,4096,0,65,static,0.082625,0.616032,264,1081344,-111.38265554883824
2,4096,0,66,static,0.075815,0.624905,264,1081344,206.23396085982247
2,4096,0,66,temporal,0.025068,0.572095,28,114688,206.23396085982247
2,4096,0,67,temporal,0.021312,0.557243,28,114688,185.4355692497607
2,4096,0,67,static,0.061352,0.60859,266,1089536,185.4355692497607
2,4096,0,68,static,0.07931,0.633758,266,1089536,-34.410122500829054
2,4096,0,68,temporal,0.023857,0.578295,28,114688,-34.410122500829054
2,4096,0,69,temporal,0.021503,0.569612,28,114688,187.00309934378419
2,4096,0,69,static,0.05926,0.589261,266,1089536,187.00309934378419
2,4096,0,70,static,0.070376,0.62145,266,1089536,-202.73815082698383
2,4096,0,70,temporal,0.023245,0.670544,28,114688,-202.73815082698383
2,4096,0,71,temporal,0.02659,0.579216,28,114688,-189.71470378278093
2,4096,0,71,static,0.10551,0.693779,265,1085440,-189.71470378278093
2,4096,0,72,static,0.074252,0.609101,264,1081344,154.50533993256576
2,4096,0,72,temporal,0.021803,0.570843,28,114688,154.50533993256576
2,4096,0,73,temporal,0.021382,0.556351,28,114688,115.7563553738632
2,4096,0,73,static,0.084998,0.617293,264,1081344,115.7563553738632
2,4096,0,74,static,0.060562,0.87242,263,1077248,34.41894902471283
2,4096,0,74,temporal,0.035293,0.611755,28,114688,34.41894902471283
2,4096,0,75,temporal,0.025068,0.559176,28,114688,3.9924160248702334
2,4096,0,75,static,0.071939,0.62144,265,1085440,3.9924160248702334
2,4096,0,76,static,0.08586,0.692898,265,1085440,-216.73295681980503
2,4096,0,76,temporal,0.030315,0.61529,28,114688,-216.73295681980503
2,4096,0,77,temporal,0.026861,0.579106,28,114688,108.00903706881323
2,4096,0,77,static,0.081494,0.633699,264,1081344,108.00903706881323
2,4096,0,78,static,0.077387,0.628531,266,1089536,122.45889728211941
2,4096,0,78,temporal,0.024016,0.558635,28,114688,122.45889728211941
2,4096,0,79,temporal,0.031157,0.588981,28,114688,-159.85436747045785
2,4096,0,79,static,0.074172,0.620899,266,1089536,-159.85436747045785
2,4096,0,80,static,0.063507,0.600889,266,1089536,123.1710884189406
2,4096,0,80,temporal,0.021993,0.573067,28,114688,123.1710884189406
2,4096,0,81,temporal,0.024036,0.578865,28,114688,69.80287225305474
2,4096,0,81,static,0.106181,0.64118,263,1077248,69.80287225305474
2,4096,0,82,static,0.088945,0.780961,266,1089536,231.17391401693243
2,4096,0,82,temporal,0.034062,0.566607,28,114688,231.17391401693243
2,4096,0,83,temporal,0.022323,0.599917,28,114688,79.04834392714349
2,4096,0,83,static,0.071368,0.69438,266,1089536,79.04834392714349
2,4096,0,84,static,0.074002,0.633809,265,1085440,168.4019038198693
2,4096,0,84,temporal,0.024457,0.579967,28,114688,168.4019038198693
2,4096,0,85,temporal,0.023957,0.56202,28,114688,71.33114142478395
2,4096,0,85,static,0.081213,0.628741,263,1077248,71.33114142478395
2,4096,0,86,static,0.05895,0.629563,263,1077248,137.37887422041462
2,4096,0,86,temporal,0.023956,0.561459,28,114688,137.37887422041462
2,4096,0,87,temporal,0.021062,0.583182,28,114688,153.024946939911
2,4096,0,87,static,0.070707,0.652377,263,1077248,153.024946939911
2,4096,0,88,static,0.061133,0.605516,266,1089536,189.93984279902799
2,4096,0,88,temporal,0.020721,0.580047,28,114688,189.93984279902799
2,4096,0,89,temporal,0.024197,0.572296,28,114688,194.08712225535749
2,4096,0,89,static,0.090768,0.652918,263,1077248,194.08712225535749
2,4096,0,90,static,0.064277,0.765297,266,1089536,-243.50699580324172
2,4096,0,90,temporal,0.031458,0.596332,28,114688,-243.50699580324172
2,4096,0,91,temporal,0.024427,0.580688,28,114688,20.956959702202642
2,4096,0,91,static,0.073391,0.626377,263,1077248,20.956959702202642
2,4096,0,92,static,0.077818,0.693749,264,1081344,199.13112717534355
2,4096,0,92,temporal,0.029955,0.601089,28,114688,199.13112717534355
2,4096,0,93,temporal,0.026711,0.562892,28,114688,55.79193465736592
2,4096,0,93,static,0.106622,0.663404,265,1085440,55.79193465736592
2,4096,0,94,static,0.061553,0.642822,264,1081344,128.24585493389816
2,4096,0,94,temporal,0.024837,0.56213,28,114688,128.24585493389816
2,4096,0,95,temporal,0.020611,0.57527,28,114688,123.14328169347509
2,4096,0,95,static,0.06633,0.600578,264,1081344,123.14328169347509
2,4096,0,96,static,0.107813,0.653929,264,1081344,44.79036278996305
2,4096,0,96,temporal,0.023335,0.577764,28,114688,44.79036278996305
2,4096,0,97,temporal,0.024207,0.589662,28,114688,92.01453316408492
2,4096,0,97,static,0.08617,0.641821,262,1073152,92.01453316408492
2,4096,0,98,static,0.0861,0.651305,266,1089536,232.6508948075365
2,4096,0,98,temporal,0.023976,0.662802,28,114688,232.6508948075365
2,4096,0,99,temporal,0.032148,0.801192,28,114688,-230.65935369528532
2,4096,0,99,static,0.087212,0.714511,264,1081344,-230.65935369528532
2,4096,0,100,static,0.084788,0.683754,266,1089536,149.2516853997977
2,4096,0,100,temporal,0.068794,0.66756,28,114688,149.2516853997977
2,4096,0,101,temporal,0.028553,0.598715,28,114688,-37.05713029256425
2,4096,0,101,static,0.068784,0.602211,264,1081344,-37.05713029256425
2,4096,0,102,static,0.084989,0.645406,264,1081344,33.28245332096013
2,4096,0,102,temporal,0.025108,0.573147,28,114688,33.28245332096013
2,4096,0,103,temporal,0.021533,0.578986,28,114688,12.869878202844355
2,4096,0,103,static,0.061643,0.613558,263,1077248,12.869878202844355
2,4096,0,104,static,0.077847,0.61532,263,1077248,215.55334566816322
2,4096,0,104,temporal,0.022935,0.573217,28,114688,215.55334566816322
2,4096,0,105,temporal,0.023165,0.572996,28,114688,-237.31844906783402
2,4096,0,105,static,0.074653,0.613388,264,1081344,-237.31844906783402
2,4096,0,106,static,0.077187,0.637755,265,1085440,210.6623618283412
2,4096,0,106,temporal,0.024417,0.575661,28,114688,210.6623618283412
2,4096,0,107,temporal,0.022194,0.574118,28,114688,-24.240214728635767
2,4096,0,107,static,0.070888,0.619818,262,1073152,-24.240214728635767
2,4096,0,108,static,0.088054,0.626578,262,1073152,230.05020388598751
2,4096,0,108,temporal,0.022985,0.572606,28,114688,230.05020388598751
2,4096,0,109,temporal,0.021743,0.558244,28,114688,35.43992028009895
2,4096,0,109,static,0.06617,0.616923,266,1089536,35.43992028009895
2,4096,0,110,static,0.078159,0.650504,264,1081344,97.69284030413701
2,4096,0,110,temporal,0.025078,0.55557,28,114688,97.69284030413701
2,4096,0,111,temporal,0.021823,0.799068,28,114688,-169.7025785696815
2,4096,0,111,static,0.153061,0.73389,264,1081344,-169.7025785696815
2,4096,0,112,static,0.07895,0.625667,263,1077248,-13.178166417008617
2,4096,0,112,temporal,0.033501,0.593588,28,114688,-13.178166417008617
2,4096,0,113,temporal,0.023185,0.602451,28,114688,200.0599670084535
2,4096,0,113,static,0.080041,0.685346,264,1081344,200.0599670084535
2,4096,0,114,static,0.083726,0.676753,264,1081344,50.11508780833777
2,4096,0,114,temporal,0.025999,0.562371,28,114688,50.11508780833777
2,4096,0,115,temporal,0.021703,0.574929,28,114688,-80.12542022432997
2,4096,0,115,static,0.084067,0.638856,263,1077248,-80.12542022432997
2,4096,0,116,static,0.06608,0.629482,264,1081344,-179.72684904787812
2,4096,0,116,temporal,0.023325,0.577714,28,114688,-179.72684904787812
2,4096,0,117,temporal,0.022865,0.565986,28,114688,-68.17115088497037
2,4096,0,117,static,0.090557,0.630824,264,1081344,-68.17115088497037
2,4096,0,118,static,0.077266,0.630393,264,1081344,97.69284030413701
2,4096,0,118,temporal,0.023746,0.558475,28,114688,97.69284030413701
2,4096,0,119,temporal,0.021082,0.579467,28,114688,-145.61531352207282
2,4096,0,119,static,0.082125,0.651235,264,1081344,-145.61531352207282
2,4096,1,0,temporal,0.025709,0.564394,28,114688,-53.81574189942131
2,4096,1,0,static,0.089796,0.639718,263,1077248,-53.81574189942131
2,4096,1,1,static,0.061132,0.612286,264,1081344,202.0956415343452
2,4096,1,1,temporal,0.024407,0.589442,28,114688,202.0956415343452
2,4096,1,2,temporal,0.022244,0.597404,28,114688,195.80996510912587
2,4096,1,2,static,0.059791,0.61486,263,1077248,195.80996510912587
2,4096,1,3,static,0.056946,0.625717,265,1085440,162.66053195456823
2,4096,1,3,temporal,0.023305,0.558084,28,114688,162.66053195456823
2,4096,1,4,temporal,0.020842,0.575711,28,114688,37.27819903583503
2,4096,1,4,static,0.070596,0.624164,263,1077248,37.27819903583503
2,4096,1,5,static,0.089305,0.632557,266,1089536,85.22772031850795
2,4096,1,5,temporal,0.023075,0.578315,28,114688,85.22772031850795
2,4096,1,6,temporal,0.022755,0.6016,28,114688,-171.10008860916113
2,4096,1,6,static,0.083596,0.701641,264,1081344,-171.10008860916113
2,4096,1,7,static,0.075334,0.65427,264,1081344,102.525328232001
2,4096,1,7,temporal,0.024197,0.560097,28,114688,102.525328232001
2,4096,1,8,temporal,0.023806,0.579597,28,114688,174.23524671680644
2,4096,1,8,static,0.089296,0.644195,264,1081344,174.23524671680644
2,4096,1,9,static,0.070216,0.668331,263,1077248,-38.7314438560212
2,4096,1,9,temporal,0.027762,0.608581,28,114688,-38.7314438560212
2,4096,1,10,temporal,0.024678,0.63423,28,114688,161.4671041717946
2,4096,1,10,static,0.093912,0.634549,265,1085440,161.4671041717946
2,4096,1,11,static,0.07909,0.637154,266,1089536,197.25433259632536
2,4096,1,11,temporal,0.023496,0.563002,28,114688,197.25433259632536
2,4096,1,12,temporal,0.021863,0.578154,28,114688,-185.34865273462108
2,4096,1,12,static,0.083356,0.665286,264,1081344,-185.34865273462108
2,4096,1,13,static,0.090737,0.631485,264,1081344,1.8037555700465142
2,4096,1,13,temporal,0.022734,0.578986,28,114688,1.8037555700465142
2,4096,1,14,temporal,0.023716,0.564484,28,114688,-95.91031870986852
2,4096,1,14,static,0.081673,0.63478,264,1081344,-95.91031870986852
2,4096,1,15,static,0.078979,0.736033,264,1081344,-82.77391976124167
2,4096,1,15,temporal,0.033481,0.652046,28,114688,-82.77391976124167
2,4096,1,16,temporal,0.030456,0.604755,28,114688,96.20126667095052
2,4096,1,16,static,0.093151,0.650805,266,1089536,96.20126667095052
2,4096,1,17,static,0.075424,0.623583,263,1077248,30.832434112501755
2,4096,1,17,temporal,0.023195,0.577954,28,114688,30.832434112501755
2,4096,1,18,temporal,0.022234,0.965521,28,114688,-108.36946842012391
2,4096,1,18,static,0.097097,1.59999,264,1081344,-108.36946842012391
2,4096,1,19,static,0.091919,0.661471,266,1089536,31.8417090067649
2,4096,1,19,temporal,0.028974,0.561109,28,114688,31.8417090067649
2,4096,1,20,temporal,0.023997,0.5417,28,114688,-240.24228981062495
2,4096,1,20,static,0.075193,0.601309,264,1081344,-240.24228981062495
2,4096,1,21,static,0.074492,0.612176,266,1089536,-189.07848374791422
2,4096,1,21,temporal,0.023596,0.551995,28,114688,-189.07848374791422
2,4096,1,22,temporal,0.024077,0.691697,28,114688,-78.44981193950807
2,4096,1,22,static,0.097798,0.616823,266,1089536,-78.44981193950807
2,4096,1,23,static,0.083265,0.631094,264,1081344,-216.58046714232924
2,4096,1,23,temporal,0.02644,0.596773,28,114688,-216.58046714232924
2,4096,1,24,temporal,0.047362,0.577313,27,110592,-118.69887240125307
2,4096,1,24,static,0.094533,0.625837,265,1085440,-118.69887240125307
2,4096,1,25,static,0.06584,0.637574,264,1081344,120.72741541694286
2,4096,1,25,temporal,0.028473,0.594018,28,114688,120.72741541694286
2,4096,1,26,temporal,0.037417,0.563793,28,114688,135.33212978084123
2,4096,1,26,static,0.107202,0.623663,266,1089536,135.33212978084123
2,4096,1,27,static,0.084919,0.616082,264,1081344,145.6109062588002
2,4096,1,27,temporal,0.024927,0.561169,28,114688,145.6109062588002
2,4096,1,28,temporal,0.021803,0.565034,28,114688,199.0693330558119
2,4096,1,28,static,0.062644,0.763104,266,1089536,199.0693330558119
2,4096,1,29,static,0.069035,0.58834,264,1081344,151.38943650706835
2,4096,1,29,temporal,0.021462,0.557503,28,114688,151.38943650706835
2,4096,1,30,temporal,0.024126,0.66117,28,114688,-205.84279351490514
2,4096,1,30,static,0.099361,0.616703,266,1089536,-205.84279351490514
2,4096,1,31,static,0.119991,0.686909,262,1073152,-22.53007556484292
2,4096,1,31,temporal,0.028193,0.677956,27,110592,-22.53007556484292
2,4096,1,32,temporal,0.034673,0.586367,28,114688,201.52034860925605
2,4096,1,32,static,0.091048,0.624575,266,1089536,201.52034860925605
2,4096,1,33,static,0.083587,0.602371,265,1085440,-200.61676932261375
2,4096,1,33,temporal,0.028744,0.768462,28,114688,-200.61676932261375
2,4096,1,34,temporal,0.034642,1.048946,28,114688,71.3331290831788
2,4096,1,34,static,0.16517,0.723324,263,1077248,71.3331290831788
2,4096,1,35,static,0.066181,0.650574,264,1081344,38.65197586794577
2,4096,1,35,temporal,0.029374,0.591344,28,114688,38.65197586794577
2,4096,1,36,temporal,0.027482,0.564825,28,114688,-193.3972961967637
2,4096,1,36,static,0.087102,0.625055,263,1077248,-193.3972961967637
2,4096,1,37,static,0.080722,1.464114,266,1089536,197.25433259632536
2,4096,1,37,temporal,0.044908,0.564314,28,114688,197.25433259632536
2,4096,1,38,temporal,0.027662,0.566758,28,114688,-243.8257340653856
2,4096,1,38,static,0.080552,0.817567,263,1077248,-243.8257340653856
2,4096,1,39,static,0.102014,1.093874,264,1081344,242.9911482873052
2,4096,1,39,temporal,0.040271,0.701992,28,114688,242.9911482873052
2,4096,1,40,temporal,0.058418,0.579236,28,114688,64.78787733728376
2,4096,1,40,static,0.1451,0.706779,266,1089536,64.78787733728376
2,4096,1,41,static,0.076956,0.599847,265,1085440,-175.35839861456446
2,4096,1,41,temporal,0.083386,0.697095,28,114688,-175.35839861456446
2,4096,1,42,temporal,0.033551,0.594239,28,114688,241.25213942778348
2,4096,1,42,static,0.091659,0.701762,265,1085440,241.25213942778348
2,4096,1,43,static,0.079691,0.632918,265,1085440,-210.80963410713414
2,4096,1,43,temporal,0.025959,0.572746,28,114688,-210.80963410713414
2,4096,1,44,temporal,0.027542,0.551094,28,114688,-173.7223121996724
2,4096,1,44,static,0.082335,0.615321,264,1081344,-173.7223121996724
2,4096,1,45,static,0.082294,0.625106,265,1085440,-215.8118813755654
2,4096,1,45,temporal,0.024967,0.626888,28,114688,-215.8118813755654
2,4096,1,46,temporal,0.030046,0.586437,28,114688,-238.17386176961077
2,4096,1,46,static,0.074743,0.594459,265,1085440,-238.17386176961077
2,4096,1,47,static,0.063747,0.607399,264,1081344,21.559759959114967
2,4096,1,47,temporal,0.024237,0.695382,28,114688,21.559759959114967
2,4096,1,48,temporal,0.035754,0.590954,27,110592,189.46764432684176
2,4096,1,48,static,0.080942,0.6214,266,1089536,189.46764432684176
2,4096,1,49,static,0.073642,0.729213,266,1089536,-203.2402543969814
2,4096,1,49,temporal,0.061943,0.595951,28,114688,-203.2402543969814
2,4096,1,50,temporal,0.023616,0.569712,28,114688,-115.54530159733604
2,4096,1,50,static,0.074442,0.604905,263,1077248,-115.54530159733604
2,4096,1,51,static,0.071118,0.613879,266,1089536,17.154642009298446
2,4096,1,51,temporal,0.022204,0.572245,28,114688,17.154642009298446
2,4096,1,52,temporal,0.022143,0.646398,28,114688,-236.3057683132182
2,4096,1,52,static,0.17161,0.732288,266,1089536,-236.3057683132182
2,4096,1,53,static,0.07278,0.597233,264,1081344,180.80991793787737
2,4096,1,53,temporal,0.022905,0.558485,28,114688,180.80991793787737
2,4096,1,54,temporal,0.023215,0.560598,27,110592,-77.47075476808898
2,4096,1,54,static,0.082815,0.624554,263,1077248,-77.47075476808898
2,4096,1,55,static,0.086561,0.620539,265,1085440,-135.19847567809816
2,4096,1,55,temporal,0.024517,0.663163,28,114688,-135.19847567809816
2,4096,1,56,temporal,0.030827,0.576202,28,114688,132.94934887965604
2,4096,1,56,static,0.082285,0.624805,263,1077248,132.94934887965604
2,4096,1,57,static,0.07912,0.876756,265,1085440,214.0075969779959
2,4096,1,57,temporal,0.036926,0.6213,28,114688,214.0075969779959
2,4096,1,58,temporal,0.027802,0.59504,28,114688,30.158164314508415
2,4096,1,58,static,0.068143,0.713549,265,1085440,30.158164314508415
2,4096,1,59,static,0.128154,0.654631,266,1089536,-15.377266773144228
2,4096,1,59,temporal,0.035775,0.576552,28,114688,-15.377266773144228
2,4096,1,60,temporal,0.023155,0.551384,28,114688,-29.124694787021788
2,4096,1,60,static,0.066581,0.609743,264,1081344,-29.124694787021788
2,4096,1,61,static,0.0991,0.666959,264,1081344,5.296463968847368
2,4096,1,61,temporal,0.028263,0.710014,28,114688,5.296463968847368
2,4096,1,62,temporal,0.040391,0.601229,28,114688,220.4794848589357
2,4096,1,62,static,0.09248,0.613748,265,1085440,220.4794848589357
2,4096,1,63,static,0.086211,0.617054,264,1081344,173.01738943858015
2,4096,1,63,temporal,0.022994,0.569281,28,114688,173.01738943858015
2,4096,1,64,temporal,0.023425,0.573928,28,114688,67.37671667167848
2,4096,1,64,static,0.064668,0.60777,263,1077248,67.37671667167848
2,4096,1,65,static,0.162746,0.766119,264,1081344,-111.38265554883824
2,4096,1,65,temporal,0.030757,0.556742,28,114688,-111.38265554883824
2,4096,1,66,temporal,0.022735,0.563903,28,114688,206.23396085982247
2,4096,1,66,static,0.07934,0.606868,264,1081344,206.23396085982247
2,4096,1,67,static,0.062355,0.605666,266,1089536,185.4355692497607
2,4096,1,67,temporal,0.022133,0.580718,28,114688,185.4355692497607
2,4096,1,68,temporal,0.024847,0.656062,28,114688,-34.410122500829054
2,4096,1,68,static,0.089716,0.656102,266,1089536,-34.410122500829054
2,4096,1,69,static,0.061173,0.585686,266,1089536,187.00309934378419
2,4096,1,69,temporal,0.021252,0.563743,28,114688,187.00309934378419
2,4096,1,70,temporal,0.022764,0.563903,28,114688,-202.73815082698383
2,4096,1,70,static,0.073481,0.620469,266,1089536,-202.73815082698383
2,4096,1,71,static,0.0723,0.61475,265,1085440,-189.71470378278093
2,4096,1,71,temporal,0.024928,0.654831,28,114688,-189.71470378278093
2,4096,1,72,temporal,0.036034,0.571394,28,114688,154.50533993256576
2,4096,1,72,static,0.068884,0.617674,264,1081344,154.50533993256576
2,4096,1,73,static,0.0662,0.597654,264,1081344,115.7563553738632
2,4096,1,73,temporal,0.021242,0.56847,28,114688,115.7563553738632
2,4096,1,74,temporal,0.021683,0.577053,28,114688,34.41894902471283
2,4096,1,74,static,0.142005,0.799389,263,1077248,34.41894902471283
2,4096,1,75,static,0.080772,0.645677,265,1085440,3.9924160248702334
2,4096,1,75,temporal,0.025198,0.552456,28,114688,3.9924160248702334
2,4096,1,76,temporal,0.022855,0.578896,28,114688,-216.73295681980503
2,4096,1,76,static,0.087623,0.640709,265,1085440,-216.73295681980503
2,4096,1,77,static,0.078538,0.629452,264,1081344,108.00903706881323
2,4096,1,77,temporal,0.025839,0.57536,28,114688,108.00903706881323
2,4096,1,78,temporal,0.086681,0.784477,28,114688,122.45889728211941
2,4096,1,78,static,0.086151,0.619668,266,1089536,122.45889728211941
2,4096,1,79,static,0.074793,0.624444,266,1089536,-159.85436747045785
2,4096,1,79,temporal,0.024297,0.666568,28,114688,-159.85436747045785
2,4096,1,80,temporal,0.030006,0.58804,28,114688,123.1710884189406
2,4096,1,80,static,0.064517,0.616192,266,1089536,123.1710884189406
2,4096,1,81,static,0.089306,0.838188,263,1077248,69.80287225305474
2,4096,1,81,temporal,0.035373,0.631525,28,114688,69.80287225305474
2,4096,1,82,temporal,0.029234,0.597543,28,114688,231.17391401693243
2,4096,1,82,static,0.091429,0.63457,266,1089536,231.17391401693243
2,4096,1,83,static,0.067572,0.623433,266,1089536,79.04834392714349
2,4096,1,83,temporal,0.022845,0.570073,28,114688,79.04834392714349
2,4096,1,84,temporal,0.021693,0.552486,28,114688,168.4019038198693
2,4096,1,84,static,0.066621,0.620659,265,1085440,168.4019038198693
2,4096,1,85,static,0.080081,0.623964,263,1077248,71.33114142478395
2,4096,1,85,temporal,0.024106,0.554008,28,114688,71.33114142478395
2,4096,1,86,temporal,0.020721,0.569952,28,114688,137.37887422041462
2,4096,1,86,static,0.063286,0.651285,263,1077248,137.37887422041462
2,4096,1,87,static,0.074643,0.64164,263,1077248,153.024946939911
2,4096,1,87,temporal,0.024787,0.56905,28,114688,153.024946939911
2,4096,1,88,temporal,0.022664,0.557634,28,114688,189.93984279902799
2,4096,1,88,static,0.061313,0.603553,266,1089536,189.93984279902799
2,4096,1,89,static,0.088133,0.618215,263,1077248,194.08712225535749
2,4096,1,89,temporal,0.024016,0.568199,28,114688,194.08712225535749
2,4096,1,90,temporal,0.021843,0.724306,28,114688,-243.50699580324172
2,4096,1,90,static,0.074152,0.651936,266,1089536,-243.50699580324172
2,4096,1,91,static,0.074984,0.638196,263,1077248,20.956959702202642
2,4096,1,91,temporal,0.025349,0.554499,28,114688,20.956959702202642
2,4096,1,92,temporal,0.022784,0.567689,28,114688,199.13112717534355
2,4096,1,92,static,0.078799,0.761211,264,1081344,199.13112717534355
2,4096,1,93,static,0.108044,0.664015,265,1085440,55.79193465736592
2,4096,1,93,temporal,0.026971,0.583874,28,114688,55.79193465736592
2,4096,1,94,temporal,0.024437,0.573067,28,114688,128.24585493389816
2,4096,1,94,static,0.061443,0.588169,264,1081344,128.24585493389816
2,4096,1,95,static,0.064408,0.612557,264,1081344,123.14328169347509
2,4096,1,95,temporal,0.023205,0.564824,28,114688,123.14328169347509
2,4096,1,96,temporal,0.034041,0.609562,28,114688,44.79036278996305
2,4096,1,96,static,0.112079,0.652156,264,1081344,44.79036278996305
2,4096,1,97,static,0.086301,0.611675,262,1073152,92.01453316408492
2,4096,1,97,temporal,0.023646,0.558184,28,114688,92.01453316408492
2,4096,1,98,temporal,0.023446,0.612627,28,114688,232.6508948075365
2,4096,1,98,static,0.121874,0.961004,266,1089536,232.6508948075365
2,4096,1,99,static,0.117909,0.729514,264,1081344,-230.65935369528532
2,4096,1,99,temporal,0.03312,0.592296,28,114688,-230.65935369528532
2,4096,1,100,temporal,0.025929,0.552295,28,114688,149.2516853997977
2,4096,1,100,static,0.079129,0.625917,266,1089536,149.2516853997977
2,4096,1,101,static,0.067692,0.616753,264,1081344,-37.05713029256425
2,4096,1,101,temporal,0.023135,0.549771,28,114688,-37.05713029256425
2,4096,1,102,temporal,0.023326,0.569492,28,114688,33.28245332096013
2,4096,1,102,static,0.08604,0.635441,264,1081344,33.28245332096013
2,4096,1,103,static,0.063696,0.616292,263,1077248,12.869878202844355
2,4096,1,103,temporal,0.022334,0.566908,28,114688,12.869878202844355
2,4096,1,104,temporal,0.023396,0.549692,28,114688,215.55334566816322
2,4096,1,104,static,0.077417,0.624134,263,1077248,215.55334566816322
2,4096,1,105,static,0.075384,0.607168,264,1081344,-237.31844906783402
2,4096,1,105,temporal,0.022975,0.570323,28,114688,-237.31844906783402
2,4096,1,106,temporal,0.022835,0.668572,28,114688,210.6623618283412
2,4096,1,106,static,0.08606,0.666959,265,1085440,210.6623618283412
2,4096,1,107,static,0.076436,0.637004,262,1073152,-24.240214728635767
2,4096,1,107,temporal,0.023977,0.557474,28,114688,-24.240214728635767
2,4096,1,108,temporal,0.022474,0.567969,28,114688,230.05020388598751
2,4096,1,108,static,0.091248,0.871157,262,1073152,230.05020388598751
2,4096,1,109,static,0.078819,0.712978,266,1089536,35.43992028009895
2,4096,1,109,temporal,0.030896,0.558895,28,114688,35.43992028009895
2,4096,1,110,temporal,0.023376,0.565015,28,114688,97.69284030413701
2,4096,1,110,static,0.080542,0.60791,264,1081344,97.69284030413701
2,4096,1,111,static,0.084498,0.627139,264,1081344,-169.7025785696815
2,4096,1,111,temporal,0.025819,0.56895,28,114688,-169.7025785696815
2,4096,1,112,temporal,0.023796,0.849375,28,114688,-13.178166417008617
2,4096,1,112,static,0.088033,0.650704,263,1077248,-13.178166417008617
2,4096,1,113,static,0.080802,0.624895,264,1081344,200.0599670084535
2,4096,1,113,temporal,0.025008,0.674711,28,114688,200.0599670084535
2,4096,1,114,temporal,0.030727,0.595421,28,114688,50.11508780833777
2,4096,1,114,static,0.081393,0.704906,264,1081344,50.11508780833777
2,4096,1,115,static,0.089776,0.642332,263,1077248,-80.12542022432997
2,4096,1,115,temporal,0.025258,0.570983,28,114688,-80.12542022432997
2,4096,1,116,temporal,0.023616,0.555781,28,114688,-179.72684904787812
2,4096,1,116,static,0.065639,0.665537,264,1081344,-179.72684904787812
2,4096,1,117,static,0.082024,0.642672,264,1081344,-68.17115088497037
2,4096,1,117,temporal,0.02678,0.556191,28,114688,-68.17115088497037
2,4096,1,118,temporal,0.024016,0.566417,28,114688,97.69284030413701
2,4096,1,118,static,0.080372,0.624875,264,1081344,97.69284030413701
2,4096,1,119,static,0.097498,0.623954,264,1081344,-145.61531352207282
2,4096,1,119,temporal,0.02626,0.661361,28,114688,-145.61531352207282
2,4096,2,0,static,0.103287,0.701501,263,1077248,-53.81574189942131
2,4096,2,0,temporal,0.05962,0.590613,28,114688,-53.81574189942131
2,4096,2,1,temporal,0.022304,0.64782,28,114688,202.0956415343452
2,4096,2,1,static,0.070928,0.625837,264,1081344,202.0956415343452
2,4096,2,2,static,0.06004,0.607999,263,1077248,195.80996510912587
2,4096,2,2,temporal,0.022675,0.565085,28,114688,195.80996510912587
2,4096,2,3,temporal,0.021463,0.564754,28,114688,162.66053195456823
2,4096,2,3,static,0.058969,0.602862,265,1085440,162.66053195456823
2,4096,2,4,static,0.070437,0.603513,263,1077248,37.27819903583503
2,4096,2,4,temporal,0.022294,0.566837,28,114688,37.27819903583503
2,4096,2,5,temporal,0.024768,0.572727,28,114688,85.22772031850795
2,4096,2,5,static,0.132891,0.664275,266,1089536,85.22772031850795
2,4096,2,6,static,0.084358,0.631315,264,1081344,-171.10008860916113
2,4096,2,6,temporal,0.03332,0.692558,28,114688,-171.10008860916113
2,4096,2,7,temporal,0.030516,0.596943,28,114688,102.525328232001
2,4096,2,7,static,0.078719,0.773951,264,1081344,102.525328232001
2,4096,2,8,static,0.099421,0.708132,264,1081344,174.23524671680644
2,4096,2,8,temporal,0.033991,0.569531,28,114688,174.23524671680644
2,4096,2,9,temporal,0.022023,0.576532,28,114688,-38.7314438560212
2,4096,2,9,static,0.074393,0.602642,263,1077248,-38.7314438560212
2,4096,2,10,static,0.058939,0.610713,265,1085440,161.4671041717946
2,4096,2,10,temporal,0.023145,0.558525,28,114688,161.4671041717946
2,4096,2,11,temporal,0.022184,0.708602,28,114688,197.25433259632536
2,4096,2,11,static,0.090737,0.657634,266,1089536,197.25433259632536
2,4096,2,12,static,0.087943,0.622271,264,1081344,-185.34865273462108
2,4096,2,12,temporal,0.024487,0.57497,28,114688,-185.34865273462108
2,4096,2,13,temporal,0.024307,0.577343,28,114688,1.8037555700465142
2,4096,2,13,static,0.091268,0.624195,264,1081344,1.8037555700465142
2,4096,2,14,static,0.080011,0.698246,264,1081344,-95.91031870986852
2,4096,2,14,temporal,0.029845,0.605576,28,114688,-95.91031870986852
2,4096,2,15,temporal,0.026139,0.562711,28,114688,-82.77391976124167
2,4096,2,15,static,0.081503,0.627639,264,1081344,-82.77391976124167
2,4096,2,16,static,0.089135,0.624826,266,1089536,96.20126667095052
2,4096,2,16,temporal,0.023216,0.569652,28,114688,96.20126667095052
2,4096,2,17,temporal,0.022434,0.86585,28,114688,30.832434112501755
2,4096,2,17,static,0.087983,0.675221,263,1077248,30.832434112501755
2,4096,2,18,static,0.10576,0.644835,264,1081344,-108.36946842012391
2,4096,2,18,temporal,0.023756,0.642202,28,114688,-108.36946842012391
2,4096,2,19,temporal,0.029475,0.570734,28,114688,31.8417090067649
2,4096,2,19,static,0.068463,0.68109,266,1089536,31.8417090067649
2,4096,2,20,static,0.078879,0.704746,264,1081344,-240.24228981062495
2,4096,2,20,temporal,0.03286,0.589051,28,114688,-240.24228981062495
2,4096,2,21,temporal,0.023415,0.574509,28,114688,-189.07848374791422
2,4096,2,21,static,0.076826,0.618806,266,1089536,-189.07848374791422
2,4096,2,22,static,0.088153,0.621019,266,1089536,-78.44981193950807
2,4096,2,22,temporal,0.023876,0.56873,28,114688,-78.44981193950807
2,4096,2,23,temporal,0.022784,0.55565,28,114688,-216.58046714232924
2,4096,2,23,static,0.081503,0.624675,264,1081344,-216.58046714232924
2,4096,2,24,static,0.063345,0.62854,265,1085440,-118.69887240125307
2,4096,2,24,temporal,0.023616,0.552286,27,110592,-118.69887240125307
2,4096,2,25,temporal,0.020791,0.560898,28,114688,120.72741541694286
2,4096,2,25,static,0.066671,0.603523,264,1081344,120.72741541694286
2,4096,2,26,static,0.090026,0.637804,266,1089536,135.33212978084123
2,4096,2,26,temporal,0.025168,0.553858,28,114688,135.33212978084123
2,4096,2,27,temporal,0.022654,0.566897,28,114688,145.6109062588002
2,4096,2,27,static,0.107874,0.660329,264,1081344,145.6109062588002
2,4096,2,28,static,0.062094,0.59487,266,1089536,199.0693330558119
2,4096,2,28,temporal,0.020812,0.564494,28,114688,199.0693330558119
2,4096,2,29,temporal,0.02027,0.548699,28,114688,151.38943650706835
2,4096,2,29,static,0.057798,0.607349,264,1081344,151.38943650706835
2,4096,2,30,static,0.073571,0.617674,266,1089536,-205.84279351490514
2,4096,2,30,temporal,0.022865,0.56835,28,114688,-205.84279351490514
2,4096,2,31,temporal,0.021362,0.567649,27,110592,-22.53007556484292
2,4096,2,31,static,0.060671,0.593447,262,1073152,-22.53007556484292
2,4096,2,32,static,0.08553,0.63424,266,1089536,201.52034860925605
2,4096,2,32,temporal,0.023936,0.571404,28,114688,201.52034860925605
2,4096,2,33,temporal,0.023616,0.553618,28,114688,-200.61676932261375
2,4096,2,33,static,0.082125,0.626698,265,1085440,-200.61676932261375
2,4096,2,34,static,0.062455,0.613698,263,1077248,71.3331290831788
2,4096,2,34,temporal,0.021672,0.569271,28,114688,71.3331290831788
2,4096,2,35,temporal,0.021052,0.549791,28,114688,38.65197586794577
2,4096,2,35,static,0.077497,0.607288,264,1081344,38.65197586794577
2,4096,2,36,static,0.083887,0.630734,263,1077248,-193.3972961967637
2,4096,2,36,temporal,0.023285,0.553477,28,114688,-193.3972961967637
2,4096,2,37,temporal,0.021843,0.571214,28,114688,197.25433259632536
2,4096,2,37,static,0.079,0.627219,266,1089536,197.25433259632536
2,4096,2,38,static,0.092781,0.622051,263,1077248,-243.8257340653856
2,4096,2,38,temporal,0.022344,0.564564,28,114688,-243.8257340653856
2,4096,2,39,temporal,0.023816,0.555991,28,114688,242.9911482873052
2,4096,2,39,static,0.087723,0.627829,264,1081344,242.9911482873052
2,4096,2,40,static,0.078809,0.623813,266,1089536,64.78787733728376
2,4096,2,40,temporal,0.043165,0.566717,28,114688,64.78787733728376
2,4096,2,41,temporal,0.041002,0.591004,28,114688,-175.35839861456446
2,4096,2,41,static,0.07285,0.604174,265,1085440,-175.35839861456446
2,4096,2,42,static,0.087422,0.633408,265,1085440,241.25213942778348
2,4096,2,42,temporal,0.023686,0.551875,28,114688,241.25213942778348
2,4096,2,43,temporal,0.021072,0.569872,28,114688,-210.80963410713414
2,4096,2,43,static,0.07322,0.620338,265,1085440,-210.80963410713414
2,4096,2,44,static,0.082235,0.630945,264,1081344,-173.7223121996724
2,4096,2,44,temporal,0.025038,0.571454,28,114688,-173.7223121996724
2,4096,2,45,temporal,0.023555,0.552205,28,114688,-215.8118813755654
2,4096,2,45,static,0.081704,0.624685,265,1085440,-215.8118813755654
2,4096,2,46,static,0.072249,0.62128,265,1085440,-238.17386176961077
2,4096,2,46,temporal,0.022524,0.552957,28,114688,-238.17386176961077
2,4096,2,47,temporal,0.022565,0.570123,28,114688,21.559759959114967
2,4096,2,47,static,0.062484,0.652136,264,1081344,21.559759959114967
2,4096,2,48,static,0.128464,0.664525,266,1089536,189.46764432684176
2,4096,2,48,temporal,0.024206,0.56872,27,110592,189.46764432684176
2,4096,2,49,temporal,0.022383,0.551894,28,114688,-203.2402543969814
2,4096,2,49,static,0.074753,0.620268,266,1089536,-203.2402543969814
2,4096,2,50,static,0.071087,0.600859,263,1077248,-115.54530159733604
2,4096,2,50,temporal,0.021052,0.570904,28,114688,-115.54530159733604
2,4096,2,51,temporal,0.021322,0.593598,28,114688,17.154642009298446
2,4096,2,51,static,0.067221,0.666067,266,1089536,17.154642009298446
2,4096,2,52,static,0.070877,0.620368,266,1089536,-236.3057683132182
2,4096,2,52,temporal,0.024457,0.554729,28,114688,-236.3057683132182
2,4096,2,53,temporal,0.021953,0.564153,28,114688,180.80991793787737
2,4096,2,53,static,0.070907,0.698487,264,1081344,180.80991793787737
2,4096,2,54,static,0.089646,0.693159,263,1077248,-77.47075476808898
2,4096,2,54,temporal,0.030686,0.600218,27,110592,-77.47075476808898
2,4096,2,55,temporal,0.025658,0.569331,28,114688,-135.19847567809816
2,4096,2,55,static,0.088514,0.611956,265,1085440,-135.19847567809816
2,4096,2,56,static,0.076446,0.619727,263,1077248,132.94934887965604
2,4096,2,56,temporal,0.023466,0.60826,28,114688,132.94934887965604
2,4096,2,57,temporal,0.028503,0.585516,28,114688,214.0075969779959
2,4096,2,57,static,0.100892,0.645776,265,1085440,214.0075969779959
2,4096,2,58,static,0.063777,0.600348,265,1085440,30.158164314508415
2,4096,2,58,temporal,0.021192,0.557673,28,114688,30.158164314508415
2,4096,2,59,temporal,0.023296,0.554309,28,114688,-15.377266773144228
2,4096,2,59,static,0.082665,0.62156,266,1089536,-15.377266773144228
2,4096,2,60,static,0.064548,0.608861,264,1081344,-29.124694787021788
2,4096,2,60,temporal,0.022174,0.566327,28,114688,-29.124694787021788
2,4096,2,61,temporal,0.024217,0.56833,28,114688,5.296463968847368
2,4096,2,61,static,0.093962,0.620959,264,1081344,5.296463968847368
2,4096,2,62,static,0.094643,0.696934,265,1085440,220.4794848589357
2,4096,2,62,temporal,0.032069,0.58814,28,114688,220.4794848589357
2,4096,2,63,temporal,0.024166,0.546556,28,114688,173.01738943858015
2,4096,2,63,static,0.065559,0.678066,264,1081344,173.01738943858015
2,4096,2,64,static,0.067572,0.660599,263,1077248,67.37671667167848
2,4096,2,64,temporal,0.025499,0.557203,28,114688,67.37671667167848
2,4096,2,65,temporal,0.024747,0.56884,28,114688,-111.38265554883824
2,4096,2,65,static,0.083115,0.606868,264,1081344,-111.38265554883824
2,4096,2,66,static,0.077037,0.619697,264,1081344,206.23396085982247
2,4096,2,66,temporal,0.024207,0.551214,28,114688,206.23396085982247
2,4096,2,67,temporal,0.04012,0.679808,28,114688,185.4355692497607
2,4096,2,67,static,0.071578,0.630904,266,1089536,185.4355692497607
2,4096,2,68,static,0.083486,0.611705,266,1089536,-34.410122500829054
2,4096,2,68,temporal,0.023295,0.56239,28,114688,-34.410122500829054
2,4096,2,69,temporal,0.021372,0.563222,28,114688,187.00309934378419
2,4096,2,69,static,0.060131,0.585496,266,1089536,187.00309934378419
2,4096,2,70,static,0.070517,0.808093,266,1089536,-202.73815082698383
2,4096,2,70,temporal,0.045439,0.863376,28,114688,-202.73815082698383
2,4096,2,71,temporal,0.033271,0.623974,28,114688,-189.71470378278093
2,4096,2,71,static,0.110176,0.637764,265,1085440,-189.71470378278093
2,4096,2,72,static,0.071919,0.613097,264,1081344,154.50533993256576
2,4096,2,72,temporal,0.023836,0.552826,28,114688,154.50533993256576
2,4096,2,73,temporal,0.021473,0.567859,28,114688,115.7563553738632
2,4096,2,73,static,0.075824,0.87951,264,1081344,115.7563553738632
2,4096,2,74,static,0.074433,0.601951,263,1077248,34.41894902471283
2,4096,2,74,temporal,0.022544,0.635701,28,114688,34.41894902471283
2,4096,2,75,temporal,0.031318,0.658787,28,114688,3.9924160248702334
2,4096,2,75,static,0.078238,0.610193,265,1085440,3.9924160248702334
2,4096,2,76,static,0.08602,0.699508,265,1085440,-216.73295681980503
2,4096,2,76,temporal,0.031057,0.591584,28,114688,-216.73295681980503
2,4096,2,77,temporal,0.025549,0.554959,28,114688,108.00903706881323
2,4096,2,77,static,0.080332,0.619718,264,1081344,108.00903706881323
2,4096,2,78,static,0.076055,0.599266,266,1089536,122.45889728211941
2,4096,2,78,temporal,0.021813,0.561279,28,114688,122.45889728211941
2,4096,2,79,temporal,0.023145,0.551935,28,114688,-159.85436747045785
2,4096,2,79,static,0.070987,0.609872,266,1089536,-159.85436747045785
2,4096,2,80,static,0.07943,0.706659,266,1089536,123.1710884189406
2,4096,2,80,temporal,0.031558,0.631495,28,114688,123.1710884189406
2,4096,2,81,temporal,0.030816,0.585475,28,114688,69.80287225305474
2,4096,2,81,static,0.139421,0.70778,263,1077248,69.80287225305474
2,4096,2,82,static,0.09246,0.618315,266,1089536,231.17391401693243
2,4096,2,82,temporal,0.024207,0.633899,28,114688,231.17391401693243
2,4096,2,83,temporal,0.028323,0.595131,28,114688,79.04834392714349
2,4096,2,83,static,0.070998,0.593458,266,1089536,79.04834392714349
2,4096,2,84,static,0.065299,0.604765,265,1085440,168.4019038198693
2,4096,2,84,temporal,0.022544,0.544964,28,114688,168.4019038198693
2,4096,2,85,temporal,0.022144,0.562742,28,114688,71.33114142478395
2,4096,2,85,static,0.080622,0.602741,263,1077248,71.33114142478395
2,4096,2,86,static,0.074372,0.603572,263,1077248,137.37887422041462
2,4096,2,86,temporal,0.038418,0.583292,28,114688,137.37887422041462
2,4096,2,87,temporal,0.022915,0.547248,28,114688,153.024946939911
2,4096,2,87,static,0.068684,0.607489,263,1077248,153.024946939911
2,4096,2,88,static,0.059019,0.58849,266,1089536,189.93984279902799
2,4096,2,88,temporal,0.01995,0.64112,28,114688,189.93984279902799
2,4096,2,89,temporal,0.03275,0.655331,28,114688,194.08712225535749
2,4096,2,89,static,0.100242,0.666639,263,1077248,194.08712225535749
2,4096,2,90,static,0.065569,0.612777,266,1089536,-243.50699580324172
2,4096,2,90,temporal,0.025168,0.564955,28,114688,-243.50699580324172
2,4096,2,91,temporal,0.022564,0.544092,28,114688,20.956959702202642
2,4096,2,91,static,0.07256,0.613268,263,1077248,20.956959702202642
2,4096,2,92,static,0.078629,0.609092,264,1081344,199.13112717534355
2,4096,2,92,temporal,0.022564,0.568099,28,114688,199.13112717534355
2,4096,2,93,temporal,0.024727,0.573237,28,114688,55.79193465736592
2,4096,2,93,static,0.110617,0.638185,265,1085440,55.79193465736592
2,4096,2,94,static,0.05996,0.603893,264,1081344,128.24585493389816
2,4096,2,94,temporal,0.022104,0.549592,28,114688,128.24585493389816
2,4096,2,95,temporal,0.023376,0.565576,28,114688,123.14328169347509
2,4096,2,95,static,0.068694,0.596211,264,1081344,123.14328169347509
2,4096,2,96,static,0.102545,0.629371,264,1081344,44.79036278996305
2,4096,2,96,temporal,0.024047,0.583703,28,114688,44.79036278996305
2,4096,2,97,temporal,0.025699,0.555971,28,114688,92.01453316408492
2,4096,2,97,static,0.085219,0.628681,262,1073152,92.01453316408492
2,4096,2,98,static,0.086171,0.612937,266,1089536,232.6508948075365
2,4096,2,98,temporal,0.023566,0.562641,28,114688,232.6508948075365
2,4096,2,99,temporal,0.022254,0.750045,28,114688,-230.65935369528532
2,4096,2,99,static,0.088043,0.666929,264,1081344,-230.65935369528532
2,4096,2,100,static,0.109927,0.630714,266,1089536,149.2516853997977
2,4096,2,100,temporal,0.025068,0.558255,28,114688,149.2516853997977
2,4096,2,101,temporal,0.022575,0.546737,28,114688,-37.05713029256425
2,4096,2,101,static,0.066671,0.599247,264,1081344,-37.05713029256425
2,4096,2,102,static,0.08581,0.615721,264,1081344,33.28245332096013
2,4096,2,102,temporal,0.086631,0.640609,28,114688,33.28245332096013
2,4096,2,103,temporal,0.024757,0.589291,28,114688,12.869878202844355
2,4096,2,103,static,0.064337,0.587298,263,1077248,12.869878202844355
2,4096,2,104,static,0.075924,0.615581,263,1077248,215.55334566816322
2,4096,2,104,temporal,0.023786,0.549541,28,114688,215.55334566816322
2,4096,2,105,temporal,0.022414,0.564244,28,114688,-237.31844906783402
2,4096,2,105,static,0.073751,0.612416,264,1081344,-237.31844906783402
2,4096,2,106,static,0.077547,0.619707,265,1085440,210.6623618283412
2,4096,2,106,temporal,0.023235,0.562972,28,114688,210.6623618283412
2,4096,2,107,temporal,0.030536,0.557764,28,114688,-24.240214728635767
2,4096,2,107,static,0.070636,0.612997,262,1073152,-24.240214728635767
2,4096,2,108,static,0.089765,0.634159,262,1073152,230.05020388598751
2,4096,2,108,temporal,0.025038,0.545826,28,114688,230.05020388598751
2,4096,2,109,temporal,0.020922,0.562571,28,114688,35.43992028009895
2,4096,2,109,static,0.06663,0.609281,266,1089536,35.43992028009895
2,4096,2,110,static,0.078869,0.628681,264,1081344,97.69284030413701
2,4096,2,110,temporal,0.023676,0.546207,28,114688,97.69284030413701
2,4096,2,111,temporal,0.023326,0.566457,28,114688,-169.7025785696815
2,4096,2,111,static,0.082305,0.621641,264,1081344,-169.7025785696815
2,4096,2,112,static,0.073501,0.597744,263,1077248,-13.178166417008617
2,4096,2,112,temporal,0.021693,0.557734,28,114688,-13.178166417008617
2,4096,2,113,temporal,0.022454,0.563092,28,114688,200.0599670084535
2,4096,2,113,static,0.078138,0.616793,264,1081344,200.0599670084535
2,4096,2,114,static,0.074092,0.616522,264,1081344,50.11508780833777
2,4096,2,114,temporal,0.024307,0.547879,28,114688,50.11508780833777
2,4096,2,115,temporal,0.022364,0.564965,28,114688,-80.12542022432997
2,4096,2,115,static,0.082785,0.604745,263,1077248,-80.12542022432997
2,4096,2,116,static,0.062946,0.604324,264,1081344,-179.72684904787812
2,4096,2,116,temporal,0.022414,0.561749,28,114688,-179.72684904787812
2,4096,2,117,temporal,0.03968,0.568149,28,114688,-68.17115088497037
2,4096,2,117,static,0.073772,0.732078,264,1081344,-68.17115088497037
2,4096,2,118,static,0.088053,0.614038,264,1081344,97.69284030413701
2,4096,2,118,temporal,0.023306,0.565466,28,114688,97.69284030413701
2,4096,2,119,temporal,0.023486,0.633368,28,114688,-145.61531352207282
2,4096,2,119,static,0.087913,0.63472,264,1081344,-145.61531352207282
2,4096,3,0,temporal,0.026871,0.569071,28,114688,-53.81574189942131
2,4096,3,0,static,0.091749,0.613228,263,1077248,-53.81574189942131
2,4096,3,1,static,0.076947,0.606287,264,1081344,202.0956415343452
2,4096,3,1,temporal,0.020931,0.564353,28,114688,202.0956415343452
2,4096,3,2,temporal,0.023095,0.569371,28,114688,195.80996510912587
2,4096,3,2,static,0.061292,0.599136,263,1077248,195.80996510912587
2,4096,3,3,static,0.057367,0.596943,265,1085440,162.66053195456823
2,4096,3,3,temporal,0.022104,0.656143,28,114688,162.66053195456823
2,4096,3,4,temporal,0.030926,0.610904,28,114688,37.27819903583503
2,4096,3,4,static,0.074272,0.608661,263,1077248,37.27819903583503
2,4096,3,5,static,0.091729,0.64112,266,1089536,85.22772031850795
2,4096,3,5,temporal,0.025188,0.639748,28,114688,85.22772031850795
2,4096,3,6,temporal,0.030756,0.579616,28,114688,-171.10008860916113
2,4096,3,6,static,0.085709,0.631475,264,1081344,-171.10008860916113
2,4096,3,7,static,0.068263,0.59557,264,1081344,102.525328232001
2,4096,3,7,temporal,0.021372,0.561058,28,114688,102.525328232001
2,4096,3,8,temporal,0.024868,0.5551,28,114688,174.23524671680644
2,4096,3,8,static,0.110687,0.638525,264,1081344,174.23524671680644
2,4096,3,9,static,0.069535,0.615911,263,1077248,-38.7314438560212
2,4096,3,9,temporal,0.023245,0.603523,28,114688,-38.7314438560212
2,4096,3,10,temporal,0.027431,0.588059,28,114688,161.4671041717946
2,4096,3,10,static,0.062645,0.607929,265,1085440,161.4671041717946
2,4096,3,11,static,0.07934,0.607109,266,1089536,197.25433259632536
2,4096,3,11,temporal,0.023486,0.566718,28,114688,197.25433259632536
2,4096,3,12,temporal,0.023605,0.552375,28,114688,-185.34865273462108
2,4096,3,12,static,0.082855,0.624284,264,1081344,-185.34865273462108
2,4096,3,13,static,0.090106,0.738146,264,1081344,1.8037555700465142
2,4096,3,13,temporal,0.032569,0.56214,28,114688,1.8037555700465142
2,4096,3,14,temporal,0.094603,0.652577,28,114688,-95.91031870986852
2,4096,3,14,static,0.084568,0.619237,264,1081344,-95.91031870986852
2,4096,3,15,static,0.095545,0.629342,264,1081344,-82.77391976124167
2,4096,3,15,temporal,0.024848,0.663624,28,114688,-82.77391976124167
2,4096,3,16,temporal,0.032118,0.591024,28,114688,96.20126667095052
2,4096,3,16,static,0.091158,0.640018,266,1089536,96.20126667095052
2,4096,3,17,static,0.072399,0.625346,263,1077248,30.832434112501755
2,4096,3,17,temporal,0.022424,0.552296,28,114688,30.832434112501755
2,4096,3,18,temporal,0.021322,0.564624,28,114688,-108.36946842012391
2,4096,3,18,static,0.070337,0.657495,264,1081344,-108.36946842012391
2,4096,3,19,static,0.102515,0.657174,266,1089536,31.8417090067649
2,4096,3,19,temporal,0.024427,0.573007,28,114688,31.8417090067649
2,4096,3,20,temporal,0.024327,0.554188,28,114688,-240.24228981062495
2,4096,3,20,static,0.07956,0.628761,264,1081344,-240.24228981062495
2,4096,3,21,static,0.074572,0.60865,266,1089536,-189.07848374791422
2,4096,3,21,temporal,0.022023,0.639146,28,114688,-189.07848374791422
2,4096,3,22,temporal,0.031397,0.651245,28,114688,-78.44981193950807
2,4096,3,22,static,0.09313,0.646027,266,1089536,-78.44981193950807
2,4096,3,23,static,0.084037,0.637564,264,1081344,-216.58046714232924
2,4096,3,23,temporal,0.024617,0.572255,28,114688,-216.58046714232924
2,4096,3,24,temporal,0.022264,0.630243,27,110592,-118.69887240125307
2,4096,3,24,static,0.071107,0.666217,265,1085440,-118.69887240125307
2,4096,3,25,static,0.071488,0.631635,264,1081344,120.72741541694286
2,4096,3,25,temporal,0.024406,0.582721,28,114688,120.72741541694286
2,4096,3,26,temporal,0.025579,0.586768,28,114688,135.33212978084123
2,4096,3,26,static,0.093281,0.633649,266,1089536,135.33212978084123
2,4096,3,27,static,0.08611,0.640499,264,1081344,145.6109062588002
2,4096,3,27,temporal,0.024297,0.580718,28,114688,145.6109062588002
2,4096,3,28,temporal,0.022143,0.569241,28,114688,199.0693330558119
2,4096,3,28,static,0.061934,0.615391,266,1089536,199.0693330558119
2,4096,3,29,static,0.05968,0.619217,264,1081344,151.38943650706835
2,4096,3,29,temporal,0.022404,0.582872,28,114688,151.38943650706835
2,4096,3,30,temporal,0.023646,0.576643,28,114688,-205.84279351490514
2,4096,3,30,static,0.076425,0.611595,266,1089536,-205.84279351490514
2,4096,3,31,static,0.060071,0.612547,262,1073152,-22.53007556484292
2,4096,3,31,temporal,0.021683,0.559907,27,110592,-22.53007556484292
2,4096,3,32,temporal,0.022765,0.692408,28,114688,201.52034860925605
2,4096,3,32,static,0.155486,0.747962,266,1089536,201.52034860925605
2,4096,3,33,static,0.087042,0.62819,265,1085440,-200.61676932261375
2,4096,3,33,temporal,0.024547,0.577263,28,114688,-200.61676932261375
2,4096,3,34,temporal,0.021162,0.578856,28,114688,71.3331290831788
2,4096,3,34,static,0.061934,0.599627,263,1077248,71.3331290831788
2,4096,3,35,static,0.057857,0.691105,264,1081344,38.65197586794577
2,4096,3,35,temporal,0.027612,0.815684,28,114688,38.65197586794577
2,4096,3,36,temporal,0.038388,0.566486,28,114688,-193.3972961967637
2,4096,3,36,static,0.08543,0.642031,263,1077248,-193.3972961967637
2,4096,3,37,static,0.142545,0.703123,266,1089536,197.25433259632536
2,4096,3,37,temporal,0.028112,0.550352,28,114688,197.25433259632536
2,4096,3,38,temporal,0.022434,0.560097,28,114688,-243.8257340653856
2,4096,3,38,static,0.075214,0.620348,263,1077248,-243.8257340653856
2,4096,3,39,static,0.089926,0.638135,264,1081344,242.9911482873052
2,4096,3,39,temporal,0.02627,0.669553,28,114688,242.9911482873052
2,4096,3,40,temporal,0.030967,0.560788,28,114688,64.78787733728376
2,4096,3,40,static,0.07244,0.612967,266,1089536,64.78787733728376
2,4096,3,41,static,0.072069,0.686017,265,1085440,-175.35839861456446
2,4096,3,41,temporal,0.029745,0.5747,28,114688,-175.35839861456446
2,4096,3,42,temporal,0.025899,0.606106,28,114688,241.25213942778348
2,4096,3,42,static,0.09232,0.705026,265,1085440,241.25213942778348
2,4096,3,43,static,0.113081,0.716414,265,1085440,-210.80963410713414
2,4096,3,43,temporal,0.030416,0.591334,28,114688,-210.80963410713414
2,4096,3,44,temporal,0.025929,0.558344,28,114688,-173.7223121996724
2,4096,3,44,static,0.142996,0.71377,264,1081344,-173.7223121996724
2,4096,3,45,static,0.107943,0.662151,265,1085440,-215.8118813755654
2,4096,3,45,temporal,0.02677,0.556351,28,114688,-215.8118813755654
2,4096,3,46,temporal,0.021522,0.567178,28,114688,-238.17386176961077
2,4096,3,46,static,0.073481,0.605706,265,1085440,-238.17386176961077
2,4096,3,47,static,0.062034,0.617274,264,1081344,21.559759959114967
2,4096,3,47,temporal,0.023145,0.646598,28,114688,21.559759959114967
2,4096,3,48,temporal,0.030597,0.580589,27,110592,189.46764432684176
2,4096,3,48,static,0.079851,0.621961,266,1089536,189.46764432684176
2,4096,3,49,static,0.074323,0.624135,266,1089536,-203.2402543969814
2,4096,3,49,temporal,0.022984,0.548529,28,114688,-203.2402543969814
2,4096,3,50,temporal,0.021993,0.566607,28,114688,-115.54530159733604
2,4096,3,50,static,0.072069,0.603773,263,1077248,-115.54530159733604
2,4096,3,51,static,0.074572,0.741511,266,1089536,17.154642009298446
2,4096,3,51,temporal,0.030927,0.586357,28,114688,17.154642009298446
2,4096,3,52,temporal,0.023345,0.543632,28,114688,-236.3057683132182
2,4096,3,52,static,0.06621,0.60207,266,1089536,-236.3057683132182
2,4096,3,53,static,0.068744,0.591435,264,1081344,180.80991793787737
2,4096,3,53,temporal,0.023486,0.55569,28,114688,180.80991793787737
2,4096,3,54,temporal,0.031387,0.561349,27,110592,-77.47075476808898
2,4096,3,54,static,0.096015,0.624404,263,1077248,-77.47075476808898
2,4096,3,55,static,0.106461,0.646548,265,1085440,-135.19847567809816
2,4096,3,55,temporal,0.023685,0.547878,28,114688,-135.19847567809816
2,4096,3,56,temporal,0.022334,0.570673,28,114688,132.94934887965604
2,4096,3,56,static,0.07895,0.60787,263,1077248,132.94934887965604
2,4096,3,57,static,0.089005,0.619227,265,1085440,214.0075969779959
2,4096,3,57,temporal,0.022935,0.564073,28,114688,214.0075969779959
2,4096,3,58,temporal,0.022424,0.574389,28,114688,30.158164314508415
2,4096,3,58,static,0.062855,0.608851,265,1085440,30.158164314508415
2,4096,3,59,static,0.081103,0.615702,266,1089536,-15.377266773144228
2,4096,3,59,temporal,0.024387,0.56808,28,114688,-15.377266773144228
2,4096,3,60,temporal,0.021853,0.566988,28,114688,-29.124694787021788
2,4096,3,60,static,0.065098,0.593998,264,1081344,-29.124694787021788
2,4096,3,61,static,0.093231,0.815113,264,1081344,5.296463968847368
2,4096,3,61,temporal,0.038298,0.673578,28,114688,5.296463968847368
2,4096,3,62,temporal,0.032078,0.557453,28,114688,220.4794848589357
2,4096,3,62,static,0.089796,0.628741,265,1085440,220.4794848589357
2,4096,3,63,static,0.070817,0.599266,264,1081344,173.01738943858015
2,4096,3,63,temporal,0.022865,0.566417,28,114688,173.01738943858015
2,4096,3,64,temporal,0.023325,0.632577,28,114688,67.37671667167848
2,4096,3,64,static,0.070777,0.617003,263,1077248,67.37671667167848
2,4096,3,65,static,0.08548,0.622843,264,1081344,-111.38265554883824
2,4096,3,65,temporal,0.024076,0.544784,28,114688,-111.38265554883824
2,4096,3,66,temporal,0.021923,0.556551,28,114688,206.23396085982247
2,4096,3,66,static,0.077858,0.62144,264,1081344,206.23396085982247
2,4096,3,67,static,0.062044,0.596793,266,1089536,185.4355692497607
2,4096,3,67,temporal,0.020701,0.558514,28,114688,185.4355692497607
2,4096,3,68,temporal,0.022273,0.569471,28,114688,-34.410122500829054
2,4096,3,68,static,0.082775,0.893832,266,1089536,-34.410122500829054
2,4096,3,69,static,0.117598,0.753751,266,1089536,187.00309934378419
2,4096,3,69,temporal,0.073551,0.869445,28,114688,187.00309934378419
2,4096,3,70,temporal,0.036125,0.576923,28,114688,-202.73815082698383
2,4096,3,70,static,0.114884,0.675722,266,1089536,-202.73815082698383
2,4096,3,71,static,0.073802,1.734804,265,1085440,-189.71470378278093
2,4096,3,71,temporal,0.797075,1.391404,28,114688,-189.71470378278093
2,4096,3,72,temporal,0.034713,0.64764,28,114688,154.50533993256576
2,4096,3,72,static,0.082525,1.026803,264,1081344,154.50533993256576
2,4096,3,73,static,0.084789,0.80672,264,1081344,115.7563553738632
2,4096,3,73,temporal,0.035874,0.607279,28,114688,115.7563553738632
2,4096,3,74,temporal,0.030236,0.595621,28,114688,34.41894902471283
2,4096,3,74,static,0.066611,0.669683,263,1077248,34.41894902471283
2,4096,3,75,static,0.078068,0.62823,265,1085440,3.9924160248702334
2,4096,3,75,temporal,0.025819,0.599076,28,114688,3.9924160248702334
2,4096,3,76,temporal,0.02612,0.558545,28,114688,-216.73295681980503
2,4096,3,76,static,0.124398,0.65497,265,1085440,-216.73295681980503
2,4096,3,77,static,0.078989,0.636452,264,1081344,108.00903706881323
2,4096,3,77,temporal,0.024848,0.606918,28,114688,108.00903706881323
2,4096,3,78,temporal,0.027401,0.590473,28,114688,122.45889728211941
2,4096,3,78,static,0.079681,0.641671,266,1089536,122.45889728211941
2,4096,3,79,static,0.073522,1.010358,266,1089536,-159.85436747045785
2,4096,3,79,temporal,0.037957,0.622942,28,114688,-159.85436747045785
2,4096,3,80,temporal,0.030466,0.597574,28,114688,123.1710884189406
2,4096,3,80,static,0.067081,0.70787,266,1089536,123.1710884189406
2,4096,3,81,static,0.099059,0.655781,263,1077248,69.80287225305474
2,4096,3,81,temporal,0.025929,0.571915,28,114688,69.80287225305474
2,4096,3,82,temporal,0.024557,0.550583,28,114688,231.17391401693243
2,4096,3,82,static,0.089235,0.636643,266,1089536,231.17391401693243
2,4096,3,83,static,0.069135,0.610624,266,1089536,79.04834392714349
2,4096,3,83,temporal,0.022684,0.622902,28,114688,79.04834392714349
2,4096,3,84,temporal,0.029145,0.59503,28,114688,168.4019038198693
2,4096,3,84,static,0.069986,0.619807,265,1085440,168.4019038198693
2,4096,3,85,static,0.097037,0.623603,263,1077248,71.33114142478395
2,4096,3,85,temporal,0.024207,0.564144,28,114688,71.33114142478395
2,4096,3,86,temporal,0.021243,0.550173,28,114688,137.37887422041462
2,4096,3,86,static,0.060422,0.60186,263,1077248,137.37887422041462
2,4096,3,87,static,0.068584,0.676814,263,1077248,153.024946939911
2,4096,3,87,temporal,0.060041,0.606627,28,114688,153.024946939911
2,4096,3,88,temporal,0.025479,0.702443,28,114688,189.93984279902799
2,4096,3,88,static,0.070347,0.605406,266,1089536,189.93984279902799
2,4096,3,89,static,0.090206,0.662883,263,1077248,194.08712225535749
2,4096,3,89,temporal,0.028202,0.57533,28,114688,194.08712225535749
2,4096,3,90,temporal,0.021923,0.608801,28,114688,-243.50699580324172
2,4096,3,90,static,0.069956,0.640859,266,1089536,-243.50699580324172
2,4096,3,91,static,0.071628,0.715171,263,1077248,20.956959702202642
2,4096,3,91,temporal,0.033981,0.56898,28,114688,20.956959702202642
2,4096,3,92,temporal,0.023385,0.573878,28,114688,199.13112717534355
2,4096,3,92,static,0.07963,0.614699,264,1081344,199.13112717534355
2,4096,3,93,static,0.091919,0.643433,265,1085440,55.79193465736592
2,4096,3,93,temporal,0.02602,0.716714,28,114688,55.79193465736592
2,4096,3,94,temporal,0.031247,0.662292,28,114688,128.24585493389816
2,4096,3,94,static,0.070527,0.643153,264,1081344,128.24585493389816
2,4096,3,95,static,0.068915,0.62132,264,1081344,123.14328169347509
2,4096,3,95,temporal,0.023045,0.554639,28,114688,123.14328169347509
2,4096,3,96,temporal,0.023195,0.570723,28,114688,44.79036278996305
2,4096,3,96,static,0.091318,0.779209,264,1081344,44.79036278996305
2,4096,3,97,static,0.094593,0.651595,262,1073152,92.01453316408492
2,4096,3,97,temporal,0.025669,0.576462,28,114688,92.01453316408492
2,4096,3,98,temporal,0.024707,0.553988,28,114688,232.6508948075365
2,4096,3,98,static,0.086751,0.630013,266,1089536,232.6508948075365
2,4096,3,99,static,0.073591,0.623764,264,1081344,-230.65935369528532
2,4096,3,99,temporal,0.023085,0.6153,28,114688,-230.65935369528532
2,4096,3,100,temporal,0.029244,0.61494,28,114688,149.2516853997977
2,4096,3,100,static,0.114473,0.702372,266,1089536,149.2516853997977
2,4096,3,101,static,0.070417,0.609692,264,1081344,-37.05713029256425
2,4096,3,101,temporal,0.022574,0.650774,28,114688,-37.05713029256425
2,4096,3,102,temporal,0.03302,0.566227,28,114688,33.28245332096013
2,4096,3,102,static,0.085769,0.647379,264,1081344,33.28245332096013
2,4096,3,103,static,0.11926,0.734321,263,1077248,12.869878202844355
2,4096,3,103,temporal,0.030836,0.58238,28,114688,12.869878202844355
2,4096,3,104,temporal,0.023586,0.585205,28,114688,215.55334566816322
2,4096,3,104,static,0.080742,0.644435,263,1077248,215.55334566816322
2,4096,3,105,static,0.075975,0.606167,264,1081344,-237.31844906783402
2,4096,3,105,temporal,0.023405,0.586958,28,114688,-237.31844906783402
2,4096,3,106,temporal,0.024116,0.609131,28,114688,210.6623618283412
2,4096,3,106,static,0.133072,0.688061,265,1085440,210.6623618283412
2,4096,3,107,static,0.073822,0.646628,262,1073152,-24.240214728635767
2,4096,3,107,temporal,0.024657,0.557864,28,114688,-24.240214728635767
2,4096,3,108,temporal,0.023595,0.581098,28,114688,230.05020388598751
2,4096,3,108,static,0.093091,0.660529,262,1073152,230.05020388598751
2,4096,3,109,static,0.067992,0.651385,266,1089536,35.43992028009895
2,4096,3,109,temporal,0.026219,0.599116,28,114688,35.43992028009895
2,4096,3,110,temporal,0.024717,0.584925,28,114688,97.69284030413701
2,4096,3,110,static,0.080412,0.640349,264,1081344,97.69284030413701
2,4096,3,111,static,0.082885,0.637504,264,1081344,-169.7025785696815
2,4096,3,111,temporal,0.024647,0.55554,28,114688,-169.7025785696815
2,4096,3,112,temporal,0.021262,0.744075,28,114688,-13.178166417008617
2,4096,3,112,static,0.13869,0.709122,263,1077248,-13.178166417008617
2,4096,3,113,static,0.141934,0.854682,264,1081344,200.0599670084535
2,4096,3,113,temporal,0.038258,0.770055,28,114688,200.0599670084535
2,4096,3,114,temporal,0.034292,0.600228,28,114688,50.11508780833777
2,4096,3,114,static,0.142566,0.717856,264,1081344,50.11508780833777
2,4096,3,115,static,0.085799,0.669662,263,1077248,-80.12542022432997
2,4096,3,115,temporal,0.029614,0.604855,28,114688,-80.12542022432997
2,4096,3,116,temporal,0.024617,0.598806,28,114688,-179.72684904787812
2,4096,3,116,static,0.069805,0.599236,264,1081344,-179.72684904787812
2,4096,3,117,static,0.074052,0.617865,264,1081344,-68.17115088497037
2,4096,3,117,temporal,0.024347,0.552476,28,114688,-68.17115088497037
2,4096,3,118,temporal,0.023826,0.564093,28,114688,97.69284030413701
2,4096,3,118,static,0.07979,0.701891,264,1081344,97.69284030413701
2,4096,3,119,static,0.089846,0.639206,264,1081344,-145.61531352207282
2,4096,3,119,temporal,0.024738,0.561129,28,114688,-145.61531352207282
