query_id,segment,exec_t,lo,hi,window,n_atoms,ingest_target_rows,ingest_scale,layout,resolver_ms,full_ms,version_slices,payload_bytes_seen,signal_sum
0,calibration,11546,10857,11217,360,8,200,1,static,0.21725783333333334,0.5477034166666667,47.0,48128.0,2064.5093283245205
0,calibration,11546,10857,11217,360,8,200,1,temporal,0.057486333333333334,0.4612374166666667,13.0,13312.0,2064.5093283245205
1,calibration,10500,10394,10454,60,6,1000,1,static,0.09606175,0.15395366666666668,8.0,8192.0,-260.3249038677106
1,calibration,10500,10394,10454,60,6,1000,1,temporal,0.04629741666666667,0.10191325,3.0,3072.0,-260.3249038677106
2,calibration,4992,4556,4736,180,2,1000,1,static,0.03358908333333333,0.07974058333333334,7.0,7168.0,-185.86505462444825
2,calibration,4992,4556,4736,180,2,1000,1,temporal,0.021606749999999997,0.06596633333333334,3.0,3072.0,-185.86505462444825
3,calibration,7147,6519,6879,360,4,200,1,static,0.06126775,0.21631891666666667,22.0,22528.0,540.7113543480737
3,calibration,7147,6519,6879,360,4,200,1,temporal,0.029264,0.2102245,7.0,7168.0,540.7113543480737
4,calibration,3077,2608,2968,360,4,1000,1,static,0.04989308333333333,0.19750800000000002,15.0,15360.0,922.4922501491895
4,calibration,3077,2608,2968,360,4,1000,1,temporal,0.02325691666666667,0.16972675,2.0,2048.0,922.4922501491895
5,calibration,3799,3308,3668,360,4,5000,1,static,0.09168358333333333,0.25417866666666666,16.0,16384.0,-994.3817051020105
5,calibration,3799,3308,3668,360,4,5000,1,temporal,0.034356,0.19582108333333334,2.0,2048.0,-994.3817051020105
6,calibration,10172,9317,10037,720,4,200,1,static,0.09820666666666666,0.38955983333333327,36.0,36864.0,1566.6455861265902
6,calibration,10172,9317,10037,720,4,200,1,temporal,0.029688999999999997,0.33312291666666666,7.0,7168.0,1566.6455861265902
7,calibration,7212,5677,7117,1440,2,200,1,static,0.04688175,0.36022316666666665,32.0,32768.0,107.05222663388538
7,calibration,7212,5677,7117,1440,2,200,1,temporal,0.026945916666666667,0.32112416666666665,5.0,5120.0,107.05222663388538
8,calibration,4936,4671,4851,180,6,1000,1,static,0.07731775,0.20729341666666667,15.0,15360.0,-905.3854869481206
8,calibration,4936,4671,4851,180,6,1000,1,temporal,0.04083066666666667,0.18347483333333334,3.0,3072.0,-905.3854869481206
9,calibration,11052,10556,10736,180,2,200,1,static,0.0372315,0.08197258333333333,6.0,6144.0,-47.37548648690921
9,calibration,11052,10556,10736,180,2,200,1,temporal,0.019879916666666667,0.06252300000000001,2.0,2048.0,-47.37548648690921
10,calibration,6365,6270,6330,60,6,200,1,static,0.06466441666666667,0.11751508333333333,9.0,9216.0,-273.28940949629254
10,calibration,6365,6270,6330,60,6,200,1,temporal,0.026115083333333334,0.07864883333333333,3.0,3072.0,-273.28940949629254
11,calibration,3641,3079,3439,360,2,200,1,static,0.023673333333333334,0.09999625000000001,7.0,7168.0,120.08719073242658
11,calibration,3641,3079,3439,360,2,200,1,temporal,0.016109500000000002,0.08923575,1.0,1024.0,120.08719073242658
12,calibration,11349,9779,11219,1440,6,200,1,static,0.14931991666666666,1.0275056666666667,113.0,115712.0,162.682731100212
12,calibration,11349,9779,11219,1440,6,200,1,temporal,0.041369166666666665,0.9193195833333333,15.0,15360.0,162.682731100212
13,calibration,1552,1181,1541,360,4,1000,1,static,0.04175491666666667,0.19213475,18.0,18432.0,928.4819678301224
13,calibration,1552,1181,1541,360,4,1000,1,temporal,0.04958658333333333,0.21030475,2.0,2048.0,928.4819678301224
14,calibration,8318,8056,8116,60,6,1000,1,static,0.09258591666666667,0.14636133333333334,9.0,9216.0,305.4927254077688
14,calibration,8318,8056,8116,60,6,1000,1,temporal,0.035749083333333334,0.09143158333333333,7.0,7168.0,305.4927254077688
15,calibration,9545,9300,9360,60,2,5000,1,static,0.050431333333333335,0.0732675,3.0,3072.0,88.55991454957393
15,calibration,9545,9300,9360,60,2,5000,1,temporal,0.02956658333333333,0.056828666666666666,1.0,1024.0,88.55991454957393
16,calibration,6185,5657,6017,360,8,200,1,static,0.11890250000000001,0.4158239166666667,42.0,43008.0,875.7331900596042
16,calibration,6185,5657,6017,360,8,200,1,temporal,0.044742583333333336,0.34680358333333333,12.0,12288.0,875.7331900596042
17,calibration,6988,5346,6786,1440,2,200,1,static,0.0381795,0.31551225,33.0,33792.0,166.7683671893583
17,calibration,6988,5346,6786,1440,2,200,1,temporal,0.021423333333333332,0.2925025,6.0,6144.0,166.7683671893583
18,calibration,8312,7671,8031,360,6,200,1,static,0.10029666666666666,0.33578383333333334,30.0,30720.0,-252.5132757968
18,calibration,8312,7671,8031,360,6,200,1,temporal,0.041813333333333334,0.28587825,5.0,5120.0,-252.5132757968
19,calibration,6009,4291,5731,1440,4,200,1,static,0.08133291666666666,0.6628225833333333,73.0,74752.0,362.62909676366263
19,calibration,6009,4291,5731,1440,4,200,1,temporal,0.030542916666666666,0.6018318333333333,11.0,11264.0,362.62909676366263
20,calibration,1798,1534,1714,180,6,1000,1,static,0.0465845,0.16836949999999998,20.0,20480.0,733.7490275675941
20,calibration,1798,1534,1714,180,6,1000,1,temporal,0.03197183333333333,0.15245233333333333,9.0,9216.0,733.7490275675941
21,calibration,4530,3079,4519,1440,4,200,1,static,0.06897008333333333,0.6298926666666667,71.0,72704.0,216.5770909692013
21,calibration,4530,3079,4519,1440,4,200,1,temporal,0.027199416666666667,0.6684669166666667,9.0,9216.0,216.5770909692013
22,calibration,12329,11899,12259,360,6,1000,1,static,0.1232355,0.3710054166666667,27.0,27648.0,766.1870883209659
22,calibration,12329,11899,12259,360,6,1000,1,temporal,0.03940141666666667,0.26608991666666665,3.0,3072.0,766.1870883209659
23,calibration,12046,11789,11849,60,2,1000,1,static,0.04635491666666666,0.06613833333333334,1.0,1024.0,-109.37571331199808
23,calibration,12046,11789,11849,60,2,1000,1,temporal,0.026387083333333335,0.04796491666666666,1.0,1024.0,-109.37571331199808
24,calibration,8233,7969,8029,60,2,1000,1,static,0.031308833333333334,0.06649225,1.0,1024.0,64.37612776419452
24,calibration,8233,7969,8029,60,2,1000,1,temporal,0.02069291666666667,0.04644683333333333,1.0,1024.0,64.37612776419452
25,calibration,4954,4812,4872,60,8,1000,1,static,0.08312499999999999,0.16006808333333333,9.0,9216.0,-367.9438481509215
25,calibration,4954,4812,4872,60,8,1000,1,temporal,0.05517116666666667,0.13178783333333333,4.0,4096.0,-367.9438481509215
26,calibration,12973,11996,12716,720,4,1000,1,static,0.0923615,0.39888324999999997,39.0,39936.0,1661.711666689797
26,calibration,12973,11996,12716,720,4,1000,1,temporal,0.0352575,0.3394268333333333,7.0,7168.0,1661.711666689797
27,calibration,3621,3231,3291,60,2,200,1,static,0.0268265,0.04910258333333333,2.0,2048.0,-8.737260263253111
27,calibration,3621,3231,3291,60,2,200,1,temporal,0.01934175,0.06463433333333334,1.0,1024.0,-8.737260263253111
28,calibration,6092,4330,5770,1440,2,200,1,static,0.03553891666666666,0.33444500000000005,32.0,32768.0,183.89749210262622
28,calibration,6092,4330,5770,1440,2,200,1,temporal,0.035194083333333334,0.315186,4.0,4096.0,183.89749210262622
29,calibration,12544,12230,12410,180,4,1000,1,static,0.10411841666666666,0.18641883333333334,12.0,12288.0,716.5181006359154
29,calibration,12544,12230,12410,180,4,1000,1,temporal,0.03286133333333333,0.11499875,6.0,6144.0,716.5181006359154
30,calibration,9463,9070,9250,180,4,1000,1,static,0.06705483333333333,0.15215599999999999,9.0,9216.0,-556.2984556605987
30,calibration,9463,9070,9250,180,4,1000,1,temporal,0.027827083333333336,0.11770033333333334,2.0,2048.0,-556.2984556605987
31,calibration,12700,12005,12365,360,4,200,1,static,0.08086391666666666,0.21974908333333332,19.0,19456.0,1051.5595087439708
31,calibration,12700,12005,12365,360,4,200,1,temporal,0.028787583333333335,0.17581024999999997,4.0,4096.0,1051.5595087439708
32,calibration,10455,8674,10114,1440,2,1000,1,static,0.05248683333333334,0.3565835,34.0,34816.0,-130.30182919381713
32,calibration,10455,8674,10114,1440,2,1000,1,temporal,0.027349750000000003,0.30619308333333334,6.0,6144.0,-130.30182919381713
33,calibration,1456,464,1184,720,2,1000,1,static,0.02925775,0.1777824166666667,18.0,18432.0,-792.0655710968285
33,calibration,1456,464,1184,720,2,1000,1,temporal,0.025831583333333335,0.19439483333333332,3.0,3072.0,-792.0655710968285
34,calibration,9490,8976,9336,360,4,5000,1,static,0.08067375,0.23150858333333335,18.0,18432.0,-484.8664213922182
34,calibration,9490,8976,9336,360,4,5000,1,temporal,0.0329855,0.17846241666666665,2.0,2048.0,-484.8664213922182
35,calibration,13484,13225,13405,180,2,200,1,static,0.04734833333333333,0.09364,5.0,5120.0,92.7598793716853
35,calibration,13484,13225,13405,180,2,200,1,temporal,0.019864,0.06543233333333333,1.0,1024.0,92.7598793716853
36,calibration,3884,3807,3867,60,6,1000,1,static,0.06329816666666667,0.120796,8.0,8192.0,-145.33442372707486
36,calibration,3884,3807,3867,60,6,1000,1,temporal,0.030592166666666667,0.081611,3.0,3072.0,-145.33442372707486
37,calibration,11723,11324,11504,180,6,1000,1,static,0.10969174999999999,0.23047841666666666,14.0,14336.0,-803.9557796618268
37,calibration,11723,11324,11504,180,6,1000,1,temporal,0.04033858333333334,0.16291241666666667,4.0,4096.0,-803.9557796618268
38,calibration,10176,9752,9932,180,4,1000,1,static,0.07761975,0.16369416666666667,9.0,9216.0,531.7321997347374
38,calibration,10176,9752,9932,180,4,1000,1,temporal,0.027203666666666668,0.11819633333333333,2.0,2048.0,531.7321997347374
39,calibration,10391,8668,10108,1440,8,200,1,static,0.18948675,1.3252095,148.0,151552.0,-603.726453089109
39,calibration,10391,8668,10108,1440,8,200,1,temporal,0.055126916666666664,1.1749629166666666,22.0,22528.0,-603.726453089109
40,calibration,11301,10786,11146,360,6,1000,1,static,0.12326058333333334,0.3595871666666666,34.0,34816.0,1759.535604400291
40,calibration,11301,10786,11146,360,6,1000,1,temporal,0.04342733333333334,0.2624861666666667,9.0,9216.0,1759.535604400291
41,calibration,6847,6468,6648,180,8,200,1,static,0.09359983333333333,0.2777209166666667,23.0,23552.0,232.54120306685851
41,calibration,6847,6468,6648,180,8,200,1,temporal,0.036983416666666664,0.20794775,7.0,7168.0,232.54120306685851
42,calibration,1606,605,1325,720,2,5000,1,static,0.036663916666666664,0.20122775,21.0,21504.0,-634.3782780019227
42,calibration,1606,605,1325,720,2,5000,1,temporal,0.03491758333333333,0.18179891666666667,3.0,3072.0,-634.3782780019227
43,calibration,8806,7898,8618,720,4,200,1,static,0.08761591666666667,0.38100449999999997,39.0,39936.0,1562.572703989105
43,calibration,8806,7898,8618,720,4,200,1,temporal,0.03736191666666667,0.33767125000000003,9.0,9216.0,1562.572703989105
44,calibration,6256,5619,5979,360,4,200,1,static,0.058798750000000004,0.20749725,23.0,23552.0,1025.952856140652
44,calibration,6256,5619,5979,360,4,200,1,temporal,0.02785625,0.20055166666666668,6.0,6144.0,1025.952856140652
45,calibration,6455,5840,6200,360,2,200,1,static,0.033336250000000005,0.11208525000000001,12.0,12288.0,-502.93902721298224
45,calibration,6455,5840,6200,360,2,200,1,temporal,0.017224416666666666,0.09984266666666668,3.0,3072.0,-502.93902721298224
46,calibration,2142,1908,2088,180,2,1000,1,static,0.023826833333333335,0.06624916666666666,8.0,8192.0,-279.8293952659227
46,calibration,2142,1908,2088,180,2,1000,1,temporal,0.018857833333333334,0.06100908333333333,2.0,2048.0,-279.8293952659227
47,calibration,2995,1366,2806,1440,4,200,1,static,0.07246041666666667,0.6678653333333333,72.0,73728.0,315.1490761527721
47,calibration,2995,1366,2806,1440,4,200,1,temporal,0.029079749999999998,0.5938950833333333,11.0,11264.0,315.1490761527721
48,calibration,5455,5137,5317,180,2,200,1,static,0.03165366666666667,0.07827766666666666,6.0,6144.0,-216.4453259129223
48,calibration,5455,5137,5317,180,2,200,1,temporal,0.019238333333333333,0.08183725,1.0,1024.0,-216.4453259129223
49,calibration,13644,13252,13432,180,2,200,1,static,0.04599683333333333,0.09809075,5.0,5120.0,36.99000173291792
49,calibration,13644,13252,13432,180,2,200,1,temporal,0.02455875,0.07054325,1.0,1024.0,36.99000173291792
50,calibration,4498,3694,4414,720,4,200,1,static,0.057182083333333335,0.35729933333333336,36.0,36864.0,937.3442735019636
50,calibration,4498,3694,4414,720,4,200,1,temporal,0.025440916666666664,0.3147309166666667,5.0,5120.0,937.3442735019636
51,calibration,12479,12277,12457,180,4,1000,1,static,0.08700083333333335,0.17000800000000002,15.0,15360.0,451.43762695762945
51,calibration,12479,12277,12457,180,4,1000,1,temporal,0.03376775,0.12331725,5.0,5120.0,451.43762695762945
52,calibration,4984,4443,4803,360,2,1000,1,static,0.03406808333333333,0.11474675000000001,9.0,9216.0,-98.98462389611454
52,calibration,4984,4443,4803,360,2,1000,1,temporal,0.018457166666666667,0.09920091666666668,2.0,2048.0,-98.98462389611454
53,calibration,9119,8440,8800,360,4,5000,1,static,0.08251325,0.2563146666666667,23.0,23552.0,266.230998280329
53,calibration,9119,8440,8800,360,4,5000,1,temporal,0.03716625,0.1925495,7.0,7168.0,266.230998280329
54,calibration,10301,8529,9969,1440,2,1000,1,static,0.056362583333333334,0.35023116666666665,39.0,39936.0,123.58598051677602
54,calibration,10301,8529,9969,1440,2,1000,1,temporal,0.02202108333333333,0.32387925,5.0,5120.0,123.58598051677602
55,calibration,11632,9985,11425,1440,2,200,1,static,0.08064616666666667,0.35391125000000007,40.0,40960.0,-76.87232444003367
55,calibration,11632,9985,11425,1440,2,200,1,temporal,0.0220675,0.31354608333333334,6.0,6144.0,-76.87232444003367
56,calibration,6176,5700,6060,360,2,200,1,static,0.042250333333333334,0.11775808333333333,10.0,10240.0,232.15315871980064
56,calibration,6176,5700,6060,360,2,200,1,temporal,0.02075566666666667,0.09948216666666666,3.0,3072.0,232.15315871980064
57,calibration,7491,7025,7205,180,2,1000,1,static,0.033918,0.0794545,6.0,6144.0,317.00177904013066
57,calibration,7491,7025,7205,180,2,1000,1,temporal,0.016955583333333333,0.061059,1.0,1024.0,317.00177904013066
58,calibration,13760,13175,13535,360,2,1000,1,static,0.05432716666666667,0.130292,12.0,12288.0,351.1267815486589
58,calibration,13760,13175,13535,360,2,1000,1,temporal,0.02605033333333333,0.10665033333333333,1.0,1024.0,351.1267815486589
59,calibration,6011,5237,5957,720,6,5000,1,static,0.11312166666666668,0.5470155833333333,57.0,58368.0,2348.4912807073456
59,calibration,6011,5237,5957,720,6,5000,1,temporal,0.04556225,0.46992150000000005,8.0,8192.0,2348.4912807073456
60,calibration,9847,9066,9786,720,2,200,1,static,0.04478933333333334,0.19332758333333333,16.0,16384.0,784.7331011818119
60,calibration,9847,9066,9786,720,2,200,1,temporal,0.020481083333333334,0.16533258333333334,3.0,3072.0,784.7331011818119
61,calibration,2941,1413,2853,1440,4,200,1,static,0.06587383333333334,0.6298135,72.0,73728.0,361.5076242602704
61,calibration,2941,1413,2853,1440,4,200,1,temporal,0.027592583333333334,0.58127675,11.0,11264.0,361.5076242602704
62,calibration,11276,10849,11209,360,4,1000,1,static,0.08944433333333333,0.27270825,24.0,24576.0,862.158711563533
62,calibration,11276,10849,11209,360,4,1000,1,temporal,0.03368583333333333,0.18189441666666664,6.0,6144.0,862.158711563533
63,calibration,10928,10301,10661,360,2,200,1,static,0.04286225,0.124373,7.0,7168.0,-490.8024870791789
63,calibration,10928,10301,10661,360,2,200,1,temporal,0.020448333333333332,0.09637583333333333,1.0,1024.0,-490.8024870791789
64,calibration,5432,3848,5288,1440,2,200,1,static,0.04416258333333334,0.3182115,41.0,41984.0,-41.40957579899361
64,calibration,5432,3848,5288,1440,2,200,1,temporal,0.018961250000000002,0.30613475,5.0,5120.0,-41.40957579899361
65,calibration,12841,11886,12606,720,4,200,1,static,0.097408,0.39828233333333335,38.0,38912.0,1664.4505403035985
65,calibration,12841,11886,12606,720,4,200,1,temporal,0.031772166666666664,0.31657308333333334,6.0,6144.0,1664.4505403035985
66,calibration,12204,12082,12142,60,2,1000,1,static,0.05303766666666667,0.082191,4.0,4096.0,78.9642721984023
66,calibration,12204,12082,12142,60,2,1000,1,temporal,0.020969083333333333,0.0421205,1.0,1024.0,78.9642721984023
67,calibration,9562,9193,9253,60,4,200,1,static,0.06043558333333333,0.09981166666666667,7.0,7168.0,-6.276627559684776
67,calibration,9562,9193,9253,60,4,200,1,temporal,0.02622383333333333,0.06306533333333333,2.0,2048.0,-6.276627559684776
68,calibration,6266,5955,6135,180,2,5000,1,static,0.0383255,0.08157758333333333,5.0,5120.0,-61.87695300219837
68,calibration,6266,5955,6135,180,2,5000,1,temporal,0.02672375,0.08040658333333334,1.0,1024.0,-61.87695300219837
69,calibration,2216,1634,1994,360,2,200,1,static,0.02806475,0.10713275,11.0,11264.0,-1.7563139587625363
69,calibration,2216,1634,1994,360,2,200,1,temporal,0.018827666666666666,0.09854075,3.0,3072.0,-1.7563139587625363
70,calibration,5659,4828,5548,720,2,1000,1,static,0.035650416666666664,0.19345333333333334,14.0,14336.0,201.2236861942387
70,calibration,5659,4828,5548,720,2,1000,1,temporal,0.020152916666666666,0.16266008333333334,3.0,3072.0,201.2236861942387
71,calibration,8696,8408,8588,180,2,200,1,static,0.03704941666666667,0.07991258333333333,4.0,4096.0,-20.723292170564893
71,calibration,8696,8408,8588,180,2,200,1,temporal,0.017878750000000002,0.061927916666666666,1.0,1024.0,-20.723292170564893
72,calibration,7111,6587,6767,180,6,200,1,static,0.08250141666666666,0.22701591666666665,24.0,24576.0,352.25927918255724
72,calibration,7111,6587,6767,180,6,200,1,temporal,0.03813116666666667,0.16078233333333333,9.0,9216.0,352.25927918255724
73,calibration,11935,11650,11830,180,4,200,1,static,0.07336766666666666,0.16649766666666668,13.0,13312.0,-573.3101976507508
73,calibration,11935,11650,11830,180,4,200,1,temporal,0.02884608333333333,0.10946883333333333,5.0,5120.0,-573.3101976507508
74,calibration,5252,4724,5084,360,2,200,1,static,0.033305416666666664,0.11933966666666666,10.0,10240.0,-554.733866736141
74,calibration,5252,4724,5084,360,2,200,1,temporal,0.017360333333333335,0.09492025,2.0,2048.0,-554.733866736141
75,calibration,2454,1921,2101,180,6,1000,1,static,0.045158250000000004,0.16161941666666665,18.0,18432.0,-503.94319324130043
75,calibration,2454,1921,2101,180,6,1000,1,temporal,0.027831333333333333,0.14347775,4.0,4096.0,-503.94319324130043
76,calibration,1591,1398,1578,180,6,200,1,static,0.04484950000000001,0.16002550000000001,21.0,21504.0,908.8566772565192
76,calibration,1591,1398,1578,180,6,200,1,temporal,0.02747075,0.18182016666666667,9.0,9216.0,908.8566772565192
77,calibration,10063,9057,9777,720,2,200,1,static,0.04699008333333333,0.18822883333333332,21.0,21504.0,223.07504215003652
77,calibration,10063,9057,9777,720,2,200,1,temporal,0.019385916666666666,0.16425233333333333,3.0,3072.0,223.07504215003652
78,calibration,13340,11624,13064,1440,4,5000,1,static,0.12650466666666668,0.6765925,74.0,75776.0,-365.6588990113555
78,calibration,13340,11624,13064,1440,4,5000,1,temporal,0.0434015,0.6086648333333333,12.0,12288.0,-365.6588990113555
79,calibration,5092,4966,5026,60,2,5000,1,static,0.04441141666666667,0.06702716666666667,3.0,3072.0,-121.84684890531089
79,calibration,5092,4966,5026,60,2,5000,1,temporal,0.03178466666666666,0.05356933333333333,1.0,1024.0,-121.84684890531089
80,calibration,3751,3495,3675,180,2,1000,1,static,0.024242416666666666,0.06907933333333334,3.0,3072.0,-313.9820281364277
80,calibration,3751,3495,3675,180,2,1000,1,temporal,0.017524166666666667,0.069899,1.0,1024.0,-313.9820281364277
81,calibration,2679,2188,2368,180,8,1000,1,static,0.08069308333333333,0.23975925,29.0,29696.0,-1448.5002966187296
81,calibration,2679,2188,2368,180,8,1000,1,temporal,0.0440925,0.21023375,12.0,12288.0,-1448.5002966187296
82,calibration,14328,13766,14126,360,2,200,1,static,0.049889750000000004,0.12692708333333333,11.0,11264.0,174.69225208022957
82,calibration,14328,13766,14126,360,2,200,1,temporal,0.018975416666666665,0.1006455,3.0,3072.0,174.69225208022957
83,calibration,2396,730,2170,1440,2,5000,1,static,0.07578716666666667,0.5357335,34.0,34816.0,-150.97400267959762
83,calibration,2396,730,2170,1440,2,5000,1,temporal,0.0349535,0.31968416666666666,6.0,6144.0,-150.97400267959762
84,calibration,9988,8946,9666,720,4,1000,1,static,0.11447891666666667,0.40088225,38.0,38912.0,273.4894300957746
84,calibration,9988,8946,9666,720,4,1000,1,temporal,0.03385191666666667,0.31599625000000003,7.0,7168.0,273.4894300957746
85,calibration,9909,9284,9644,360,2,200,1,static,0.04449066666666667,0.13513758333333334,12.0,12288.0,585.2363460653847
85,calibration,9909,9284,9644,360,2,200,1,temporal,0.019100583333333334,0.10299408333333333,3.0,3072.0,585.2363460653847
86,calibration,3144,1369,2809,1440,4,200,1,static,0.06173741666666666,0.9609108333333333,72.0,73728.0,319.59438734315046
86,calibration,3144,1369,2809,1440,4,200,1,temporal,0.03350316666666667,0.5887555,11.0,11264.0,319.59438734315046
87,calibration,7514,6620,7340,720,6,200,1,static,0.10968416666666668,0.5422159166666667,58.0,59392.0,2097.2209391066417
87,calibration,7514,6620,7340,720,6,200,1,temporal,0.038837833333333335,0.4789636666666666,10.0,10240.0,2097.2209391066417
88,calibration,3005,2326,2686,360,4,200,1,static,0.04633941666666667,0.22222358333333334,16.0,16384.0,-269.1993574500744
88,calibration,3005,2326,2686,360,4,200,1,temporal,0.034889250000000004,0.19945066666666666,4.0,4096.0,-269.1993574500744
89,calibration,3234,2942,3122,180,6,200,1,static,0.057779,0.19347016666666664,22.0,22528.0,950.8069035559612
89,calibration,3234,2942,3122,180,6,200,1,temporal,0.027683666666666665,0.15706508333333333,9.0,9216.0,950.8069035559612
90,calibration,8603,6964,8404,1440,4,200,1,static,0.09080899999999999,0.646912,74.0,75776.0,237.1748324927751
90,calibration,8603,6964,8404,1440,4,200,1,temporal,0.028916166666666663,0.7550285833333333,11.0,11264.0,237.1748324927751
91,calibration,12422,12231,12291,60,2,200,1,static,0.04546433333333333,0.06671733333333334,3.0,3072.0,135.80439980024667
91,calibration,12422,12231,12291,60,2,200,1,temporal,0.023635083333333334,0.045637333333333335,1.0,1024.0,135.80439980024667
92,calibration,9627,9235,9295,60,4,1000,1,static,0.06914541666666667,0.11069224999999999,7.0,7168.0,58.629686308367866
92,calibration,9627,9235,9295,60,4,1000,1,temporal,0.026404,0.06280741666666667,2.0,2048.0,58.629686308367866
93,calibration,12076,11624,11804,180,6,200,1,static,0.104478,0.2204334166666667,22.0,22528.0,-906.3209878590975
93,calibration,12076,11624,11804,180,6,200,1,temporal,0.050097416666666665,0.16882533333333336,9.0,9216.0,-906.3209878590975
94,calibration,12336,11782,12142,360,2,5000,1,static,0.058027749999999996,0.14587733333333333,11.0,11264.0,158.08389966487016
94,calibration,12336,11782,12142,360,2,5000,1,temporal,0.025540999999999998,0.10458808333333335,1.0,1024.0,158.08389966487016
95,calibration,4038,3615,3795,180,4,5000,1,static,0.050855333333333336,0.13587383333333333,13.0,13312.0,-722.5447357253888
95,calibration,4038,3615,3795,180,4,5000,1,temporal,0.039257,0.12421608333333334,5.0,5120.0,-722.5447357253888
96,calibration,4345,2710,4150,1440,4,200,1,static,0.07539816666666667,0.642643,71.0,72704.0,365.42015778678814
96,calibration,4345,2710,4150,1440,4,200,1,temporal,0.02766266666666667,0.6043990833333334,10.0,10240.0,365.42015778678814
97,calibration,14240,13705,14065,360,4,200,1,static,0.09689408333333334,0.24827291666666665,22.0,22528.0,252.72280141231258
97,calibration,14240,13705,14065,360,4,200,1,temporal,0.03261858333333333,0.18713408333333334,6.0,6144.0,252.72280141231258
98,calibration,3363,3090,3270,180,4,1000,1,static,0.041542833333333334,0.12302600000000001,10.0,10240.0,299.1226821028236
98,calibration,3363,3090,3270,180,4,1000,1,temporal,0.021762083333333335,0.10395725,2.0,2048.0,299.1226821028236
99,calibration,8665,7063,8503,1440,2,200,1,static,0.04643191666666666,0.35558116666666667,34.0,34816.0,210.4519055329546
99,calibration,8665,7063,8503,1440,2,200,1,temporal,0.02584575,0.30125341666666666,6.0,6144.0,210.4519055329546
100,calibration,13973,12301,13741,1440,4,1000,1,static,0.11844991666666667,0.6829889166666666,73.0,74752.0,274.52851049452903
100,calibration,13973,12301,13741,1440,4,1000,1,temporal,0.04438383333333334,0.6038358333333333,10.0,10240.0,274.52851049452903
101,calibration,10410,10110,10290,180,2,1000,1,static,0.04342325,0.08980158333333332,9.0,9216.0,-305.23263237431723
101,calibration,10410,10110,10290,180,2,1000,1,temporal,0.023301083333333333,0.0799585,3.0,3072.0,-305.23263237431723
102,calibration,5457,4960,5320,360,2,200,1,static,0.029376916666666666,0.10583333333333333,10.0,10240.0,-457.88085215454004
102,calibration,5457,4960,5320,360,2,200,1,temporal,0.016119333333333333,0.09439008333333333,3.0,3072.0,-457.88085215454004
103,calibration,13731,13028,13388,360,2,1000,1,static,0.05475858333333333,0.12957016666666668,11.0,11264.0,-117.92595452106805
103,calibration,13731,13028,13388,360,2,1000,1,temporal,0.02195483333333333,0.09826125000000001,3.0,3072.0,-117.92595452106805
104,calibration,7275,6895,7075,180,4,5000,1,static,0.23974175,0.3222790833333333,10.0,10240.0,658.1559093170351
104,calibration,7275,6895,7075,180,4,5000,1,temporal,0.035128,0.11735241666666667,3.0,3072.0,658.1559093170351
105,calibration,7623,6913,7273,360,2,200,1,static,0.032651,0.11710125,7.0,7168.0,463.04074962990103
105,calibration,7623,6913,7273,360,2,200,1,temporal,0.017917166666666665,0.10668633333333333,1.0,1024.0,463.04074962990103
106,calibration,7142,6832,7012,180,4,200,1,static,0.056785833333333334,0.13957441666666667,12.0,12288.0,642.5462245273741
106,calibration,7142,6832,7012,180,4,200,1,temporal,0.02448025,0.10365333333333333,3.0,3072.0,642.5462245273741
107,calibration,3023,2839,3019,180,4,200,1,static,0.04078416666666667,0.11994566666666667,11.0,11264.0,706.0689435092451
107,calibration,3023,2839,3019,180,4,200,1,temporal,0.022629333333333335,0.10407408333333333,3.0,3072.0,706.0689435092451
108,calibration,1766,1088,1448,360,8,200,1,static,0.061787666666666664,0.3585831666666666,35.0,35840.0,838.2096767080665
108,calibration,1766,1088,1448,360,8,200,1,temporal,0.043726999999999995,0.33976475,4.0,4096.0,838.2096767080665
109,calibration,14166,13499,13859,360,2,1000,1,static,0.056648166666666666,0.1408365,11.0,11264.0,628.4273869637824
109,calibration,14166,13499,13859,360,2,1000,1,temporal,0.024146333333333336,0.10474066666666666,3.0,3072.0,628.4273869637824
110,calibration,11843,10995,11715,720,4,1000,1,static,0.09954408333333332,0.3914823333333333,37.0,37888.0,-56.45166042541974
110,calibration,11843,10995,11715,720,4,1000,1,temporal,0.03634266666666667,0.3346679166666667,6.0,6144.0,-56.45166042541974
111,calibration,10049,9509,9689,180,4,1000,1,static,0.23983200000000002,0.32334900000000005,10.0,10240.0,717.7303355631587
111,calibration,10049,9509,9689,180,4,1000,1,temporal,0.025766499999999998,0.10539116666666666,2.0,2048.0,717.7303355631587
112,calibration,4624,3157,4597,1440,8,1000,1,static,0.14160916666666665,1.3160413333333334,143.0,146432.0,152.34186430838616
112,calibration,4624,3157,4597,1440,8,1000,1,temporal,0.05157383333333334,1.1684385833333333,19.0,19456.0,152.34186430838616
113,calibration,1778,1570,1750,180,6,200,1,static,0.048940583333333336,0.169135,17.0,17408.0,902.6824317615323
113,calibration,1778,1570,1750,180,6,200,1,temporal,0.03408916666666666,0.16147008333333332,6.0,6144.0,902.6824317615323
114,calibration,10661,10143,10323,180,6,200,1,static,0.10161458333333334,0.22020483333333332,21.0,21504.0,-998.5260170461364
114,calibration,10661,10143,10323,180,6,200,1,temporal,0.03278308333333333,0.15031916666666667,9.0,9216.0,-998.5260170461364
115,calibration,8500,8079,8259,180,4,200,1,static,0.06147808333333333,0.15136958333333334,12.0,12288.0,677.1118480362584
115,calibration,8500,8079,8259,180,4,200,1,temporal,0.026778,0.13415225,6.0,6144.0,677.1118480362584
116,calibration,5996,5519,5699,180,2,1000,1,static,0.02973741666666667,0.07324675,3.0,3072.0,344.1622972934227
116,calibration,5996,5519,5699,180,2,1000,1,temporal,0.019275583333333336,0.06514916666666666,1.0,1024.0,344.1622972934227
117,calibration,13874,13489,13549,60,6,1000,1,static,0.11228149999999999,0.16839208333333333,8.0,8192.0,319.5106696780031
117,calibration,13874,13489,13549,60,6,1000,1,temporal,0.04034025,0.09493275,3.0,3072.0,319.5106696780031
118,calibration,6296,5804,5984,180,2,200,1,static,0.028649083333333335,0.07188024999999999,6.0,6144.0,20.840098596815725
118,calibration,6296,5804,5984,180,2,200,1,temporal,0.015587666666666666,0.0613855,3.0,3072.0,20.840098596815725
119,calibration,11932,10881,11601,720,4,200,1,static,0.08136133333333333,0.3767021666666666,38.0,38912.0,260.9122829692173
119,calibration,11932,10881,11601,720,4,200,1,temporal,0.0264625,0.3078456666666667,7.0,7168.0,260.9122829692173
120,calibration,7959,7532,7712,180,6,1000,1,static,0.08448941666666666,0.20896275,16.0,16384.0,-1037.0519006829913
120,calibration,7959,7532,7712,180,6,1000,1,temporal,0.049260500000000006,0.17138925000000002,3.0,3072.0,-1037.0519006829913
121,calibration,12521,12284,12344,60,6,200,1,static,0.10078324999999999,0.15977325,8.0,8192.0,386.4311232353282
121,calibration,12521,12284,12344,60,6,200,1,temporal,0.03218466666666667,0.09022999999999999,6.0,6144.0,386.4311232353282
122,calibration,7361,6661,7021,360,2,1000,1,static,0.0327385,0.1079615,7.0,7168.0,477.55208151141454
122,calibration,7361,6661,7021,360,2,1000,1,temporal,0.01716841666666667,0.09693550000000001,1.0,1024.0,477.55208151141454
123,calibration,7672,7150,7330,180,4,200,1,static,0.05112566666666666,0.1296135,8.0,8192.0,149.9927708134876
123,calibration,7672,7150,7330,180,4,200,1,temporal,0.021825499999999998,0.10242508333333333,2.0,2048.0,149.9927708134876
124,calibration,2178,2103,2163,60,2,1000,1,static,0.021580083333333333,0.04295474999999999,2.0,2048.0,-98.60803477026563
124,calibration,2178,2103,2163,60,2,1000,1,temporal,0.018365083333333334,0.03920766666666667,2.0,2048.0,-98.60803477026563
125,calibration,6495,6205,6385,180,2,1000,1,static,0.029907666666666666,0.07216925,4.0,4096.0,-327.4493428547679
125,calibration,6495,6205,6385,180,2,1000,1,temporal,0.01791116666666667,0.061000500000000006,1.0,1024.0,-327.4493428547679
126,calibration,5947,5660,5840,180,4,1000,1,static,0.05289491666666666,0.13791016666666667,10.0,10240.0,420.0973160508573
126,calibration,5947,5660,5840,180,4,1000,1,temporal,0.026525833333333332,0.11592716666666668,3.0,3072.0,420.0973160508573
127,calibration,8154,6642,8082,1440,6,1000,1,static,0.13862558333333333,0.9538325833333333,116.0,118784.0,220.80471063944768
127,calibration,8154,6642,8082,1440,6,1000,1,temporal,0.0417805,0.8945111666666667,19.0,19456.0,220.80471063944768
128,calibration,13627,12060,13500,1440,8,5000,1,static,0.22012725,1.3630984166666666,145.0,148480.0,719.594358045903
128,calibration,13627,12060,13500,1440,8,5000,1,temporal,0.06874899999999999,1.194868,21.0,21504.0,719.594358045903
129,calibration,11596,10998,11358,360,2,1000,1,static,0.04765541666666667,0.12634958333333332,9.0,9216.0,272.31994479073774
129,calibration,11596,10998,11358,360,2,1000,1,temporal,0.023181833333333332,0.10222975,1.0,1024.0,272.31994479073774
130,calibration,10144,9891,10071,180,4,200,1,static,0.06758716666666667,0.15170933333333333,9.0,9216.0,-248.62884782517986
130,calibration,10144,9891,10071,180,4,200,1,temporal,0.02692733333333333,0.11134675,2.0,2048.0,-248.62884782517986
131,calibration,5229,4989,5169,180,4,200,1,static,0.046064749999999995,0.12948266666666666,12.0,12288.0,-576.4947570509751
131,calibration,5229,4989,5169,180,4,200,1,temporal,0.026849583333333333,0.12342566666666667,6.0,6144.0,-576.4947570509751
132,calibration,10550,9875,10235,360,2,1000,1,static,0.04487091666666667,0.12381783333333334,11.0,11264.0,-523.7577085807521
132,calibration,10550,9875,10235,360,2,1000,1,temporal,0.0297275,0.10786883333333334,1.0,1024.0,-523.7577085807521
133,calibration,3317,1617,3057,1440,4,5000,1,static,0.07835875,0.6730480833333333,75.0,76800.0,368.66694638047994
133,calibration,3317,1617,3057,1440,4,5000,1,temporal,0.040774333333333336,0.62128825,13.0,13312.0,368.66694638047994
134,calibration,12695,12086,12446,360,4,200,1,static,0.08576875,0.23623799999999998,21.0,21504.0,1070.5905502343571
134,calibration,12695,12086,12446,360,4,200,1,temporal,0.041563583333333334,0.1935435,6.0,6144.0,1070.5905502343571
135,calibration,10905,10573,10753,180,8,1000,1,static,0.13560341666666667,0.29870416666666666,22.0,22528.0,379.2793813779236
135,calibration,10905,10573,10753,180,8,1000,1,temporal,0.04535125,0.203234,5.0,5120.0,379.2793813779236
136,calibration,5068,4690,5050,360,6,5000,1,static,0.08601083333333333,0.31185250000000003,27.0,27648.0,-1880.8684996196928
136,calibration,5068,4690,5050,360,6,5000,1,temporal,0.04505725,0.2654305833333333,3.0,3072.0,-1880.8684996196928
137,calibration,9337,8836,9196,360,4,200,1,static,0.06607916666666667,0.21679458333333335,17.0,17408.0,-1149.8761966856027
137,calibration,9337,8836,9196,360,4,200,1,temporal,0.028624333333333335,0.17397574999999998,2.0,2048.0,-1149.8761966856027
138,calibration,8477,7447,8167,720,2,5000,1,static,0.04877625,0.20505616666666668,17.0,17408.0,-426.85818796346445
138,calibration,8477,7447,8167,720,2,5000,1,temporal,0.027077666666666667,0.17066958333333335,4.0,4096.0,-426.85818796346445
139,calibration,3124,2699,3059,360,2,200,1,static,0.03489275,0.11719233333333333,12.0,12288.0,631.2605296992845
139,calibration,3124,2699,3059,360,2,200,1,temporal,0.022977916666666667,0.10516316666666665,3.0,3072.0,631.2605296992845
140,calibration,10958,10894,10954,60,4,1000,1,static,0.07399425,0.1133965,10.0,10240.0,181.09282291141815
140,calibration,10958,10894,10954,60,4,1000,1,temporal,0.02917675,0.06625533333333333,6.0,6144.0,181.09282291141815
141,calibration,13077,12340,13060,720,6,1000,1,static,0.14178866666666667,0.5852443333333334,61.0,62464.0,-539.8683738744874
141,calibration,13077,12340,13060,720,6,1000,1,temporal,0.04320291666666667,0.48203825,10.0,10240.0,-539.8683738744874
142,calibration,8886,8487,8847,360,4,1000,1,static,0.07478983333333333,0.23262258333333333,24.0,24576.0,-36.60220623702712
142,calibration,8886,8487,8847,360,4,1000,1,temporal,0.03520558333333333,0.21100658333333333,7.0,7168.0,-36.60220623702712
143,calibration,10979,10461,10641,180,4,200,1,static,0.07055075000000001,0.15023224999999998,11.0,11264.0,83.31579172532977
143,calibration,10979,10461,10641,180,4,200,1,temporal,0.027198833333333335,0.11214325000000001,2.0,2048.0,83.31579172532977
144,calibration,2678,2008,2368,360,2,200,1,static,0.02865166666666667,0.10340641666666667,12.0,12288.0,-626.8365040028201
144,calibration,2678,2008,2368,360,2,200,1,temporal,0.017907166666666665,0.09096408333333333,5.0,5120.0,-626.8365040028201
145,calibration,6088,5515,5875,360,6,1000,1,static,0.08115591666666667,0.30812333333333336,26.0,26624.0,1709.0291452086537
145,calibration,6088,5515,5875,360,6,1000,1,temporal,0.030128083333333333,0.25189516666666667,4.0,4096.0,1709.0291452086537
146,calibration,4848,4446,4626,180,8,1000,1,static,0.08527491666666666,0.26363033333333336,29.0,29696.0,86.87056920814796
146,calibration,4848,4446,4626,180,8,1000,1,temporal,0.04224641666666667,0.19452341666666664,12.0,12288.0,86.87056920814796
147,calibration,1823,1358,1538,180,6,1000,1,static,0.0426445,0.16193325,14.0,14336.0,725.6390223834936
147,calibration,1823,1358,1538,180,6,1000,1,temporal,0.02786725,0.16152591666666666,4.0,4096.0,725.6390223834936
148,calibration,1891,254,1694,1440,4,5000,1,static,0.07644066666666667,0.69869,73.0,74752.0,305.0984899449664
148,calibration,1891,254,1694,1440,4,5000,1,temporal,0.038059333333333334,0.6015564166666667,10.0,10240.0,305.0984899449664
149,calibration,5485,5098,5158,60,4,1000,1,static,0.04807675,0.09487275,8.0,8192.0,-165.23423371094586
149,calibration,5485,5098,5158,60,4,1000,1,temporal,0.0294045,0.06526275,5.0,5120.0,-165.23423371094586
150,calibration,1818,1520,1700,180,4,1000,1,static,0.03637833333333333,0.11724141666666667,14.0,14336.0,506.93265965838077
150,calibration,1818,1520,1700,180,4,1000,1,temporal,0.025526083333333335,0.10482008333333333,6.0,6144.0,506.93265965838077
151,calibration,10933,10816,10876,60,4,200,1,static,0.06752875,0.10443216666666666,5.0,5120.0,238.31586860320567
151,calibration,10933,10816,10876,60,4,200,1,temporal,0.023694166666666665,0.07113275000000001,3.0,3072.0,238.31586860320567
152,calibration,9809,9532,9712,180,2,5000,1,static,0.047740250000000005,0.09116600000000001,5.0,5120.0,349.5499204118564
152,calibration,9809,9532,9712,180,2,5000,1,temporal,0.02829016666666667,0.07419041666666666,1.0,1024.0,349.5499204118564
153,calibration,10797,10389,10569,180,6,200,1,static,0.09587491666666666,0.22701658333333333,13.0,13312.0,-574.73486918207
153,calibration,10797,10389,10569,180,6,200,1,temporal,0.035487083333333336,0.16440883333333334,3.0,3072.0,-574.73486918207
154,calibration,11193,9499,10939,1440,6,200,1,static,0.13819733333333334,0.9641574999999999,111.0,113664.0,578.6386742921303
154,calibration,11193,9499,10939,1440,6,200,1,temporal,0.03616366666666667,0.84688675,16.0,16384.0,578.6386742921303
155,calibration,13007,12675,12855,180,4,200,1,static,0.07883575,0.1625375,9.0,9216.0,-696.061795153791
155,calibration,13007,12675,12855,180,4,200,1,temporal,0.03068725,0.11381616666666666,2.0,2048.0,-696.061795153791
156,calibration,3846,3323,3683,360,6,1000,1,static,0.06022266666666667,0.2903098333333333,25.0,25600.0,-1569.24854129367
156,calibration,3846,3323,3683,360,6,1000,1,temporal,0.028957,0.2616640833333333,5.0,5120.0,-1569.24854129367
157,calibration,4983,3209,4649,1440,2,200,1,static,0.044720083333333334,0.3236405,40.0,40960.0,21.97208633117729
157,calibration,4983,3209,4649,1440,2,200,1,temporal,0.019579583333333334,0.30674908333333334,5.0,5120.0,21.97208633117729
158,calibration,6506,6067,6247,180,4,200,1,static,0.05277391666666666,0.13588966666666666,11.0,11264.0,-559.6000352115052
158,calibration,6506,6067,6247,180,4,200,1,temporal,0.024429583333333334,0.12186533333333333,2.0,2048.0,-559.6000352115052
159,calibration,10193,9623,9983,360,2,200,1,static,0.0317265,0.10441208333333334,7.0,7168.0,492.5007953975262
159,calibration,10193,9623,9983,360,2,200,1,temporal,0.016320666666666667,0.09208791666666666,1.0,1024.0,492.5007953975262
160,calibration,13326,12855,13035,180,6,5000,1,static,0.119751,0.24506808333333333,13.0,13312.0,-941.7591451659281
160,calibration,13326,12855,13035,180,6,5000,1,temporal,0.056667416666666665,0.17578758333333333,3.0,3072.0,-941.7591451659281
161,calibration,11788,10139,11579,1440,2,5000,1,static,0.06720483333333334,0.35808158333333334,40.0,40960.0,-192.46305556149613
161,calibration,11788,10139,11579,1440,2,5000,1,temporal,0.029847750000000003,0.33073966666666665,6.0,6144.0,-192.46305556149613
162,calibration,5084,4591,4951,360,6,1000,1,static,0.08905724999999999,0.30594858333333336,31.0,31744.0,-1521.6822008011761
162,calibration,5084,4591,4951,360,6,1000,1,temporal,0.041493833333333334,0.27834433333333336,5.0,5120.0,-1521.6822008011761
163,calibration,6059,5407,5767,360,4,5000,1,static,0.06361283333333333,0.219477,18.0,18432.0,1275.1043016458195
163,calibration,6059,5407,5767,360,4,5000,1,temporal,0.03875116666666666,0.19342591666666667,3.0,3072.0,1275.1043016458195
164,calibration,10157,8714,10154,1440,4,1000,1,static,0.10193416666666666,0.6753721666666667,74.0,75776.0,-310.64716433331216
164,calibration,10157,8714,10154,1440,4,1000,1,temporal,0.043503999999999994,0.628413,11.0,11264.0,-310.64716433331216
165,calibration,13785,13424,13604,180,2,1000,1,static,0.048762,0.09552191666666666,6.0,6144.0,373.6025234159751
165,calibration,13785,13424,13604,180,2,1000,1,temporal,0.023520583333333334,0.06858366666666667,1.0,1024.0,373.6025234159751
166,calibration,4569,3835,4555,720,4,200,1,static,0.0582415,0.34001183333333335,38.0,38912.0,1452.172132119649
166,calibration,4569,3835,4555,720,4,200,1,temporal,0.0250335,0.3113533333333333,6.0,6144.0,1452.172132119649
167,calibration,7566,7344,7524,180,2,1000,1,static,0.03610541666666667,0.079527,5.0,5120.0,-151.96126308892923
167,calibration,7566,7344,7524,180,2,1000,1,temporal,0.017732666666666667,0.0726415,1.0,1024.0,-151.96126308892923
168,calibration,9332,8951,9011,60,4,1000,1,static,0.061221083333333336,0.09684983333333334,6.0,6144.0,-199.3546711173382
168,calibration,9332,8951,9011,60,4,1000,1,temporal,0.02780516666666667,0.06351341666666667,2.0,2048.0,-199.3546711173382
169,calibration,7581,5863,7303,1440,4,200,1,static,0.08845791666666668,0.663748,75.0,76800.0,-141.10931199091993
169,calibration,7581,5863,7303,1440,4,200,1,temporal,0.03154266666666667,0.5970889166666667,12.0,12288.0,-141.10931199091993
170,calibration,14070,13365,13725,360,4,5000,1,static,0.10674499999999999,0.25948275000000004,17.0,17408.0,1073.0621979490888
170,calibration,14070,13365,13725,360,4,5000,1,temporal,0.03638658333333333,0.19482891666666666,2.0,2048.0,1073.0621979490888
171,calibration,6374,4618,6058,1440,4,5000,1,static,0.08826774999999999,0.6515389166666666,72.0,73728.0,-124.86014498790287
171,calibration,6374,4618,6058,1440,4,5000,1,temporal,0.036112,0.60440325,11.0,11264.0,-124.86014498790287
172,calibration,9054,7452,8892,1440,4,1000,1,static,0.094003,0.6522606666666667,76.0,77824.0,-358.6485373216735
172,calibration,9054,7452,8892,1440,4,1000,1,temporal,0.032772,0.5989701666666667,13.0,13312.0,-358.6485373216735
173,calibration,8974,7349,8789,1440,6,200,1,static,0.14362716666666667,0.9859435833333333,114.0,116736.0,-285.6438601739701
173,calibration,8974,7349,8789,1440,6,200,1,temporal,0.045384499999999994,0.8715558333333333,16.0,16384.0,-285.6438601739701
174,calibration,4054,3668,4028,360,8,200,1,static,0.09562066666666667,0.40603083333333334,45.0,46080.0,42.448497901585235
174,calibration,4054,3668,4028,360,8,200,1,temporal,0.05197533333333334,0.34985166666666667,12.0,12288.0,42.448497901585235
175,calibration,12330,11940,12300,360,2,1000,1,static,0.05403333333333333,0.13290091666666667,9.0,9216.0,284.4167602241449
175,calibration,12330,11940,12300,360,2,1000,1,temporal,0.021583416666666664,0.10118633333333334,1.0,1024.0,284.4167602241449
176,calibration,12619,12237,12597,360,2,1000,1,static,0.048399833333333336,0.12280508333333333,12.0,12288.0,614.5092262991434
176,calibration,12619,12237,12597,360,2,1000,1,temporal,0.022471416666666664,0.09601591666666666,4.0,4096.0,614.5092262991434
177,calibration,9186,7478,8918,1440,4,1000,1,static,0.08381416666666668,0.6247389166666667,76.0,77824.0,-405.04938843027224
177,calibration,9186,7478,8918,1440,4,1000,1,temporal,0.03180383333333333,0.57688675,13.0,13312.0,-405.04938843027224
178,calibration,8679,7967,8327,360,6,200,1,static,0.08490591666666668,0.2896330833333333,36.0,36864.0,1306.8884389300574
178,calibration,8679,7967,8327,360,6,200,1,temporal,0.030193833333333336,0.23797158333333335,9.0,9216.0,1306.8884389300574
179,calibration,12688,12431,12491,60,2,200,1,static,0.03805025,0.0607285,3.0,3072.0,-2.166481099977874
179,calibration,12688,12431,12491,60,2,200,1,temporal,0.020800083333333334,0.04210808333333333,3.0,3072.0,-2.166481099977874
180,regular_holdout,19783,18001,19441,1440,4,200,1,static,0.14239525,0.7029139999999999,72.0,73728.0,-152.07810610187448
180,regular_holdout,19783,18001,19441,1440,4,200,1,temporal,0.033671,0.6294101666666666,10.0,10240.0,-152.07810610187448
181,regular_holdout,25411,25021,25201,180,2,1000,1,static,0.06585641666666667,0.12524358333333332,4.0,4096.0,-92.6612935241259
181,regular_holdout,25411,25021,25201,180,2,1000,1,temporal,0.03299825,0.09693166666666668,1.0,1024.0,-92.6612935241259
182,regular_holdout,17389,16463,17183,720,4,5000,1,static,0.14438341666666668,0.42782800000000004,37.0,37888.0,-1554.022602218216
182,regular_holdout,17389,16463,17183,720,4,5000,1,temporal,0.045394333333333335,0.3605251666666667,6.0,6144.0,-1554.022602218216
183,regular_holdout,20866,20365,20545,180,2,200,1,static,0.06142775,0.10480608333333334,8.0,8192.0,55.521762617929625
183,regular_holdout,20866,20365,20545,180,2,200,1,temporal,0.022462416666666665,0.07215241666666666,3.0,3072.0,55.521762617929625
184,regular_holdout,21288,20618,20978,360,6,200,1,static,0.17387483333333334,0.48244899999999996,27.0,27648.0,-1430.716045713584
184,regular_holdout,21288,20618,20978,360,6,200,1,temporal,0.05030175,0.2873879166666667,4.0,4096.0,-1430.716045713584
185,regular_holdout,17394,17007,17367,360,4,200,1,static,0.11558991666666667,0.2641144166666667,17.0,17408.0,-85.30372614855644
185,regular_holdout,17394,17007,17367,360,4,200,1,temporal,0.027905666666666665,0.17883116666666665,2.0,2048.0,-85.30372614855644
186,regular_holdout,25452,23818,25258,1440,4,5000,1,static,0.16909916666666666,0.7302154166666667,73.0,74752.0,-222.14273617818137
186,regular_holdout,25452,23818,25258,1440,4,5000,1,temporal,0.049938083333333334,0.61339875,11.0,11264.0,-222.14273617818137
187,regular_holdout,16550,15932,16292,360,4,200,1,static,0.09670466666666666,0.2477589166666667,22.0,22528.0,517.7007837374384
187,regular_holdout,16550,15932,16292,360,4,200,1,temporal,0.03016125,0.17799825,5.0,5120.0,517.7007837374384
188,regular_holdout,18846,18383,18743,360,4,1000,1,static,0.10278216666666667,0.25013674999999996,17.0,17408.0,-260.71249698245543
188,regular_holdout,18846,18383,18743,360,4,1000,1,temporal,0.03964675,0.19527275,3.0,3072.0,-260.71249698245543
189,regular_holdout,19814,19445,19625,180,8,200,1,static,0.20166816666666665,0.36339116666666665,27.0,27648.0,-1409.6520966643495
189,regular_holdout,19814,19445,19625,180,8,200,1,temporal,0.05940641666666666,0.22239883333333332,8.0,8192.0,-1409.6520966643495
190,regular_holdout,26112,24600,26040,1440,6,1000,1,static,0.24738741666666667,1.09167125,112.0,114688.0,-82.03378463502501
190,regular_holdout,26112,24600,26040,1440,6,1000,1,temporal,0.05620083333333333,0.8843924166666667,17.0,17408.0,-82.03378463502501
191,regular_holdout,21193,20923,21103,180,4,1000,1,static,0.13653475,0.22152408333333332,13.0,13312.0,-665.6929022607982
191,regular_holdout,21193,20923,21103,180,4,1000,1,temporal,0.037705666666666665,0.12635291666666668,6.0,6144.0,-665.6929022607982
192,regular_holdout,18252,17803,17983,180,4,200,1,static,0.10249075,0.1841660833333333,9.0,9216.0,429.9880603277934
192,regular_holdout,18252,17803,17983,180,4,200,1,temporal,0.027641833333333334,0.13420200000000002,2.0,2048.0,429.9880603277934
193,regular_holdout,27179,26777,27137,360,4,1000,1,static,0.14219991666666668,0.2936580833333333,21.0,21504.0,1216.18270775301
193,regular_holdout,27179,26777,27137,360,4,1000,1,temporal,0.04221883333333334,0.193627,6.0,6144.0,1216.18270775301
194,regular_holdout,19803,19518,19578,60,8,5000,1,static,0.23400833333333335,0.30710624999999997,13.0,13312.0,-487.3174219060923
194,regular_holdout,19803,19518,19578,60,8,5000,1,temporal,0.077428,0.14866058333333335,5.0,5120.0,-487.3174219060923
195,regular_holdout,18044,17916,17976,60,2,5000,1,static,0.06781091666666667,0.09156191666666667,3.0,3072.0,38.745078226720075
195,regular_holdout,18044,17916,17976,60,2,5000,1,temporal,0.03478741666666667,0.05821883333333333,1.0,1024.0,38.745078226720075
196,regular_holdout,23768,23577,23757,180,2,200,1,static,0.06190183333333333,0.10647941666666666,5.0,5120.0,-316.62892641089746
196,regular_holdout,23768,23577,23757,180,2,200,1,temporal,0.01970075,0.06994158333333333,1.0,1024.0,-316.62892641089746
197,regular_holdout,27828,26202,27642,1440,2,200,1,static,0.07809308333333333,0.36023166666666667,34.0,34816.0,-163.72996440485383
197,regular_holdout,27828,26202,27642,1440,2,200,1,temporal,0.02720525,0.29753325,6.0,6144.0,-163.72996440485383
198,regular_holdout,23483,23192,23252,60,8,1000,1,static,0.22533250000000002,0.29348308333333334,11.0,11264.0,193.7094495003386
198,regular_holdout,23483,23192,23252,60,8,1000,1,temporal,0.05666558333333333,0.13861458333333335,5.0,5120.0,193.7094495003386
199,regular_holdout,19112,17382,18822,1440,2,1000,1,static,0.07460616666666667,0.35660525000000004,39.0,39936.0,48.95565336695566
199,regular_holdout,19112,17382,18822,1440,2,1000,1,temporal,0.022045,0.29743583333333334,4.0,4096.0,48.95565336695566
200,regular_holdout,18148,17799,17859,60,4,200,1,static,0.09707433333333333,0.13217658333333335,4.0,4096.0,156.85915958172885
200,regular_holdout,18148,17799,17859,60,4,200,1,temporal,0.031157083333333335,0.06859616666666667,2.0,2048.0,156.85915958172885
201,regular_holdout,17766,17625,17685,60,6,200,1,static,0.13733525,0.1869685,8.0,8192.0,415.98895147672397
201,regular_holdout,17766,17625,17685,60,6,200,1,temporal,0.038274499999999996,0.08836125,3.0,3072.0,415.98895147672397
202,regular_holdout,23215,22766,22946,180,4,200,1,static,0.11150783333333335,0.19465600000000002,8.0,8192.0,535.6929062603964
202,regular_holdout,23215,22766,22946,180,4,200,1,temporal,0.03286541666666667,0.12129166666666667,2.0,2048.0,535.6929062603964
203,regular_holdout,17312,16367,17087,720,2,1000,1,static,0.064717,0.20458191666666667,20.0,20480.0,-497.70531074427504
203,regular_holdout,17312,16367,17087,720,2,1000,1,temporal,0.023667583333333336,0.19178099999999998,3.0,3072.0,-497.70531074427504
204,regular_holdout,16441,16020,16200,180,4,200,1,static,0.09022475,0.17326883333333332,9.0,9216.0,402.7698334615672
204,regular_holdout,16441,16020,16200,180,4,200,1,temporal,0.02869741666666667,0.11457650000000001,2.0,2048.0,402.7698334615672
205,regular_holdout,20040,18501,19941,1440,4,200,1,static,0.13611925,0.6975343333333334,73.0,74752.0,-106.33396589324286
205,regular_holdout,20040,18501,19941,1440,4,200,1,temporal,0.036303166666666664,0.6014965833333333,11.0,11264.0,-106.33396589324286
206,regular_holdout,16111,15850,16030,180,2,1000,1,static,0.055301833333333335,0.09898708333333334,8.0,8192.0,-151.82974917822813
206,regular_holdout,16111,15850,16030,180,2,1000,1,temporal,0.02486266666666667,0.06985983333333333,3.0,3072.0,-151.82974917822813
207,regular_holdout,21535,19932,21372,1440,4,1000,1,static,0.32673941666666667,0.9376641666666666,75.0,76800.0,-13.767593177748621
207,regular_holdout,21535,19932,21372,1440,4,1000,1,temporal,0.04339125,0.5955354166666668,11.0,11264.0,-13.767593177748621
208,regular_holdout,28322,26663,28103,1440,2,1000,1,static,0.103262,0.38275983333333335,41.0,41984.0,-94.31023882359763
208,regular_holdout,28322,26663,28103,1440,2,1000,1,temporal,0.026897416666666663,0.33290591666666663,6.0,6144.0,-94.31023882359763
209,regular_holdout,26350,24679,26119,1440,2,1000,1,static,0.08157916666666666,0.3685833333333333,34.0,34816.0,-37.41323160695711
209,regular_holdout,26350,24679,26119,1440,2,1000,1,temporal,0.032454083333333335,0.3426140833333333,6.0,6144.0,-37.41323160695711
210,regular_holdout,16897,16747,16807,60,2,200,1,static,0.0530135,0.07352208333333334,4.0,4096.0,-77.03043498335282
210,regular_holdout,16897,16747,16807,60,2,200,1,temporal,0.02080875,0.04310508333333333,2.0,2048.0,-77.03043498335282
211,regular_holdout,18823,18355,18535,180,2,1000,1,static,0.056722416666666664,0.100401,5.0,5120.0,-242.78967782495738
211,regular_holdout,18823,18355,18535,180,2,1000,1,temporal,0.022430666666666668,0.06455591666666667,1.0,1024.0,-242.78967782495738
212,regular_holdout,19031,18540,18720,180,2,5000,1,static,0.06377391666666667,0.10496191666666667,5.0,5120.0,57.418152735819596
212,regular_holdout,19031,18540,18720,180,2,5000,1,temporal,0.025264333333333333,0.06705799999999999,1.0,1024.0,57.418152735819596
213,regular_holdout,18022,17956,18016,60,4,5000,1,static,0.10728075,0.14645266666666668,5.0,5120.0,75.65553489270394
213,regular_holdout,18022,17956,18016,60,4,5000,1,temporal,0.042429416666666664,0.08157516666666667,2.0,2048.0,75.65553489270394
214,regular_holdout,25759,24056,25496,1440,2,1000,1,static,0.09372425000000001,0.41477,40.0,40960.0,100.21451404515814
214,regular_holdout,25759,24056,25496,1440,2,1000,1,temporal,0.027559249999999997,0.3169501666666667,5.0,5120.0,100.21451404515814
215,regular_holdout,17342,16452,17172,720,2,200,1,static,0.06465958333333334,0.21143075,17.0,17408.0,-665.8748002661969
215,regular_holdout,17342,16452,17172,720,2,200,1,temporal,0.020697999999999998,0.16249075,3.0,3072.0,-665.8748002661969
216,regular_holdout,22768,22470,22650,180,4,1000,1,static,0.12540241666666666,0.21071966666666667,12.0,12288.0,-134.23003349584377
216,regular_holdout,22768,22470,22650,180,4,1000,1,temporal,0.039089000000000006,0.12471191666666666,5.0,5120.0,-134.23003349584377
217,regular_holdout,17051,16468,16828,360,2,1000,1,static,0.05242783333333333,0.12983975,10.0,10240.0,-93.25309244717165
217,regular_holdout,17051,16468,16828,360,2,1000,1,temporal,0.021468333333333336,0.09403633333333333,3.0,3072.0,-93.25309244717165
218,regular_holdout,25991,25503,25863,360,2,1000,1,static,0.07814725,0.15368166666666666,9.0,9216.0,637.8089143193822
218,regular_holdout,25991,25503,25863,360,2,1000,1,temporal,0.022170166666666668,0.09523558333333333,1.0,1024.0,637.8089143193822
219,regular_holdout,22409,22176,22356,180,4,200,1,static,0.116528,0.19593649999999999,7.0,7168.0,-752.4891091383238
219,regular_holdout,22409,22176,22356,180,4,200,1,temporal,0.029536416666666666,0.1079625,2.0,2048.0,-752.4891091383238
220,regular_holdout,16033,15209,15929,720,4,200,1,static,0.10139516666666666,0.3902604166666666,39.0,39936.0,-1617.0009108567508
220,regular_holdout,16033,15209,15929,720,4,200,1,temporal,0.02990691666666667,0.31435799999999997,6.0,6144.0,-1617.0009108567508
221,regular_holdout,21424,20956,21316,360,6,1000,1,static,0.18075641666666667,0.41982483333333337,36.0,36864.0,-1179.2679615519587
221,regular_holdout,21424,20956,21316,360,6,1000,1,temporal,0.0521965,0.27342441666666667,9.0,9216.0,-1179.2679615519587
222,regular_holdout,25419,25093,25153,60,2,1000,1,static,0.06253608333333334,0.08506608333333333,3.0,3072.0,-70.14409562877375
222,regular_holdout,25419,25093,25153,60,2,1000,1,temporal,0.026490166666666665,0.04794175,1.0,1024.0,-70.14409562877375
223,regular_holdout,25327,24628,24988,360,2,1000,1,static,0.07926666666666667,0.15869091666666665,9.0,9216.0,-256.23543757146393
223,regular_holdout,25327,24628,24988,360,2,1000,1,temporal,0.02149175,0.09900633333333332,1.0,1024.0,-256.23543757146393
224,regular_holdout,26707,26449,26629,180,4,1000,1,static,0.1344175,0.21449791666666665,11.0,11264.0,-458.25743345491543
224,regular_holdout,26707,26449,26629,180,4,1000,1,temporal,0.04052725,0.124127,2.0,2048.0,-458.25743345491543
225,regular_holdout,22467,22140,22200,60,8,200,1,static,0.252264,0.3254746666666667,10.0,10240.0,-343.1512035651212
225,regular_holdout,22467,22140,22200,60,8,200,1,temporal,0.05585925,0.12221233333333333,4.0,4096.0,-343.1512035651212
226,regular_holdout,26262,25478,26198,720,6,200,1,static,0.22922525000000002,0.6477239166666667,59.0,60416.0,1429.422988113204
226,regular_holdout,26262,25478,26198,720,6,200,1,temporal,0.05238916666666666,0.48650750000000004,10.0,10240.0,1429.422988113204
227,regular_holdout,28236,28023,28083,60,4,1000,1,static,0.14813825,0.19234183333333332,4.0,4096.0,6.019606124233323
227,regular_holdout,28236,28023,28083,60,4,1000,1,temporal,0.03893633333333333,0.07886016666666666,2.0,2048.0,6.019606124233323
228,regular_holdout,19310,18814,19174,360,4,200,1,static,0.10768366666666666,0.25662725000000003,23.0,23552.0,1211.543701106596
228,regular_holdout,19310,18814,19174,360,4,200,1,temporal,0.0311155,0.17971766666666666,7.0,7168.0,1211.543701106596
229,regular_holdout,19815,19375,19735,360,4,1000,1,static,0.11381208333333333,0.26022933333333337,22.0,22528.0,-1239.7528418529546
229,regular_holdout,19815,19375,19735,360,4,1000,1,temporal,0.03311691666666667,0.17666475,6.0,6144.0,-1239.7528418529546
230,regular_holdout,17787,17267,17627,360,6,1000,1,static,0.15001433333333333,0.3868133333333333,35.0,35840.0,1346.7260041670381
230,regular_holdout,17787,17267,17627,360,6,1000,1,temporal,0.05357241666666667,0.2803506666666667,9.0,9216.0,1346.7260041670381
231,regular_holdout,16677,16174,16354,180,4,5000,1,static,0.12891075,0.21573125,12.0,12288.0,627.2442769327453
231,regular_holdout,16677,16174,16354,180,4,5000,1,temporal,0.038994916666666664,0.12194116666666667,2.0,2048.0,627.2442769327453
232,regular_holdout,23151,22157,22877,720,2,1000,1,static,0.10552225,0.25595783333333333,21.0,21504.0,-97.75991458800154
232,regular_holdout,23151,22157,22877,720,2,1000,1,temporal,0.027970416666666668,0.18182066666666666,3.0,3072.0,-97.75991458800154
233,regular_holdout,22326,20679,22119,1440,6,5000,1,static,0.21693874999999999,1.0430849166666667,106.0,108544.0,-433.0403543283046
233,regular_holdout,22326,20679,22119,1440,6,5000,1,temporal,0.062269083333333336,0.90228975,16.0,16384.0,-433.0403543283046
234,regular_holdout,23993,23924,23984,60,8,200,1,static,0.23528841666666667,0.31045133333333336,14.0,14336.0,16.01092225303578
234,regular_holdout,23993,23924,23984,60,8,200,1,temporal,0.06561491666666666,0.14215066666666668,6.0,6144.0,16.01092225303578
235,regular_holdout,23051,22412,22772,360,4,1000,1,static,0.12436483333333333,0.26936258333333335,23.0,23552.0,253.42289287046916
235,regular_holdout,23051,22412,22772,360,4,1000,1,temporal,0.0376395,0.18571016666666665,6.0,6144.0,253.42289287046916
236,regular_holdout,27194,26517,26877,360,2,200,1,static,0.07647408333333333,0.155456,9.0,9216.0,470.28303706398464
236,regular_holdout,27194,26517,26877,360,2,200,1,temporal,0.024663166666666667,0.10571333333333333,1.0,1024.0,470.28303706398464
237,regular_holdout,23778,23243,23423,180,2,200,1,static,0.05973866666666666,0.10200083333333333,8.0,8192.0,-193.41446134813654
237,regular_holdout,23778,23243,23423,180,2,200,1,temporal,0.02199833333333333,0.06490333333333333,4.0,4096.0,-193.41446134813654
238,regular_holdout,18582,16823,18263,1440,6,1000,1,static,0.19220650000000003,1.012675,115.0,117760.0,-535.6182999248357
238,regular_holdout,18582,16823,18263,1440,6,1000,1,temporal,0.047061,0.8849845,16.0,16384.0,-535.6182999248357
239,regular_holdout,24457,23833,24193,360,4,5000,1,static,0.14335108333333332,0.294199,23.0,23552.0,193.9828757242408
239,regular_holdout,24457,23833,24193,360,4,5000,1,temporal,0.043541833333333335,0.19080958333333334,6.0,6144.0,193.9828757242408
240,regular_holdout,17115,15348,16788,1440,2,200,1,static,0.07384341666666668,0.34730516666666666,40.0,40960.0,-11.933110663565131
240,regular_holdout,17115,15348,16788,1440,2,200,1,temporal,0.021057666666666666,0.3255055833333333,5.0,5120.0,-11.933110663565131
241,regular_holdout,20655,20275,20455,180,6,200,1,static,0.1516485,0.273124,19.0,19456.0,1100.0076325084244
241,regular_holdout,20655,20275,20455,180,6,200,1,temporal,0.042257916666666666,0.16044250000000002,6.0,6144.0,1100.0076325084244
242,regular_holdout,20369,19926,20286,360,2,1000,1,static,0.06626025,0.1438825,12.0,12288.0,147.30709347371516
242,regular_holdout,20369,19926,20286,360,2,1000,1,temporal,0.023053833333333332,0.10241483333333333,3.0,3072.0,147.30709347371516
243,regular_holdout,24557,24096,24276,180,4,200,1,static,0.138849,0.2283936666666667,8.0,8192.0,467.9667850382794
243,regular_holdout,24557,24096,24276,180,4,200,1,temporal,0.03408758333333333,0.11658641666666665,2.0,2048.0,467.9667850382794
244,regular_holdout,20228,19311,20031,720,2,200,1,static,0.06604325,0.2122008333333333,20.0,20480.0,-876.2139506642083
244,regular_holdout,20228,19311,20031,720,2,200,1,temporal,0.020903249999999998,0.16821025,3.0,3072.0,-876.2139506642083
245,regular_holdout,25140,24751,25111,360,8,1000,1,static,0.25836075000000003,0.5494091666666666,37.0,37888.0,-2410.9191110094043
245,regular_holdout,25140,24751,25111,360,8,1000,1,temporal,0.059056083333333335,0.35437525,6.0,6144.0,-2410.9191110094043
246,regular_holdout,24465,24207,24387,180,4,200,1,static,0.11967024999999999,0.19499999999999998,9.0,9216.0,666.0363839025981
246,regular_holdout,24465,24207,24387,180,4,200,1,temporal,0.031087166666666666,0.11137191666666667,2.0,2048.0,666.0363839025981
247,regular_holdout,23640,22049,23489,1440,2,1000,1,static,0.08641650000000001,0.39585133333333333,41.0,41984.0,15.853368332068223
247,regular_holdout,23640,22049,23489,1440,2,1000,1,temporal,0.026079333333333333,0.3050980833333333,7.0,7168.0,15.853368332068223
248,regular_holdout,24372,23350,24070,720,2,200,1,static,0.07346425,0.21189958333333334,22.0,22528.0,-850.2304609726781
248,regular_holdout,24372,23350,24070,720,2,200,1,temporal,0.02157275,0.160113,4.0,4096.0,-850.2304609726781
249,regular_holdout,24461,24055,24415,360,2,200,1,static,0.06527883333333333,0.13801041666666666,10.0,10240.0,451.2208669991676
249,regular_holdout,24461,24055,24415,360,2,200,1,temporal,0.018497916666666666,0.09180458333333334,1.0,1024.0,451.2208669991676
250,regular_holdout,25221,24905,24965,60,8,5000,1,static,0.24704783333333333,0.32104225000000003,8.0,8192.0,-483.3778029469832
250,regular_holdout,25221,24905,24965,60,8,5000,1,temporal,0.06896858333333333,0.143063,4.0,4096.0,-483.3778029469832
251,regular_holdout,18140,16461,17901,1440,2,200,1,static,0.07350541666666667,0.34572875,42.0,43008.0,109.91474590008708
251,regular_holdout,18140,16461,17901,1440,2,200,1,temporal,0.02184533333333333,0.3019239166666667,6.0,6144.0,109.91474590008708
252,regular_holdout,27353,26929,27289,360,2,1000,1,static,0.08772433333333333,0.16600258333333334,11.0,11264.0,615.2674420203142
252,regular_holdout,27353,26929,27289,360,2,1000,1,temporal,0.023960333333333333,0.10282633333333334,2.0,2048.0,615.2674420203142
253,regular_holdout,22590,22086,22266,180,2,200,1,static,0.0606795,0.10275808333333332,5.0,5120.0,-157.04087719817232
253,regular_holdout,22590,22086,22266,180,2,200,1,temporal,0.017559166666666667,0.059117,1.0,1024.0,-157.04087719817232
254,regular_holdout,24167,23472,23832,360,4,1000,1,static,0.18471258333333332,0.33783425,17.0,17408.0,-1286.6085640388578
254,regular_holdout,24167,23472,23832,360,4,1000,1,temporal,0.035056416666666666,0.18472875,2.0,2048.0,-1286.6085640388578
255,regular_holdout,21397,19665,21105,1440,4,200,1,static,0.14444166666666666,0.7406335833333334,75.0,76800.0,-343.7033286659859
255,regular_holdout,21397,19665,21105,1440,4,200,1,temporal,0.039487166666666663,0.6021156666666667,11.0,11264.0,-343.7033286659859
256,regular_holdout,21482,19831,21271,1440,4,1000,1,static,0.15966158333333333,0.7337549166666667,73.0,74752.0,-358.5869695417079
256,regular_holdout,21482,19831,21271,1440,4,1000,1,temporal,0.038611,0.5972540000000001,11.0,11264.0,-358.5869695417079
257,regular_holdout,20014,19589,19949,360,8,5000,1,static,0.2379623333333333,0.5401586666666667,37.0,37888.0,-1773.4417946549968
257,regular_holdout,20014,19589,19949,360,8,5000,1,temporal,0.071111,0.3741444166666667,8.0,8192.0,-1773.4417946549968
258,regular_holdout,23625,22906,23266,360,6,200,1,static,0.18937475,0.410429,32.0,32768.0,1213.6088829931512
258,regular_holdout,23625,22906,23266,360,6,200,1,temporal,0.05315366666666666,0.28458716666666667,9.0,9216.0,1213.6088829931512
259,regular_holdout,19056,18049,18769,720,6,1000,1,static,0.18076183333333332,0.6318608333333333,62.0,63488.0,-2193.6484411846254
259,regular_holdout,19056,18049,18769,720,6,1000,1,temporal,0.04278991666666667,0.48524575000000003,10.0,10240.0,-2193.6484411846254
260,regular_holdout,25415,25157,25337,180,2,5000,1,static,0.07442916666666667,0.12006083333333332,6.0,6144.0,-209.61388788136182
260,regular_holdout,25415,25157,25337,180,2,5000,1,temporal,0.03283708333333333,0.07828916666666667,3.0,3072.0,-209.61388788136182
261,regular_holdout,23732,23555,23615,60,4,1000,1,static,0.12264475000000001,0.16179375,6.0,6144.0,-219.70843701494425
261,regular_holdout,23732,23555,23615,60,4,1000,1,temporal,0.037165250000000004,0.07823666666666666,2.0,2048.0,-219.70843701494425
262,regular_holdout,25563,23805,25245,1440,2,1000,1,static,0.08981341666666666,0.38812625,41.0,41984.0,-4.53333917966873
262,regular_holdout,25563,23805,25245,1440,2,1000,1,temporal,0.027259666666666668,0.32129033333333334,5.0,5120.0,-4.53333917966873
263,regular_holdout,24811,23137,24577,1440,4,200,1,static,0.148487,0.7300648333333334,73.0,74752.0,175.68896779185488
263,regular_holdout,24811,23137,24577,1440,4,200,1,temporal,0.038761833333333336,0.5862315,10.0,10240.0,175.68896779185488
264,regular_holdout,23352,22952,23312,360,6,200,1,static,0.17567908333333335,0.3884801666666667,32.0,32768.0,1541.0473420777414
264,regular_holdout,23352,22952,23312,360,6,200,1,temporal,0.05414858333333333,0.30825291666666665,9.0,9216.0,1541.0473420777414
265,regular_holdout,24981,24686,24866,180,4,1000,1,static,0.13116925,0.21781108333333332,9.0,9216.0,-187.724124340165
265,regular_holdout,24981,24686,24866,180,4,1000,1,temporal,0.03685816666666667,0.11641275,2.0,2048.0,-187.724124340165
266,regular_holdout,19662,19426,19606,180,8,200,1,static,0.20865725000000002,0.3794705,23.0,23552.0,-1133.1222679966877
266,regular_holdout,19662,19426,19606,180,8,200,1,temporal,0.055355416666666664,0.21754666666666667,10.0,10240.0,-1133.1222679966877
267,regular_holdout,26107,25361,26081,720,4,200,1,static,0.1469365,0.4286750833333333,38.0,38912.0,1567.4515696532283
267,regular_holdout,26107,25361,26081,720,4,200,1,temporal,0.0357665,0.33028691666666665,7.0,7168.0,1567.4515696532283
268,regular_holdout,22221,20577,22017,1440,2,200,1,static,0.07749791666666667,0.36618291666666664,32.0,32768.0,-58.21075100434456
268,regular_holdout,22221,20577,22017,1440,2,200,1,temporal,0.024225833333333335,0.3297185833333333,5.0,5120.0,-58.21075100434456
269,regular_holdout,19407,19220,19400,180,4,1000,1,static,0.10355091666666666,0.18264383333333334,11.0,11264.0,-183.04325115695656
269,regular_holdout,19407,19220,19400,180,4,1000,1,temporal,0.030903666666666666,0.1114155,2.0,2048.0,-183.04325115695656
270,regular_holdout,22355,21951,22131,180,8,1000,1,static,0.23189016666666665,0.39481216666666663,21.0,21504.0,-279.7292027588729
270,regular_holdout,22355,21951,22131,180,8,1000,1,temporal,0.057938416666666666,0.23802408333333333,5.0,5120.0,-279.7292027588729
271,regular_holdout,23814,23170,23530,360,6,1000,1,static,0.17432024999999998,0.38911866666666667,29.0,29696.0,-252.5409419480521
271,regular_holdout,23814,23170,23530,360,6,1000,1,temporal,0.04569408333333334,0.26027791666666666,5.0,5120.0,-252.5409419480521
272,regular_holdout,19202,18868,18928,60,4,200,1,static,0.0978445,0.13697366666666666,6.0,6144.0,235.38350649727883
272,regular_holdout,19202,18868,18928,60,4,200,1,temporal,0.029653333333333334,0.06568625,2.0,2048.0,235.38350649727883
273,regular_holdout,21163,20953,21133,180,6,1000,1,static,0.15559525,0.2748465,23.0,23552.0,-1034.59419012135
273,regular_holdout,21163,20953,21133,180,6,1000,1,temporal,0.04246241666666667,0.15539908333333333,9.0,9216.0,-1034.59419012135
274,regular_holdout,24693,23770,24490,720,4,200,1,static,0.13338841666666668,0.4168990833333333,37.0,37888.0,634.1702903080082
274,regular_holdout,24693,23770,24490,720,4,200,1,temporal,0.03260866666666667,0.31956758333333335,6.0,6144.0,634.1702903080082
275,regular_holdout,25235,24751,24931,180,6,1000,1,static,0.19707208333333334,0.31866283333333334,14.0,14336.0,-765.2959810394008
275,regular_holdout,25235,24751,24931,180,6,1000,1,temporal,0.04744508333333333,0.16176483333333333,4.0,4096.0,-765.2959810394008
276,regular_holdout,23755,23469,23649,180,4,200,1,static,0.11850191666666667,0.20893858333333334,8.0,8192.0,-603.4882376048887
276,regular_holdout,23755,23469,23649,180,4,200,1,temporal,0.034235916666666664,0.11816608333333334,3.0,3072.0,-603.4882376048887
277,regular_holdout,22741,22213,22393,180,4,1000,1,static,0.14092666666666667,0.22782141666666667,9.0,9216.0,-724.1481238976968
277,regular_holdout,22741,22213,22393,180,4,1000,1,temporal,0.03231208333333333,0.11659900000000001,2.0,2048.0,-724.1481238976968
278,regular_holdout,28108,27754,27814,60,2,200,1,static,0.07719016666666667,0.10208016666666668,1.0,1024.0,-104.14833748585575
278,regular_holdout,28108,27754,27814,60,2,200,1,temporal,0.02148158333333333,0.04323775,1.0,1024.0,-104.14833748585575
279,regular_holdout,17904,17557,17617,60,8,200,1,static,0.19187291666666664,0.26444066666666666,9.0,9216.0,486.07786247478276
279,regular_holdout,17904,17557,17617,60,8,200,1,temporal,0.04978866666666667,0.12899341666666667,4.0,4096.0,486.07786247478276
280,regular_holdout,17086,16754,16934,180,4,5000,1,static,0.09959808333333332,0.19119258333333333,10.0,10240.0,-653.8210751865746
280,regular_holdout,17086,16754,16934,180,4,5000,1,temporal,0.036366583333333334,0.12317466666666667,2.0,2048.0,-653.8210751865746
281,regular_holdout,22090,21581,21761,180,4,1000,1,static,0.11804766666666666,0.20016441666666665,12.0,12288.0,589.1114210247912
281,regular_holdout,22090,21581,21761,180,4,1000,1,temporal,0.031802083333333335,0.11057616666666666,2.0,2048.0,589.1114210247912
282,regular_holdout,17888,16423,17863,1440,8,200,1,static,0.2378805833333333,1.3174650833333332,145.0,148480.0,526.3766001510136
282,regular_holdout,17888,16423,17863,1440,8,200,1,temporal,0.05441233333333333,1.1637700833333333,20.0,20480.0,526.3766001510136
283,regular_holdout,22951,21510,22950,1440,4,1000,1,static,0.15586008333333334,0.7483545,73.0,74752.0,406.6581328069553
283,regular_holdout,22951,21510,22950,1440,4,1000,1,temporal,0.042044500000000005,0.606782,10.0,10240.0,406.6581328069553
284,regular_holdout,16499,16200,16380,180,2,5000,1,static,0.07645316666666667,0.12007091666666665,6.0,6144.0,311.01925634724364
284,regular_holdout,16499,16200,16380,180,2,5000,1,temporal,0.030931916666666667,0.08205416666666666,1.0,1024.0,311.01925634724364
285,regular_holdout,24838,23313,24753,1440,4,200,1,static,0.1534245,0.71425525,73.0,74752.0,-215.63555537777452
285,regular_holdout,24838,23313,24753,1440,4,200,1,temporal,0.03993791666666666,0.5968285,10.0,10240.0,-215.63555537777452
286,regular_holdout,27170,25619,27059,1440,6,200,1,static,0.24205849999999998,1.0802654166666668,108.0,110592.0,689.017132623297
286,regular_holdout,27170,25619,27059,1440,6,200,1,temporal,0.06093875000000001,0.93191875,15.0,15360.0,689.017132623297
287,regular_holdout,18934,18146,18866,720,6,1000,1,static,0.17555158333333332,0.6106971666666666,61.0,62464.0,-1211.799138766942
287,regular_holdout,18934,18146,18866,720,6,1000,1,temporal,0.047959916666666665,0.4777800833333334,12.0,12288.0,-1211.799138766942
288,regular_holdout,23602,21934,23374,1440,6,200,1,static,0.22410133333333335,1.0477398333333332,111.0,113664.0,-251.33449649126703
288,regular_holdout,23602,21934,23374,1440,6,200,1,temporal,0.060283583333333335,0.8856496666666667,16.0,16384.0,-251.33449649126703
289,regular_holdout,19849,19633,19693,60,8,1000,1,static,0.19530441666666665,0.27319133333333334,13.0,13312.0,-481.3111687083984
289,regular_holdout,19849,19633,19693,60,8,1000,1,temporal,0.05796358333333334,0.125615,4.0,4096.0,-481.3111687083984
290,regular_holdout,17699,16018,17458,1440,4,1000,1,static,0.12234016666666665,0.6694408333333333,74.0,75776.0,231.58034259540054
290,regular_holdout,17699,16018,17458,1440,4,1000,1,temporal,0.03709958333333333,0.5763276666666667,10.0,10240.0,231.58034259540054
291,regular_holdout,16412,16226,16286,60,8,200,1,static,0.16815100000000002,0.24094933333333335,8.0,8192.0,403.61003066899866
291,regular_holdout,16412,16226,16286,60,8,200,1,temporal,0.05163558333333334,0.12178083333333334,4.0,4096.0,403.61003066899866
292,regular_holdout,19272,19210,19270,60,8,5000,1,static,0.2026673333333333,0.27469150000000003,9.0,9216.0,172.98392688362932
292,regular_holdout,19272,19210,19270,60,8,5000,1,temporal,0.0578425,0.12917625,4.0,4096.0,172.98392688362932
293,regular_holdout,19378,19213,19273,60,4,200,1,static,0.09837566666666665,0.13056416666666668,4.0,4096.0,111.48252872380067
293,regular_holdout,19378,19213,19273,60,4,200,1,temporal,0.027786083333333333,0.061155666666666664,2.0,2048.0,111.48252872380067
294,regular_holdout,16236,15729,15909,180,2,200,1,static,0.05877633333333334,0.10382441666666666,5.0,5120.0,-132.9202374124862
294,regular_holdout,16236,15729,15909,180,2,200,1,temporal,0.025309750000000002,0.07899866666666668,1.0,1024.0,-132.9202374124862
295,regular_holdout,22860,22122,22842,720,4,1000,1,static,0.14031133333333334,0.4300839166666666,39.0,39936.0,-1295.9634751570156
295,regular_holdout,22860,22122,22842,720,4,1000,1,temporal,0.03618958333333334,0.3167824166666667,7.0,7168.0,-1295.9634751570156
296,regular_holdout,18061,17706,17766,60,2,5000,1,static,0.06616925,0.08957716666666667,2.0,2048.0,105.90704526139304
296,regular_holdout,18061,17706,17766,60,2,5000,1,temporal,0.02884358333333333,0.05052316666666667,1.0,1024.0,105.90704526139304
297,regular_holdout,24045,23776,23836,60,6,200,1,static,0.18237166666666668,0.2423833333333333,4.0,4096.0,-361.3700990923474
297,regular_holdout,24045,23776,23836,60,6,200,1,temporal,0.04301766666666667,0.09769283333333334,4.0,4096.0,-361.3700990923474
298,regular_holdout,24941,23239,24679,1440,4,200,1,static,0.15168025,0.6973255833333334,73.0,74752.0,152.54057568817652
298,regular_holdout,24941,23239,24679,1440,4,200,1,temporal,0.036492666666666666,0.57957,10.0,10240.0,152.54057568817652
299,regular_holdout,20345,18601,20041,1440,4,200,1,static,0.12999408333333332,0.6872144166666666,71.0,72704.0,-144.45620998085346
299,regular_holdout,20345,18601,20041,1440,4,200,1,temporal,0.035778333333333336,0.6084085,10.0,10240.0,-144.45620998085346
300,regular_holdout,17961,17387,17747,360,4,200,1,static,0.09897125,0.25091291666666665,24.0,24576.0,1158.4754559326032
300,regular_holdout,17961,17387,17747,360,4,200,1,temporal,0.02917925,0.18675758333333334,6.0,6144.0,1158.4754559326032
301,regular_holdout,16380,16187,16367,180,6,200,1,static,0.14052333333333333,0.2763963333333333,16.0,16384.0,960.99749043435
301,regular_holdout,16380,16187,16367,180,6,200,1,temporal,0.036077083333333336,0.15485758333333333,3.0,3072.0,960.99749043435
302,regular_holdout,25759,24176,25616,1440,4,200,1,static,0.16216108333333332,0.7243606666666667,71.0,72704.0,415.04753171090744
302,regular_holdout,25759,24176,25616,1440,4,200,1,temporal,0.047132249999999994,0.6036756666666666,10.0,10240.0,415.04753171090744
303,regular_holdout,24148,23854,24034,180,4,1000,1,static,0.12745008333333332,0.20723258333333336,15.0,15360.0,227.6716698452593
303,regular_holdout,24148,23854,24034,180,4,1000,1,temporal,0.039059083333333335,0.12184083333333334,6.0,6144.0,227.6716698452593
304,regular_holdout,23784,23576,23756,180,2,1000,1,static,0.05903166666666667,0.1002115,5.0,5120.0,-316.02183073532535
304,regular_holdout,23784,23576,23756,180,2,1000,1,temporal,0.022083500000000002,0.06295191666666666,1.0,1024.0,-316.02183073532535
305,regular_holdout,18310,18038,18218,180,4,5000,1,static,0.11014675,0.19293041666666666,14.0,14336.0,-467.4678115009247
305,regular_holdout,18310,18038,18218,180,4,5000,1,temporal,0.12425466666666667,0.24209791666666666,6.0,6144.0,-467.4678115009247
306,regular_holdout,20391,19884,20064,180,2,200,1,static,0.05378,0.11717733333333334,5.0,5120.0,-68.2317052629391
306,regular_holdout,20391,19884,20064,180,2,200,1,temporal,0.021000916666666664,0.06735258333333333,1.0,1024.0,-68.2317052629391
307,regular_holdout,28387,28046,28106,60,4,1000,1,static,0.14709358333333333,0.18725241666666667,5.0,5120.0,50.68633059209409
307,regular_holdout,28387,28046,28106,60,4,1000,1,temporal,0.040334416666666664,0.078966,2.0,2048.0,50.68633059209409
308,regular_holdout,17095,16574,16754,180,4,1000,1,static,0.105161,0.19433166666666668,13.0,13312.0,-209.46511351573426
308,regular_holdout,17095,16574,16754,180,4,1000,1,temporal,0.03541191666666667,0.12240424999999999,4.0,4096.0,-209.46511351573426
309,regular_holdout,27597,26078,27518,1440,4,5000,1,static,0.1939775,0.7557805000000001,75.0,76800.0,-267.04729328227415
309,regular_holdout,27597,26078,27518,1440,4,5000,1,temporal,0.07272325,0.6313524166666666,12.0,12288.0,-267.04729328227415
310,regular_holdout,25186,24872,25052,180,2,1000,1,static,0.07499008333333333,0.12167408333333334,7.0,7168.0,-381.0370969240603
310,regular_holdout,25186,24872,25052,180,2,1000,1,temporal,0.026599583333333333,0.07364825,1.0,1024.0,-381.0370969240603
311,regular_holdout,22457,22096,22276,180,4,5000,1,static,0.13326925,0.2218314166666667,13.0,13312.0,-633.0683933911884
311,regular_holdout,22457,22096,22276,180,4,5000,1,temporal,0.045544916666666664,0.12848875,2.0,2048.0,-633.0683933911884
312,regular_holdout,19224,19005,19065,60,6,1000,1,static,0.1763375,0.24370866666666666,10.0,10240.0,226.38947876374255
312,regular_holdout,19224,19005,19065,60,6,1000,1,temporal,0.04494383333333333,0.10105616666666667,3.0,3072.0,226.38947876374255
313,regular_holdout,20390,19420,20140,720,4,1000,1,static,0.11924375,0.4313468333333333,38.0,38912.0,-1026.5485914130645
313,regular_holdout,20390,19420,20140,720,4,1000,1,temporal,0.03311666666666666,0.31335725,6.0,6144.0,-1026.5485914130645
314,regular_holdout,24359,22602,24042,1440,2,200,1,static,0.09622116666666668,0.39571758333333334,33.0,33792.0,-3.946105800827629
314,regular_holdout,24359,22602,24042,1440,2,200,1,temporal,0.027140166666666663,0.3023346666666667,5.0,5120.0,-3.946105800827629
315,regular_holdout,22958,22428,22608,180,6,5000,1,static,0.20348691666666666,0.32997816666666663,21.0,21504.0,-520.2941099977955
315,regular_holdout,22958,22428,22608,180,6,5000,1,temporal,0.06595641666666667,0.18767558333333334,8.0,8192.0,-520.2941099977955
316,regular_holdout,16544,16379,16439,60,4,1000,1,static,0.10284808333333334,0.14697958333333333,3.0,3072.0,157.77660333405413
316,regular_holdout,16544,16379,16439,60,4,1000,1,temporal,0.03964,0.08404308333333332,2.0,2048.0,157.77660333405413
317,regular_holdout,28661,28123,28483,360,6,200,1,static,0.22037566666666666,0.4499539166666667,34.0,34816.0,1914.017806026405
317,regular_holdout,28661,28123,28483,360,6,200,1,temporal,0.05546716666666667,0.29728225,9.0,9216.0,1914.017806026405
318,regular_holdout,20607,20252,20312,60,6,200,1,static,0.15683708333333332,0.20764141666666666,13.0,13312.0,344.73107145730074
318,regular_holdout,20607,20252,20312,60,6,200,1,temporal,0.04520691666666667,0.10757358333333333,8.0,8192.0,344.73107145730074
319,regular_holdout,22636,22283,22463,180,6,5000,1,static,0.1840995,0.30500883333333334,15.0,15360.0,-823.196961244736
319,regular_holdout,22636,22283,22463,180,6,5000,1,temporal,0.049672749999999995,0.17103708333333334,4.0,4096.0,-823.196961244736
320,regular_holdout,20955,20705,20885,180,6,200,1,static,0.1554635,0.2748658333333333,17.0,17408.0,-762.6962195308546
320,regular_holdout,20955,20705,20885,180,6,200,1,temporal,0.03780466666666667,0.17996791666666667,4.0,4096.0,-762.6962195308546
321,regular_holdout,19202,19018,19198,180,2,200,1,static,0.07986575,0.12511416666666667,4.0,4096.0,309.0420831786769
321,regular_holdout,19202,19018,19198,180,2,200,1,temporal,0.02315,0.09784625000000001,1.0,1024.0,309.0420831786769
322,regular_holdout,26760,26695,26755,60,2,1000,1,static,0.06470558333333333,0.08480683333333333,3.0,3072.0,7.735679968041314
322,regular_holdout,26760,26695,26755,60,2,1000,1,temporal,0.022917000000000003,0.043347250000000004,2.0,2048.0,7.735679968041314
323,regular_holdout,20276,19806,20166,360,2,1000,1,static,0.06853533333333334,0.16019150000000001,8.0,8192.0,16.319714656572287
323,regular_holdout,20276,19806,20166,360,2,1000,1,temporal,0.02359716666666667,0.09823016666666666,1.0,1024.0,16.319714656572287
324,regular_holdout,19238,19171,19231,60,2,200,1,static,0.06339675,0.08767508333333333,3.0,3072.0,69.3433327083831
324,regular_holdout,19238,19171,19231,60,2,200,1,temporal,0.018120666666666667,0.03636575,1.0,1024.0,69.3433327083831
325,regular_holdout,21020,20602,20782,180,2,5000,1,static,0.07553066666666668,0.12783641666666667,5.0,5120.0,49.678272958404456
325,regular_holdout,21020,20602,20782,180,2,5000,1,temporal,0.03714866666666667,0.08113425,1.0,1024.0,49.678272958404456
326,regular_holdout,23345,22569,23289,720,6,1000,1,static,0.19871466666666668,0.649105,54.0,55296.0,2366.611035063787
326,regular_holdout,23345,22569,23289,720,6,1000,1,temporal,0.057437666666666665,0.48373925,11.0,11264.0,2366.611035063787
327,regular_holdout,27438,26433,27153,720,8,200,1,static,0.317609,0.896381,74.0,75776.0,2027.7718233395083
327,regular_holdout,27438,26433,27153,720,8,200,1,temporal,0.06856966666666667,0.6293963333333333,13.0,13312.0,2027.7718233395083
328,regular_holdout,25647,25378,25438,60,4,200,1,static,0.13181683333333333,0.1687485833333333,4.0,4096.0,66.8984414731132
328,regular_holdout,25647,25378,25438,60,4,200,1,temporal,0.03586575,0.075524,2.0,2048.0,66.8984414731132
329,regular_holdout,22922,22035,22755,720,4,200,1,static,0.1522770833333333,0.44320966666666667,38.0,38912.0,-1110.74538387614
329,regular_holdout,22922,22035,22755,720,4,200,1,temporal,0.0327045,0.31249666666666664,6.0,6144.0,-1110.74538387614
330,regular_holdout,17484,15850,17290,1440,6,1000,1,static,0.19551325,1.0168405,114.0,116736.0,-172.0076260029283
330,regular_holdout,17484,15850,17290,1440,6,1000,1,temporal,0.05158133333333333,0.886956,15.0,15360.0,-172.0076260029283
331,regular_holdout,18970,17513,18953,1440,4,1000,1,static,0.15200741666666664,0.7346886666666667,73.0,74752.0,431.3758263656785
331,regular_holdout,18970,17513,18953,1440,4,1000,1,temporal,0.03950541666666667,0.6121691666666667,11.0,11264.0,431.3758263656785
332,regular_holdout,26695,26376,26556,180,4,5000,1,static,0.13960858333333334,0.22838033333333332,11.0,11264.0,-657.6634764112243
332,regular_holdout,26695,26376,26556,180,4,5000,1,temporal,0.04058241666666667,0.12510691666666668,2.0,2048.0,-657.6634764112243
333,regular_holdout,19785,19389,19749,360,6,200,1,static,0.16642583333333333,0.39482466666666666,31.0,31744.0,-1598.8508932868901
333,regular_holdout,19785,19389,19749,360,6,200,1,temporal,0.04588091666666667,0.26266825,9.0,9216.0,-1598.8508932868901
334,regular_holdout,16275,16080,16140,60,4,200,1,static,0.08378191666666666,0.12351516666666666,3.0,3072.0,121.54596539521509
334,regular_holdout,16275,16080,16140,60,4,200,1,temporal,0.025971750000000002,0.0640585,2.0,2048.0,121.54596539521509
335,regular_holdout,18777,17817,18537,720,4,5000,1,static,0.12322716666666667,0.41317475000000004,36.0,36864.0,-1102.8113738140064
335,regular_holdout,18777,17817,18537,720,4,5000,1,temporal,0.03684266666666667,0.328986,6.0,6144.0,-1102.8113738140064
336,regular_holdout,24126,23714,23894,180,2,5000,1,static,0.07179025,0.12374708333333334,3.0,3072.0,-196.8419552922975
336,regular_holdout,24126,23714,23894,180,2,5000,1,temporal,0.0337795,0.08383675,1.0,1024.0,-196.8419552922975
337,regular_holdout,22925,22662,22842,180,6,1000,1,static,0.18793075,0.317485,15.0,15360.0,661.8718520639861
337,regular_holdout,22925,22662,22842,180,6,1000,1,temporal,0.04727141666666667,0.16768441666666667,3.0,3072.0,661.8718520639861
338,regular_holdout,27806,27601,27661,60,4,200,1,static,0.15042516666666667,0.19117416666666665,6.0,6144.0,-234.1113157714482
338,regular_holdout,27806,27601,27661,60,4,200,1,temporal,0.03922283333333333,0.07743133333333334,2.0,2048.0,-234.1113157714482
339,regular_holdout,20014,18430,19870,1440,8,200,1,static,0.263966,1.3675055833333334,145.0,148480.0,-357.1919224814338
339,regular_holdout,20014,18430,19870,1440,8,200,1,temporal,0.07032558333333333,1.1786311666666667,22.0,22528.0,-357.1919224814338
340,regular_holdout,19193,18661,18841,180,2,5000,1,static,0.08904683333333334,0.13431358333333335,6.0,6144.0,224.8926232787829
340,regular_holdout,19193,18661,18841,180,2,5000,1,temporal,0.03140258333333333,0.07802808333333333,1.0,1024.0,224.8926232787829
341,regular_holdout,23913,22452,23892,1440,4,1000,1,static,0.15106033333333332,0.7262543333333333,72.0,73728.0,-136.27208379682665
341,regular_holdout,23913,22452,23892,1440,4,1000,1,temporal,0.04081858333333333,0.5836946666666667,12.0,12288.0,-136.27208379682665
342,regular_holdout,21352,20956,21136,180,2,1000,1,static,0.07464883333333333,0.11774241666666667,6.0,6144.0,-364.50464320289274
342,regular_holdout,21352,20956,21136,180,2,1000,1,temporal,0.03089275,0.07514125,2.0,2048.0,-364.50464320289274
343,regular_holdout,28406,27950,28130,180,4,5000,1,static,0.1733005,0.2657360833333334,9.0,9216.0,56.563092323704616
343,regular_holdout,28406,27950,28130,180,4,5000,1,temporal,0.044914583333333334,0.13255783333333335,2.0,2048.0,56.563092323704616
344,regular_holdout,21073,20656,21016,360,4,1000,1,static,0.12001891666666666,0.2675195833333333,22.0,22528.0,-1013.6746810702756
344,regular_holdout,21073,20656,21016,360,4,1000,1,temporal,0.036547166666666665,0.19422716666666665,5.0,5120.0,-1013.6746810702756
345,regular_holdout,18918,17179,18619,1440,2,200,1,static,0.07532733333333333,0.3554218333333334,39.0,39936.0,-16.420450632838172
345,regular_holdout,18918,17179,18619,1440,2,200,1,temporal,0.024897333333333337,0.32444225,5.0,5120.0,-16.420450632838172
346,regular_holdout,16527,16156,16336,180,2,200,1,static,0.053227,0.09930683333333333,7.0,7168.0,331.2683632214282
346,regular_holdout,16527,16156,16336,180,2,200,1,temporal,0.02050775,0.06357383333333333,1.0,1024.0,331.2683632214282
347,regular_holdout,18255,17610,17970,360,4,1000,1,static,0.11379191666666666,0.27174608333333333,18.0,18432.0,757.0377907945413
347,regular_holdout,18255,17610,17970,360,4,1000,1,temporal,0.03223366666666667,0.18098716666666667,2.0,2048.0,757.0377907945413
348,regular_holdout,27647,26828,27548,720,6,1000,1,static,0.23943041666666667,0.6678124166666667,61.0,62464.0,1451.0997710959612
348,regular_holdout,27647,26828,27548,720,6,1000,1,temporal,0.053128666666666664,0.48823449999999996,10.0,10240.0,1451.0997710959612
349,regular_holdout,19427,19014,19074,60,6,5000,1,static,0.1627945,0.21998275,9.0,9216.0,289.2641781984159
349,regular_holdout,19427,19014,19074,60,6,5000,1,temporal,0.04765883333333334,0.10743174999999999,4.0,4096.0,289.2641781984159
350,regular_holdout,22361,22255,22315,60,6,5000,1,static,0.17289816666666669,0.22761916666666668,7.0,7168.0,-408.9610391971831
350,regular_holdout,22361,22255,22315,60,6,5000,1,temporal,0.050828333333333336,0.11104358333333332,3.0,3072.0,-408.9610391971831
351,regular_holdout,27821,27476,27536,60,6,1000,1,static,0.19871724999999998,0.25047891666666666,16.0,16384.0,-207.14541143895462
351,regular_holdout,27821,27476,27536,60,6,1000,1,temporal,0.0493395,0.10326691666666667,9.0,9216.0,-207.14541143895462
352,regular_holdout,16533,15861,16221,360,4,1000,1,static,0.09794225000000001,0.27003683333333334,21.0,21504.0,164.0333317393376
352,regular_holdout,16533,15861,16221,360,4,1000,1,temporal,0.037845666666666666,0.19650058333333334,6.0,6144.0,164.0333317393376
353,regular_holdout,16540,16207,16387,180,4,200,1,static,0.0948635,0.17669066666666666,11.0,11264.0,604.4073302700198
353,regular_holdout,16540,16207,16387,180,4,200,1,temporal,0.031343916666666666,0.11174391666666667,2.0,2048.0,604.4073302700198
354,regular_holdout,22729,22443,22623,180,8,200,1,static,0.23431191666666665,0.38961175,29.0,29696.0,-564.5013476600005
354,regular_holdout,22729,22443,22623,180,8,200,1,temporal,0.05591558333333333,0.22059308333333336,11.0,11264.0,-564.5013476600005
355,regular_holdout,21534,20042,21482,1440,6,200,1,static,0.20773158333333333,1.10303675,115.0,117760.0,139.97215150390377
355,regular_holdout,21534,20042,21482,1440,6,200,1,temporal,0.056743999999999996,0.8864858333333333,16.0,16384.0,139.97215150390377
356,regular_holdout,24165,23714,24074,360,4,200,1,static,0.13622383333333335,0.28971566666666665,22.0,22528.0,-22.222734918483827
356,regular_holdout,24165,23714,24074,360,4,200,1,temporal,0.034028833333333335,0.18651033333333333,6.0,6144.0,-22.222734918483827
357,regular_holdout,21456,19742,21182,1440,8,200,1,static,0.26268983333333334,1.36798075,146.0,149504.0,-558.8607278416135
357,regular_holdout,21456,19742,21182,1440,8,200,1,temporal,0.05945408333333333,1.1485513333333335,21.0,21504.0,-558.8607278416135
358,regular_holdout,23226,22410,23130,720,6,1000,1,static,0.18565175,0.6135754999999999,53.0,54272.0,1311.6555874796773
358,regular_holdout,23226,22410,23130,720,6,1000,1,temporal,0.045553916666666666,0.4895353333333334,9.0,9216.0,1311.6555874796773
359,regular_holdout,16974,16865,16925,60,4,200,1,static,0.11108633333333333,0.15182375,7.0,7168.0,-236.7318248446346
359,regular_holdout,16974,16865,16925,60,4,200,1,temporal,0.028386250000000002,0.06415041666666667,2.0,2048.0,-236.7318248446346
360,maintenance_burst,32957,32014,32734,720,4,10000,1,static,0.19499158333333333,0.48222691666666667,39.0,39936.0,1689.0762392403492
360,maintenance_burst,32957,32014,32734,720,4,10000,1,temporal,0.059693500000000004,0.3525615833333333,7.0,7168.0,1689.0762392403492
361,maintenance_burst,32167,31742,31922,180,4,5000,1,static,0.19556083333333332,0.2834126666666667,46.0,47104.0,-483.4198065680619
361,maintenance_burst,32167,31742,31922,180,4,5000,1,temporal,0.05050958333333333,0.13636966666666667,10.0,10240.0,-483.4198065680619
362,maintenance_burst,34469,33481,34201,720,4,10000,1,static,0.20853191666666668,0.50450725,35.0,35840.0,1430.340421458797
362,maintenance_burst,34469,33481,34201,720,4,10000,1,temporal,0.05787175,0.36150008333333333,6.0,6144.0,1430.340421458797
363,maintenance_burst,35317,34873,35053,180,4,1000,1,static,0.20052491666666664,0.28939533333333334,10.0,10240.0,736.9169585474883
363,maintenance_burst,35317,34873,35053,180,4,1000,1,temporal,0.046512,0.13225841666666668,2.0,2048.0,736.9169585474883
364,maintenance_burst,31201,30782,30962,180,4,10000,1,static,0.17877033333333334,0.26262558333333336,12.0,12288.0,467.76799347628344
364,maintenance_burst,31201,30782,30962,180,4,10000,1,temporal,0.05432483333333333,0.142417,2.0,2048.0,467.76799347628344
365,maintenance_burst,33062,31606,33046,1440,4,5000,1,static,0.24675591666666666,0.8515089166666666,105.0,107520.0,-370.65829520772036
365,maintenance_burst,33062,31606,33046,1440,4,5000,1,temporal,0.06306375,0.61296875,15.0,15360.0,-370.65829520772036
366,maintenance_burst,30580,30026,30386,360,2,5000,1,static,0.11130591666666667,0.19859208333333334,13.0,13312.0,-393.22090382791134
366,maintenance_burst,30580,30026,30386,360,2,5000,1,temporal,0.03706458333333334,0.1179995,3.0,3072.0,-393.22090382791134
367,maintenance_burst,32567,31082,32522,1440,4,5000,1,static,0.22109341666666668,0.7929816666666666,102.0,104448.0,370.70135666771404
367,maintenance_burst,32567,31082,32522,1440,4,5000,1,temporal,0.07713166666666667,0.6308515833333334,12.0,12288.0,370.70135666771404
368,maintenance_burst,32246,31764,32124,360,6,10000,1,static,0.3039905,0.53320225,78.0,79872.0,-133.51531268003615
368,maintenance_burst,32246,31764,32124,360,6,10000,1,temporal,0.08148666666666667,0.32202291666666666,14.0,14336.0,-133.51531268003615
369,maintenance_burst,33142,32120,32840,720,4,10000,1,static,0.20732941666666668,0.5147684166666667,37.0,37888.0,711.2650577270247
369,maintenance_burst,33142,32120,32840,720,4,10000,1,temporal,0.06317133333333333,0.38188516666666666,6.0,6144.0,711.2650577270247
370,maintenance_burst,31749,29997,31437,1440,4,1000,1,static,0.20050483333333333,0.7880828333333333,73.0,74752.0,-46.81101615140117
370,maintenance_burst,31749,29997,31437,1440,4,1000,1,temporal,0.050418,0.6256004166666667,10.0,10240.0,-46.81101615140117
371,maintenance_burst,31786,30061,31501,1440,4,5000,1,static,0.23820708333333332,0.8269525833333334,73.0,74752.0,-307.5060464161085
371,maintenance_burst,31786,30061,31501,1440,4,5000,1,temporal,0.05280091666666667,0.644625,10.0,10240.0,-307.5060464161085
372,maintenance_burst,32461,31949,32129,180,2,5000,1,static,0.10668466666666666,0.15351299999999998,6.0,6144.0,-31.597662447355006
372,maintenance_burst,32461,31949,32129,180,2,5000,1,temporal,0.036130249999999996,0.08469291666666667,1.0,1024.0,-31.597662447355006
373,maintenance_burst,34024,33313,33673,360,2,10000,1,static,0.11516841666666666,0.21802074999999999,10.0,10240.0,189.65925636292798
373,maintenance_burst,34024,33313,33673,360,2,10000,1,temporal,0.04017475,0.13118325,2.0,2048.0,189.65925636292798
374,maintenance_burst,33675,33208,33388,180,6,1000,1,static,0.28450041666666664,0.4107153333333333,20.0,20480.0,283.04481237964274
374,maintenance_burst,33675,33208,33388,180,6,1000,1,temporal,0.06692541666666667,0.19439825,10.0,10240.0,283.04481237964274
375,maintenance_burst,33464,31773,33213,1440,2,5000,1,static,0.12915641666666666,0.41491016666666664,57.0,58368.0,-173.6649176552058
375,maintenance_burst,33464,31773,33213,1440,2,5000,1,temporal,0.041871750000000006,0.316447,10.0,10240.0,-173.6649176552058
376,maintenance_burst,32872,31084,32524,1440,4,1000,1,static,0.23363241666666668,0.79745275,101.0,103424.0,367.8098632243569
376,maintenance_burst,32872,31084,32524,1440,4,1000,1,temporal,0.055431249999999994,0.6308356666666667,12.0,12288.0,367.8098632243569
377,maintenance_burst,35153,34798,34978,180,2,5000,1,static,0.11379299999999999,0.161687,6.0,6144.0,183.1121616801735
377,maintenance_burst,35153,34798,34978,180,2,5000,1,temporal,0.03235383333333333,0.07597333333333334,1.0,1024.0,183.1121616801735
378,maintenance_burst,33613,33044,33404,360,2,5000,1,static,0.11414516666666667,0.1982826666666667,12.0,12288.0,-241.9065310219331
378,maintenance_burst,33613,33044,33404,360,2,5000,1,temporal,0.03721708333333334,0.12307024999999999,3.0,3072.0,-241.9065310219331
379,maintenance_burst,34255,33849,34029,180,2,10000,1,static,0.11159891666666666,0.158826,7.0,7168.0,176.13992441068797
379,maintenance_burst,34255,33849,34029,180,2,10000,1,temporal,0.03927608333333333,0.08552175000000001,3.0,3072.0,176.13992441068797
380,maintenance_burst,30361,29321,30041,720,2,10000,1,static,0.12372466666666666,0.27329766666666666,21.0,21504.0,714.6949465831909
380,maintenance_burst,30361,29321,30041,720,2,10000,1,temporal,0.04357091666666666,0.22384025,3.0,3072.0,714.6949465831909
381,maintenance_burst,34978,33447,34887,1440,6,5000,1,static,0.35397525,1.25182325,115.0,117760.0,217.8169072659525
381,maintenance_burst,34978,33447,34887,1440,6,5000,1,temporal,0.08186808333333333,0.92331575,16.0,16384.0,217.8169072659525
382,maintenance_burst,30500,30075,30435,360,2,1000,1,static,0.08047491666666666,0.15717175,11.0,11264.0,-539.0305077770053
382,maintenance_burst,30500,30075,30435,360,2,1000,1,temporal,0.032354,0.11210958333333333,3.0,3072.0,-539.0305077770053
383,maintenance_burst,33334,32943,33303,360,2,1000,1,static,0.09617208333333334,0.17897408333333334,13.0,13312.0,-568.5175023538451
383,maintenance_burst,33334,32943,33303,360,2,1000,1,temporal,0.031566000000000004,0.10560466666666667,3.0,3072.0,-568.5175023538451
384,maintenance_burst,30619,30189,30369,180,8,5000,1,static,0.3187736666666667,0.49128475,16.0,16384.0,-1312.5380532630536
384,maintenance_burst,30619,30189,30369,180,8,5000,1,temporal,0.08302891666666666,0.2583725,4.0,4096.0,-1312.5380532630536
385,maintenance_burst,33508,32989,33349,360,4,10000,1,static,0.21927333333333332,0.37589775000000003,23.0,23552.0,-1052.6264873913046
385,maintenance_burst,33508,32989,33349,360,4,10000,1,temporal,0.060007583333333336,0.22450058333333334,6.0,6144.0,-1052.6264873913046
386,maintenance_burst,30392,29698,30058,360,2,10000,1,static,0.08868191666666668,0.16698266666666664,7.0,7168.0,428.8788534823428
386,maintenance_burst,30392,29698,30058,360,2,10000,1,temporal,0.04631916666666667,0.13238266666666668,1.0,1024.0,428.8788534823428
387,maintenance_burst,35037,34796,34856,60,2,1000,1,static,0.08868825000000001,0.111037,3.0,3072.0,95.91188555687764
387,maintenance_burst,35037,34796,34856,60,2,1000,1,temporal,0.03399983333333333,0.06202283333333333,1.0,1024.0,95.91188555687764
388,maintenance_burst,34308,34078,34138,60,4,5000,1,static,0.177666,0.21816133333333332,3.0,3072.0,-36.039893125419795
388,maintenance_burst,34308,34078,34138,60,4,5000,1,temporal,0.07551008333333332,0.12113241666666667,2.0,2048.0,-36.039893125419795
389,maintenance_burst,32411,32125,32185,60,4,5000,1,static,0.25186675000000003,0.29435541666666665,5.0,5120.0,60.595734355268355
389,maintenance_burst,32411,32125,32185,60,4,5000,1,temporal,0.05505175,0.09430525000000001,2.0,2048.0,60.595734355268355
390,maintenance_burst,34194,34003,34183,180,2,5000,1,static,0.09340308333333334,0.13881066666666667,4.0,4096.0,-42.00269011851634
390,maintenance_burst,34194,34003,34183,180,2,5000,1,temporal,0.0389505,0.08477816666666667,1.0,1024.0,-42.00269011851634
391,maintenance_burst,33430,32696,33416,720,4,5000,1,static,0.1951235,0.49737383333333335,36.0,36864.0,-1707.1641794786349
391,maintenance_burst,33430,32696,33416,720,4,5000,1,temporal,0.05250258333333333,0.3459615833333333,6.0,6144.0,-1707.1641794786349
392,maintenance_burst,31181,29523,30963,1440,4,5000,1,static,0.24924775,0.8030953333333333,75.0,76800.0,404.86507466658696
392,maintenance_burst,31181,29523,30963,1440,4,5000,1,temporal,0.05106541666666667,0.6182325,12.0,12288.0,404.86507466658696
393,maintenance_burst,30350,29332,30052,720,2,5000,1,static,0.09792325,0.24867950000000003,18.0,18432.0,752.1485472730816
393,maintenance_burst,30350,29332,30052,720,2,5000,1,temporal,0.04144925,0.19219483333333334,4.0,4096.0,752.1485472730816
394,maintenance_burst,33594,33344,33404,60,4,5000,1,static,0.17177225,0.22976158333333332,3.0,3072.0,-1.3953503119352835
394,maintenance_burst,33594,33344,33404,60,4,5000,1,temporal,0.04613216666666667,0.08339283333333335,2.0,2048.0,-1.3953503119352835
395,maintenance_burst,32319,32073,32133,60,4,5000,1,static,0.16940708333333332,0.2113580833333333,5.0,5120.0,95.35285843411548
395,maintenance_burst,32319,32073,32133,60,4,5000,1,temporal,0.05133616666666666,0.09596008333333333,2.0,2048.0,95.35285843411548
396,maintenance_burst,31179,30651,30831,180,4,5000,1,static,0.17510675,0.2826385,8.0,8192.0,288.7035754610266
396,maintenance_burst,31179,30651,30831,180,4,5000,1,temporal,0.049890416666666666,0.14361816666666666,2.0,2048.0,288.7035754610266
397,maintenance_burst,34177,34029,34089,60,2,1000,1,static,0.09800075000000001,0.12138608333333334,3.0,3072.0,-6.2391316122415175
397,maintenance_burst,34177,34029,34089,60,2,1000,1,temporal,0.028819416666666667,0.051368500000000004,1.0,1024.0,-6.2391316122415175
398,maintenance_burst,32383,30910,32350,1440,6,10000,1,static,0.35093166666666664,1.1808135833333333,160.0,163840.0,592.2404857440393
398,maintenance_burst,32383,30910,32350,1440,6,10000,1,temporal,0.089178,0.9474321666666666,24.0,24576.0,592.2404857440393
399,maintenance_burst,35034,34484,34844,360,4,10000,1,static,0.22098816666666665,0.38941116666666664,20.0,20480.0,228.1395138540444
399,maintenance_burst,35034,34484,34844,360,4,10000,1,temporal,0.06307475,0.2252525,6.0,6144.0,228.1395138540444
400,maintenance_burst,30294,28687,30127,1440,4,1000,1,static,0.22551416666666668,0.7969954166666667,107.0,109568.0,-193.57598688101362
400,maintenance_burst,30294,28687,30127,1440,4,1000,1,temporal,0.051701416666666666,0.6604781666666667,14.0,14336.0,-193.57598688101362
401,maintenance_burst,31639,29885,31325,1440,4,1000,1,static,0.2097205,0.802739,71.0,72704.0,35.339007739384606
401,maintenance_burst,31639,29885,31325,1440,4,1000,1,temporal,0.05402091666666667,0.6279487499999999,10.0,10240.0,35.339007739384606
402,maintenance_burst,32906,32518,32698,180,4,1000,1,static,0.18043708333333333,0.26535216666666667,15.0,15360.0,78.58439706644953
402,maintenance_burst,32906,32518,32698,180,4,1000,1,temporal,0.042304833333333326,0.12945333333333334,6.0,6144.0,78.58439706644953
403,maintenance_burst,31824,31396,31756,360,4,5000,1,static,0.17883166666666664,0.329794,18.0,18432.0,-915.1473211958297
403,maintenance_burst,31824,31396,31756,360,4,5000,1,temporal,0.04557083333333334,0.20976241666666665,3.0,3072.0,-915.1473211958297
404,maintenance_burst,32314,32131,32191,60,2,10000,1,static,0.11209608333333333,0.14798708333333332,3.0,3072.0,26.462039056334675
404,maintenance_burst,32314,32131,32191,60,2,10000,1,temporal,0.038789416666666666,0.06321391666666666,1.0,1024.0,26.462039056334675
405,maintenance_burst,33186,31510,32950,1440,4,5000,1,static,0.22482591666666665,0.8058755,104.0,106496.0,-335.7264405748466
405,maintenance_burst,33186,31510,32950,1440,4,5000,1,temporal,0.07028958333333334,0.723839,13.0,13312.0,-335.7264405748466
406,maintenance_burst,34080,33603,33963,360,6,10000,1,static,0.29462150000000004,0.5312326666666667,34.0,34816.0,1758.9212622043915
406,maintenance_burst,34080,33603,33963,360,6,10000,1,temporal,0.08282016666666667,0.32477566666666663,7.0,7168.0,1758.9212622043915
407,maintenance_burst,31877,30180,31620,1440,6,10000,1,static,0.32134441666666663,1.2026631666666667,111.0,113664.0,-609.7650529918179
407,maintenance_burst,31877,30180,31620,1440,6,10000,1,temporal,0.10519983333333333,0.9643251666666667,15.0,15360.0,-609.7650529918179
408,maintenance_burst,32166,31823,31883,60,2,1000,1,static,0.10131325000000001,0.12714316666666667,14.0,14336.0,-114.07036229079056
408,maintenance_burst,32166,31823,31883,60,2,1000,1,temporal,0.04448225,0.07165683333333334,1.0,1024.0,-114.07036229079056
409,maintenance_burst,35777,34900,35620,720,4,5000,1,static,0.21210074999999998,0.5299064166666666,37.0,37888.0,734.687225001063
409,maintenance_burst,35777,34900,35620,720,4,5000,1,temporal,0.05770066666666667,0.3547225,7.0,7168.0,734.687225001063
410,maintenance_burst,35949,35152,35872,720,4,5000,1,static,0.21072875,0.5046849999999999,37.0,37888.0,-1184.6991312563457
410,maintenance_burst,35949,35152,35872,720,4,5000,1,temporal,0.06374233333333333,0.3737203333333334,6.0,6144.0,-1184.6991312563457
411,maintenance_burst,35803,35315,35495,180,6,10000,1,static,0.2793625,0.41292975,23.0,23552.0,-564.0073600278477
411,maintenance_burst,35803,35315,35495,180,6,10000,1,temporal,0.07837525,0.2068905,9.0,9216.0,-564.0073600278477
412,maintenance_burst,35157,34668,34848,180,4,10000,1,static,0.19511691666666667,0.28694325,14.0,14336.0,355.71165838546955
412,maintenance_burst,35157,34668,34848,180,4,10000,1,temporal,0.07899025,0.17052375,6.0,6144.0,355.71165838546955
413,maintenance_burst,34203,33793,33973,180,4,10000,1,static,0.2011875,0.2920873333333333,8.0,8192.0,216.91662877031033
413,maintenance_burst,34203,33793,33973,180,4,10000,1,temporal,0.05584208333333333,0.14554008333333332,2.0,2048.0,216.91662877031033
414,maintenance_burst,35603,35169,35349,180,8,10000,1,static,0.3798175833333333,0.5785951666666667,15.0,15360.0,451.0229624313324
414,maintenance_burst,35603,35169,35349,180,8,10000,1,temporal,0.10988733333333334,0.29639941666666664,4.0,4096.0,451.0229624313324
415,maintenance_burst,34915,33182,34622,1440,2,10000,1,static,0.17419766666666667,0.46786,41.0,41984.0,-243.73402891241219
415,maintenance_burst,34915,33182,34622,1440,2,10000,1,temporal,0.04716475,0.35670308333333334,7.0,7168.0,-243.73402891241219
416,maintenance_burst,35231,34724,34904,180,2,1000,1,static,0.09924758333333333,0.14069016666666667,4.0,4096.0,79.88246985842811
416,maintenance_burst,35231,34724,34904,180,2,1000,1,temporal,0.027758666666666668,0.06954016666666667,1.0,1024.0,79.88246985842811
417,maintenance_burst,33872,33471,33531,60,2,1000,1,static,0.10470025,0.12980475,1.0,1024.0,136.82997500115323
417,maintenance_burst,33872,33471,33531,60,2,1000,1,temporal,0.030704916666666665,0.060423833333333336,1.0,1024.0,136.82997500115323
418,maintenance_burst,30494,29760,30480,720,6,1000,1,static,0.2612750833333333,0.6841689166666667,58.0,59392.0,-2063.922032347753
418,maintenance_burst,30494,29760,30480,720,6,1000,1,temporal,0.06827641666666667,0.5140775,10.0,10240.0,-2063.922032347753
419,maintenance_burst,34736,34240,34600,360,2,10000,1,static,0.10505575,0.18656899999999998,9.0,9216.0,-675.5594419970538
419,maintenance_burst,34736,34240,34600,360,2,10000,1,temporal,0.04266433333333333,0.1232505,1.0,1024.0,-675.5594419970538
420,maintenance_burst,35264,33593,35033,1440,4,5000,1,static,0.22598508333333334,0.8055292500000001,74.0,75776.0,371.0849862656849
420,maintenance_burst,35264,33593,35033,1440,4,5000,1,temporal,0.06243025,0.7910455833333333,11.0,11264.0,371.0849862656849
421,maintenance_burst,31247,30878,31058,180,4,1000,1,static,0.16331116666666667,0.2509126666666667,7.0,7168.0,604.8785592287111
421,maintenance_burst,31247,30878,31058,180,4,1000,1,temporal,0.0583055,0.1491855,2.0,2048.0,604.8785592287111
422,maintenance_burst,35626,35277,35337,60,6,1000,1,static,0.25804283333333333,0.31871116666666666,7.0,7168.0,46.31922395663768
422,maintenance_burst,35626,35277,35337,60,6,1000,1,temporal,0.057585500000000005,0.11479774999999999,3.0,3072.0,46.31922395663768
423,maintenance_burst,35052,34986,35046,60,2,1000,1,static,0.10301491666666666,0.12650616666666667,3.0,3072.0,141.68183158070502
423,maintenance_burst,35052,34986,35046,60,2,1000,1,temporal,0.036395083333333335,0.06026208333333333,2.0,2048.0,141.68183158070502
424,maintenance_burst,32222,31734,32094,360,6,1000,1,static,0.48084733333333335,0.7046456666666666,83.0,84992.0,-1083.426018299043
424,maintenance_burst,32222,31734,32094,360,6,1000,1,temporal,0.06185116666666667,0.28397941666666665,17.0,17408.0,-1083.426018299043
425,maintenance_burst,32118,30589,32029,1440,4,5000,1,static,0.21613108333333333,0.7811496666666667,103.0,105472.0,-21.520755405893883
425,maintenance_burst,32118,30589,32029,1440,4,5000,1,temporal,0.06516941666666666,0.6362188333333333,14.0,14336.0,-21.520755405893883
426,maintenance_burst,32534,30995,32435,1440,4,1000,1,static,0.2002465,0.7645814999999999,104.0,106496.0,442.51961943900756
426,maintenance_burst,32534,30995,32435,1440,4,1000,1,temporal,0.0444215,0.5967844166666666,13.0,13312.0,442.51961943900756
427,maintenance_burst,34680,34253,34613,360,4,10000,1,static,0.22849133333333335,0.3854695833333333,18.0,18432.0,-973.916533418431
427,maintenance_burst,34680,34253,34613,360,4,10000,1,temporal,0.057821416666666674,0.2127734166666667,2.0,2048.0,-973.916533418431
428,maintenance_burst,32724,30929,32369,1440,4,10000,1,static,0.22919833333333337,0.8325859166666666,104.0,106496.0,412.15902541872475
428,maintenance_burst,32724,30929,32369,1440,4,10000,1,temporal,0.06402775,0.6469418333333333,15.0,15360.0,412.15902541872475
429,maintenance_burst,30601,28831,30271,1440,2,5000,1,static,0.12123508333333333,0.42071725,51.0,52224.0,-199.0519180644823
429,maintenance_burst,30601,28831,30271,1440,2,5000,1,temporal,0.06192208333333333,0.3529630833333333,8.0,8192.0,-199.0519180644823
430,maintenance_burst,33085,32117,32837,720,2,5000,1,static,0.11017266666666665,0.26331933333333335,21.0,21504.0,513.104935539901
430,maintenance_burst,33085,32117,32837,720,2,5000,1,temporal,0.034832499999999995,0.18893491666666665,3.0,3072.0,513.104935539901
431,maintenance_burst,33517,32906,33266,360,4,10000,1,static,0.18903999999999999,0.34797374999999997,20.0,20480.0,-1065.670276482344
431,maintenance_burst,33517,32906,33266,360,4,10000,1,temporal,0.056236666666666664,0.21155749999999998,3.0,3072.0,-1065.670276482344
432,maintenance_burst,31584,31139,31499,360,2,1000,1,static,0.10232808333333333,0.19670833333333335,9.0,9216.0,99.35272605400343
432,maintenance_burst,31584,31139,31499,360,2,1000,1,temporal,0.032868749999999995,0.11922116666666667,1.0,1024.0,99.35272605400343
433,maintenance_burst,30445,29985,30165,180,2,5000,1,static,0.08033816666666667,0.12816291666666665,3.0,3072.0,-171.83746039037683
433,maintenance_burst,30445,29985,30165,180,2,5000,1,temporal,0.02920658333333333,0.08106833333333334,1.0,1024.0,-171.83746039037683
434,maintenance_burst,33323,31869,33309,1440,6,1000,1,static,0.32498133333333334,1.1749785833333333,116.0,118784.0,-313.80950516517
434,maintenance_burst,33323,31869,33309,1440,6,1000,1,temporal,0.07158916666666666,0.9311465,18.0,18432.0,-313.80950516517
435,maintenance_burst,35183,34510,34870,360,8,10000,1,static,0.38466683333333335,0.6962338333333333,39.0,39936.0,4.139323093588711
435,maintenance_burst,35183,34510,34870,360,8,10000,1,temporal,0.10066791666666668,0.4253115,11.0,11264.0,4.139323093588711
436,maintenance_burst,35763,34903,35623,720,6,5000,1,static,0.3024025833333333,0.7493215833333333,54.0,55296.0,-175.08397283474764
436,maintenance_burst,35763,34903,35623,720,6,5000,1,temporal,0.08050683333333333,0.5232154166666666,9.0,9216.0,-175.08397283474764
437,maintenance_burst,35118,34805,34985,180,4,5000,1,static,0.19039966666666666,0.27857883333333333,9.0,9216.0,492.6419303921006
437,maintenance_burst,35118,34805,34985,180,4,5000,1,temporal,0.059313,0.14364458333333333,2.0,2048.0,492.6419303921006
438,maintenance_burst,30727,30496,30676,180,4,1000,1,static,0.17788083333333335,0.2657393333333333,9.0,9216.0,-159.8347910782578
438,maintenance_burst,30727,30496,30676,180,4,1000,1,temporal,0.04558475,0.13347841666666668,2.0,2048.0,-159.8347910782578
439,maintenance_burst,34597,34142,34322,180,6,5000,1,static,0.2797406666666667,0.4093866666666666,12.0,12288.0,-1141.0171435262528
439,maintenance_burst,34597,34142,34322,180,6,5000,1,temporal,0.06620366666666667,0.20572225,3.0,3072.0,-1141.0171435262528
440,maintenance_burst,34252,32780,34220,1440,4,1000,1,static,0.21330425,0.8358209166666667,72.0,73728.0,-284.1532861631252
440,maintenance_burst,34252,32780,34220,1440,4,1000,1,temporal,0.05355516666666666,0.6907255833333333,10.0,10240.0,-284.1532861631252
441,maintenance_burst,34145,33907,33967,60,2,10000,1,static,0.10325275,0.12945508333333333,1.0,1024.0,12.17616385285031
441,maintenance_burst,34145,33907,33967,60,2,10000,1,temporal,0.04600883333333333,0.06979133333333333,1.0,1024.0,12.17616385285031
442,maintenance_burst,34427,32974,34414,1440,6,5000,1,static,0.33966375,1.18479775,114.0,116736.0,-714.4877430177563
442,maintenance_burst,34427,32974,34414,1440,6,5000,1,temporal,0.09498225,0.9462899166666667,17.0,17408.0,-714.4877430177563
443,maintenance_burst,31510,31150,31330,180,4,10000,1,static,0.17869008333333333,0.2908805,12.0,12288.0,243.36521652086313
443,maintenance_burst,31510,31150,31330,180,4,10000,1,temporal,0.057368499999999996,0.14995691666666666,2.0,2048.0,243.36521652086313
444,maintenance_burst,35392,35332,35392,60,8,5000,1,static,0.3751516666666666,0.48176216666666666,12.0,12288.0,70.91918165667926
444,maintenance_burst,35392,35332,35392,60,8,5000,1,temporal,0.085198,0.16136391666666666,7.0,7168.0,70.91918165667926
445,maintenance_burst,32002,31186,31906,720,2,1000,1,static,0.118324,0.2816418333333333,32.0,32768.0,-872.031997323571
445,maintenance_burst,32002,31186,31906,720,2,1000,1,temporal,0.034907,0.18713808333333334,3.0,3072.0,-872.031997323571
446,maintenance_burst,33493,33244,33424,180,6,5000,1,static,0.2676581666666667,0.3947178333333334,20.0,20480.0,-46.203355257454426
446,maintenance_burst,33493,33244,33424,180,6,5000,1,temporal,0.06717158333333333,0.19840008333333334,8.0,8192.0,-46.203355257454426
447,maintenance_burst,34986,34715,34775,60,4,1000,1,static,0.17999316666666668,0.22198183333333332,3.0,3072.0,117.84782349521352
447,maintenance_burst,34986,34715,34775,60,4,1000,1,temporal,0.04372625,0.0820675,2.0,2048.0,117.84782349521352
448,maintenance_burst,30512,29898,30258,360,2,10000,1,static,0.10223891666666667,0.1820746666666667,9.0,9216.0,-79.01775115906351
448,maintenance_burst,30512,29898,30258,360,2,10000,1,temporal,0.03539116666666667,0.11655058333333333,1.0,1024.0,-79.01775115906351
449,maintenance_burst,31670,30134,31574,1440,4,5000,1,static,0.21015608333333333,0.77856275,72.0,73728.0,-289.94764435553253
449,maintenance_burst,31670,30134,31574,1440,4,5000,1,temporal,0.055252833333333334,0.6066241666666666,10.0,10240.0,-289.94764435553253
450,maintenance_burst,33286,32908,33088,180,2,5000,1,static,0.1054545,0.15555125,5.0,5120.0,-335.8478559988795
450,maintenance_burst,33286,32908,33088,180,2,5000,1,temporal,0.03205875,0.07712266666666666,1.0,1024.0,-335.8478559988795
451,maintenance_burst,33267,32904,33264,360,6,10000,1,static,0.27421741666666666,0.5161056666666667,26.0,26624.0,-1185.0077565970867
451,maintenance_burst,33267,32904,33264,360,6,10000,1,temporal,0.08289041666666667,0.31326783333333336,3.0,3072.0,-1185.0077565970867
452,maintenance_burst,32016,31060,31780,720,4,5000,1,static,0.19412533333333334,0.47621025,38.0,38912.0,-996.2567902065939
452,maintenance_burst,32016,31060,31780,720,4,5000,1,temporal,0.056671,0.35789391666666664,6.0,6144.0,-996.2567902065939
453,maintenance_burst,34255,33917,33977,60,2,5000,1,static,0.09100416666666666,0.12009158333333335,1.0,1024.0,5.472148869195131
453,maintenance_burst,34255,33917,33977,60,2,5000,1,temporal,0.0360705,0.06123008333333333,1.0,1024.0,5.472148869195131
454,maintenance_burst,31613,31132,31312,180,6,1000,1,static,0.24875391666666666,0.37246008333333336,16.0,16384.0,640.4405203361827
454,maintenance_burst,31613,31132,31312,180,6,1000,1,temporal,0.0569335,0.18013758333333332,3.0,3072.0,640.4405203361827
455,maintenance_burst,30680,30345,30405,60,2,1000,1,static,0.07531975,0.09655516666666668,3.0,3072.0,-137.4342503600438
455,maintenance_burst,30680,30345,30405,60,2,1000,1,temporal,0.02401041666666667,0.04622758333333333,2.0,2048.0,-137.4342503600438
456,maintenance_burst,31590,31305,31485,180,2,5000,1,static,0.09849375,0.14442491666666665,5.0,5120.0,52.10044336422727
456,maintenance_burst,31590,31305,31485,180,2,5000,1,temporal,0.030168916666666667,0.074224,1.0,1024.0,52.10044336422727
457,maintenance_burst,35056,34614,34794,180,6,10000,1,static,0.26890908333333335,0.41706641666666666,21.0,21504.0,679.596136089263
457,maintenance_burst,35056,34614,34794,180,6,10000,1,temporal,0.07824583333333333,0.20778358333333335,9.0,9216.0,679.596136089263
458,maintenance_burst,31840,31008,31728,720,4,5000,1,static,0.19668908333333335,0.4952755833333333,37.0,37888.0,-676.7946503475805
458,maintenance_burst,31840,31008,31728,720,4,5000,1,temporal,0.06527616666666668,0.3835743333333333,6.0,6144.0,-676.7946503475805
459,maintenance_burst,30966,30801,30861,60,4,10000,1,static,0.20117941666666664,0.2511615833333333,6.0,6144.0,181.93169226999717
459,maintenance_burst,30966,30801,30861,60,4,10000,1,temporal,0.052866500000000004,0.09513291666666666,2.0,2048.0,181.93169226999717
460,maintenance_burst,30613,29993,30353,360,2,5000,1,static,0.09736058333333335,0.18080425,11.0,11264.0,-460.61264109849066
460,maintenance_burst,30613,29993,30353,360,2,5000,1,temporal,0.03562741666666667,0.11751016666666668,2.0,2048.0,-460.61264109849066
461,maintenance_burst,35157,35092,35152,60,4,5000,1,static,0.20074275,0.25015766666666667,6.0,6144.0,167.0062843011224
461,maintenance_burst,35157,35092,35152,60,4,5000,1,temporal,0.051683,0.092898,2.0,2048.0,167.0062843011224
462,maintenance_burst,31237,30594,30954,360,4,10000,1,static,0.18897925000000002,0.3429035,20.0,20480.0,260.1811808245526
462,maintenance_burst,31237,30594,30954,360,4,10000,1,temporal,0.05629258333333333,0.22948616666666666,2.0,2048.0,260.1811808245526
463,maintenance_burst,31303,30792,30972,180,4,10000,1,static,0.19526775,0.28516633333333335,8.0,8192.0,654.9833159505652
463,maintenance_burst,31303,30792,30972,180,4,10000,1,temporal,0.057716500000000004,0.14675616666666666,2.0,2048.0,654.9833159505652
464,maintenance_burst,33393,31631,33071,1440,4,1000,1,static,0.2296271666666667,0.8220574166666667,106.0,108544.0,-389.6357031868343
464,maintenance_burst,33393,31631,33071,1440,4,1000,1,temporal,0.05882891666666667,0.642031,16.0,16384.0,-389.6357031868343
465,maintenance_burst,32043,31599,31779,180,2,1000,1,static,0.10288166666666666,0.14932016666666667,9.0,9216.0,-308.6546414416641
465,maintenance_burst,32043,31599,31779,180,2,1000,1,temporal,0.03197825,0.08119858333333334,3.0,3072.0,-308.6546414416641
466,maintenance_burst,35641,34146,35586,1440,4,10000,1,static,0.23899808333333336,0.830104,74.0,75776.0,-442.0841620920078
466,maintenance_burst,35641,34146,35586,1440,4,10000,1,temporal,0.06425291666666667,0.6644049166666667,11.0,11264.0,-442.0841620920078
467,maintenance_burst,33805,33420,33780,360,4,1000,1,static,0.17784475,0.3487965833333333,19.0,19456.0,1270.4191207349156
467,maintenance_burst,33805,33420,33780,360,4,1000,1,temporal,0.04598533333333333,0.20666008333333333,2.0,2048.0,1270.4191207349156
468,maintenance_burst,34911,34175,34895,720,2,5000,1,static,0.11646791666666667,0.2631246666666667,20.0,20480.0,-625.8039814659555
468,maintenance_burst,34911,34175,34895,720,2,5000,1,temporal,0.039665,0.19028199999999998,3.0,3072.0,-625.8039814659555
469,maintenance_burst,31482,29687,31127,1440,6,1000,1,static,0.28392541666666665,1.1387625000000001,106.0,108544.0,481.2568491157833
469,maintenance_burst,31482,29687,31127,1440,6,1000,1,temporal,0.06778916666666666,0.9337139166666667,16.0,16384.0,481.2568491157833
470,maintenance_burst,34740,33240,34680,1440,2,5000,1,static,0.12963850000000002,0.40618266666666664,32.0,32768.0,11.14114141153505
470,maintenance_burst,34740,33240,34680,1440,2,5000,1,temporal,0.03534941666666667,0.31372866666666666,5.0,5120.0,11.14114141153505
471,maintenance_burst,35995,34414,35854,1440,6,5000,1,static,0.4164365833333334,1.2873195833333335,104.0,106496.0,-459.78947393876655
471,maintenance_burst,35995,34414,35854,1440,6,5000,1,temporal,0.07570225,0.9312386666666667,14.0,14336.0,-459.78947393876655
472,maintenance_burst,33914,33761,33821,60,4,10000,1,static,0.18864533333333333,0.23409308333333334,3.0,3072.0,217.67404438988274
472,maintenance_burst,33914,33761,33821,60,4,10000,1,temporal,0.06911008333333334,0.11909975,2.0,2048.0,217.67404438988274
473,maintenance_burst,31986,31533,31713,180,4,5000,1,static,0.18352858333333333,0.2836806666666667,11.0,11264.0,-703.656806797862
473,maintenance_burst,31986,31533,31713,180,4,5000,1,temporal,0.0447335,0.1276465,2.0,2048.0,-703.656806797862
474,maintenance_burst,35126,34846,35026,180,2,1000,1,static,0.08812975,0.13308366666666668,4.0,4096.0,299.4982856132409
474,maintenance_burst,35126,34846,35026,180,2,1000,1,temporal,0.028352166666666664,0.07406458333333334,1.0,1024.0,299.4982856132409
475,maintenance_burst,35674,34080,35520,1440,2,1000,1,static,0.1034705,0.38568158333333336,32.0,32768.0,-92.89129758470663
475,maintenance_burst,35674,34080,35520,1440,2,1000,1,temporal,0.02608525,0.297737,4.0,4096.0,-92.89129758470663
476,maintenance_burst,35095,34647,34827,180,4,1000,1,static,0.1892835833333333,0.27407433333333336,14.0,14336.0,555.7072874257972
476,maintenance_burst,35095,34647,34827,180,4,1000,1,temporal,0.049036583333333335,0.13434483333333333,6.0,6144.0,555.7072874257972
477,maintenance_burst,34825,34217,34577,360,2,10000,1,static,0.11521933333333334,0.20026791666666666,9.0,9216.0,-571.5297747311993
477,maintenance_burst,34825,34217,34577,360,2,10000,1,temporal,0.03635775,0.11525441666666668,1.0,1024.0,-571.5297747311993
478,maintenance_burst,32951,31388,32828,1440,2,1000,1,static,0.11916466666666665,0.42586433333333334,49.0,50176.0,-156.08760987741206
478,maintenance_burst,32951,31388,32828,1440,2,1000,1,temporal,0.029459333333333334,0.30620549999999996,6.0,6144.0,-156.08760987741206
479,maintenance_burst,34918,34044,34764,720,2,5000,1,static,0.12002658333333333,0.2722300833333333,22.0,22528.0,-843.5669014394547
479,maintenance_burst,34918,34044,34764,720,2,5000,1,temporal,0.0395115,0.22033083333333334,4.0,4096.0,-843.5669014394547
480,window_drift,40081,38608,40048,1440,4,1000,1,static,0.23639308333333334,0.8008101666666666,72.0,73728.0,-154.69001830435337
480,window_drift,40081,38608,40048,1440,4,1000,1,temporal,0.05561,0.6354796666666667,10.0,10240.0,-154.69001830435337
481,window_drift,42259,40517,41957,1440,6,1000,1,static,0.3705346666666667,1.2660615833333333,110.0,112640.0,350.55595524655797
481,window_drift,42259,40517,41957,1440,6,1000,1,temporal,0.07731216666666667,0.9690306666666667,15.0,15360.0,350.55595524655797
482,window_drift,39333,38843,39203,360,2,1000,1,static,0.11981441666666666,0.21988983333333334,11.0,11264.0,643.6232341576605
482,window_drift,39333,38843,39203,360,2,1000,1,temporal,0.03400975,0.11431708333333333,3.0,3072.0,643.6232341576605
483,window_drift,42027,41104,41824,720,4,1000,1,static,0.20167833333333332,0.480823,37.0,37888.0,441.2371284832334
483,window_drift,42027,41104,41824,720,4,1000,1,temporal,0.04555383333333333,0.32032116666666666,6.0,6144.0,441.2371284832334
484,window_drift,41518,39848,41288,1440,2,5000,1,static,0.146983,0.43908058333333333,34.0,34816.0,-106.42975094650643
484,window_drift,41518,39848,41288,1440,2,5000,1,temporal,0.04111875,0.3446019166666667,6.0,6144.0,-106.42975094650643
485,window_drift,40194,37284,40164,2880,4,5000,1,static,0.2700766666666667,1.364094,144.0,147456.0,407.0322859665693
485,window_drift,40194,37284,40164,2880,4,5000,1,temporal,0.06371633333333333,1.1733689999999999,19.0,19456.0,407.0322859665693
486,window_drift,39581,36498,39378,2880,2,1000,1,static,0.11867291666666667,0.6640110833333334,65.0,66560.0,111.13792923734229
486,window_drift,39581,36498,39378,2880,2,1000,1,temporal,0.03952158333333333,0.59762825,9.0,9216.0,111.13792923734229
487,window_drift,39182,38179,38899,720,6,5000,1,static,0.285067,0.6960469166666666,54.0,55296.0,-1149.95680164989
487,window_drift,39182,38179,38899,720,6,5000,1,temporal,0.06741783333333333,0.47039074999999997,9.0,9216.0,-1149.95680164989
488,window_drift,41155,38019,40899,2880,2,200,1,static,0.1270195,0.6903099166666666,65.0,66560.0,-380.2674621499948
488,window_drift,41155,38019,40899,2880,2,200,1,temporal,0.05483208333333333,0.6115925,9.0,9216.0,-380.2674621499948
489,window_drift,38277,35300,38180,2880,4,200,1,static,0.26116924999999996,1.40607825,142.0,145408.0,-111.80448906067932
489,window_drift,38277,35300,38180,2880,4,200,1,temporal,0.05947516666666667,1.1851945833333335,18.0,18432.0,-111.80448906067932
490,window_drift,38984,38521,38881,360,6,1000,1,static,0.29468741666666665,0.5254789166666667,26.0,26624.0,-234.3225720557006
490,window_drift,38984,38521,38881,360,6,1000,1,temporal,0.06282333333333333,0.28736275,3.0,3072.0,-234.3225720557006
491,window_drift,38733,37223,38663,1440,2,200,1,static,0.09787966666666666,0.3684455833333333,33.0,33792.0,-54.94389920861647
491,window_drift,38733,37223,38663,1440,2,200,1,temporal,0.02566533333333333,0.3053901666666667,5.0,5120.0,-54.94389920861647
492,window_drift,40813,39360,40800,1440,2,1000,1,static,0.12504658333333332,0.40468466666666664,37.0,37888.0,-22.57047918938915
492,window_drift,40813,39360,40800,1440,2,1000,1,temporal,0.02807583333333333,0.3187963333333333,5.0,5120.0,-22.57047918938915
493,window_drift,38936,35997,38877,2880,8,1000,1,static,0.5187981666666667,2.711547166666667,291.0,297984.0,898.0569180272381
493,window_drift,38936,35997,38877,2880,8,1000,1,temporal,0.10184991666666666,2.3998589999999997,39.0,39936.0,898.0569180272381
494,window_drift,38771,38075,38435,360,2,5000,1,static,0.105159,0.18449316666666668,11.0,11264.0,-601.6254916428336
494,window_drift,38771,38075,38435,360,2,5000,1,temporal,0.037470166666666666,0.11788083333333332,3.0,3072.0,-601.6254916428336
495,window_drift,40945,40296,40656,360,6,200,1,static,0.29196741666666665,0.5219560833333333,32.0,32768.0,960.1828693681358
495,window_drift,40945,40296,40656,360,6,200,1,temporal,0.06854358333333334,0.28691483333333334,10.0,10240.0,960.1828693681358
496,window_drift,42172,41409,42129,720,2,1000,1,static,0.13102491666666666,0.2779388333333333,20.0,20480.0,768.2099711092184
496,window_drift,42172,41409,42129,720,2,1000,1,temporal,0.030098749999999997,0.17753016666666666,3.0,3072.0,768.2099711092184
497,window_drift,40961,40165,40885,720,4,1000,1,static,0.235749,0.5285845833333334,38.0,38912.0,1403.5853209940644
497,window_drift,40961,40165,40885,720,4,1000,1,temporal,0.0473975,0.34022208333333337,6.0,6144.0,1403.5853209940644
498,window_drift,42860,41282,42722,1440,6,1000,1,static,0.33762808333333333,1.1955592499999999,107.0,109568.0,3.193012560967111
498,window_drift,42860,41282,42722,1440,6,1000,1,temporal,0.07511941666666667,1.0175681666666667,16.0,16384.0,3.193012560967111
499,window_drift,39191,37465,38905,1440,4,5000,1,static,0.239165,0.80868475,73.0,74752.0,371.71814068272255
499,window_drift,39191,37465,38905,1440,4,5000,1,temporal,0.056315166666666666,0.6087455833333334,10.0,10240.0,371.71814068272255
500,window_drift,38590,37730,38450,720,4,1000,1,static,0.20241033333333333,0.48149,38.0,38912.0,-993.4068424314697
500,window_drift,38590,37730,38450,720,4,1000,1,temporal,0.04768116666666666,0.34978825,6.0,6144.0,-993.4068424314697
501,window_drift,39957,38444,39884,1440,2,1000,1,static,0.12424116666666667,0.3951183333333333,40.0,40960.0,-69.55274932565749
501,window_drift,39957,38444,39884,1440,2,1000,1,temporal,0.030528749999999997,0.31008725,5.0,5120.0,-69.55274932565749
502,window_drift,38837,37913,38633,720,2,200,1,static,0.11822958333333333,0.25651799999999997,21.0,21504.0,-605.907549804388
502,window_drift,38837,37913,38633,720,2,200,1,temporal,0.02796325,0.17238408333333333,3.0,3072.0,-605.907549804388
503,window_drift,42436,41732,42092,360,4,1000,1,static,0.21620125,0.3721838333333333,22.0,22528.0,905.527877369299
503,window_drift,42436,41732,42092,360,4,1000,1,temporal,0.046456166666666666,0.19561841666666666,6.0,6144.0,905.527877369299
504,window_drift,41151,39686,41126,1440,2,5000,1,static,0.11126516666666668,0.39035375,34.0,34816.0,-156.1330274783417
504,window_drift,41151,39686,41126,1440,2,5000,1,temporal,0.035000666666666666,0.33440424999999996,6.0,6144.0,-156.1330274783417
505,window_drift,37941,37402,37762,360,4,200,1,static,0.21640291666666667,0.38429108333333334,19.0,19456.0,1078.0871413635014
505,window_drift,37941,37402,37762,360,4,200,1,temporal,0.04384216666666666,0.1947095,5.0,5120.0,1078.0871413635014
506,window_drift,42081,41176,41896,720,4,1000,1,static,0.2255985,0.51969425,37.0,37888.0,1399.9513201198504
506,window_drift,42081,41176,41896,720,4,1000,1,temporal,0.0463125,0.3557898333333333,5.0,5120.0,1399.9513201198504
507,window_drift,40597,37621,40501,2880,2,200,1,static,0.12019858333333333,0.6723920833333333,66.0,67584.0,432.45489653733335
507,window_drift,40597,37621,40501,2880,2,200,1,temporal,0.03038266666666667,0.575064,9.0,9216.0,432.45489653733335
508,window_drift,37617,36924,37284,360,6,1000,1,static,0.2845079166666667,0.5053851666666667,27.0,27648.0,-1747.0917939010585
508,window_drift,37617,36924,37284,360,6,1000,1,temporal,0.06499,0.3170085,3.0,3072.0,-1747.0917939010585
509,window_drift,42659,40918,42358,1440,2,5000,1,static,0.13587466666666667,0.41570225,39.0,39936.0,-171.31991966620933
509,window_drift,42659,40918,42358,1440,2,5000,1,temporal,0.036768916666666665,0.3244390833333333,5.0,5120.0,-171.31991966620933
510,window_drift,41543,39811,41251,1440,4,200,1,static,0.23187841666666667,0.7782806666666667,72.0,73728.0,-440.7539456190268
510,window_drift,41543,39811,41251,1440,4,200,1,temporal,0.04591191666666666,0.6121356666666666,10.0,10240.0,-440.7539456190268
511,window_drift,38718,37905,38625,720,2,1000,1,static,0.12048125,0.2731631666666667,20.0,20480.0,-587.7192977813903
511,window_drift,38718,37905,38625,720,2,1000,1,temporal,0.02859716666666667,0.17672958333333333,3.0,3072.0,-587.7192977813903
512,window_drift,41881,40956,41676,720,4,1000,1,static,0.21962800000000002,0.5038245,38.0,38912.0,410.75878185298944
512,window_drift,41881,40956,41676,720,4,1000,1,temporal,0.04757941666666667,0.33294850000000004,7.0,7168.0,410.75878185298944
513,window_drift,37906,34815,37695,2880,6,5000,1,static,0.4018428333333333,2.0527340833333336,223.0,228352.0,1149.559840746584
513,window_drift,37906,34815,37695,2880,6,5000,1,temporal,0.07865808333333334,1.7392305,28.0,28672.0,1149.559840746584
514,window_drift,42798,39593,42473,2880,4,5000,1,static,0.26596400000000003,1.3452689166666667,140.0,143360.0,-793.0049214344855
514,window_drift,42798,39593,42473,2880,4,5000,1,temporal,0.06743116666666667,1.1810005833333335,18.0,18432.0,-793.0049214344855
515,window_drift,40617,37470,40350,2880,2,200,1,static,0.13197825,0.6843728333333333,65.0,66560.0,366.79828586256343
515,window_drift,40617,37470,40350,2880,2,200,1,temporal,0.03523416666666667,0.5745424166666667,9.0,9216.0,366.79828586256343
516,window_drift,39807,39405,39765,360,2,1000,1,static,0.11519333333333333,0.19216375,12.0,12288.0,-417.8995436696552
516,window_drift,39807,39405,39765,360,2,1000,1,temporal,0.03198775,0.10787916666666668,2.0,2048.0,-417.8995436696552
517,window_drift,41994,39081,41961,2880,4,200,1,static,0.25766391666666666,1.357772,141.0,144384.0,608.1706516848388
517,window_drift,41994,39081,41961,2880,4,200,1,temporal,0.051105750000000005,1.19467375,19.0,19456.0,608.1706516848388
518,window_drift,39220,38228,38948,720,4,5000,1,static,0.21915558333333332,0.5028155,38.0,38912.0,224.07127358981242
518,window_drift,39220,38228,38948,720,4,5000,1,temporal,0.05080925,0.33622925,6.0,6144.0,224.07127358981242
519,window_drift,41336,40511,41231,720,4,1000,1,static,0.20974316666666667,0.49730475,36.0,36864.0,-1705.3519536874182
519,window_drift,41336,40511,41231,720,4,1000,1,temporal,0.04487783333333333,0.3451119166666667,6.0,6144.0,-1705.3519536874182
520,window_drift,42579,41754,42474,720,4,1000,1,static,0.21816824999999998,0.5113659166666666,37.0,37888.0,-1059.5763105411472
520,window_drift,42579,41754,42474,720,4,1000,1,temporal,0.047100333333333334,0.33654566666666663,6.0,6144.0,-1059.5763105411472
521,window_drift,39613,39078,39438,360,4,1000,1,static,0.19121333333333335,0.3375881666666667,16.0,16384.0,556.1558589975181
521,window_drift,39613,39078,39438,360,4,1000,1,temporal,0.046450333333333337,0.18846933333333335,2.0,2048.0,556.1558589975181
522,window_drift,42291,40598,42038,1440,2,1000,1,static,0.10307925,0.37507566666666664,32.0,32768.0,-63.095595190458134
522,window_drift,42291,40598,42038,1440,2,1000,1,temporal,0.030472833333333334,0.29778475,5.0,5120.0,-63.095595190458134
523,window_drift,41408,40603,41323,720,4,5000,1,static,0.22020808333333333,0.5157043333333333,38.0,38912.0,-1413.2614656639337
523,window_drift,41408,40603,41323,720,4,5000,1,temporal,0.05214066666666667,0.34169275,6.0,6144.0,-1413.2614656639337
524,window_drift,42055,40515,41955,1440,2,200,1,static,0.12851758333333332,0.4032955833333333,38.0,38912.0,129.66883549417983
524,window_drift,42055,40515,41955,1440,2,200,1,temporal,0.026876416666666667,0.30225616666666666,5.0,5120.0,129.66883549417983
525,window_drift,41989,40510,41950,1440,4,200,1,static,0.20441825,0.7441162499999999,71.0,72704.0,251.96807019552588
525,window_drift,41989,40510,41950,1440,4,200,1,temporal,0.04437716666666666,0.5958571666666667,10.0,10240.0,251.96807019552588
526,window_drift,39204,36232,39112,2880,2,200,1,static,0.11936558333333334,0.6657778333333333,65.0,66560.0,347.03900696479894
526,window_drift,39204,36232,39112,2880,2,200,1,temporal,0.029770833333333333,0.5952904166666667,9.0,9216.0,347.03900696479894
527,window_drift,39517,38680,39400,720,2,1000,1,static,0.11311833333333333,0.2666481666666667,16.0,16384.0,803.1739017695037
527,window_drift,39517,38680,39400,720,2,1000,1,temporal,0.028567166666666668,0.16901383333333334,3.0,3072.0,803.1739017695037
528,window_drift,40486,40085,40445,360,4,1000,1,static,0.20505241666666665,0.3553330833333333,20.0,20480.0,994.5462606489715
528,window_drift,40486,40085,40445,360,4,1000,1,temporal,0.046204,0.222974,6.0,6144.0,994.5462606489715
529,window_drift,40577,39546,40266,720,6,200,1,static,0.30924375,0.7247698333333333,56.0,57344.0,-1819.8737906023307
529,window_drift,40577,39546,40266,720,6,200,1,temporal,0.059685916666666665,0.4923329166666666,8.0,8192.0,-1819.8737906023307
530,window_drift,38949,38475,38835,360,8,200,1,static,0.40149541666666666,0.8142430833333334,38.0,38912.0,295.6690971716129
530,window_drift,38949,38475,38835,360,8,200,1,temporal,0.08860141666666667,0.3854184166666667,4.0,4096.0,295.6690971716129
531,window_drift,39568,38546,39266,720,2,200,1,static,0.11074508333333333,0.32295100000000004,19.0,19456.0,715.0019214921318
531,window_drift,39568,38546,39266,720,2,200,1,temporal,0.028333583333333332,0.17647683333333333,3.0,3072.0,715.0019214921318
532,window_drift,42366,39327,42207,2880,2,200,1,static,0.12491308333333334,0.6585969166666666,75.0,76800.0,-102.68367078299526
532,window_drift,42366,39327,42207,2880,2,200,1,temporal,0.03358916666666666,0.5925836666666667,9.0,9216.0,-102.68367078299526
533,window_drift,41367,39728,41168,1440,4,200,1,static,0.24189075000000002,0.8076982500000001,74.0,75776.0,-337.5567092993123
533,window_drift,41367,39728,41168,1440,4,200,1,temporal,0.052609750000000004,0.6056520833333333,14.0,14336.0,-337.5567092993123
534,window_drift,38445,38083,38443,360,8,200,1,static,0.3703210833333333,0.6582189166666667,42.0,43008.0,-2408.7223946797867
534,window_drift,38445,38083,38443,360,8,200,1,temporal,0.07403775,0.38061649999999997,12.0,12288.0,-2408.7223946797867
535,window_drift,42753,39756,42636,2880,4,5000,1,static,0.25130766666666665,1.3217183333333333,140.0,143360.0,-562.4904625624739
535,window_drift,42753,39756,42636,2880,4,5000,1,temporal,0.06914133333333333,1.1488043333333333,18.0,18432.0,-562.4904625624739
536,window_drift,40542,39910,40270,360,4,5000,1,static,0.20269741666666666,0.3636968333333333,19.0,19456.0,-4.370630872454959
536,window_drift,40542,39910,40270,360,4,5000,1,temporal,0.05111075,0.20445016666666668,2.0,2048.0,-4.370630872454959
537,window_drift,41441,38282,41162,2880,4,1000,1,static,0.23570133333333332,1.333416,140.0,143360.0,-770.8170468403147
537,window_drift,41441,38282,41162,2880,4,1000,1,temporal,0.04990816666666667,1.1549369166666668,19.0,19456.0,-770.8170468403147
538,window_drift,42776,41085,42525,1440,4,5000,1,static,0.22882441666666667,0.7971599166666667,72.0,73728.0,-422.8288432377539
538,window_drift,42776,41085,42525,1440,4,5000,1,temporal,0.05429358333333333,0.6072766666666667,10.0,10240.0,-422.8288432377539
539,window_drift,43087,42527,42887,360,4,5000,1,static,0.25263108333333334,0.4137406666666667,22.0,22528.0,578.4782649184992
539,window_drift,43087,42527,42887,360,4,5000,1,temporal,0.05667,0.21863991666666668,6.0,6144.0,578.4782649184992
540,window_drift,38459,35530,38410,2880,4,1000,1,static,0.25743916666666666,1.358765,146.0,149504.0,-687.8427368328885
540,window_drift,38459,35530,38410,2880,4,1000,1,temporal,0.053206250000000004,1.144784,20.0,20480.0,-687.8427368328885
541,window_drift,40404,39562,40282,720,2,1000,1,static,0.13790858333333333,0.2848165833333333,21.0,21504.0,-254.6138260510991
541,window_drift,40404,39562,40282,720,2,1000,1,temporal,0.038738749999999995,0.19530708333333335,4.0,4096.0,-254.6138260510991
542,window_drift,37459,35673,37113,1440,2,200,1,static,0.10655416666666667,0.379685,40.0,40960.0,-174.52420090953902
542,window_drift,37459,35673,37113,1440,2,200,1,temporal,0.025159749999999998,0.30620141666666667,6.0,6144.0,-174.52420090953902
543,window_drift,41997,40442,41882,1440,8,1000,1,static,0.45720658333333336,1.78669175,141.0,144384.0,429.86600389236827
543,window_drift,41997,40442,41882,1440,8,1000,1,temporal,0.09038091666666666,1.1957953333333333,19.0,19456.0,429.86600389236827
544,window_drift,40678,37521,40401,2880,6,1000,1,static,0.40499,2.0472361666666665,222.0,227328.0,1131.8052607784073
544,window_drift,40678,37521,40401,2880,6,1000,1,temporal,0.08381341666666668,1.7501714166666666,28.0,28672.0,1131.8052607784073
545,window_drift,42372,41599,42319,720,4,1000,1,static,0.21739050000000001,0.49769025,38.0,38912.0,789.9331360579225
545,window_drift,42372,41599,42319,720,4,1000,1,temporal,0.05386225,0.32824566666666666,6.0,6144.0,789.9331360579225
546,window_drift,39680,38077,39517,1440,6,5000,1,static,0.32343758333333333,1.1501913333333333,107.0,109568.0,-431.1009178028453
546,window_drift,39680,38077,39517,1440,6,5000,1,temporal,0.0694885,0.9016622499999999,15.0,15360.0,-431.1009178028453
547,window_drift,42593,42022,42382,360,2,1000,1,static,0.13096716666666666,0.20981416666666666,10.0,10240.0,-291.6014575775426
547,window_drift,42593,42022,42382,360,2,1000,1,temporal,0.03288791666666666,0.11346075,1.0,1024.0,-291.6014575775426
548,window_drift,39289,36392,39272,2880,6,200,1,static,0.3491280833333333,2.0623536666666666,207.0,211968.0,1037.4718106607636
548,window_drift,39289,36392,39272,2880,6,200,1,temporal,0.06723433333333333,1.7064268333333334,27.0,27648.0,1037.4718106607636
549,window_drift,38848,37860,38580,720,2,1000,1,static,0.11357099999999999,0.26455591666666667,21.0,21504.0,-479.9871401498186
549,window_drift,38848,37860,38580,720,2,1000,1,temporal,0.030702416666666666,0.17225575,3.0,3072.0,-479.9871401498186
550,window_drift,43144,40173,43053,2880,2,5000,1,static,0.16116450000000002,0.707737,78.0,79872.0,234.03541060176997
550,window_drift,43144,40173,43053,2880,2,5000,1,temporal,0.03884616666666667,0.5779960833333333,9.0,9216.0,234.03541060176997
551,window_drift,38449,35502,38382,2880,6,1000,1,static,0.4021221666666667,1.9961115000000003,223.0,228352.0,-854.5520591345395
551,window_drift,38449,35502,38382,2880,6,1000,1,temporal,0.07190366666666666,1.68991425,28.0,28672.0,-854.5520591345395
552,window_drift,42112,40352,41792,1440,8,1000,1,static,0.4646863333333333,1.6058865833333333,146.0,149504.0,565.0393227817224
552,window_drift,42112,40352,41792,1440,8,1000,1,temporal,0.09829433333333333,1.22200075,23.0,23552.0,565.0393227817224
553,window_drift,37951,37188,37908,720,2,5000,1,static,0.12599883333333334,0.28539425,21.0,21504.0,422.0391417935677
553,window_drift,37951,37188,37908,720,2,5000,1,temporal,0.03475408333333333,0.18328716666666667,3.0,3072.0,422.0391417935677
554,window_drift,41632,39947,41387,1440,4,1000,1,static,0.24961183333333334,0.8147791666666667,72.0,73728.0,59.3515234768817
554,window_drift,41632,39947,41387,1440,4,1000,1,temporal,0.061529499999999994,0.6282125,11.0,11264.0,59.3515234768817
555,window_drift,40311,37328,40208,2880,6,5000,1,static,0.40758916666666667,2.1448709166666666,221.0,226304.0,279.45523919167675
555,window_drift,40311,37328,40208,2880,6,5000,1,temporal,0.08598,1.7037783333333334,25.0,25600.0,279.45523919167675
556,window_drift,38947,38188,38908,720,2,5000,1,static,0.11682333333333333,0.264052,21.0,21504.0,-543.642814230841
556,window_drift,38947,38188,38908,720,2,5000,1,temporal,0.03611541666666667,0.17477841666666669,3.0,3072.0,-543.642814230841
557,window_drift,38546,35550,38430,2880,2,5000,1,static,0.12740175,0.7225613333333333,65.0,66560.0,-358.97339471606296
557,window_drift,38546,35550,38430,2880,2,5000,1,temporal,0.040099166666666665,0.5951701666666667,9.0,9216.0,-358.97339471606296
558,window_drift,37585,37016,37376,360,4,1000,1,static,0.19524791666666666,0.3589470833333333,16.0,16384.0,-834.9041115167147
558,window_drift,37585,37016,37376,360,4,1000,1,temporal,0.04886658333333333,0.19972958333333335,2.0,2048.0,-834.9041115167147
559,window_drift,39204,37691,39131,1440,4,200,1,static,0.22562816666666666,0.82787225,73.0,74752.0,346.54940940394425
559,window_drift,39204,37691,39131,1440,4,200,1,temporal,0.04954141666666667,0.6203340833333333,10.0,10240.0,346.54940940394425
560,window_drift,42114,41043,41763,720,8,200,1,static,0.42210841666666665,0.9885861666666665,70.0,71680.0,1.6109652557181644
560,window_drift,42114,41043,41763,720,8,200,1,temporal,0.08251558333333334,0.672599,12.0,12288.0,1.6109652557181644
561,window_drift,38009,36333,37773,1440,4,1000,1,static,0.22397858333333334,0.7978640833333334,74.0,75776.0,445.6740224799017
561,window_drift,38009,36333,37773,1440,4,1000,1,temporal,0.04600358333333333,0.6012785833333333,11.0,11264.0,445.6740224799017
562,window_drift,41330,38426,41306,2880,6,1000,1,static,0.441759,2.05378975,220.0,225280.0,-1024.730880285538
562,window_drift,41330,38426,41306,2880,6,1000,1,temporal,0.07733858333333334,1.9208020000000001,26.0,26624.0,-1024.730880285538
563,window_drift,41841,38621,41501,2880,6,1000,1,static,0.4105525833333334,2.0804400833333334,217.0,222208.0,231.44202354861895
563,window_drift,41841,38621,41501,2880,6,1000,1,temporal,0.07591158333333332,1.6799134999999998,29.0,29696.0,231.44202354861895
564,window_drift,41411,40507,41227,720,2,5000,1,static,0.135833,0.3031411666666667,17.0,17408.0,-856.6352228058863
564,window_drift,41411,40507,41227,720,2,5000,1,temporal,0.042973333333333336,0.20179916666666667,3.0,3072.0,-856.6352228058863
565,window_drift,41055,40379,40739,360,4,5000,1,static,0.23428616666666668,0.3887738333333333,22.0,22528.0,1035.4617807261113
565,window_drift,41055,40379,40739,360,4,5000,1,temporal,0.058708,0.2291466666666667,6.0,6144.0,1035.4617807261113
566,window_drift,37866,34740,37620,2880,8,1000,1,static,0.54975675,2.8916050833333333,287.0,293888.0,1345.1284822024209
566,window_drift,37866,34740,37620,2880,8,1000,1,temporal,0.10319358333333334,2.3569223333333333,38.0,38912.0,1345.1284822024209
567,window_drift,42556,41021,42461,1440,4,1000,1,static,0.23985366666666666,0.8610172500000001,71.0,72704.0,-479.36618302353327
567,window_drift,42556,41021,42461,1440,4,1000,1,temporal,0.052456,0.6132676666666667,10.0,10240.0,-479.36618302353327
568,window_drift,41897,41019,41739,720,4,200,1,static,0.22378333333333333,0.51287975,38.0,38912.0,788.246196122243
568,window_drift,41897,41019,41739,720,4,200,1,temporal,0.049992249999999995,0.33608225,7.0,7168.0,788.246196122243
569,window_drift,39704,36542,39422,2880,4,200,1,static,0.33236933333333335,1.4485926666666666,143.0,146432.0,-26.33243655525791
569,window_drift,39704,36542,39422,2880,4,200,1,temporal,0.054604999999999994,1.2024403333333333,18.0,18432.0,-26.33243655525791
570,window_drift,38759,37242,38682,1440,8,200,1,static,0.43429758333333335,1.5207292499999998,146.0,149504.0,179.1374546601968
570,window_drift,38759,37242,38682,1440,8,200,1,temporal,0.08320016666666667,1.1752343333333333,20.0,20480.0,179.1374546601968
571,window_drift,41534,39756,41196,1440,6,1000,1,static,0.3551398333333333,1.1879143333333333,111.0,113664.0,-454.7080289060691
571,window_drift,41534,39756,41196,1440,6,1000,1,temporal,0.07384241666666667,0.9754379166666666,16.0,16384.0,-454.7080289060691
572,window_drift,38257,36726,38166,1440,4,1000,1,static,0.2246205,0.7738069166666667,72.0,73728.0,-201.31104879584288
572,window_drift,38257,36726,38166,1440,4,1000,1,temporal,0.05524183333333333,0.6188266666666666,10.0,10240.0,-201.31104879584288
573,window_drift,43136,39995,42875,2880,2,1000,1,static,0.16325841666666666,0.7357186666666666,74.0,75776.0,127.89907851087851
573,window_drift,43136,39995,42875,2880,2,1000,1,temporal,0.04065158333333333,0.6276660833333333,9.0,9216.0,127.89907851087851
574,window_drift,41990,40546,41986,1440,4,200,1,static,0.30263591666666667,0.8849801666666667,70.0,71680.0,134.56674444051683
574,window_drift,41990,40546,41986,1440,4,200,1,temporal,0.04989883333333334,0.6431810833333333,11.0,11264.0,134.56674444051683
575,window_drift,40446,39649,40369,720,6,1000,1,static,0.2971335,0.7349390833333334,54.0,55296.0,1009.3838395216759
575,window_drift,40446,39649,40369,720,6,1000,1,temporal,0.06682525,0.47501333333333334,9.0,9216.0,1009.3838395216759
576,window_drift,43038,42443,42803,360,6,1000,1,static,0.33845858333333334,0.6008202500000001,32.0,32768.0,-215.45136495311954
576,window_drift,43038,42443,42803,360,6,1000,1,temporal,0.0634885,0.28646408333333334,9.0,9216.0,-215.45136495311954
577,window_drift,38133,34959,37839,2880,4,5000,1,static,0.2627649166666666,1.3995852500000001,145.0,148480.0,734.273290786496
577,window_drift,38133,34959,37839,2880,4,5000,1,temporal,0.0689225,1.2039793333333333,18.0,18432.0,734.273290786496
578,window_drift,38662,37024,38464,1440,8,200,1,static,0.4267129166666667,1.8595,146.0,149504.0,-634.0623955479106
578,window_drift,38662,37024,38464,1440,8,200,1,temporal,0.08842774999999999,1.2229496666666666,20.0,20480.0,-634.0623955479106
579,window_drift,43040,42538,42898,360,2,5000,1,static,0.12071749999999999,0.20907275,11.0,11264.0,281.8598815745845
579,window_drift,43040,42538,42898,360,2,5000,1,temporal,0.041624666666666664,0.12076683333333332,3.0,3072.0,281.8598815745845
580,window_drift,38730,37655,38375,720,2,1000,1,static,0.12214141666666667,0.27031216666666663,20.0,20480.0,326.8874082213032
580,window_drift,38730,37655,38375,720,2,1000,1,temporal,0.04022083333333334,0.1956025,3.0,3072.0,326.8874082213032
581,window_drift,39582,39183,39543,360,4,1000,1,static,0.20474633333333334,0.36646191666666666,19.0,19456.0,-177.78266905331932
581,window_drift,39582,39183,39543,360,4,1000,1,temporal,0.05474533333333333,0.2029504166666667,2.0,2048.0,-177.78266905331932
582,window_drift,42410,40936,42376,1440,2,1000,1,static,0.10884908333333333,0.3909825,34.0,34816.0,-207.0307313781806
582,window_drift,42410,40936,42376,1440,2,1000,1,temporal,0.036103083333333334,0.31223825,6.0,6144.0,-207.0307313781806
583,window_drift,41321,40959,41319,360,6,1000,1,static,0.32801691666666666,0.5541438333333334,31.0,31744.0,-1476.6828184086432
583,window_drift,41321,40959,41319,360,6,1000,1,temporal,0.0722645,0.28919666666666666,9.0,9216.0,-1476.6828184086432
584,window_drift,39913,36825,39705,2880,6,1000,1,static,0.37723633333333334,1.9857600833333333,222.0,227328.0,-1257.5552282028063
584,window_drift,39913,36825,39705,2880,6,1000,1,temporal,0.07577125,1.7029908333333335,27.0,27648.0,-1257.5552282028063
585,window_drift,42632,41600,42320,720,4,200,1,static,0.23666299999999998,0.5402815,38.0,38912.0,323.1910338500821
585,window_drift,42632,41600,42320,720,4,200,1,temporal,0.046859000000000005,0.32610066666666665,6.0,6144.0,323.1910338500821
586,window_drift,38433,36921,38361,1440,4,5000,1,static,0.264773,0.8375643333333334,73.0,74752.0,-358.5286954157611
586,window_drift,38433,36921,38361,1440,4,5000,1,temporal,0.05500083333333333,0.6118329166666666,10.0,10240.0,-358.5286954157611
587,window_drift,42944,41464,42904,1440,6,200,1,static,0.3372201666666667,1.1823049166666666,105.0,107520.0,426.36005186238157
587,window_drift,42944,41464,42904,1440,6,200,1,temporal,0.06613025,0.9037194999999999,15.0,15360.0,426.36005186238157
588,window_drift,40977,37959,40839,2880,4,1000,1,static,0.2564705,1.3551414166666669,144.0,147456.0,-329.4621996279069
588,window_drift,40977,37959,40839,2880,4,1000,1,temporal,0.05546041666666667,1.1445676666666666,20.0,20480.0,-329.4621996279069
589,window_drift,42831,42413,42773,360,2,1000,1,static,0.10387458333333333,0.17961075,10.0,10240.0,-269.4741640890964
589,window_drift,42831,42413,42773,360,2,1000,1,temporal,0.03240716666666667,0.111259,3.0,3072.0,-269.4741640890964
590,window_drift,40441,37475,40355,2880,8,5000,1,static,0.5091284166666666,2.6736005833333336,288.0,294912.0,1353.2116773028001
590,window_drift,40441,37475,40355,2880,8,5000,1,temporal,0.10246258333333334,2.2597245833333335,37.0,37888.0,1353.2116773028001
591,window_drift,38157,37173,37893,720,4,200,1,static,0.19746433333333333,0.47936074999999995,36.0,36864.0,1066.149801665667
591,window_drift,38157,37173,37893,720,4,200,1,temporal,0.04907358333333334,0.34662366666666666,5.0,5120.0,1066.149801665667
592,window_drift,40621,39691,40411,720,2,200,1,static,0.09530566666666666,0.23792791666666668,17.0,17408.0,190.39962419606834
592,window_drift,40621,39691,40411,720,2,200,1,temporal,0.02688241666666667,0.16675641666666666,3.0,3072.0,190.39962419606834
593,window_drift,40478,38859,40299,1440,4,1000,1,static,0.23521666666666666,0.9112409166666667,72.0,73728.0,256.47399237259583
593,window_drift,40478,38859,40299,1440,4,1000,1,temporal,0.047508666666666664,0.6176359166666666,9.0,9216.0,256.47399237259583
594,window_drift,42737,39502,42382,2880,4,1000,1,static,0.2595140833333333,1.42051275,143.0,146432.0,-786.6826679181695
594,window_drift,42737,39502,42382,2880,4,1000,1,temporal,0.05886258333333333,1.2513485833333333,20.0,20480.0,-786.6826679181695
595,window_drift,39797,38069,39509,1440,2,1000,1,static,0.12248108333333334,0.39343,40.0,40960.0,-142.52594864465104
595,window_drift,39797,38069,39509,1440,2,1000,1,temporal,0.030057,0.29710425,5.0,5120.0,-142.52594864465104
596,window_drift,38441,37407,38127,720,2,1000,1,static,0.1035775,0.25172825,16.0,16384.0,844.0158394842318
596,window_drift,38441,37407,38127,720,2,1000,1,temporal,0.025781666666666665,0.1847521666666667,2.0,2048.0,844.0158394842318
597,window_drift,42056,41157,41877,720,2,1000,1,static,0.12963433333333332,0.28070625,20.0,20480.0,292.0280694579923
597,window_drift,42056,41157,41877,720,2,1000,1,temporal,0.03668866666666667,0.19230991666666666,3.0,3072.0,292.0280694579923
598,window_drift,39231,36067,38947,2880,2,1000,1,static,0.14981658333333334,0.7271123333333334,80.0,81920.0,207.22923457228185
598,window_drift,39231,36067,38947,2880,2,1000,1,temporal,0.04275958333333333,0.6315300833333334,10.0,10240.0,207.22923457228185
599,window_drift,42039,41263,41983,720,4,1000,1,static,0.21612525000000002,0.54543675,38.0,38912.0,1684.6722884829426
599,window_drift,42039,41263,41983,720,4,1000,1,temporal,0.05772658333333333,0.36158941666666666,6.0,6144.0,1684.6722884829426
