query_id,static_server_ms,temporal_server_ms,static_client_ms,temporal_client_ms,static_resolver_ms,temporal_resolver_ms,static_slices,temporal_slices,segment,server_saving_ms,server_gain_pct,client_saving_ms,client_gain_pct,resolver_saving_ms,resolver_gain_pct
0,2.19969825,2.0377355,3.1468225000000003,2.99274,2.42922,1.226682,47.0,13.0,calibration,0.16196274999999982,7.362953077768727,0.15408250000000034,4.896447130399008,1.2025379999999999,49.50305036184454
1,1.8089475000000002,2.2206725,2.7716677499999998,3.2240715,1.17415025,1.4503255,8.0,3.0,calibration,-0.4117249999999999,-22.760472595252207,-0.4524037500000002,-16.322437997844446,-0.27617524999999987,-23.5212869903149
2,1.722582,1.4968505,2.58107725,2.43726775,1.3019055,1.3379705,7.0,3.0,calibration,0.22573149999999997,13.104252801898545,0.1438094999999997,5.571685233365243,-0.036065000000000014,-2.770170338784191
3,2.4237332499999997,1.77294575,7.931535,2.8422722499999997,1.175973,1.575084,22.0,7.0,calibration,0.6507874999999996,26.850623929015278,5.0892627500000005,64.16491574455638,-0.399111,-33.93878941098137
4,1.70066625,1.71918225,2.54354775,2.67943825,1.3486215000000001,1.2587005,15.0,2.0,calibration,-0.018515999999999977,-1.0887497767419079,-0.13589049999999991,-5.342557457393906,0.08992100000000014,6.6676231989479735
5,1.7352907499999999,1.9518437499999999,2.6127624999999997,2.84987375,1.0940215,1.73885675,16.0,2.0,calibration,-0.216553,-12.479349642127696,-0.23711125000000033,-9.075116854287382,-0.6448352500000001,-58.94173469168569
6,1.92174525,2.18143575,2.79910425,3.513825,1.4296389999999999,1.24235275,36.0,7.0,calibration,-0.2596904999999998,-13.51326352959633,-0.7147207500000001,-25.53390964270088,0.18728624999999988,13.100247684905062
7,1.9478875,2.16978275,2.7709254999999997,2.938162,1.7357315,1.5535937499999999,32.0,5.0,calibration,-0.22189525,-11.39158447292259,-0.16723650000000045,-6.035402250980781,0.1821377500000001,10.493428851178889
8,1.773088,1.75298025,2.55628975,2.4927537500000003,1.36896225,1.17603075,15.0,3.0,calibration,0.02010774999999998,1.1340525681748441,0.06353599999999959,2.4854772429455463,0.19293150000000003,14.093266633174146
9,1.746315,1.6679895,8.24926425,2.52217075,1.0306885000000001,1.38581025,6.0,2.0,calibration,0.07832550000000005,4.485187380283628,5.7270935,69.4255066444259,-0.3551217499999999,-34.45480860609194
10,1.8048012500000001,1.85542,2.54475725,2.653762,1.156616,1.16066725,9.0,3.0,calibration,-0.050618749999999935,-2.80467170554098,-0.10900474999999998,-4.2835028763549055,-0.00405124999999984,-0.3502675045131521
11,1.62419825,1.41874,2.4971655,2.26865475,1.083328,1.212213,7.0,1.0,calibration,0.20545825000000018,12.649825844843766,0.22851074999999987,9.150805182916386,-0.12888499999999992,-11.897135493590113
12,2.241917,2.5646475,3.03861925,3.3091935,1.4471930000000002,1.25391275,113.0,15.0,calibration,-0.32273050000000003,-14.395292064782062,-0.2705742500000001,-8.904513127138259,0.19328025000000015,13.355526871675037
13,1.54390175,1.8820147500000002,2.27084075,2.61750975,1.236254,1.159676,18.0,2.0,calibration,-0.3381130000000001,-21.89990392847214,-0.3466689999999999,-15.26610793821627,0.07657800000000003,6.19435811734482
14,1.660578,1.87701575,2.4266665,2.62081225,1.2235595,1.2476865,9.0,7.0,calibration,-0.21643774999999987,-13.033880371774156,-0.19414575000000012,-8.000512225309912,-0.02412700000000001,-1.9718697782984818
15,2.3202055,1.56953775,2.9970262500000002,2.27584075,1.19653425,1.27963725,3.0,1.0,calibration,0.7506677500000001,32.35350273930477,0.7211855000000003,24.063369481665376,-0.08310299999999993,-6.945308920325509
16,2.1339085,6.7884055000000005,2.92041,7.619029,1.4314292499999999,1.482852,42.0,12.0,calibration,-4.654497000000001,-218.12073947875464,-4.698619000000001,-160.88901900760513,-0.051422750000000184,-3.5924059816438842
17,2.28979175,2.515924,3.0546480000000003,3.946815,1.53359625,6.233721999999999,33.0,6.0,calibration,-0.22613225000000003,-9.875668824468427,-0.8921669999999997,-29.206867698012985,-4.70012575,-306.47738933894755
18,2.24429825,2.16965275,3.00770225,2.9901405,1.59058725,4.763662,30.0,5.0,calibration,0.07464549999999992,3.3260062471643383,0.017561750000000043,0.58389257114796,-3.17307475,-199.49076983988147
19,2.2468645,2.407873,2.99600975,7.6745905,1.61267825,2.57020075,73.0,11.0,calibration,-0.1610084999999999,-7.165919440179854,-4.67858075,-156.16039800938566,-0.9575225,-59.37467687680416
20,1.83461875,1.75818825,2.67035425,2.5404785,1.249692,1.183174,20.0,9.0,calibration,0.07643050000000007,4.166015418734823,0.12987575000000007,4.8636150053873966,0.06651800000000008,5.322751525976007
21,2.012703,1.86937875,2.77484025,2.7067825,1.41231625,1.2844495,71.0,9.0,calibration,0.14332425000000004,7.120983572837127,0.06805774999999992,2.4526727259344,0.12786674999999992,9.053691055385075
22,1.82338675,2.16906925,2.640347,3.0841805,1.25219575,6.656423500000001,27.0,3.0,calibration,-0.3456825000000001,-18.95826543655646,-0.44383349999999977,-16.80966554774807,-5.40422775,-431.5801063851239
23,1.64929625,1.62789875,2.3941997500000003,2.3589765,1.16823875,1.4915455,1.0,1.0,calibration,0.021397499999999958,1.2973715304330535,0.03522325000000048,1.4711909480401741,-0.32330675,-27.67471546376971
24,1.72386875,3.79744875,2.546996,4.537710499999999,1.213134,1.0664449999999999,1.0,1.0,calibration,-2.0735799999999998,-120.28641971727833,-1.9907144999999993,-78.1593100263997,0.14668900000000007,12.09173924727195
25,6.43500425,1.6417220000000001,7.4178127499999995,2.45411275,1.1983570000000001,1.58671675,9.0,4.0,calibration,4.793282250000001,74.48763145727527,4.963699999999999,66.91595174062597,-0.3883597499999998,-32.40768402070499
26,1.7223739999999998,1.87699275,2.533455,2.6093025,1.6483135,1.137883,39.0,7.0,calibration,-0.15461875000000025,-8.977071762578873,-0.07584750000000007,-2.993836480221676,0.5104305,30.966833675754035
27,1.35322825,1.66537275,2.22304625,2.35541875,1.0870837500000001,1.29913425,2.0,1.0,calibration,-0.31214450000000005,-23.06665560669459,-0.13237250000000023,-5.954554476768094,-0.21205049999999992,-19.506362780236564
28,2.275608,2.4695875,3.13752125,3.38026525,1.72851825,7.51461125,32.0,4.0,calibration,-0.19397949999999975,-8.52429328777187,-0.24274400000000007,-7.736808157076229,-5.786092999999999,-334.7429510796313
29,2.0056974999999997,1.75534625,3.22058275,2.525711,1.20673175,1.30476775,12.0,6.0,calibration,0.2503512499999996,12.482004389993985,0.6948717500000003,21.575963232120035,-0.09803599999999979,-8.124092201933012
30,1.96528875,3.35487225,2.69977425,4.171874750000001,1.35977575,1.32545875,9.0,2.0,calibration,-1.3895835,-70.70632750530933,-1.4721005000000007,-54.5267997870563,0.03431700000000015,2.5237249597957714
31,2.159615,1.9710952499999999,7.4684115,2.787975,1.44577325,1.424699,19.0,4.0,calibration,0.1885197500000002,8.729322124545357,4.680436500000001,62.66977254801775,0.021074250000000072,1.4576455886149555
32,2.11766175,2.3723345,2.849245,3.14665975,1.54593975,1.35573225,34.0,6.0,calibration,-0.2546727500000001,-12.026129763169218,-0.29741475000000017,-10.438370515698024,0.19020750000000008,12.303681304526911
33,2.36102975,1.842295,3.1745797500000004,2.6428955,1.2711695,1.232373,18.0,3.0,calibration,0.5187347500000001,21.97069943739591,0.5316842500000005,16.748177455614417,0.03879650000000012,3.0520320067465527
34,2.071777,2.15552625,3.025479,2.99404925,1.19903775,1.52085175,18.0,2.0,calibration,-0.08374924999999989,-4.04238728395961,0.03142974999999959,1.0388355034029186,-0.32181400000000004,-26.839355141237217
35,1.73996275,1.7187035000000002,2.589142,2.6521775,1.2265295,1.24833925,5.0,1.0,calibration,0.02125924999999973,1.2218221338358957,-0.06303550000000024,-2.4346096119873013,-0.02180974999999985,-1.778167585859113
36,1.88686325,2.2265200000000003,2.799017,3.240478,1.3857975,1.13024125,8.0,3.0,calibration,-0.3396567500000003,-18.00113230251319,-0.4414609999999999,-15.772001384771864,0.25555624999999993,18.441096191903934
37,2.0281510000000003,2.0591155,2.9040602499999997,2.83844625,1.63098125,1.43596575,14.0,4.0,calibration,-0.030964499999999617,-1.5267354353792992,0.06561399999999962,2.259388385623185,0.1950155,11.95694309790502
38,1.97002875,2.00246475,2.8706205000000002,2.91608625,1.12395175,1.2411287500000001,9.0,2.0,calibration,-0.03243600000000013,-1.6464734334460922,-0.04546574999999997,-1.5838300465003983,-0.11717700000000009,-10.425447533668601
39,3.5855485,6.60916175,4.73168625,13.04835225,1.6743664999999999,1.85281625,148.0,22.0,calibration,-3.0236132500000004,-84.32777439769677,-8.316666000000001,-175.76537328526382,-0.17844975000000018,-10.657747273371763
40,1.9964887500000001,1.983193,3.19325,3.000296,1.31905675,1.55065925,34.0,9.0,calibration,0.013295750000000162,0.6659566701790912,0.19295399999999985,6.042558521882091,-0.23160250000000016,-17.558190729852992
41,1.946192,1.69892575,3.12769575,2.4482637499999997,1.144846,1.31183825,23.0,7.0,calibration,0.24726625000000002,12.70513135394658,0.6794320000000003,21.723084798129747,-0.16699225000000006,-14.586437826572311
42,1.64820675,1.740509,2.50306425,2.49964925,1.2254525,1.20334925,21.0,3.0,calibration,-0.09230225000000014,-5.600162115584113,0.003414999999999946,0.1364327743484789,0.02210325000000002,1.8036806812177557
43,1.6560035,1.853232,2.35595425,2.572106,1.2257585,1.2133547500000001,39.0,9.0,calibration,-0.19722850000000003,-11.909908402971372,-0.21615174999999986,-9.174700654734695,0.012403749999999825,1.0119244533078764
44,1.61414525,1.78492625,2.3658942499999998,2.5858345,1.12584975,0.9700292500000001,23.0,6.0,calibration,-0.17078100000000007,-10.58027460663779,-0.21994025000000006,-9.296284058342849,0.15582049999999992,13.840257103578868
45,1.58092525,7.093253750000001,2.3467807499999997,7.932773,1.186534,6.273465,12.0,3.0,calibration,-5.512328500000001,-348.6773647267637,-5.58599225,-238.02787073313095,-5.086931,-428.72189081813076
46,4.514007,1.92291725,5.40693475,2.71524775,1.1502865,1.52644325,8.0,2.0,calibration,2.59108975,57.401101726248974,2.6916869999999995,49.78212470568467,-0.37615675000000004,-32.70113576052575
47,2.148946,8.993422500000001,2.88888,10.03235975,2.22677175,1.330309,72.0,11.0,calibration,-6.844476500000001,-318.50388516044615,-7.143479749999999,-247.27505988479962,0.8964627500000002,40.258403224308914
48,1.68937425,1.75859375,2.52992475,2.7437182499999997,1.258157,1.3320889999999999,6.0,1.0,calibration,-0.06921949999999999,-4.097345511215173,-0.21379349999999953,-8.450587314899366,-0.07393199999999989,-5.876214176768073
49,1.6790034999999999,1.67296175,2.5872565,2.50058825,1.18158175,1.16310625,5.0,1.0,calibration,0.006041749999999846,0.35984141784099,0.08666825000000022,3.3498128229651845,0.01847550000000009,1.5636243535413514
50,2.0058975,32.5233735,2.8484712500000002,33.4556565,1.2311064999999999,1.209035,36.0,5.0,calibration,-30.517476,-1521.3876082900545,-30.607185250000004,-1074.5126969422633,0.0220714999999998,1.7928180868186303
51,1.76808325,2.21568,4.33044225,3.076932,1.407618,1.96295275,15.0,5.0,calibration,-0.44759674999999977,-25.315366230634204,1.2535102500000002,28.94647192212297,-0.5553347499999999,-39.452092115900754
52,1.60243,1.620903,2.39367125,2.4175625,1.19374475,0.9869225,9.0,2.0,calibration,-0.01847299999999996,-1.1528116672803157,-0.023891249999999697,-0.9981007208069903,0.20682224999999999,17.32550027968709
53,1.79825125,1.93554125,2.692531,2.8062875000000003,1.189611,1.3345855000000002,23.0,7.0,calibration,-0.1372899999999999,-7.634639486556726,-0.11375650000000048,-4.224891004040455,-0.14497450000000023,-12.18671481686032
54,1.980364,1.9531450000000001,2.85231525,2.77953225,1.4368524999999999,1.29061625,39.0,5.0,calibration,0.027218999999999882,1.3744442940792643,0.07278300000000026,2.5517165397478507,0.14623624999999985,10.177540840134938
55,1.824203,3.27747575,2.6598595,4.18208275,1.38608075,1.19274325,40.0,6.0,calibration,-1.4532727499999998,-79.66617476234826,-1.5222232500000001,-57.22946080422669,0.19333750000000016,13.948501918088116
56,1.54581225,1.5502215,2.26469625,2.3292565,1.099923,1.12127,10.0,3.0,calibration,-0.00440924999999992,-0.2852383916610779,-0.06456024999999999,-2.8507244624969013,-0.021347000000000005,-1.9407722176916025
57,2.04571025,1.662005,6.692376,2.55124975,1.378126,1.00286125,6.0,1.0,calibration,0.38370525,18.75657855260783,4.14112625,61.87826640344177,0.3752647499999999,27.230075479310305
58,1.88516025,4.9220295,2.599498,5.8518775000000005,1.21888,1.30862375,12.0,1.0,calibration,-3.0368692499999996,-161.09342693810777,-3.2523795000000004,-125.11567618055489,-0.08974375000000001,-7.362804377789448
59,1.88989975,2.02781075,2.64005125,2.79251725,1.1750165,1.2474185,57.0,8.0,calibration,-0.1379109999999999,-7.297265370821912,-0.152466,-5.775115161116664,-0.07240200000000008,-6.161785813220503
60,1.7399330000000002,2.45649125,2.55844275,3.17629975,1.2134645000000002,1.40621825,16.0,3.0,calibration,-0.7165582499999998,-41.18309440650874,-0.6178569999999999,-24.149729361737716,-0.19275374999999983,-15.884580883907176
61,3.0066555,4.528091,3.7766047499999997,5.26081125,1.3738920000000001,1.25428125,72.0,11.0,calibration,-1.5214355,-50.60225556270082,-1.4842065,-39.30002206346852,0.1196107500000001,8.705979072590866
62,2.4117085,1.7895655,3.2255715,2.644498,1.67453925,1.83227025,24.0,6.0,calibration,0.6221430000000001,25.796774361412254,0.5810735,18.014590592705822,-0.15773100000000007,-9.41936714830662
63,1.7395100000000001,1.66669225,2.5929605000000002,2.3941072500000002,1.24949675,1.17598025,7.0,1.0,calibration,0.07281775000000001,4.186107007145691,0.19885324999999998,7.6689656475677115,0.07351649999999998,5.883688773100048
64,2.1458695,1.96979325,2.9068445,2.77575925,6.07944125,1.6120495,41.0,5.0,calibration,0.17607624999999993,8.205356849519504,0.13108524999999993,4.509537747891224,4.467391750000001,73.48359111127196
65,2.2139225,2.1325339999999997,2.9903375,2.8646235,1.28162975,1.613825,38.0,6.0,calibration,0.08138850000000009,3.676212694888827,0.12571399999999988,4.204007072780243,-0.33219525000000005,-25.919751784788083
66,1.765602,1.88778675,2.50303425,2.6550365,1.254529,1.1026897500000001,4.0,1.0,calibration,-0.12218475000000018,-6.920288377561884,-0.15200225000000023,-6.072719540293955,0.15183924999999987,12.10328736920389
67,1.49136475,2.3661275,2.3174514999999998,3.15328775,1.1847385,1.13128025,7.0,2.0,calibration,-0.8747627500000001,-58.65518478963648,-0.8358362500000003,-36.06704390577323,0.05345824999999982,4.512240464878944
68,1.74656575,1.7416255,2.60866625,2.63395975,1.2991265,1.06759175,5.0,1.0,calibration,0.004940249999999979,0.2828550828962482,-0.025293499999999636,-0.9695950948113671,0.23153475,17.822340626567158
69,1.8161209999999999,1.94298,2.6202335,2.763548,1.15189125,1.3164225,11.0,3.0,calibration,-0.12685900000000006,-6.985162332245487,-0.14331450000000023,-5.46953162762022,-0.16453125000000002,-14.283574946853706
70,1.576218,1.76656575,2.316292,2.45889475,1.2124105,1.0568055,14.0,3.0,calibration,-0.19034775000000015,-12.076232475457084,-0.14260275,-6.156510060044243,0.155605,12.83434942208105
71,2.11297925,1.9947085000000002,3.06601275,2.9084045,1.04734575,1.18895475,4.0,1.0,calibration,0.11827074999999976,5.597345548944683,0.15760825,5.14049558339247,-0.14160899999999987,-13.520749952916681
72,1.77403725,1.9414155,2.53105625,2.942902,3.1297420000000002,1.332059,24.0,9.0,calibration,-0.16737825000000006,-9.434877988046761,-0.41184575000000034,-16.271694870471585,1.7976830000000001,57.43869622480064
73,2.03993175,2.23338375,2.95699275,3.1203175,1.15056425,1.51702625,13.0,5.0,calibration,-0.19345199999999974,-9.48325844724951,-0.16332475000000013,-5.5233395482623395,-0.36646200000000007,-31.8506332871024
74,1.84152925,1.73314525,2.66969925,2.695135,1.222979,1.1858005,10.0,2.0,calibration,0.10838400000000004,5.885543224469556,-0.0254357500000002,-0.952757131725613,0.0371785,3.0399949631187453
75,2.0155000000000003,2.2203745,3.2489745,3.50541475,1.47492225,1.70444325,18.0,4.0,calibration,-0.20487449999999985,-10.16494666335896,-0.2564402499999998,-7.892959763149874,-0.22952099999999986,-15.56156604187101
76,1.89923125,1.931445,2.8521845,2.993466,1.33809825,1.3990179999999999,21.0,9.0,calibration,-0.03221375000000015,-1.6961467962366432,-0.14128150000000028,-4.953448838951347,-0.06091974999999983,-4.552711282598256
77,12.308500500000001,1.577858,13.259555,2.47312175,1.20600575,1.36222925,21.0,3.0,calibration,10.730642500000002,87.18074553435652,10.786433250000002,81.34838046978199,-0.15622349999999985,-12.953793959937574
78,2.21077775,1.84576075,3.1186825,2.7506935,1.44453125,1.35909225,74.0,12.0,calibration,0.36501700000000015,16.51079580477957,0.3679889999999997,11.79950187298642,0.08543900000000004,5.914652244456466
79,1.94175075,1.6021075,2.7933707500000002,2.5129617499999997,1.44384,1.20029475,3.0,1.0,calibration,0.33964324999999995,17.491598754371537,0.2804090000000006,10.03837388932352,0.24354524999999994,16.867883560505316
80,1.55570425,1.6359405,2.4856355,2.53858475,1.3795804999999999,1.2399075,3.0,1.0,calibration,-0.08023625000000001,-5.157551636180206,-0.05294925000000017,-2.130209759234617,0.13967299999999994,10.124309527425181
81,1.6367045,1.90528825,2.560243,2.78133775,1.0680495,1.11487775,29.0,12.0,calibration,-0.2685837499999999,-16.410033087829834,-0.22109475000000023,-8.635693955612817,-0.046828249999999905,-4.384464390461294
82,1.4624110000000001,1.43161975,2.340789,2.1232214999999997,0.98778075,0.96072725,11.0,3.0,calibration,0.030791250000000048,2.1055127457329057,0.21756750000000036,9.294622454223783,0.027053499999999953,2.7388162808396452
83,1.96483775,1.514625,7.5939162499999995,2.2401365,1.1147375,1.15598775,34.0,6.0,calibration,0.45021274999999994,22.91348229643898,5.353779749999999,70.50090590609291,-0.041250250000000044,-3.700445172069662
84,1.743734,1.76727475,2.6268467500000003,4.513947,1.4092255,1.51697325,38.0,7.0,calibration,-0.02354075,-1.3500195557349917,-1.8871002499999996,-71.83899289138202,-0.10774774999999992,-7.645884210866175
85,1.547387,1.66222825,2.9574689999999997,2.74116675,1.07852075,1.0548275,12.0,3.0,calibration,-0.11484125,-7.421624325395005,0.21630224999999959,7.313762206805874,0.02369325,2.196828387400057
86,4.547468,1.779568,5.573777,8.107699,1.60807125,1.0748647500000001,72.0,11.0,calibration,2.7679,60.86683842525115,-2.5339220000000005,-45.46148868173235,0.5332064999999999,33.15813898171489
87,1.91836275,1.77542675,2.89862225,2.7687385,1.199401,1.1997737499999999,58.0,10.0,calibration,0.14293599999999995,7.4509370034421245,0.12988374999999985,4.480878803714415,-0.00037274999999992176,-0.031078013108203326
88,2.00014675,1.6934129999999998,2.994004,2.6985675000000002,1.3104535,1.06913875,16.0,4.0,calibration,0.30673375,15.33556225311968,0.29543649999999966,9.86760538730074,0.2413147499999999,18.41459845770948
89,1.7276747499999998,1.832693,2.62400475,2.6715892500000002,1.53429225,1.31099925,22.0,9.0,calibration,-0.10501825000000009,-6.078589155742428,-0.04758450000000014,-1.8134304063283475,0.22329299999999996,14.553485491437499
90,2.13705125,2.134104,3.08324625,7.94677975,1.4588857499999999,1.1361255,74.0,11.0,calibration,0.002947250000000068,0.13791199438946858,-4.8635335,-157.74067672992385,0.32276024999999997,22.12375095171092
91,1.42349725,1.694119,2.294201,7.475249750000001,1.07286475,1.483007,3.0,1.0,calibration,-0.2706217499999999,-19.01104831779618,-5.18104875,-225.83238129527444,-0.41014225000000004,-38.22870030914895
92,1.98173925,1.908638,2.85684175,2.8813137500000003,1.12465525,1.4282165,7.0,2.0,calibration,0.0731012499999999,3.6887420986388544,-0.02447200000000027,-0.856610276015473,-0.30356125,-26.991493615487943
93,1.9540445000000002,1.79115025,2.83384675,2.785654,1.22012475,1.8903015,22.0,9.0,calibration,0.16289425000000013,8.33626102169117,0.04819275000000012,1.7006124272598762,-0.67017675,-54.92690399075995
94,1.6285925,1.61891775,2.4404145,2.58057875,1.0425710000000001,1.1400635000000001,11.0,1.0,calibration,0.009674750000000065,0.5940559102415162,-0.14016424999999977,-5.743460793238188,-0.09749249999999998,-9.351161695462464
95,7.1749205,1.872093,8.05954275,2.8718595000000002,1.163484,1.2306255,13.0,5.0,calibration,5.302827499999999,73.90782239329342,5.18768325,64.36696734439433,-0.06714149999999997,-5.770728260981669
96,2.069992,30.99528775,2.877318,31.93314675,1.3963535,1.32614975,71.0,10.0,calibration,-28.92529575,-1397.3626830441856,-29.05582875,-1009.823340694355,0.07020375000000012,5.027648800966239
97,11.82681375,1.977983,12.813272750000001,2.85912775,1.3026870000000002,1.918481,22.0,6.0,calibration,9.84883075,83.27543629407371,9.954145,77.68620237948186,-0.615794,-47.271063578587935
98,1.77587475,1.838124,2.655044,2.7908495,1.4560665,1.45866525,10.0,2.0,calibration,-0.062249250000000034,-3.505272542447041,-0.13580550000000002,-5.114999977401505,-0.002598749999999983,-0.17847742530990054
99,2.1630555,2.1279244999999998,3.03714425,2.93918125,2.27071825,1.26810975,34.0,6.0,calibration,0.035131000000000245,1.6241377070537601,0.09796300000000002,3.2254971096614864,1.0026084999999998,44.15380463868645
100,2.4013255,2.13964275,3.26621075,3.01152075,1.1773175,1.41038775,73.0,10.0,calibration,0.26168274999999985,10.897429357244567,0.2546900000000001,7.797720952329855,-0.23307024999999992,-19.79672008612799
101,1.6528512499999999,1.88739575,6.98778725,2.701149,1.13295025,1.36089,9.0,3.0,calibration,-0.23454450000000016,-14.190296918733623,4.28663825,61.34471609735972,-0.22793975,-20.119131444650815
102,1.68125675,1.8246535000000002,2.5419555,6.2973557499999995,1.33875425,1.178076,10.0,3.0,calibration,-0.14339675000000018,-8.529140477800322,-3.7554002499999997,-147.73666376142305,0.16067825000000013,12.002072075588192
103,1.61503425,2.240818,2.5762425,3.21920075,1.3782762499999999,1.5160567500000002,11.0,3.0,calibration,-0.6257837500000001,-38.7473980814958,-0.64295825,-24.957209967617562,-0.1377805000000003,-9.99658087411724
104,6.0881722499999995,1.7451585,7.097353,3.418736,1.2667329999999999,1.61452375,10.0,3.0,calibration,4.343013749999999,71.33526404414722,3.678617,51.83083045186001,-0.34779075000000015,-27.45572666063015
105,1.559573,1.681943,2.436819,2.638975,1.3033605000000001,1.21621125,7.0,1.0,calibration,-0.12236999999999987,-7.84637846384875,-0.202156,-8.295897233237266,0.08714925000000018,6.686503849088581
106,2.0518125,2.46540225,3.0330459999999997,3.3129887499999997,1.391241,1.1537395,12.0,3.0,calibration,-0.41358974999999987,-20.157287763867306,-0.27994275,-9.229756159319708,0.23750150000000003,17.071197585465068
107,1.79577,1.9987445000000001,2.68955375,2.9076385,1.1397457500000001,1.2508285,11.0,3.0,calibration,-0.20297450000000006,-11.302922980114381,-0.21808475000000005,-8.108584927889991,-0.11108274999999979,-9.746274552899168
108,1.70954975,1.8185095,2.545754,2.66266575,1.2649795,1.26452675,35.0,4.0,calibration,-0.10895974999999991,-6.37359339791076,-0.11691174999999987,-4.592421341575025,0.00045275000000000176,0.035791093847766055
109,1.885045,1.80032475,7.598180500000001,3.6925577499999997,1.30019575,1.120449,11.0,3.0,calibration,0.08472025000000016,4.4943356789891045,3.905622750000001,51.402079089855796,0.17974675000000007,13.824591412485391
110,2.26212275,1.9974325,3.1262867500000002,3.0815865000000002,1.88028775,1.34741225,37.0,6.0,calibration,0.2646902500000001,11.700967597801672,0.04470025,1.429819257622481,0.5328754999999998,28.340103795283454
111,1.7182675,1.94076925,2.55752675,2.8723027500000002,1.4101145,1.4686605,10.0,2.0,calibration,-0.22250174999999994,-12.94919155486558,-0.31477600000000017,-12.307828256341802,-0.05854599999999999,-4.151861426855762
112,2.4384015,2.24197425,3.3027805,3.1283837500000002,1.912957,1.298303,143.0,19.0,calibration,0.19642724999999972,8.05557452289952,0.17439674999999966,5.280300946429824,0.614654,32.131093380562135
113,2.0046935,6.55879875,3.228971,7.519135749999999,1.39256025,3.328582,17.0,6.0,calibration,-4.55410525,-227.17214626575083,-4.290164749999999,-132.86476558631213,-1.9360217499999999,-139.02606727428847
114,1.919274,2.18920725,2.77566425,3.23986575,1.2483625,1.323994,21.0,9.0,calibration,-0.26993325,-14.064341516635979,-0.4642014999999997,-16.723978773729556,-0.07563149999999985,-6.058456578117322
115,2.1748107500000002,2.06573575,3.09958125,3.0468865,1.2767105,1.2888485,12.0,6.0,calibration,0.10907500000000026,5.015378924350095,0.05269475000000012,1.700060290402135,-0.012137999999999982,-0.950724537786756
116,2.05407825,1.7153507499999998,3.04616025,5.28024325,1.18477875,1.253325,3.0,1.0,calibration,0.33872750000000007,16.49048666962907,-2.234083,-73.34095440317036,-0.06854625000000003,-5.785573888795695
117,2.16523125,1.993752,3.2839625000000003,2.9935495000000003,1.4637885,1.31026375,8.0,3.0,calibration,0.1714792500000002,7.919673706907758,0.29041300000000003,8.843371384417454,0.15352474999999988,10.48817844927733
118,7.0411955,2.1516455,8.106931750000001,3.09769825,1.19464375,1.38754025,6.0,3.0,calibration,4.88955,69.44204290308372,5.009233500000001,61.78951117973825,-0.19289650000000003,-16.14678015935713
119,2.16104475,2.53968975,3.1738635,8.2482685,1.39233525,1.21466425,38.0,7.0,calibration,-0.3786450000000001,-17.521386357223754,-5.0744050000000005,-159.88100937548197,0.1776709999999999,12.760647983307177
120,1.9914505,1.7263549999999999,2.973115,2.6821705,1.4328765,1.1415835,16.0,3.0,calibration,0.26509550000000015,13.311679100233732,0.29094450000000016,9.785847503376095,0.291293,20.329246798310947
121,1.7899289999999999,2.0410737500000002,2.73555625,2.99601975,1.1215454999999999,1.28595175,8.0,6.0,calibration,-0.25114475000000036,-14.030989497348797,-0.26046349999999974,-9.521409037010288,-0.1644062500000001,-14.658901489061309
122,1.560682,2.36748925,2.54829025,3.316767,1.04337,1.337277,7.0,1.0,calibration,-0.8068072500000003,-51.69581311247264,-0.76847675,-30.156562816971107,-0.29390700000000014,-28.169010034791125
123,2.09522,1.4986405,3.1615522499999997,2.41425275,1.496943,1.10605225,8.0,2.0,calibration,0.5965794999999998,28.47335840627714,0.7472994999999996,23.63710737344289,0.39089074999999984,26.112600813791833
124,1.87755325,1.77789525,2.77825275,2.68781625,1.7737189999999998,1.44060575,2.0,2.0,calibration,0.09965800000000002,5.30786543604023,0.09043650000000003,3.255157400636066,0.3331132499999998,18.78049736175797
125,1.8644865,1.737875,2.77956725,2.64743525,1.3201532500000002,1.4892665,4.0,1.0,calibration,0.12661149999999988,6.7906900908105206,0.13213199999999992,4.7536896256062855,-0.16911324999999988,-12.810122612658784
126,1.84163425,1.8864622500000001,2.817968,2.770213,1.3146247500000001,1.459446,10.0,3.0,calibration,-0.04482800000000009,-2.4341423928231185,0.04775499999999999,1.694660833621957,-0.1448212499999999,-11.016166400335905
127,6.2244605,2.1327895,7.1190655,2.998246,1.4237625,1.42562525,116.0,19.0,calibration,4.091671,65.73535168228636,4.1208195,57.88427568196977,-0.001862749999999913,-0.13083291630450394
128,2.883277,7.68883975,3.7967555,8.70035175,1.61333925,6.6652154999999995,145.0,21.0,calibration,-4.80556275,-166.67017251550928,-4.90359625,-129.1522788338622,-5.051876249999999,-313.1316770480852
129,2.04921575,2.02666625,4.1279535,2.79274725,1.33370375,1.31467775,9.0,1.0,calibration,0.022549500000000222,1.100396578544754,1.3352062500000001,32.34547700210286,0.019025999999999987,1.4265536855542311
130,2.0983347500000002,1.83596575,2.93050075,2.55282425,1.5981684999999999,1.308078,9.0,2.0,calibration,0.2623690000000003,12.503677022934509,0.3776765000000002,12.887780356309417,0.2900904999999998,18.151433969572032
131,1.7116705,1.754007,2.4954405,2.5443015,1.3548007499999999,1.146561,12.0,6.0,calibration,-0.0423365,-2.473402445155186,-0.04886100000000004,-1.9580110204991883,0.20823974999999995,15.370507434395792
132,1.787079,1.88823775,2.62961775,2.6918725,1.2343967500000002,1.10477025,11.0,1.0,calibration,-0.10115874999999996,-5.660563970591113,-0.062254750000000136,-2.367444850111775,0.1296265000000001,10.50120230792896
133,2.6218735,5.9729955,3.61471225,6.9000045000000005,1.3912085,1.4651905,75.0,13.0,calibration,-3.3511219999999997,-127.81402306404179,-3.2852922500000004,-90.88668814509371,-0.07398199999999999,-5.317822598122423
134,1.9417935,2.01003925,2.93493225,2.937907,1.54443275,1.1350935,21.0,6.0,calibration,-0.06824575000000022,-3.51457299656221,-0.002974749999999915,-0.10135668378716119,0.40933924999999993,26.50418090395972
135,2.753002,1.570527,3.7209505000000003,2.432548,1.34717925,1.18449825,22.0,5.0,calibration,1.182475,42.95220272270053,1.2884025000000001,34.6256285860293,0.16268099999999985,12.075675898363182
136,2.09753875,1.994626,3.026155,2.8662205,1.2787485,1.337843,27.0,3.0,calibration,0.10291275,4.906357510677693,0.1599345000000003,5.285072972137921,-0.05909449999999983,-4.62127619309034
137,1.6050445,1.7668835,2.5153577499999997,2.6148805,1.24684775,1.3444625,17.0,2.0,calibration,-0.16183900000000007,-10.083147227382174,-0.09952275000000022,-3.9566041848321665,-0.09761474999999997,-7.828922977965832
138,1.9161895,1.917995,2.795837,5.36281075,1.10749925,1.057336,17.0,4.0,calibration,-0.0018054999999999044,-0.09422345754425146,-2.5669737500000003,-91.81414188309262,0.05016324999999999,4.5294161598755025
139,1.76918,2.0012832499999997,2.5682605,2.8942984999999997,1.35411475,4.75104275,12.0,3.0,calibration,-0.23210324999999976,-13.119255813427676,-0.3260379999999996,-12.69489602008829,-3.396928,-250.85968526670283
140,1.70194325,1.3922975,2.490002,2.13734925,1.25636425,1.10911675,10.0,6.0,calibration,0.30964575000000005,18.19365892487896,0.35265274999999985,14.162749668474158,0.14724749999999998,11.720128139590088
141,2.087631,1.9245625,2.8664585000000002,2.9813002500000003,1.38638875,2.0620775,61.0,10.0,calibration,0.16306850000000006,7.811174484379665,-0.11484175000000008,-4.006398487890198,-0.67568875,-48.737322053428365
142,2.071597,1.71604925,3.14693275,2.60484075,1.7165427500000001,1.624664,24.0,7.0,calibration,0.35554775000000016,17.162978610221973,0.5420919999999998,17.226043359204287,0.09187875000000001,5.352546564890389
143,1.764703,1.758689,2.6102137499999998,2.7153655,1.1465307500000002,1.488453,11.0,2.0,calibration,0.006013999999999964,0.3407938899633516,-0.1051517500000001,-4.028472763964258,-0.34192224999999987,-29.82233577250325
144,2.14693325,3.3406855,3.24658575,4.302169,1.5083677500000001,1.1630585,12.0,5.0,calibration,-1.1937522500000002,-55.60267185763694,-1.0555832500000002,-32.51364144624858,0.3453092500000001,22.89290857617448
145,2.27135625,7.06873475,3.2556874999999996,7.97164725,1.793469,1.37854425,26.0,4.0,calibration,-4.7973785,-211.21206767982784,-4.715959750000001,-144.8529611641167,0.41492474999999995,23.135317644185655
146,1.7672892500000001,1.678946,2.68866975,2.6686195,1.612979,1.14724725,29.0,12.0,calibration,0.0883432500000001,4.998799715439909,0.020050249999999714,0.7457312300999301,0.46573175,28.87401199891629
147,2.1774994999999997,2.6067762500000002,5.74845875,3.63034625,1.48060825,1.32592,14.0,4.0,calibration,-0.42927675000000054,-19.71420659338845,2.1181125,36.84661562544917,0.15468824999999997,10.447615025784165
148,5.83662425,2.398669,6.8350865,3.3842689999999997,1.61559,1.68741125,73.0,10.0,calibration,3.43795525,58.90314508424969,3.4508175000000003,50.48681534608232,-0.07182124999999995,-4.44551216583415
149,6.878227750000001,2.59624525,7.75674025,3.46004125,1.5068355,1.53284525,8.0,5.0,calibration,4.281982500000001,62.25415405879807,4.296699,55.393101502915485,-0.026009750000000054,-1.7261174162674064
150,1.94814525,2.2238625,2.8736545,3.143435,1.47174,1.25105375,14.0,6.0,calibration,-0.27571725,-14.152807651277541,-0.2697805000000004,-9.388063178785078,0.22068624999999997,14.994920977890114
151,1.92007025,1.6297462500000002,2.7202625,2.43451575,1.26200025,1.54911725,5.0,3.0,calibration,0.2903239999999998,15.120488430045715,0.28574674999999994,10.504381470538226,-0.28711699999999984,-22.750946364709502
152,1.7476095,1.69093675,8.08891725,2.49384775,1.3574495,1.40519925,5.0,1.0,calibration,0.05667274999999994,3.242872621143335,5.595069499999999,69.16957272618903,-0.047749749999999924,-3.5176078373449564
153,1.93946725,2.04281375,2.79410925,2.936039,1.21534,1.18133575,13.0,3.0,calibration,-0.10334650000000001,-5.328602480913251,-0.14192975000000008,-5.079606318185307,0.03400425000000018,2.797920746457796
154,2.518147,5.18672925,3.37398125,6.126658,1.363103,1.3473772499999999,111.0,16.0,calibration,-2.66858225,-105.9740455978146,-2.75267675,-81.58541930249316,0.015725750000000094,1.153672906596207
155,2.18780775,2.1201705,3.123207,2.98513575,1.5001855,1.25844775,9.0,2.0,calibration,0.0676372500000002,3.091553633997329,0.13807124999999987,4.4208164876679605,0.24173774999999997,16.11385725298638
156,1.78399975,2.10254125,2.6385170000000002,3.0125669999999998,1.25726325,7.1119075,25.0,5.0,calibration,-0.3185414999999998,-17.855467748804326,-0.37404999999999955,-14.176524161110182,-5.85464425,-465.66574263584016
157,1.843099,1.80598075,2.650252,2.66508675,1.409651,6.2443385,40.0,5.0,calibration,0.03711825000000002,2.013904299226467,-0.014834749999999897,-0.5597486578634747,-4.834687499999999,-342.97052958498233
158,1.9545679999999999,1.70448675,2.75525075,2.513786,1.27709325,1.07766925,11.0,2.0,calibration,0.2500812499999998,12.794707065704536,0.24146475,8.763803076725413,0.19942400000000005,15.615461126272498
159,1.71836325,1.8422375,2.5377192500000003,2.6265037500000004,1.268668,1.07935475,7.0,1.0,calibration,-0.12387425000000007,-7.208851213502156,-0.08878450000000004,-3.498594259392564,0.18931324999999988,14.922205809557731
160,1.85080825,1.763371,2.6526355,2.6228177500000003,1.1324675,1.134673,13.0,3.0,calibration,0.08743725000000002,4.724273840901671,0.029817749999999865,1.1240801836513108,-0.0022055000000000824,-0.1947517257669719
161,7.74538675,2.030232,8.58924625,2.94758625,1.127412,7.86270775,40.0,6.0,calibration,5.71515475,73.78785507386058,5.64166,65.68282985250305,-6.735295750000001,-597.4121040045698
162,1.6551225,1.861029,2.5308312500000003,2.6655925,1.21503425,1.43411825,31.0,5.0,calibration,-0.2059065,-12.440559535623496,-0.1347612499999995,-5.324782124450198,-0.21908400000000006,-18.031096654271273
163,2.05058275,6.89115625,2.89028275,7.742089999999999,1.12247675,1.26365525,18.0,3.0,calibration,-4.8405735,-236.05843265774084,-4.851807249999999,-167.86618022060296,-0.1411785000000001,-12.577409732540128
164,2.18945975,1.90764925,3.14236325,2.8232957499999998,1.39315375,1.562708,74.0,11.0,calibration,0.2818105000000002,12.871234559118987,0.31906750000000006,10.153743364965845,-0.16955425000000002,-12.170533941426065
165,2.2796515,1.9361747500000002,3.27774925,8.96657625,1.55903175,1.463956,6.0,1.0,calibration,0.3434767499999998,15.067072752128992,-5.688827,-173.55894444945721,0.0950757499999999,6.098384462022657
166,1.84181975,1.8458532500000002,2.6972955,2.66208475,1.35828375,1.26058075,38.0,6.0,calibration,-0.004033500000000245,-0.21899537128973914,0.03521075000000007,1.3054094369712206,0.0977030000000001,7.193121466703853
167,2.3095795,2.2399665,3.51793375,3.1173932499999997,1.8826087500000002,1.344112,5.0,1.0,calibration,0.06961299999999992,3.0140984538527436,0.4005405000000004,11.385674900785167,0.5384967500000002,28.603752638459806
168,2.309762,2.01915025,7.54402825,2.93331475,6.216911750000001,1.32247175,6.0,2.0,calibration,0.29061175000000006,12.581891554194764,4.6107135,61.1173944106055,4.894440000000001,78.72783460373232
169,2.43951575,2.39263025,3.32690225,3.2053587500000003,1.6986257500000002,1.301087,75.0,12.0,calibration,0.046885500000000135,1.921918315141033,0.12154349999999958,3.65335350625344,0.39753875000000005,23.40355137086554
170,1.93650275,2.254746,2.84202675,3.1270552499999997,1.2324807500000001,1.275561,17.0,2.0,calibration,-0.31824324999999987,-16.433916760510662,-0.2850284999999997,-10.029057608271971,-0.04308024999999982,-3.4954095631919455
171,2.63683925,3.2243797499999998,3.467643,4.03732425,1.18495875,1.3921025,72.0,11.0,calibration,-0.5875404999999998,-22.281999177613873,-0.5696812500000004,-16.428486150390924,-0.20714374999999996,-17.481093751153782
172,6.770689,2.416065,7.6014075,3.1824465,1.3035055,1.59026175,76.0,13.0,calibration,4.354623999999999,64.31581778457111,4.4189609999999995,58.13345752086044,-0.28675625000000005,-21.998852325517618
173,2.10360325,2.14180575,3.003744,3.044543,1.6336145,7.056323,114.0,16.0,calibration,-0.03820250000000014,-1.8160506264667609,-0.04079899999999981,-1.3582715437800228,-5.4227085,-331.9454191916147
174,3.0424972500000003,2.09050825,3.848455,3.48411675,1.46266175,1.5863285,45.0,12.0,calibration,0.9519890000000002,31.289724255297195,0.36433824999999986,9.467130315931975,-0.12366674999999994,-8.454911055136291
175,1.8729989999999999,1.8596914999999998,2.8473575,2.88068775,3.36841775,1.2167872499999999,9.0,1.0,calibration,0.013307500000000028,0.7104915699367714,-0.03333024999999967,-1.1705677983884943,2.1516305,63.87659309775339
176,1.723158,1.6269725,2.58885675,3.0816795,1.07474225,1.186488,12.0,4.0,calibration,0.09618550000000003,5.581931546613835,-0.49282274999999975,-19.036308208246737,-0.11174575000000009,-10.3974464575111
177,2.4521422499999996,2.14446475,3.46400225,3.106226,1.5741525,1.6106099999999999,76.0,13.0,calibration,0.3076774999999996,12.547294105796663,0.35777625000000013,10.32840697490887,-0.03645749999999981,-2.3160081377121853
178,1.9047045,2.04983175,2.699469,2.8841609999999998,1.2804532499999999,1.259815,36.0,9.0,calibration,-0.14512725000000004,-7.619410254976561,-0.18469199999999963,-6.841789996477072,0.02063824999999997,1.6117925429920983
179,2.00987125,2.35307025,2.885285,3.35979975,1.61329675,1.2609915,3.0,3.0,calibration,-0.3431989999999998,-17.07567089185438,-0.47451475,-16.44602699560009,0.3523052499999999,21.837597453785236
180,2.358924,2.13539575,3.1686655,2.99950275,1.5387442500000001,1.7061217499999999,72.0,10.0,regular_holdout,0.2235282500000002,9.47585636502067,0.16916274999999992,5.33861179098898,-0.16737749999999973,-10.877538616310002
181,6.37832325,1.794383,7.3798325,2.8694335,1.48679275,1.4469605,4.0,1.0,regular_holdout,4.58394025,71.86748100294227,4.510399,61.11790477629404,0.0398322499999999,2.679072116809818
182,2.0350919999999997,2.17237925,2.8744235,3.167053,1.519565,1.47320975,37.0,6.0,regular_holdout,-0.13728725000000042,-6.745997232557567,-0.2926295000000003,-10.180458794607,0.04635524999999996,3.050560522254721
183,1.6399465,1.8810262500000001,2.73183,2.87515675,1.3234785,1.58045175,8.0,3.0,regular_holdout,-0.24107975000000015,-14.700464313927323,-0.14332674999999995,-5.246547186318327,-0.25697324999999993,-19.416503554836737
184,6.73666275,2.1514125,7.561401,3.0766795,1.38889475,1.59211,27.0,4.0,regular_holdout,4.58525025,68.06412047270734,4.4847215,59.310721650657065,-0.20321524999999996,-14.631436255338999
185,1.9415255,2.212495,2.91886825,3.09394025,1.274437,1.25973725,17.0,2.0,regular_holdout,-0.2709695000000001,-13.95652542292131,-0.17507200000000012,-5.997941154075732,0.014699750000000122,1.1534308875213228
186,2.51150975,2.319822,7.530325,3.185319,1.38584025,1.543331,73.0,11.0,regular_holdout,0.19168775000000027,7.632371325653832,4.345006000000001,57.70011254494329,-0.15749075,-11.364278819293927
187,1.6073375,1.8366419999999999,2.39687125,2.76419425,1.2617525,1.19636625,22.0,5.0,regular_holdout,-0.2293044999999998,-14.266107771392118,-0.3673230000000003,-15.32510350733275,0.06538624999999998,5.182177170245351
188,1.8296890000000001,2.041261,2.96194825,2.9025082500000003,1.5922375000000002,1.2108185,17.0,3.0,regular_holdout,-0.21157199999999987,-11.563276600558886,0.05943999999999949,2.006787255651732,0.3814190000000002,23.95490622473093
189,1.6812365,1.687992,2.66697975,2.798421,1.37899475,1.408938,27.0,8.0,regular_holdout,-0.006755499999999914,-0.40181735288282844,-0.13144124999999995,-4.928468242025458,-0.029943250000000088,-2.171382450875907
190,2.99456775,2.3213447499999997,8.5688715,3.1275835,1.947424,1.34494825,112.0,17.0,regular_holdout,0.6732230000000001,22.48147499751843,5.441288,63.50063716091436,0.60247575,30.937060958476426
191,2.38783775,2.13146725,3.30077825,3.012472,1.40232,1.27311725,13.0,6.0,regular_holdout,0.25637050000000006,10.736512562463679,0.2883062500000002,8.734493145669516,0.12920274999999992,9.213499771806715
192,6.49657725,1.7244647499999999,7.35592625,2.63758025,1.3027845,1.381276,9.0,2.0,regular_holdout,4.7721124999999995,73.45579551139794,4.718346,64.14346527740133,-0.07849149999999994,-6.024902813934303
193,2.0696615,1.8596867499999998,2.91119175,2.6501895,1.88231825,1.29894875,21.0,6.0,regular_holdout,0.2099747500000002,10.145366766497817,0.26100224999999977,8.96547779788122,0.5833694999999999,30.992075861773102
194,2.082521,2.40318575,2.9877345,8.636842,1.2880544999999999,1.23687525,13.0,5.0,regular_holdout,-0.32066475000000016,-15.397911953829047,-5.6491074999999995,-189.0766231069059,0.0511792499999999,3.9733761265536436
195,1.7343745,1.56504875,2.585106,2.67105125,1.3297979999999998,1.4049342500000002,3.0,1.0,regular_holdout,0.16932574999999983,9.762928940664189,-0.08594524999999997,-3.324631562496856,-0.07513625000000035,-5.6502002559787545
196,1.59647125,1.93721375,2.5832680000000003,2.8011175,1.32504825,1.2580195,5.0,1.0,regular_holdout,-0.34074249999999995,-21.343478625124,-0.2178494999999998,-8.433097146714928,0.06702874999999997,5.058589375896309
197,1.94747425,2.29540025,2.8280005,3.0690125,1.6322299999999998,1.64348225,34.0,6.0,regular_holdout,-0.3479260000000002,-17.865499376949412,-0.241012,-8.52234644230084,-0.011252250000000075,-0.6893789478198584
198,2.0842435,1.98747725,2.8904650000000003,2.92964175,1.3945735,1.4108602499999998,11.0,5.0,regular_holdout,0.09676624999999994,4.642751674648377,-0.03917674999999976,-1.355378805832271,-0.016286749999999905,-1.1678660178183442
199,1.85355475,6.28465925,2.648757,7.12744475,1.5904395,1.34664625,39.0,4.0,regular_holdout,-4.4311045,-239.05981196401132,-4.478687750000001,-169.08639599631076,0.24379324999999996,15.328671728789429
200,2.04875,1.8093430000000001,3.01703625,2.5751185,1.28608425,1.30237425,4.0,2.0,regular_holdout,0.23940699999999993,11.685515558267232,0.44191775,14.647412671955799,-0.016289999999999916,-1.2666355256274942
201,2.9461667499999997,2.89695475,3.938024,3.8178035,1.86711075,1.94767175,8.0,3.0,regular_holdout,0.04921199999999981,1.6703738849812155,0.12022049999999984,3.052812781232411,-0.0805610000000001,-4.314741372465458
202,2.12075875,2.3800410000000003,2.940587,3.2143135000000003,1.884464,2.00348875,8.0,2.0,regular_holdout,-0.2592822500000005,-12.225919143325497,-0.27372650000000043,-9.308566622922582,-0.1190247499999999,-6.316106330500339
203,2.3367675,2.218061,3.369339,3.0139094999999996,1.521137,1.38256525,20.0,3.0,regular_holdout,0.11870650000000005,5.079944838329018,0.3554295000000005,10.54893853067324,0.13857174999999988,9.109748168639635
204,2.2280284999999997,2.04758275,3.33802175,2.80177575,1.345194,1.64096325,9.0,2.0,regular_holdout,0.18044574999999963,8.098897747492892,0.5362459999999998,16.064784479010655,-0.29576925,-21.9871074358048
205,5.5040465,2.4873155000000002,6.267914,3.21773225,1.9610699999999999,1.78592775,73.0,11.0,regular_holdout,3.016731,54.80932982670113,3.05018175,48.66342693916988,0.17514224999999994,8.93095351007358
206,1.8415265,1.841229,2.55490025,2.63001425,1.3373095,1.261109,8.0,3.0,regular_holdout,0.0002975000000000616,0.016155075693999602,-0.07511399999999968,-2.9399973638892427,0.0762004999999999,5.698045216907522
207,2.0629925,2.2216115,2.7943975,2.93828625,1.4828795000000001,1.43912075,75.0,11.0,regular_holdout,-0.15861899999999984,-7.688782193827648,-0.1438887499999999,-5.149186899859447,0.04375875000000007,2.9509309421298267
208,1.902644,1.9092470000000001,2.63483375,2.649592,1.3185432499999998,1.65263825,41.0,6.0,regular_holdout,-0.0066030000000001365,-0.3470433775314844,-0.014758250000000306,-0.5601207286797623,-0.33409500000000025,-25.33819046132922
209,2.3036905,2.2451295,3.06393975,3.0020365,1.454271,1.1344225,34.0,6.0,regular_holdout,0.058561000000000085,2.5420515472890166,0.061903249999999854,2.0203807858819633,0.3198485000000002,21.993734317744092
210,1.6350369999999999,1.55315825,2.3433655,2.28286125,1.067211,1.088215,4.0,2.0,regular_holdout,0.08187874999999978,5.007761292252089,0.06050425000000015,2.5819382422417734,-0.021004000000000023,-1.9681206434341498
211,1.5987975,1.67966225,2.336137,2.5254760000000003,1.0477345,0.951869,5.0,1.0,regular_holdout,-0.08086474999999993,-5.0578481640107595,-0.18933900000000037,-8.10479008722521,0.09586550000000005,9.149789378893226
212,1.7264300000000001,1.82570825,5.6278035,2.729812,1.5558100000000001,1.30826575,5.0,1.0,regular_holdout,-0.09927824999999979,-5.750493793550841,2.8979915,51.49418418748984,0.24754425000000024,15.91095635071122
213,1.69445475,1.64082075,2.608158,2.443219,1.55636925,1.2666375,5.0,2.0,regular_holdout,0.05363399999999996,3.1652659948576356,0.16493899999999995,6.323965035860557,0.28973174999999984,18.615874735381713
214,2.1932885,1.851662,3.024177,2.8338520000000003,1.2516749999999999,1.0850355,40.0,5.0,regular_holdout,0.34162650000000006,15.575994676486932,0.19032499999999963,6.293447771079525,0.16663949999999983,13.31332015099765
215,2.34338825,1.7725122500000001,3.0655722499999998,2.52794725,1.3973727500000002,1.52881625,17.0,3.0,regular_holdout,0.5708759999999997,24.361136060147086,0.5376249999999998,17.537508698416744,-0.13144349999999982,-9.406473684276426
216,1.815307,1.72650025,2.700631,2.659148,1.12758225,1.11888175,12.0,5.0,regular_holdout,0.08880675000000005,4.892106404040751,0.04148299999999994,1.5360484272009,0.0087005,0.77160668323752
217,1.693911,1.8764645,2.53275175,2.65739525,1.13605525,1.1059045,10.0,3.0,regular_holdout,-0.18255350000000004,-10.77704200515848,-0.12464349999999991,-4.9212679450325085,0.030150750000000004,2.653986238785482
218,2.16075175,1.8033587500000001,7.3063400000000005,2.6892044999999998,1.25292975,1.29413875,9.0,1.0,regular_holdout,0.35739300000000007,16.5402156911362,4.617135500000001,63.193548342945995,-0.04120899999999983,-3.289011215513067
219,1.9792375,1.73741425,2.83881975,2.6962865000000003,1.15537925,1.3655495,7.0,2.0,regular_holdout,0.24182324999999993,12.218000618925213,0.1425332499999996,5.020862983639578,-0.21017025,-18.190585472259436
220,1.76458025,1.69491525,2.6174495,2.51119425,1.3363455,1.1844934999999999,39.0,6.0,regular_holdout,0.06966500000000009,3.9479643954985946,0.10625525000000025,4.05949570373756,0.1518520000000001,11.363229045183306
221,2.0587475,6.012605499999999,2.9236455,6.911639750000001,1.339941,1.17807075,36.0,9.0,regular_holdout,-3.9538579999999994,-192.05162362067227,-3.9879942500000007,-136.40484969877508,0.16187025,12.080401301251323
222,1.601654,1.6404505,2.3805645,2.42343875,1.3428505,1.46252675,3.0,1.0,regular_holdout,-0.03879650000000012,-2.422277220922879,-0.04287424999999967,-1.8010119028490792,-0.11967625000000015,-8.912105256690909
223,1.7406065,1.5872495,7.635178750000001,2.476647,1.0906065,1.2356105,9.0,1.0,regular_holdout,0.15335699999999997,8.810549656111244,5.158531750000001,67.56268476360164,-0.1450039999999999,-13.295721234010609
224,1.9103985,1.88787175,2.71944625,2.6333407500000003,1.3178032499999999,1.3356065,11.0,2.0,regular_holdout,0.02252675000000015,1.1791649752656397,0.0861054999999995,3.166287989696414,-0.017803250000000048,-1.3509793666087901
225,1.73969775,1.597473,2.533295,2.35376875,1.156218,1.2338277500000001,10.0,4.0,regular_holdout,0.14222475,8.17525630529786,0.1795262499999999,7.086669732502528,-0.07760975000000014,-6.71238036425658
226,1.84127075,1.783161,2.6104415,2.52276225,1.08137,1.11619275,59.0,10.0,regular_holdout,0.05810975000000007,3.155959002770237,0.08767924999999988,3.3587900743992876,-0.03482275000000001,-3.2202437648538442
227,1.43642425,1.50574925,2.19355375,2.28513,1.08495575,1.017854,4.0,2.0,regular_holdout,-0.06932500000000008,-4.826220387187147,-0.09157625000000014,-4.1747894256067415,0.06710174999999996,6.184745322562691
228,1.8452502499999999,1.6717122500000001,2.6177755,2.420988,1.2782,1.3207520000000001,23.0,7.0,regular_holdout,0.17353799999999975,9.404578051134244,0.19678750000000012,7.517355861875861,-0.042552000000000145,-3.329056485683003
229,1.701788,1.7686395,7.7640235,2.5635275,1.2649175,1.3683239999999999,22.0,6.0,regular_holdout,-0.06685149999999984,-3.92830951916454,5.200496,66.98197139666051,-0.10340649999999996,-8.174960027037335
230,2.10258875,1.97780025,2.87115575,2.8569095,1.6627065,1.651204,35.0,9.0,regular_holdout,0.12478849999999975,5.934993231557991,0.014246249999999794,0.4961852034672725,0.011502500000000193,0.6917937711797116
231,1.7306715,1.71865575,2.6110125,2.52808975,1.11560175,1.16317575,12.0,2.0,regular_holdout,0.012015749999999992,0.6942825371539308,0.08292275000000027,3.175884833948526,-0.047574000000000005,-4.264425006504338
232,1.8961795,1.89147725,2.67939575,2.78489825,1.23891525,1.2643867500000001,21.0,3.0,regular_holdout,0.004702249999999797,0.24798548871558823,-0.10550250000000005,-3.937548232656563,-0.02547150000000009,-2.0559517690980145
233,2.50678275,2.23304875,3.47524175,3.11382525,1.7502015000000002,1.42748575,106.0,16.0,regular_holdout,0.27373400000000014,10.919733670578358,0.3614164999999998,10.399751326652307,0.3227157500000002,18.43877690654477
234,2.04436325,6.614032249999999,3.4139165,7.89524225,1.5868015,6.36506575,14.0,6.0,regular_holdout,-4.569668999999999,-223.52529571249138,-4.48132575,-131.2664135165579,-4.77826425,-301.1255188503414
235,1.83532975,2.3296445,2.5735182500000002,3.48825875,1.425668,1.394929,23.0,6.0,regular_holdout,-0.49431475,-26.933293594788623,-0.9147404999999997,-35.54435644666595,0.03073899999999985,2.1561120821958446
236,1.739247,1.863217,2.5000685000000002,2.65528675,1.18794325,1.311235,9.0,1.0,regular_holdout,-0.12396999999999991,-7.127797259388685,-0.1552182499999999,-6.208559885459134,-0.12329174999999992,-10.378589212910628
237,1.64579075,1.6526535,2.5100275,2.4965845,1.19913825,1.19021475,8.0,4.0,regular_holdout,-0.0068627500000000285,-0.41698800409468995,0.013443000000000094,0.535571821424271,0.008923500000000084,0.7441593994687504
238,3.6520465,3.1475437499999996,4.66410675,4.12525725,30.08202425,1.49529325,115.0,16.0,regular_holdout,0.5045027500000003,13.814247710153754,0.5388495000000004,11.553112501123616,28.586731,95.02927981982462
239,1.80454575,2.0919305,2.70883325,2.997707,1.48123225,1.5522665,23.0,6.0,regular_holdout,-0.2873847500000002,-15.9256006670931,-0.28887375000000004,-10.664139256264669,-0.07103425000000008,-4.795618647919668
240,1.76170125,1.9852340000000002,7.899719999999999,3.0303080000000002,1.09504325,1.62191725,40.0,5.0,regular_holdout,-0.22353275000000017,-12.688459521726523,4.869411999999999,61.64031130217273,-0.5268740000000001,-48.11444662117227
241,2.5088807500000003,2.13288225,4.81141225,3.2101984999999997,1.4007555,1.442804,19.0,6.0,regular_holdout,0.3759985000000001,14.986702735871367,1.6012137500000003,33.27949605648529,-0.04204849999999993,-3.001844361846156
242,2.01881475,1.86859525,3.08762825,2.89098825,1.114525,1.50432425,12.0,3.0,regular_holdout,0.15021950000000017,7.440974958202587,0.19663999999999993,6.368642338986241,-0.38979925000000004,-34.974473430385146
243,1.81437075,1.92425675,2.8576354999999998,2.9742845,1.4204572500000001,1.29546875,8.0,2.0,regular_holdout,-0.10988600000000015,-6.056424796310245,-0.11664900000000022,-4.082011159225878,0.12498850000000017,8.799173646373388
244,1.944928,1.8640385000000002,2.96920175,2.912656,1.415906,1.3101605,20.0,3.0,regular_holdout,0.08088949999999984,4.158997145395605,0.05654574999999973,1.9044091564340393,0.10574550000000005,7.468398325877569
245,2.10767925,1.9253035,3.089253,3.932233,1.2532345,1.2777695,37.0,6.0,regular_holdout,0.18237574999999984,8.652917658130376,-0.8429800000000003,-27.287502836446233,-0.024534999999999973,-1.9577341670692894
246,1.6505855,1.9877802500000001,2.4890309999999998,2.7982255,1.1274095,1.31732425,9.0,2.0,regular_holdout,-0.3371947500000001,-20.428796327121503,-0.30919450000000026,-12.42228401333693,-0.18991475000000002,-16.84523236676647
247,1.9093767499999998,1.6906135,2.798386,2.56308525,1.49932175,1.2455829999999999,41.0,7.0,regular_holdout,0.21876324999999985,11.457311921285303,0.23530074999999995,8.408445082272424,0.2537387500000001,16.92356894042257
248,1.90887875,1.85661925,2.78529875,2.749021,1.22397525,1.26519775,22.0,4.0,regular_holdout,0.0522594999999999,2.73770662489694,0.03627775,1.302472490608054,-0.04122249999999994,-3.3679194085011064
249,1.5498755,2.079975,2.4357175,2.97209375,1.1444127499999999,1.3857552499999999,10.0,1.0,regular_holdout,-0.5300995000000002,-34.202714992268746,-0.53637625,-22.02128325637107,-0.24134250000000002,-21.08876364755636
250,1.9454965,1.9518962499999999,2.9218875,2.9302725,1.392435,1.4917704999999999,8.0,4.0,regular_holdout,-0.006399749999999926,-0.32895201816091296,-0.008385000000000087,-0.28697203434424107,-0.0993354999999998,-7.133941620255149
251,2.5405137499999997,2.2608685,3.5248567499999996,3.3000819999999997,1.43155425,1.3340195000000001,42.0,6.0,regular_holdout,0.27964524999999973,11.007429107596831,0.2247747499999999,6.376847796722517,0.09753474999999989,6.813206694751519
252,1.9792224999999999,1.5867565000000001,2.907979,5.471019,1.30786475,1.199243,11.0,2.0,regular_holdout,0.39246599999999976,19.82930165759533,-2.56304,-88.13818806807063,0.10862174999999996,8.305273920716953
253,1.8992645,2.0238424999999998,2.966986,3.19730425,1.51023625,1.5786517500000001,5.0,1.0,regular_holdout,-0.12457799999999986,-6.55927597235666,-0.23031825000000028,-7.76270093623631,-0.06841550000000018,-4.530119045943983
254,2.20186625,1.8598797500000002,3.1741715,2.84250025,1.279009,1.49346025,17.0,2.0,regular_holdout,0.34198649999999997,15.53166546787299,0.33167124999999986,10.449065212764964,-0.21445124999999998,-16.76698522058875
255,2.3957345,2.48729175,3.40407425,3.4674075,1.6406105,1.41635125,75.0,11.0,regular_holdout,-0.0915572499999997,-3.8216776525111484,-0.06333325000000034,-1.860513177701701,0.22425925000000002,13.669256048282028
256,2.4918975,2.46281425,9.07580425,3.4768865,1.96936725,1.8544987499999999,73.0,11.0,regular_holdout,0.029083249999999783,1.1671126119754036,5.598917749999999,61.690596180498275,0.11486850000000004,5.8327617665014
257,2.1720655,2.2164335,3.1799155,7.701146,1.763554,1.43765375,37.0,8.0,regular_holdout,-0.04436799999999996,-2.0426639988527033,-4.5212305,-142.18083782414973,0.3259002500000001,18.47974317769686
258,9.85118175,2.4140319999999997,10.8772855,3.32935375,1.25565625,1.78519925,32.0,9.0,regular_holdout,7.437149750000001,75.4950008916443,7.547931749999999,69.39168554507464,-0.5295430000000001,-42.17260894452603
259,2.2165785,33.90308275,3.52381975,35.631466,1.507832,1.09491275,62.0,10.0,regular_holdout,-31.686504250000002,-1429.5232156226366,-32.10764625,-911.1602899098344,0.41291925000000007,27.38496397476642
260,1.79331125,1.83485925,2.676942,2.78764475,1.16455075,1.4567925,6.0,3.0,regular_holdout,-0.04154800000000014,-2.316831503733674,-0.11070275000000018,-4.135418324341737,-0.29224174999999986,-25.094805872565008
261,1.7004535,1.5337065,2.554985,2.404576,1.27588175,1.18720725,6.0,2.0,regular_holdout,0.16674699999999998,9.806031155806377,0.1504089999999998,5.886883876030575,0.08867449999999999,6.950056304199036
262,1.6014465,1.94319575,2.47477425,2.7896705,1.27069375,1.2828325,41.0,5.0,regular_holdout,-0.3417492500000001,-21.340035399246872,-0.3148962500000003,-12.724241413130928,-0.012138750000000087,-0.9552852526425102
263,6.790654,2.00892725,7.70052225,2.90739325,1.1598735,1.32966525,73.0,10.0,regular_holdout,4.78172675,70.4162920095767,4.7931289999999995,62.24420687830621,-0.1697917499999999,-14.638816215733863
264,1.990815,2.5726445,2.8682795,3.58722325,1.2744167499999999,1.82371725,32.0,9.0,regular_holdout,-0.5818295,-29.225693999693593,-0.7189437500000002,-25.065330976287363,-0.5493005000000002,-43.102109259000265
265,1.81849425,1.8669752499999999,2.6786085,2.70258125,1.35616275,1.52366625,9.0,2.0,regular_holdout,-0.048480999999999774,-2.665996881760818,-0.023972749999999987,-0.8949702802779871,-0.16750350000000003,-12.351283059500053
266,6.6936072499999995,2.09521525,7.60610575,3.048311,1.23702025,1.346055,23.0,10.0,regular_holdout,4.598392,68.69826430285404,4.55779475,59.922842250779915,-0.10903474999999996,-8.814305990544614
267,1.9391112499999998,4.96657675,2.8731515,5.79121575,1.33715175,1.29128725,38.0,7.0,regular_holdout,-3.0274655,-156.1264471030221,-2.91806425,-101.56318767040304,0.045864499999999975,3.430014581366698
268,1.9161545,2.05637925,2.7528295,2.89137425,1.227403,1.3477727499999999,32.0,5.0,regular_holdout,-0.14022475,-7.318029417773984,-0.13854475000000033,-5.0328126024514175,-0.12036974999999983,-9.806864575041763
269,7.2438235,1.803264,8.0899285,2.6210165,1.291688,1.2286775,11.0,2.0,regular_holdout,5.440559500000001,75.10618529013028,5.4689119999999996,67.60148745443176,0.06301049999999986,4.878151689881756
270,1.9603009999999998,1.991043,2.79564925,2.8132585,1.3532735,1.23042275,21.0,5.0,regular_holdout,-0.030742000000000047,-1.5682285526559467,-0.01760925000000002,-0.6298805188097191,0.12285075000000001,9.078042982442204
271,1.8041702499999999,1.90595875,2.6175034999999998,2.77086425,1.29724625,1.704169,29.0,5.0,regular_holdout,-0.10178850000000006,-5.641845607419813,-0.15336075000000005,-5.859046606814473,-0.4069227500000001,-31.368196285015287
272,1.677038,1.5719215,2.61199225,2.3354635,1.3545405,1.11724425,6.0,2.0,regular_holdout,0.10511650000000006,6.267985579336906,0.2765287500000002,10.586890141040817,0.23729625,17.518579178695653
273,1.7282205,4.8399375,2.526595,6.0602475,1.3298157499999999,1.5940652499999999,23.0,9.0,regular_holdout,-3.1117169999999996,-180.05323973416586,-3.5336525,-139.85828753717948,-0.2642495,-19.871136283353543
274,2.13948975,2.019411,2.995945,8.13602725,1.32724925,1.33436975,37.0,6.0,regular_holdout,0.12007875000000023,5.6124947548825705,-5.14008225,-171.5679777165469,-0.007120500000000085,-0.5364855169441675
275,2.5931284999999997,1.82794875,3.475078,2.70695525,1.0775142500000001,1.25148925,14.0,4.0,regular_holdout,0.7651797499999997,29.50797656190196,0.7681227499999999,22.10375565670756,-0.173975,-16.145958162502257
276,1.64983225,1.58970075,2.7024145,2.77948975,1.3204615,1.0999105,8.0,3.0,regular_holdout,0.060131500000000004,3.64470387822762,-0.07707525000000004,-2.8520883824446632,0.22055099999999994,16.702569518308557
277,1.57394225,1.641712,2.4601595,2.5107454999999996,1.3458095,1.30344025,9.0,2.0,regular_holdout,-0.06776975000000007,-4.305732945411439,-0.050585999999999576,-2.0562081442280298,0.042369250000000136,3.1482353185945064
278,1.7482445,1.81081025,2.84476075,2.6711785,1.19971625,1.3433030000000001,1.0,1.0,regular_holdout,-0.06256575000000009,-3.578775737604213,0.17358224999999994,6.101822446755846,-0.1435867500000001,-11.968392526149419
279,2.07358225,1.818642,3.1353955,2.8081005,1.46829,2.84295575,9.0,4.0,regular_holdout,0.25494024999999976,12.29467748385673,0.3272949999999999,10.438714988268622,-1.3746657499999997,-93.62358594010718
280,6.84017425,7.21134775,7.8427299999999995,8.116283750000001,1.28937425,1.54428225,10.0,2.0,regular_holdout,-0.37117350000000027,-5.4263749202003195,-0.27355375000000137,-3.4879914264548364,-0.2549079999999999,-19.769900011575377
281,1.94485525,2.4054794999999998,2.77639025,3.2922605000000003,1.297021,1.33736925,12.0,2.0,regular_holdout,-0.46062424999999974,-23.68424333893228,-0.5158702500000003,-18.580610200601313,-0.040348250000000085,-3.1108401483090935
282,4.6024505,4.0712399999999995,5.3904975,5.05315275,1.610465,1.61179425,145.0,20.0,regular_holdout,0.5312105000000003,11.541905773891544,0.33734475000000064,6.2581375837759055,-0.0013292499999999485,-0.08253827310745335
283,2.985571,2.23101025,3.7780195,3.00306525,1.64202975,1.463127,73.0,10.0,regular_holdout,0.75456075,25.273582507332765,0.77495425,20.512182374918922,0.17890275,10.895219772966962
284,2.15140225,5.0004729999999995,3.09367725,5.855487999999999,1.2832655,1.3311625,6.0,1.0,regular_holdout,-2.8490707499999997,-132.4285474740951,-2.7618107499999995,-89.27274976728745,-0.04789700000000008,-3.732431051875086
285,2.3373065,8.04130725,3.1286655000000003,8.890925,1.74418725,1.7212325000000002,73.0,10.0,regular_holdout,-5.704000749999999,-244.0416244082665,-5.762259499999999,-184.17627259929188,0.0229547499999998,1.3160714252440386
286,2.6513735,2.675946,3.58913125,3.585531,1.613915,1.5698837499999998,108.0,15.0,regular_holdout,-0.024572500000000108,-0.9267837971526873,0.0036002499999998605,0.10030978945113418,0.04403125000000019,2.728226083777658
287,2.570211,2.2271769999999997,3.41910025,3.01963525,1.3645105,1.5356165,61.0,12.0,regular_holdout,0.3430340000000003,13.346530693394444,0.3994650000000002,11.683336866182854,-0.17110599999999998,-12.539734945242268
288,4.7489525,3.903572,5.71550375,4.86979275,1.4412065,1.63278375,111.0,16.0,regular_holdout,0.8453804999999996,17.80140988986518,0.8457109999999997,14.796788472057248,-0.19157724999999992,-13.292838326776899
289,7.3865365,1.75807325,8.41914125,2.654636,1.9582882499999998,1.43541775,13.0,4.0,regular_holdout,5.62846325,76.1989499408823,5.764505249999999,68.46904071124831,0.5228704999999998,26.700384889711707
290,5.926380249999999,2.36615275,6.84461325,3.3091835,1.46126175,1.3623750000000001,74.0,10.0,regular_holdout,3.5602274999999994,60.074233339988595,3.53542975,51.6527321686145,0.09888674999999991,6.767216756340876
291,1.67495475,2.06763875,2.65681925,2.9615225,1.28713125,1.52114725,8.0,4.0,regular_holdout,-0.39268400000000003,-23.44445424570425,-0.3047032500000002,-11.46872336159113,-0.234016,-18.1812072389665
292,1.87658225,1.8008125000000001,2.7731225,2.67118125,1.16935575,1.22925125,9.0,4.0,regular_holdout,0.07576974999999986,4.037646098379107,0.10194124999999987,3.6760456849634258,-0.05989549999999988,-5.122093939333678
293,1.51468775,2.64486225,2.34175825,3.541004,1.21235575,1.01204775,4.0,2.0,regular_holdout,-1.1301745,-74.6143553349527,-1.1992457500000002,-51.21133874515016,0.20030799999999993,16.522213055037675
294,1.58650625,1.64638925,2.382645,2.54451175,1.0715875000000001,1.7749160000000002,5.0,1.0,regular_holdout,-0.05988299999999991,-3.7745202705630634,-0.16186674999999973,-6.793573948280156,-0.7033285,-65.63425758512487
295,6.707656500000001,1.8342479999999999,7.8371664999999995,2.700265,2.493009,1.06104675,39.0,7.0,regular_holdout,4.873408500000001,72.65441365400868,5.1369015,65.54539194745958,1.4319622499999998,57.43911273485173
296,5.25762925,1.8314617499999999,6.24448075,2.8154415,1.724099,1.29897625,2.0,1.0,regular_holdout,3.4261675,65.16563525280905,3.42903925,54.91312067860887,0.4251227500000001,24.65767627033019
297,2.13017775,2.30412375,3.25207925,3.30709475,1.56904975,1.6440757499999998,4.0,4.0,regular_holdout,-0.17394599999999993,-8.165797431693196,-0.055015500000000106,-1.691702316295032,-0.07502599999999982,-4.781620213125799
298,5.42299675,2.23943575,6.370178749999999,3.04699675,1.3595855,3.3553355,73.0,10.0,regular_holdout,3.183561,58.704829576008876,3.323181999999999,52.16779827410651,-1.99575,-146.79106242306938
299,2.46741825,26.98707575,3.420008,28.01331825,1.6298415,1.5217485,71.0,10.0,regular_holdout,-24.519657499999997,-993.7373811675421,-24.593310250000002,-719.1009567813877,0.108093,6.6321172948412475
300,1.8005449999999998,1.6421625,2.773363,2.439563,1.26112925,1.1883765,24.0,6.0,regular_holdout,0.15838249999999987,8.796364434101891,0.33379999999999965,12.035928942587022,0.07275275000000003,5.768857553656775
301,1.85389575,3.1585505,2.7185105,4.0673395,1.21227775,1.830921,16.0,3.0,regular_holdout,-1.30465475,-70.3736847123146,-1.3488290000000003,-49.61647196139211,-0.6186432500000001,-51.0314777285981
302,2.07599375,2.1297,2.94507325,2.9947755000000003,1.37978875,1.088974,71.0,10.0,regular_holdout,-0.05370625000000029,-2.587014050499925,-0.04970225000000017,-1.6876405366148421,0.2908147499999998,21.076759032859183
303,1.73266675,1.70899625,2.6214494999999998,2.62277525,1.1479155,1.52127225,15.0,6.0,regular_holdout,0.023670499999999928,1.366131138604693,-0.0013257500000003475,-0.05057316572378555,-0.3733567499999999,-32.52475900882947
304,1.60430075,1.7797809999999998,2.4267054999999997,2.67294625,1.059264,1.23979225,5.0,1.0,regular_holdout,-0.1754802499999999,-10.938114315535906,-0.24624075000000012,-10.1471212720291,-0.18052825000000006,-17.042800472781106
305,5.581240749999999,1.67159975,6.542048250000001,2.5320735,1.2887335,1.220916,14.0,6.0,regular_holdout,3.9096409999999993,70.04967488635927,4.0099747500000005,61.295401635107176,0.06781750000000009,5.262337015372076
306,1.8319322500000002,2.1278645,2.6742835,3.00621025,1.0517272500000001,0.9916845000000001,5.0,1.0,regular_holdout,-0.2959322499999997,-16.15410449813303,-0.33192675000000005,-12.41180114224988,0.060042750000000034,5.708965893961579
307,1.41700775,1.43062775,2.357314,2.3154505,1.2801505,1.1951545,5.0,2.0,regular_holdout,-0.013619999999999965,-0.9611803464024784,0.041863500000000275,1.7758983317453794,0.08499600000000007,6.639531836295817
308,1.7640095,1.8748395,2.6856375,2.7201174999999997,1.547044,1.21723275,13.0,4.0,regular_holdout,-0.11082999999999998,-6.282845982405423,-0.034479999999999844,-1.2838664935234128,0.3298112500000001,21.31880218015778
309,1.89468675,1.8524082499999999,2.704827,2.81196375,1.3276775,1.19103075,75.0,12.0,regular_holdout,0.04227850000000011,2.2314242710569494,-0.10713675,-3.960946485671727,0.13664675000000015,10.292164324544187
310,1.643672,6.8424075,2.48107875,7.7518952500000005,1.130379,1.26468475,7.0,1.0,regular_holdout,-5.1987355,-316.2878907713948,-5.2708165000000005,-212.44051604569185,-0.13430575,-11.881479574549775
311,1.8140049999999999,1.71037325,2.578138,2.52057075,1.40071525,1.35218175,13.0,2.0,regular_holdout,0.10363174999999991,5.7128701409312495,0.05756724999999996,2.232900255921132,0.04853350000000001,3.464908374489391
312,2.11504025,1.797215,2.97590925,2.5815125,1.22324925,1.33632775,10.0,3.0,regular_holdout,0.31782524999999984,15.026912608400709,0.39439674999999985,13.252983100879165,-0.11307849999999986,-9.244109489541879
313,1.5833564999999998,1.92061675,2.3243065,2.666509,1.069382,0.99998425,38.0,6.0,regular_holdout,-0.33726025000000015,-21.300335710877505,-0.34220249999999997,-14.722778600842872,0.06939775000000004,6.489519180236813
314,1.96146575,1.6447289999999999,2.91360525,2.45302375,1.1709402500000001,1.11700625,33.0,5.0,regular_holdout,0.31673675,16.147962308289095,0.4605815,15.807958198867194,0.05393400000000015,4.606042024774547
315,4.03234125,6.427963,4.99526,7.3962502500000005,1.2101722499999998,3.08341675,21.0,8.0,regular_holdout,-2.39562175,-59.41019376770258,-2.4009902500000004,-48.06537097168116,-1.8732445000000002,-154.79155963128392
316,1.6761065,2.614493,2.5575545,3.6927054999999998,1.29499525,1.4073327500000001,3.0,2.0,regular_holdout,-0.9383865,-55.98609038268153,-1.1351509999999996,-44.38423501825668,-0.1123375000000002,-8.67474224326307
317,1.5411777500000001,1.75093925,2.421008,2.59031125,1.27550325,1.1172944999999999,34.0,9.0,regular_holdout,-0.20976149999999993,-13.61046770886745,-0.16930325000000002,-6.9930892421669,0.15820875000000023,12.403633624610539
318,1.5592424999999999,1.62772825,2.44702975,2.73558075,1.2338955,1.1464005,13.0,8.0,regular_holdout,-0.06848575000000023,-4.3922449522765215,-0.288551,-11.791887695684942,0.0874950000000001,7.09095705430485
319,1.70034775,1.6958134999999999,2.72332975,3.20115975,1.35512675,1.1799665,15.0,4.0,regular_holdout,0.004534250000000073,0.26666603934401495,-0.47783,-17.5458003203615,0.17516025000000002,12.925746613739271
320,1.6411335,1.67024525,2.66492175,2.638509,2.8316085,1.42184725,17.0,4.0,regular_holdout,-0.029111749999999992,-1.7738806745459763,0.026412749999999985,0.9911266625370889,1.4097612500000003,49.78658772920056
321,2.17072675,1.5978984999999999,2.9821935,2.51312475,1.01166225,1.1133505,4.0,1.0,regular_holdout,0.5728282500000001,26.388777399089967,0.46906875000000037,15.728984386828028,-0.10168824999999981,-10.051600719508887
322,1.71073875,1.7197325,2.8595385,2.5678122500000002,1.4340535,1.18046,3.0,2.0,regular_holdout,-0.008993750000000134,-0.5257231707646848,0.29172624999999996,10.201864741460902,0.2535935,17.683684743979217
323,1.76737925,1.5940805,2.5844375,2.445515,1.02257875,1.0773415,8.0,1.0,regular_holdout,0.17329875000000006,9.80540820539791,0.13892250000000006,5.375347633672707,-0.05476274999999986,-5.355357716948436
324,3.9422882500000003,2.208096,4.8195945,3.44320325,1.4207827499999999,1.3081654999999999,3.0,1.0,regular_holdout,1.7341922500000004,43.989483772527294,1.3763912500000002,28.55823762766764,0.11261725,7.9264229524183065
325,1.85503425,1.7765009999999999,2.7931355,2.7575095000000003,1.37936025,1.582913,5.0,1.0,regular_holdout,0.07853325000000022,4.233520216675256,0.03562599999999971,1.2754841288580419,-0.20355275000000006,-14.757040446830338
326,1.954077,1.97694425,2.9209915,2.92506725,1.22978425,1.2141855000000001,54.0,11.0,regular_holdout,-0.022867250000000006,-1.170232800447475,-0.004075750000000156,-0.13953310031885255,0.015598749999999884,1.2684135448961786
327,2.00001375,5.55572475,3.07050725,6.4924785,1.3888175,1.33451775,74.0,13.0,regular_holdout,-3.5557110000000005,-177.78432773274687,-3.42197125,-111.44644748844021,0.05429974999999998,3.9097829628442886
328,1.78822125,1.5839824999999998,2.64233025,2.3886495,1.1433740000000001,1.288363,4.0,2.0,regular_holdout,0.20423875000000025,11.421335586969466,0.25368075,9.60064511239653,-0.1449889999999998,-12.680802607020958
329,1.7359292499999999,1.7498010000000002,2.583356,2.568731,1.458535,1.3106415,38.0,6.0,regular_holdout,-0.013871750000000294,-0.7990965069573137,0.01462500000000011,0.5661240649759502,0.1478934999999999,10.139866372764446
330,3.1842865,2.03788575,4.117801,2.870653,4.80158475,1.3020835,114.0,15.0,regular_holdout,1.1464007499999997,36.00180919650288,1.2471480000000001,30.286747708303537,3.49950125,72.88221352335809
331,2.00663875,1.7419785,2.81121025,2.49002725,1.7795805,1.1887842499999999,73.0,11.0,regular_holdout,0.26466024999999993,13.18923249139886,0.321183,11.425079287470583,0.5907962500000001,33.19862461967863
332,1.9623345,1.7179149999999999,2.8137695,2.6458102500000003,1.540146,1.6693235,11.0,2.0,regular_holdout,0.24441950000000023,12.455547206656165,0.16795924999999956,5.969190084688869,-0.12917749999999995,-8.387354185901852
333,1.91353025,2.3747652500000003,2.88858225,3.3030565,1.33946275,6.3304435,31.0,9.0,regular_holdout,-0.4612350000000003,-24.103878159229534,-0.41447425000000004,-14.348708609560973,-4.99098075,-372.6106418412905
334,2.25209475,1.84990425,3.1860920000000004,2.7310790000000003,1.2509715,1.2700475,3.0,2.0,regular_holdout,0.4021904999999999,17.858507063257438,0.4550130000000001,14.281226028626923,-0.019076000000000093,-1.5248948517212497
335,1.84828925,2.01121075,2.75287925,3.225261,1.2838235,1.30919925,36.0,6.0,regular_holdout,-0.16292149999999994,-8.814718800101224,-0.47238175000000027,-17.15955213073731,-0.02537575000000003,-1.9765762193946466
336,2.36273225,1.7423342499999999,3.30166425,2.74480475,1.16441525,1.8544162499999999,3.0,1.0,regular_holdout,0.6203980000000002,26.257651496482524,0.5568594999999998,16.86602446024001,-0.6900009999999999,-59.25729674186248
337,2.20058925,1.8622355000000002,3.24796825,2.89918075,1.41748325,1.288886,15.0,3.0,regular_holdout,0.33835375,15.375597695026455,0.3487874999999998,10.738636376756448,0.1285972500000001,9.072223604758653
338,1.69620225,2.2410354999999997,2.72472925,3.368548,1.36444075,1.26813,6.0,2.0,regular_holdout,-0.5448332499999997,-32.12077156482959,-0.6438187499999999,-23.628723844763655,0.09631075,7.058624568344209
339,2.26304175,3.81784975,5.4265295,4.7951695,4.71151625,1.38555975,145.0,22.0,regular_holdout,-1.554808,-68.70434449563291,0.6313599999999999,11.634692117678526,3.3259564999999998,70.59206258707056
340,1.75798325,1.8461587499999998,2.5585705,2.72454675,0.99748325,1.4154075000000002,6.0,1.0,regular_holdout,-0.08817549999999974,-5.015719006423965,-0.16597624999999994,-6.487069635173231,-0.4179242500000001,-41.89787146801714
341,2.20446,1.90398825,3.05282325,6.855246,1.450621,1.23823975,72.0,12.0,regular_holdout,0.30047175000000004,13.630174736670206,-3.8024227500000003,-124.55430395454438,0.21238124999999997,14.64071249485565
342,1.5564205,1.9259867499999999,2.49058025,2.853314,1.1014805,1.08953,6.0,2.0,regular_holdout,-0.3695662499999999,-23.744627496232535,-0.3627337500000003,-14.5642265492148,0.011950499999999975,1.084948848390868
343,1.86372775,1.705203,2.7083135,2.53240875,1.0988064999999998,1.27186775,9.0,2.0,regular_holdout,0.15852475,8.505789002712438,0.17590474999999994,6.494992178711953,-0.17306125000000017,-15.749929582688143
344,2.3467455,1.76315825,3.4575395,3.2413282500000005,1.1313555,1.47558825,22.0,5.0,regular_holdout,0.5835872499999999,24.867939450613623,0.21621124999999974,6.2533269684988335,-0.34423275,-30.426576792175403
345,1.7950540000000001,1.844286,2.5991675,3.28798625,1.376351,1.33718175,39.0,5.0,regular_holdout,-0.04923199999999994,-2.74264729640445,-0.6888187499999998,-26.50151442721563,0.039169250000000044,2.845876524229651
346,1.8398895,1.756934,2.69826975,2.5718705,1.349841,1.205748,7.0,1.0,regular_holdout,0.08295549999999996,4.508721855307069,0.12639924999999996,4.684455659038536,0.14409300000000003,10.674812811286664
347,1.7414002499999999,1.71485525,2.57103475,2.5732955,1.1598985,1.177588,18.0,2.0,regular_holdout,0.02654499999999982,1.524348006726186,-0.0022607500000000336,-0.08793152251248387,-0.017689500000000136,-1.525090341956657
348,1.87445675,1.86540825,3.074278,2.787312,1.4045185,1.323536,61.0,10.0,regular_holdout,0.009048500000000015,0.4827265286328967,0.28696600000000005,9.334419333580113,0.08098249999999996,5.765854988738131
349,1.531383,1.714382,2.542972,2.57792775,1.44705275,1.1707325,9.0,4.0,regular_holdout,-0.18299900000000013,-11.949917166378375,-0.034955750000000396,-1.37460223706751,0.27632025000000016,19.095381975536146
350,1.93652525,1.64355225,2.84677175,2.5138552499999998,1.492772,1.29444675,7.0,3.0,regular_holdout,0.29297300000000015,15.128798346419709,0.33291650000000006,11.69452731853195,0.1983252499999999,13.285702706106486
351,1.87301675,1.663485,2.7420435,2.57754425,1.06195075,1.18218475,16.0,9.0,regular_holdout,0.2095317499999998,11.186859380728967,0.16449924999999999,5.999148080619436,-0.12023399999999995,-11.3219939813593
352,1.73375375,1.63594075,2.64618575,2.56857325,1.1880585000000001,1.2486275,21.0,6.0,regular_holdout,0.09781299999999993,5.641689311414607,0.07761249999999986,2.932995161053976,-0.06056899999999987,-5.098149628153822
353,1.49743925,1.56215375,2.37187875,4.51441775,0.992836,1.0840542499999999,11.0,2.0,regular_holdout,-0.06471450000000001,-4.321677824325762,-2.1425389999999997,-90.33088221731401,-0.09121824999999983,-9.187645290863731
354,3.67476725,2.09306475,4.8386432500000005,3.0978865,1.259652,1.1868794999999999,29.0,11.0,regular_holdout,1.5817025,43.042249818679,1.7407567500000005,35.97613339235126,0.07277250000000013,5.777190843185271
355,2.2172345,6.7871215,3.257578,7.75129375,1.75011075,1.40339175,115.0,16.0,regular_holdout,-4.569887,-206.10751817184874,-4.49371575,-137.94652806471555,0.346719,19.811260515941637
356,1.82423075,1.66052825,2.6896485,2.532907,1.28692325,1.136115,22.0,6.0,regular_holdout,0.16370249999999986,8.973782510792555,0.1567415000000003,5.827583046632313,0.1508082500000001,11.718511574019669
357,3.27779825,2.35122775,4.12664175,6.3461845,1.2249267499999998,1.3127575,146.0,21.0,regular_holdout,0.9265705,28.268075986677946,-2.2195427499999996,-53.7856902649715,-0.08783075000000018,-7.170285896687307
358,1.887331,1.81343125,2.65047225,2.63032425,1.2409032500000001,1.1626755,53.0,9.0,regular_holdout,0.07389975000000004,3.915569129103482,0.020147999999999833,0.7601664193994045,0.07822775000000015,6.30409743870041
359,1.345885,1.6129060000000002,2.1519364999999997,2.48744325,1.10489325,1.024569,7.0,2.0,regular_holdout,-0.2670210000000002,-19.839808007370628,-0.3355067500000004,-15.590922408723513,0.08032424999999987,7.269865210960415
360,2.47693975,2.41801575,3.47255525,3.4335157499999998,1.3086985,1.60726775,39.0,7.0,maintenance_burst,0.0589240000000002,2.3789032413889033,0.03903950000000034,1.1242297728740338,-0.2985692500000001,-22.81421198236264
361,2.1488665,2.06743325,3.0401914999999997,2.95314475,1.4797897500000001,6.23417275,46.0,10.0,maintenance_burst,0.0814332499999999,3.7895909308465603,0.08704674999999984,2.863199571474358,-4.754383,-321.28773699101504
362,1.7702562499999999,1.90039325,2.59734175,2.7893625,1.30719125,1.41185425,35.0,6.0,maintenance_burst,-0.13013700000000017,-7.351308602921198,-0.19202075000000018,-7.392972064611835,-0.10466299999999995,-8.006709041236311
363,2.0157425,2.1043737499999997,2.9876745,2.93055575,1.6318424999999999,1.8629817499999999,10.0,2.0,maintenance_burst,-0.08863124999999972,-4.396952983826045,0.057118749999999885,1.9118130171141432,-0.23113925000000002,-14.164311200376265
364,4.19838925,2.21538975,5.24123525,3.30890775,1.47664,1.9152005,12.0,2.0,maintenance_burst,1.9829995,47.23238799260931,1.9323275,36.86778798948206,-0.43856050000000013,-29.69989300032507
365,3.2547984999999997,3.07751525,4.212454,4.10344875,1.9318855,1.908215,105.0,15.0,maintenance_burst,0.1772832499999999,5.446827199901927,0.10900525000000005,2.5876899783356695,0.023670499999999928,1.225253774097892
366,1.83259075,2.201093,2.73553325,3.234533,1.558093,6.562446749999999,13.0,3.0,maintenance_burst,-0.36850225000000014,-20.10826748961819,-0.49899974999999985,-18.241406862811843,-5.00435375,-321.1845345560246
367,2.3309365,2.449233,3.170288,3.292066,1.50513575,1.894304,102.0,12.0,maintenance_burst,-0.11829650000000003,-5.075063177396726,-0.12177799999999994,-3.8412283048101603,-0.38916825,-25.856023285607296
368,1.9839695,2.88405175,2.81469075,3.8989895,1.5178669999999999,7.18574675,78.0,14.0,maintenance_burst,-0.9000822499999999,-45.3677463287616,-1.0842987499999999,-38.522837722048145,-5.66787975,-373.41082914379194
369,2.8267115,2.24075275,3.73203,3.09171975,1.56654575,1.3472392499999999,37.0,6.0,maintenance_burst,0.5859587500000001,20.729343974438144,0.6403102499999997,17.157157096807897,0.21930650000000007,13.999367717157323
370,3.16575875,2.43991425,4.42445425,3.268424,1.88373825,1.6453350000000002,73.0,10.0,maintenance_burst,0.7258445,22.927978956071748,1.1560302500000001,26.128199879115037,0.23840324999999973,12.655858636410857
371,2.1146895,2.446541,2.9470662499999998,3.2819642499999997,1.87985975,1.4565095,73.0,10.0,maintenance_burst,-0.33185149999999997,-15.692682069873612,-0.3348979999999999,-11.363775754956302,0.42335025000000015,22.520310358259447
372,1.6318925,1.55883675,2.42853625,6.81945025,1.17094275,1.3427075,6.0,1.0,maintenance_burst,0.07305574999999997,4.4767501535793555,-4.390914,-180.80496018949685,-0.1717647499999999,-14.668928092342677
373,1.934119,1.754162,2.764417,2.61603025,1.3985115000000001,5.854629,10.0,2.0,maintenance_burst,0.17995699999999992,9.304339598545898,0.1483867499999998,5.367741190999759,-4.4561174999999995,-318.632882175084
374,1.86521,1.8584375,2.6736245,2.593416,1.6609185,1.34446,20.0,10.0,maintenance_burst,0.00677250000000007,0.36309584443575094,0.0802084999999999,2.9999912104336235,0.3164585,19.053222659630798
375,1.82154625,1.9695725,2.6126424999999998,2.7645425,1.30941975,1.5407342499999999,57.0,10.0,maintenance_burst,-0.14802625000000003,-8.126406342962746,-0.15190000000000037,-5.81403693769815,-0.23131449999999987,-17.66542012215715
376,2.97718125,7.536827,3.82509025,8.419954749999999,1.4099195,1.473638,101.0,12.0,maintenance_burst,-4.55964575,-153.15311252883913,-4.594864499999998,-120.12434216421424,-0.06371850000000001,-4.519300569997082
377,7.0188975,2.07919825,7.9873562499999995,3.0074945,1.252559,1.4563495,6.0,1.0,maintenance_burst,4.939699249999999,70.37713900224358,4.9798617499999995,62.34680905837898,-0.20379049999999999,-16.26993219481078
378,1.74628575,1.7668964999999999,2.89816675,6.812795250000001,1.415302,1.42344225,12.0,3.0,maintenance_burst,-0.0206107499999999,-1.1802621649979048,-3.9146285000000005,-135.07257648304744,-0.008140249999999849,-0.575159930530717
379,2.040217,2.230492,2.9636205,3.07476125,1.33924975,1.54345875,7.0,3.0,maintenance_burst,-0.19027499999999975,-9.326213829215213,-0.11114074999999968,-3.7501680798874104,-0.20420900000000008,-15.248014793357259
380,1.9672595,1.9227850000000002,2.86892,2.86964875,1.4097335,1.23035275,21.0,3.0,maintenance_burst,0.04447449999999975,2.260733777114801,-0.0007287499999999447,-0.025401544832199738,0.17938074999999998,12.724444017255742
381,3.641056,2.343834,4.6130320000000005,3.3212462499999997,5.490106000000001,1.62031225,115.0,16.0,maintenance_burst,1.2972219999999997,35.62763110482233,1.2917857500000007,28.002965294842973,3.869793750000001,70.48668550297572
382,1.794944,2.3049975,2.6207725,3.2649464999999998,1.2958815,5.965542,11.0,3.0,maintenance_burst,-0.5100534999999997,-28.416123288525977,-0.6441739999999996,-24.57954667946186,-4.6696605,-360.34625851206306
383,1.5658175,1.9178745,2.46580075,2.82995625,1.1306017499999998,1.220941,13.0,3.0,maintenance_burst,-0.35205699999999984,-22.48391016194415,-0.36415549999999985,-14.768245163361225,-0.0903392500000002,-7.990368845616967
384,1.9312125,1.9286059999999998,2.7914002499999997,2.76661825,1.237819,1.01042825,16.0,4.0,maintenance_burst,0.002606500000000178,0.13496702201338165,0.024781999999999638,0.887798157931656,0.22739075000000009,18.370274652433036
385,6.26836975,1.96567925,7.174391999999999,2.96114475,1.2171224999999999,1.16041675,23.0,6.0,maintenance_burst,4.3026905,68.64130023599836,4.213247249999999,58.726192407663255,0.05670574999999989,4.659001045498698
386,1.96594475,1.78687875,2.7991722500000003,2.58530325,1.276072,1.23860775,7.0,1.0,maintenance_burst,0.17906599999999995,9.108394322882162,0.2138690000000003,7.64043727569821,0.0374642500000002,2.935904086916741
387,1.966711,1.769205,2.7656762500000003,2.7303355,1.25738125,1.665984,3.0,1.0,maintenance_burst,0.19750600000000018,10.042451585413422,0.035340750000000476,1.2778339474839282,-0.40860275,-32.49632917621446
388,2.0678665,2.00621075,3.1579947500000003,2.93533275,2.142071,3.99967975,3.0,2.0,maintenance_burst,0.0616557499999999,2.981611723967669,0.22266200000000014,7.050740030520953,-1.8576087499999998,-86.72022309251186
389,2.0010505,1.83651875,2.81898225,2.6793009999999997,1.47695775,1.9523635000000001,5.0,2.0,maintenance_burst,0.16453174999999987,8.222268753337303,0.1396812500000002,4.955024104887507,-0.4754057500000002,-32.18817532187364
390,1.8206475,1.9779255,2.58584225,2.8791655,1.35744225,1.5069385,4.0,1.0,maintenance_burst,-0.15727800000000003,-8.638575012461228,-0.29332325000000026,-11.34343171939434,-0.1494962499999999,-11.01308361368595
391,2.42199175,2.0998925,3.25990875,2.87666725,6.16413175,1.30173075,36.0,6.0,maintenance_burst,0.32209924999999995,13.298940840735728,0.3832415,11.756203298635276,4.862401,78.88217184845215
392,1.8594137499999999,1.8521554999999998,2.674521,2.62062475,1.4291285,1.3039685,75.0,12.0,maintenance_burst,0.007258250000000022,0.39035152880847646,0.05389624999999976,2.0151739320797915,0.12515999999999994,8.757784901777548
393,2.0446575,4.66962975,2.8194855,5.44545275,1.1846835,1.207786,18.0,4.0,maintenance_burst,-2.6249722500000003,-128.3820028537787,-2.6259672500000004,-93.1363984670253,-0.023102500000000026,-1.9500989082738154
394,1.8199589999999999,1.620685,2.67536725,2.425407,6.32890875,1.39733225,3.0,2.0,maintenance_burst,0.19927399999999995,10.949367540697343,0.24996025,9.34302570983479,4.9315765,77.92143471810998
395,1.57867925,1.62110325,2.3057415,2.3677495,1.2134847500000001,1.42012975,5.0,2.0,maintenance_burst,-0.04242400000000002,-2.687309660908004,-0.06200800000000006,-2.6892867218636636,-0.20664499999999997,-17.029056195390996
396,1.4411615,2.036206,2.20425,2.8525855,1.3966517500000002,1.15801325,8.0,2.0,maintenance_burst,-0.5950445,-41.289230943235715,-0.6483355,-29.412974934785076,0.2386385000000002,17.086471269591733
397,1.5931790000000001,1.392533,2.30400075,7.161567750000001,1.1731715,1.1578602500000001,3.0,1.0,maintenance_burst,0.2006460000000001,12.594065073667183,-4.857567,-210.8318324115129,0.015311249999999887,1.3051160891651294
398,2.9250170000000004,2.731971,3.84937975,3.737546,5.47576175,5.3697245,160.0,24.0,maintenance_burst,0.19304600000000027,6.599824889906632,0.11183375000000018,2.9052407728803624,0.10603724999999997,1.9364839969525696
399,2.1433385,2.20565975,2.966603,3.10074825,6.846629,1.8585095,20.0,6.0,maintenance_burst,-0.062321250000000106,-2.90767183998235,-0.13414525,-4.521847041885954,4.9881195,72.85511599942102
400,2.27490425,2.687741,3.1886715,3.53062275,1.4340005,1.3473899999999999,107.0,14.0,maintenance_burst,-0.41283674999999986,-18.147434117282074,-0.34195125000000015,-10.723940989217617,0.08661050000000015,6.039781715557291
401,3.1787660000000004,2.390975,3.95381025,3.24832375,1.534465,1.47125425,71.0,10.0,maintenance_burst,0.7877910000000004,24.782918906267405,0.7054865000000001,17.84320580381924,0.06321074999999987,4.119399921145146
402,2.03704,1.637413,2.9488355,2.52841025,1.2551174999999999,1.39354925,15.0,6.0,maintenance_burst,0.3996270000000002,19.61802419196482,0.4204252500000001,14.257331410992581,-0.13843175000000008,-11.029385694964821
403,2.2972882500000003,5.5458225,3.10573075,6.607630750000001,1.386764,1.2574562500000002,18.0,3.0,maintenance_burst,-3.2485342499999996,-141.40734189538466,-3.501900000000001,-112.75607198080519,0.12930774999999994,9.324423622188052
404,1.626627,1.77819575,2.533766,2.6164085,1.416131,1.31422475,3.0,1.0,maintenance_burst,-0.15156875000000003,-9.317978245780996,-0.08264249999999995,-3.2616468924123203,0.10190625000000009,7.196103326599028
405,2.07939375,2.21786275,2.97087925,3.1207607499999996,1.4813770000000002,1.72790525,104.0,13.0,maintenance_burst,-0.13846900000000018,-6.6591043663567895,-0.14988149999999978,-5.045021604294412,-0.2465282499999999,-16.64183054009883
406,2.16856875,1.8995245,3.0338355,7.384244499999999,1.285639,1.2806989999999998,34.0,7.0,maintenance_burst,0.2690442499999999,12.406535416504545,-4.350408999999999,-143.39633773815353,0.0049400000000001665,0.3842447218853945
407,2.9009210000000003,2.16991575,3.65186875,2.9668255,1.53716875,1.4251844999999999,111.0,15.0,maintenance_burst,0.7310052500000004,25.1990747076532,0.6850432500000001,18.75870401968855,0.11198425000000012,7.285098008920628
408,1.728664,1.77768525,7.616185000000001,2.53820525,1.4253247500000001,1.68323225,14.0,1.0,maintenance_burst,-0.049021250000000016,-2.835788215639362,5.077979750000001,66.67353471587153,-0.25790749999999996,-18.094648254722298
409,1.74277525,1.8923055,2.4897915,2.6943259999999998,1.2473857499999998,1.41008425,37.0,7.0,maintenance_burst,-0.14953024999999998,-8.580007663064986,-0.20453449999999984,-8.214924824026422,-0.16269850000000008,-13.043158461606613
410,2.15619225,1.94887875,2.91279675,2.825727,1.4078935,1.04154175,37.0,6.0,maintenance_burst,0.20731350000000015,9.61479663977088,0.08706974999999995,2.989214746960973,0.36635175,26.02126865419863
411,1.7252335,1.84006975,2.75666775,2.64341025,1.279955,1.06970225,23.0,9.0,maintenance_burst,-0.11483624999999997,-6.656272904508286,0.11325750000000001,4.108492944062628,0.21025275,16.42657359047779
412,6.223577,1.5873647499999999,11.5411815,2.415397,1.23799425,1.46953425,14.0,6.0,maintenance_burst,4.63621225,74.49433420683957,9.1257845,79.07149281033315,-0.23153999999999986,-18.702833232060637
413,6.1709274999999995,1.516781,7.05387225,2.2914645,5.78714925,1.20169675,8.0,2.0,maintenance_burst,4.6541464999999995,75.42053443343808,4.76240775,67.51480011563862,4.5854525,79.23508280005046
414,1.9975325000000002,2.0521775,2.891777,3.04518,1.4916075,1.9343697499999999,15.0,4.0,maintenance_burst,-0.05464499999999983,-2.7356250774392823,-0.1534030000000004,-5.304800473895477,-0.4427622499999999,-29.68356286757742
415,1.9081625,2.07298675,2.7324640000000002,2.955208,1.6199215,1.7451685000000001,41.0,7.0,maintenance_burst,-0.16482425000000012,-8.637851860101021,-0.2227439999999996,-8.151763390112352,-0.1252470000000001,-7.731670948252745
416,1.56755,1.6538555,2.3944075,2.52775675,1.1879515,1.1103765,4.0,1.0,maintenance_burst,-0.08630549999999992,-5.5057573921087,-0.1333492500000002,-5.569196137248994,0.07757499999999995,6.5301487476550975
417,1.56017425,1.72128475,2.37463225,2.55336025,6.265032250000001,1.3190089999999999,1.0,1.0,maintenance_burst,-0.16111049999999993,-10.326442703435204,-0.178728,-7.526554901290504,4.946023250000001,78.94649305276921
418,1.93285725,2.1319885,8.20300225,8.19990975,1.052048,1.3566337499999999,58.0,10.0,maintenance_burst,-0.19913124999999976,-10.302429214573387,0.0030925000000010527,0.03769961174886978,-0.30458574999999977,-28.951697070856056
419,1.75672075,1.7899512499999999,2.7985984999999998,2.71011725,1.5553615,1.1637245,9.0,1.0,maintenance_burst,-0.03323049999999994,-1.891621078648951,0.08848124999999962,3.1616271501610407,0.391637,25.179805466446222
420,2.10797925,2.09098925,3.0052385,2.99391125,1.1395175,1.26082375,74.0,11.0,maintenance_burst,0.016990000000000283,0.8059851632790163,0.0113272499999999,0.3769168403772246,-0.12130624999999995,-10.645404743674401
421,1.875733,1.897421,7.04584,2.9443817500000002,1.20275625,1.425956,7.0,2.0,maintenance_burst,-0.02168799999999993,-1.1562413200599408,4.10145825,58.2110614206397,-0.22319975000000003,-18.557355241346702
422,1.986859,1.90424425,2.856078,2.9573525,1.06277925,1.10954525,7.0,3.0,maintenance_burst,0.08261474999999985,4.15805802022186,-0.10127449999999971,-3.545929067763545,-0.046766000000000085,-4.400349367001669
423,6.512123,6.50135925,7.30548525,11.261541249999999,1.192498,1.188785,3.0,2.0,maintenance_burst,0.010763749999999739,0.16528787923692073,-3.9560559999999985,-54.151858016549944,0.0037130000000000773,0.31136320564060294
424,1.8147765,1.7860525,2.5867459999999998,2.70566825,1.31447975,1.738368,83.0,17.0,maintenance_burst,0.028723999999999972,1.5827844365408066,-0.11892225000000023,-4.597368663177607,-0.42388824999999986,-32.247605944481066
425,2.49958175,2.1489015,3.224748,2.89359975,1.2920962500000002,1.25014525,103.0,14.0,maintenance_burst,0.3506802499999999,14.02955714491034,0.33114825000000003,10.268965202862365,0.04195100000000007,3.2467395521038056
426,1.90346275,1.846171,2.6183965,2.55468975,1.3817665,1.03580625,104.0,13.0,maintenance_burst,0.057291750000000086,3.009869775492065,0.0637067499999997,2.4330444224165326,0.34596024999999986,25.037533476169806
427,2.01305125,2.031153,2.799823,2.8153965,1.43749825,1.3271165,18.0,2.0,maintenance_burst,-0.018101750000000028,-0.8992195305509497,-0.015573499999999907,-0.5562315903541012,0.11038174999999995,7.678739782813645
428,7.771487250000001,2.22393725,8.55555225,3.1536549999999997,1.37192925,1.37193175,104.0,15.0,maintenance_burst,5.547550000000001,71.38337645731839,5.40189725,63.139083160879544,-2.4999999999053557e-06,-0.00018222514024723619
429,4.068751499999999,2.082641,4.7988055,2.81945075,1.4472257499999999,1.7524245,51.0,8.0,maintenance_burst,1.9861104999999992,48.8137577337913,1.9793547500000002,41.24682173511721,-0.3051987500000002,-21.08853784559874
430,1.6643462500000001,1.78474075,2.42390725,2.51559575,1.1231585,1.23694525,21.0,3.0,maintenance_burst,-0.12039449999999996,-7.233741176152495,-0.09168850000000006,-3.7826736150898537,-0.11378675000000005,-10.13096103533028
431,1.643978,1.9059892500000002,2.3767335000000003,2.63107325,1.15069,1.27328775,20.0,3.0,maintenance_burst,-0.26201125000000025,-15.937637243320792,-0.25433974999999975,-10.70123133283558,-0.12259774999999995,-10.654281344236932
432,1.5518135,1.61064275,2.27140375,2.32184025,1.4412865,1.092419,9.0,1.0,maintenance_burst,-0.058829250000000055,-3.7910000138547613,-0.050436499999999995,-2.2204991076553426,0.3488674999999999,24.205284653675722
433,1.41904775,1.9197195,2.2772229999999998,2.853141,1.1544732500000001,5.675786250000001,3.0,1.0,maintenance_burst,-0.50067175,-35.28223416019651,-0.5759180000000002,-25.29036462393012,-4.521313000000001,-391.634279962745
434,2.782374,3.230264,3.5970257500000002,4.477234,1.84844225,1.57531675,116.0,18.0,maintenance_burst,-0.4478900000000001,-16.097404590468432,-0.8802082499999999,-24.470446173480962,0.2731254999999999,14.775982317002326
435,2.32838025,2.09717825,3.23036525,3.19213375,1.55341625,1.53303525,39.0,11.0,maintenance_burst,0.23120200000000013,9.929735488866138,0.038231500000000196,1.1835039396860834,0.020380999999999982,1.3120115101152048
436,1.8502,2.0733945,2.8175575,3.02210125,1.44049275,1.30580175,54.0,9.0,maintenance_burst,-0.22319449999999996,-12.063263430980433,-0.20454375000000002,-7.259612270557035,0.1346909999999999,9.35034209648052
437,1.721373,2.02083025,2.70971425,2.9257530000000003,1.292767,1.15637825,9.0,2.0,maintenance_burst,-0.2994572499999999,-17.39641844039612,-0.21603875000000006,-7.972750263242703,0.13638875000000006,10.550141672861393
438,2.161941,1.77718675,3.1016065,2.77591175,1.1945885,6.2643185,9.0,2.0,maintenance_burst,0.3847542500000001,17.796704442905707,0.3256947499999998,10.500840451553085,-5.06973,-424.39132805982973
439,2.08365025,5.74741425,3.13418625,6.78759725,2.8375555,1.402418,12.0,3.0,maintenance_burst,-3.6637640000000005,-175.83392414345934,-3.653411,-116.56649313677515,1.4351375000000002,50.57654378918756
440,2.16923475,2.26550025,3.11354,3.22841625,1.52725175,1.66392575,72.0,10.0,maintenance_burst,-0.09626549999999989,-4.437763132828288,-0.11487625000000001,-3.689570392543536,-0.13667399999999996,-8.949015772939855
441,1.5501209999999999,11.30367525,2.49528275,12.37573325,1.40067225,1.41969125,1.0,1.0,maintenance_burst,-9.75355425,-629.2124453510404,-9.8804505,-395.96516667299534,-0.01901900000000012,-1.3578479904917171
442,2.0263887499999997,2.832808,2.8896935,3.76952675,1.49514825,1.60832675,114.0,17.0,maintenance_burst,-0.8064192500000003,-39.7958807262427,-0.8798332499999999,-30.447286191424798,-0.11317850000000007,-7.569717584861573
443,2.41309575,1.497021,3.3536217500000003,8.19698525,28.091714,1.2908845,12.0,2.0,maintenance_burst,0.9160747500000002,37.96263575533628,-4.843363499999999,-144.4218776312504,26.8008295,95.40474995580547
444,1.8385974999999999,1.74996325,2.6989805,2.56334025,1.6036697500000001,1.6899825000000002,12.0,7.0,maintenance_burst,0.08863424999999991,4.820753318766067,0.1356402499999998,5.025610596297373,-0.08631275000000005,-5.382202289467645
445,2.03680425,1.6967005,3.0705400000000003,2.68186725,1.5719865,1.372317,32.0,3.0,maintenance_burst,0.3401037499999999,16.697910464395388,0.38867275000000046,12.658123652517162,0.19966949999999994,12.701731217157395
446,1.95257975,1.87214575,2.88028475,4.16158675,1.25518,1.342938,20.0,8.0,maintenance_burst,0.0804339999999999,4.119370796506514,-1.2813019999999997,-44.48525445270645,-0.087758,-6.991666533883587
447,1.429699,1.50490575,2.253705,2.30511,1.237451,1.1578835,3.0,2.0,maintenance_burst,-0.07520674999999999,-5.260320529006454,-0.05140499999999992,-2.2809107669371067,0.07956750000000001,6.429951569799532
448,1.57647625,6.54538825,2.430632,7.444275,1.24820975,3.8129584999999997,9.0,1.0,maintenance_burst,-4.968912,-315.19104712170576,-5.013643,-206.269110256098,-2.5647487499999997,-205.47418012076895
449,3.4123215,2.6201415,4.26655275,3.4998265,1.39122575,1.2505085,72.0,10.0,maintenance_burst,0.7921800000000001,23.215280271803234,0.7667262499999996,17.970626286057275,0.14071725000000002,10.114623740970867
450,1.894597,1.57872425,2.80949025,2.56753675,0.9925055,1.2204852499999999,5.0,1.0,maintenance_burst,0.31587275000000004,16.67229231335213,0.24195350000000015,8.612007106983203,-0.22797974999999981,-22.97012459880573
451,1.83959125,1.7193395,2.67838675,2.51285675,1.43395025,1.04936175,26.0,3.0,maintenance_burst,0.12025174999999999,6.5368733407489295,0.16552999999999995,6.180212771736567,0.3845885,26.820212207501616
452,2.212355,1.6825735,7.50930325,2.43405025,1.41150675,1.36828825,38.0,6.0,maintenance_burst,0.5297815000000001,23.946495928546735,5.075253,67.58620381990832,0.04321850000000005,3.0618698777033866
453,1.8863067500000001,1.5844182500000001,2.771017,6.72453175,1.72260975,1.23455625,1.0,1.0,maintenance_burst,0.3018885,16.004210343837237,-3.9535147499999996,-142.67378186420362,0.4880534999999999,28.332215117208058
454,1.64378275,1.5110095000000001,2.446842,2.4610835,1.18983375,1.40096275,16.0,3.0,maintenance_burst,0.13277324999999984,8.077299144306012,-0.014241499999999796,-0.5820359467427727,-0.2111289999999999,-17.74441177181265
455,1.44181225,1.8372199999999999,2.265285,2.62888325,1.1858757500000001,1.53041375,3.0,2.0,maintenance_burst,-0.39540774999999995,-27.424357783060866,-0.3635982499999999,-16.05088322219941,-0.3445379999999998,-29.053465339855357
456,1.63934125,3.6117555,2.45982125,4.50804325,1.32122275,1.37462075,5.0,1.0,maintenance_burst,-1.9724142500000001,-120.3174903333885,-2.048222,-83.2671073152165,-0.05339800000000006,-4.041559229887621
457,1.52761725,1.55826325,2.33977225,2.34541575,1.28929225,1.10812575,21.0,9.0,maintenance_burst,-0.03064599999999995,-2.006130789633329,-0.00564349999999969,-0.24119868931686364,0.1811665,14.05162405963427
458,2.20499375,2.098345,2.9582977500000003,2.90305675,1.08447925,1.0938765,37.0,6.0,maintenance_burst,0.10664874999999974,4.8366917139787695,0.055241000000000096,1.8673238689378069,-0.009397249999999913,-0.8665218813545683
459,1.74339325,1.8510635,2.569451,2.7538785,1.441965,1.0081342500000001,6.0,2.0,maintenance_burst,-0.10767024999999997,-6.1759015070179935,-0.18442749999999997,-7.177700606082777,0.4338307499999998,30.086080452715557
460,1.787931,1.906585,2.9934535,2.815477,1.1170239999999998,1.09288475,11.0,2.0,maintenance_burst,-0.11865400000000004,-6.636385856053732,0.1779765000000002,5.945524124560484,0.024139249999999723,2.1610323502449122
461,1.594894,1.37511175,2.6999519999999997,2.200011,1.35484125,1.0885307499999999,6.0,2.0,maintenance_burst,0.21978224999999996,13.780367221896874,0.49994099999999975,18.516662518444765,0.2663105000000001,19.65621433507432
462,2.04364475,2.68587825,2.962056,8.19051825,1.5219485000000001,1.55259475,20.0,2.0,maintenance_burst,-0.6422335000000001,-31.4258874983042,-5.22846225,-176.51463206637553,-0.030646249999999764,-2.0136193833102607
463,2.17496825,1.8822732500000001,3.2212605,2.8892055,1.636271,1.41303125,8.0,2.0,maintenance_burst,0.2926949999999999,13.457437826965977,0.332055,10.308231824157033,0.22323975000000007,13.643201523464027
464,2.07287425,2.01249025,2.9484715,2.98056275,1.562305,1.59575725,106.0,16.0,maintenance_burst,0.06038399999999999,2.91305659279621,-0.03209124999999968,-1.0884029233451868,-0.03345224999999985,-2.141211223160641
465,2.67563275,1.63463675,3.59172525,2.59035275,1.40640375,1.20491425,9.0,3.0,maintenance_burst,1.040996,38.90653528590574,1.0013725,27.879986087465902,0.20148949999999988,14.32657584992929
466,2.27666975,2.1117429999999997,3.0974055,2.9783805,7.01210425,1.31698625,74.0,11.0,maintenance_burst,0.16492675000000023,7.2442105404176536,0.11902499999999971,3.8427322480056203,5.695118,81.21838747619874
467,5.98095775,1.838262,6.7583465,2.61862675,1.394323,1.38766775,19.0,2.0,maintenance_burst,4.14269575,69.26475529776147,4.13971975,61.25344046801981,0.00665524999999989,0.4773104940533786
468,1.528756,1.726265,2.2375355,2.45163475,1.146338,1.50052075,20.0,3.0,maintenance_burst,-0.19750899999999993,-12.919589522461397,-0.2140992500000003,-9.568529750701176,-0.3541827499999999,-30.896886433146232
469,1.979921,1.9002430000000001,2.7009784999999997,2.6078605,1.20632625,1.26542325,106.0,16.0,maintenance_burst,0.07967799999999992,4.02430197972545,0.09311799999999959,3.4475653915793703,-0.059096999999999955,-4.8989234877380765
470,2.0243205,2.85795625,2.8169315,3.75286175,1.28858825,1.2874615,32.0,5.0,maintenance_burst,-0.83363575,-41.18101604958306,-0.9359302500000002,-33.22516894713273,0.0011267500000000652,0.08744065453026327
471,2.00040175,3.141004,2.73508025,4.297572000000001,1.264489,29.225816249999998,104.0,14.0,maintenance_burst,-1.1406022500000002,-57.018658876898115,-1.5624917500000004,-57.127821020973705,-27.961327249999997,-2211.2748509476946
472,5.79964375,1.6698697500000002,6.952844499999999,2.85806375,1.1714085,1.4797622499999998,3.0,2.0,maintenance_burst,4.129774,71.20737372877429,4.09478075,58.89360462469713,-0.30835374999999976,-26.323332125385786
473,1.8818727499999999,1.8793965,3.45710925,2.61994875,1.23312175,1.33920225,11.0,2.0,maintenance_burst,0.0024762499999999577,0.131584348622932,0.8371605,24.215621765496707,-0.10608050000000002,-8.602597432086492
474,1.476978,1.5985445,2.26019475,2.4339975000000003,1.16317625,1.360269,4.0,1.0,maintenance_burst,-0.12156650000000013,-8.230759022815516,-0.17380275000000012,-7.689724524844601,-0.19709274999999993,-16.944358174438303
475,7.3320555,1.58242525,9.286747,2.317654,1.57146325,1.318168,32.0,4.0,maintenance_burst,5.74963025,78.41771315015278,6.969093,75.04342478588035,0.2532952500000001,16.118432931855075
476,1.68172725,1.602588,2.5486055000000003,4.69345625,1.111493,1.3923,14.0,6.0,maintenance_burst,0.0791392500000001,4.705831459887452,-2.1448507499999994,-84.15781689241427,-0.28080700000000003,-25.263946781491203
477,1.6615795,1.71478025,2.482095,2.6914540000000002,1.374746,1.1150660000000001,9.0,1.0,maintenance_burst,-0.05320075000000002,-3.2018179088030405,-0.20935900000000007,-8.434769821461309,0.2596799999999999,18.889307552085977
478,1.90690275,1.9615505,3.09342925,3.071351,1.28045575,1.7605140000000001,49.0,6.0,maintenance_burst,-0.054647749999999995,-2.865785892856885,0.022078249999999855,0.7137143996423987,-0.48005825000000013,-37.49120186308665
479,1.6597244999999998,1.6528965,5.15363425,2.4194755,1.559768,1.078816,22.0,4.0,maintenance_burst,0.006827999999999834,0.411393577669055,2.7341587499999997,53.05302272857256,0.48095200000000005,30.83484210472327
480,1.68788975,1.7367987500000002,2.425983,2.43266275,1.12206925,1.16872175,72.0,10.0,window_drift,-0.04890900000000009,-2.8976418631607954,-0.006679749999999984,-0.27534199538908494,-0.046652499999999986,-4.157720212010086
481,1.89054825,5.10272675,2.6054837500000003,5.83494425,1.298984,1.3803345,110.0,15.0,window_drift,-3.2121785000000003,-169.90724780496876,-3.2294605,-123.94859495861373,-0.0813505000000001,-6.26262525173521
482,7.4919295,1.77241975,8.4486035,2.44996925,0.99143875,1.26108425,11.0,3.0,window_drift,5.71950975,76.34227938210043,5.99863425,71.00148858920885,-0.26964549999999987,-27.19739368670025
483,1.59894525,1.53299775,2.2908685,2.2491255,1.014321,1.0967182500000001,37.0,6.0,window_drift,0.06594750000000005,4.124437656636464,0.04174300000000031,1.822147364634867,-0.08239725000000009,-8.12338993277277
484,1.9294675,1.68154,2.6608405,2.36055425,0.9921225,1.0428115,34.0,6.0,window_drift,0.24792749999999986,12.849529727761668,0.3002862500000001,11.285390837970187,-0.050688999999999984,-5.109147307918123
485,6.8652695,2.0770352499999998,7.6746082499999995,2.802485,1.2663997500000002,1.3509422500000001,144.0,19.0,window_drift,4.78823425,69.74575797789147,4.87212325,63.483673580342035,-0.08454249999999996,-6.675814646994359
486,4.89087075,1.739442,5.6658735,2.477856,1.30860625,1.1746035,65.0,9.0,window_drift,3.1514287500000004,64.43492194104701,3.1880175,56.26700807916025,0.13400275000000006,10.240112333255329
487,2.25432825,2.08547025,3.020046,2.8021115,1.15466325,1.19021925,54.0,9.0,window_drift,0.16885799999999973,7.4903909845427235,0.2179344999999997,7.216264255577555,-0.03555599999999992,-3.079339365828082
488,2.0677659999999998,1.92229625,2.9322109999999997,2.7606665,1.4138725,1.498335,65.0,9.0,window_drift,0.14546974999999973,7.035116642792257,0.17154449999999954,5.850346376846672,-0.08446249999999988,-5.973841347080439
489,2.630517,3.439197,3.4472395000000002,4.205801,1.6745317499999999,1.29160275,142.0,18.0,window_drift,-0.8086799999999998,-30.742245725840196,-0.7585614999999999,-22.004896961757364,0.38292899999999985,22.867825587660544
490,1.7423015,2.00910975,2.4887955,2.97954,1.174556,1.1353062500000002,26.0,3.0,window_drift,-0.26680824999999997,-15.313552218143645,-0.4907444999999999,-19.718152817296556,0.03924974999999975,3.3416669788413453
491,2.06569075,5.91438425,2.859571,6.91656475,1.4108702499999999,1.143837,33.0,5.0,window_drift,-3.8486935000000004,-186.31508612796958,-4.05699375,-141.8742094530963,0.2670332499999999,18.926846745829383
492,2.10906925,1.77877475,2.9917332500000002,2.79335575,1.1887825,1.45046075,37.0,5.0,window_drift,0.33029450000000016,15.660675911898112,0.19837750000000032,6.630855207428681,-0.2616782499999999,-22.012289884819122
493,8.8533355,3.2060645,9.79205925,4.847196,3.38981475,1.499357,291.0,39.0,window_drift,5.647271,63.78693092563813,4.944863249999999,50.49870638803579,1.8904577500000002,55.76876288003644
494,1.78698925,1.7651540000000001,2.520671,2.5964005,1.28500275,1.33394675,11.0,3.0,window_drift,0.02183524999999986,1.2219015867051166,-0.0757295,-3.004338924040464,-0.048943999999999876,-3.8088634440665494
495,2.14070175,1.86347225,3.25094275,2.6836575,1.25380075,1.32451,32.0,10.0,window_drift,0.2772294999999998,12.950402829352562,0.5672852500000003,17.449868964933337,-0.07070925000000017,-5.6395922557870675
496,1.6452395,2.043527,2.46152925,8.49847125,1.28659775,0.99308125,20.0,3.0,window_drift,-0.3982875000000001,-24.208481500717685,-6.036942,-245.2516865277957,0.29351650000000007,22.813385146989418
497,5.938533,1.696968,6.717606249999999,2.47299625,1.29059125,1.21709525,38.0,6.0,window_drift,4.241565,71.42445785853172,4.24461,63.18634707117584,0.073496,5.6947542453894675
498,3.61348075,3.2886670000000002,4.362826,4.10244,1.3093394999999999,1.2142935000000001,107.0,16.0,window_drift,0.3248137499999997,8.988943693694777,0.26038600000000045,5.968287527396244,0.09504599999999974,7.259079864313248
499,2.8999895,2.7315275,3.85048375,3.65916,1.318045,1.4021225,73.0,10.0,window_drift,0.16846200000000033,5.809055515545842,0.19132375000000001,4.968823722473833,-0.08407750000000003,-6.378955195004726
500,1.58457275,2.30788425,2.4272442499999998,3.15853775,1.3080625000000001,1.160259,38.0,6.0,window_drift,-0.7233114999999999,-45.64709950994676,-0.7312935,-30.1285501036824,0.1478035000000002,11.299421854842578
501,2.21362425,1.77219925,2.99792975,2.59269,1.25540525,1.31978775,40.0,5.0,window_drift,0.4414250000000002,19.941279555462053,0.4052397499999998,13.517319743733148,-0.06438250000000001,-5.128423670364611
502,1.57914275,6.514053499999999,2.3545872500000002,7.4493425,1.23902825,4.79274625,21.0,3.0,window_drift,-4.934910749999999,-312.50567752662,-5.09475525,-216.37572572432813,-3.5537180000000004,-286.81492936097305
503,1.726167,1.9705545,2.636123,3.2409072500000002,1.13938,1.614273,22.0,6.0,window_drift,-0.24438749999999998,-14.15781323591518,-0.6047842500000002,-22.94218630921244,-0.474893,-41.67994874405378
504,1.7648555,2.1896430000000002,3.56183,3.122478,6.792592249999999,1.1139489999999999,34.0,6.0,window_drift,-0.4247875000000003,-24.069250995336464,0.43935199999999996,12.335007566335282,5.6786432499999995,83.60053188824928
505,1.770557,1.79537675,2.671484,2.66006175,1.2720235,1.2004920000000001,19.0,5.0,window_drift,-0.02481975000000003,-1.4018046298424751,0.011422249999999856,0.4275619842754011,0.07153149999999986,5.62344170528295
506,1.9849935,6.17060925,2.95225575,7.106288,1.2658465,1.1993084999999999,37.0,5.0,window_drift,-4.18561575,-210.8629448912553,-4.15403225,-140.7070593392866,0.06653800000000021,5.256403521280045
507,6.565809,1.837345,7.47646075,7.88586,1.29996025,1.08547625,66.0,9.0,window_drift,4.728464,72.01647199910933,-0.4093992499999999,-5.475842964868101,0.21448400000000012,16.49927372779284
508,1.8045559999999998,1.67321475,2.7252152499999998,2.491497,1.1483315,1.19967625,27.0,3.0,window_drift,0.13134124999999974,7.27831388995408,0.2337182499999999,8.57613907745452,-0.05134474999999994,-4.471248067304601
509,2.13338825,1.70419375,3.0173467499999997,2.5930602499999997,1.344883,1.2385852499999999,39.0,5.0,window_drift,0.4291944999999999,20.11797430683327,0.4242865,14.061575786740455,0.10629775000000019,7.903865986855377
510,2.003494,2.03824125,2.89407075,2.897007,1.49946725,1.3266532500000001,72.0,10.0,window_drift,-0.03474725000000012,-1.734332620911274,-0.0029362499999998626,-0.10145743672644708,0.1728139999999998,11.525026638627807
511,1.73333275,1.98343625,2.612487,2.9418955,1.203472,1.17607825,20.0,3.0,window_drift,-0.25010350000000003,-14.429052932854354,-0.32940850000000044,-12.60900054239506,0.027393750000000106,2.2762266176529327
512,1.6474555,1.72749925,2.3787165,2.7113792500000002,1.0801505,1.4027482500000001,38.0,7.0,window_drift,-0.08004374999999997,-4.858628958414959,-0.33266275000000034,-13.984968364241825,-0.3225977500000001,-29.866000154608095
513,5.6752255,3.5043077499999997,6.44706475,4.32231225,1.2752255,1.340792,223.0,28.0,window_drift,2.17091775,38.252537278034154,2.1247524999999996,32.95689716781578,-0.06556650000000008,-5.14156123760073
514,2.51010275,2.68360725,3.3849702500000003,3.5163157500000004,1.57426775,1.34266,140.0,18.0,window_drift,-0.17350449999999995,-6.9122469189757245,-0.13134550000000011,-3.8802556684213134,0.23160775,14.712093924302268
515,2.19996575,2.0329515000000002,2.9922635,2.919366,1.19961875,1.255761,65.0,9.0,window_drift,0.1670142499999998,7.591675006758618,0.07289749999999984,2.4361992184177574,-0.05614224999999995,-4.6800077107831095
516,1.56515925,1.59993125,2.40468575,2.3111267499999997,1.72824275,1.1448732499999998,12.0,2.0,window_drift,-0.034772000000000025,-2.221626968629552,0.09355900000000039,3.8906954890051804,0.5833695000000001,33.75506710501173
517,3.77070625,3.7062935,4.63861075,4.61021025,1.4194185,6.1121757500000005,141.0,19.0,window_drift,0.0644127499999998,1.708240995967262,0.02840050000000005,0.6122630574251149,-4.6927572500000005,-330.6112503113071
518,2.01218725,1.58451575,2.96047825,2.45641625,1.2225982499999999,1.0544265,38.0,6.0,window_drift,0.4276715000000002,21.25406072421939,0.5040619999999998,17.02637065480889,0.16817174999999995,13.755274882816163
519,1.64513225,6.6809407499999995,2.59446275,7.661485750000001,1.5239065,1.3992105,36.0,6.0,window_drift,-5.0358085,-306.1035670536518,-5.067023000000001,-195.30143572113343,0.12469600000000014,8.182654250769332
520,1.5414255,1.61235275,2.4079105,2.57894675,1.0983654999999999,1.3274895,37.0,6.0,window_drift,-0.07092725,-4.601406295665927,-0.17103625000000022,-7.103098308678842,-0.2291240000000001,-20.86045127965146
521,1.47929925,3.4007515,2.29827,4.25518075,0.954984,1.0839815,16.0,2.0,window_drift,-1.9214522500000002,-129.88935470629085,-1.95691075,-85.14712153054255,-0.12899749999999988,-13.507817932028166
522,1.7087457499999998,2.0836377500000003,2.48854025,2.895165,1.1408075,1.297156,32.0,5.0,window_drift,-0.37489200000000045,-21.939601020222025,-0.4066247500000002,-16.33989042371327,-0.1563485,-13.705072941753977
523,2.10723375,1.81121575,3.03225675,2.58528125,1.65394775,1.409203,38.0,6.0,window_drift,0.2960179999999999,14.047705908279038,0.4469755000000002,14.740687773223694,0.24474474999999996,14.797610746772378
524,1.96251675,1.727775,8.4764405,2.86940575,1.35134275,1.51119725,38.0,5.0,window_drift,0.23474174999999997,11.961260967581548,5.60703475,66.14845877818644,-0.1598545,-11.829308293547289
525,2.418674,2.1753212499999997,8.86132975,3.01760725,1.29075375,1.27336525,71.0,10.0,window_drift,0.24335275000000056,10.061411748751611,5.843722499999999,65.94633835852909,0.01738850000000003,1.3471585885379012
526,2.051216,2.1449455,3.10386775,3.27982875,1.47882575,1.385069,65.0,9.0,window_drift,-0.0937294999999998,-4.569460261620414,-0.17596100000000003,-5.669088188438442,0.09375674999999983,6.339945730590628
527,2.4105420000000004,1.796223,3.3312264999999996,2.9203905,1.13409475,1.357868,16.0,3.0,window_drift,0.6143190000000005,25.48468352760501,0.41083599999999976,12.332874993639724,-0.22377325000000003,-19.73144219210961
528,1.6746945,1.658012,2.412332,2.446296,1.073611,1.059302,20.0,6.0,window_drift,0.016682499999999933,0.996151835454164,-0.03396399999999966,-1.407932241499083,0.014309000000000127,1.3327918585036969
529,1.871855,1.86166475,2.62891975,2.63986375,1.17310875,1.064965,56.0,8.0,window_drift,0.010190249999999956,0.544393128741273,-0.010943999999999843,-0.41629266165313117,0.10814374999999998,9.21856136526132
530,1.8080107500000002,6.61794225,2.58602225,7.4621125,0.99760575,1.0515245,38.0,4.0,window_drift,-4.809931499999999,-266.03445250532934,-4.87609025,-188.5556185759809,-0.053918750000000015,-5.404815479461703
531,6.1722795,1.5323545,7.041446,2.26091075,1.11682075,1.07508325,19.0,3.0,window_drift,4.639925,75.17360482460329,4.78053525,67.89138551939473,0.04173749999999998,3.737170893359564
532,1.984415,1.9371565,2.7131060000000002,7.779553999999999,1.424614,1.2403024999999999,75.0,9.0,window_drift,0.04725850000000009,2.381482703970696,-5.066447999999999,-186.7397735289369,0.18431150000000018,12.937644863801715
533,1.9754040000000002,1.7367555000000001,2.69769575,2.468933,1.2176935,1.284377,74.0,14.0,window_drift,0.23864850000000004,12.080997102364885,0.22876275000000001,8.479931437783524,-0.06668350000000012,-5.476213841988983
534,1.82579525,1.83255175,2.5988445,2.6568445,1.432491,1.306533,42.0,12.0,window_drift,-0.006756499999999832,-0.3700579240744455,-0.058000000000000274,-2.2317610768939917,0.12595800000000001,8.792934824721412
535,2.17980775,2.23072525,2.9343965,3.0424497500000003,1.43977925,1.30682325,140.0,18.0,window_drift,-0.05091749999999973,-2.3358711335896354,-0.10805325000000021,-3.6822988985980665,0.13295599999999985,9.234471187162884
536,1.62857975,7.8014395,2.526615,8.69548525,1.20032475,1.5899515,19.0,2.0,window_drift,-6.17285975,-379.03331107979204,-6.168870250000001,-244.15553022522232,-0.3896267499999999,-32.46011131570851
537,2.551277,2.65092575,3.41128125,3.466428,1.8524907499999999,2.00099475,140.0,19.0,window_drift,-0.09964875000000006,-3.905838135177014,-0.05514675000000002,-1.6165993349273098,-0.14850399999999997,-8.01645028456957
538,1.97076475,2.02456325,2.9757552499999997,2.95069475,1.5226595,1.2569705,72.0,10.0,window_drift,-0.05379849999999986,-2.729828610949118,0.02506049999999993,0.8421559535180164,0.26568900000000006,17.449009446957778
539,2.044063,1.89839025,2.85347525,2.7217587500000002,1.29982775,1.42545975,22.0,6.0,window_drift,0.1456727499999999,7.126627212566341,0.13171649999999957,4.6160028898095256,-0.12563199999999997,-9.665280649686082
540,4.063158,3.415241,4.9393424999999995,4.2960725,1.6773435,1.659971,146.0,20.0,window_drift,0.6479169999999996,15.94614336927089,0.6432699999999993,13.023393295767594,0.017372500000000013,1.0357151054628948
541,1.931761,1.66237075,2.804533,2.48453125,1.38054225,1.4631747499999999,21.0,4.0,window_drift,0.26939025000000005,13.945319840290804,0.3200017500000003,11.410161691803957,-0.08263249999999989,-5.985510403611326
542,3.724033,1.906673,4.60546525,2.780724,1.14085,1.2590762500000001,40.0,6.0,window_drift,1.8173599999999999,48.800856490799084,1.8247412499999998,39.62121416506182,-0.1182262500000002,-10.36299688828507
543,2.3481502499999998,2.02238,3.1599465,2.8313135000000003,1.5723145,1.30582925,141.0,19.0,window_drift,0.3257702499999997,13.873484032804107,0.32863299999999995,10.399954556192641,0.2664852500000001,16.9485971159078
544,2.51558575,2.5389410000000003,3.64724925,3.7710265,1.5550835,1.23845,222.0,28.0,window_drift,-0.02335525000000027,-0.9284219391050482,-0.12377724999999984,-3.3937151402526116,0.3166335,20.361189608146443
545,2.00307075,1.8766475,2.83887725,2.673372,1.563183,1.5905545,38.0,6.0,window_drift,0.12642325,6.311472023641701,0.16550524999999983,5.829954430048,-0.027371500000000104,-1.7510105982473008
546,2.3852285,2.47866975,3.16377575,3.2968545000000002,1.5790852499999999,1.7560599999999997,107.0,15.0,window_drift,-0.0934412499999997,-3.9174967932841525,-0.13307875000000013,-4.20632688647418,-0.17697474999999985,-11.207422145194494
547,1.775632,1.79534975,2.5492695000000003,2.57271225,1.10983025,1.1450814999999999,10.0,1.0,window_drift,-0.019717749999999867,-1.1104637672670838,-0.023442749999999624,-0.9195869640302691,-0.035251249999999956,-3.176274029294116
548,2.9979880000000003,2.64483375,3.7380165,3.413616,1.55363375,1.7696205,207.0,27.0,window_drift,0.3531542500000002,11.779708591228522,0.32440049999999987,8.678412735738322,-0.21598675000000012,-13.902037722854574
549,1.5203985,1.546774,2.2135439999999997,2.30225775,1.2536982499999998,1.14099775,21.0,3.0,window_drift,-0.026375500000000107,-1.7347754552507193,-0.08871375000000015,-4.007769892986096,0.11270049999999987,8.989443831480173
550,2.1557465000000002,2.29686,2.8841505,3.1993644999999997,1.38408025,1.23843975,78.0,9.0,window_drift,-0.1411134999999999,-6.545922723288656,-0.31521399999999966,-10.9291800133176,0.14564050000000006,10.522547373969108
551,3.6014225,2.45352675,4.790465,3.26186375,5.074645,1.4839357499999999,223.0,28.0,window_drift,1.14789575,31.873398636233322,1.5286012500000004,31.90924576215462,3.5907092500000006,70.75784118889105
552,2.294677,2.158814,3.118304,3.0698309999999998,1.65955625,1.5362275,146.0,23.0,window_drift,0.13586300000000007,5.9207897233466875,0.04847300000000043,1.554466787074013,0.12332874999999999,7.431429335402158
553,4.73144275,1.7199905,5.4920205,2.6339069999999998,1.2250450000000002,1.36906725,21.0,3.0,window_drift,3.0114522500000005,63.64765271649964,2.8581135,52.041202322533216,-0.1440222499999999,-11.756486496414409
554,2.048517,2.2373779999999996,8.41788425,6.48665,1.68661,1.2549972500000002,72.0,11.0,window_drift,-0.18886099999999972,-9.219401157032122,1.9312342500000002,22.942038553214843,0.43161274999999977,25.59054849668861
555,2.32600375,3.11699275,3.2587444999999997,4.10912475,1.38305625,1.1754795,221.0,25.0,window_drift,-0.7909890000000002,-34.0063510215751,-0.8503802500000006,-26.09533364766709,0.2075767500000001,15.008554424304874
556,1.623149,1.56304025,2.5098219999999998,3.47410475,1.2841265,1.2304104999999999,21.0,3.0,window_drift,0.06010874999999993,3.703218250450201,-0.9642827500000002,-38.42036407362754,0.0537160000000001,4.1830769787867546
557,1.732324,2.18052675,2.51653225,2.97034575,1.1085509999999998,1.12656825,65.0,9.0,window_drift,-0.44820274999999987,-25.872916960106764,-0.45381349999999987,-18.033287671954128,-0.018017250000000207,-1.625297347618667
558,2.2282035000000002,6.36000325,6.22108325,8.01195575,2.242673,1.17476125,16.0,2.0,window_drift,-4.13179975,-185.43188492433478,-1.7908724999999999,-28.787148926193836,1.06791175,47.617809194652985
559,7.3252575,2.03801875,8.178772500000001,2.8380859999999997,1.40414275,1.32636775,73.0,10.0,window_drift,5.28723875,72.17819646613106,5.340686500000001,65.29936491081028,0.07777500000000015,5.538966746792671
560,1.83303175,1.9475514999999999,2.58173125,2.88386025,1.2930925,1.34491075,70.0,12.0,window_drift,-0.11451974999999992,-6.247559541726428,-0.3021290000000003,-11.702573612183699,-0.051818249999999955,-4.0073119285743255
561,1.8732220000000002,1.801694,2.656068,2.55347575,1.10784775,1.48320275,74.0,11.0,window_drift,0.07152800000000026,3.8184475732187777,0.10259224999999983,3.8625611241880793,-0.3753550000000001,-33.881460697103925
562,3.023471,3.244478,3.76630425,4.0624145,1.55865125,1.35664875,220.0,26.0,window_drift,-0.22100700000000018,-7.309711255705783,-0.2961102499999999,-7.862090536100473,0.20200250000000008,12.960083277128227
563,3.77614625,3.3359437499999998,4.59181475,4.117608000000001,1.54394675,1.45241625,217.0,29.0,window_drift,0.4402025000000003,11.657453680455312,0.47420674999999957,10.327218666650252,0.09153049999999996,5.928345650521948
564,1.516052,1.5742150000000001,2.5190064999999997,2.362677,1.11009075,1.352144,17.0,3.0,window_drift,-0.05816300000000019,-3.8364779044518387,0.15632949999999957,6.205998277495496,-0.2420532500000001,-21.80481640802791
565,1.686778,2.03911525,2.53210275,2.79780975,1.090098,1.0973264999999999,22.0,6.0,window_drift,-0.35233724999999994,-20.888181491577427,-0.2657069999999999,-10.493531512494899,-0.00722849999999986,-0.6631055189533289
566,3.81298975,3.7722154999999997,4.65749875,4.567235,1.8926815000000001,1.48672,287.0,38.0,window_drift,0.04077425000000012,1.0693511567923866,0.09026375000000009,1.938030579181585,0.4059615000000001,21.449012948031672
567,2.20734475,2.1781005,3.200719,2.9889817499999998,1.44976425,1.6494490000000002,71.0,10.0,window_drift,0.02924424999999964,1.3248610123090034,0.2117372500000001,6.615302686677591,-0.19968475000000008,-13.77360146658328
568,2.11936925,2.216118,7.573179250000001,3.10639375,1.3098405,1.29421925,38.0,7.0,window_drift,-0.09674874999999972,-4.564978471778796,4.4667855,58.98164235317684,0.01562124999999992,1.1926070387959389
569,3.2033880000000003,3.1517867500000003,4.07031125,3.94580575,1.5702165,1.2887105,143.0,18.0,window_drift,0.05160125000000004,1.6108335924340116,0.12450549999999971,3.058869269518387,0.2815059999999998,17.927846255595956
570,3.3111385,2.212232,4.25823775,3.1194290000000002,1.47931625,1.3879735,146.0,20.0,window_drift,1.0989065,33.18817681591996,1.13880875,26.743662915486574,0.09134275000000014,6.17466008367042
571,2.2439925,2.8059075,3.20554675,9.097557,1.74772725,1.27377825,111.0,16.0,window_drift,-0.5619149999999999,-25.040859093780387,-5.89201025,-183.80671721602565,0.4739490000000002,27.11801855810168
572,2.2038245,2.11552075,3.02567925,2.9427815,1.4702155000000001,1.290163,72.0,10.0,window_drift,0.08830375000000013,4.006841288859441,0.08289774999999988,2.739806276557566,0.18005250000000017,12.246674042002697
573,2.06188,2.49357525,2.83114825,3.2915064999999997,1.376501,1.25752375,74.0,9.0,window_drift,-0.4316952500000002,-20.9369725687237,-0.46035824999999964,-16.26047841189523,0.11897724999999992,8.643455398870028
574,1.9918495,2.07289375,2.72699275,2.7979779999999996,1.28343525,1.28153,70.0,11.0,window_drift,-0.08104424999999993,-4.068793852145954,-0.07098524999999967,-2.6030597257730026,0.0019052499999998584,0.14844924977710083
575,2.08310425,2.30370775,2.80876,3.02567575,1.285138,1.8515172500000001,54.0,9.0,window_drift,-0.22060350000000017,-10.590132490968715,-0.21691575000000007,-7.722829647246475,-0.5663792500000002,-44.07147325812483
576,5.679454,1.864018,6.5785985,2.65757075,1.25902575,1.3182535,32.0,9.0,window_drift,3.815436,67.17962677398215,3.92102775,59.602782416345974,-0.05922775000000002,-4.704252474582035
577,3.65358675,4.8743045,4.45363375,5.7895835,1.575099,6.650415,145.0,18.0,window_drift,-1.22071775,-33.41148940831909,-1.3359497500000002,-29.996848079391352,-5.075316,-322.22203175800377
578,2.44516175,2.263357,3.317062,3.22325075,1.852511,1.42748825,146.0,20.0,window_drift,0.18180474999999996,7.4352852117042945,0.0938112499999999,2.8281427962455905,0.4250227500000001,22.943062146459596
579,1.67084375,1.739993,2.57279725,2.66659675,1.1688295,1.37293075,11.0,3.0,window_drift,-0.06914924999999994,-4.138582677165351,-0.09379950000000026,-3.6458177961749714,-0.20410125000000012,-17.462020765218547
580,1.56518425,1.890348,2.42766275,2.7849304999999998,1.1756375000000001,1.278623,20.0,3.0,window_drift,-0.32516375,-20.774790571780926,-0.35726774999999966,-14.716531363345245,-0.10298549999999995,-8.759970654219515
581,1.57362925,1.5534935,2.43218975,2.41337125,1.0812045000000001,6.2055152499999995,19.0,2.0,window_drift,0.020135749999999897,1.2795739530133858,0.01881850000000007,0.7737266387213445,-5.124310749999999,-473.94463767030186
582,1.880213,6.90283075,2.75087625,7.8018255,1.4552597500000002,1.22254375,34.0,6.0,window_drift,-5.02261775,-267.1302533276815,-5.0509492499999995,-183.6123762382986,0.23271600000000014,15.99137198702844
583,1.85202775,1.85378025,2.61757275,2.6870725,1.295967,1.2141505000000001,31.0,9.0,window_drift,-0.0017525000000000457,-0.09462601194825757,-0.0694997500000003,-2.655122001862233,0.08181649999999996,6.3131622950275705
584,4.1018415,4.78353175,4.875077749999999,5.5992755,1.4931175,4.12626875,222.0,27.0,window_drift,-0.6816902499999999,-16.619127043304815,-0.724197750000001,-14.855101541713896,-2.63315125,-176.35258109291465
585,1.8754827499999998,1.88740875,2.58665325,3.01353375,1.1763810000000001,1.31458475,38.0,6.0,window_drift,-0.011926000000000325,-0.6358896129543354,-0.4268805000000002,-16.5031977131067,-0.13820374999999996,-11.74821337644861
586,2.1546025,2.28506975,7.845561,3.0772874999999997,1.4452924999999999,6.98448975,73.0,10.0,window_drift,-0.1304672499999997,-6.055281658681808,4.7682735,60.77670545165604,-5.53919725,-383.2578699467409
587,4.26929475,3.5520105,5.09070025,4.36613925,6.72264425,1.47965475,105.0,15.0,window_drift,0.7172842500000001,16.801000914729535,0.7245610000000005,14.23303208630287,5.2429895,77.98998883512243
588,2.38541125,2.34819025,3.18924925,3.1446745,1.611233,1.383935,144.0,20.0,window_drift,0.03722100000000017,1.5603598750529983,0.04457475000000022,1.3976565174390247,0.227298,14.107084450231595
589,1.8928517500000002,1.7357645,2.64282575,2.5337507500000003,1.32103975,1.193885,10.0,3.0,window_drift,0.15708725000000023,8.298972700846763,0.10907499999999981,4.127211186738278,0.12715474999999987,9.625353816946074
590,13.887237500000001,3.3005275000000003,14.8729975,4.17572325,1.69280925,1.32139775,288.0,37.0,window_drift,10.58671,76.23337614842404,10.69727425,71.92413129902026,0.3714115,21.940540554111458
591,2.1133105,2.0988059999999997,4.466071749999999,3.135005,1.72516325,1.182863,36.0,5.0,window_drift,0.014504500000000142,0.6863402230765495,1.3310667499999993,29.803971465527834,0.54230025,31.434720743094896
592,1.672298,2.25147125,2.46413825,3.070089,1.24521025,1.4489985,17.0,3.0,window_drift,-0.5791732499999998,-34.63337575001583,-0.6059507499999999,-24.590777323472004,-0.20378825000000012,-16.365770358861095
593,1.9909855,2.0554625,2.81508375,2.82588975,1.33315775,1.48253875,72.0,9.0,window_drift,-0.0644769999999999,-3.2384464879327295,-0.010806000000000093,-0.3838606933097494,-0.14938099999999999,-11.20505056509629
594,2.35859825,2.43959825,3.20408425,3.213055,1.56981825,1.388965,143.0,20.0,window_drift,-0.08099999999999996,-3.4342431993240035,-0.008970750000000027,-0.2799785929474241,0.18085324999999997,11.520648966846958
595,1.8895689999999998,11.6704105,2.622888,12.5479865,1.4061765,1.46333725,40.0,5.0,window_drift,-9.7808415,-517.6228811967173,-9.9250985,-378.4034430749616,-0.05716074999999998,-4.064976907237462
596,1.75935275,1.85158175,2.4993784999999997,2.5877425,1.1674849999999999,1.4243335000000001,16.0,2.0,window_drift,-0.09222900000000012,-5.242211944136849,-0.08836400000000033,-3.5354389101130677,-0.25684850000000026,-22.000154177569758
597,6.078477250000001,1.72142525,6.947354750000001,2.46681475,1.2398575,1.14896975,20.0,3.0,window_drift,4.357052,71.67999189270635,4.48054,64.49274812114639,0.09088775000000004,7.330499674357743
598,2.07203525,2.143573,2.84831675,2.914799,1.15896225,1.42027475,80.0,10.0,window_drift,-0.07153775000000007,-3.452535375544411,-0.06648224999999996,-2.334089072080904,-0.26131249999999984,-22.547110572410777
599,1.6932175,1.83189975,2.4889375,2.63567725,1.2565624999999998,1.344027,38.0,6.0,window_drift,-0.13868225,-8.190456925941293,-0.14673975000000006,-5.895678376817419,-0.08746450000000028,-6.960616761999526
