rep,query_id,segment,exec_t,lo,hi,window,n_atoms,ingest_target_rows,layout,pair_position,version_slices,full_version_slices,signal_sum,resolver_server_ms,resolver_compile_ms,resolver_client_ms,full_server_ms,full_compile_ms,full_client_ms,ingest_server_ms,ingest_wal_wait_ms,wait_wal_supported
0,0,calibration,11546,10857,11217,360,8,200,static,1,47,47,2064.5093283245196,6.024328,5.601919,7.288479,4.076293,3.577409,5.294584,,9.938497,True
0,0,calibration,11546,10857,11217,360,8,200,temporal,2,13,13,2064.5093283245196,2.02429,1.735674,2.733763,2.757008,2.286116,3.712974,,9.938497,True
0,1,calibration,10500,10394,10454,60,6,1000,temporal,1,3,3,-260.32490386771076,2.384756,1.981486,4.367223,2.537226,2.148539,3.405989,,3.188681,True
0,1,calibration,10500,10394,10454,60,6,1000,static,2,8,8,-260.32490386771076,1.742375,1.440808,2.56022,2.623908,2.221308,3.667855,,3.188681,True
0,2,calibration,4992,4556,4736,180,2,1000,static,1,7,7,-185.8650546244482,2.328821,2.049499,3.205937,2.51369,2.157532,3.331126,,3.739173,True
0,2,calibration,4992,4556,4736,180,2,1000,temporal,2,3,3,-185.8650546244482,2.54672,1.694071,3.468163,2.057661,1.760162,2.878463,,3.739173,True
0,3,calibration,7147,6519,6879,360,4,200,temporal,1,7,7,540.7113543480731,2.01087,1.558767,2.668064,2.158614,1.744297,3.078384,,2.408551,True
0,3,calibration,7147,6519,6879,360,4,200,static,2,22,22,540.7113543480731,1.639779,1.414338,2.558178,1.938,1.553309,2.818196,,2.408551,True
0,4,calibration,3077,2608,2968,360,4,1000,static,1,15,15,922.49225014919,1.636845,1.371664,2.290734,2.42089,2.080205,3.195321,,6.150599,True
0,4,calibration,3077,2608,2968,360,4,1000,temporal,2,2,2,922.4922501491898,1.340126,1.139232,1.975677,2.213497,1.902827,2.947296,,6.150599,True
0,5,calibration,3799,3308,3668,360,4,5000,temporal,1,2,2,-994.3817051020093,1.709765,1.482621,2.358616,2.276232,1.927624,3.065765,,1.81918,True
0,5,calibration,3799,3308,3668,360,4,5000,static,2,16,16,-994.3817051020093,1.51475,1.26969,2.183721,2.458316,2.12987,3.233078,,1.81918,True
0,6,calibration,10172,9317,10037,720,4,200,static,1,36,36,1566.6455861265904,1.641832,1.386547,2.851441,2.591277,2.082238,3.351206,,2.475112,True
0,6,calibration,10172,9317,10037,720,4,200,temporal,2,7,7,1566.6455861265904,1.472646,1.235047,2.538198,2.583927,2.054486,4.909002,,2.475112,True
0,7,calibration,7212,5677,7117,1440,2,200,temporal,1,5,5,107.05222663388597,2.220036,1.772259,2.986065,2.827625,2.26188,3.663799,,2.767404,True
0,7,calibration,7212,5677,7117,1440,2,200,static,2,32,32,107.05222663388597,1.548691,1.27014,2.379678,2.607222,2.101568,3.405624,,2.767404,True
0,8,calibration,4936,4671,4851,180,6,1000,static,1,15,15,-905.3854869481206,1.925091,1.665037,2.623857,2.563496,2.164112,3.354091,,3.887197,True
0,8,calibration,4936,4671,4851,180,6,1000,temporal,2,3,3,-905.3854869481206,1.431214,1.19761,2.16257,2.619711,2.299838,3.430476,,3.887197,True
0,9,calibration,11052,10556,10736,180,2,200,temporal,1,2,2,-47.375486486909224,1.60704,1.33635,2.254159,2.275531,1.972642,3.10832,,1.905731,True
0,9,calibration,11052,10556,10736,180,2,200,static,2,6,6,-47.375486486909224,1.472437,1.240145,2.088307,2.931582,2.470275,6.768423,,1.905731,True
0,10,calibration,6365,6270,6330,60,6,200,static,1,9,9,-273.2894094962925,1.669624,1.416952,2.290653,2.302241,1.994014,3.167128,,2.761134,True
0,10,calibration,6365,6270,6330,60,6,200,temporal,2,3,3,-273.2894094962925,1.596644,1.334497,2.245716,3.120067,2.801445,3.882419,,2.761134,True
0,11,calibration,3641,3079,3439,360,2,200,temporal,1,1,1,120.08719073242683,2.163932,1.569412,2.85702,1.915646,1.503603,3.129271,,3.838694,True
0,11,calibration,3641,3079,3439,360,2,200,static,2,7,7,120.08719073242683,1.687311,1.480058,2.31448,1.890669,1.54801,2.581533,,3.838694,True
0,12,calibration,11349,9779,11219,1440,6,200,static,1,113,113,162.68273110021778,1.678558,1.307827,2.338896,2.26212,1.601802,2.99587,,0.580878,True
0,12,calibration,11349,9779,11219,1440,6,200,temporal,2,15,15,162.68273110021119,1.544174,1.232824,2.209591,1.975507,1.452667,2.763358,,0.580878,True
0,13,calibration,1552,1181,1541,360,4,1000,temporal,1,2,2,928.4819678301225,1.656625,1.424263,2.353518,1.668242,1.361498,2.435302,,2.481211,True
0,13,calibration,1552,1181,1541,360,4,1000,static,2,18,18,928.4819678301225,1.307537,1.114626,1.99715,1.811369,1.463893,2.517586,,2.481211,True
0,14,calibration,8318,8056,8116,60,6,1000,static,1,9,9,305.4927254077687,1.274526,1.047063,1.853532,2.084331,1.771869,2.765872,,1.785589,True
0,14,calibration,8318,8056,8116,60,6,1000,temporal,2,7,7,305.4927254077687,1.310892,1.050838,1.980825,2.084342,1.799901,2.831251,,1.785589,True
0,15,calibration,9545,9300,9360,60,2,5000,temporal,1,1,1,88.55991454957393,2.482613,1.935206,13.355182,2.196972,1.823266,3.002369,,1.24345,True
0,15,calibration,9545,9300,9360,60,2,5000,static,2,3,3,88.55991454957393,1.279535,1.003998,1.919132,1.977119,1.705419,2.675065,,1.24345,True
0,16,calibration,6185,5657,6017,360,8,200,static,1,42,42,875.7331900596046,1.842004,1.532257,2.496985,2.73866,2.08316,3.62462,,3.106967,True
0,16,calibration,6185,5657,6017,360,8,200,temporal,2,12,12,875.7331900596046,1.664687,1.434149,2.347749,2.658239,2.190252,3.417107,,3.106967,True
0,17,calibration,6988,5346,6786,1440,2,200,temporal,1,6,6,166.7683671893572,1.810437,1.529132,2.708044,3.093687,2.444536,3.985997,,0.700539,True
0,17,calibration,6988,5346,6786,1440,2,200,static,2,33,33,166.7683671893572,1.795464,1.059922,3.355253,3.630869,2.882779,4.5441,,0.700539,True
0,18,calibration,8312,7671,8031,360,6,200,static,1,30,30,-252.5132757967998,2.812162,2.393489,3.447482,3.541284,2.951302,4.416507,,0.685656,True
0,18,calibration,8312,7671,8031,360,6,200,temporal,2,5,5,-252.5132757967998,2.357023,1.949738,3.067578,3.352028,2.654894,4.271588,,0.685656,True
0,19,calibration,6009,4291,5731,1440,4,200,temporal,1,11,11,362.62909676366536,6.645226,6.095686,8.072235,3.649047,2.714354,22.579869,,2.85007,True
0,19,calibration,6009,4291,5731,1440,4,200,static,2,73,73,362.62909676366536,2.507371,2.052173,3.311577,3.037833,2.327188,3.949762,,2.85007,True
0,20,calibration,1798,1534,1714,180,6,1000,static,1,20,20,733.749027567594,2.283352,1.900384,2.899954,2.573991,2.135108,3.415794,,2.999856,True
0,20,calibration,1798,1534,1714,180,6,1000,temporal,2,9,9,733.749027567594,1.833712,1.566428,2.537417,2.414451,1.911811,3.153928,,2.999856,True
0,21,calibration,4530,3079,4519,1440,4,200,temporal,1,9,9,216.57709096920098,1.834213,1.469752,2.438176,2.53999,1.875365,3.428774,,2.261539,True
0,21,calibration,4530,3079,4519,1440,4,200,static,2,71,71,216.57709096920098,2.155324,1.889272,2.749047,2.315631,1.798579,3.149201,,2.261539,True
0,22,calibration,12329,11899,12259,360,6,1000,static,1,27,27,766.187088320966,1.381779,1.151941,2.064891,2.273588,1.849095,2.987978,,1.331052,True
0,22,calibration,12329,11899,12259,360,6,1000,temporal,2,3,3,766.187088320966,1.343672,1.128556,1.959302,2.099825,1.705539,2.852803,,1.331052,True
0,23,calibration,12046,11789,11849,60,2,1000,temporal,1,1,1,-109.37571331199807,1.665348,1.429211,2.380239,2.071322,1.800953,2.781655,,3.097483,True
0,23,calibration,12046,11789,11849,60,2,1000,static,2,1,1,-109.37571331199807,1.245393,1.033983,1.868395,1.994235,1.773982,2.719351,,3.097483,True
0,24,calibration,8233,7969,8029,60,2,1000,static,1,1,1,64.37612776419452,1.212573,0.980202,2.773373,1.989789,1.737848,2.75073,,3.53838,True
0,24,calibration,8233,7969,8029,60,2,1000,temporal,2,1,1,64.37612776419452,1.123068,0.943036,1.759049,10.084827,1.657896,10.797835,,3.53838,True
0,25,calibration,4954,4812,4872,60,8,1000,temporal,1,4,4,-367.94384815092155,1.927845,1.683275,2.548733,2.14326,1.870838,3.018574,,1.809566,True
0,25,calibration,4954,4812,4872,60,8,1000,static,2,9,9,-367.94384815092155,1.15718,0.93884,1.807743,1.99091,1.703135,2.703998,,1.809566,True
0,26,calibration,12973,11996,12716,720,4,1000,static,1,39,39,1661.7116666897946,2.876334,2.398521,3.471769,2.032863,1.571185,2.808646,,2.597547,True
0,26,calibration,12973,11996,12716,720,4,1000,temporal,2,7,7,1661.7116666897946,1.42828,1.205132,2.023019,1.919562,1.516282,2.626762,,2.597547,True
0,27,calibration,3621,3231,3291,60,2,200,temporal,1,1,1,-8.73726026325311,1.937489,1.729094,2.578788,1.604245,1.372305,2.303633,,2.834475,True
0,27,calibration,3621,3231,3291,60,2,200,static,2,2,2,-8.73726026325311,1.441249,1.261207,2.098553,1.479978,1.244541,2.181909,,2.834475,True
0,28,calibration,6092,4330,5770,1440,2,200,static,1,32,32,183.89749210262613,3.433611,3.10219,4.290246,2.436033,1.754302,3.184154,,2.525238,True
0,28,calibration,6092,4330,5770,1440,2,200,temporal,2,4,4,183.89749210262613,1.54091,1.291472,2.198794,2.326412,1.725604,3.067627,,2.525238,True
0,29,calibration,12544,12230,12410,180,4,1000,temporal,1,6,6,716.5181006359155,1.887564,1.566198,2.588394,2.567482,1.961876,3.323525,,1.657826,True
0,29,calibration,12544,12230,12410,180,4,1000,static,2,12,12,716.5181006359155,1.588591,1.317162,2.197442,2.362202,1.949377,3.041348,,1.657826,True
0,30,calibration,9463,9070,9250,180,4,1000,static,1,9,9,-556.2984556605985,1.723165,1.405244,2.34837,2.725651,2.271043,3.417437,,2.925613,True
0,30,calibration,9463,9070,9250,180,4,1000,temporal,2,2,2,-556.2984556605985,1.617646,1.319304,2.279927,8.753284,8.268761,9.600936,,2.925613,True
0,31,calibration,12700,12005,12365,360,4,200,temporal,1,4,4,1051.559508743971,1.796256,1.502612,2.384165,2.914958,2.286918,3.713294,,1.609684,True
0,31,calibration,12700,12005,12365,360,4,200,static,2,19,19,1051.559508743971,1.668382,1.373777,2.337955,3.163903,2.635725,3.94914,,1.609684,True
0,32,calibration,10455,8674,10114,1440,2,1000,static,1,34,34,-130.30182919381934,2.504317,2.049499,3.186678,2.825302,2.034936,3.566261,,2.222911,True
0,32,calibration,10455,8674,10114,1440,2,1000,temporal,2,6,6,-130.30182919381934,2.243231,1.842055,2.947656,2.807886,1.993975,3.535085,,2.222911,True
0,33,calibration,1456,464,1184,720,2,1000,temporal,1,3,3,-792.0655710968272,1.886412,1.62747,2.606901,2.014025,1.562663,2.713612,,2.098413,True
0,33,calibration,1456,464,1184,720,2,1000,static,2,18,18,-792.0655710968272,1.479477,1.215588,2.113125,1.976137,1.549843,2.834896,,2.098413,True
0,34,calibration,9490,8976,9336,360,4,5000,static,1,18,18,-484.8664213922197,1.729204,1.43547,2.317494,1.849786,1.40243,2.627432,,3.266729,True
0,34,calibration,9490,8976,9336,360,4,5000,temporal,2,2,2,-484.8664213922197,1.656865,1.447168,2.260607,1.822225,1.466838,2.569535,,3.266729,True
0,35,calibration,13484,13225,13405,180,2,200,temporal,1,1,1,92.75987937168527,1.333856,1.059071,1.988686,1.809366,1.535231,2.608945,,1.507158,True
0,35,calibration,13484,13225,13405,180,2,200,static,2,5,5,92.75987937168527,1.366466,1.153324,2.044771,1.724447,1.444243,2.534412,,1.507158,True
0,36,calibration,3884,3807,3867,60,6,1000,static,1,8,8,-145.33442372707484,1.57436,1.383301,2.226767,2.029569,1.715313,2.884101,,1.023137,True
0,36,calibration,3884,3807,3867,60,6,1000,temporal,2,3,3,-145.33442372707484,1.133904,0.928855,1.720511,2.236111,1.936248,3.031153,,1.023137,True
0,37,calibration,11723,11324,11504,180,6,1000,temporal,1,4,4,-803.9557796618274,1.302629,1.086983,2.110791,2.126245,1.816346,2.940175,,4.517941,True
0,37,calibration,11723,11324,11504,180,6,1000,static,2,14,14,-803.9557796618274,1.630896,1.365224,2.279036,1.905951,1.57397,2.612049,,4.517941,True
0,38,calibration,10176,9752,9932,180,4,1000,static,1,9,9,531.7321997347375,1.378604,1.155377,1.985382,2.051742,1.715614,2.842868,,1.053352,True
0,38,calibration,10176,9752,9932,180,4,1000,temporal,2,2,2,531.7321997347375,1.295719,1.078651,1.943809,2.977422,2.518207,3.680094,,1.053352,True
0,39,calibration,10391,8668,10108,1440,8,200,temporal,1,22,22,-603.7264530891218,2.10313,1.590896,2.75817,2.719622,2.01744,5.561068,,1.328078,True
0,39,calibration,10391,8668,10108,1440,8,200,static,2,148,148,-603.7264530891218,1.40181,1.044509,3.162822,3.603638,2.447481,5.408377,,1.328078,True
0,40,calibration,11301,10786,11146,360,6,1000,static,1,34,34,1759.535604400289,1.472767,1.236049,3.08876,1.743646,1.349139,4.020478,,4.419743,True
0,40,calibration,11301,10786,11146,360,6,1000,temporal,2,9,9,1759.535604400289,1.294036,1.085952,2.011401,2.516003,1.986894,3.994559,,4.419743,True
0,41,calibration,6847,6468,6648,180,8,200,temporal,1,7,7,232.541203066859,1.52793,1.294357,3.53883,1.747682,1.407378,2.481923,,4.318379,True
0,41,calibration,6847,6468,6648,180,8,200,static,2,23,23,232.541203066859,1.368138,1.15711,5.44337,1.839841,1.466247,3.935369,,4.318379,True
0,42,calibration,1606,605,1325,720,2,5000,static,1,21,21,-634.3782780019221,1.807062,1.52756,2.824129,1.718168,1.38227,2.468752,,10.667217,True
0,42,calibration,1606,605,1325,720,2,5000,temporal,2,3,3,-634.3782780019221,1.442941,1.200675,2.10946,1.638798,1.344552,2.412908,,10.667217,True
0,43,calibration,8806,7898,8618,720,4,200,temporal,1,9,9,1562.5727039891028,1.371444,1.124029,2.009167,1.895205,1.479827,2.618409,,1.935908,True
0,43,calibration,8806,7898,8618,720,4,200,static,2,39,39,1562.5727039891028,1.463934,1.247717,2.1295,1.776806,1.410142,2.452798,,1.935908,True
0,44,calibration,6256,5619,5979,360,4,200,static,1,23,23,1025.9528561406516,1.426557,1.166834,2.071973,1.986613,1.635482,2.735756,,3.951694,True
0,44,calibration,6256,5619,5979,360,4,200,temporal,2,6,6,1025.9528561406516,1.136128,0.908945,1.874604,2.021436,1.672038,2.896259,,3.951694,True
0,45,calibration,6455,5840,6200,360,2,200,temporal,1,3,3,-502.93902721298264,1.427068,1.158702,2.118493,2.282381,1.936668,3.018523,,2.153992,True
0,45,calibration,6455,5840,6200,360,2,200,static,2,12,12,-502.93902721298264,1.120824,0.895193,1.857288,1.754993,1.471244,2.642645,,2.153992,True
0,46,calibration,2142,1908,2088,180,2,1000,static,1,8,8,-279.82939526592276,1.262869,1.063728,1.824579,1.968676,1.654311,2.647042,,0.929976,True
0,46,calibration,2142,1908,2088,180,2,1000,temporal,2,2,2,-279.82939526592276,1.100024,0.912299,1.732018,1.906122,1.58716,2.708695,,0.929976,True
0,47,calibration,2995,1366,2806,1440,4,200,temporal,1,11,11,315.1490761527713,1.476713,1.151951,2.110952,1.98392,1.459657,3.283835,,2.299957,True
0,47,calibration,2995,1366,2806,1440,4,200,static,2,72,72,315.1490761527713,1.430223,1.14459,2.047936,2.095668,1.606679,2.85683,,2.299957,True
0,48,calibration,5455,5137,5317,180,2,200,static,1,6,6,-216.4453259129222,1.717757,1.522913,2.324074,2.121648,1.8456,2.912022,,1.008965,True
0,48,calibration,5455,5137,5317,180,2,200,temporal,2,1,1,-216.4453259129222,1.329811,1.103178,1.983829,2.332006,1.978211,3.400051,,1.008965,True
0,49,calibration,13644,13252,13432,180,2,200,temporal,1,1,1,36.99000173291792,1.45449,1.194186,2.124833,2.149569,1.652979,2.954697,,0.723353,True
0,49,calibration,13644,13252,13432,180,2,200,static,2,5,5,36.99000173291792,1.277462,1.069166,1.946182,1.899252,1.606128,2.636275,,0.723353,True
0,50,calibration,4498,3694,4414,720,4,200,static,1,36,36,937.3442735019642,1.45474,1.195737,2.102779,2.131092,1.69966,3.16875,,2.730178,True
0,50,calibration,4498,3694,4414,720,4,200,temporal,2,5,5,937.3442735019642,1.04535,0.818047,1.736054,2.039404,1.637165,2.920806,,2.730178,True
0,51,calibration,12479,12277,12457,180,4,1000,temporal,1,5,5,451.4376269576293,1.342379,1.0976,1.996388,1.948756,1.61331,2.663377,,1.863908,True
0,51,calibration,12479,12277,12457,180,4,1000,static,2,15,15,451.4376269576293,1.081836,0.878268,1.755904,1.993284,1.637786,2.737999,,1.863908,True
0,52,calibration,4984,4443,4803,360,2,1000,static,1,9,9,-98.98462389611458,1.743576,1.46817,2.433339,2.117651,1.639108,2.841686,,2.628834,True
0,52,calibration,4984,4443,4803,360,2,1000,temporal,2,2,2,-98.98462389611458,1.100004,0.903356,1.870037,1.787493,1.464204,2.638068,,2.628834,True
0,53,calibration,9119,8440,8800,360,4,5000,temporal,1,7,7,266.2309982803288,1.419086,1.127454,2.090341,2.303873,1.67295,3.021548,,2.321811,True
0,53,calibration,9119,8440,8800,360,4,5000,static,2,23,23,266.2309982803288,1.113724,0.87945,1.987555,1.896938,1.539287,2.619621,,2.321811,True
0,54,calibration,10301,8529,9969,1440,2,1000,static,1,39,39,123.58598051677667,2.517216,1.327867,3.229993,2.335822,1.81236,3.189142,,2.322211,True
0,54,calibration,10301,8529,9969,1440,2,1000,temporal,2,5,5,123.5859805167778,1.650225,1.330973,2.485798,1.801343,1.344472,2.6785,,2.322211,True
0,55,calibration,11632,9985,11425,1440,2,200,temporal,1,6,6,-76.87232444003166,1.668923,1.376411,2.362212,8.274751,7.796237,9.521235,,2.016279,True
0,55,calibration,11632,9985,11425,1440,2,200,static,2,40,40,-76.87232444003166,1.512197,1.246605,2.489304,2.041697,1.434418,2.82394,,2.016279,True
0,56,calibration,6176,5700,6060,360,2,200,static,1,10,10,232.1531587198007,1.654692,1.381719,2.28171,1.797307,1.469041,2.595554,,1.694602,True
0,56,calibration,6176,5700,6060,360,2,200,temporal,2,3,3,232.1531587198007,1.298613,1.096398,1.964149,1.661282,1.325664,2.346277,,1.694602,True
0,57,calibration,7491,7025,7205,180,2,1000,temporal,1,1,1,317.00177904013043,1.240095,1.029837,1.842355,1.972292,1.502892,2.689757,,1.651266,True
0,57,calibration,7491,7025,7205,180,2,1000,static,2,6,6,317.00177904013043,1.431464,1.234597,2.091943,3.107658,2.582835,3.982401,,1.651266,True
0,58,calibration,13760,13175,13535,360,2,1000,static,1,12,12,351.1267815486589,1.609143,1.301618,2.236231,1.91779,1.570174,2.661604,,0.605476,True
0,58,calibration,13760,13175,13535,360,2,1000,temporal,2,1,1,351.1267815486589,2.071863,1.716405,2.848476,2.313879,1.914705,3.099707,,0.605476,True
0,59,calibration,6011,5237,5957,720,6,5000,temporal,1,8,8,2348.4912807073433,1.414749,1.164691,2.021005,3.019806,2.422512,3.705172,,2.188119,True
0,59,calibration,6011,5237,5957,720,6,5000,static,2,57,57,2348.4912807073433,1.304142,1.060143,1.956177,2.342051,1.914334,3.103522,,2.188119,True
0,60,calibration,9847,9066,9786,720,2,200,static,1,16,16,784.7331011818119,1.238963,1.003007,1.895035,1.936187,1.576774,2.715466,,1.533328,True
0,60,calibration,9847,9066,9786,720,2,200,temporal,2,3,3,784.7331011818119,1.182187,0.962255,1.802275,3.051243,2.472939,3.758693,,1.533328,True
0,61,calibration,2941,1413,2853,1440,4,200,temporal,1,11,11,361.5076242602697,1.368239,1.085361,2.115869,12.074395,1.76581,12.802365,,1.950809,True
0,61,calibration,2941,1413,2853,1440,4,200,static,2,72,72,361.50762426027137,1.682404,1.248428,2.440761,2.485908,1.909827,3.264145,,1.950809,True
0,62,calibration,11276,10849,11209,360,4,1000,static,1,24,24,862.1587115635346,2.096661,1.743837,2.714134,3.024863,2.402102,3.830571,,2.100376,True
0,62,calibration,11276,10849,11209,360,4,1000,temporal,2,6,6,862.1587115635346,3.37293,3.052005,4.054981,1.941055,1.535301,2.701845,,2.100376,True
0,63,calibration,10928,10301,10661,360,2,200,temporal,1,1,1,-490.80248707917934,1.495381,1.209909,2.167958,1.946503,1.489412,2.719762,,2.478116,True
0,63,calibration,10928,10301,10661,360,2,200,static,2,7,7,-490.80248707917934,1.187095,0.896355,1.836326,1.901736,1.414008,2.655435,,2.478116,True
0,64,calibration,5432,3848,5288,1440,2,200,static,1,41,41,-41.409575798993785,2.276732,1.849396,3.078485,2.520131,1.669584,3.318036,,2.622796,True
0,64,calibration,5432,3848,5288,1440,2,200,temporal,2,5,5,-41.40957579899429,2.022848,1.628682,2.739232,2.253848,1.587279,3.044022,,2.622796,True
0,65,calibration,12841,11886,12606,720,4,200,temporal,1,6,6,1664.4505403035957,2.134817,1.793762,2.78432,2.801165,2.181368,3.538339,,1.86558,True
0,65,calibration,12841,11886,12606,720,4,200,static,2,38,38,1664.4505403035957,1.452235,1.13745,2.151052,3.318648,2.618058,4.178307,,1.86558,True
0,66,calibration,12204,12082,12142,60,2,1000,static,1,4,4,78.96427219840236,1.728042,1.447699,2.375411,2.013544,1.753041,2.874296,,2.598759,True
0,66,calibration,12204,12082,12142,60,2,1000,temporal,2,1,1,78.96427219840236,1.106643,0.911037,1.749736,2.485608,2.153897,3.205907,,2.598759,True
0,67,calibration,9562,9193,9253,60,4,200,temporal,1,2,2,-6.276627559684787,1.474058,1.207315,2.101507,5.081984,1.511876,6.07134,,2.557817,True
0,67,calibration,9562,9193,9253,60,4,200,static,2,7,7,-6.276627559684787,1.275128,1.060634,1.979593,1.941365,1.6933,2.907256,,2.557817,True
0,68,calibration,6266,5955,6135,180,2,5000,static,1,5,5,-61.87695300219841,2.289672,1.960564,2.933074,1.869517,1.507089,2.716787,,3.263995,True
0,68,calibration,6266,5955,6135,180,2,5000,temporal,2,1,1,-61.87695300219841,1.440128,1.223579,2.138082,1.853092,1.531135,2.550116,,3.263995,True
0,69,calibration,2216,1634,1994,360,2,200,temporal,1,3,3,-1.7563139587625627,2.149239,1.846782,7.03087,3.482565,2.331385,4.678022,,5.365984,True
0,69,calibration,2216,1634,1994,360,2,200,static,2,11,11,-1.7563139587625627,1.558786,1.281297,2.40788,1.939813,1.630204,2.695855,,5.365984,True
0,70,calibration,5659,4828,5548,720,2,1000,static,1,14,14,201.22368619423858,1.913583,1.62717,2.681574,1.824218,1.404563,2.563005,,5.24513,True
0,70,calibration,5659,4828,5548,720,2,1000,temporal,2,3,3,201.22368619423858,1.354969,1.108736,2.0103,1.800212,1.482391,2.492688,,5.24513,True
0,71,calibration,8696,8408,8588,180,2,200,temporal,1,1,1,-20.723292170564925,1.72616,1.498145,2.445998,1.894354,1.611576,2.729677,,2.901967,True
0,71,calibration,8696,8408,8588,180,2,200,static,2,4,4,-20.723292170564925,1.2833,1.088295,1.975407,3.20182,2.810299,4.306981,,2.901967,True
0,72,calibration,7111,6587,6767,180,6,200,static,1,24,24,352.2592791825575,8.995991,1.50837,9.766506,2.399558,2.011321,3.285256,,3.847498,True
0,72,calibration,7111,6587,6767,180,6,200,temporal,2,9,9,352.2592791825575,1.519447,1.304392,2.248178,1.888475,1.499527,3.731031,,3.847498,True
0,73,calibration,11935,11650,11830,180,4,200,temporal,1,5,5,-573.3101976507509,2.392067,1.969728,3.32007,3.597168,2.805371,4.842091,,2.442233,True
0,73,calibration,11935,11650,11830,180,4,200,static,2,13,13,-573.3101976507509,1.692799,1.393257,2.887285,3.402835,2.800304,4.463769,,2.442233,True
0,74,calibration,5252,4724,5084,360,2,200,static,1,10,10,-554.7338667361411,1.714091,1.44181,2.564047,2.264534,1.895646,3.312689,,3.018203,True
0,74,calibration,5252,4724,5084,360,2,200,temporal,2,2,2,-554.7338667361411,1.096007,0.89909,1.942407,1.870248,1.551356,3.033757,,3.018203,True
0,75,calibration,2454,1921,2101,180,6,1000,temporal,1,4,4,-503.9431932413006,1.30963,1.108627,2.164492,1.94459,1.635863,3.099155,,1.546327,True
0,75,calibration,2454,1921,2101,180,6,1000,static,2,18,18,-503.9431932413006,1.323941,1.135707,2.184853,1.984741,1.695594,3.018213,,1.546327,True
0,76,calibration,1591,1398,1578,180,6,200,static,1,21,21,908.8566772565194,1.660471,1.427128,2.588694,2.438477,1.820983,3.475825,,6.139011,True
0,76,calibration,1591,1398,1578,180,6,200,temporal,2,9,9,908.856677256519,1.103389,0.889475,2.017721,1.99072,1.647892,3.023231,,6.139011,True
0,77,calibration,10063,9057,9777,720,2,200,temporal,1,3,3,223.07504215003576,1.206894,0.996527,2.027665,1.703035,1.30262,2.71131,,1.284112,True
0,77,calibration,10063,9057,9777,720,2,200,static,2,21,21,223.07504215003576,1.198582,0.982545,2.047515,1.730536,1.380407,2.699902,,1.284112,True
0,78,calibration,13340,11624,13064,1440,4,5000,static,1,74,74,-365.6588990113573,2.49345,1.9572,3.54491,2.388962,1.751228,3.455555,,2.166636,True
0,78,calibration,13340,11624,13064,1440,4,5000,temporal,2,12,12,-365.6588990113573,1.333957,1.003547,2.193176,1.820513,1.290972,2.901957,,2.166636,True
0,79,calibration,5092,4966,5026,60,2,5000,temporal,1,1,1,-121.84684890531095,1.268999,1.062396,2.087576,1.519698,1.25698,2.52675,,2.261179,True
0,79,calibration,5092,4966,5026,60,2,5000,static,2,3,3,-121.84684890531095,1.198512,0.988494,2.051061,1.527659,1.258663,2.488072,,2.261179,True
0,80,calibration,3751,3495,3675,180,2,1000,static,1,3,3,-313.9820281364275,1.22992,1.024138,2.085513,1.780792,1.305384,2.689897,,1.561411,True
0,80,calibration,3751,3495,3675,180,2,1000,temporal,2,1,1,-313.9820281364275,1.164281,0.971579,2.024732,1.717476,1.211642,2.697594,,1.561411,True
0,81,calibration,2679,2188,2368,180,8,1000,temporal,1,12,12,-1448.5002966187285,1.267386,1.053784,1.881825,1.9777,1.641101,2.760474,,1.000392,True
0,81,calibration,2679,2188,2368,180,8,1000,static,2,29,29,-1448.5002966187285,1.059291,0.80666,1.753661,1.771128,1.46173,2.636055,,1.000392,True
0,82,calibration,14328,13766,14126,360,2,200,static,1,11,11,174.69225208022965,1.080383,0.828563,1.647581,1.72663,1.41509,2.492738,,0.544703,True
0,82,calibration,14328,13766,14126,360,2,200,temporal,2,3,3,174.69225208022965,1.017929,0.750014,1.689795,1.520288,1.201507,2.288595,,0.544703,True
0,83,calibration,2396,730,2170,1440,2,5000,temporal,1,6,6,-150.9740026795978,1.295068,1.050548,1.939642,1.698488,1.246295,2.382933,,2.276537,True
0,83,calibration,2396,730,2170,1440,2,5000,static,2,34,34,-150.9740026795978,1.10483,0.87253,1.782946,1.662103,1.275128,2.342081,,2.276537,True
0,84,calibration,9988,8946,9666,720,4,1000,static,1,38,38,273.4894300957726,1.192583,0.969296,2.135248,1.775915,1.378113,2.843579,,2.248165,True
0,84,calibration,9988,8946,9666,720,4,1000,temporal,2,7,7,273.4894300957726,1.061464,0.855914,2.001155,1.908536,1.457974,10.14648,,2.248165,True
0,85,calibration,9909,9284,9644,360,2,200,temporal,1,3,3,585.2363460653847,1.343141,1.065801,2.008566,1.639739,1.320466,2.391576,,4.645212,True
0,85,calibration,9909,9284,9644,360,2,200,static,2,12,12,585.2363460653847,1.062347,0.831226,1.85879,1.762284,1.449662,2.622245,,4.645212,True
0,86,calibration,3144,1369,2809,1440,4,200,static,1,72,72,319.5943873431496,1.201056,0.910917,1.803807,1.831659,1.243981,2.595544,,1.925692,True
0,86,calibration,3144,1369,2809,1440,4,200,temporal,2,11,11,319.5943873431496,1.079922,0.802503,2.052624,1.704077,1.15776,2.4212,,1.925692,True
0,87,calibration,7514,6620,7340,720,6,200,temporal,1,10,10,2097.2209391066435,1.142247,0.915354,1.753081,1.817969,1.313636,2.576736,,1.07856,True
0,87,calibration,7514,6620,7340,720,6,200,static,2,58,58,2097.2209391066435,1.169889,0.943826,1.765909,1.786602,1.33586,2.523715,,1.07856,True
0,88,calibration,3005,2326,2686,360,4,200,static,1,16,16,-269.1993574500742,1.242259,0.937758,1.841253,1.910178,1.55428,2.689136,,1.568781,True
0,88,calibration,3005,2326,2686,360,4,200,temporal,2,4,4,-269.1993574500742,1.160194,0.950808,1.886653,1.619419,1.274457,2.292056,,1.568781,True
0,89,calibration,3234,2942,3122,180,6,200,temporal,1,9,9,950.8069035559603,1.324662,1.100424,1.946033,1.77214,1.432055,2.467331,,1.433327,True
0,89,calibration,3234,2942,3122,180,6,200,static,2,22,22,950.8069035559603,1.109818,0.894683,1.83194,1.599279,1.286195,2.337134,,1.433327,True
0,90,calibration,8603,6964,8404,1440,4,200,static,1,74,74,237.1748324927746,1.162928,0.871087,2.213677,2.095909,1.464144,3.017892,,0.771376,True
0,90,calibration,8603,6964,8404,1440,4,200,temporal,2,11,11,237.17483249277478,1.074475,0.841162,1.719149,1.96406,1.361999,22.56108,,0.771376,True
0,91,calibration,12422,12231,12291,60,2,200,temporal,1,1,1,135.80439980024673,2.269912,1.844078,3.315482,2.386408,2.006844,3.367311,,2.219917,True
0,91,calibration,12422,12231,12291,60,2,200,static,2,3,3,135.80439980024673,1.169288,0.951118,1.971921,1.472977,1.188778,2.411166,,2.219917,True
0,92,calibration,9627,9235,9295,60,4,1000,static,1,7,7,58.62968630836787,1.274807,1.032671,2.391526,2.542034,2.163592,3.39303,,1.729896,True
0,92,calibration,9627,9235,9295,60,4,1000,temporal,2,2,2,58.62968630836787,1.652308,1.42891,2.284054,2.010609,1.656354,3.198456,,1.729896,True
0,93,calibration,12076,11624,11804,180,6,200,temporal,1,9,9,-906.3209878590981,2.007184,1.731398,2.763117,2.102048,1.70642,3.325077,,1.675163,True
0,93,calibration,12076,11624,11804,180,6,200,static,2,22,22,-906.3209878590981,1.577465,1.320156,2.234328,1.956188,1.465145,2.803428,,1.675163,True
0,94,calibration,12336,11782,12142,360,2,5000,static,1,11,11,158.08389966487013,1.462441,1.181617,2.115619,2.457796,1.960504,3.224114,,1.546007,True
0,94,calibration,12336,11782,12142,360,2,5000,temporal,2,1,1,158.08389966487013,1.451024,1.152953,2.148388,2.313488,1.96474,3.668166,,1.546007,True
0,95,calibration,4038,3615,3795,180,4,5000,temporal,1,5,5,-722.5447357253887,1.453968,1.182808,3.166312,1.808124,1.431935,2.694784,,0.713269,True
0,95,calibration,4038,3615,3795,180,4,5000,static,2,13,13,-722.5447357253887,1.218502,0.992531,1.798028,23.15628,22.604175,24.115661,,0.713269,True
0,96,calibration,4345,2710,4150,1440,4,200,static,1,71,71,365.42015778678774,2.022317,1.571586,2.727975,2.892864,1.935356,3.692813,,2.633982,True
0,96,calibration,4345,2710,4150,1440,4,200,temporal,2,10,10,365.42015778678774,1.307136,1.038831,2.009639,118.259811,114.118039,119.464186,,2.633982,True
0,97,calibration,14240,13705,14065,360,4,200,temporal,1,6,6,252.72280141231212,4.006958,3.40611,4.900519,2.826964,2.300748,3.858875,,1.928405,True
0,97,calibration,14240,13705,14065,360,4,200,static,2,22,22,252.72280141231212,1.959112,1.56732,2.849228,2.716567,2.055458,3.786675,,1.928405,True
0,98,calibration,3363,3090,3270,180,4,1000,static,1,10,10,299.12268210282406,2.56661,2.045072,3.526982,2.70537,1.935186,3.811722,,1.457724,True
0,98,calibration,3363,3090,3270,180,4,1000,temporal,2,2,2,299.12268210282406,2.019313,1.609473,2.943149,1.76607,1.424704,2.909019,,1.457724,True
0,99,calibration,8665,7063,8503,1440,2,200,temporal,1,6,6,210.45190553295367,2.132815,1.737336,2.981157,2.782867,1.884559,3.738342,,2.018402,True
0,99,calibration,8665,7063,8503,1440,2,200,static,2,34,34,210.45190553295367,5.795573,5.391061,6.915165,3.1414,2.101227,4.220901,,2.018402,True
0,100,calibration,13973,12301,13741,1440,4,1000,static,1,73,73,274.5285104945299,1.586509,1.242118,2.583967,3.676238,2.722957,4.693496,,1.698749,True
0,100,calibration,13973,12301,13741,1440,4,1000,temporal,2,10,10,274.5285104945299,1.596063,1.233004,2.441041,3.103893,2.266437,4.218128,,1.698749,True
0,101,calibration,10410,10110,10290,180,2,1000,temporal,1,3,3,-305.23263237431746,1.881985,1.467449,2.885863,1.830607,1.510804,2.853805,,1.28326,True
0,101,calibration,10410,10110,10290,180,2,1000,static,2,9,9,-305.23263237431746,1.179303,0.945449,2.098553,1.640791,1.362249,2.391175,,1.28326,True
0,102,calibration,5457,4960,5320,360,2,200,static,1,10,10,-457.88085215454043,1.486157,1.161316,2.107066,1.665398,1.297211,2.537536,,1.231983,True
0,102,calibration,5457,4960,5320,360,2,200,temporal,2,3,3,-457.88085215454043,1.049226,0.821942,1.809286,1.710516,1.290271,2.430265,,1.231983,True
0,103,calibration,13731,13028,13388,360,2,1000,temporal,1,3,3,-117.92595452106768,2.138773,1.765158,3.085845,2.204112,1.675533,3.265076,,1.394358,True
0,103,calibration,13731,13028,13388,360,2,1000,static,2,11,11,-117.92595452106768,1.169768,0.944458,2.1027,1.8586,1.232974,2.885663,,1.394358,True
0,104,calibration,7275,6895,7075,180,4,5000,static,1,10,10,658.155909317035,1.561301,1.249368,2.491923,19.713244,1.378364,20.670111,,0.739048,True
0,104,calibration,7275,6895,7075,180,4,5000,temporal,2,3,3,658.155909317035,2.541763,1.881805,3.459119,2.312787,1.87852,3.612031,,0.739048,True
0,105,calibration,7623,6913,7273,360,2,200,temporal,1,1,1,463.0407496299008,1.371173,1.139833,2.158733,1.738438,1.403121,2.976219,,1.149978,True
0,105,calibration,7623,6913,7273,360,2,200,static,2,7,7,463.0407496299008,1.115456,0.9123,1.81908,1.758609,1.300967,2.596105,,1.149978,True
0,106,calibration,7142,6832,7012,180,4,200,static,1,12,12,642.5462245273734,1.588171,1.314397,2.247829,2.603136,2.167948,3.731222,,1.21047,True
0,106,calibration,7142,6832,7012,180,4,200,temporal,2,3,3,642.5462245273734,1.341108,1.106613,2.018642,2.217372,1.642914,2.937511,,1.21047,True
0,107,calibration,3023,2839,3019,180,4,200,temporal,1,3,3,706.0689435092451,1.646709,1.397002,2.249412,2.442603,1.819652,3.362023,,2.285355,True
0,107,calibration,3023,2839,3019,180,4,200,static,2,11,11,706.0689435092451,1.402079,1.130218,2.082529,1.958371,1.530835,2.981628,,2.285355,True
0,108,calibration,1766,1088,1448,360,8,200,static,1,35,35,838.2096767080666,1.859821,1.539408,2.499779,1.994956,1.46827,2.797029,,2.188619,True
0,108,calibration,1766,1088,1448,360,8,200,temporal,2,4,4,838.2096767080666,1.609603,1.32972,2.239255,2.01716,1.59405,2.781606,,2.188619,True
0,109,calibration,14166,13499,13859,360,2,1000,temporal,1,3,3,628.4273869637826,1.473848,1.227445,2.254329,1.852772,1.54119,2.877701,,1.247676,True
0,109,calibration,14166,13499,13859,360,2,1000,static,2,11,11,628.4273869637826,1.793151,1.455991,2.471146,2.674233,1.946563,23.144763,,1.247676,True
0,110,calibration,11843,10995,11715,720,4,1000,static,1,37,37,-56.451660425420755,4.131767,3.786545,4.810964,2.329682,1.645698,3.099396,,2.21593,True
0,110,calibration,11843,10995,11715,720,4,1000,temporal,2,6,6,-56.451660425420755,1.564856,1.292584,2.458958,1.827022,1.430934,2.630307,,2.21593,True
0,111,calibration,10049,9509,9689,180,4,1000,temporal,1,2,2,717.730335563158,1.374168,1.144581,2.001967,2.309481,1.856427,3.349384,,1.122177,True
0,111,calibration,10049,9509,9689,180,4,1000,static,2,10,10,717.730335563158,1.269649,1.07166,1.865991,1.910869,1.544114,2.594432,,1.122177,True
0,112,calibration,4624,3157,4597,1440,8,1000,static,1,143,143,152.34186430837804,3.874087,2.861056,4.658953,2.639751,1.896378,3.439029,,1.34263,True
0,112,calibration,4624,3157,4597,1440,8,1000,temporal,2,19,19,152.34186430837804,1.570605,1.149407,2.38109,2.249861,1.529303,3.23449,,1.34263,True
0,113,calibration,1778,1570,1750,180,6,200,temporal,1,6,6,902.682431761532,1.48805,1.265363,2.276102,2.286968,1.861505,3.166558,,2.815527,True
0,113,calibration,1778,1570,1750,180,6,200,static,2,17,17,902.682431761532,1.394828,1.158682,2.219756,1.927804,1.577965,2.714605,,2.815527,True
0,114,calibration,10661,10143,10323,180,6,200,static,1,21,21,-998.5260170461364,1.272815,0.984959,1.876437,1.709725,1.364243,2.384435,,0.680649,True
0,114,calibration,10661,10143,10323,180,6,200,temporal,2,9,9,-998.5260170461364,1.9842,1.60045,22.292484,2.944772,2.190291,3.946045,,0.680649,True
0,115,calibration,8500,8079,8259,180,4,200,temporal,1,6,6,677.1118480362595,1.614842,1.345744,2.260377,2.454321,1.886152,3.259058,,2.553921,True
0,115,calibration,8500,8079,8259,180,4,200,static,2,12,12,677.1118480362595,1.43518,1.198172,2.459789,2.322912,1.843948,3.087728,,2.553921,True
0,116,calibration,5996,5519,5699,180,2,1000,static,1,3,3,344.16229729342257,1.350081,1.108576,1.959633,2.124803,1.773581,3.054639,,1.254156,True
0,116,calibration,5996,5519,5699,180,2,1000,temporal,2,1,1,344.16229729342257,1.128667,0.95952,1.741493,1.423813,1.16444,2.132334,,1.254156,True
0,117,calibration,13874,13489,13549,60,6,1000,temporal,1,3,3,319.5106696780032,1.613951,1.370322,2.477706,2.498718,2.100346,3.735803,,2.175319,True
0,117,calibration,13874,13489,13549,60,6,1000,static,2,8,8,319.5106696780032,2.229942,1.863868,3.309814,3.177935,2.788956,4.873338,,2.175319,True
0,118,calibration,6296,5804,5984,180,2,200,static,1,6,6,20.840098596815714,1.530443,1.283861,2.47361,3.532651,2.941297,4.571031,,1.669675,True
0,118,calibration,6296,5804,5984,180,2,200,temporal,2,3,3,20.840098596815714,1.349731,1.085801,2.277133,3.090101,2.448783,4.206079,,1.669675,True
0,119,calibration,11932,10881,11601,720,4,200,temporal,1,7,7,260.9122829692174,1.23638,0.970448,2.212695,3.602707,2.749807,23.437576,,3.128801,True
0,119,calibration,11932,10881,11601,720,4,200,static,2,38,38,260.9122829692174,1.701432,1.378263,2.807344,2.776779,2.204093,3.89623,,3.128801,True
0,120,calibration,7959,7532,7712,180,6,1000,static,1,16,16,-1037.05190068299,2.072514,1.725869,3.030792,2.493249,2.051331,3.811152,,0.915243,True
0,120,calibration,7959,7532,7712,180,6,1000,temporal,2,3,3,-1037.05190068299,1.440518,1.219794,2.408371,2.423864,1.97091,3.562567,,0.915243,True
0,121,calibration,12521,12284,12344,60,6,200,temporal,1,6,6,386.43112323532813,2.311504,1.933584,3.285748,2.788155,2.304804,3.988781,,1.583865,True
0,121,calibration,12521,12284,12344,60,6,200,static,2,8,8,386.43112323532813,1.22409,0.979581,2.18265,1.568972,1.298773,2.660032,,1.583865,True
0,122,calibration,7361,6661,7021,360,2,1000,static,1,7,7,477.55208151141454,1.167125,0.968725,2.07034,1.667431,1.328528,2.735385,,1.380276,True
0,122,calibration,7361,6661,7021,360,2,1000,temporal,2,1,1,477.55208151141454,1.108746,0.901493,2.075228,3.666954,2.895157,4.806567,,1.380276,True
0,123,calibration,7672,7150,7330,180,4,200,temporal,1,2,2,149.99277081348762,1.40868,1.175477,2.223121,1.77968,1.43536,2.830059,,1.687521,True
0,123,calibration,7672,7150,7330,180,4,200,static,2,8,8,149.99277081348762,2.472057,2.115038,23.669606,3.503356,2.880855,4.971566,,1.687521,True
0,124,calibration,2178,2103,2163,60,2,1000,static,1,2,2,-98.60803477026559,2.360028,2.061697,3.373009,2.587441,2.214128,3.674615,,1.711087,True
0,124,calibration,2178,2103,2163,60,2,1000,temporal,2,2,2,-98.60803477026559,1.480829,1.231501,2.440119,2.078602,1.782985,3.225787,,1.711087,True
0,125,calibration,6495,6205,6385,180,2,1000,temporal,1,1,1,-327.4493428547683,1.484735,1.187365,2.296822,1.578366,1.318783,2.436564,,1.359155,True
0,125,calibration,6495,6205,6385,180,2,1000,static,2,4,4,-327.4493428547683,1.067403,0.895274,1.781283,2.758631,2.290112,3.547183,,1.359155,True
0,126,calibration,5947,5660,5840,180,4,1000,static,1,10,10,420.0973160508572,1.842495,1.599759,2.521853,1.837739,1.538977,2.620612,,1.339645,True
0,126,calibration,5947,5660,5840,180,4,1000,temporal,2,3,3,420.0973160508572,1.6077,1.337202,2.274488,1.847874,1.572557,2.604488,,1.339645,True
0,127,calibration,8154,6642,8082,1440,6,1000,temporal,1,19,19,220.80471063944788,1.44248,1.182267,2.133606,1.905821,1.390112,2.668305,,2.332396,True
0,127,calibration,8154,6642,8082,1440,6,1000,static,2,116,116,220.80471063944788,1.288869,1.006662,1.929827,1.863878,1.398805,2.546149,,2.332396,True
0,128,calibration,13627,12060,13500,1440,8,5000,static,1,145,145,719.5943580459065,2.245986,1.750557,3.069441,3.337506,2.319486,4.247893,,27.721001,True
0,128,calibration,13627,12060,13500,1440,8,5000,temporal,2,21,21,719.5943580459065,1.353326,1.055005,2.072203,2.119444,1.526257,2.91008,,27.721001,True
0,129,calibration,11596,10998,11358,360,2,1000,temporal,1,1,1,272.31994479073774,1.615142,1.363732,2.28191,1.861624,1.420898,2.60536,,1.826121,True
0,129,calibration,11596,10998,11358,360,2,1000,static,2,9,9,272.31994479073774,1.464263,1.19705,2.092574,1.511746,1.209389,2.192224,,1.826121,True
0,130,calibration,10144,9891,10071,180,4,200,static,1,9,9,-248.6288478251799,1.798239,1.319695,2.444967,2.26879,1.870268,3.034759,,3.041698,True
0,130,calibration,10144,9891,10071,180,4,200,temporal,2,2,2,-248.6288478251799,2.10365,1.864278,2.855908,2.415762,2.025092,3.148349,,3.041698,True
0,131,calibration,5229,4989,5169,180,4,200,temporal,1,6,6,-576.4947570509744,1.651036,1.36925,2.508563,1.733862,1.391103,2.756357,,2.111583,True
0,131,calibration,5229,4989,5169,180,4,200,static,2,12,12,-576.4947570509744,1.926502,1.611416,2.725601,1.831239,1.506237,2.659321,,2.111583,True
0,132,calibration,10550,9875,10235,360,2,1000,static,1,11,11,-523.7577085807521,1.532798,1.246515,2.131583,2.046564,1.664186,3.137934,,1.608952,True
0,132,calibration,10550,9875,10235,360,2,1000,temporal,2,1,1,-523.7577085807521,1.516153,1.217491,2.467571,1.974516,1.376892,2.812452,,1.608952,True
0,133,calibration,3317,1617,3057,1440,4,5000,temporal,1,13,13,368.6669463804823,1.727271,1.337853,2.370433,2.690989,1.961806,3.613223,,2.093555,True
0,133,calibration,3317,1617,3057,1440,4,5000,static,2,75,75,368.6669463804823,1.350061,1.049717,15.445001,2.467981,1.716985,3.657309,,2.093555,True
0,134,calibration,12695,12086,12446,360,4,200,static,1,21,21,1070.590550234356,2.243312,1.965241,3.089812,2.2952,1.907855,3.137804,,7.27607,True
0,134,calibration,12695,12086,12446,360,4,200,temporal,2,6,6,1070.590550234356,1.148406,0.888664,1.956238,2.742427,2.187918,3.495235,,7.27607,True
0,135,calibration,10905,10573,10753,180,8,1000,temporal,1,5,5,379.2793813779238,1.764688,1.407288,2.426598,1.795514,1.403893,2.620973,,2.622665,True
0,135,calibration,10905,10573,10753,180,8,1000,static,2,22,22,379.2793813779238,1.504705,1.182257,2.416755,2.199516,1.724487,3.390776,,2.622665,True
0,136,calibration,5068,4690,5050,360,6,5000,static,1,27,27,-1880.8684996196914,1.637395,1.34245,2.433389,2.481251,2.071182,3.613012,,0.703204,True
0,136,calibration,5068,4690,5050,360,6,5000,temporal,2,3,3,-1880.8684996196914,1.175698,0.977688,2.111121,2.171103,1.367638,3.227249,,0.703204,True
0,137,calibration,9337,8836,9196,360,4,200,temporal,1,2,2,-1149.8761966856016,1.850237,1.548271,2.756378,1.874894,1.497213,2.934937,,2.541473,True
0,137,calibration,9337,8836,9196,360,4,200,static,2,17,17,-1149.8761966856016,1.54135,1.270721,2.448713,1.894204,1.5084,3.098835,,2.541473,True
0,138,calibration,8477,7447,8167,720,2,5000,static,1,17,17,-426.8581879634653,1.560759,1.311703,2.215359,1.809726,1.277602,2.649636,,2.663507,True
0,138,calibration,8477,7447,8167,720,2,5000,temporal,2,4,4,-426.8581879634653,1.000432,0.811236,1.609303,1.683636,1.320967,12.957119,,2.663507,True
0,139,calibration,3124,2699,3059,360,2,200,temporal,1,3,3,631.260529699285,1.773842,1.444695,2.415722,1.9577,1.458465,2.784671,,0.622041,True
0,139,calibration,3124,2699,3059,360,2,200,static,2,12,12,631.260529699285,2.277443,1.864429,3.243014,1.731458,1.406787,2.520761,,0.622041,True
0,140,calibration,10958,10894,10954,60,4,1000,static,1,10,10,181.09282291141815,1.511065,1.260385,2.212245,1.663766,1.392025,2.430985,,1.355879,True
0,140,calibration,10958,10894,10954,60,4,1000,temporal,2,6,6,181.09282291141815,0.938469,0.759158,1.532437,1.446957,1.148516,2.151984,,1.355879,True
0,141,calibration,13077,12340,13060,720,6,1000,temporal,1,10,10,-539.8683738744875,1.775534,1.513117,2.371336,2.370765,1.872642,3.109652,,1.245463,True
0,141,calibration,13077,12340,13060,720,6,1000,static,2,61,61,-539.8683738744875,1.153765,0.896746,1.831339,2.615745,2.049849,3.450867,,1.245463,True
0,142,calibration,8886,8487,8847,360,4,1000,static,1,24,24,-36.60220623702685,2.624758,2.280768,3.553452,2.958032,2.408401,3.905144,,3.501604,True
0,142,calibration,8886,8487,8847,360,4,1000,temporal,2,7,7,-36.60220623702685,1.272434,1.010188,2.029208,1.829336,1.361528,2.664288,,3.501604,True
0,143,calibration,10979,10461,10641,180,4,200,temporal,1,2,2,83.31579172532976,2.332777,2.00428,3.001868,2.681083,1.947745,3.714125,,0.624454,True
0,143,calibration,10979,10461,10641,180,4,200,static,2,11,11,83.31579172532976,1.304502,1.029206,1.933092,2.375852,2.004771,3.150573,,0.624454,True
0,144,calibration,2678,2008,2368,360,2,200,static,1,12,12,-626.8365040028202,2.716076,2.168018,3.519271,2.958803,2.507381,4.161742,,1.943949,True
0,144,calibration,2678,2008,2368,360,2,200,temporal,2,5,5,-626.8365040028202,1.511806,1.306645,2.518077,6.799149,6.065891,7.948246,,1.943949,True
0,145,calibration,6088,5515,5875,360,6,1000,temporal,1,4,4,1709.0291452086562,1.959102,1.649634,2.681764,2.574743,2.012873,3.355553,,2.796948,True
0,145,calibration,6088,5515,5875,360,6,1000,static,2,26,26,1709.0291452086562,1.127284,0.917156,1.774443,2.919614,2.223542,3.770981,,2.796948,True
0,146,calibration,4848,4446,4626,180,8,1000,static,1,29,29,86.87056920814838,2.603196,2.247678,3.567573,2.128027,1.714052,2.916759,,1.176128,True
0,146,calibration,4848,4446,4626,180,8,1000,temporal,2,12,12,86.87056920814838,1.044018,0.855734,1.738528,1.682724,1.364152,2.742997,,1.176128,True
0,147,calibration,1823,1358,1538,180,6,1000,temporal,1,4,4,725.6390223834935,1.12411,0.911438,1.727412,3.513663,2.754585,4.45793,,1.227266,True
0,147,calibration,1823,1358,1538,180,6,1000,static,2,14,14,725.6390223834935,1.542051,1.264712,2.93665,2.13653,1.737628,3.001999,,1.227266,True
0,148,calibration,1891,254,1694,1440,4,5000,static,1,73,73,305.0984899449693,2.681363,1.938561,3.484138,16.623002,1.55419,17.618477,,1.964971,True
0,148,calibration,1891,254,1694,1440,4,5000,temporal,2,10,10,305.0984899449693,2.236411,1.659319,3.344247,2.979695,2.108468,3.994198,,1.964971,True
0,149,calibration,5485,5098,5158,60,4,1000,temporal,1,5,5,-165.23423371094592,2.469454,2.09619,4.639214,3.052676,2.561843,4.020208,,3.028048,True
0,149,calibration,5485,5098,5158,60,4,1000,static,2,8,8,-165.23423371094592,2.208709,1.801324,3.040757,2.413459,1.995307,3.230575,,3.028048,True
0,150,calibration,1818,1520,1700,180,4,1000,static,1,14,14,506.9326596583809,2.03741,1.730486,3.113317,2.626451,1.975136,3.821287,,3.157584,True
0,150,calibration,1818,1520,1700,180,4,1000,temporal,2,6,6,506.9326596583809,1.770436,1.425705,3.066696,3.376715,2.596526,4.287672,,3.157584,True
0,151,calibration,10933,10816,10876,60,4,200,temporal,1,3,3,238.31586860320556,2.049699,1.75282,2.914616,2.316492,1.972202,3.044753,,0.873471,True
0,151,calibration,10933,10816,10876,60,4,200,static,2,5,5,238.31586860320556,1.287286,1.062686,1.896808,2.879143,1.771608,3.642617,,0.873471,True
0,152,calibration,9809,9532,9712,180,2,5000,static,1,5,5,349.5499204118567,2.383604,2.009338,3.20086,2.424025,1.981506,25.146209,,1.3954,True
0,152,calibration,9809,9532,9712,180,2,5000,temporal,2,1,1,349.5499204118567,2.606941,2.179235,4.003102,2.452188,2.002317,3.52525,,1.3954,True
0,153,calibration,10797,10389,10569,180,6,200,temporal,1,3,3,-574.7348691820711,1.347888,1.093303,2.026454,3.469165,2.660081,4.621407,,1.426357,True
0,153,calibration,10797,10389,10569,180,6,200,static,2,13,13,-574.7348691820711,1.511315,1.233375,2.316272,2.652521,1.968055,3.686143,,1.426357,True
0,154,calibration,11193,9499,10939,1440,6,200,static,1,111,111,578.6386742921336,1.934555,1.491435,2.776498,2.803569,1.905652,3.875179,,0.931127,True
0,154,calibration,11193,9499,10939,1440,6,200,temporal,2,16,16,578.6386742921336,1.735234,1.173264,2.656767,3.076932,2.053094,4.223505,,0.931127,True
0,155,calibration,13007,12675,12855,180,4,200,temporal,1,2,2,-696.0617951537909,1.321899,1.094315,2.278505,3.562005,2.836639,4.654337,,2.289752,True
0,155,calibration,13007,12675,12855,180,4,200,static,2,9,9,-696.0617951537909,1.452456,1.190109,2.366478,1.94463,1.608682,2.99608,,2.289752,True
0,156,calibration,3846,3323,3683,360,6,1000,static,1,25,25,-1569.2485412936692,1.557665,1.344833,2.376232,2.10326,1.73979,3.177034,,1.049948,True
0,156,calibration,3846,3323,3683,360,6,1000,temporal,2,5,5,-1569.2485412936692,24.708767,24.407622,25.790792,2.287779,1.710997,3.514694,,1.049948,True
0,157,calibration,4983,3209,4649,1440,2,200,temporal,1,5,5,21.972086331177763,2.010269,1.626859,3.01579,1.93739,1.459477,3.08234,,1.392665,True
0,157,calibration,4983,3209,4649,1440,2,200,static,2,40,40,21.972086331177763,1.664396,1.335028,2.515873,2.139635,1.591817,3.246869,,1.392665,True
0,158,calibration,6506,6067,6247,180,4,200,static,1,11,11,-559.600035211505,1.670035,1.383242,2.583797,1.912181,1.409151,2.992174,,1.672679,True
0,158,calibration,6506,6067,6247,180,4,200,temporal,2,2,2,-559.600035211505,1.018079,0.838318,1.888526,1.955657,1.647461,3.058674,,1.672679,True
0,159,calibration,10193,9623,9983,360,2,200,temporal,1,1,1,492.5007953975261,1.405235,1.1774,2.254338,2.358916,1.948586,3.47912,,1.149779,True
0,159,calibration,10193,9623,9983,360,2,200,static,2,7,7,492.5007953975261,1.063328,0.846409,1.954925,2.126065,1.581391,3.261822,,1.149779,True
0,160,calibration,13326,12855,13035,180,6,5000,static,1,13,13,-941.7591451659276,1.620881,1.361458,2.456354,2.852733,2.244915,3.872205,,1.801504,True
0,160,calibration,13326,12855,13035,180,6,5000,temporal,2,3,3,-941.7591451659276,1.50807,1.24344,2.438667,1.970319,1.530504,3.150523,,1.801504,True
0,161,calibration,11788,10139,11579,1440,2,5000,temporal,1,6,6,-192.46305556149483,23.628925,1.120564,24.688155,3.081048,2.43384,4.327924,,0.924288,True
0,161,calibration,11788,10139,11579,1440,2,5000,static,2,40,40,-192.46305556149483,1.260356,0.945971,2.138954,3.04907,2.463685,4.152388,,0.924288,True
0,162,calibration,5084,4591,4951,360,6,1000,static,1,31,31,-1521.6822008011777,1.559027,1.311203,2.429883,2.11028,1.571697,3.199247,,1.305244,True
0,162,calibration,5084,4591,4951,360,6,1000,temporal,2,5,5,-1521.6822008011777,2.249972,1.918841,3.24734,2.187117,1.632047,3.360831,,1.305244,True
0,163,calibration,6059,5407,5767,360,4,5000,temporal,1,3,3,1275.104301645821,1.83245,1.567471,2.747504,1.969658,1.419696,3.158725,,1.762465,True
0,163,calibration,6059,5407,5767,360,4,5000,static,2,18,18,1275.104301645821,1.114795,0.915514,2.081777,2.309101,1.889427,3.371357,,1.762465,True
0,164,calibration,10157,8714,10154,1440,4,1000,static,1,74,74,-310.6471643333103,1.969628,1.631707,3.079485,2.735966,2.002538,3.862519,,2.786904,True
0,164,calibration,10157,8714,10154,1440,4,1000,temporal,2,11,11,-310.64716433331034,1.735534,1.105341,2.835737,1.977099,1.46115,3.154549,,2.786904,True
0,165,calibration,13785,13424,13604,180,2,1000,temporal,1,1,1,373.6025234159749,1.725579,1.473988,2.646402,2.735967,2.04404,28.754293,,2.835517,True
0,165,calibration,13785,13424,13604,180,2,1000,static,2,6,6,373.6025234159749,2.019463,1.670646,226.265121,3.285668,2.478567,5.040576,,2.835517,True
0,166,calibration,4569,3835,4555,720,4,200,static,1,38,38,1452.1721321196496,2.366758,1.927494,3.106256,1.877669,1.429021,2.941567,,0.793179,True
0,166,calibration,4569,3835,4555,720,4,200,temporal,2,6,6,1452.1721321196496,0.964558,0.790685,1.896678,1.796476,1.436152,2.75849,,0.793179,True
0,167,calibration,7566,7344,7524,180,2,1000,temporal,1,1,1,-151.96126308892926,1.170991,0.994774,2.021977,3.321772,2.52025,4.251147,,2.42751,True
0,167,calibration,7566,7344,7524,180,2,1000,static,2,5,5,-151.96126308892926,1.254316,1.030217,2.053976,3.211165,2.4865,5.315256,,2.42751,True
0,168,calibration,9332,8951,9011,60,4,1000,static,1,6,6,-199.35467111733809,1.472356,1.225463,2.157231,3.576538,3.077834,4.522447,,1.967424,True
0,168,calibration,9332,8951,9011,60,4,1000,temporal,2,2,2,-199.35467111733809,1.202348,1.006182,2.397875,2.877681,1.977059,4.004054,,1.967424,True
0,169,calibration,7581,5863,7303,1440,4,200,temporal,1,12,12,-141.10931199091863,1.504545,1.214607,2.311135,2.145554,1.582333,2.982279,,2.350124,True
0,169,calibration,7581,5863,7303,1440,4,200,static,2,75,75,-141.10931199091863,1.038701,0.76723,1.733641,3.429525,2.423154,4.78214,,2.350124,True
0,170,calibration,14070,13365,13725,360,4,5000,static,1,17,17,1073.06219794909,1.320527,1.074164,2.138112,1.740151,1.361358,2.825672,,0.905729,True
0,170,calibration,14070,13365,13725,360,4,5000,temporal,2,2,2,1073.06219794909,1.204341,0.901964,3.102971,3.06937,2.478297,4.343386,,0.905729,True
0,171,calibration,6374,4618,6058,1440,4,5000,temporal,1,11,11,-124.86014498790232,1.820803,1.508611,2.894406,2.054135,1.426877,3.117734,,0.959872,True
0,171,calibration,6374,4618,6058,1440,4,5000,static,2,72,72,-124.86014498790254,1.090549,0.862805,1.983749,3.940437,2.858752,5.086931,,0.959872,True
0,172,calibration,9054,7452,8892,1440,4,1000,static,1,76,76,-358.6485373216788,1.583144,1.243991,2.590526,1.843167,1.301538,2.822567,,1.453758,True
0,172,calibration,9054,7452,8892,1440,4,1000,temporal,2,13,13,-358.6485373216788,2.663477,1.978342,3.718051,2.953906,2.048537,3.761938,,1.453758,True
0,173,calibration,8974,7349,8789,1440,6,200,temporal,1,16,16,-285.643860173968,2.732631,2.044261,3.447983,2.860144,1.985482,3.728838,,2.530967,True
0,173,calibration,8974,7349,8789,1440,6,200,static,2,114,114,-285.6438601739674,1.617125,1.288668,2.388111,2.013204,1.340667,3.316965,,2.530967,True
0,174,calibration,4054,3668,4028,360,8,200,static,1,45,45,42.44849790158646,1.482993,1.212102,2.361436,3.539261,2.865472,4.421099,,19.429866,True
0,174,calibration,4054,3668,4028,360,8,200,temporal,2,12,12,42.44849790158646,1.647641,1.423011,2.353147,2.242411,1.731328,3.629403,,19.429866,True
0,175,calibration,12330,11940,12300,360,2,1000,temporal,1,1,1,284.4167602241449,1.952462,1.655112,2.661864,2.113295,1.682994,3.128651,,1.936638,True
0,175,calibration,12330,11940,12300,360,2,1000,static,2,9,9,284.4167602241449,1.409511,1.168757,2.123801,2.577918,2.005702,3.357687,,1.936638,True
0,176,calibration,12619,12237,12597,360,2,1000,static,1,12,12,614.5092262991432,1.60058,1.335238,2.299016,1.942898,1.584246,2.680483,,1.775164,True
0,176,calibration,12619,12237,12597,360,2,1000,temporal,2,4,4,614.5092262991432,1.568988,1.320872,2.455212,1.763897,1.268738,2.489985,,1.775164,True
0,177,calibration,9186,7478,8918,1440,4,1000,temporal,1,13,13,-405.04938843027645,1.755253,1.397493,2.627072,2.464846,1.791018,3.442725,,2.132474,True
0,177,calibration,9186,7478,8918,1440,4,1000,static,2,76,76,-405.04938843027566,1.34255,0.884206,1.999092,2.402202,1.77871,3.476907,,2.132474,True
0,178,calibration,8679,7967,8327,360,6,200,static,1,36,36,1306.8884389300565,1.196609,0.973632,1.877098,2.462833,1.999744,3.245657,,3.898775,True
0,178,calibration,8679,7967,8327,360,6,200,temporal,2,9,9,1306.8884389300565,1.142097,0.949837,1.853963,1.861064,1.507769,2.544898,,3.898775,True
0,179,calibration,12688,12431,12491,60,2,200,temporal,1,3,3,-2.166481099977874,1.424974,1.152362,2.280628,1.89198,1.612267,2.918672,,2.34769,True
0,179,calibration,12688,12431,12491,60,2,200,static,2,3,3,-2.166481099977874,1.031179,0.821692,1.705368,1.506979,1.291973,2.203091,,2.34769,True
0,180,regular_holdout,19783,18001,19441,1440,4,200,static,1,72,72,-152.07810610188199,1.991972,1.556073,2.909559,2.086925,1.425365,2.87768,,1.127965,True
0,180,regular_holdout,19783,18001,19441,1440,4,200,temporal,2,10,10,-152.07810610187894,1.306104,0.901843,2.004721,1.896337,1.367888,2.644719,,1.127965,True
0,181,regular_holdout,25411,25021,25201,180,2,1000,temporal,1,1,1,-92.66129352412591,1.42235,1.166464,2.094356,1.563514,1.251723,2.712812,,0.716433,True
0,181,regular_holdout,25411,25021,25201,180,2,1000,static,2,4,4,-92.66129352412591,1.232513,0.95249,1.901374,1.659709,1.19733,2.675305,,0.716433,True
0,182,regular_holdout,17389,16463,17183,720,4,5000,static,1,37,37,-1554.0226022182148,1.640821,1.405385,2.353028,2.040224,1.41548,2.800154,,0.656242,True
0,182,regular_holdout,17389,16463,17183,720,4,5000,temporal,2,6,6,-1554.0226022182148,1.110459,0.900521,1.785339,1.593479,1.187005,2.3881,,0.656242,True
0,183,regular_holdout,20866,20365,20545,180,2,200,temporal,1,3,3,55.52176261792965,1.076467,0.860201,1.762084,1.44855,1.166964,2.137341,,1.610495,True
0,183,regular_holdout,20866,20365,20545,180,2,200,static,2,8,8,55.52176261792965,1.040813,0.83968,1.614331,1.430132,1.162978,2.291474,,1.610495,True
0,184,regular_holdout,21288,20618,20978,360,6,200,static,1,27,27,-1430.7160457135838,1.054003,0.802433,1.738408,1.676946,1.287657,2.51346,,0.934783,True
0,184,regular_holdout,21288,20618,20978,360,6,200,temporal,2,4,4,-1430.7160457135838,1.043468,0.845248,1.745029,2.001416,1.582273,2.772242,,0.934783,True
0,185,regular_holdout,17394,17007,17367,360,4,200,temporal,1,2,2,-85.30372614855673,0.994633,0.796494,1.588402,1.550795,1.209969,2.522884,,1.448229,True
0,185,regular_holdout,17394,17007,17367,360,4,200,static,2,17,17,-85.30372614855673,1.148677,0.918759,1.759911,1.490193,1.168767,2.257242,,1.448229,True
0,186,regular_holdout,25452,23818,25258,1440,4,5000,static,1,73,73,-222.14273617817864,1.090959,0.814561,1.643445,1.847523,1.295268,2.639941,,1.232974,True
0,186,regular_holdout,25452,23818,25258,1440,4,5000,temporal,2,11,11,-222.14273617817864,1.067304,0.82044,1.776035,1.64073,1.172582,2.458137,,1.232974,True
0,187,regular_holdout,16550,15932,16292,360,4,200,temporal,1,5,5,517.7007837374381,1.619408,1.317562,2.613311,1.740792,1.394579,2.757299,,1.970289,True
0,187,regular_holdout,16550,15932,16292,360,4,200,static,2,22,22,517.7007837374381,1.166684,0.943987,1.847142,1.808694,1.47507,2.589565,,1.970289,True
0,188,regular_holdout,18846,18383,18743,360,4,1000,static,1,17,17,-260.7124969824564,1.199664,0.97859,1.943147,1.504725,1.158151,2.32148,,2.029909,True
0,188,regular_holdout,18846,18383,18743,360,4,1000,temporal,2,3,3,-260.7124969824564,1.150159,0.959731,1.855635,1.703555,1.191271,2.423584,,2.029909,True
0,189,regular_holdout,19814,19445,19625,180,8,200,temporal,1,8,8,-1409.652096664349,1.477855,1.27043,2.117111,1.760001,1.424945,2.598528,,0.921914,True
0,189,regular_holdout,19814,19445,19625,180,8,200,static,2,27,27,-1409.652096664349,1.076728,0.847271,1.775304,1.609413,1.298203,2.509975,,0.921914,True
0,190,regular_holdout,26112,24600,26040,1440,6,1000,static,1,112,112,-82.03378463502153,1.388299,1.016356,2.178694,2.317514,1.427388,3.030262,,2.087185,True
0,190,regular_holdout,26112,24600,26040,1440,6,1000,temporal,2,17,17,-82.03378463502153,1.173093,0.851567,1.997771,1.960384,1.281397,2.720042,,2.087185,True
0,191,regular_holdout,21193,20923,21103,180,4,1000,temporal,1,6,6,-665.6929022607982,1.219363,0.975224,1.827883,1.600269,1.260395,2.292015,,0.544844,True
0,191,regular_holdout,21193,20923,21103,180,4,1000,static,2,13,13,-665.6929022607982,1.143149,0.944709,1.764057,1.534971,1.236339,2.296252,,0.544844,True
0,192,regular_holdout,18252,17803,17983,180,4,200,static,1,9,9,429.9880603277931,1.109277,0.90554,1.741172,1.526848,1.227566,2.212485,,1.620771,True
0,192,regular_holdout,18252,17803,17983,180,4,200,temporal,2,2,2,429.9880603277931,1.14384,0.961103,1.783447,1.558927,1.269709,2.3746,,1.620771,True
0,193,regular_holdout,27179,26777,27137,360,4,1000,temporal,1,6,6,1216.18270775301,1.485716,1.106493,2.181929,2.01719,1.597195,2.833975,,2.064431,True
0,193,regular_holdout,27179,26777,27137,360,4,1000,static,2,21,21,1216.18270775301,2.045182,1.768474,2.748315,1.763606,1.29618,2.601674,,2.064431,True
0,194,regular_holdout,19803,19518,19578,60,8,5000,static,1,13,13,-487.31742190609253,1.225993,1.003858,1.909557,1.849977,1.55412,2.750268,,1.641001,True
0,194,regular_holdout,19803,19518,19578,60,8,5000,temporal,2,5,5,-487.31742190609253,1.125081,0.837677,3.480001,1.84558,1.406797,2.567191,,1.641001,True
0,195,regular_holdout,18044,17916,17976,60,2,5000,temporal,1,1,1,38.745078226720096,1.241317,1.019712,1.896708,1.564896,1.335399,3.277025,,2.421271,True
0,195,regular_holdout,18044,17916,17976,60,2,5000,static,2,3,3,38.745078226720096,0.9126,0.731015,1.563293,1.851359,1.446366,2.50716,,2.421271,True
0,196,regular_holdout,23768,23577,23757,180,2,200,static,1,5,5,-316.6289264108975,1.392255,1.139714,1.997249,1.429922,1.126222,2.190702,,3.383515,True
0,196,regular_holdout,23768,23577,23757,180,2,200,temporal,2,1,1,-316.6289264108975,1.059752,0.858498,1.683866,1.2897,1.043848,1.974605,,3.383515,True
0,197,regular_holdout,27828,26202,27642,1440,2,200,temporal,1,6,6,-163.72996440485207,2.292175,1.962087,4.280873,1.876457,1.390743,2.612409,,4.4052,True
0,197,regular_holdout,27828,26202,27642,1440,2,200,static,2,34,34,-163.72996440485207,1.295038,0.997788,2.147276,1.828344,1.281708,2.584818,,4.4052,True
0,198,regular_holdout,23483,23192,23252,60,8,1000,static,1,11,11,193.70944950033862,1.373496,1.135466,2.034646,1.962487,1.336611,2.733633,,1.868745,True
0,198,regular_holdout,23483,23192,23252,60,8,1000,temporal,2,5,5,193.70944950033862,1.013772,0.818728,1.615923,1.714232,1.401328,2.462553,,1.868745,True
0,199,regular_holdout,19112,17382,18822,1440,2,1000,temporal,1,4,4,48.95565336695726,1.495021,1.136398,2.15622,1.652338,1.175917,2.377044,,1.294808,True
0,199,regular_holdout,19112,17382,18822,1440,2,1000,static,2,39,39,48.95565336695726,1.006582,0.777836,1.707762,1.439977,1.034604,2.138062,,1.294808,True
0,200,regular_holdout,18148,17799,17859,60,4,200,static,1,4,4,156.85915958172876,1.230871,1.031389,1.826011,1.369641,1.105582,2.058122,,2.15617,True
0,200,regular_holdout,18148,17799,17859,60,4,200,temporal,2,2,2,156.85915958172876,1.126934,0.947863,1.700221,1.330041,1.080383,2.013485,,2.15617,True
0,201,regular_holdout,17766,17625,17685,60,6,200,temporal,1,3,3,415.9889514767242,3.285917,2.720272,4.158107,3.718962,2.826844,5.187999,,1.287737,True
0,201,regular_holdout,17766,17625,17685,60,6,200,static,2,8,8,415.9889514767242,2.079665,1.707832,3.468945,4.842612,2.025853,6.180514,,1.287737,True
0,202,regular_holdout,23215,22766,22946,180,4,200,static,1,8,8,535.6929062603957,3.180078,2.742286,3.946978,2.662765,2.234538,3.496612,,2.194919,True
0,202,regular_holdout,23215,22766,22946,180,4,200,temporal,2,2,2,535.6929062603957,2.437215,1.988256,3.185707,2.781035,2.25579,3.699378,,2.194919,True
0,203,regular_holdout,17312,16367,17087,720,2,1000,temporal,1,3,3,-497.70531074427544,1.695453,1.385535,2.418787,3.338287,2.533811,4.158147,,1.788554,True
0,203,regular_holdout,17312,16367,17087,720,2,1000,static,2,20,20,-497.70531074427544,1.805309,1.424073,2.493385,2.448111,1.962197,3.256414,,1.788554,True
0,204,regular_holdout,16441,16020,16200,180,4,200,static,1,9,9,402.76983346156715,1.979312,1.687491,2.600742,2.306336,1.929057,3.097944,,1.116097,True
0,204,regular_holdout,16441,16020,16200,180,4,200,temporal,2,2,2,402.76983346156715,1.466437,1.217751,2.152004,2.095728,1.742505,2.921467,,1.116097,True
0,205,regular_holdout,20040,18501,19941,1440,4,200,temporal,1,11,11,-106.33396589324165,2.84465,2.478397,3.559572,3.0496,2.236692,3.868479,,0.841612,True
0,205,regular_holdout,20040,18501,19941,1440,4,200,static,2,73,73,-106.33396589324165,1.385495,1.087043,2.105703,13.30822,12.642093,14.053818,,0.841612,True
0,206,regular_holdout,16111,15850,16030,180,2,1000,static,1,8,8,-151.8297491782284,1.860723,1.583083,2.444726,1.976438,1.462662,2.688074,,1.899612,True
0,206,regular_holdout,16111,15850,16030,180,2,1000,temporal,2,3,3,-151.8297491782284,1.076297,0.883967,1.673971,2.186837,1.617154,2.930441,,1.899612,True
0,207,regular_holdout,21535,19932,21372,1440,4,1000,temporal,1,11,11,-13.767593177751223,1.44212,0.989676,2.053355,2.001817,1.304082,2.761445,,0.578715,True
0,207,regular_holdout,21535,19932,21372,1440,4,1000,static,2,75,75,-13.76759317775355,1.714372,1.350212,2.316112,1.77275,1.254777,2.475082,,0.578715,True
0,208,regular_holdout,28322,26663,28103,1440,2,1000,static,1,41,41,-94.31023882359978,1.290541,0.948584,1.990349,1.75948,1.253676,2.490755,,0.637674,True
0,208,regular_holdout,28322,26663,28103,1440,2,1000,temporal,2,6,6,-94.31023882359978,1.005229,0.764416,1.7465,1.700902,1.184842,2.401641,,0.637674,True
0,209,regular_holdout,26350,24679,26119,1440,2,1000,temporal,1,6,6,-37.413231606959144,1.1773,0.895984,2.179465,2.029969,1.395249,2.751035,,1.235748,True
0,209,regular_holdout,26350,24679,26119,1440,2,1000,static,2,34,34,-37.413231606959144,1.986733,1.375449,2.749978,2.036629,1.401619,2.757058,,1.235748,True
0,210,regular_holdout,16897,16747,16807,60,2,200,static,1,4,4,-77.03043498335282,1.537324,1.30987,2.175579,1.721523,1.454288,2.44041,,0.845198,True
0,210,regular_holdout,16897,16747,16807,60,2,200,temporal,2,2,2,-77.03043498335282,1.113473,0.899169,1.757948,1.660671,1.417033,2.37452,,0.845198,True
0,211,regular_holdout,18823,18355,18535,180,2,1000,temporal,1,1,1,-242.7896778249574,1.102217,0.891037,1.73286,1.585878,1.309259,2.479539,,2.273297,True
0,211,regular_holdout,18823,18355,18535,180,2,1000,static,2,5,5,-242.7896778249574,0.964769,0.750855,1.817177,1.774924,1.489822,2.566591,,2.273297,True
0,212,regular_holdout,19031,18540,18720,180,2,5000,static,1,5,5,57.41815273581958,1.624386,1.260666,2.241699,1.668223,1.352475,14.858174,,1.247676,True
0,212,regular_holdout,19031,18540,18720,180,2,5000,temporal,2,1,1,57.41815273581958,1.756075,1.419135,2.494952,1.954235,1.586238,2.934737,,1.247676,True
0,213,regular_holdout,18022,17956,18016,60,4,5000,temporal,1,2,2,75.65553489270391,1.135767,0.922405,1.755514,1.55405,1.31671,2.255029,,1.485597,True
0,213,regular_holdout,18022,17956,18016,60,4,5000,static,2,5,5,75.65553489270391,1.12451,0.888453,1.750587,1.386256,1.175628,2.134778,,1.485597,True
0,214,regular_holdout,25759,24056,25496,1440,2,1000,static,1,40,40,100.2145140451563,1.109287,0.815994,1.697066,3.00301,2.244213,3.817431,,0.604213,True
0,214,regular_holdout,25759,24056,25496,1440,2,1000,temporal,2,5,5,100.2145140451563,1.365434,1.067764,2.230281,1.830017,1.32273,2.73178,,0.604213,True
0,215,regular_holdout,17342,16452,17172,720,2,200,temporal,1,3,3,-665.8748002661976,1.461279,1.189649,2.15595,1.694942,1.245182,2.456654,,4.78202,True
0,215,regular_holdout,17342,16452,17172,720,2,200,static,2,17,17,-665.8748002661976,1.46174,1.249599,2.163961,1.458556,1.119042,2.20214,,4.78202,True
0,216,regular_holdout,22768,22470,22650,180,4,1000,static,1,12,12,-134.2300334958438,1.169929,0.921022,2.033505,2.404795,1.80517,3.269103,,1.113824,True
0,216,regular_holdout,22768,22470,22650,180,4,1000,temporal,2,5,5,-134.2300334958438,1.170089,0.931779,2.111353,2.059193,1.511696,3.114459,,1.113824,True
0,217,regular_holdout,17051,16468,16828,360,2,1000,temporal,1,3,3,-93.25309244717171,1.113984,0.876104,1.966363,1.959292,1.472517,2.950381,,0.989777,True
0,217,regular_holdout,17051,16468,16828,360,2,1000,static,2,10,10,-93.25309244717171,1.290321,1.047424,2.182339,1.840282,1.493298,2.872563,,0.989777,True
0,218,regular_holdout,25991,25503,25863,360,2,1000,static,1,9,9,637.8089143193826,1.121476,0.878399,1.995186,1.690456,1.235799,19.88557,,1.571897,True
0,218,regular_holdout,25991,25503,25863,360,2,1000,temporal,2,1,1,637.8089143193826,1.433477,1.1315,2.319437,1.523924,1.179794,2.510811,,1.571897,True
0,219,regular_holdout,22409,22176,22356,180,4,200,temporal,1,2,2,-752.489109138324,2.307358,1.980504,3.142491,1.708483,1.40258,2.833564,,6.008204,True
0,219,regular_holdout,22409,22176,22356,180,4,200,static,2,7,7,-752.489109138324,1.008434,0.808543,1.846852,2.06417,1.590645,3.125746,,6.008204,True
0,220,regular_holdout,16033,15209,15929,720,4,200,static,1,39,39,-1617.000910856751,1.763076,1.532817,2.704048,2.075208,1.602042,2.983931,,1.582423,True
0,220,regular_holdout,16033,15209,15929,720,4,200,temporal,2,6,6,-1617.000910856751,1.297642,1.074334,2.016479,1.490253,1.124149,2.445938,,1.582423,True
0,221,regular_holdout,21424,20956,21316,360,6,1000,temporal,1,9,9,-1179.2679615519644,1.229548,1.028305,2.048036,1.851209,1.370792,2.624238,,2.887225,True
0,221,regular_holdout,21424,20956,21316,360,6,1000,static,2,36,36,-1179.2679615519644,1.529352,1.266745,2.359077,2.539499,1.865781,3.351718,,2.887225,True
0,222,regular_holdout,25419,25093,25153,60,2,1000,static,1,3,3,-70.14409562877375,1.79857,1.469662,2.651679,2.116129,1.813562,2.913115,,1.983599,True
0,222,regular_holdout,25419,25093,25153,60,2,1000,temporal,2,1,1,-70.14409562877375,1.533589,1.260326,2.425077,2.095819,1.710546,3.129902,,1.983599,True
0,223,regular_holdout,25327,24628,24988,360,2,1000,temporal,1,1,1,-256.2354375714639,1.65402,1.292334,2.510887,2.349722,1.835986,3.525691,,1.900113,True
0,223,regular_holdout,25327,24628,24988,360,2,1000,static,2,9,9,-256.2354375714639,1.339856,1.077539,2.227818,2.117732,1.715974,3.170914,,1.900113,True
0,224,regular_holdout,26707,26449,26629,180,4,1000,static,1,11,11,-458.25743345491526,1.238061,1.01225,1.864118,1.714723,1.270611,2.439448,,1.741754,True
0,224,regular_holdout,26707,26449,26629,180,4,1000,temporal,2,2,2,-458.25743345491526,0.947121,0.720039,1.669394,1.523854,1.225403,2.248449,,1.741754,True
0,225,regular_holdout,22467,22140,22200,60,8,200,temporal,1,4,4,-343.1512035651211,1.017188,0.808402,1.69995,1.63318,1.25639,2.360058,,2.465538,True
0,225,regular_holdout,22467,22140,22200,60,8,200,static,2,10,10,-343.1512035651211,1.034564,0.82656,1.922817,1.637265,1.348599,2.490185,,2.465538,True
0,226,regular_holdout,26262,25478,26198,720,6,200,static,1,59,59,1429.422988113205,1.27656,0.979481,1.875015,1.844378,1.313005,2.563305,,2.223001,True
0,226,regular_holdout,26262,25478,26198,720,6,200,temporal,2,10,10,1429.422988113205,1.21049,0.966912,1.797277,1.644717,1.190219,2.329532,,2.223001,True
0,227,regular_holdout,28236,28023,28083,60,4,1000,temporal,1,2,2,6.01960612423332,1.363952,1.141025,1.996268,1.601281,1.334037,2.338826,,2.319897,True
0,227,regular_holdout,28236,28023,28083,60,4,1000,static,2,4,4,6.01960612423332,1.169779,0.940922,1.786861,1.624406,1.395801,2.448472,,2.319897,True
0,228,regular_holdout,19310,18814,19174,360,4,200,static,1,23,23,1211.543701106597,1.489151,1.250381,2.115018,2.695366,2.130111,3.445028,,2.819182,True
0,228,regular_holdout,19310,18814,19174,360,4,200,temporal,2,7,7,1211.543701106597,1.496173,1.221757,2.151473,1.950839,1.536353,2.740303,,2.819182,True
0,229,regular_holdout,19815,19375,19735,360,4,1000,temporal,1,6,6,-1239.7528418529566,1.7728,1.42155,3.195577,2.60551,1.897098,3.414688,,2.161728,True
0,229,regular_holdout,19815,19375,19735,360,4,1000,static,2,22,22,-1239.7528418529566,1.529402,1.253145,2.395387,2.251134,1.7394,3.664019,,2.161728,True
0,230,regular_holdout,17787,17267,17627,360,6,1000,static,1,35,35,1346.7260041670406,3.337857,2.894015,4.248874,2.303001,1.766671,3.269714,,6.635923,True
0,230,regular_holdout,17787,17267,17627,360,6,1000,temporal,2,9,9,1346.7260041670406,3.480893,3.080758,4.294763,2.241319,1.698588,3.337807,,6.635923,True
0,231,regular_holdout,16677,16174,16354,180,4,5000,temporal,1,2,2,627.2442769327456,1.437163,1.168336,2.318044,1.927834,1.525276,2.980026,,1.657877,True
0,231,regular_holdout,16677,16174,16354,180,4,5000,static,2,12,12,627.2442769327456,1.360407,0.848433,2.280628,1.882636,1.476553,3.017472,,1.657877,True
0,232,regular_holdout,23151,22157,22877,720,2,1000,static,1,21,21,-97.75991458800245,1.870808,1.526177,2.746292,2.34166,1.805981,3.465669,,1.994616,True
0,232,regular_holdout,23151,22157,22877,720,2,1000,temporal,2,3,3,-97.75991458800245,1.509883,1.22355,2.408431,2.600461,2.033004,3.874248,,1.994616,True
0,233,regular_holdout,22326,20679,22119,1440,6,5000,temporal,1,16,16,-433.04035432829323,2.419268,1.999563,3.536267,2.511687,1.795825,3.647795,,3.316294,True
0,233,regular_holdout,22326,20679,22119,1440,6,5000,static,2,106,106,-433.04035432829323,1.795875,1.341307,2.889689,3.00252,2.140756,4.311698,,3.316294,True
0,234,regular_holdout,23993,23924,23984,60,8,200,static,1,14,14,16.010922253035776,2.462083,2.021326,3.443086,2.811861,2.319327,6.103027,,3.146727,True
0,234,regular_holdout,23993,23924,23984,60,8,200,temporal,2,6,6,16.010922253035776,1.868114,1.489943,8.225176,3.180989,2.479899,5.87986,,3.146727,True
0,235,regular_holdout,23051,22412,22772,360,4,1000,temporal,1,6,6,253.42289287046955,1.828124,1.493909,2.702255,3.067587,1.648492,5.237198,,3.250073,True
0,235,regular_holdout,23051,22412,22772,360,4,1000,static,2,23,23,253.42289287046955,2.219736,1.963959,3.069751,2.044792,1.652469,2.985464,,3.250073,True
0,236,regular_holdout,27194,26517,26877,360,2,200,static,1,9,9,470.28303706398447,1.469321,1.182598,2.17617,1.675433,1.364483,2.526139,,1.065481,True
0,236,regular_holdout,27194,26517,26877,360,2,200,temporal,2,1,1,470.28303706398447,1.13743,0.917307,1.906653,1.496012,1.148727,2.493851,,1.065481,True
0,237,regular_holdout,23778,23243,23423,180,2,200,temporal,1,4,4,-193.4144613481365,1.509493,1.242809,2.293598,1.684757,1.315489,2.51368,,2.131252,True
0,237,regular_holdout,23778,23243,23423,180,2,200,static,2,8,8,-193.4144613481365,1.041435,0.796975,1.729425,1.625217,1.304533,2.46044,,2.131252,True
0,238,regular_holdout,18582,16823,18263,1440,6,1000,static,1,115,115,-535.6182999248372,1.546208,1.120985,2.51327,2.327118,1.668082,3.420441,,1.150449,True
0,238,regular_holdout,18582,16823,18263,1440,6,1000,temporal,2,16,16,-535.6182999248372,1.297131,0.988344,2.145494,2.039303,1.361749,3.150814,,1.150449,True
0,239,regular_holdout,24457,23833,24193,360,4,5000,temporal,1,6,6,193.98287572424107,1.800652,1.462491,2.694273,2.432127,1.854114,3.491498,,1.127114,True
0,239,regular_holdout,24457,23833,24193,360,4,5000,static,2,23,23,193.98287572424107,1.557896,1.235848,2.436033,1.941245,1.450403,2.985634,,1.127114,True
0,240,regular_holdout,17115,15348,16788,1440,2,200,static,1,40,40,-11.93311066356572,1.286686,1.003727,2.180387,2.016018,1.440809,3.004012,,1.142527,True
0,240,regular_holdout,17115,15348,16788,1440,2,200,temporal,2,5,5,-11.93311066356572,1.154576,0.883325,1.993473,1.968927,1.398775,3.047397,,1.142527,True
0,241,regular_holdout,20655,20275,20455,180,6,200,temporal,1,6,6,1100.0076325084253,1.835365,1.482031,2.741816,2.530676,1.980915,3.716008,,1.952101,True
0,241,regular_holdout,20655,20275,20455,180,6,200,static,2,19,19,1100.0076325084253,1.484014,1.210921,2.636607,2.146656,1.78556,3.149893,,1.952101,True
0,242,regular_holdout,20369,19926,20286,360,2,1000,static,1,12,12,147.30709347371513,1.263991,0.979992,2.123149,1.868876,1.486307,2.989159,,1.829295,True
0,242,regular_holdout,20369,19926,20286,360,2,1000,temporal,2,3,3,147.30709347371513,1.080143,0.872128,1.962487,1.651897,1.312685,2.682385,,1.829295,True
0,243,regular_holdout,24557,24096,24276,180,4,200,temporal,1,2,2,467.96678503827894,1.345995,1.016347,2.212435,1.627661,1.284212,2.648855,,1.399416,True
0,243,regular_holdout,24557,24096,24276,180,4,200,static,2,8,8,467.96678503827894,1.13772,0.91281,2.008356,1.671798,1.353276,2.739071,,1.399416,True
0,244,regular_holdout,20228,19311,20031,720,2,200,static,1,20,20,-876.2139506642078,1.575973,1.221627,2.433369,2.320579,1.800593,3.359139,,1.318103,True
0,244,regular_holdout,20228,19311,20031,720,2,200,temporal,2,3,3,-876.2139506642078,1.524234,1.239634,2.433259,1.831539,1.412395,2.891652,,1.318103,True
0,245,regular_holdout,25140,24751,25111,360,8,1000,temporal,1,6,6,-2410.9191110093984,1.343341,1.087985,1.963789,2.312667,1.858479,3.062611,,4.24591,True
0,245,regular_holdout,25140,24751,25111,360,8,1000,static,2,37,37,-2410.9191110093984,1.032221,0.809714,1.601701,1.859271,1.46834,2.562595,,4.24591,True
0,246,regular_holdout,24465,24207,24387,180,4,200,static,1,9,9,666.0363839025974,1.142217,0.922375,1.733841,1.703456,1.406236,2.38107,,0.75393,True
0,246,regular_holdout,24465,24207,24387,180,4,200,temporal,2,2,2,666.0363839025974,1.066152,0.881433,1.640931,2.332997,1.985051,3.028058,,0.75393,True
0,247,regular_holdout,23640,22049,23489,1440,2,1000,temporal,1,7,7,15.853368332065713,1.655102,1.29597,2.268991,2.206316,1.69315,2.932984,,2.101036,True
0,247,regular_holdout,23640,22049,23489,1440,2,1000,static,2,41,41,15.853368332065713,1.566909,1.022987,2.171783,2.480079,1.723345,3.193919,,2.101036,True
0,248,regular_holdout,24372,23350,24070,720,2,200,static,1,22,22,-850.2304609726788,1.483022,1.150169,2.135779,2.112815,1.651797,2.830009,,1.279404,True
0,248,regular_holdout,24372,23350,24070,720,2,200,temporal,2,4,4,-850.2304609726788,1.374218,0.973312,1.960133,2.150441,1.594681,2.864781,,1.279404,True
0,249,regular_holdout,24461,24055,24415,360,2,200,temporal,1,1,1,451.22086699916747,2.383384,1.991381,3.050483,2.530146,1.798929,3.291326,,1.193564,True
0,249,regular_holdout,24461,24055,24415,360,2,200,static,2,10,10,451.22086699916747,1.234486,0.922955,1.889957,1.690496,1.304272,2.366388,,1.193564,True
0,250,regular_holdout,25221,24905,24965,60,8,5000,static,1,8,8,-483.3778029469833,2.004551,1.640109,2.998524,2.368941,1.616444,3.611881,,1.708453,True
0,250,regular_holdout,25221,24905,24965,60,8,5000,temporal,2,4,4,-483.3778029469833,1.550294,1.261747,2.4473,1.939472,1.654402,3.076371,,1.708453,True
0,251,regular_holdout,18140,16461,17901,1440,2,200,temporal,1,6,6,109.91474590008681,1.861745,1.539728,2.740634,3.629618,2.633832,4.786016,,1.635763,True
0,251,regular_holdout,18140,16461,17901,1440,2,200,static,2,42,42,109.91474590008681,2.114076,1.492937,3.258396,2.725141,1.854534,3.988921,,1.635763,True
0,252,regular_holdout,27353,26929,27289,360,2,1000,static,1,11,11,615.2674420203141,1.621231,1.286815,2.441191,1.804888,1.458765,2.833323,,0.837677,True
0,252,regular_holdout,27353,26929,27289,360,2,1000,temporal,2,2,2,615.2674420203141,1.280906,1.040933,2.269982,1.730326,1.403522,2.887415,,0.837677,True
0,253,regular_holdout,22590,22086,22266,180,2,200,temporal,1,1,1,-157.04087719817227,1.527539,1.241356,2.38117,2.064682,1.745078,3.116622,,0.765597,True
0,253,regular_holdout,22590,22086,22266,180,2,200,static,2,5,5,-157.04087719817227,1.397283,1.075456,2.354059,1.566659,1.309349,2.676256,,0.765597,True
0,254,regular_holdout,24167,23472,23832,360,4,1000,static,1,17,17,-1286.6085640388583,1.736606,1.433578,2.805121,2.81779,2.144152,3.906846,,2.004561,True
0,254,regular_holdout,24167,23472,23832,360,4,1000,temporal,2,2,2,-1286.6085640388583,1.83931,1.529753,2.863299,2.110491,1.54126,3.302433,,2.004561,True
0,255,regular_holdout,21397,19665,21105,1440,4,200,temporal,1,11,11,-343.703328665989,1.904299,1.327907,2.955038,2.938578,2.014872,4.06765,,1.026002,True
0,255,regular_holdout,21397,19665,21105,1440,4,200,static,2,75,75,-343.703328665989,2.65231,2.072474,3.924193,2.270833,1.578526,3.391457,,1.026002,True
0,256,regular_holdout,21482,19831,21271,1440,4,1000,static,1,73,73,-358.58696954170574,1.906282,1.480358,2.84454,2.514181,1.814173,3.631391,,1.80566,True
0,256,regular_holdout,21482,19831,21271,1440,4,1000,temporal,2,11,11,-358.58696954170574,1.837097,1.52121,2.849168,2.403057,1.570729,3.460191,,1.80566,True
0,257,regular_holdout,20014,19589,19949,360,8,5000,temporal,1,8,8,-1773.4417946549984,1.954886,1.606469,2.569835,2.529064,1.848154,3.264185,,1.450193,True
0,257,regular_holdout,20014,19589,19949,360,8,5000,static,2,37,37,-1773.4417946549984,1.36225,1.129297,2.036369,1.900443,1.429551,2.650197,,1.450193,True
0,258,regular_holdout,23625,22906,23266,360,6,200,static,1,32,32,1213.6088829931514,1.403983,1.154485,2.000384,1.756255,1.252203,2.621974,,2.45364,True
0,258,regular_holdout,23625,22906,23266,360,6,200,temporal,2,9,9,1213.6088829931505,1.151882,0.943697,1.933503,1.89168,1.17043,2.602505,,2.45364,True
0,259,regular_holdout,19056,18049,18769,720,6,1000,temporal,1,10,10,-2193.6484411846227,1.148937,0.939451,1.821273,1.707852,1.23002,2.4274,,0.526546,True
0,259,regular_holdout,19056,18049,18769,720,6,1000,static,2,62,62,-2193.6484411846227,1.066001,0.841532,1.681993,2.006153,1.454359,4.384398,,0.526546,True
0,260,regular_holdout,25415,25157,25337,180,2,5000,static,1,6,6,-209.61388788136173,1.25685,1.020233,2.047315,2.491977,1.939392,3.21453,,2.399258,True
0,260,regular_holdout,25415,25157,25337,180,2,5000,temporal,2,3,3,-209.61388788136173,0.976376,0.788942,1.612038,1.51466,1.154165,2.18213,,2.399258,True
0,261,regular_holdout,23732,23555,23615,60,4,1000,temporal,1,2,2,-219.7084370149443,1.165613,0.959461,1.791628,1.531936,1.280666,2.202961,,1.658567,True
0,261,regular_holdout,23732,23555,23615,60,4,1000,static,2,6,6,-219.7084370149443,1.13751,0.959671,1.725479,1.365074,1.159183,2.038181,,1.658567,True
0,262,regular_holdout,25563,23805,25245,1440,2,1000,static,1,41,41,-4.5333391796662,1.870247,1.218723,2.509975,1.77254,1.293456,2.563656,,1.895085,True
0,262,regular_holdout,25563,23805,25245,1440,2,1000,temporal,2,5,5,-4.5333391796662,0.979612,0.752467,1.583775,1.900924,1.188708,2.624478,,1.895085,True
0,263,regular_holdout,24811,23137,24577,1440,4,200,temporal,1,10,10,175.68896779185548,1.786911,1.467979,2.415472,2.076589,1.350272,3.020928,,1.30321,True
0,263,regular_holdout,24811,23137,24577,1440,4,200,static,2,73,73,175.68896779185548,1.183139,0.778327,1.870548,20.571251,19.599212,21.507658,,1.30321,True
0,264,regular_holdout,23352,22952,23312,360,6,200,static,1,32,32,1541.0473420777416,1.472015,1.211882,2.187517,1.79906,1.413266,2.607042,,2.363343,True
0,264,regular_holdout,23352,22952,23312,360,6,200,temporal,2,9,9,1541.0473420777416,1.138631,0.931869,1.789455,1.693,1.233014,2.645599,,2.363343,True
0,265,regular_holdout,24981,24686,24866,180,4,1000,temporal,1,2,2,-187.7241243401649,2.463274,2.045803,3.308572,2.574773,2.083861,3.418588,,1.260706,True
0,265,regular_holdout,24981,24686,24866,180,4,1000,static,2,9,9,-187.7241243401649,1.675933,1.367948,2.373329,2.245535,1.79266,2.979495,,1.260706,True
0,266,regular_holdout,19662,19426,19606,180,8,200,static,1,23,23,-1133.1222679966866,1.672058,1.371053,2.419268,2.36801,1.896117,3.125105,,1.82562,True
0,266,regular_holdout,19662,19426,19606,180,8,200,temporal,2,10,10,-1133.1222679966866,1.612528,1.3428,2.211414,2.238184,1.714092,2.994667,,1.82562,True
0,267,regular_holdout,26107,25361,26081,720,4,200,temporal,1,7,7,1567.4515696532299,1.631526,1.291252,2.217733,2.331425,1.654311,3.053787,,2.339717,True
0,267,regular_holdout,26107,25361,26081,720,4,200,static,2,38,38,1567.4515696532299,1.331293,1.029076,1.999493,2.175909,1.585137,2.937761,,2.339717,True
0,268,regular_holdout,22221,20577,22017,1440,2,200,static,1,32,32,-58.21075100434467,1.585567,1.213965,2.185544,2.516414,1.725779,3.189122,,1.22355,True
0,268,regular_holdout,22221,20577,22017,1440,2,200,temporal,2,5,5,-58.21075100434467,1.61343,1.290822,2.198133,2.457956,1.756115,3.245758,,1.22355,True
0,269,regular_holdout,19407,19220,19400,180,4,1000,temporal,1,2,2,-183.04325115695642,1.442211,1.192403,2.168639,2.254869,1.747192,3.072881,,2.363874,True
0,269,regular_holdout,19407,19220,19400,180,4,1000,static,2,11,11,-183.04325115695642,1.359716,1.129698,1.991741,2.139495,1.697176,2.868066,,2.363874,True
0,270,regular_holdout,22355,21951,22131,180,8,1000,static,1,21,21,-279.7292027588727,1.616985,1.325664,2.290163,2.616936,1.95121,3.391288,,1.63387,True
0,270,regular_holdout,22355,21951,22131,180,8,1000,temporal,2,5,5,-279.7292027588727,1.416242,1.171932,2.053245,2.151233,1.753602,2.948638,,1.63387,True
0,271,regular_holdout,23814,23170,23530,360,6,1000,temporal,1,5,5,-252.5409419480519,1.530964,1.268979,2.106295,2.339797,1.704056,3.063892,,1.744418,True
0,271,regular_holdout,23814,23170,23530,360,6,1000,static,2,29,29,-252.5409419480519,1.314437,0.886751,1.982658,1.829747,1.436823,2.559119,,1.744418,True
0,272,regular_holdout,19202,18868,18928,60,4,200,static,1,6,6,235.38350649727894,1.324352,1.01871,1.970299,1.992072,1.696606,2.705601,,1.435951,True
0,272,regular_holdout,19202,18868,18928,60,4,200,temporal,2,2,2,235.38350649727894,1.368039,1.145391,2.000004,1.806972,1.513498,2.509815,,1.435951,True
0,273,regular_holdout,21163,20953,21133,180,6,1000,temporal,1,9,9,-1034.5941901213505,1.391364,0.933972,2.218334,2.340689,1.701903,3.080157,,1.390292,True
0,273,regular_holdout,21163,20953,21133,180,6,1000,static,2,23,23,-1034.5941901213505,1.345705,1.095076,2.027075,2.044411,1.610415,2.749147,,1.390292,True
0,274,regular_holdout,24693,23770,24490,720,4,200,static,1,37,37,634.1702903080106,1.334748,1.057709,2.092073,2.485498,1.770878,3.252468,,1.634972,True
0,274,regular_holdout,24693,23770,24490,720,4,200,temporal,2,6,6,634.1702903080106,1.093683,0.855273,1.699559,1.645588,1.226955,2.406634,,1.634972,True
0,275,regular_holdout,25235,24751,24931,180,6,1000,temporal,1,4,4,-765.295981039399,1.573228,1.267085,2.263493,2.034305,1.493068,2.801135,,0.934783,True
0,275,regular_holdout,25235,24751,24931,180,6,1000,static,2,14,14,-765.295981039399,0.957898,0.737876,1.628092,5.193683,1.381999,5.976271,,0.934783,True
0,276,regular_holdout,23755,23469,23649,180,4,200,static,1,8,8,-603.4882376048888,2.386188,1.27667,4.064035,1.903659,1.4749,2.795977,,0.580458,True
0,276,regular_holdout,23755,23469,23649,180,4,200,temporal,2,3,3,-603.4882376048888,1.24323,1.026031,2.684879,1.765149,1.46152,2.772322,,0.580458,True
0,277,regular_holdout,22741,22213,22393,180,4,1000,temporal,1,2,2,-724.1481238976967,1.160614,0.954323,1.871119,1.718167,1.37542,2.54018,,1.799611,True
0,277,regular_holdout,22741,22213,22393,180,4,1000,static,2,9,9,-724.1481238976967,0.934573,0.726648,1.592909,1.559678,1.284291,2.24893,,1.799611,True
0,278,regular_holdout,28108,27754,27814,60,2,200,static,1,1,1,-104.14833748585578,1.832109,1.492336,2.876659,1.826266,1.537028,2.714013,,1.717156,True
0,278,regular_holdout,28108,27754,27814,60,2,200,temporal,2,1,1,-104.14833748585578,1.394538,1.115797,2.051792,2.06374,1.775735,2.784119,,1.717156,True
0,279,regular_holdout,17904,17557,17617,60,8,200,temporal,1,4,4,486.0778624747831,1.628783,1.317632,2.270242,1.789035,1.46785,2.475032,,0.884738,True
0,279,regular_holdout,17904,17557,17617,60,8,200,static,2,9,9,486.0778624747831,1.431334,1.211441,2.086495,1.667651,1.39533,2.571027,,0.884738,True
0,280,regular_holdout,17086,16754,16934,180,4,5000,static,1,10,10,-653.8210751865746,1.71352,1.452446,2.405396,1.863597,1.565707,2.772251,,1.423232,True
0,280,regular_holdout,17086,16754,16934,180,4,5000,temporal,2,2,2,-653.8210751865746,1.594731,1.377653,2.214437,2.112013,1.755133,2.814505,,1.423232,True
0,281,regular_holdout,22090,21581,21761,180,4,1000,temporal,1,2,2,589.1114210247915,1.43576,1.163549,2.045002,2.095558,1.663385,3.144054,,1.245363,True
0,281,regular_holdout,22090,21581,21761,180,4,1000,static,2,12,12,589.1114210247915,1.351373,1.126984,2.032373,2.130421,1.806721,2.921377,,1.245363,True
0,282,regular_holdout,17888,16423,17863,1440,8,200,static,1,145,145,526.3766001510044,2.20863,1.400918,2.948698,2.116379,1.407408,2.871091,,1.410673,True
0,282,regular_holdout,17888,16423,17863,1440,8,200,temporal,2,20,20,526.3766001510044,1.163249,0.932049,1.829956,1.901885,1.337482,2.617328,,1.410673,True
0,283,regular_holdout,22951,21510,22950,1440,4,1000,temporal,1,10,10,406.65813280695477,1.494249,1.214075,2.21576,2.370283,1.813042,3.14147,,0.743113,True
0,283,regular_holdout,22951,21510,22950,1440,4,1000,static,2,73,73,406.65813280695477,1.07158,0.836365,1.809806,2.171062,1.503734,2.901477,,0.743113,True
0,284,regular_holdout,16499,16200,16380,180,2,5000,static,1,6,6,311.0192563472437,1.265173,1.051169,2.106435,1.606468,1.363011,2.514121,,2.15614,True
0,284,regular_holdout,16499,16200,16380,180,2,5000,temporal,2,1,1,311.0192563472437,0.98588,0.763034,1.669795,14.181572,13.866235,14.972978,,2.15614,True
0,285,regular_holdout,24838,23313,24753,1440,4,200,temporal,1,10,10,-215.6355553777729,1.292715,1.03863,2.121528,1.803837,1.192172,2.55943,,1.289049,True
0,285,regular_holdout,24838,23313,24753,1440,4,200,static,2,73,73,-215.6355553777729,1.092702,0.807921,1.861304,1.737077,1.268548,2.53351,,1.289049,True
0,286,regular_holdout,27170,25619,27059,1440,6,200,static,1,108,108,689.0171326232924,1.312434,1.003147,2.007324,1.930659,1.324161,2.697489,,2.98958,True
0,286,regular_holdout,27170,25619,27059,1440,6,200,temporal,2,15,15,689.0171326232924,1.085031,0.726729,1.727151,1.770367,1.219804,2.619531,,2.98958,True
0,287,regular_holdout,18934,18146,18866,720,6,1000,temporal,1,12,12,-1211.7991387669485,1.111,0.910367,1.736976,1.760292,1.293675,2.444015,,1.551306,True
0,287,regular_holdout,18934,18146,18866,720,6,1000,static,2,61,61,-1211.7991387669485,0.937528,0.745558,1.606509,1.589363,1.174335,2.297724,,1.551306,True
0,288,regular_holdout,23602,21934,23374,1440,6,200,static,1,111,111,-251.33449649127147,1.125542,0.8203,1.86575,2.309712,1.530144,3.124083,,1.597926,True
0,288,regular_holdout,23602,21934,23374,1440,6,200,temporal,2,16,16,-251.33449649127147,1.247376,0.782393,1.836707,2.033084,1.494068,2.804991,,1.597926,True
0,289,regular_holdout,19849,19633,19693,60,8,1000,temporal,1,4,4,-481.31116870839867,1.605638,1.394788,2.256922,1.819932,1.454329,2.620231,,4.169885,True
0,289,regular_holdout,19849,19633,19693,60,8,1000,static,2,13,13,-481.31116870839867,1.212743,0.984048,1.835085,1.655723,1.260486,2.406388,,4.169885,True
0,290,regular_holdout,17699,16018,17458,1440,4,1000,static,1,74,74,231.58034259539272,1.458465,0.989206,2.034016,1.600329,1.087644,2.42705,,1.497584,True
0,290,regular_holdout,17699,16018,17458,1440,4,1000,temporal,2,10,10,231.58034259539272,1.195248,0.831548,1.851669,1.804138,1.11724,2.557717,,1.497584,True
0,291,regular_holdout,16412,16226,16286,60,8,200,temporal,1,4,4,403.6100306689989,2.601623,2.204734,3.864843,2.708545,2.23564,4.045906,,18.333983,True
0,291,regular_holdout,16412,16226,16286,60,8,200,static,2,8,8,403.6100306689989,1.133905,0.91279,1.934524,1.841615,1.545477,2.955879,,18.333983,True
0,292,regular_holdout,19272,19210,19270,60,8,5000,static,1,9,9,172.98392688362918,1.260496,1.027584,2.097061,1.668643,1.36909,2.790068,,1.717597,True
0,292,regular_holdout,19272,19210,19270,60,8,5000,temporal,2,4,4,172.98392688362918,1.038981,0.818287,1.890659,1.626299,1.322469,2.637308,,1.717597,True
0,293,regular_holdout,19378,19213,19273,60,4,200,temporal,1,2,2,111.48252872380057,1.081856,0.865028,1.903748,1.691848,1.418535,2.623226,,1.649765,True
0,293,regular_holdout,19378,19213,19273,60,4,200,static,2,4,4,111.48252872380057,0.940332,0.721681,1.757317,1.510464,1.245894,2.430375,,1.649765,True
0,294,regular_holdout,16236,15729,15909,180,2,200,static,1,5,5,-132.9202374124862,1.194396,0.922846,1.980314,1.645658,1.308268,2.649937,,1.726701,True
0,294,regular_holdout,16236,15729,15909,180,2,200,temporal,2,1,1,-132.9202374124862,0.912209,0.734651,1.716325,1.477284,1.180154,2.504606,,1.726701,True
0,295,regular_holdout,22860,22122,22842,720,4,1000,temporal,1,7,7,-1295.9634751570175,1.128055,0.895965,1.969678,1.697045,1.13765,2.755316,,1.705429,True
0,295,regular_holdout,22860,22122,22842,720,4,1000,static,2,39,39,-1295.9634751570175,6.660429,5.539715,7.853613,2.342561,1.740352,4.320532,,1.705429,True
0,296,regular_holdout,18061,17706,17766,60,2,5000,static,1,2,2,105.90704526139301,3.040376,2.621123,4.36514,15.23917,2.862828,16.862934,,1.869687,True
0,296,regular_holdout,18061,17706,17766,60,2,5000,temporal,2,1,1,105.90704526139301,2.016779,1.615092,3.306959,1.738168,1.390852,3.096822,,1.869687,True
0,297,regular_holdout,24045,23776,23836,60,6,200,temporal,1,4,4,-361.3700990923472,2.720303,2.265926,3.668006,3.301041,2.505338,4.39901,,1.876737,True
0,297,regular_holdout,24045,23776,23836,60,6,200,static,2,4,4,-361.3700990923472,1.786441,1.486607,2.742376,2.594933,2.125334,3.848949,,1.876737,True
0,298,regular_holdout,24941,23239,24679,1440,4,200,static,1,73,73,152.54057568817453,2.267247,1.562032,2.99618,2.227308,1.500048,3.064584,,2.027716,True
0,298,regular_holdout,24941,23239,24679,1440,4,200,temporal,2,10,10,152.54057568817453,1.36269,0.905619,2.123942,2.406478,1.711858,3.175971,,2.027716,True
0,299,regular_holdout,20345,18601,20041,1440,4,200,temporal,1,10,10,-144.45620998085693,2.246387,1.678177,2.874846,2.841667,2.008557,3.722107,,1.846602,True
0,299,regular_holdout,20345,18601,20041,1440,4,200,static,2,71,71,-144.45620998085693,1.557736,1.190279,2.516935,2.453339,1.851239,3.204124,,1.846602,True
0,300,regular_holdout,17961,17387,17747,360,4,200,static,1,24,24,1158.475455932604,1.524355,1.160465,2.484286,2.190803,1.703506,3.269774,,2.072463,True
0,300,regular_holdout,17961,17387,17747,360,4,200,temporal,2,6,6,1158.475455932604,1.22998,1.041545,1.910548,1.543002,1.252363,2.25552,,2.072463,True
0,301,regular_holdout,16380,16187,16367,180,6,200,temporal,1,3,3,960.997490434351,2.276362,1.801083,3.231967,3.628967,2.749327,4.682078,,22.507308,True
0,301,regular_holdout,16380,16187,16367,180,6,200,static,2,16,16,960.997490434351,1.694321,1.432395,2.470746,2.4669,2.044421,3.340761,,22.507308,True
0,302,regular_holdout,25759,24176,25616,1440,4,200,static,1,71,71,415.04753171090204,2.029118,1.383953,2.615053,2.873895,1.910819,3.753886,,0.984809,True
0,302,regular_holdout,25759,24176,25616,1440,4,200,temporal,2,10,10,415.04753171090204,1.237211,0.973462,2.023204,3.351487,2.405887,4.27944,,0.984809,True
0,303,regular_holdout,24148,23854,24034,180,4,1000,temporal,1,6,6,227.67166984525917,2.442643,2.026244,3.16207,2.216972,1.787413,3.238506,,5.2844,True
0,303,regular_holdout,24148,23854,24034,180,4,1000,static,2,15,15,227.67166984525917,1.354137,1.100123,2.030094,2.364545,1.802205,3.262718,,5.2844,True
0,304,regular_holdout,23784,23576,23756,180,2,1000,static,1,5,5,-316.02183073532547,1.721193,1.414478,2.380159,2.368461,1.893824,3.228261,,1.519277,True
0,304,regular_holdout,23784,23576,23756,180,2,1000,temporal,2,1,1,-316.02183073532547,1.749776,1.455411,2.361921,2.722917,1.897018,3.659873,,1.519277,True
0,305,regular_holdout,18310,18038,18218,180,4,5000,temporal,1,6,6,-467.46781150092465,2.239306,1.860272,3.033276,2.514872,1.879702,3.33306,,3.17486,True
0,305,regular_holdout,18310,18038,18218,180,4,5000,static,2,14,14,-467.46781150092465,1.53412,1.270521,2.157913,18.071913,1.775965,19.145316,,3.17486,True
0,306,regular_holdout,20391,19884,20064,180,2,200,static,1,5,5,-68.23170526293913,1.761403,1.45489,2.451286,2.522003,1.889967,3.24749,,2.076981,True
0,306,regular_holdout,20391,19884,20064,180,2,200,temporal,2,1,1,-68.23170526293913,1.283551,1.062346,1.943859,3.753004,3.14184,4.592463,,2.076981,True
0,307,regular_holdout,28387,28046,28106,60,4,1000,temporal,1,2,2,50.68633059209409,1.987916,1.650656,3.471508,2.231313,1.869546,3.004171,,0.620358,True
0,307,regular_holdout,28387,28046,28106,60,4,1000,static,2,5,5,50.68633059209409,2.165163,1.794322,3.038755,1.813963,1.457674,2.99622,,0.620358,True
0,308,regular_holdout,17095,16574,16754,180,4,1000,static,1,13,13,-209.46511351573417,2.451096,1.988296,3.175722,2.164002,1.58123,3.004032,,2.250072,True
0,308,regular_holdout,17095,16574,16754,180,4,1000,temporal,2,4,4,-209.46511351573417,1.714732,1.42211,2.454812,2.561143,1.950238,3.453731,,2.250072,True
0,309,regular_holdout,27597,26078,27518,1440,4,5000,temporal,1,12,12,-267.0472932822777,1.346015,1.000663,2.231093,1.945342,1.351593,3.071063,,1.938211,True
0,309,regular_holdout,27597,26078,27518,1440,4,5000,static,2,75,75,-267.0472932822777,1.508291,0.788252,2.287548,1.702253,1.191491,2.444466,,1.938211,True
0,310,regular_holdout,25186,24872,25052,180,2,1000,static,1,7,7,-381.0370969240604,1.185823,0.948304,1.890258,2.005131,1.497103,2.798361,,2.318065,True
0,310,regular_holdout,25186,24872,25052,180,2,1000,temporal,2,1,1,-381.0370969240604,1.622153,1.429151,2.290894,22.743255,2.661865,23.881516,,2.318065,True
0,311,regular_holdout,22457,22096,22276,180,4,5000,temporal,1,2,2,-633.0683933911885,1.97785,1.693741,2.650507,2.154126,1.721893,2.955318,,1.791478,True
0,311,regular_holdout,22457,22096,22276,180,4,5000,static,2,13,13,-633.0683933911885,1.333286,1.05833,2.01076,2.04405,1.336741,2.854516,,1.791478,True
0,312,regular_holdout,19224,19005,19065,60,6,1000,static,1,10,10,226.38947876374252,1.493027,1.193595,2.199225,3.842309,3.078384,4.942122,,1.782725,True
0,312,regular_holdout,19224,19005,19065,60,6,1000,temporal,2,3,3,226.38947876374252,1.365644,1.111701,2.230282,2.070371,1.79242,2.886714,,1.782725,True
0,313,regular_holdout,20390,19420,20140,720,4,1000,temporal,1,6,6,-1026.5485914130654,1.111129,0.875744,1.739891,2.08983,1.493928,2.849969,,1.888956,True
0,313,regular_holdout,20390,19420,20140,720,4,1000,static,2,38,38,-1026.5485914130654,0.996437,0.766058,1.581161,1.482451,1.113273,2.32171,,1.888956,True
0,314,regular_holdout,24359,22602,24042,1440,2,200,static,1,33,33,-3.9461058008275813,1.194385,0.891367,2.094627,1.677927,1.238532,2.53286,,2.536035,True
0,314,regular_holdout,24359,22602,24042,1440,2,200,temporal,2,5,5,-3.9461058008275813,0.95266,0.717014,1.718839,1.611777,1.133624,2.320348,,2.536035,True
0,315,regular_holdout,22958,22428,22608,180,6,5000,temporal,1,8,8,-520.2941099977952,9.070934,8.680334,10.064085,21.367425,20.6163,22.797878,,4.695789,True
0,315,regular_holdout,22958,22428,22608,180,6,5000,static,2,21,21,-520.2941099977952,1.624085,1.31594,2.674704,1.729805,1.334918,2.755306,,4.695789,True
0,316,regular_holdout,16544,16379,16439,60,4,1000,static,1,3,3,157.7766033340541,2.033955,1.430814,3.13512,2.681825,2.263302,4.06734,,3.774367,True
0,316,regular_holdout,16544,16379,16439,60,4,1000,temporal,2,2,2,157.7766033340541,2.656797,0.882364,3.807096,6.903297,5.739527,8.485299,,3.774367,True
0,317,regular_holdout,28661,28123,28483,360,6,200,temporal,1,9,9,1914.0178060264045,1.675514,1.324052,2.610046,2.181087,1.422281,3.196523,,1.022425,True
0,317,regular_holdout,28661,28123,28483,360,6,200,static,2,34,34,1914.0178060264045,2.197242,1.788184,3.189823,1.814163,1.258593,2.860945,,1.022425,True
0,318,regular_holdout,20607,20252,20312,60,6,200,static,1,13,13,344.73107145730086,2.066745,1.688834,3.04262,2.143551,1.788534,3.228351,,6.105561,True
0,318,regular_holdout,20607,20252,20312,60,6,200,temporal,2,8,8,344.73107145730086,1.258332,1.019171,2.184162,1.411594,1.1179,2.642515,,6.105561,True
0,319,regular_holdout,22636,22283,22463,180,6,5000,temporal,1,4,4,-823.1969612447365,1.623084,1.372725,2.397064,1.760421,1.410843,2.761425,,1.463032,True
0,319,regular_holdout,22636,22283,22463,180,6,5000,static,2,15,15,-823.1969612447365,1.353697,1.102907,2.186596,1.835955,1.544074,3.007417,,1.463032,True
0,320,regular_holdout,20955,20705,20885,180,6,200,static,1,17,17,-762.6962195308547,8.206077,0.939771,8.908829,1.866993,1.454699,2.960716,,1.377182,True
0,320,regular_holdout,20955,20705,20885,180,6,200,temporal,2,4,4,-762.6962195308547,1.385255,1.127355,2.253597,1.586609,1.274708,2.824871,,1.377182,True
0,321,regular_holdout,19202,19018,19198,180,2,200,temporal,1,1,1,309.0420831786768,1.411023,1.112272,2.271284,1.727532,1.391053,2.788226,,2.374801,True
0,321,regular_holdout,19202,19018,19198,180,2,200,static,2,4,4,309.0420831786768,0.859249,0.691125,1.580189,1.476993,1.211241,2.288149,,2.374801,True
0,322,regular_holdout,26760,26695,26755,60,2,1000,static,1,3,3,7.735679968041314,1.016167,0.769032,1.635062,2.129409,1.713851,2.87694,,1.715083,True
0,322,regular_holdout,26760,26695,26755,60,2,1000,temporal,2,2,2,7.735679968041314,1.061275,0.83313,1.706801,1.644747,1.288488,2.355481,,1.715083,True
0,323,regular_holdout,20276,19806,20166,360,2,1000,temporal,1,1,1,16.319714656572287,0.931859,0.747771,1.543844,1.543905,1.212312,2.292707,,1.126263,True
0,323,regular_holdout,20276,19806,20166,360,2,1000,static,2,8,8,16.319714656572287,0.896115,0.715011,1.533017,1.694031,1.191882,2.390905,,1.126263,True
0,324,regular_holdout,19238,19171,19231,60,2,200,static,1,3,3,69.3433327083831,1.068345,0.877266,1.682313,1.219284,1.017598,1.914765,,1.75274,True
0,324,regular_holdout,19238,19171,19231,60,2,200,temporal,2,1,1,69.3433327083831,0.946481,0.745487,1.56077,1.219083,1.029496,1.884299,,1.75274,True
0,325,regular_holdout,21020,20602,20782,180,2,5000,temporal,1,1,1,49.67827295840449,1.978121,1.668533,2.628024,1.405154,1.126784,2.303132,,1.275218,True
0,325,regular_holdout,21020,20602,20782,180,2,5000,static,2,5,5,49.67827295840449,0.91268,0.726498,1.577445,1.36292,1.1041,2.119855,,1.275218,True
0,326,regular_holdout,23345,22569,23289,720,6,1000,static,1,54,54,2366.6110350637805,1.050548,0.825988,1.650736,1.608242,1.07842,2.310534,,1.434449,True
0,326,regular_holdout,23345,22569,23289,720,6,1000,temporal,2,11,11,2366.6110350637805,0.971619,0.78673,1.545947,1.602824,1.184701,2.30202,,1.434449,True
0,327,regular_holdout,27438,26433,27153,720,8,200,temporal,1,13,13,2027.7718233395124,1.255538,0.900811,1.834804,16.070046,1.991791,16.920572,,1.315069,True
0,327,regular_holdout,27438,26433,27153,720,8,200,static,2,74,74,2027.7718233395124,1.370002,1.069598,2.140987,1.803747,1.257121,2.911532,,1.315069,True
0,328,regular_holdout,25647,25378,25438,60,4,200,static,1,4,4,66.89844147311317,1.08439,0.851527,1.716715,2.550136,2.102809,3.416475,,2.310553,True
0,328,regular_holdout,25647,25378,25438,60,4,200,temporal,2,2,2,66.89844147311317,0.955295,0.765497,1.60751,1.389992,1.142607,2.093576,,2.310553,True
0,329,regular_holdout,22922,22035,22755,720,4,200,temporal,1,6,6,-1110.7453838761407,0.984138,0.771837,1.593399,1.721513,1.193765,2.400138,,1.909958,True
0,329,regular_holdout,22922,22035,22755,720,4,200,static,2,38,38,-1110.7453838761407,1.890858,1.462251,2.547512,1.677446,1.302329,2.405597,,1.909958,True
0,330,regular_holdout,17484,15850,17290,1440,6,1000,static,1,114,114,-172.00762600292836,1.799571,1.427419,2.415322,1.900033,1.354488,2.643587,,1.905922,True
0,330,regular_holdout,17484,15850,17290,1440,6,1000,temporal,2,15,15,-172.00762600292836,1.479346,1.201717,2.133466,1.770877,1.185903,2.511658,,1.905922,True
0,331,regular_holdout,18970,17513,18953,1440,4,1000,temporal,1,11,11,431.37582636568084,1.165161,0.915784,1.777508,1.625197,1.147575,2.291795,,1.606419,True
0,331,regular_holdout,18970,17513,18953,1440,4,1000,static,2,73,73,431.37582636568084,2.825602,2.397625,3.488594,1.844028,1.344082,2.580351,,1.606419,True
0,332,regular_holdout,26695,26376,26556,180,4,5000,static,1,11,11,-657.6634764112234,2.272305,2.00466,2.925773,1.597786,1.245453,2.440981,,1.825159,True
0,332,regular_holdout,26695,26376,26556,180,4,5000,temporal,2,2,2,-657.6634764112234,2.790148,2.366578,3.444828,1.757407,1.414098,2.601112,,1.825159,True
0,333,regular_holdout,19785,19389,19749,360,6,200,temporal,1,9,9,-1598.8508932868933,21.596501,0.832168,22.417192,3.729088,3.110983,4.994,,1.707261,True
0,333,regular_holdout,19785,19389,19749,360,6,200,static,2,31,31,-1598.8508932868933,1.705468,1.349751,2.641724,2.277373,1.756035,3.630098,,1.707261,True
0,334,regular_holdout,16275,16080,16140,60,4,200,static,1,3,3,121.54596539521503,1.557925,1.309239,2.329722,1.566288,1.298423,2.531648,,1.491124,True
0,334,regular_holdout,16275,16080,16140,60,4,200,temporal,2,2,2,121.54596539521503,1.585156,1.332595,2.46713,1.659409,1.425526,2.695025,,1.491124,True
0,335,regular_holdout,18777,17817,18537,720,4,5000,temporal,1,6,6,-1102.811373814009,1.158732,0.929675,3.969862,1.770507,1.401359,3.874538,,4.68284,True
0,335,regular_holdout,18777,17817,18537,720,4,5000,static,2,36,36,-1102.811373814009,1.033112,0.819779,2.935749,1.643094,1.240746,2.681934,,4.68284,True
0,336,regular_holdout,24126,23714,23894,180,2,5000,static,1,3,3,-196.84195529229743,1.107935,0.878819,1.981546,4.432972,4.167781,5.403549,,1.762445,True
0,336,regular_holdout,24126,23714,23894,180,2,5000,temporal,2,1,1,-196.84195529229743,2.259386,2.069018,3.073947,1.585017,1.31668,2.510075,,1.762445,True
0,337,regular_holdout,22925,22662,22842,180,6,1000,temporal,1,3,3,661.8718520639867,0.971148,0.770145,1.793382,1.598166,1.290972,2.52703,,1.972222,True
0,337,regular_holdout,22925,22662,22842,180,6,1000,static,2,15,15,661.8718520639867,0.906241,0.716373,1.73945,2.614663,2.141097,3.629477,,1.972222,True
0,338,regular_holdout,27806,27601,27661,60,4,200,static,1,6,6,-234.11131577144843,1.289991,1.051439,2.12976,1.485797,1.234326,2.505348,,0.854642,True
0,338,regular_holdout,27806,27601,27661,60,4,200,temporal,2,2,2,-234.11131577144843,0.903656,0.696804,1.704277,1.396481,1.138631,2.338596,,0.854642,True
0,339,regular_holdout,20014,18430,19870,1440,8,200,temporal,1,22,22,-357.1919224814201,1.217801,0.956426,2.035067,1.932001,1.240746,2.929759,,2.406558,True
0,339,regular_holdout,20014,18430,19870,1440,8,200,static,2,145,145,-357.1919224814201,1.063307,0.765728,2.077061,1.862586,1.202569,2.838862,,2.406558,True
0,340,regular_holdout,19193,18661,18841,180,2,5000,static,1,6,6,224.89262327878274,1.045511,0.850877,1.900132,1.555382,1.063718,2.551237,,1.570204,True
0,340,regular_holdout,19193,18661,18841,180,2,5000,temporal,2,1,1,224.89262327878274,1.795684,1.502592,2.740894,1.95767,1.417843,3.024292,,1.570204,True
0,341,regular_holdout,23913,22452,23892,1440,4,1000,temporal,1,12,12,-136.2720837968293,1.30974,1.037559,2.371876,1.760411,1.179493,2.84401,,1.407378,True
0,341,regular_holdout,23913,22452,23892,1440,4,1000,static,2,72,72,-136.2720837968293,1.147024,0.880662,1.993414,2.119484,1.146794,3.124344,,1.407378,True
0,342,regular_holdout,21352,20956,21136,180,2,1000,static,1,6,6,-364.5046432028928,0.995345,0.805538,1.821834,1.388619,1.129448,2.413419,,1.319254,True
0,342,regular_holdout,21352,20956,21136,180,2,1000,temporal,2,2,2,-364.5046432028928,0.874432,0.689552,1.728193,2.376363,1.942597,3.463457,,1.319254,True
0,343,regular_holdout,28406,27950,28130,180,4,5000,temporal,1,2,2,56.56309232370458,1.301538,1.02531,1.901996,1.557775,1.253886,2.249,,1.672689,True
0,343,regular_holdout,28406,27950,28130,180,4,5000,static,2,9,9,56.56309232370458,0.974484,0.763965,1.577755,2.246196,1.811849,2.951563,,1.672689,True
0,344,regular_holdout,21073,20656,21016,360,4,1000,static,1,22,22,-1013.6746810702757,1.141776,0.902214,17.797218,2.852633,1.929407,3.767616,,1.932442,True
0,344,regular_holdout,21073,20656,21016,360,4,1000,temporal,2,5,5,-1013.6746810702757,2.139334,1.77869,2.960026,1.765469,1.411844,2.522584,,1.932442,True
0,345,regular_holdout,18918,17179,18619,1440,2,200,temporal,1,5,5,-16.420450632837046,1.630555,1.268107,2.485087,1.765139,1.342209,2.46047,,1.89171,True
0,345,regular_holdout,18918,17179,18619,1440,2,200,static,2,39,39,-16.420450632837046,1.000623,0.769413,1.739951,1.520779,1.127144,2.236091,,1.89171,True
0,346,regular_holdout,16527,16156,16336,180,2,200,static,1,7,7,331.2683632214284,1.892261,1.558486,2.523365,2.099043,1.538697,3.03554,,2.730849,True
0,346,regular_holdout,16527,16156,16336,180,2,200,temporal,2,1,1,331.2683632214284,1.425926,1.049798,2.338996,1.321608,1.050689,2.118142,,2.730849,True
0,347,regular_holdout,18255,17610,17970,360,4,1000,temporal,1,2,2,757.0377907945435,1.115837,0.917207,1.733862,1.457454,1.166834,2.17591,,1.769004,True
0,347,regular_holdout,18255,17610,17970,360,4,1000,static,2,18,18,757.0377907945435,1.043157,0.827721,1.641141,1.419937,1.105892,2.273488,,1.769004,True
0,348,regular_holdout,27647,26828,27548,720,6,1000,static,1,61,61,1451.0997710959605,1.535281,1.241547,2.533631,1.82543,1.28346,2.829548,,3.31031,True
0,348,regular_holdout,27647,26828,27548,720,6,1000,temporal,2,10,10,1451.0997710959605,1.066272,0.85352,1.910148,1.655393,1.161596,2.6056,,3.31031,True
0,349,regular_holdout,19427,19014,19074,60,6,5000,temporal,1,4,4,289.2641781984157,1.327567,1.056908,2.152395,1.589593,1.283541,2.528153,,2.436293,True
0,349,regular_holdout,19427,19014,19074,60,6,5000,static,2,9,9,289.2641781984157,1.001233,0.83355,1.737657,1.382991,1.147165,2.415171,,2.436293,True
0,350,regular_holdout,22361,22255,22315,60,6,5000,static,1,7,7,-408.9610391971836,1.968967,1.6403,2.860715,2.582304,1.91828,3.592932,,2.121227,True
0,350,regular_holdout,22361,22255,22315,60,6,5000,temporal,2,3,3,-408.9610391971836,1.073893,0.883696,1.861534,1.666069,1.439597,2.560361,,2.121227,True
0,351,regular_holdout,27821,27476,27536,60,6,1000,temporal,1,9,9,-207.14541143895448,1.608451,1.299325,2.474912,1.899282,1.590826,3.041648,,2.267548,True
0,351,regular_holdout,27821,27476,27536,60,6,1000,static,2,16,16,-207.14541143895448,1.073523,0.877647,1.875025,1.572177,1.332815,2.637989,,2.267548,True
0,352,regular_holdout,16533,15861,16221,360,4,1000,static,1,21,21,164.03333173933729,1.915075,1.496092,2.816699,2.398837,1.855886,3.37314,,2.06336,True
0,352,regular_holdout,16533,15861,16221,360,4,1000,temporal,2,6,6,164.03333173933729,1.633269,1.334407,2.550065,1.9644,1.584685,3.083702,,2.06336,True
0,353,regular_holdout,16540,16207,16387,180,4,200,temporal,1,2,2,604.4073302700198,1.535532,1.259544,2.403223,1.632608,1.37566,2.336613,,1.816016,True
0,353,regular_holdout,16540,16207,16387,180,4,200,static,2,11,11,604.4073302700198,1.141065,0.953041,1.768213,1.48132,1.229308,2.140547,,1.816016,True
0,354,regular_holdout,22729,22443,22623,180,8,200,static,1,29,29,-564.5013476600003,1.903618,1.63388,2.58572,2.708846,2.132634,3.529907,,2.06312,True
0,354,regular_holdout,22729,22443,22623,180,8,200,temporal,2,11,11,-564.5013476600003,1.431404,1.155807,2.106715,2.100396,1.544966,2.991954,,2.06312,True
0,355,regular_holdout,21534,20042,21482,1440,6,200,temporal,1,16,16,139.97215150390136,1.813622,1.507089,2.676267,20.749982,19.861929,21.718706,,1.711187,True
0,355,regular_holdout,21534,20042,21482,1440,6,200,static,2,115,115,139.97215150390136,2.390484,1.683705,3.36693,2.482413,1.660952,3.618932,,1.711187,True
0,356,regular_holdout,24165,23714,24074,360,4,200,static,1,22,22,-22.22273491848426,1.508941,1.234075,2.177793,1.857719,1.383763,2.631698,,2.096139,True
0,356,regular_holdout,24165,23714,24074,360,4,200,temporal,2,6,6,-22.22273491848426,1.019642,0.832679,1.684857,1.544305,1.187495,2.309592,,2.096139,True
0,357,regular_holdout,21456,19742,21182,1440,8,200,temporal,1,21,21,-558.8607278416093,1.38181,1.101245,1.99112,2.436214,1.775955,3.183883,,1.826071,True
0,357,regular_holdout,21456,19742,21182,1440,8,200,static,2,146,146,-558.8607278416093,1.107244,0.840801,1.868365,2.594613,1.672028,3.367121,,1.826071,True
0,358,regular_holdout,23226,22410,23130,720,6,1000,static,1,53,53,1311.6555874796795,1.56762,1.336201,2.141417,1.77974,1.314247,2.489504,,2.03754,True
0,358,regular_holdout,23226,22410,23130,720,6,1000,temporal,2,9,9,1311.6555874796795,0.963106,0.779598,1.602774,1.754502,1.323451,2.447981,,2.03754,True
0,359,regular_holdout,16974,16865,16925,60,4,200,temporal,1,2,2,-236.73182484463473,1.101175,0.923576,1.809525,2.525208,2.058642,3.239407,,1.759711,True
0,359,regular_holdout,16974,16865,16925,60,4,200,static,2,7,7,-236.73182484463473,1.061205,0.881332,1.669404,1.564265,1.32301,2.278215,,1.759711,True
0,360,maintenance_burst,32957,32014,32734,720,4,10000,static,1,39,39,1689.0762392403524,1.27633,0.976346,1.889777,2.008927,1.437734,3.210213,,1.45541,True
0,360,maintenance_burst,32957,32014,32734,720,4,10000,temporal,2,7,7,1689.0762392403524,1.066292,0.862114,1.716245,2.624248,1.953955,3.364847,,1.45541,True
0,361,maintenance_burst,32167,31742,31922,180,4,5000,temporal,1,10,10,-483.41980656806226,20.623981,20.234702,21.332563,1.982558,1.639599,2.862347,,1.54779,True
0,361,maintenance_burst,32167,31742,31922,180,4,5000,static,2,46,46,-483.41980656806226,1.043608,0.780821,1.691167,1.696515,1.100784,2.361871,,1.54779,True
0,362,maintenance_burst,34469,33481,34201,720,4,10000,static,1,35,35,1430.340421458798,1.267677,1.024649,1.87844,1.510444,1.15124,2.178203,,1.238673,True
0,362,maintenance_burst,34469,33481,34201,720,4,10000,temporal,2,6,6,1430.340421458798,1.703906,1.433147,2.617838,1.948626,1.426186,2.67239,,1.238673,True
0,363,maintenance_burst,35317,34873,35053,180,4,1000,temporal,1,2,2,736.9169585474874,2.593521,2.271754,3.262232,1.841384,1.531766,2.588594,,1.303431,True
0,363,maintenance_burst,35317,34873,35053,180,4,1000,static,2,10,10,736.9169585474874,1.534551,1.288829,2.389133,1.66044,1.218151,2.46068,,1.303431,True
0,364,maintenance_burst,31201,30782,30962,180,4,10000,static,1,12,12,467.7679934762834,1.568962,1.285323,2.220036,1.832871,1.471165,2.654523,,3.272518,True
0,364,maintenance_burst,31201,30782,30962,180,4,10000,temporal,2,2,2,467.7679934762834,1.97787,1.59389,2.608334,1.839542,1.525116,2.489805,,3.272518,True
0,365,maintenance_burst,33062,31606,33046,1440,4,5000,temporal,1,15,15,-370.65829520772337,1.592067,1.200875,2.186406,4.76878,1.385475,5.744575,,0.789955,True
0,365,maintenance_burst,33062,31606,33046,1440,4,5000,static,2,105,105,-370.65829520772337,1.506908,1.092131,2.16957,1.948736,1.359004,2.620161,,0.789955,True
0,366,maintenance_burst,30580,30026,30386,360,2,5000,static,1,13,13,-393.2209038279113,1.381118,1.122487,1.974876,1.623996,1.185923,2.325105,,1.617455,True
0,366,maintenance_burst,30580,30026,30386,360,2,5000,temporal,2,3,3,-393.2209038279113,21.378542,1.413457,22.218442,2.784389,2.356162,3.763821,,1.617455,True
0,367,maintenance_burst,32567,31082,32522,1440,4,5000,temporal,1,12,12,370.70135666771404,2.421581,1.902186,3.132677,2.241539,1.705578,2.937881,,1.738358,True
0,367,maintenance_burst,32567,31082,32522,1440,4,5000,static,2,102,102,370.70135666771404,1.55448,1.219133,2.162149,2.828106,1.981977,3.574494,,1.738358,True
0,368,maintenance_burst,32246,31764,32124,360,6,10000,static,1,78,78,-133.5153126800367,1.518806,1.209249,2.14301,1.712319,1.288127,2.411596,,1.995557,True
0,368,maintenance_burst,32246,31764,32124,360,6,10000,temporal,2,14,14,-133.5153126800367,1.671196,1.291393,2.329742,3.162822,2.760373,4.010463,,1.995557,True
0,369,maintenance_burst,33142,32120,32840,720,4,10000,temporal,1,6,6,711.2650577270223,1.171551,0.915575,1.794302,1.980885,1.537935,2.719792,,1.48821,True
0,369,maintenance_burst,33142,32120,32840,720,4,10000,static,2,37,37,711.2650577270223,1.09783,0.838888,1.715664,4.02121,3.094078,4.834239,,1.48821,True
0,370,maintenance_burst,31749,29997,31437,1440,4,1000,static,1,73,73,-46.81101615141051,1.823187,1.258964,2.52643,3.502866,2.607843,4.26591,,1.993463,True
0,370,maintenance_burst,31749,29997,31437,1440,4,1000,temporal,2,10,10,-46.81101615141051,1.213535,0.927202,1.960414,2.335021,1.526168,3.036911,,1.993463,True
0,371,maintenance_burst,31786,30061,31501,1440,4,5000,temporal,1,10,10,-307.50604641611443,1.572427,1.068976,2.28866,3.482555,2.605379,4.306651,,2.007656,True
0,371,maintenance_burst,31786,30061,31501,1440,4,5000,static,2,73,73,-307.50604641611443,2.425017,1.869166,3.041489,2.085833,1.444684,2.767525,,2.007656,True
0,372,maintenance_burst,32461,31949,32129,180,2,5000,static,1,6,6,-31.59766244735504,1.341038,1.063728,2.036669,1.740933,1.432506,2.439097,,1.713962,True
0,372,maintenance_burst,32461,31949,32129,180,2,5000,temporal,2,1,1,-31.59766244735504,1.17075,0.967002,1.727942,1.549693,1.300697,2.179926,,1.713962,True
0,373,maintenance_burst,34024,33313,33673,360,2,10000,temporal,1,2,2,189.65925636292798,1.295659,1.092922,1.882436,1.66682,1.335339,2.350854,,1.765038,True
0,373,maintenance_burst,34024,33313,33673,360,2,10000,static,2,10,10,189.65925636292798,1.064209,0.867522,1.654151,1.490053,1.125041,2.151232,,1.765038,True
0,374,maintenance_burst,33675,33208,33388,180,6,1000,static,1,20,20,283.044812379643,2.623026,2.148979,3.268992,2.483635,1.890208,3.160618,,2.168488,True
0,374,maintenance_burst,33675,33208,33388,180,6,1000,temporal,2,10,10,283.044812379643,1.683285,1.350311,2.269471,1.776165,1.334117,2.489794,,2.168488,True
0,375,maintenance_burst,33464,31773,33213,1440,2,5000,temporal,1,10,10,-173.66491765520584,2.653882,1.25006,3.41341,2.674904,2.034536,3.367051,,2.775096,True
0,375,maintenance_burst,33464,31773,33213,1440,2,5000,static,2,57,57,-173.66491765520584,1.509402,1.209258,2.252105,1.897098,1.304522,2.606581,,2.775096,True
0,376,maintenance_burst,32872,31084,32524,1440,4,1000,static,1,101,101,367.8098632243574,1.8714,1.402851,2.553721,2.613521,1.889757,3.363835,,2.730679,True
0,376,maintenance_burst,32872,31084,32524,1440,4,1000,temporal,2,12,12,367.8098632243574,1.392746,1.127535,2.127948,23.829157,1.358624,24.656888,,2.730679,True
0,377,maintenance_burst,35153,34798,34978,180,2,5000,temporal,1,1,1,183.11216168017353,1.702724,1.413687,2.283111,1.912892,1.548942,2.61952,,1.594731,True
0,377,maintenance_burst,35153,34798,34978,180,2,5000,static,2,6,6,183.11216168017353,1.049777,0.86595,1.661322,2.61219,2.052503,3.380681,,1.594731,True
0,378,maintenance_burst,33613,33044,33404,360,2,5000,static,1,12,12,-241.90653102193303,1.26975,1.020693,1.912672,1.595513,1.254476,2.311244,,2.563636,True
0,378,maintenance_burst,33613,33044,33404,360,2,5000,temporal,2,3,3,-241.90653102193303,1.014834,0.701581,1.658848,1.538787,1.220946,2.192716,,2.563636,True
0,379,maintenance_burst,34255,33849,34029,180,2,10000,temporal,1,3,3,176.1399244106881,1.559258,1.313907,2.180076,1.632638,1.392776,2.327599,,2.154898,True
0,379,maintenance_burst,34255,33849,34029,180,2,10000,static,2,7,7,176.1399244106881,0.961954,0.752949,1.589463,1.785179,1.550584,2.536254,,2.154898,True
0,380,maintenance_burst,30361,29321,30041,720,2,10000,static,1,21,21,714.69494658319,1.160794,0.876625,1.760651,1.609023,1.258883,2.378737,,1.632218,True
0,380,maintenance_burst,30361,29321,30041,720,2,10000,temporal,2,3,3,714.69494658319,0.858988,0.679287,1.50839,1.354478,1.048154,2.105533,,1.632218,True
0,381,maintenance_burst,34978,33447,34887,1440,6,5000,temporal,1,16,16,217.81690726594474,1.204721,0.95904,1.912431,3.034879,2.049799,4.000017,,1.513388,True
0,381,maintenance_burst,34978,33447,34887,1440,6,5000,static,2,115,115,217.81690726594474,1.459507,1.11765,2.14931,2.138674,1.320947,2.880155,,1.513388,True
0,382,maintenance_burst,30500,30075,30435,360,2,1000,static,1,11,11,-539.0305077770051,1.694272,1.374228,2.321059,2.108027,1.670365,2.86348,,3.250555,True
0,382,maintenance_burst,30500,30075,30435,360,2,1000,temporal,2,3,3,-539.0305077770051,19.944144,1.135176,20.62301,3.203253,2.588063,4.07412,,3.250555,True
0,383,maintenance_burst,33334,32943,33303,360,2,1000,temporal,1,3,3,-568.5175023538451,1.545827,1.247046,2.198024,3.044433,2.139565,3.776039,,2.714775,True
0,383,maintenance_burst,33334,32943,33303,360,2,1000,static,2,13,13,-568.5175023538451,1.563904,1.273495,2.191494,1.892241,1.476292,2.634073,,2.714775,True
0,384,maintenance_burst,30619,30189,30369,180,8,5000,static,1,16,16,-1312.5380532630525,1.071,0.844247,1.64709,2.793193,2.431907,3.57162,,1.52795,True
0,384,maintenance_burst,30619,30189,30369,180,8,5000,temporal,2,4,4,-1312.5380532630525,0.905399,0.711436,1.581311,2.317754,1.920083,3.056842,,1.52795,True
0,385,maintenance_burst,33508,32989,33349,360,4,10000,temporal,1,6,6,-1052.6264873913049,1.127875,0.894913,1.76587,2.638769,2.039414,3.361853,,2.267458,True
0,385,maintenance_burst,33508,32989,33349,360,4,10000,static,2,23,23,-1052.6264873913049,1.363301,1.071981,1.948146,2.032072,1.640591,2.735956,,2.267458,True
0,386,maintenance_burst,30392,29698,30058,360,2,10000,static,1,7,7,428.8788534823428,1.360407,1.068035,1.986543,2.550085,2.088177,3.254481,,2.019914,True
0,386,maintenance_burst,30392,29698,30058,360,2,10000,temporal,2,1,1,428.8788534823428,1.455531,1.186895,2.121537,2.393999,1.930309,3.150072,,2.019914,True
0,387,maintenance_burst,35037,34796,34856,60,2,1000,temporal,1,1,1,95.91188555687758,1.991611,1.60036,25.025035,2.38114,1.942988,3.263294,,3.232397,True
0,387,maintenance_burst,35037,34796,34856,60,2,1000,static,2,3,3,95.91188555687758,1.497334,1.133283,2.094797,2.667353,2.218926,3.422975,,3.232397,True
0,388,maintenance_burst,34308,34078,34138,60,4,5000,static,1,3,3,-36.03989312541981,2.926534,2.413049,3.619642,2.86427,2.460831,3.622126,,3.835489,True
0,388,maintenance_burst,34308,34078,34138,60,4,5000,temporal,2,2,2,-36.03989312541981,1.921996,1.62105,2.570105,1.588792,1.313576,2.412036,,3.835489,True
0,389,maintenance_burst,32411,32125,32185,60,4,5000,temporal,1,2,2,60.59573435526834,2.606822,2.160006,3.368663,2.632279,2.146355,3.383456,,2.847045,True
0,389,maintenance_burst,32411,32125,32185,60,4,5000,static,2,5,5,60.59573435526834,1.835815,1.502511,2.535884,2.172545,1.729555,2.939334,,2.847045,True
0,390,maintenance_burst,34194,34003,34183,180,2,5000,static,1,4,4,-42.002690118516355,1.793612,1.504825,2.443995,2.36836,1.95836,3.184545,,2.772402,True
0,390,maintenance_burst,34194,34003,34183,180,2,5000,temporal,2,1,1,-42.002690118516355,1.531185,1.241427,2.125553,2.796017,2.104112,3.503437,,2.772402,True
0,391,maintenance_burst,33430,32696,33416,720,4,5000,temporal,1,6,6,-1707.1641794786356,2.129871,1.737507,2.816949,3.210424,2.297003,4.025877,,2.089159,True
0,391,maintenance_burst,33430,32696,33416,720,4,5000,static,2,36,36,-1707.1641794786356,19.82964,19.248432,20.676451,3.345358,2.601293,4.202825,,2.089159,True
0,392,maintenance_burst,31181,29523,30963,1440,4,5000,static,1,75,75,404.86507466658236,1.575432,1.238873,2.189631,2.112163,1.626249,2.859393,,2.488853,True
0,392,maintenance_burst,31181,29523,30963,1440,4,5000,temporal,2,12,12,404.86507466658236,1.058129,0.824957,1.668432,1.846462,1.386897,2.575634,,2.488853,True
0,393,maintenance_burst,30350,29332,30052,720,2,5000,temporal,1,4,4,752.1485472730814,1.136969,0.935064,1.728103,1.896968,1.504796,2.656687,,1.391734,True
0,393,maintenance_burst,30350,29332,30052,720,2,5000,static,2,18,18,752.1485472730814,1.133905,0.927131,1.719269,1.855084,1.463142,2.52637,,1.391734,True
0,394,maintenance_burst,33594,33344,33404,60,4,5000,static,1,3,3,-1.3953503119352852,1.291914,1.052522,1.935616,1.323982,1.081335,2.001827,,2.719482,True
0,394,maintenance_burst,33594,33344,33404,60,4,5000,temporal,2,2,2,-1.3953503119352852,1.414017,1.214306,1.972802,1.3892,1.153855,2.01068,,2.719482,True
0,395,maintenance_burst,32319,32073,32133,60,4,5000,temporal,1,2,2,95.3528584341154,1.38226,1.094205,2.033123,1.706851,1.455741,2.442422,,2.100045,True
0,395,maintenance_burst,32319,32073,32133,60,4,5000,static,2,5,5,95.3528584341154,1.049006,0.832839,1.677026,1.487459,1.192593,2.18902,,2.100045,True
0,396,maintenance_burst,31179,30651,30831,180,4,5000,static,1,8,8,288.7035754610266,1.319064,1.104339,1.910308,1.500539,1.170049,2.317233,,2.239386,True
0,396,maintenance_burst,31179,30651,30831,180,4,5000,temporal,2,2,2,288.7035754610266,1.163369,0.937968,1.7326,1.324643,1.026722,2.11009,,2.239386,True
0,397,maintenance_burst,34177,34029,34089,60,2,1000,temporal,1,1,1,-6.239131612241518,1.20404,0.982476,1.83872,1.386556,1.096427,22.477754,,3.497458,True
0,397,maintenance_burst,34177,34029,34089,60,2,1000,static,2,3,3,-6.239131612241518,1.26987,0.984569,2.121568,2.24169,1.897129,2.958543,,3.497458,True
0,398,maintenance_burst,32383,30910,32350,1440,6,10000,static,1,160,160,592.2404857440446,1.381349,0.982896,2.288029,2.124181,1.443613,3.251716,,2.389883,True
0,398,maintenance_burst,32383,30910,32350,1440,6,10000,temporal,2,24,24,592.2404857440446,2.821525,2.016489,3.833406,2.977853,1.89788,4.037134,,2.389883,True
0,399,maintenance_burst,35034,34484,34844,360,4,10000,temporal,1,6,6,228.13951385404462,1.822355,1.470553,2.706782,2.786112,2.238795,3.735678,,3.542796,True
0,399,maintenance_burst,35034,34484,34844,360,4,10000,static,2,20,20,228.13951385404462,1.269539,1.006171,2.097391,2.366198,1.899482,3.331648,,3.542796,True
0,400,maintenance_burst,30294,28687,30127,1440,4,1000,static,1,107,107,-193.57598688101112,1.525105,1.17108,2.319987,2.032202,1.368099,3.020257,,2.122078,True
0,400,maintenance_burst,30294,28687,30127,1440,4,1000,temporal,2,14,14,-193.57598688101112,1.132743,0.858849,1.934736,4.806677,1.226314,5.789724,,2.122078,True
0,401,maintenance_burst,31639,29885,31325,1440,4,1000,temporal,1,10,10,35.33900773938484,1.308338,0.954013,2.269421,1.831459,1.30307,2.810099,,1.308077,True
0,401,maintenance_burst,31639,29885,31325,1440,4,1000,static,2,71,71,35.33900773938484,1.089327,0.789734,1.989879,3.087518,2.243562,3.832003,,1.308077,True
0,402,maintenance_burst,32906,32518,32698,180,4,1000,static,1,15,15,78.5843970664495,1.471905,1.145572,20.155303,2.57961,2.015928,3.533642,,2.403654,True
0,402,maintenance_burst,32906,32518,32698,180,4,1000,temporal,2,6,6,78.5843970664495,1.117179,0.874973,1.856997,1.586578,1.301588,2.338165,,2.403654,True
0,403,maintenance_burst,31824,31396,31756,360,4,5000,temporal,1,3,3,-915.1473211958294,1.555492,1.236469,2.390714,1.84528,1.467849,2.841046,,4.453774,True
0,403,maintenance_burst,31824,31396,31756,360,4,5000,static,2,18,18,-915.1473211958294,1.179273,0.900581,1.96443,3.448464,2.709076,4.426893,,4.453774,True
0,404,maintenance_burst,32314,32131,32191,60,2,10000,static,1,3,3,26.462039056334667,1.974946,1.598427,2.832653,2.125564,1.690286,3.079306,,2.380679,True
0,404,maintenance_burst,32314,32131,32191,60,2,10000,temporal,2,1,1,26.462039056334667,1.19715,0.950307,2.016158,2.378035,1.923498,3.292648,,2.380679,True
0,405,maintenance_burst,33186,31510,32950,1440,4,5000,temporal,1,13,13,-335.72644057484877,2.04348,1.618707,2.86399,3.163873,2.369663,4.183545,,2.24246,True
0,405,maintenance_burst,33186,31510,32950,1440,4,5000,static,2,104,104,-335.72644057484877,1.376632,0.957618,2.281169,2.62615,1.866232,3.608165,,2.24246,True
0,406,maintenance_burst,34080,33603,33963,360,6,10000,static,1,34,34,1758.9212622043888,1.774634,1.401479,2.602746,2.257643,1.735463,3.312298,,2.514312,True
0,406,maintenance_burst,34080,33603,33963,360,6,10000,temporal,2,7,7,1758.9212622043888,1.105762,0.841843,1.933153,1.790748,1.392636,21.278401,,2.514312,True
0,407,maintenance_burst,31877,30180,31620,1440,6,10000,temporal,1,15,15,-609.7650529918119,1.820322,1.477484,2.635094,2.743168,2.059174,3.706714,,2.163441,True
0,407,maintenance_burst,31877,30180,31620,1440,6,10000,static,2,111,111,-609.7650529918119,1.346345,0.987433,1.994605,2.744219,2.073014,3.609357,,2.163441,True
0,408,maintenance_burst,32166,31823,31883,60,2,1000,static,1,14,14,-114.07036229079056,1.412365,1.135497,2.046564,1.773412,1.498065,2.548293,,1.972262,True
0,408,maintenance_burst,32166,31823,31883,60,2,1000,temporal,2,1,1,-114.07036229079056,1.981425,1.390402,2.6723,1.908175,1.600399,2.633441,,1.972262,True
0,409,maintenance_burst,35777,34900,35620,720,4,5000,temporal,1,7,7,734.687225001065,1.537514,1.20404,2.136029,2.343643,1.814723,3.217304,,0.578885,True
0,409,maintenance_burst,35777,34900,35620,720,4,5000,static,2,37,37,734.687225001065,1.211542,0.940112,2.214048,1.841495,1.347377,2.550926,,0.578885,True
0,410,maintenance_burst,35949,35152,35872,720,4,5000,static,1,37,37,-1184.6991312563478,1.222028,0.993342,1.960714,2.433108,1.733491,3.175952,,0.546406,True
0,410,maintenance_burst,35949,35152,35872,720,4,5000,temporal,2,6,6,-1184.6991312563478,1.088666,0.874702,1.770677,1.734362,1.279565,2.614363,,0.546406,True
0,411,maintenance_burst,35803,35315,35495,180,6,10000,temporal,1,9,9,-564.007360027848,1.386356,1.12464,1.983769,1.777427,1.395089,2.479509,,1.739661,True
0,411,maintenance_burst,35803,35315,35495,180,6,10000,static,2,23,23,-564.007360027848,1.374237,1.108225,2.131092,1.593779,1.251142,2.356332,,1.739661,True
0,412,maintenance_burst,35157,34668,34848,180,4,10000,static,1,14,14,355.7116583854702,1.244301,0.964459,1.872101,19.747667,1.677816,20.509839,,1.698989,True
0,412,maintenance_burst,35157,34668,34848,180,4,10000,temporal,2,6,6,355.7116583854702,1.398575,1.061975,2.080826,2.147046,1.722023,2.871532,,1.698989,True
0,413,maintenance_burst,34203,33793,33973,180,4,10000,temporal,1,2,2,216.91662877031055,1.307878,1.053042,2.026364,1.597145,1.278964,2.340589,,2.79077,True
0,413,maintenance_burst,34203,33793,33973,180,4,10000,static,2,8,8,216.91662877031055,1.562542,1.209449,2.252736,1.736435,1.412635,2.463585,,2.79077,True
0,414,maintenance_burst,35603,35169,35349,180,8,10000,static,1,15,15,451.022962431334,1.669063,1.385114,2.439248,2.876399,2.465768,3.639843,,1.848825,True
0,414,maintenance_burst,35603,35169,35349,180,8,10000,temporal,2,4,4,451.022962431334,2.291905,1.879652,3.0621,2.548312,1.78602,3.691395,,1.848825,True
0,415,maintenance_burst,34915,33182,34622,1440,2,10000,temporal,1,7,7,-243.73402891241375,1.940373,1.522011,3.000317,2.504797,1.821153,3.345648,,1.958586,True
0,415,maintenance_burst,34915,33182,34622,1440,2,10000,static,2,41,41,-243.73402891241375,1.787783,1.340737,2.476044,1.842235,1.403282,2.544798,,1.958586,True
0,416,maintenance_burst,35231,34724,34904,180,2,1000,static,1,4,4,79.8824698584281,1.148377,0.915635,1.790808,1.584045,1.254867,2.361961,,1.851128,True
0,416,maintenance_burst,35231,34724,34904,180,2,1000,temporal,2,1,1,79.8824698584281,0.968815,0.770154,1.557505,1.365495,1.110208,2.040896,,1.851128,True
0,417,maintenance_burst,33872,33471,33531,60,2,1000,temporal,1,1,1,136.82997500115317,1.358744,0.848954,1.966704,1.621371,1.339595,2.278425,,1.627991,True
0,417,maintenance_burst,33872,33471,33531,60,2,1000,static,2,1,1,136.82997500115317,1.107665,0.917367,1.677607,1.512297,1.248528,2.146705,,1.627991,True
0,418,maintenance_burst,30494,29760,30480,720,6,1000,static,1,58,58,-2063.9220323477507,1.14455,0.885979,17.274297,2.570407,1.75293,3.416466,,1.558647,True
0,418,maintenance_burst,30494,29760,30480,720,6,1000,temporal,2,10,10,-2063.9220323477507,1.206424,0.942375,2.129459,1.883688,1.304542,2.644017,,1.558647,True
0,419,maintenance_burst,34736,34240,34600,360,2,10000,temporal,1,1,1,-675.5594419970531,1.681793,1.352806,2.257483,1.943418,1.563874,2.775125,,1.822356,True
0,419,maintenance_burst,34736,34240,34600,360,2,10000,static,2,9,9,-675.5594419970531,1.307647,1.020012,2.175769,1.738779,1.350873,2.604217,,1.822356,True
0,420,maintenance_burst,35264,33593,35033,1440,4,5000,static,1,74,74,371.08498626568417,1.34315,1.040353,1.959482,1.805249,1.252613,2.508032,,1.857348,True
0,420,maintenance_burst,35264,33593,35033,1440,4,5000,temporal,2,11,11,371.08498626568417,1.079412,0.82006,1.853802,1.910819,1.101255,2.583405,,1.857348,True
0,421,maintenance_burst,31247,30878,31058,180,4,1000,temporal,1,2,2,604.878559228711,1.237431,0.98519,1.857298,2.905683,2.4667,3.603428,,1.419587,True
0,421,maintenance_burst,31247,30878,31058,180,4,1000,static,2,7,7,604.878559228711,1.153324,0.908433,1.775575,1.856156,1.509853,2.623085,,1.419587,True
0,422,maintenance_burst,35626,35277,35337,60,6,1000,static,1,7,7,46.31922395663773,1.328528,1.048405,2.051201,2.570186,2.134667,3.639112,,4.38543,True
0,422,maintenance_burst,35626,35277,35337,60,6,1000,temporal,2,3,3,46.31922395663773,1.187395,0.904107,1.987895,1.573019,1.287186,3.097723,,4.38543,True
0,423,maintenance_burst,35052,34986,35046,60,2,1000,temporal,1,2,2,141.68183158070505,1.457654,1.143569,2.117241,1.585517,1.31633,2.329392,,1.854299,True
0,423,maintenance_burst,35052,34986,35046,60,2,1000,static,2,3,3,141.68183158070505,1.020944,0.823755,1.712449,21.61574,1.306987,22.423101,,1.854299,True
0,424,maintenance_burst,32222,31734,32094,360,6,1000,static,1,83,83,-1083.426018299047,1.644706,1.325343,2.24265,1.98402,1.512437,2.723648,,1.603074,True
0,424,maintenance_burst,32222,31734,32094,360,6,1000,temporal,2,17,17,-1083.426018299047,0.996567,0.764966,1.648533,1.705899,1.273275,2.437765,,1.603074,True
0,425,maintenance_burst,32118,30589,32029,1440,4,5000,temporal,1,14,14,-21.52075540588976,1.105742,0.812128,1.897398,2.568183,1.895526,3.273158,,1.513648,True
0,425,maintenance_burst,32118,30589,32029,1440,4,5000,static,2,103,103,-21.52075540588976,1.21027,0.900502,1.949858,1.761924,1.154335,2.600952,,1.513648,True
0,426,maintenance_burst,32534,30995,32435,1440,4,1000,static,1,104,104,442.5196194390074,1.184,0.869735,1.93775,1.85214,1.140454,2.620653,,2.651929,True
0,426,maintenance_burst,32534,30995,32435,1440,4,1000,temporal,2,13,13,442.5196194390074,1.100654,0.789964,1.707601,1.821694,0.995856,2.595614,,2.651929,True
0,427,maintenance_burst,34680,34253,34613,360,4,10000,temporal,1,2,2,-973.9165334184305,1.539177,1.254136,2.158494,3.498879,2.795056,4.202764,,1.629153,True
0,427,maintenance_burst,34680,34253,34613,360,4,10000,static,2,18,18,-973.9165334184305,1.807102,1.511676,2.80434,1.784739,1.396371,2.481962,,1.629153,True
0,428,maintenance_burst,32724,30929,32369,1440,4,10000,static,1,104,104,412.159025418722,1.761202,1.31601,2.391045,2.105063,1.318283,2.870059,,3.170774,True
0,428,maintenance_burst,32724,30929,32369,1440,4,10000,temporal,2,15,15,412.159025418722,1.982647,1.32311,2.727193,1.827873,1.30314,2.555513,,3.170774,True
0,429,maintenance_burst,30601,28831,30271,1440,2,5000,temporal,1,8,8,-199.05191806448315,1.820602,1.359315,2.544307,2.787564,2.015507,3.543618,,23.28905,True
0,429,maintenance_burst,30601,28831,30271,1440,2,5000,static,2,51,51,-199.05191806448315,1.062767,0.751647,1.736485,2.053865,1.465726,2.783378,,23.28905,True
0,430,maintenance_burst,33085,32117,32837,720,2,5000,static,1,21,21,513.1049355399012,1.108997,0.886239,1.725549,1.519878,1.160435,2.272716,,0.76735,True
0,430,maintenance_burst,33085,32117,32837,720,2,5000,temporal,2,3,3,513.1049355399012,1.208126,0.944708,1.785239,1.775344,1.385715,2.531317,,0.76735,True
0,431,maintenance_burst,33517,32906,33266,360,4,10000,temporal,1,3,3,-1065.670276482345,1.281167,1.024379,1.936978,1.793852,1.35566,2.458798,,5.572585,True
0,431,maintenance_burst,33517,32906,33266,360,4,10000,static,2,20,20,-1065.670276482345,1.093434,0.901083,1.755203,1.572207,1.241057,2.321841,,5.572585,True
0,432,maintenance_burst,31584,31139,31499,360,2,1000,static,1,9,9,99.35272605400338,1.784758,1.469121,2.382833,1.596904,1.292654,2.3882,,1.50166,True
0,432,maintenance_burst,31584,31139,31499,360,2,1000,temporal,2,1,1,99.35272605400338,1.122487,0.903196,1.77276,1.537254,1.214366,2.298285,,1.50166,True
0,433,maintenance_burst,30445,29985,30165,180,2,5000,temporal,1,1,1,-171.83746039037672,1.29631,1.055015,2.073825,2.151853,1.734853,2.904291,,6.275538,True
0,433,maintenance_burst,30445,29985,30165,180,2,5000,static,2,3,3,-171.83746039037672,1.253065,1.063427,1.876156,1.677586,1.30295,2.582855,,6.275538,True
0,434,maintenance_burst,33323,31869,33309,1440,6,1000,static,1,116,116,-313.8095051651662,1.315809,0.98534,2.038522,2.063901,1.211782,2.835467,,1.871079,True
0,434,maintenance_burst,33323,31869,33309,1440,6,1000,temporal,2,18,18,-313.8095051651662,1.19689,0.911267,20.440483,2.838982,2.03035,3.774987,,1.871079,True
0,435,maintenance_burst,35183,34510,34870,360,8,10000,temporal,1,11,11,4.1393230935890415,1.373366,1.111681,2.983467,1.811569,1.315219,2.898462,,2.062899,True
0,435,maintenance_burst,35183,34510,34870,360,8,10000,static,2,39,39,4.1393230935890415,1.239354,1.007883,2.079254,2.864481,2.193727,3.924323,,2.062899,True
0,436,maintenance_burst,35763,34903,35623,720,6,5000,static,1,54,54,-175.08397283474503,1.426777,1.160946,2.334569,1.814413,1.300917,2.809648,,7.539819,True
0,436,maintenance_burst,35763,34903,35623,720,6,5000,temporal,2,9,9,-175.08397283474503,1.53441,1.238422,2.384685,1.784949,1.345024,2.701003,,7.539819,True
0,437,maintenance_burst,35118,34805,34985,180,4,5000,temporal,1,2,2,492.6419303921006,1.519467,1.161265,2.367369,1.983249,1.509843,3.035339,,3.628666,True
0,437,maintenance_burst,35118,34805,34985,180,4,5000,static,2,9,9,492.6419303921006,1.243089,0.976356,2.094677,1.607611,1.30275,2.733132,,3.628666,True
0,438,maintenance_burst,30727,30496,30676,180,4,1000,static,1,9,9,-159.83479107825787,1.048285,0.838668,1.88473,1.80576,1.527419,3.00932,,2.947677,True
0,438,maintenance_burst,30727,30496,30676,180,4,1000,temporal,2,2,2,-159.83479107825787,1.643254,1.299545,2.529424,1.752309,1.272845,2.90366,,2.947677,True
0,439,maintenance_burst,34597,34142,34322,180,6,5000,temporal,1,3,3,-1141.0171435262525,1.944921,1.518927,3.169001,1.698688,1.34968,2.765201,,24.663859,True
0,439,maintenance_burst,34597,34142,34322,180,6,5000,static,2,12,12,-1141.0171435262525,1.212514,0.93252,2.104582,2.654504,2.121267,3.838042,,24.663859,True
0,440,maintenance_burst,34252,32780,34220,1440,4,1000,static,1,72,72,-284.1532861631255,1.375139,1.049487,2.473239,1.869036,1.308558,2.916279,,4.664522,True
0,440,maintenance_burst,34252,32780,34220,1440,4,1000,temporal,2,10,10,-284.1532861631255,2.040114,1.538917,3.12132,2.358706,1.434509,3.321041,,4.664522,True
0,441,maintenance_burst,34145,33907,33967,60,2,10000,temporal,1,1,1,12.176163852850307,1.846862,1.519708,2.790249,1.810317,1.525026,2.814595,,4.563269,True
0,441,maintenance_burst,34145,33907,33967,60,2,10000,static,2,1,1,12.176163852850307,1.946172,1.624926,2.858181,1.967505,1.657656,3.017723,,4.563269,True
0,442,maintenance_burst,34427,32974,34414,1440,6,5000,static,1,114,114,-714.487743017762,1.538927,1.126784,2.634884,2.027525,1.253725,3.059605,,2.263532,True
0,442,maintenance_burst,34427,32974,34414,1440,6,5000,temporal,2,17,17,-714.487743017762,1.232774,0.932129,2.089259,2.337884,1.631416,3.416275,,2.263532,True
0,443,maintenance_burst,31510,31150,31330,180,4,10000,temporal,1,2,2,243.36521652086307,1.237431,1.008375,1.88476,1.546709,1.249228,25.684292,,1.645418,True
0,443,maintenance_burst,31510,31150,31330,180,4,10000,static,2,12,12,243.36521652086307,2.249741,1.712349,3.14869,1.692889,1.307397,2.444356,,1.645418,True
0,444,maintenance_burst,35392,35332,35392,60,8,5000,static,1,12,12,70.9191816566792,1.53455,1.218903,2.183992,1.716646,1.357362,2.581142,,3.577409,True
0,444,maintenance_burst,35392,35332,35392,60,8,5000,temporal,2,7,7,70.9191816566792,1.922857,1.57394,2.624748,1.957209,1.62732,2.684298,,3.577409,True
0,445,maintenance_burst,32002,31186,31906,720,2,1000,temporal,1,3,3,-872.0319973235717,1.193044,0.88583,1.793021,1.789806,1.359986,2.768766,,3.970823,True
0,445,maintenance_burst,32002,31186,31906,720,2,1000,static,2,32,32,-872.0319973235717,1.053723,0.801722,1.758839,2.505388,1.887915,3.350085,,3.970823,True
0,446,maintenance_burst,33493,33244,33424,180,6,5000,static,1,20,20,-46.20335525745453,1.299415,1.069908,1.9117,2.167217,1.737267,2.887756,,3.156943,True
0,446,maintenance_burst,33493,33244,33424,180,6,5000,temporal,2,8,8,-46.20335525745453,1.008865,0.791396,1.63994,1.92445,1.590074,2.654233,,3.156943,True
0,447,maintenance_burst,34986,34715,34775,60,4,1000,temporal,1,2,2,117.8478234952135,1.466287,1.18386,2.104712,1.624697,1.334958,2.343012,,2.14963,True
0,447,maintenance_burst,34986,34715,34775,60,4,1000,static,2,3,3,117.8478234952135,1.416281,1.155487,2.083731,1.394819,1.115968,2.095959,,2.14963,True
0,448,maintenance_burst,30512,29898,30258,360,2,10000,static,1,9,9,-79.01775115906355,1.45555,1.198812,2.090791,2.126565,1.658587,2.843799,,1.64039,True
0,448,maintenance_burst,30512,29898,30258,360,2,10000,temporal,2,1,1,-79.01775115906355,1.230561,0.955785,1.817418,21.510492,1.300196,22.4347,,1.64039,True
0,449,maintenance_burst,31670,30134,31574,1440,4,5000,temporal,1,10,10,-289.94764435553634,1.579048,1.266585,2.204634,1.776697,1.241457,2.482063,,0.843546,True
0,449,maintenance_burst,31670,30134,31574,1440,4,5000,static,2,72,72,-289.94764435553634,1.272253,0.951498,2.047736,4.767077,1.436232,5.599335,,0.843546,True
0,450,maintenance_burst,33286,32908,33088,180,2,5000,static,1,5,5,-335.84785599887965,1.293395,1.036196,1.926233,2.332487,1.916638,3.178275,,2.46054,True
0,450,maintenance_burst,33286,32908,33088,180,2,5000,temporal,2,1,1,-335.84785599887965,1.209759,0.953762,1.801023,1.761003,1.410392,2.497926,,2.46054,True
0,451,maintenance_burst,33267,32904,33264,360,6,10000,temporal,1,3,3,-1185.007756597086,1.235799,0.969686,1.907314,1.766211,1.276289,2.479689,,2.079123,True
0,451,maintenance_burst,33267,32904,33264,360,6,10000,static,2,26,26,-1185.007756597086,1.361568,0.938539,1.979583,1.801033,1.436432,2.550546,,2.079123,True
0,452,maintenance_burst,32016,31060,31780,720,4,5000,static,1,38,38,-996.2567902065952,1.430462,1.130008,2.184433,2.694484,2.024031,3.482355,,6.573419,True
0,452,maintenance_burst,32016,31060,31780,720,4,5000,temporal,2,6,6,-996.2567902065952,1.122687,0.871177,1.768854,1.864108,1.354888,2.513931,,6.573419,True
0,453,maintenance_burst,34255,33917,33977,60,2,5000,temporal,1,1,1,5.472148869195136,1.780972,1.365344,2.459018,1.758439,1.445185,19.918125,,9.982542,True
0,453,maintenance_burst,34255,33917,33977,60,2,5000,static,2,1,1,5.472148869195136,2.788096,2.323763,3.63076,1.908475,1.540449,2.730007,,9.982542,True
0,454,maintenance_burst,31613,31132,31312,180,6,1000,static,1,16,16,640.4405203361832,1.460668,1.16408,2.240167,2.168319,1.749535,2.922719,,4.752164,True
0,454,maintenance_burst,31613,31132,31312,180,6,1000,temporal,2,3,3,640.4405203361832,1.072612,0.842133,2.148218,1.556273,1.265984,2.332627,,4.752164,True
0,455,maintenance_burst,30680,30345,30405,60,2,1000,temporal,1,2,2,-137.4342503600438,2.877801,2.460721,3.614004,1.664466,1.389301,2.584568,,4.556378,True
0,455,maintenance_burst,30680,30345,30405,60,2,1000,static,2,3,3,-137.4342503600438,0.937688,0.671495,1.627571,1.415149,1.17713,2.287459,,4.556378,True
0,456,maintenance_burst,31590,31305,31485,180,2,5000,static,1,5,5,52.10044336422729,1.381569,1.147606,2.10961,1.572918,1.279054,2.300718,,7.013424,True
0,456,maintenance_burst,31590,31305,31485,180,2,5000,temporal,2,1,1,52.10044336422729,1.256349,1.035365,2.071442,1.321898,1.04543,2.240067,,7.013424,True
0,457,maintenance_burst,35056,34614,34794,180,6,10000,temporal,1,9,9,679.596136089263,1.368029,1.068896,2.309602,1.615973,1.267967,2.59305,,6.940984,True
0,457,maintenance_burst,35056,34614,34794,180,6,10000,static,2,21,21,679.596136089263,0.965991,0.764406,1.715935,1.651727,1.171742,2.582304,,6.940984,True
0,458,maintenance_burst,31840,31008,31728,720,4,5000,static,1,37,37,-676.7946503475816,1.670485,1.342099,2.67169,1.77924,1.279976,2.692842,,18.661013,True
0,458,maintenance_burst,31840,31008,31728,720,4,5000,temporal,2,6,6,-676.7946503475816,1.032191,0.794511,1.848665,3.654035,2.887105,4.674787,,18.661013,True
0,459,maintenance_burst,30966,30801,30861,60,4,10000,temporal,1,2,2,181.93169226999723,1.235408,0.990577,2.013404,2.681554,2.21555,3.651961,,3.883461,True
0,459,maintenance_burst,30966,30801,30861,60,4,10000,static,2,6,6,181.93169226999723,1.172993,0.955916,2.039784,2.53946,2.158995,3.528575,,3.883461,True
0,460,maintenance_burst,30613,29993,30353,360,2,5000,static,1,11,11,-460.6126410984907,1.365093,1.096458,2.305546,2.48675,1.954795,3.564991,,8.403445,True
0,460,maintenance_burst,30613,29993,30353,360,2,5000,temporal,2,2,2,-460.6126410984907,1.119372,0.864507,1.98417,2.092604,1.525056,3.138395,,8.403445,True
0,461,maintenance_burst,35157,35092,35152,60,4,5000,temporal,1,2,2,167.0062843011224,1.347357,1.027113,2.204903,1.524375,1.122647,2.453018,,3.929772,True
0,461,maintenance_burst,35157,35092,35152,60,4,5000,static,2,6,6,167.0062843011224,1.73241,1.372566,2.391085,1.506268,1.213966,2.267328,,3.929772,True
0,462,maintenance_burst,31237,30594,30954,360,4,10000,static,1,20,20,260.18118082455237,1.281878,1.01232,1.903658,2.113405,1.615102,2.861316,,1.974335,True
0,462,maintenance_burst,31237,30594,30954,360,4,10000,temporal,2,2,2,260.18118082455237,1.0783,0.849074,1.690826,1.646199,1.282469,19.278397,,1.974335,True
0,463,maintenance_burst,31303,30792,30972,180,4,10000,temporal,1,2,2,654.983315950565,1.381148,1.090549,2.007616,1.658918,1.339886,2.525608,,5.651063,True
0,463,maintenance_burst,31303,30792,30972,180,4,10000,static,2,8,8,654.983315950565,1.818309,1.449372,2.5193,1.669163,1.341137,2.668755,,5.651063,True
0,464,maintenance_burst,33393,31631,33071,1440,4,1000,static,1,106,106,-389.63570318683446,1.337933,0.96582,2.080375,1.724247,1.112262,2.427951,,2.74488,True
0,464,maintenance_burst,33393,31631,33071,1440,4,1000,temporal,2,16,16,-389.63570318683446,1.454749,1.140144,2.284413,1.739921,1.222688,2.458067,,2.74488,True
0,465,maintenance_burst,32043,31599,31779,180,2,1000,temporal,1,3,3,-308.654641441664,1.413767,1.100704,2.059313,1.601752,1.322129,2.827254,,4.839667,True
0,465,maintenance_burst,32043,31599,31779,180,2,1000,static,2,9,9,-308.654641441664,1.61404,1.282389,3.137744,1.696495,1.313777,2.533981,,4.839667,True
0,466,maintenance_burst,35641,34146,35586,1440,4,10000,static,1,74,74,-442.08416209200425,1.648272,1.306645,2.356312,2.025763,1.303801,2.761966,,4.715159,True
0,466,maintenance_burst,35641,34146,35586,1440,4,10000,temporal,2,11,11,-442.08416209200425,0.97864,0.718776,1.664487,1.707802,1.07178,2.420951,,4.715159,True
0,467,maintenance_burst,33805,33420,33780,360,4,1000,temporal,1,2,2,1270.419120734914,1.619358,1.313235,2.219546,1.821695,1.437443,2.530556,,2.794846,True
0,467,maintenance_burst,33805,33420,33780,360,4,1000,static,2,19,19,1270.419120734914,1.036257,0.766949,1.695914,18.998554,1.292324,19.772954,,2.794846,True
0,468,maintenance_burst,34911,34175,34895,720,2,5000,static,1,20,20,-625.8039814659546,1.32296,1.060583,1.954855,1.63414,1.191942,2.285115,,2.086214,True
0,468,maintenance_burst,34911,34175,34895,720,2,5000,temporal,2,3,3,-625.8039814659546,2.150682,1.516182,2.813214,1.991791,1.309229,2.696107,,2.086214,True
0,469,maintenance_burst,31482,29687,31127,1440,6,1000,temporal,1,16,16,481.25684911578685,1.508892,1.175247,2.411366,2.366258,1.592177,3.091264,,3.667765,True
0,469,maintenance_burst,31482,29687,31127,1440,6,1000,static,2,106,106,481.25684911578685,1.109157,0.836936,1.704898,1.942326,1.385375,2.669225,,3.667765,True
0,470,maintenance_burst,34740,33240,34680,1440,2,5000,static,1,32,32,11.141141411535115,1.871099,1.52146,2.654023,1.763716,1.163509,2.469694,,2.278214,True
0,470,maintenance_burst,34740,33240,34680,1440,2,5000,temporal,2,5,5,11.141141411535115,1.22323,0.957908,2.016068,2.208179,1.619479,2.947577,,2.278214,True
0,471,maintenance_burst,35995,34414,35854,1440,6,5000,temporal,1,14,14,-459.78947393876706,113.026625,110.520325,113.96953,6.953463,5.895062,9.376836,,0.582851,True
0,471,maintenance_burst,35995,34414,35854,1440,6,5000,static,2,104,104,-459.78947393876706,1.185332,0.845027,1.888756,1.754633,1.107324,2.451186,,0.582851,True
0,472,maintenance_burst,33914,33761,33821,60,4,10000,static,1,3,3,217.6740443898827,1.360867,1.059982,2.087045,2.165254,1.739019,2.917862,,5.346363,True
0,472,maintenance_burst,33914,33761,33821,60,4,10000,temporal,2,2,2,217.6740443898827,0.935234,0.693278,1.496743,1.365074,1.119572,2.057831,,5.346363,True
0,473,maintenance_burst,31986,31533,31713,180,4,5000,temporal,1,2,2,-703.6568067978626,1.110659,0.863576,1.749625,1.545246,1.253565,2.222471,,4.005776,True
0,473,maintenance_burst,31986,31533,31713,180,4,5000,static,2,11,11,-703.6568067978626,0.880271,0.659066,1.60747,1.233655,0.954213,2.060886,,4.005776,True
0,474,maintenance_burst,35126,34846,35026,180,2,1000,static,1,4,4,299.4982856132409,1.266745,0.993462,2.304695,1.603654,1.315249,2.333939,,2.101197,True
0,474,maintenance_burst,35126,34846,35026,180,2,1000,temporal,2,1,1,299.4982856132409,0.900061,0.698976,1.478325,1.666219,1.324743,2.327419,,2.101197,True
0,475,maintenance_burst,35674,34080,35520,1440,2,1000,temporal,1,4,4,-92.89129758470676,1.157691,0.861572,1.948045,1.718268,1.225413,2.409873,,4.890013,True
0,475,maintenance_burst,35674,34080,35520,1440,2,1000,static,2,32,32,-92.89129758470676,0.953141,0.656602,1.62061,1.862847,1.357443,2.568173,,4.890013,True
0,476,maintenance_burst,35095,34647,34827,180,4,1000,static,1,14,14,555.7072874257967,1.298053,1.000863,1.92483,1.646439,1.169498,2.386868,,2.177833,True
0,476,maintenance_burst,35095,34647,34827,180,4,1000,temporal,2,6,6,555.7072874257967,1.405816,1.013823,2.071381,1.529292,1.224832,2.232646,,2.177833,True
0,477,maintenance_burst,34825,34217,34577,360,2,10000,temporal,1,1,1,-571.5297747311995,1.342009,1.045181,1.981796,1.696165,1.207796,2.415041,,1.923228,True
0,477,maintenance_burst,34825,34217,34577,360,2,10000,static,2,9,9,-571.5297747311995,1.282489,1.021454,1.91152,1.403482,1.079763,2.128949,,1.923228,True
0,478,maintenance_burst,32951,31388,32828,1440,2,1000,static,1,49,49,-156.08760987741124,1.037609,0.758066,1.674492,1.945721,1.437874,2.670267,,1.875435,True
0,478,maintenance_burst,32951,31388,32828,1440,2,1000,temporal,2,6,6,-156.08760987741124,1.082767,0.801592,1.860653,1.6932,1.166053,2.455422,,1.875435,True
0,479,maintenance_burst,34918,34044,34764,720,2,5000,temporal,1,4,4,-843.5669014394538,1.181256,0.884347,20.713847,2.194608,1.523174,3.203414,,2.284313,True
0,479,maintenance_burst,34918,34044,34764,720,2,5000,static,2,22,22,-843.5669014394538,2.100375,1.668532,2.780914,2.010229,1.227476,2.744018,,2.284313,True
0,480,window_drift,40081,38608,40048,1440,4,1000,static,1,72,72,-154.69001830435053,1.14419,0.847351,2.073054,1.705569,1.046882,2.406648,,1.483974,True
0,480,window_drift,40081,38608,40048,1440,4,1000,temporal,2,10,10,-154.69001830435084,1.418264,1.089828,2.043189,1.714012,1.120144,2.426088,,1.483974,True
0,481,window_drift,42259,40517,41957,1440,6,1000,temporal,1,15,15,350.555955246558,1.137389,0.829434,1.774032,1.652338,1.041575,2.389052,,0.91274,True
0,481,window_drift,42259,40517,41957,1440,6,1000,static,2,110,110,350.555955246558,1.763787,1.324563,2.486069,1.920804,1.326605,2.657578,,0.91274,True
0,482,window_drift,39333,38843,39203,360,2,1000,static,1,11,11,643.6232341576599,1.122206,0.810716,1.770868,1.707672,1.212132,2.436834,,1.308228,True
0,482,window_drift,39333,38843,39203,360,2,1000,temporal,2,3,3,643.6232341576599,1.281277,0.995375,1.91788,1.708122,1.253224,2.370474,,1.308228,True
0,483,window_drift,42027,41104,41824,720,4,1000,temporal,1,6,6,441.2371284832327,1.469572,1.152342,2.079174,1.602453,1.113524,2.312616,,1.397643,True
0,483,window_drift,42027,41104,41824,720,4,1000,static,2,37,37,441.2371284832327,1.014774,0.781211,1.585477,1.815295,1.372745,2.504627,,1.397643,True
0,484,window_drift,41518,39848,41288,1440,2,5000,static,1,34,34,-106.42975094650747,1.127134,0.84006,1.723486,1.641542,1.174926,2.428883,,0.756794,True
0,484,window_drift,41518,39848,41288,1440,2,5000,temporal,2,6,6,-106.42975094650578,0.967713,0.722642,1.569764,1.614672,1.081284,2.320379,,0.756794,True
0,485,window_drift,40194,37284,40164,2880,4,5000,temporal,1,19,19,407.0322859665703,1.143529,0.818317,1.857328,1.97774,1.297081,2.723308,,1.186323,True
0,485,window_drift,40194,37284,40164,2880,4,5000,static,2,144,144,407.03228596656965,1.139893,0.719578,1.85175,1.923809,1.150579,2.603436,,1.186323,True
0,486,window_drift,39581,36498,39378,2880,2,1000,static,1,65,65,111.13792923734184,1.24987,0.824357,14.620715,2.602745,1.568752,3.561014,,2.908538,True
0,486,window_drift,39581,36498,39378,2880,2,1000,temporal,2,9,9,111.13792923734184,1.101215,0.788882,1.768244,1.605197,0.902855,2.389102,,2.908538,True
0,487,window_drift,39182,38179,38899,720,6,5000,temporal,1,9,9,-1149.9568016498897,1.073092,0.82676,1.861665,2.154176,1.636494,2.87064,,2.316863,True
0,487,window_drift,39182,38179,38899,720,6,5000,static,2,54,54,-1149.9568016498897,1.037919,0.755363,1.634071,3.334321,2.59255,4.143755,,2.316863,True
0,488,window_drift,41155,38019,40899,2880,2,200,static,1,65,65,-380.267462149995,1.153193,0.815713,1.877779,2.412257,1.337903,3.67724,,1.498386,True
0,488,window_drift,41155,38019,40899,2880,2,200,temporal,2,9,9,-380.267462149995,1.229189,0.809013,1.859892,2.208769,1.572207,3.167539,,1.498386,True
0,489,window_drift,38277,35300,38180,2880,4,200,temporal,1,18,18,-111.80448906067977,1.261467,0.964408,2.100165,3.814126,2.785001,4.708418,,1.185293,True
0,489,window_drift,38277,35300,38180,2880,4,200,static,2,142,142,-111.80448906067978,1.753881,1.188767,2.391646,2.451026,1.213705,3.441904,,1.185293,True
0,490,window_drift,38984,38521,38881,360,6,1000,static,1,26,26,-234.3225720557,1.101436,0.858398,1.77265,1.508891,1.080183,2.253657,,2.92997,True
0,490,window_drift,38984,38521,38881,360,6,1000,temporal,2,3,3,-234.3225720557,0.948354,0.752718,1.789175,2.163971,1.708803,2.917752,,2.92997,True
0,491,window_drift,38733,37223,38663,1440,2,200,temporal,1,5,5,-54.94389920861708,1.228968,0.969526,1.989548,1.470693,1.050658,2.30192,,0.511914,True
0,491,window_drift,38733,37223,38663,1440,2,200,static,2,33,33,-54.94389920861708,1.094945,0.805408,1.730656,1.828715,1.254367,2.655385,,0.511914,True
0,492,window_drift,40813,39360,40800,1440,2,1000,static,1,37,37,-22.57047918938997,1.011068,0.725917,20.49774,2.893656,1.970239,4.199239,,1.225182,True
0,492,window_drift,40813,39360,40800,1440,2,1000,temporal,2,5,5,-22.57047918938911,1.21655,0.870586,2.020545,1.703636,1.180455,3.549747,,1.225182,True
0,493,window_drift,38936,35997,38877,2880,8,1000,temporal,1,39,39,898.056918027243,1.275699,0.929245,1.908225,2.712321,1.333777,6.918009,,2.02369,True
0,493,window_drift,38936,35997,38877,2880,8,1000,static,2,291,291,898.056918027243,1.729905,0.850586,2.462763,2.853665,1.359205,3.785653,,2.02369,True
0,494,window_drift,38771,38075,38435,360,2,5000,static,1,11,11,-601.625491642834,1.154826,0.918919,1.74632,2.512248,2.058983,3.243784,,0.981914,True
0,494,window_drift,38771,38075,38435,360,2,5000,temporal,2,3,3,-601.625491642834,1.112892,0.843815,1.692298,1.618577,1.109527,2.827084,,0.981914,True
0,495,window_drift,40945,40296,40656,360,6,200,temporal,1,10,10,960.1828693681364,2.123129,1.661562,2.848637,2.411295,1.510944,3.181801,,1.486588,True
0,495,window_drift,40945,40296,40656,360,6,200,static,2,32,32,960.1828693681364,0.981023,0.749553,1.804258,3.355714,2.569465,4.087099,,1.486588,True
0,496,window_drift,42172,41409,42129,720,2,1000,static,1,20,20,768.2099711092181,1.288869,0.974824,1.866241,1.752429,1.195557,2.540942,,1.669584,True
0,496,window_drift,42172,41409,42129,720,2,1000,temporal,2,3,3,768.2099711092181,0.876245,0.671586,1.479777,1.299144,0.941333,1.996638,,1.669584,True
0,497,window_drift,40961,40165,40885,720,4,1000,temporal,1,6,6,1403.5853209940647,1.245203,0.924498,1.882736,1.590895,1.118421,2.45337,,3.785023,True
0,497,window_drift,40961,40165,40885,720,4,1000,static,2,38,38,1403.5853209940647,0.91286,0.70105,1.539197,18.735535,17.890147,19.574073,,3.785023,True
0,498,window_drift,42860,41282,42722,1440,6,1000,static,1,107,107,3.193012560966281,1.560439,1.175277,2.625529,3.44595,2.199135,4.189544,,0.82667,True
0,498,window_drift,42860,41282,42722,1440,6,1000,temporal,2,16,16,3.193012560966281,1.174896,0.902635,1.856988,1.956357,1.213655,2.794455,,0.82667,True
0,499,window_drift,39191,37465,38905,1440,4,5000,temporal,1,10,10,371.7181406827212,1.482962,0.939049,2.091021,1.792661,1.222839,2.644799,,4.726937,True
0,499,window_drift,39191,37465,38905,1440,4,5000,static,2,73,73,371.7181406827212,0.956826,0.695551,1.709815,3.95521,2.899614,4.718654,,4.726937,True
0,500,window_drift,38590,37730,38450,720,4,1000,static,1,38,38,-993.406842431469,2.297934,1.784468,2.918232,1.95134,1.492907,2.769436,,1.543914,True
0,500,window_drift,38590,37730,38450,720,4,1000,temporal,2,6,6,-993.406842431469,0.989496,0.738987,1.581732,3.748317,2.868857,4.486844,,1.543914,True
0,501,window_drift,39957,38444,39884,1440,2,1000,temporal,1,5,5,-69.55274932565789,2.442522,1.067203,3.401423,2.537126,1.768574,3.476476,,2.81093,True
0,501,window_drift,39957,38444,39884,1440,2,1000,static,2,40,40,-69.55274932565789,1.124079,0.826299,1.732429,2.247778,1.621962,2.979764,,2.81093,True
0,502,window_drift,38837,37913,38633,720,2,200,static,1,21,21,-605.9075498043876,1.699009,1.338374,2.373649,1.901745,1.476693,2.697698,,0.6285,True
0,502,window_drift,38837,37913,38633,720,2,200,temporal,2,3,3,-605.9075498043876,1.479436,1.112592,2.138783,19.891764,1.668994,20.866207,,0.6285,True
0,503,window_drift,42436,41732,42092,360,4,1000,temporal,1,6,6,905.5278773692994,2.043539,1.577665,3.061248,2.860465,2.311756,3.969932,,1.56104,True
0,503,window_drift,42436,41732,42092,360,4,1000,static,2,22,22,905.5278773692994,1.611015,1.219364,2.473149,2.209731,1.757597,3.238115,,1.56104,True
0,504,window_drift,41151,39686,41126,1440,2,5000,static,1,34,34,-156.13302747834183,1.70667,1.312414,2.703678,2.166224,1.578496,3.157033,,4.2534,True
0,504,window_drift,41151,39686,41126,1440,2,5000,temporal,2,6,6,-156.13302747834183,1.398925,1.024129,2.223101,2.068728,1.571346,3.103031,,4.2534,True
0,505,window_drift,37941,37402,37762,360,4,200,temporal,1,5,5,1078.0871413635002,1.572407,1.277251,2.420579,2.114076,1.697426,3.127258,,1.61394,True
0,505,window_drift,37941,37402,37762,360,4,200,static,2,19,19,1078.0871413635002,2.079113,1.628502,2.951262,1.989468,1.609453,2.928548,,1.61394,True
0,506,window_drift,42081,41176,41896,720,4,1000,static,1,37,37,1399.951320119849,1.556594,1.211191,2.410334,2.389092,1.657606,3.374431,,1.603925,True
0,506,window_drift,42081,41176,41896,720,4,1000,temporal,2,5,5,1399.951320119849,1.345635,1.076708,2.172685,2.051721,1.576804,3.078394,,1.603925,True
0,507,window_drift,40597,37621,40501,2880,2,200,temporal,1,9,9,432.45489653733443,1.458295,1.055746,2.429393,2.124902,1.461189,3.106256,,1.48159,True
0,507,window_drift,40597,37621,40501,2880,2,200,static,2,66,66,432.45489653733443,1.447909,0.936415,2.314959,21.156646,20.355685,22.266693,,1.48159,True
0,508,window_drift,37617,36924,37284,360,6,1000,static,1,27,27,-1747.0917939010524,1.098491,0.881833,1.923518,1.414078,1.050809,2.293167,,1.038159,True
0,508,window_drift,37617,36924,37284,360,6,1000,temporal,2,3,3,-1747.0917939010524,1.365114,1.122527,2.224533,1.753531,1.15737,2.754945,,1.038159,True
0,509,window_drift,42659,40918,42358,1440,2,5000,temporal,1,5,5,-171.31991966621032,1.455771,1.118,2.272706,1.768904,1.231482,2.788115,,1.266334,True
0,509,window_drift,42659,40918,42358,1440,2,5000,static,2,39,39,-171.31991966621032,1.512056,1.073804,2.501351,2.149019,1.512457,3.158555,,1.266334,True
0,510,window_drift,41543,39811,41251,1440,4,200,static,1,72,72,-440.75394561902795,1.42229,1.059131,2.20288,2.121337,1.515622,3.124334,,0.738447,True
0,510,window_drift,41543,39811,41251,1440,4,200,temporal,2,10,10,-440.75394561902795,1.347237,1.054665,2.178484,1.995476,1.283831,2.998533,,0.738447,True
0,511,window_drift,38718,37905,38625,720,2,1000,temporal,1,3,3,-587.7192977813896,1.431705,1.11779,2.203011,2.243462,1.696315,3.303785,,1.424343,True
0,511,window_drift,38718,37905,38625,720,2,1000,static,2,20,20,-587.7192977813896,1.014333,0.772117,1.888235,1.324582,1.029756,2.256341,,1.424343,True
0,512,window_drift,41881,40956,41676,720,4,1000,static,1,38,38,410.7587818529895,1.128777,0.903356,1.742714,1.6604,1.18392,2.548423,,2.224012,True
0,512,window_drift,41881,40956,41676,720,4,1000,temporal,2,7,7,410.7587818529895,1.030107,0.835163,1.669794,1.608882,1.233645,2.309131,,2.224012,True
0,513,window_drift,37906,34815,37695,2880,6,5000,temporal,1,28,28,1149.5598407465868,1.121856,0.820321,1.830247,2.59973,1.877499,3.373871,,1.063027,True
0,513,window_drift,37906,34815,37695,2880,6,5000,static,2,223,223,1149.5598407465868,1.00553,0.678556,23.238883,2.493089,1.566618,3.387211,,1.063027,True
0,514,window_drift,42798,39593,42473,2880,4,5000,static,1,140,140,-793.0049214344854,1.451665,1.011299,2.036338,2.088938,1.352154,3.043331,,1.489632,True
0,514,window_drift,42798,39593,42473,2880,4,5000,temporal,2,18,18,-793.0049214344854,1.04494,0.692447,1.63387,1.83892,1.021404,2.537556,,1.489632,True
0,515,window_drift,40617,37470,40350,2880,2,200,temporal,1,9,9,366.79828586256605,1.026892,0.759799,1.762174,1.674682,1.197321,2.521382,,2.089158,True
0,515,window_drift,40617,37470,40350,2880,2,200,static,2,65,65,366.79828586256605,1.039491,0.705456,1.677285,1.695062,1.119382,2.359426,,2.089158,True
0,516,window_drift,39807,39405,39765,360,2,1000,static,1,12,12,-417.8995436696554,1.418475,1.17065,2.042027,1.727151,1.192423,2.507361,,1.292804,True
0,516,window_drift,39807,39405,39765,360,2,1000,temporal,2,2,2,-417.8995436696554,1.01237,0.731186,1.676424,1.459346,1.169828,2.122549,,1.292804,True
0,517,window_drift,41994,39081,41961,2880,4,200,temporal,1,19,19,608.1706516848374,1.247796,0.934783,2.045593,2.528823,1.227226,3.281331,,1.591326,True
0,517,window_drift,41994,39081,41961,2880,4,200,static,2,141,141,608.1706516848374,1.142407,0.818527,1.812901,2.007445,1.265964,2.714354,,1.591326,True
0,518,window_drift,39220,38228,38948,720,4,5000,static,1,38,38,224.0712735898156,1.698448,1.29686,2.534271,1.942847,1.499607,2.964552,,0.819159,True
0,518,window_drift,39220,38228,38948,720,4,5000,temporal,2,6,6,224.0712735898156,1.116117,0.873981,1.999142,1.641362,1.222237,2.803329,,0.819159,True
0,519,window_drift,41336,40511,41231,720,4,1000,temporal,1,6,6,-1705.3519536874187,1.69937,1.414699,2.58599,22.119752,1.846852,23.471806,,1.418164,True
0,519,window_drift,41336,40511,41231,720,4,1000,static,2,36,36,-1705.3519536874187,2.274508,1.859852,3.46636,1.71981,1.296149,2.777019,,1.418164,True
0,520,window_drift,42579,41754,42474,720,4,1000,static,1,37,37,-1059.576310541145,1.232924,0.898088,2.07066,1.582913,1.110689,2.595173,,1.71952,True
0,520,window_drift,42579,41754,42474,720,4,1000,temporal,2,6,6,-1059.576310541145,1.370301,1.092722,4.177315,1.552647,1.143939,2.613572,,1.71952,True
0,521,window_drift,39613,39078,39438,360,4,1000,temporal,1,2,2,556.1558589975181,0.971649,0.767019,1.811689,1.576213,1.167755,2.517405,,1.284412,True
0,521,window_drift,39613,39078,39438,360,4,1000,static,2,16,16,556.1558589975181,0.848082,0.655601,1.68622,1.439316,1.057709,2.466259,,1.284412,True
0,522,window_drift,42291,40598,42038,1440,2,1000,static,1,32,32,-63.095595190455995,1.214476,0.812188,2.049609,1.468951,1.034384,2.483946,,1.476612,True
0,522,window_drift,42291,40598,42038,1440,2,1000,temporal,2,5,5,-63.095595190455995,0.961594,0.701851,1.971271,1.449772,1.070708,2.50017,,1.476612,True
0,523,window_drift,41408,40603,41323,720,4,5000,temporal,1,6,6,-1413.2614656639348,1.073393,0.853711,1.89832,1.483533,1.112252,2.413759,,1.53486,True
0,523,window_drift,41408,40603,41323,720,4,5000,static,2,38,38,-1413.2614656639348,0.936455,0.706509,1.763396,1.505827,1.058951,2.511717,,1.53486,True
0,524,window_drift,42055,40515,41955,1440,2,200,static,1,38,38,129.66883549417858,1.047053,0.787861,1.861063,1.483292,1.069477,2.732887,,1.426567,True
0,524,window_drift,42055,40515,41955,1440,2,200,temporal,2,5,5,129.66883549417858,0.997137,0.735071,1.631987,1.464925,1.034744,3.295192,,1.426567,True
0,525,window_drift,41989,40510,41950,1440,4,200,temporal,1,10,10,251.9680701955259,1.184651,0.87989,27.284114,2.597647,1.863016,3.579902,,1.305003,True
0,525,window_drift,41989,40510,41950,1440,4,200,static,2,71,71,251.9680701955259,1.095877,0.805458,1.895746,2.111732,1.594501,2.850449,,1.305003,True
0,526,window_drift,39204,36232,39112,2880,2,200,static,1,65,65,347.03900696479997,1.171151,0.82698,1.810046,1.694161,1.122036,2.897931,,4.22001,True
0,526,window_drift,39204,36232,39112,2880,2,200,temporal,2,9,9,347.03900696479985,1.413397,1.09108,2.198224,1.621992,1.119763,3.302703,,4.22001,True
0,527,window_drift,39517,38680,39400,720,2,1000,temporal,1,3,3,803.1739017695036,1.476302,1.049887,2.177662,2.330383,1.820983,4.426413,,3.422154,True
0,527,window_drift,39517,38680,39400,720,2,1000,static,2,16,16,803.1739017695036,1.121876,0.817966,2.07676,2.088447,1.641161,3.234249,,3.422154,True
0,528,window_drift,40486,40085,40445,360,4,1000,static,1,20,20,994.5462606489714,1.106874,0.900852,1.741893,1.748724,1.456442,2.5398,,1.590865,True
0,528,window_drift,40486,40085,40445,360,4,1000,temporal,2,6,6,994.5462606489714,1.065011,0.684936,1.733661,1.60714,1.186213,2.333428,,1.590865,True
0,529,window_drift,40577,39546,40266,720,6,200,temporal,1,8,8,-1819.8737906023384,0.997188,0.794071,1.5747,1.749244,1.257772,2.447991,,1.160925,True
0,529,window_drift,40577,39546,40266,720,6,200,static,2,56,56,-1819.8737906023384,1.083568,0.775833,1.742404,1.74622,1.304773,2.426098,,1.160925,True
0,530,window_drift,38949,38475,38835,360,8,200,static,1,38,38,295.66909717161275,1.012791,0.777735,1.64705,2.003499,1.263801,2.690838,,1.175046,True
0,530,window_drift,38949,38475,38835,360,8,200,temporal,2,4,4,295.66909717161275,1.049486,0.831116,1.684767,21.599193,20.809308,22.520236,,1.175046,True
0,531,window_drift,39568,38546,39266,720,2,200,temporal,1,3,3,715.0019214921313,1.291052,0.992271,2.174347,1.830117,1.278964,2.532058,,1.404924,True
0,531,window_drift,39568,38546,39266,720,2,200,static,2,19,19,715.0019214921313,0.949816,0.695542,1.609884,1.758108,1.234706,2.414951,,1.404924,True
0,532,window_drift,42366,39327,42207,2880,2,200,static,1,75,75,-102.68367078299582,1.099132,0.781542,1.870067,1.65373,1.101425,2.335121,,1.464835,True
0,532,window_drift,42366,39327,42207,2880,2,200,temporal,2,9,9,-102.68367078299599,1.048435,0.710504,1.708433,1.566178,1.092973,2.426999,,1.464835,True
0,533,window_drift,41367,39728,41168,1440,4,200,temporal,1,14,14,-337.5567092993141,1.075527,0.794471,1.698297,1.741172,1.28959,2.402162,,1.114415,True
0,533,window_drift,41367,39728,41168,1440,4,200,static,2,74,74,-337.5567092993141,0.959881,0.71464,1.607791,1.497473,0.99191,2.302841,,1.114415,True
0,534,window_drift,38445,38083,38443,360,8,200,static,1,42,42,-2408.722394679785,1.115747,0.890827,1.794623,1.577325,1.20366,2.386599,,1.067334,True
0,534,window_drift,38445,38083,38443,360,8,200,temporal,2,12,12,-2408.722394679785,1.10444,0.920832,1.802805,1.64701,1.18372,2.35487,,1.067334,True
0,535,window_drift,42753,39756,42636,2880,4,5000,temporal,1,18,18,-562.4904625624688,1.266745,0.891278,1.925782,2.064311,1.463522,2.975108,,1.814203,True
0,535,window_drift,42753,39756,42636,2880,4,5000,static,2,140,140,-562.4904625624688,1.114806,0.804346,1.807082,2.18332,1.180885,2.949589,,1.814203,True
0,536,window_drift,40542,39910,40270,360,4,5000,static,1,19,19,-4.370630872454932,1.265113,0.960352,3.760205,2.298865,1.808994,3.605431,,1.469682,True
0,536,window_drift,40542,39910,40270,360,4,5000,temporal,2,2,2,-4.370630872454932,1.50759,1.219524,2.360609,25.500162,24.7912,26.536258,,1.469682,True
0,537,window_drift,41441,38282,41162,2880,4,1000,temporal,1,19,19,-770.8170468403107,3.890641,3.446991,4.572984,2.557938,1.790868,3.318907,,2.597788,True
0,537,window_drift,41441,38282,41162,2880,4,1000,static,2,140,140,-770.8170468403107,1.620601,1.087704,2.31474,2.329632,1.541791,3.049721,,2.597788,True
0,538,window_drift,42776,41085,42525,1440,4,5000,static,1,72,72,-422.8288432377532,1.59453,1.205783,2.184362,2.323032,1.677967,3.646293,,1.38285,True
0,538,window_drift,42776,41085,42525,1440,4,5000,temporal,2,10,10,-422.8288432377532,1.548421,1.082487,2.260507,2.372256,1.723866,3.433541,,1.38285,True
0,539,window_drift,43087,42527,42887,360,4,5000,temporal,1,6,6,578.4782649184995,1.579778,1.24386,2.266117,2.094036,1.641121,2.85744,,1.241307,True
0,539,window_drift,43087,42527,42887,360,4,5000,static,2,22,22,578.4782649184995,1.353366,1.015025,2.086695,2.130291,1.690476,2.995628,,1.241307,True
0,540,window_drift,38459,35530,38410,2880,4,1000,static,1,146,146,-687.8427368328839,1.779991,1.344763,2.651598,2.565028,1.615893,3.315742,,1.996368,True
0,540,window_drift,38459,35530,38410,2880,4,1000,temporal,2,20,20,-687.8427368328839,2.445532,1.905826,3.195611,6.30338,1.375399,7.231894,,1.996368,True
0,541,window_drift,40404,39562,40282,720,2,1000,temporal,1,4,4,-254.61382605109867,1.504574,1.199213,2.124362,1.576223,1.153213,2.454471,,1.39606,True
0,541,window_drift,40404,39562,40282,720,2,1000,static,2,21,21,-254.61382605109867,1.063968,0.796134,1.720512,1.469552,1.075015,2.41402,,1.39606,True
0,542,window_drift,37459,35673,37113,1440,2,200,static,1,40,40,-174.52420090954,1.381559,1.024759,2.430145,10.262986,1.103439,11.660769,,2.803218,True
0,542,window_drift,37459,35673,37113,1440,2,200,temporal,2,6,6,-174.52420090954,1.801654,1.467759,3.235772,2.015297,1.35662,3.133457,,2.803218,True
0,543,window_drift,41997,40442,41882,1440,8,1000,temporal,1,19,19,429.8660038923766,1.305103,0.958669,2.122969,2.083329,1.275378,3.124324,,1.90481,True
0,543,window_drift,41997,40442,41882,1440,8,1000,static,2,141,141,429.8660038923766,1.137399,0.732598,2.159344,2.105663,1.302088,3.144153,,1.90481,True
0,544,window_drift,40678,37521,40401,2880,6,1000,static,1,222,222,1131.805260778408,1.570764,0.956045,2.57289,3.232817,1.331593,4.257016,,1.844169,True
0,544,window_drift,40678,37521,40401,2880,6,1000,temporal,2,28,28,1131.805260778408,1.033312,0.723544,1.946683,2.797499,1.231232,3.79659,,1.844169,True
0,545,window_drift,42372,41599,42319,720,4,1000,temporal,1,6,6,789.9331360579233,2.039984,1.553649,2.938352,1.8255,1.268989,2.761756,,1.99779,True
0,545,window_drift,42372,41599,42319,720,4,1000,static,2,38,38,789.9331360579233,1.616143,0.684294,2.494992,2.613972,1.91156,3.722037,,1.99779,True
0,546,window_drift,39680,38077,39517,1440,6,5000,static,1,107,107,-431.10091780284847,2.082058,1.691568,3.012244,2.776889,1.599147,3.487993,,1.761743,True
0,546,window_drift,39680,38077,39517,1440,6,5000,temporal,2,15,15,-431.10091780284847,1.480198,1.060153,2.154678,2.764299,1.802495,3.623768,,1.761743,True
0,547,window_drift,42593,42022,42382,360,2,1000,temporal,1,1,1,-291.6014575775425,1.556984,1.257101,2.233436,2.179595,1.688142,3.006966,,2.172905,True
0,547,window_drift,42593,42022,42382,360,2,1000,static,2,10,10,-291.6014575775425,1.270581,0.998169,1.901184,2.033043,1.625698,2.956861,,2.172905,True
0,548,window_drift,39289,36392,39272,2880,6,200,static,1,207,207,1037.471810660761,2.08364,1.480318,3.027798,3.73687,1.768494,4.554826,,11.454627,True
0,548,window_drift,39289,36392,39272,2880,6,200,temporal,2,27,27,1037.471810660761,1.680551,1.214316,2.519789,3.321602,1.584836,4.112267,,11.454627,True
0,549,window_drift,38848,37860,38580,720,2,1000,temporal,1,3,3,-479.9871401498185,1.424183,1.14412,2.069519,1.892782,1.446306,2.728735,,1.050408,True
0,549,window_drift,38848,37860,38580,720,2,1000,static,2,21,21,-479.9871401498185,0.921814,0.684424,1.562413,1.377112,1.044449,2.119143,,1.050408,True
0,550,window_drift,43144,40173,43053,2880,2,5000,static,1,78,78,234.03541060177008,1.113764,0.789694,1.877328,2.008436,1.078741,2.777419,,0.849715,True
0,550,window_drift,43144,40173,43053,2880,2,5000,temporal,2,9,9,234.03541060176946,1.037829,0.684816,1.72623,1.75973,1.095557,2.907416,,0.849715,True
0,551,window_drift,38449,35502,38382,2880,6,1000,temporal,1,28,28,-854.5520591345357,1.188116,0.892119,2.074235,2.569585,1.225693,3.544789,,1.860118,True
0,551,window_drift,38449,35502,38382,2880,6,1000,static,2,223,223,-854.5520591345357,1.23693,0.87294,2.151363,2.798892,1.265252,4.81548,,1.860118,True
0,552,window_drift,42112,40352,41792,1440,8,1000,static,1,146,146,565.0393227817221,1.940744,1.394999,2.970682,2.367589,1.484454,3.332798,,2.710698,True
0,552,window_drift,42112,40352,41792,1440,8,1000,temporal,2,23,23,565.0393227817221,1.334678,1.033452,2.299637,2.298905,1.426176,3.334702,,2.710698,True
0,553,window_drift,37951,37188,37908,720,2,5000,temporal,1,3,3,422.0391417935675,1.314407,1.006552,2.119313,1.624896,1.189598,2.834445,,1.996297,True
0,553,window_drift,37951,37188,37908,720,2,5000,static,2,21,21,422.0391417935675,0.883636,0.646287,1.661623,13.660041,1.031239,14.550058,,1.996297,True
0,554,window_drift,41632,39947,41387,1440,4,1000,static,1,72,72,59.35152347688211,2.717969,2.107146,3.390075,2.137992,1.429582,2.853725,,0.781942,True
0,554,window_drift,41632,39947,41387,1440,4,1000,temporal,2,11,11,59.35152347688211,1.076888,0.774642,1.941436,1.829637,1.181797,2.576896,,0.781942,True
0,555,window_drift,40311,37328,40208,2880,6,5000,temporal,1,25,25,279.4552391916697,1.571045,1.093753,2.379227,2.382242,1.448811,3.144494,,0.909185,True
0,555,window_drift,40311,37328,40208,2880,6,5000,static,2,221,221,279.4552391916697,1.351394,0.913321,2.128668,2.363683,1.327838,3.111034,,0.909185,True
0,556,window_drift,38947,38188,38908,720,2,5000,static,1,21,21,-543.642814230841,1.288198,1.030268,1.908195,1.592087,1.180255,2.355181,,2.097661,True
0,556,window_drift,38947,38188,38908,720,2,5000,temporal,2,3,3,-543.642814230841,1.069848,0.803455,1.665238,1.58734,1.238082,2.829478,,2.097661,True
0,557,window_drift,38546,35550,38430,2880,2,5000,temporal,1,9,9,-358.9733947160617,1.383892,0.971529,2.023069,2.352957,1.572948,3.070302,,1.447318,True
0,557,window_drift,38546,35550,38430,2880,2,5000,static,2,65,65,-358.9733947160617,1.132492,0.81984,1.768424,1.894935,1.202287,2.600151,,1.447318,True
0,558,window_drift,37585,37016,37376,360,4,1000,static,1,16,16,-834.9041115167161,1.341619,1.016326,1.971511,1.672278,1.288228,2.463033,,1.727782,True
0,558,window_drift,37585,37016,37376,360,4,1000,temporal,2,2,2,-834.9041115167161,0.911288,0.70804,1.543744,1.794443,1.401559,2.502924,,1.727782,True
0,559,window_drift,39204,37691,39131,1440,4,200,temporal,1,10,10,346.54940940394397,1.140714,0.869414,1.803857,2.06324,1.574751,2.732551,,1.548621,True
0,559,window_drift,39204,37691,39131,1440,4,200,static,2,73,73,346.54940940394397,0.994373,0.72082,1.731007,21.933841,20.917945,22.937608,,1.548621,True
0,560,window_drift,42114,41043,41763,720,8,200,static,1,70,70,1.6109652557204406,1.474739,1.131952,2.107907,1.985993,1.405445,2.747264,,1.634181,True
0,560,window_drift,42114,41043,41763,720,8,200,temporal,2,12,12,1.6109652557204406,1.202037,0.901934,1.843016,1.729795,1.194656,2.4802,,1.634181,True
0,561,window_drift,38009,36333,37773,1440,4,1000,temporal,1,11,11,445.6740224798998,1.313997,0.992211,2.032012,1.797438,1.166364,2.556946,,1.337102,True
0,561,window_drift,38009,36333,37773,1440,4,1000,static,2,74,74,445.6740224798998,1.15088,0.880782,1.935456,1.968566,1.158662,2.695234,,1.337102,True
0,562,window_drift,41330,38426,41306,2880,6,1000,static,1,220,220,-1024.730880285544,1.389721,1.008245,2.065203,2.686992,1.258302,3.423866,,1.365344,True
0,562,window_drift,41330,38426,41306,2880,6,1000,temporal,2,26,26,-1024.730880285544,1.140254,0.801642,1.870789,2.511197,1.514429,3.352629,,1.365344,True
0,563,window_drift,41841,38621,41501,2880,6,1000,temporal,1,29,29,231.44202354862608,1.345044,0.954823,2.121998,2.2487,1.310912,3.020366,,1.426376,True
0,563,window_drift,41841,38621,41501,2880,6,1000,static,2,217,217,231.44202354862614,1.254907,0.872459,1.9911,2.311214,1.157189,3.02348,,1.426376,True
0,564,window_drift,41411,40507,41227,720,2,5000,static,1,17,17,-856.6352228058847,1.232413,0.998309,1.883367,1.584335,1.157219,2.679952,,1.405916,True
0,564,window_drift,41411,40507,41227,720,2,5000,temporal,2,3,3,-856.6352228058847,1.289539,0.812248,1.894975,1.349941,1.009186,2.093836,,1.405916,True
0,565,window_drift,41055,40379,40739,360,4,5000,temporal,1,6,6,1035.4617807261106,1.121866,0.854692,1.770697,2.132584,1.240425,2.88365,,1.620029,True
0,565,window_drift,41055,40379,40739,360,4,5000,static,2,22,22,1035.4617807261106,1.135797,0.89966,1.793431,1.730927,1.396361,2.547521,,1.620029,True
0,566,window_drift,37866,34740,37620,2880,8,1000,static,1,287,287,1345.1284822024068,1.691878,1.137921,2.780895,2.493299,1.348579,3.331566,,1.649043,True
0,566,window_drift,37866,34740,37620,2880,8,1000,temporal,2,38,38,1345.1284822024068,1.198181,0.799329,1.983689,3.943722,1.342109,4.753386,,1.649043,True
0,567,window_drift,42556,41021,42461,1440,4,1000,temporal,1,10,10,-479.3661830235293,1.239454,0.918368,1.928976,1.873182,1.187726,2.602926,,1.77284,True
0,567,window_drift,42556,41021,42461,1440,4,1000,static,2,71,71,-479.3661830235293,0.983497,0.697324,1.748032,1.948766,1.191471,3.230844,,1.77284,True
0,568,window_drift,41897,41019,41739,720,4,200,static,1,38,38,788.2461961222427,1.324803,1.04537,1.986022,1.688503,1.251642,2.485607,,1.703656,True
0,568,window_drift,41897,41019,41739,720,4,200,temporal,2,7,7,788.2461961222427,0.939921,0.699247,1.524264,2.087556,1.599849,3.075419,,1.703656,True
0,569,window_drift,39704,36542,39422,2880,4,200,temporal,1,18,18,-26.332436555250524,1.131841,0.804797,1.740131,1.991842,1.204371,2.777479,,1.667731,True
0,569,window_drift,39704,36542,39422,2880,4,200,static,2,143,143,-26.332436555250524,1.300897,0.978128,2.354038,2.022768,1.178402,3.072996,,1.667731,True
0,570,window_drift,38759,37242,38682,1440,8,200,static,1,146,146,179.13745466019225,1.244011,0.931889,2.313157,2.118132,1.329951,3.110172,,1.579157,True
0,570,window_drift,38759,37242,38682,1440,8,200,temporal,2,20,20,179.13745466019225,1.087965,0.824907,2.252055,1.685458,1.15109,2.687794,,1.579157,True
0,571,window_drift,41534,39756,41196,1440,6,1000,temporal,1,16,16,-454.7080289060691,1.352094,1.077719,2.167306,1.958371,1.407728,24.752783,,1.661091,True
0,571,window_drift,41534,39756,41196,1440,6,1000,static,2,111,111,-454.7080289060691,1.616514,1.170951,3.155481,2.062849,1.214075,3.155201,,1.661091,True
0,572,window_drift,38257,36726,38166,1440,4,1000,static,1,72,72,-201.3110487958386,1.575382,1.143239,2.387239,2.120186,1.326195,3.094037,,1.774774,True
0,572,window_drift,38257,36726,38166,1440,4,1000,temporal,2,10,10,-201.3110487958386,1.244722,0.95282,2.240106,1.596373,1.105762,2.401991,,1.774774,True
0,573,window_drift,43136,39995,42875,2880,2,1000,temporal,1,9,9,127.8990785108781,1.147434,0.820781,1.763766,4.301784,3.63122,5.014982,,1.949727,True
0,573,window_drift,43136,39995,42875,2880,2,1000,static,2,74,74,127.8990785108781,1.363532,0.978309,2.567151,2.204323,1.304151,2.966716,,1.949727,True
0,574,window_drift,41990,40546,41986,1440,4,200,static,1,70,70,134.56674444051237,1.282679,0.948263,2.114878,2.060305,1.423513,2.842067,,2.898803,True
0,574,window_drift,41990,40546,41986,1440,4,200,temporal,2,11,11,134.56674444051237,1.030808,0.683854,1.677135,1.739089,1.152422,2.444616,,2.898803,True
0,575,window_drift,40446,39649,40369,720,6,1000,temporal,1,9,9,1009.3838395216746,3.853546,2.518517,4.533383,3.612471,2.755416,4.449162,,6.742584,True
0,575,window_drift,40446,39649,40369,720,6,1000,static,2,54,54,1009.3838395216746,1.503744,1.105121,2.270542,2.542784,1.889617,3.388328,,6.742584,True
0,576,window_drift,43038,42443,42803,360,6,1000,static,1,32,32,-215.45136495311806,1.74631,1.411614,2.429383,17.299625,1.573039,18.334428,,2.24908,True
0,576,window_drift,43038,42443,42803,360,6,1000,temporal,2,9,9,-215.45136495311806,1.899993,1.503403,2.940766,2.251544,1.71275,3.362965,,2.24908,True
0,577,window_drift,38133,34959,37839,2880,4,5000,temporal,1,18,18,734.2732907865025,1.64693,1.200545,2.565449,2.95001,1.671958,4.012136,,2.161808,True
0,577,window_drift,38133,34959,37839,2880,4,5000,static,2,145,145,734.2732907865025,1.844839,1.295169,2.83771,2.754595,1.620209,3.752213,,2.161808,True
0,578,window_drift,38662,37024,38464,1440,8,200,static,1,146,146,-634.0623955479193,1.820563,1.366646,2.772241,3.004332,1.733671,4.031925,,2.244273,True
0,578,window_drift,38662,37024,38464,1440,8,200,temporal,2,20,20,-634.0623955479193,1.687612,1.264341,2.606391,3.054929,2.030901,4.20019,,2.244273,True
0,579,window_drift,43040,42538,42898,360,2,5000,temporal,1,3,3,281.85988157458445,1.771218,1.313887,2.560241,2.163852,1.671056,3.331928,,2.285135,True
0,579,window_drift,43040,42538,42898,360,2,5000,static,2,11,11,281.85988157458445,1.487128,1.093663,2.273548,1.973654,1.522422,2.90991,,2.285135,True
0,580,window_drift,38730,37655,38375,720,2,1000,static,1,20,20,326.8874082213026,1.343892,1.078491,2.178855,2.036019,1.621471,3.134879,,1.81271,True
0,580,window_drift,38730,37655,38375,720,2,1000,temporal,2,3,3,326.8874082213026,1.284372,1.032301,2.077592,1.905501,1.432275,2.873424,,1.81271,True
0,581,window_drift,39582,39183,39543,360,4,1000,temporal,1,2,2,-177.78266905331924,20.882997,20.491595,21.865016,1.725108,1.372054,2.761595,,1.781013,True
0,581,window_drift,39582,39183,39543,360,4,1000,static,2,19,19,-177.78266905331924,1.088716,0.836314,1.95803,1.424444,1.103428,2.350134,,1.781013,True
0,582,window_drift,42410,40936,42376,1440,2,1000,static,1,34,34,-207.03073137818072,1.170339,0.878017,2.193617,1.709294,1.198461,2.748094,,7.610275,True
0,582,window_drift,42410,40936,42376,1440,2,1000,temporal,2,6,6,-207.03073137818072,1.015185,0.732027,2.012002,1.64707,1.085261,2.620753,,7.610275,True
0,583,window_drift,41321,40959,41319,360,6,1000,temporal,1,9,9,-1476.6828184086448,1.023257,0.794031,1.866141,1.544375,1.209718,2.535082,,1.863728,True
0,583,window_drift,41321,40959,41319,360,6,1000,static,2,31,31,-1476.6828184086448,0.983948,0.794291,1.702574,1.445285,1.033713,2.140406,,1.863728,True
0,584,window_drift,39913,36825,39705,2880,6,1000,static,1,222,222,-1257.5552282028038,1.20378,0.775943,1.896317,2.530345,1.279605,3.275882,,1.457133,True
0,584,window_drift,39913,36825,39705,2880,6,1000,temporal,2,27,27,-1257.5552282028038,1.002456,0.72109,1.699459,2.192504,1.293826,2.924672,,1.457133,True
0,585,window_drift,42632,41600,42320,720,4,200,temporal,1,6,6,323.19103385008054,1.234296,0.921513,1.867293,2.41412,1.477484,4.796912,,3.65103,True
0,585,window_drift,42632,41600,42320,720,4,200,static,2,38,38,323.19103385008054,1.042666,0.756624,1.762285,1.926162,1.356331,2.637648,,3.65103,True
0,586,window_drift,38433,36921,38361,1440,4,5000,static,1,73,73,-358.52869541576274,1.959192,1.570654,2.748175,3.061198,2.407029,23.734923,,1.67319,True
0,586,window_drift,38433,36921,38361,1440,4,5000,temporal,2,10,10,-358.52869541576274,2.40121,1.717146,3.359629,2.480701,1.741573,3.258106,,1.67319,True
0,587,window_drift,42944,41464,42904,1440,6,200,temporal,1,15,15,426.3600518623848,2.013665,1.584135,2.787705,2.670728,1.711538,3.373591,,2.695514,True
0,587,window_drift,42944,41464,42904,1440,6,200,static,2,105,105,426.3600518623848,1.453247,1.100995,2.12334,2.452227,1.56123,3.180899,,2.695514,True
0,588,window_drift,40977,37959,40839,2880,4,1000,static,1,144,144,-329.4621996279077,1.678617,1.175537,2.317985,3.066866,1.70668,3.852465,,2.151372,True
0,588,window_drift,40977,37959,40839,2880,4,1000,temporal,2,20,20,-329.4621996279077,1.576904,1.096438,2.247417,2.596446,1.650526,3.360851,,2.151372,True
0,589,window_drift,42831,42413,42773,360,2,1000,temporal,1,3,3,-269.4741640890964,1.361959,1.093613,1.9575,2.409693,1.901985,3.240539,,2.204013,True
0,589,window_drift,42831,42413,42773,360,2,1000,static,2,10,10,-269.4741640890964,1.512547,1.254046,2.168749,1.992002,1.633059,2.713943,,2.204013,True
0,590,window_drift,40441,37475,40355,2880,8,5000,static,1,288,288,1353.2116773027958,1.915115,1.205042,2.946274,3.572071,1.906893,4.801469,,1.74651,True
0,590,window_drift,40441,37475,40355,2880,8,5000,temporal,2,37,37,1353.2116773027958,1.581381,1.184991,2.967045,2.40084,1.390823,3.43341,,1.74651,True
0,591,window_drift,38157,37173,37893,720,4,200,temporal,1,5,5,1066.149801665664,1.298663,1.043047,23.752891,2.766403,1.831439,4.822311,,1.764969,True
0,591,window_drift,38157,37173,37893,720,4,200,static,2,36,36,1066.149801665664,1.965862,1.541941,2.9834,1.975928,1.44852,2.858431,,1.764969,True
0,592,window_drift,40621,39691,40411,720,2,200,static,1,17,17,190.3996241960686,1.053283,0.814391,1.629204,1.584926,1.187986,2.522063,,1.617375,True
0,592,window_drift,40621,39691,40411,720,2,200,temporal,2,3,3,190.3996241960686,1.058931,0.812668,1.657275,1.356621,0.995165,2.159485,,1.617375,True
0,593,window_drift,40478,38859,40299,1440,4,1000,temporal,1,9,9,256.47399237259856,1.116108,0.889184,1.709404,1.88527,1.207636,2.735165,,1.380528,True
0,593,window_drift,40478,38859,40299,1440,4,1000,static,2,72,72,256.47399237259856,0.993642,0.754941,1.804558,1.730977,1.117219,2.529534,,1.380528,True
0,594,window_drift,42737,39502,42382,2880,4,1000,static,1,143,143,-786.6826679181737,1.277281,0.871547,1.903297,2.147887,1.126703,3.237735,,2.307298,True
0,594,window_drift,42737,39502,42382,2880,4,1000,temporal,2,20,20,-786.6826679181737,1.007393,0.737876,1.68687,1.894384,0.960312,2.638759,,2.307298,True
0,595,window_drift,39797,38069,39509,1440,2,1000,temporal,1,5,5,-142.52594864465095,1.186574,0.906982,1.796126,1.561601,1.119733,2.256983,,1.372996,True
0,595,window_drift,39797,38069,39509,1440,2,1000,static,2,40,40,-142.52594864465095,1.06458,0.678195,1.79263,1.603774,1.049587,2.281759,,1.372996,True
0,596,window_drift,38441,37407,38127,720,2,1000,static,1,16,16,844.0158394842327,0.955815,0.722462,1.56145,1.390473,1.04559,2.166285,,1.52807,True
0,596,window_drift,38441,37407,38127,720,2,1000,temporal,2,2,2,844.0158394842327,1.01196,0.80689,1.691688,1.447258,1.110018,2.221849,,1.52807,True
0,597,window_drift,42056,41157,41877,720,2,1000,temporal,1,3,3,292.0280694579925,1.147565,0.901413,1.796526,2.221859,1.552858,3.059706,,1.804308,True
0,597,window_drift,42056,41157,41877,720,2,1000,static,2,20,20,292.0280694579925,0.989727,0.70773,1.629624,19.154478,2.023719,20.490573,,1.804308,True
0,598,window_drift,39231,36067,38947,2880,2,1000,static,1,80,80,207.22923457228072,1.557365,1.109697,2.323903,3.073477,1.30284,4.045467,,1.919081,True
0,598,window_drift,39231,36067,38947,2880,2,1000,temporal,2,10,10,207.22923457228075,0.96571,0.697023,1.789866,3.774145,3.049611,4.740416,,1.919081,True
0,599,window_drift,42039,41263,41983,720,4,1000,temporal,1,6,6,1684.672288482942,1.437433,1.044079,2.267048,2.461281,1.887664,3.372219,,2.167978,True
0,599,window_drift,42039,41263,41983,720,4,1000,static,2,38,38,1684.672288482942,1.061405,0.840991,1.868876,1.601902,1.121946,2.547591,,2.167978,True
1,0,calibration,11546,10857,11217,360,8,200,temporal,1,13,13,2064.5093283245196,0.99911,0.815814,1.809075,2.495623,1.920263,3.520753,,1.85183,True
1,0,calibration,11546,10857,11217,360,8,200,static,2,47,47,2064.5093283245196,0.97872,0.790595,1.73956,1.682955,1.323601,2.679351,,1.85183,True
1,1,calibration,10500,10394,10454,60,6,1000,static,1,8,8,-260.32490386771076,0.941914,0.765317,1.708383,1.341207,1.100043,2.319436,,1.662313,True
1,1,calibration,10500,10394,10454,60,6,1000,temporal,2,3,3,-260.32490386771076,0.9128,0.767891,1.641311,1.189539,0.962095,2.368581,,1.662313,True
1,2,calibration,4992,4556,4736,180,2,1000,temporal,1,3,3,-185.8650546244482,1.012431,0.82705,1.782935,1.402881,1.092051,2.433629,,4.24675,True
1,2,calibration,4992,4556,4736,180,2,1000,static,2,7,7,-185.8650546244482,0.921753,0.749012,1.483252,1.476823,1.183309,2.316402,,4.24675,True
1,3,calibration,7147,6519,6879,360,4,200,static,1,22,22,540.7113543480731,1.118371,0.944488,1.740281,3.105415,2.100996,22.662171,,1.149458,True
1,3,calibration,7147,6519,6879,360,4,200,temporal,2,7,7,540.7113543480731,1.427779,1.142187,3.547513,2.034736,1.502932,3.699313,,1.149458,True
1,4,calibration,3077,2608,2968,360,4,1000,temporal,1,2,2,922.49225014919,1.003748,0.840571,1.779461,1.631267,1.217621,2.60604,,0.821342,True
1,4,calibration,3077,2608,2968,360,4,1000,static,2,15,15,922.49225014919,0.812158,0.637183,1.627871,1.527559,1.241917,2.52717,,0.821342,True
1,5,calibration,3799,3308,3668,360,4,5000,static,1,16,16,-994.3817051020093,0.957859,0.795483,1.760492,1.76016,1.125301,2.719401,,1.542743,True
1,5,calibration,3799,3308,3668,360,4,5000,temporal,2,2,2,-994.3817051020093,0.832559,0.667919,1.640269,1.326736,1.022216,2.267448,,1.542743,True
1,6,calibration,10172,9317,10037,720,4,200,temporal,1,7,7,1566.6455861265904,1.231321,0.74115,2.050731,2.780293,2.324895,3.864963,,1.655603,True
1,6,calibration,10172,9317,10037,720,4,200,static,2,36,36,1566.6455861265904,1.062076,0.855073,1.866913,1.443502,1.068356,2.402642,,1.655603,True
1,7,calibration,7212,5677,7117,1440,2,200,static,1,32,32,107.05222663388474,0.973481,0.742081,2.186906,1.818139,1.194506,2.955488,,2.187757,True
1,7,calibration,7212,5677,7117,1440,2,200,temporal,2,5,5,107.05222663388474,0.991189,0.732057,1.618587,1.728363,1.138071,2.415091,,2.187757,True
1,8,calibration,4936,4671,4851,180,6,1000,temporal,1,3,3,-905.3854869481206,1.03236,0.83969,1.635662,1.403131,1.121705,2.218454,,1.183259,True
1,8,calibration,4936,4671,4851,180,6,1000,static,2,15,15,-905.3854869481206,0.878017,0.718266,1.571876,1.556733,1.232724,2.252355,,1.183259,True
1,9,calibration,11052,10556,10736,180,2,200,static,1,6,6,-47.375486486909224,0.946511,0.769733,1.553729,1.223038,0.996667,22.024708,,1.507809,True
1,9,calibration,11052,10556,10736,180,2,200,temporal,2,2,2,-47.375486486909224,1.631757,1.319725,2.702095,1.502271,1.228557,2.53985,,1.507809,True
1,10,calibration,6365,6270,6330,60,6,200,temporal,1,3,3,-273.2894094962925,1.108156,0.910236,1.743796,1.499717,1.238232,2.406999,,1.47452,True
1,10,calibration,6365,6270,6330,60,6,200,static,2,9,9,-273.2894094962925,0.967753,0.81308,1.58047,1.365214,1.150449,2.013543,,1.47452,True
1,11,calibration,3641,3079,3439,360,2,200,static,1,7,7,120.08719073242683,1.034664,0.835914,1.60082,1.320346,1.085011,2.186766,,1.34253,True
1,11,calibration,3641,3079,3439,360,2,200,temporal,2,1,1,120.08719073242683,0.862334,0.700579,1.476402,1.380928,1.156459,2.087996,,1.34253,True
1,12,calibration,11349,9779,11219,1440,6,200,temporal,1,15,15,162.68273110021778,1.099702,0.883146,1.969097,2.020995,1.258402,2.77776,,0.762693,True
1,12,calibration,11349,9779,11219,1440,6,200,static,2,113,113,162.68273110021778,0.97248,0.749053,1.70638,1.856006,1.168807,2.65206,,0.762693,True
1,13,calibration,1552,1181,1541,360,4,1000,static,1,18,18,928.4819678301225,1.474379,1.245333,2.079293,1.559498,1.264932,2.262201,,1.637315,True
1,13,calibration,1552,1181,1541,360,4,1000,temporal,2,2,2,928.4819678301225,1.18405,0.99224,1.758358,1.473928,1.235447,2.269551,,1.637315,True
1,14,calibration,8318,8056,8116,60,6,1000,temporal,1,7,7,305.4927254077687,1.110989,0.924037,2.045253,2.009609,1.470493,2.774104,,2.260918,True
1,14,calibration,8318,8056,8116,60,6,1000,static,2,9,9,305.4927254077687,1.420708,1.105041,2.085994,1.491265,1.239705,2.347359,,2.260918,True
1,15,calibration,9545,9300,9360,60,2,5000,static,1,3,3,88.55991454957393,1.094435,0.899159,1.705087,1.331894,1.133183,1.968826,,1.503052,True
1,15,calibration,9545,9300,9360,60,2,5000,temporal,2,1,1,88.55991454957393,0.907933,0.759208,1.452035,1.434649,1.255528,2.111102,,1.503052,True
1,16,calibration,6185,5657,6017,360,8,200,temporal,1,12,12,875.7331900596046,1.403702,1.158311,2.227037,21.356848,20.695088,22.197639,,1.486377,True
1,16,calibration,6185,5657,6017,360,8,200,static,2,42,42,875.7331900596046,1.622023,1.321047,2.34153,2.152063,1.607851,2.888547,,1.486377,True
1,17,calibration,6988,5346,6786,1440,2,200,static,1,33,33,166.7683671893567,1.384984,1.098881,2.163841,2.018441,1.542842,2.729797,,1.474389,True
1,17,calibration,6988,5346,6786,1440,2,200,temporal,2,6,6,166.7683671893567,0.97232,0.769584,1.809756,2.125664,1.690355,4.082001,,1.474389,True
1,18,calibration,8312,7671,8031,360,6,200,temporal,1,5,5,-252.5132757967998,1.133794,0.960332,1.760321,1.646439,1.314417,2.470635,,1.962427,True
1,18,calibration,8312,7671,8031,360,6,200,static,2,30,30,-252.5132757967998,0.943967,0.786268,1.586438,1.456963,1.162868,2.162659,,1.962427,True
1,19,calibration,6009,4291,5731,1440,4,200,static,1,73,73,362.62909676366627,1.093983,0.877516,1.665218,2.359337,1.733931,3.072966,,1.499166,True
1,19,calibration,6009,4291,5731,1440,4,200,temporal,2,11,11,362.62909676366627,1.220385,0.963507,1.935787,2.197142,1.568372,2.936299,,1.499166,True
1,20,calibration,1798,1534,1714,180,6,1000,temporal,1,9,9,733.749027567594,0.969186,0.806589,1.547078,1.788724,1.511285,2.558549,,1.590705,True
1,20,calibration,1798,1534,1714,180,6,1000,static,2,20,20,733.749027567594,0.91272,0.771837,1.686891,1.799,1.474299,2.595994,,1.590705,True
1,21,calibration,4530,3079,4519,1440,4,200,static,1,71,71,216.57709096920098,1.304512,1.01191,2.153245,1.710606,1.238522,2.433429,,1.277852,True
1,21,calibration,4530,3079,4519,1440,4,200,temporal,2,9,9,216.57709096920098,1.245934,0.979281,2.081437,1.685668,1.199904,2.610687,,1.277852,True
1,22,calibration,12329,11899,12259,360,6,1000,temporal,1,3,3,766.187088320966,23.070639,0.876225,24.167407,2.955969,2.362512,4.29274,,1.740091,True
1,22,calibration,12329,11899,12259,360,6,1000,static,2,27,27,766.187088320966,1.038651,0.862114,1.771028,2.174257,1.72015,2.975789,,1.740091,True
1,23,calibration,12046,11789,11849,60,2,1000,static,1,1,1,-109.37571331199807,1.158001,0.943056,1.909266,1.632248,1.405274,2.350744,,2.470545,True
1,23,calibration,12046,11789,11849,60,2,1000,temporal,2,1,1,-109.37571331199807,1.387909,1.132582,2.164312,1.319485,1.040122,2.159245,,2.470545,True
1,24,calibration,8233,7969,8029,60,2,1000,temporal,1,1,1,64.37612776419452,1.218883,1.010007,2.12345,1.757778,1.498736,2.605199,,1.349069,True
1,24,calibration,8233,7969,8029,60,2,1000,static,2,1,1,64.37612776419452,1.245073,1.017839,2.006214,1.294146,1.116808,2.294539,,1.349069,True
1,25,calibration,4954,4812,4872,60,8,1000,static,1,9,9,-367.94384815092155,1.105612,0.91276,1.792099,1.608152,1.374308,2.804671,,1.499437,True
1,25,calibration,4954,4812,4872,60,8,1000,temporal,2,4,4,-367.94384815092155,1.393136,1.164611,2.100286,1.377292,1.176148,2.366598,,1.499437,True
1,26,calibration,12973,11996,12716,720,4,1000,temporal,1,7,7,1661.7116666897946,1.224782,1.025841,1.91793,2.15635,1.614231,2.980646,,1.946071,True
1,26,calibration,12973,11996,12716,720,4,1000,static,2,39,39,1661.7116666897946,1.3294,1.078701,2.016729,1.863898,1.281067,2.69908,,1.946071,True
1,27,calibration,3621,3231,3291,60,2,200,static,1,2,2,-8.73726026325311,1.14392,0.990397,1.789405,1.445385,1.237121,2.275381,,1.623635,True
1,27,calibration,3621,3231,3291,60,2,200,temporal,2,1,1,-8.73726026325311,0.837476,0.698586,1.476903,1.297451,1.123839,2.004771,,1.623635,True
1,28,calibration,6092,4330,5770,1440,2,200,temporal,1,4,4,183.89749210262613,25.071334,24.11648,25.9026,3.187479,2.26207,4.282695,,1.487288,True
1,28,calibration,6092,4330,5770,1440,2,200,static,2,32,32,183.89749210262613,1.185021,0.929815,2.191082,2.536024,1.960624,3.43328,,1.487288,True
1,29,calibration,12544,12230,12410,180,4,1000,static,1,12,12,716.5181006359155,1.154866,0.912659,1.8385,1.749855,1.489642,2.523285,,2.024772,True
1,29,calibration,12544,12230,12410,180,4,1000,temporal,2,6,6,716.5181006359155,1.059462,0.831206,1.907204,1.622452,1.315018,2.357334,,2.024772,True
1,30,calibration,9463,9070,9250,180,4,1000,temporal,1,2,2,-556.2984556605985,0.90004,0.745017,1.643134,1.453858,1.187405,2.303312,,1.307077,True
1,30,calibration,9463,9070,9250,180,4,1000,static,2,9,9,-556.2984556605985,1.261276,1.101996,1.940383,1.738158,1.500368,2.51342,,1.307077,True
1,31,calibration,12700,12005,12365,360,4,200,static,1,19,19,1051.559508743971,1.062166,0.889124,1.700842,1.730777,1.423242,2.446879,,1.65343,True
1,31,calibration,12700,12005,12365,360,4,200,temporal,2,4,4,1051.559508743971,0.961203,0.800811,1.632428,1.575221,1.31643,2.351205,,1.65343,True
1,32,calibration,10455,8674,10114,1440,2,1000,temporal,1,6,6,-130.30182919381934,1.035997,0.790525,2.117902,1.908756,1.493548,2.802907,,1.205783,True
1,32,calibration,10455,8674,10114,1440,2,1000,static,2,34,34,-130.30182919381934,0.984969,0.753078,1.889997,1.614631,1.21038,2.418637,,1.205783,True
1,33,calibration,1456,464,1184,720,2,1000,static,1,18,18,-792.0655710968272,1.066673,0.887181,1.6938,3.806856,3.186667,4.789371,,1.48182,True
1,33,calibration,1456,464,1184,720,2,1000,temporal,2,3,3,-792.0655710968272,1.198742,0.970177,2.009759,2.687032,2.314158,3.822518,,1.48182,True
1,34,calibration,9490,8976,9336,360,4,5000,temporal,1,2,2,-484.8664213922197,1.93756,1.606619,2.845112,1.718979,1.387177,2.910971,,1.049056,True
1,34,calibration,9490,8976,9336,360,4,5000,static,2,18,18,-484.8664213922197,0.943286,0.739898,1.711298,1.633009,1.26955,2.611949,,1.049056,True
1,35,calibration,13484,13225,13405,180,2,200,static,1,5,5,92.75987937168527,1.384133,0.874282,2.076219,1.4816,1.234116,2.303372,,2.455663,True
1,35,calibration,13484,13225,13405,180,2,200,temporal,2,1,1,92.75987937168527,0.91329,0.720559,1.633029,1.32948,1.043538,2.443604,,2.455663,True
1,36,calibration,3884,3807,3867,60,6,1000,temporal,1,3,3,-145.33442372707484,0.973001,0.776214,1.829496,2.935803,2.619355,3.997684,,1.238903,True
1,36,calibration,3884,3807,3867,60,6,1000,static,2,8,8,-145.33442372707484,1.20417,0.900281,2.07691,1.942417,1.645117,3.026075,,1.238903,True
1,37,calibration,11723,11324,11504,180,6,1000,static,1,14,14,-803.9557796618274,1.540339,1.314567,2.261379,1.830077,1.433206,2.61271,,2.144602,True
1,37,calibration,11723,11324,11504,180,6,1000,temporal,2,4,4,-803.9557796618274,1.452736,1.089467,2.173586,1.963528,1.677265,2.687824,,2.144602,True
1,38,calibration,10176,9752,9932,180,4,1000,temporal,1,2,2,531.7321997347375,1.27018,1.053182,1.929877,1.702744,1.373327,3.149502,,0.713238,True
1,38,calibration,10176,9752,9932,180,4,1000,static,2,9,9,531.7321997347375,0.994413,0.785688,1.845801,1.870909,1.477714,2.737459,,0.713238,True
1,39,calibration,10391,8668,10108,1440,8,200,static,1,148,148,-603.7264530891218,1.61422,1.244031,2.954287,2.591328,1.763376,3.744171,,1.407528,True
1,39,calibration,10391,8668,10108,1440,8,200,temporal,2,22,22,-603.7264530891218,1.60734,1.229158,2.554132,19.494993,18.281358,20.795849,,1.407528,True
1,40,calibration,11301,10786,11146,360,6,1000,temporal,1,9,9,1759.535604400289,1.842726,1.545206,2.621042,1.75308,1.378574,2.71852,,2.243492,True
1,40,calibration,11301,10786,11146,360,6,1000,static,2,34,34,1759.535604400289,1.33615,1.082807,2.047386,1.681442,1.291162,2.492087,,2.243492,True
1,41,calibration,6847,6468,6648,180,8,200,static,1,23,23,232.541203066859,1.086633,0.910507,1.777267,2.034485,1.606038,2.843638,,1.662534,True
1,41,calibration,6847,6468,6648,180,8,200,temporal,2,7,7,232.541203066859,1.322359,1.035185,1.961555,1.456472,1.168787,2.156901,,1.662534,True
1,42,calibration,1606,605,1325,720,2,5000,temporal,1,3,3,-634.3782780019221,1.341829,1.081395,1.939061,1.654592,1.371744,2.443975,,1.439667,True
1,42,calibration,1606,605,1325,720,2,5000,static,2,21,21,-634.3782780019221,0.970367,0.817966,1.683885,1.463843,1.185753,2.32185,,1.439667,True
1,43,calibration,8806,7898,8618,720,4,200,static,1,39,39,1562.5727039891028,1.095567,0.900732,1.685368,1.5677,1.168547,2.310403,,1.666209,True
1,43,calibration,8806,7898,8618,720,4,200,temporal,2,9,9,1562.5727039891028,1.577946,1.034124,2.206837,1.823577,1.447899,2.61295,,1.666209,True
1,44,calibration,6256,5619,5979,360,4,200,temporal,1,6,6,1025.9528561406523,0.999351,0.822484,1.576904,2.169761,1.863367,3.039014,,1.769095,True
1,44,calibration,6256,5619,5979,360,4,200,static,2,23,23,1025.9528561406523,1.17725,0.967473,2.189731,1.629844,1.212093,2.470084,,1.769095,True
1,45,calibration,6455,5840,6200,360,2,200,static,1,12,12,-502.93902721298264,1.551015,1.242398,2.236801,1.851129,1.48153,2.610998,,1.793982,True
1,45,calibration,6455,5840,6200,360,2,200,temporal,2,3,3,-502.93902721298264,1.412686,1.046272,3.105675,22.943957,22.256358,24.102449,,1.793982,True
1,46,calibration,2142,1908,2088,180,2,1000,temporal,1,2,2,-279.82939526592276,2.59283,2.382972,3.332358,2.778871,2.455923,3.616739,,2.634994,True
1,46,calibration,2142,1908,2088,180,2,1000,static,2,8,8,-279.82939526592276,1.34921,1.066031,1.999073,2.062558,1.629023,3.136201,,2.634994,True
1,47,calibration,2995,1366,2806,1440,4,200,static,1,72,72,315.1490761527713,3.309413,1.522882,4.147049,2.68582,1.914003,3.413049,,2.332626,True
1,47,calibration,2995,1366,2806,1440,4,200,temporal,2,11,11,315.1490761527713,1.449452,1.19102,2.331084,3.147929,2.112504,4.037615,,2.332626,True
1,48,calibration,5455,5137,5317,180,2,200,temporal,1,1,1,-216.4453259129222,1.684286,1.413136,2.450826,1.958902,1.591736,2.780494,,1.90497,True
1,48,calibration,5455,5137,5317,180,2,200,static,2,6,6,-216.4453259129222,1.549242,1.28316,2.423994,1.847143,1.531606,2.821075,,1.90497,True
1,49,calibration,13644,13252,13432,180,2,200,static,1,5,5,36.99000173291792,1.188167,0.964758,1.883528,1.878019,1.604586,2.950721,,1.785429,True
1,49,calibration,13644,13252,13432,180,2,200,temporal,2,1,1,36.99000173291792,1.225603,0.978099,1.896167,1.757256,1.425155,2.582324,,1.785429,True
1,50,calibration,4498,3694,4414,720,4,200,temporal,1,5,5,937.3442735019644,1.431043,1.236159,2.027956,2.139515,1.583454,2.869368,,1.577826,True
1,50,calibration,4498,3694,4414,720,4,200,static,2,36,36,937.3442735019644,1.07184,0.901553,1.857989,1.902967,1.425826,2.603086,,1.577826,True
1,51,calibration,12479,12277,12457,180,4,1000,static,1,15,15,451.4376269576293,2.026433,1.760291,3.036411,2.125263,1.770026,3.37329,,18.97078,True
1,51,calibration,12479,12277,12457,180,4,1000,temporal,2,5,5,451.4376269576293,1.19037,0.969165,1.923398,1.715514,1.372495,2.477065,,18.97078,True
1,52,calibration,4984,4443,4803,360,2,1000,temporal,1,2,2,-98.98462389611458,1.196229,0.977548,1.795194,2.018922,1.457644,2.736096,,1.413638,True
1,52,calibration,4984,4443,4803,360,2,1000,static,2,9,9,-98.98462389611458,1.207285,1.010257,1.927794,1.586168,1.333025,2.276031,,1.413638,True
1,53,calibration,9119,8440,8800,360,4,5000,static,1,23,23,266.2309982803285,1.585437,1.319054,2.18272,2.112053,1.677265,2.812352,,0.817827,True
1,53,calibration,9119,8440,8800,360,4,5000,temporal,2,7,7,266.2309982803285,1.127895,0.913912,1.744127,2.023149,1.459987,2.87781,,0.817827,True
1,54,calibration,10301,8529,9969,1440,2,1000,temporal,1,5,5,123.5859805167778,1.304222,1.031369,2.169439,2.422091,1.740852,3.251315,,1.614651,True
1,54,calibration,10301,8529,9969,1440,2,1000,static,2,39,39,123.5859805167778,1.346366,1.058159,2.157202,2.026624,1.425756,3.065856,,1.614651,True
1,55,calibration,11632,9985,11425,1440,2,200,static,1,40,40,-76.87232444003189,1.607601,1.199584,2.368571,2.056889,1.424954,2.937762,,1.689905,True
1,55,calibration,11632,9985,11425,1440,2,200,temporal,2,6,6,-76.87232444003189,1.072832,0.792678,1.978401,1.477885,1.084319,2.179775,,1.689905,True
1,56,calibration,6176,5700,6060,360,2,200,temporal,1,3,3,232.1531587198005,1.053422,0.863295,1.694822,1.439326,1.100914,2.133706,,1.969297,True
1,56,calibration,6176,5700,6060,360,2,200,static,2,10,10,232.1531587198005,0.859689,0.703123,1.434288,1.541361,1.262358,2.298655,,1.969297,True
1,57,calibration,7491,7025,7205,180,2,1000,static,1,6,6,317.0017790401305,1.909827,1.623895,3.081929,1.851069,1.444935,2.879494,,21.062814,True
1,57,calibration,7491,7025,7205,180,2,1000,temporal,2,1,1,317.0017790401305,1.121155,0.898909,1.945922,1.525586,1.265273,2.985484,,21.062814,True
1,58,calibration,13760,13175,13535,360,2,1000,temporal,1,1,1,351.1267815486589,1.128266,0.88644,1.910638,1.971501,1.597625,2.872383,,1.337833,True
1,58,calibration,13760,13175,13535,360,2,1000,static,2,12,12,351.1267815486589,1.275838,0.98528,1.89178,1.822275,1.550704,2.541873,,1.337833,True
1,59,calibration,6011,5237,5957,720,6,5000,static,1,57,57,2348.4912807073433,1.467388,1.206153,2.058102,1.991711,1.406937,2.794585,,0.583101,True
1,59,calibration,6011,5237,5957,720,6,5000,temporal,2,8,8,2348.4912807073433,0.980923,0.803264,1.625758,1.818509,1.384944,2.806714,,0.583101,True
1,60,calibration,9847,9066,9786,720,2,200,temporal,1,3,3,784.7331011818119,2.734254,2.443535,3.443406,3.752323,3.219277,4.572853,,1.879802,True
1,60,calibration,9847,9066,9786,720,2,200,static,2,16,16,784.7331011818119,1.683936,1.426907,2.420118,2.174768,1.747592,3.258406,,1.879802,True
1,61,calibration,2941,1413,2853,1440,4,200,static,1,72,72,361.5076242602697,1.774342,1.394668,3.051734,2.524777,1.754062,3.380851,,1.834593,True
1,61,calibration,2941,1413,2853,1440,4,200,temporal,2,11,11,361.5076242602697,1.393927,1.121185,2.075248,2.398246,1.743425,3.170664,,1.834593,True
1,62,calibration,11276,10849,11209,360,4,1000,temporal,1,6,6,862.1587115635346,1.356881,1.125551,2.075367,1.839261,1.517554,2.668534,,1.702634,True
1,62,calibration,11276,10849,11209,360,4,1000,static,2,24,24,862.1587115635346,2.277463,1.916127,19.743829,2.919734,2.332617,3.92898,,1.702634,True
1,63,calibration,10928,10301,10661,360,2,200,static,1,7,7,-490.80248707917934,1.454449,1.227155,2.340222,1.990749,1.62737,3.078514,,1.582713,True
1,63,calibration,10928,10301,10661,360,2,200,temporal,2,1,1,-490.80248707917934,1.316941,1.104099,2.823759,1.991581,1.657016,2.844571,,1.582713,True
1,64,calibration,5432,3848,5288,1440,2,200,temporal,1,5,5,-41.409575798993785,1.499116,1.213825,2.181028,1.981286,1.50769,3.044183,,1.79926,True
1,64,calibration,5432,3848,5288,1440,2,200,static,2,41,41,-41.409575798993785,1.435079,1.146062,2.345396,1.901645,1.450933,2.613421,,1.79926,True
1,65,calibration,12841,11886,12606,720,4,200,static,1,38,38,1664.4505403035957,1.398604,1.136068,2.056318,2.042979,1.522322,2.842267,,0.848643,True
1,65,calibration,12841,11886,12606,720,4,200,temporal,2,6,6,1664.4505403035957,1.532728,1.321297,2.155359,1.435039,1.096088,2.125523,,0.848643,True
1,66,calibration,12204,12082,12142,60,2,1000,temporal,1,1,1,78.96427219840236,0.915073,0.72775,1.533949,1.204341,1.019501,1.875776,,1.260656,True
1,66,calibration,12204,12082,12142,60,2,1000,static,2,4,4,78.96427219840236,1.07831,0.908414,1.642964,1.19068,0.987032,1.871669,,1.260656,True
1,67,calibration,9562,9193,9253,60,4,200,static,1,7,7,-6.276627559684787,1.073233,0.902375,1.661031,1.442561,1.186114,2.121898,,1.394278,True
1,67,calibration,9562,9193,9253,60,4,200,temporal,2,2,2,-6.276627559684787,0.83963,0.659847,1.421869,1.452025,1.251061,2.081547,,1.394278,True
1,68,calibration,6266,5955,6135,180,2,5000,temporal,1,1,1,-61.87695300219841,1.115206,0.893601,1.712799,1.874183,1.601872,2.809477,,1.314798,True
1,68,calibration,6266,5955,6135,180,2,5000,static,2,5,5,-61.87695300219841,0.869504,0.722943,22.833,2.303252,1.866973,3.355152,,1.314798,True
1,69,calibration,2216,1634,1994,360,2,200,static,1,11,11,-1.7563139587625627,1.150659,0.961944,1.846452,1.647862,1.324623,2.655945,,1.742014,True
1,69,calibration,2216,1634,1994,360,2,200,temporal,2,3,3,-1.7563139587625627,1.044629,0.872589,1.727592,1.42261,1.179263,2.107526,,1.742014,True
1,70,calibration,5659,4828,5548,720,2,1000,temporal,1,3,3,201.22368619423858,1.042115,0.819459,1.642864,1.895005,1.400167,2.617988,,0.919229,True
1,70,calibration,5659,4828,5548,720,2,1000,static,2,14,14,201.22368619423858,0.838237,0.683744,1.422541,1.372354,1.100514,2.108107,,0.919229,True
1,71,calibration,8696,8408,8588,180,2,200,static,1,4,4,-20.723292170564925,0.88632,0.709182,1.479978,1.318653,1.072792,2.272766,,1.452886,True
1,71,calibration,8696,8408,8588,180,2,200,temporal,2,1,1,-20.723292170564925,0.968874,0.791226,1.637385,1.727943,1.493127,2.532639,,1.452886,True
1,72,calibration,7111,6587,6767,180,6,200,temporal,1,9,9,352.2592791825575,1.202628,0.980262,1.791619,1.432156,1.172032,2.151213,,1.68712,True
1,72,calibration,7111,6587,6767,180,6,200,static,2,24,24,352.2592791825575,1.242048,0.855483,1.835104,1.58754,1.293104,2.269501,,1.68712,True
1,73,calibration,11935,11650,11830,180,4,200,static,1,13,13,-573.3101976507509,1.140614,0.947973,1.827523,1.833542,1.519317,2.927355,,1.81908,True
1,73,calibration,11935,11650,11830,180,4,200,temporal,2,5,5,-573.3101976507509,1.384864,1.113253,2.071992,2.219015,1.891009,3.028548,,1.81908,True
1,74,calibration,5252,4724,5084,360,2,200,temporal,1,2,2,-554.7338667361411,1.320487,1.119753,2.046934,1.687281,1.394528,2.888848,,2.406168,True
1,74,calibration,5252,4724,5084,360,2,200,static,2,10,10,-554.7338667361411,0.979952,0.819519,1.702223,1.623103,1.327467,2.3351,,2.406168,True
1,75,calibration,2454,1921,2101,180,6,1000,static,1,18,18,-503.9431932413006,1.786311,1.484925,2.545208,1.7724,1.426787,2.906975,,25.009901,True
1,75,calibration,2454,1921,2101,180,6,1000,temporal,2,4,4,-503.9431932413006,1.386661,0.842173,2.068247,2.807124,2.334669,5.267954,,25.009901,True
1,76,calibration,1591,1398,1578,180,6,200,temporal,1,9,9,908.8566772565194,1.453448,1.154065,2.121347,1.888435,1.503964,2.828176,,2.10363,True
1,76,calibration,1591,1398,1578,180,6,200,static,2,21,21,908.8566772565194,1.137971,0.968224,1.793241,1.760411,1.424754,2.530686,,2.10363,True
1,77,calibration,10063,9057,9777,720,2,200,static,1,21,21,223.07504215003576,1.837278,1.486578,2.749026,2.379818,1.725088,3.301592,,0.719889,True
1,77,calibration,10063,9057,9777,720,2,200,temporal,2,3,3,223.07504215003576,2.017099,1.664176,2.688124,1.631817,1.295679,2.351165,,0.719889,True
1,78,calibration,13340,11624,13064,1440,4,5000,temporal,1,12,12,-365.658899011357,1.388899,1.035555,2.141317,1.920814,1.387929,2.812081,,1.754172,True
1,78,calibration,13340,11624,13064,1440,4,5000,static,2,74,74,-365.658899011357,1.061014,0.825158,1.867824,1.904229,1.267947,2.670787,,1.754172,True
1,79,calibration,5092,4966,5026,60,2,5000,static,1,3,3,-121.84684890531095,1.895104,1.560209,2.6986,2.259697,1.945711,3.003731,,1.583694,True
1,79,calibration,5092,4966,5026,60,2,5000,temporal,2,1,1,-121.84684890531095,1.350151,1.156548,2.002297,1.71277,1.482141,2.48652,,1.583694,True
1,80,calibration,3751,3495,3675,180,2,1000,temporal,1,1,1,-313.9820281364275,1.65321,1.388689,2.767103,1.788044,1.470263,2.779132,,25.94855,True
1,80,calibration,3751,3495,3675,180,2,1000,static,2,3,3,-313.9820281364275,1.368178,1.136188,2.126886,1.282859,1.076697,2.49404,,25.94855,True
1,81,calibration,2679,2188,2368,180,8,1000,static,1,29,29,-1448.5002966187285,1.102727,0.937418,1.811729,1.565587,1.274867,2.670387,,1.605388,True
1,81,calibration,2679,2188,2368,180,8,1000,temporal,2,12,12,-1448.5002966187285,1.081024,0.91942,1.803537,1.928275,1.575151,2.860424,,1.605388,True
1,82,calibration,14328,13766,14126,360,2,200,temporal,1,3,3,174.69225208022965,1.015004,0.8271,1.664316,1.365074,1.070178,2.059093,,0.527387,True
1,82,calibration,14328,13766,14126,360,2,200,static,2,11,11,174.69225208022965,0.841793,0.653428,1.456061,1.35556,1.114615,2.548984,,0.527387,True
1,83,calibration,2396,730,2170,1440,2,5000,static,1,34,34,-150.9740026795978,1.064369,0.778727,1.71965,1.520949,1.186204,2.309371,,1.429932,True
1,83,calibration,2396,730,2170,1440,2,5000,temporal,2,6,6,-150.9740026795978,0.846199,0.632316,1.506377,1.389641,1.036577,2.200316,,1.429932,True
1,84,calibration,9988,8946,9666,720,4,1000,temporal,1,7,7,273.4894300957726,1.086943,0.872789,1.741143,1.715033,1.286465,2.522123,,1.548371,True
1,84,calibration,9988,8946,9666,720,4,1000,static,2,38,38,273.4894300957726,0.887662,0.702813,1.575021,1.740041,1.288538,2.445498,,1.548371,True
1,85,calibration,9909,9284,9644,360,2,200,static,1,12,12,585.2363460653847,1.101575,0.908113,1.742824,1.522362,1.254046,2.372146,,2.227157,True
1,85,calibration,9909,9284,9644,360,2,200,temporal,2,3,3,585.2363460653847,0.9851,0.799279,1.632068,1.604296,1.273866,2.285996,,2.227157,True
1,86,calibration,3144,1369,2809,1440,4,200,temporal,1,11,11,319.5943873431496,1.123798,0.899529,1.923778,1.844869,1.347667,24.990227,,1.421108,True
1,86,calibration,3144,1369,2809,1440,4,200,static,2,72,72,319.5943873431496,2.490325,1.978742,3.907878,2.424957,1.43585,3.759844,,1.421108,True
1,87,calibration,7514,6620,7340,720,6,200,static,1,58,58,2097.2209391066435,1.387898,1.099642,2.28224,2.431055,1.849776,3.456426,,2.509324,True
1,87,calibration,7514,6620,7340,720,6,200,temporal,2,10,10,2097.2209391066435,1.638016,1.41506,2.452869,1.54149,1.13138,2.623176,,2.509324,True
1,88,calibration,3005,2326,2686,360,4,200,temporal,1,4,4,-269.1993574500742,1.131701,0.942164,1.955005,2.143731,1.727982,3.311026,,1.712049,True
1,88,calibration,3005,2326,2686,360,4,200,static,2,16,16,-269.1993574500742,1.590694,1.421339,2.404995,1.624796,1.219744,2.825561,,1.712049,True
1,89,calibration,3234,2942,3122,180,6,200,static,1,22,22,950.8069035559603,1.808254,1.512556,2.676146,1.608261,1.254336,2.713682,,1.593088,True
1,89,calibration,3234,2942,3122,180,6,200,temporal,2,9,9,950.8069035559603,1.483162,1.277041,2.395842,1.626278,1.354789,2.75164,,1.593088,True
1,90,calibration,8603,6964,8404,1440,4,200,temporal,1,11,11,237.1748324927746,1.039612,0.79423,1.937269,2.574542,1.945652,3.709127,,0.921243,True
1,90,calibration,8603,6964,8404,1440,4,200,static,2,74,74,237.1748324927746,0.989706,0.770605,2.048336,1.785389,1.305985,2.880465,,0.921243,True
1,91,calibration,12422,12231,12291,60,2,200,static,1,3,3,135.80439980024673,1.132182,0.925079,1.935316,1.381218,1.165993,2.324634,,1.842676,True
1,91,calibration,12422,12231,12291,60,2,200,temporal,2,1,1,135.80439980024673,1.387457,1.171692,2.309572,1.399967,1.146793,21.834564,,1.842676,True
1,92,calibration,9627,9235,9295,60,4,1000,temporal,1,2,2,58.62968630836787,1.746059,1.442211,2.461932,1.61387,1.321197,2.380288,,1.857869,True
1,92,calibration,9627,9235,9295,60,4,1000,static,2,7,7,58.62968630836787,0.906751,0.74752,1.58069,1.749105,1.498386,2.628664,,1.857869,True
1,93,calibration,12076,11624,11804,180,6,200,static,1,22,22,-906.3209878590981,1.122727,0.847552,1.749314,2.436774,1.989217,3.301982,,1.359035,True
1,93,calibration,12076,11624,11804,180,6,200,temporal,2,9,9,-906.3209878590981,0.993021,0.793289,1.95792,1.476832,1.200205,2.481651,,1.359035,True
1,94,calibration,12336,11782,12142,360,2,5000,temporal,1,1,1,158.08389966487013,0.94612,0.760991,1.654542,1.504915,1.216729,2.470174,,1.364533,True
1,94,calibration,12336,11782,12142,360,2,5000,static,2,11,11,158.08389966487013,0.929875,0.736914,1.565526,1.281848,1.044409,1.999462,,1.364533,True
1,95,calibration,4038,3615,3795,180,4,5000,static,1,13,13,-722.5447357253887,1.127395,0.95231,1.808204,1.464254,1.204311,2.290152,,1.902576,True
1,95,calibration,4038,3615,3795,180,4,5000,temporal,2,5,5,-722.5447357253887,1.261768,1.080263,2.069649,2.051342,1.793351,3.023982,,1.902576,True
1,96,calibration,4345,2710,4150,1440,4,200,temporal,1,10,10,365.42015778678774,1.343321,1.101285,2.391235,1.864258,1.363552,2.628334,,2.408311,True
1,96,calibration,4345,2710,4150,1440,4,200,static,2,71,71,365.42015778678774,0.97956,0.729312,1.698648,1.593579,1.166614,2.409283,,2.408311,True
1,97,calibration,14240,13705,14065,360,4,200,static,1,22,22,252.72280141231212,1.106022,0.863866,1.77296,40.56358,40.053699,41.9129,,1.480959,True
1,97,calibration,14240,13705,14065,360,4,200,temporal,2,6,6,252.72280141231212,1.693331,1.433067,2.948668,1.796396,1.50851,2.751199,,1.480959,True
1,98,calibration,3363,3090,3270,180,4,1000,temporal,1,2,2,299.12268210282406,1.399696,1.178572,2.641854,2.385597,1.93141,3.464297,,2.331434,True
1,98,calibration,3363,3090,3270,180,4,1000,static,2,10,10,299.12268210282406,1.12466,0.836424,1.778579,1.377332,1.148226,2.232636,,2.331434,True
1,99,calibration,8665,7063,8503,1440,2,200,static,1,34,34,210.45190553295367,1.207215,0.965119,2.590516,2.089699,1.651006,3.031954,,1.926633,True
1,99,calibration,8665,7063,8503,1440,2,200,temporal,2,6,6,210.45190553295367,0.977678,0.770665,1.821664,2.508382,1.925921,3.301321,,1.926633,True
1,100,calibration,13973,12301,13741,1440,4,1000,temporal,1,10,10,274.5285104945299,1.845561,1.450353,2.997122,1.753301,1.266975,2.540451,,2.195249,True
1,100,calibration,13973,12301,13741,1440,4,1000,static,2,73,73,274.5285104945299,0.997007,0.781051,1.801693,1.967875,1.525867,2.773032,,2.195249,True
1,101,calibration,10410,10110,10290,180,2,1000,static,1,9,9,-305.23263237431746,1.198972,1.006001,2.020685,1.540298,1.218512,2.462233,,1.734692,True
1,101,calibration,10410,10110,10290,180,2,1000,temporal,2,3,3,-305.23263237431746,0.910436,0.752958,1.610615,1.235878,1.024198,1.961426,,1.734692,True
1,102,calibration,5457,4960,5320,360,2,200,temporal,1,3,3,-457.88085215454043,1.361849,1.080203,2.194047,2.479949,2.030499,17.941644,,5.011177,True
1,102,calibration,5457,4960,5320,360,2,200,static,2,10,10,-457.88085215454043,1.234827,0.921183,2.29511,1.652909,1.350311,2.829228,,5.011177,True
1,103,calibration,13731,13028,13388,360,2,1000,static,1,11,11,-117.92595452106768,2.186436,1.879561,3.350375,1.79916,1.404934,2.931232,,7.119343,True
1,103,calibration,13731,13028,13388,360,2,1000,temporal,2,3,3,-117.92595452106768,1.152632,0.933742,2.138403,2.430414,1.927695,3.732338,,7.119343,True
1,104,calibration,7275,6895,7075,180,4,5000,temporal,1,3,3,658.155909317035,1.483583,1.254116,2.356253,1.605076,1.290731,5.53637,,2.647282,True
1,104,calibration,7275,6895,7075,180,4,5000,static,2,10,10,658.155909317035,1.081295,0.881733,1.963298,1.325254,1.085371,2.567221,,2.647282,True
1,105,calibration,7623,6913,7273,360,2,200,static,1,7,7,463.0407496299008,1.806862,1.475711,2.686532,1.585116,1.327827,2.570676,,2.197913,True
1,105,calibration,7623,6913,7273,360,2,200,temporal,2,1,1,463.0407496299008,1.353556,1.130209,2.177241,1.987085,1.596424,2.96956,,2.197913,True
1,106,calibration,7142,6832,7012,180,4,200,temporal,1,3,3,642.5462245273734,1.546639,1.315489,2.439348,2.385707,1.963578,3.531879,,3.145225,True
1,106,calibration,7142,6832,7012,180,4,200,static,2,12,12,642.5462245273734,1.389791,1.158041,2.265766,1.780743,1.40899,2.84448,,3.145225,True
1,107,calibration,3023,2839,3019,180,4,200,static,1,11,11,706.0689435092451,1.111741,0.890316,1.976709,1.570013,1.248297,2.716527,,1.808835,True
1,107,calibration,3023,2839,3019,180,4,200,temporal,2,3,3,706.0689435092451,0.992951,0.82036,10.61578,1.970069,1.616614,3.143032,,1.808835,True
1,108,calibration,1766,1088,1448,360,8,200,temporal,1,4,4,838.2096767080666,1.206655,1.017538,2.079284,1.877018,1.424234,2.995128,,2.144713,True
1,108,calibration,1766,1088,1448,360,8,200,static,2,35,35,838.2096767080666,0.987793,0.732728,1.897339,1.783897,1.334798,2.86426,,2.144713,True
1,109,calibration,14166,13499,13859,360,2,1000,static,1,11,11,628.4273869637826,1.474188,1.159192,2.367068,2.002688,1.602833,3.001468,,2.797188,True
1,109,calibration,14166,13499,13859,360,2,1000,temporal,2,3,3,628.4273869637826,1.253715,1.034464,2.119093,2.27514,1.876477,3.370856,,2.797188,True
1,110,calibration,11843,10995,11715,720,4,1000,temporal,1,6,6,-56.451660425420755,1.662103,1.262609,2.467751,2.634593,2.061426,3.669688,,1.636484,True
1,110,calibration,11843,10995,11715,720,4,1000,static,2,37,37,-56.451660425420755,1.385715,1.154666,2.180857,2.335962,1.793341,3.321582,,1.636484,True
1,111,calibration,10049,9509,9689,180,4,1000,static,1,10,10,717.730335563158,1.70613,1.387328,2.545438,1.928986,1.610775,3.054969,,2.65875,True
1,111,calibration,10049,9509,9689,180,4,1000,temporal,2,2,2,717.730335563158,1.124851,0.961423,1.992492,1.885711,1.553128,2.91692,,2.65875,True
1,112,calibration,4624,3157,4597,1440,8,1000,temporal,1,19,19,152.34186430837804,1.597405,1.317863,2.716046,2.250492,1.611847,3.218807,,1.538656,True
1,112,calibration,4624,3157,4597,1440,8,1000,static,2,143,143,152.34186430837804,1.515602,1.17744,2.501001,2.179214,1.404233,3.238145,,1.538656,True
1,113,calibration,1778,1570,1750,180,6,200,static,1,17,17,902.682431761532,1.53475,1.31656,2.375512,1.989869,1.610765,3.104203,,1.699069,True
1,113,calibration,1778,1570,1750,180,6,200,temporal,2,6,6,902.682431761532,9.583418,9.382264,10.402797,2.104031,1.74663,3.178034,,1.699069,True
1,114,calibration,10661,10143,10323,180,6,200,temporal,1,9,9,-998.5260170461364,1.280325,1.048596,2.092764,1.714161,1.398995,2.846764,,1.526818,True
1,114,calibration,10661,10143,10323,180,6,200,static,2,21,21,-998.5260170461364,0.930066,0.773279,1.814734,2.093625,1.643876,3.047318,,1.526818,True
1,115,calibration,8500,8079,8259,180,4,200,static,1,12,12,677.1118480362595,1.092362,0.923747,1.913493,2.125694,1.796526,3.125155,,1.499918,True
1,115,calibration,8500,8079,8259,180,4,200,temporal,2,6,6,677.1118480362595,1.158581,0.97266,2.007965,1.733491,1.431975,2.96388,,1.499918,True
1,116,calibration,5996,5519,5699,180,2,1000,temporal,1,1,1,344.16229729342257,1.733641,1.435591,2.648143,1.863607,1.411374,3.140157,,1.543373,True
1,116,calibration,5996,5519,5699,180,2,1000,static,2,3,3,344.16229729342257,0.936516,0.780049,1.761142,1.546999,1.302148,2.617196,,1.543373,True
1,117,calibration,13874,13489,13549,60,6,1000,static,1,8,8,319.5106696780032,1.061234,0.878138,1.863698,1.683645,1.39563,2.73148,,1.675953,True
1,117,calibration,13874,13489,13549,60,6,1000,temporal,2,3,3,319.5106696780032,1.074725,0.923536,1.955036,1.715003,1.422631,2.792912,,1.675953,True
1,118,calibration,6296,5804,5984,180,2,200,temporal,1,3,3,20.840098596815714,1.123769,0.902114,1.979854,1.830888,1.544525,2.795266,,2.148989,True
1,118,calibration,6296,5804,5984,180,2,200,static,2,6,6,20.840098596815714,1.154185,0.974323,2.010539,1.720521,1.405385,2.769617,,2.148989,True
1,119,calibration,11932,10881,11601,720,4,200,static,1,38,38,260.9122829692174,1.425956,1.153224,2.230632,2.147076,1.649825,3.176543,,1.674441,True
1,119,calibration,11932,10881,11601,720,4,200,temporal,2,7,7,260.9122829692174,0.996957,0.774241,1.794202,1.822375,1.423182,2.754375,,1.674441,True
1,120,calibration,7959,7532,7712,180,6,1000,temporal,1,3,3,-1037.05190068299,1.022386,0.828443,1.85206,1.436842,1.17745,2.492078,,1.621431,True
1,120,calibration,7959,7532,7712,180,6,1000,static,2,16,16,-1037.05190068299,0.938649,0.783044,1.789075,2.283292,1.141426,3.265056,,1.621431,True
1,121,calibration,12521,12284,12344,60,6,200,static,1,8,8,386.43112323532813,1.335308,1.073052,2.18926,1.392946,1.134755,2.453189,,1.214506,True
1,121,calibration,12521,12284,12344,60,6,200,temporal,2,6,6,386.43112323532813,0.894062,0.736293,1.743245,1.342971,1.130399,2.306968,,1.214506,True
1,122,calibration,7361,6661,7021,360,2,1000,temporal,1,1,1,477.55208151141454,1.432796,1.141035,2.216881,1.835314,1.520589,2.898782,,1.184891,True
1,122,calibration,7361,6661,7021,360,2,1000,static,2,7,7,477.55208151141454,1.107114,0.928594,1.933273,1.937359,1.544525,2.931462,,1.184891,True
1,123,calibration,7672,7150,7330,180,4,200,static,1,8,8,149.99277081348762,1.108395,0.917347,1.942346,1.782444,1.293386,2.941938,,1.867182,True
1,123,calibration,7672,7150,7330,180,4,200,temporal,2,2,2,149.99277081348762,1.075065,0.905419,1.804788,1.505796,1.253204,2.206526,,1.867182,True
1,124,calibration,2178,2103,2163,60,2,1000,temporal,1,2,2,-98.60803477026559,1.043728,0.864627,1.639899,1.420748,1.16467,2.105714,,1.274948,True
1,124,calibration,2178,2103,2163,60,2,1000,static,2,2,2,-98.60803477026559,1.382009,1.092452,1.969748,1.617034,1.355559,2.404185,,1.274948,True
1,125,calibration,6495,6205,6385,180,2,1000,static,1,4,4,-327.4493428547683,1.293736,1.076437,1.919081,1.586629,1.288078,2.247287,,1.94436,True
1,125,calibration,6495,6205,6385,180,2,1000,temporal,2,1,1,-327.4493428547683,1.584836,1.417373,2.157361,1.449812,1.234887,2.296602,,1.94436,True
1,126,calibration,5947,5660,5840,180,4,1000,temporal,1,3,3,420.0973160508572,1.291983,1.014875,1.861945,1.609434,1.3227,2.511056,,1.444914,True
1,126,calibration,5947,5660,5840,180,4,1000,static,2,10,10,420.0973160508572,1.142778,0.928073,1.882125,2.183851,1.862896,3.01623,,1.444914,True
1,127,calibration,8154,6642,8082,1440,6,1000,static,1,116,116,220.80471063944788,1.615392,1.278563,2.278284,18.695194,1.315169,19.534283,,1.489512,True
1,127,calibration,8154,6642,8082,1440,6,1000,temporal,2,19,19,220.80471063944788,1.786711,1.445916,2.69904,1.823547,1.269109,2.54625,,1.489512,True
1,128,calibration,13627,12060,13500,1440,8,5000,temporal,1,21,21,719.5943580459065,1.524024,1.234957,2.171313,2.522694,1.808283,3.322052,,2.238975,True
1,128,calibration,13627,12060,13500,1440,8,5000,static,2,145,145,719.5943580459065,1.116438,0.842373,1.990249,2.038282,1.384523,2.87087,,2.238975,True
1,129,calibration,11596,10998,11358,360,2,1000,static,1,9,9,272.31994479073774,1.179684,0.954823,1.93143,1.704507,1.416872,2.417856,,1.630726,True
1,129,calibration,11596,10998,11358,360,2,1000,temporal,2,1,1,272.31994479073774,1.062677,0.903406,1.708833,1.462621,1.195798,2.107966,,1.630726,True
1,130,calibration,10144,9891,10071,180,4,200,temporal,1,2,2,-248.6288478251799,1.041826,0.87968,1.787623,1.592608,1.308628,2.311585,,1.162327,True
1,130,calibration,10144,9891,10071,180,4,200,static,2,9,9,-248.6288478251799,0.835162,0.680729,1.440517,1.366255,1.147345,2.165283,,1.162327,True
1,131,calibration,5229,4989,5169,180,4,200,static,1,12,12,-576.4947570509744,1.007543,0.830406,1.649825,1.351674,1.10496,2.085413,,1.404724,True
1,131,calibration,5229,4989,5169,180,4,200,temporal,2,6,6,-576.4947570509744,0.878378,0.715061,1.467338,1.588091,1.341969,2.290282,,1.404724,True
1,132,calibration,10550,9875,10235,360,2,1000,temporal,1,1,1,-523.7577085807521,1.000592,0.838037,1.752189,1.90476,1.604005,2.688505,,1.551105,True
1,132,calibration,10550,9875,10235,360,2,1000,static,2,11,11,-523.7577085807521,0.854242,0.707831,1.476051,2.051791,1.714922,2.914796,,1.551105,True
1,133,calibration,3317,1617,3057,1440,4,5000,static,1,75,75,368.6669463804823,1.995748,1.601922,3.206007,2.2427,1.726119,3.402293,,3.211465,True
1,133,calibration,3317,1617,3057,1440,4,5000,temporal,2,13,13,368.6669463804823,1.042607,0.806379,2.000014,16.888944,1.184381,17.979312,,3.211465,True
1,134,calibration,12695,12086,12446,360,4,200,temporal,1,6,6,1070.590550234356,1.521911,1.240526,2.489174,1.677597,1.345955,3.021799,,3.291797,True
1,134,calibration,12695,12086,12446,360,4,200,static,2,21,21,1070.590550234356,1.396171,1.127395,2.280317,1.910399,1.55449,3.012534,,3.291797,True
1,135,calibration,10905,10573,10753,180,8,1000,static,1,22,22,379.2793813779238,1.4286,1.234507,2.250492,1.61436,1.281587,2.596956,,1.857808,True
1,135,calibration,10905,10573,10753,180,8,1000,temporal,2,5,5,379.2793813779238,1.065101,0.851167,1.928235,1.695864,1.27642,2.699652,,1.857808,True
1,136,calibration,5068,4690,5050,360,6,5000,temporal,1,3,3,-1880.8684996196914,1.188888,1.009376,2.00406,2.213146,1.809756,3.219016,,2.131092,True
1,136,calibration,5068,4690,5050,360,6,5000,static,2,27,27,-1880.8684996196914,1.403663,1.24996,2.223842,1.966894,1.62679,3.073867,,2.131092,True
1,137,calibration,9337,8836,9196,360,4,200,static,1,17,17,-1149.8761966856016,1.538076,1.329319,2.419248,1.528651,1.215087,2.588543,,1.846953,True
1,137,calibration,9337,8836,9196,360,4,200,temporal,2,2,2,-1149.8761966856016,0.942595,0.75453,1.790126,1.934915,1.593179,2.803178,,1.846953,True
1,138,calibration,8477,7447,8167,720,2,5000,temporal,1,4,4,-426.8581879634653,1.155537,0.950878,1.943949,1.751027,1.379946,2.843029,,1.931741,True
1,138,calibration,8477,7447,8167,720,2,5000,static,2,17,17,-426.8581879634653,1.027213,0.798717,1.822696,1.607771,1.328959,2.653161,,1.931741,True
1,139,calibration,3124,2699,3059,360,2,200,static,1,12,12,631.2605296992845,1.192983,0.987323,2.035277,1.573229,1.254466,2.4937,,1.928856,True
1,139,calibration,3124,2699,3059,360,2,200,temporal,2,3,3,631.2605296992845,14.658762,0.788712,15.575688,2.496314,2.080776,3.766504,,1.928856,True
1,140,calibration,10958,10894,10954,60,4,1000,temporal,1,6,6,181.09282291141815,1.248057,0.992761,2.048777,1.439377,1.188396,2.367109,,1.596413,True
1,140,calibration,10958,10894,10954,60,4,1000,static,2,10,10,181.09282291141815,1.06515,0.844967,1.898059,1.724637,1.364293,2.723327,,1.596413,True
1,141,calibration,13077,12340,13060,720,6,1000,static,1,61,61,-539.8683738744876,1.989588,1.541721,2.709797,2.573751,1.973573,3.266238,,1.372685,True
1,141,calibration,13077,12340,13060,720,6,1000,temporal,2,10,10,-539.8683738744876,3.635686,3.365638,4.37899,1.939833,1.446326,2.993787,,1.372685,True
1,142,calibration,8886,8487,8847,360,4,1000,temporal,1,7,7,-36.60220623702685,2.280588,1.888004,3.064082,1.892561,1.529682,2.95023,,1.899512,True
1,142,calibration,8886,8487,8847,360,4,1000,static,2,24,24,-36.60220623702685,2.297874,1.860944,3.147799,2.106915,1.571906,3.172917,,1.899512,True
1,143,calibration,10979,10461,10641,180,4,200,static,1,11,11,83.31579172532976,1.17084,0.951369,1.930478,1.537394,1.218943,2.531407,,1.599899,True
1,143,calibration,10979,10461,10641,180,4,200,temporal,2,2,2,83.31579172532976,1.646579,1.217921,2.451396,1.558907,1.214667,2.576055,,1.599899,True
1,144,calibration,2678,2008,2368,360,2,200,temporal,1,5,5,-626.8365040028202,1.308849,1.070278,2.172254,3.754626,3.097714,4.831584,,3.333039,True
1,144,calibration,2678,2008,2368,360,2,200,static,2,12,12,-626.8365040028202,1.33651,1.082787,23.161006,2.542053,2.08368,3.979055,,3.333039,True
1,145,calibration,6088,5515,5875,360,6,1000,static,1,26,26,1709.0291452086562,2.44107,2.095729,3.279217,2.707153,2.177492,3.798313,,1.928315,True
1,145,calibration,6088,5515,5875,360,6,1000,temporal,2,4,4,1709.0291452086562,1.410693,1.17024,2.338245,2.249341,1.857539,3.215722,,1.928315,True
1,146,calibration,4848,4446,4626,180,8,1000,temporal,1,12,12,86.87056920814838,1.45519,1.225002,2.265775,2.23558,1.803187,3.219667,,1.936267,True
1,146,calibration,4848,4446,4626,180,8,1000,static,2,29,29,86.87056920814838,1.303171,1.101856,2.053445,2.012443,1.632478,3.054148,,1.936267,True
1,147,calibration,1823,1358,1538,180,6,1000,static,1,14,14,725.6390223834935,1.338463,1.160204,2.177082,1.903618,1.620801,2.98936,,1.790747,True
1,147,calibration,1823,1358,1538,180,6,1000,temporal,2,4,4,725.6390223834935,1.152923,0.988244,1.90476,3.136792,2.637517,4.148321,,1.790747,True
1,148,calibration,1891,254,1694,1440,4,5000,temporal,1,10,10,305.0984899449693,1.793852,1.504225,2.758851,2.538217,1.886722,3.495604,,2.047065,True
1,148,calibration,1891,254,1694,1440,4,5000,static,2,73,73,305.0984899449693,1.340206,1.065782,2.167106,2.536475,1.723776,3.50503,,2.047065,True
1,149,calibration,5485,5098,5158,60,4,1000,static,1,8,8,-165.23423371094592,1.64075,1.42257,2.502814,22.197514,1.732228,23.141537,,1.857407,True
1,149,calibration,5485,5098,5158,60,4,1000,temporal,2,5,5,-165.23423371094592,1.83857,1.4953,3.004032,1.79948,1.515582,2.715586,,1.857407,True
1,150,calibration,1818,1520,1700,180,4,1000,temporal,1,6,6,506.9326596583809,1.584876,1.246003,2.364214,2.887276,1.367247,3.88947,,1.880223,True
1,150,calibration,1818,1520,1700,180,4,1000,static,2,14,14,506.9326596583809,1.781193,1.549923,2.458377,2.012662,1.716875,2.81148,,1.880223,True
1,151,calibration,10933,10816,10876,60,4,200,static,1,5,5,238.31586860320556,1.444213,1.221076,2.045673,1.867523,1.625387,2.596786,,0.57532,True
1,151,calibration,10933,10816,10876,60,4,200,temporal,2,3,3,238.31586860320556,1.158251,0.982195,1.765229,1.320646,1.123448,2.084922,,0.57532,True
1,152,calibration,9809,9532,9712,180,2,5000,temporal,1,1,1,349.5499204118567,1.041805,0.838277,1.7861,1.698017,1.403972,2.42799,,3.386369,True
1,152,calibration,9809,9532,9712,180,2,5000,static,2,5,5,349.5499204118567,1.134004,0.972961,1.804788,1.763406,1.465286,2.663257,,3.386369,True
1,153,calibration,10797,10389,10569,180,6,200,static,1,13,13,-574.7348691820711,1.3888,1.179252,1.999774,1.968676,1.608922,2.730698,,2.385076,True
1,153,calibration,10797,10389,10569,180,6,200,temporal,2,3,3,-574.7348691820711,1.292293,1.123418,1.935356,1.834574,1.516753,2.512168,,2.385076,True
1,154,calibration,11193,9499,10939,1440,6,200,temporal,1,16,16,578.6386742921336,1.33622,1.072121,2.193937,2.246206,1.591706,3.030812,,2.044746,True
1,154,calibration,11193,9499,10939,1440,6,200,static,2,111,111,578.6386742921336,0.928313,0.677133,1.744868,2.229931,1.631927,2.978353,,2.044746,True
1,155,calibration,13007,12675,12855,180,4,200,static,1,9,9,-696.0617951537909,2.353528,1.929708,19.959731,3.441774,2.805261,4.72926,,3.118304,True
1,155,calibration,13007,12675,12855,180,4,200,temporal,2,2,2,-696.0617951537909,1.644497,1.346085,2.463795,1.723456,1.434899,2.709507,,3.118304,True
1,156,calibration,3846,3323,3683,360,6,1000,temporal,1,5,5,-1569.2485412936692,1.424334,1.171391,2.049849,2.240537,1.808153,2.967306,,2.196521,True
1,156,calibration,3846,3323,3683,360,6,1000,static,2,25,25,-1569.2485412936692,1.139983,0.983027,1.729334,1.954104,1.570204,2.638459,,2.196521,True
1,157,calibration,4983,3209,4649,1440,2,200,static,1,40,40,21.972086331177763,1.079562,0.867952,1.820573,1.678788,1.294888,2.41385,,1.922516,True
1,157,calibration,4983,3209,4649,1440,2,200,temporal,2,5,5,21.972086331177763,0.848864,0.670614,1.708643,1.521931,1.205533,2.230502,,1.922516,True
1,158,calibration,6506,6067,6247,180,4,200,temporal,1,2,2,-559.600035211505,1.173083,1.011049,1.763396,1.628762,1.386907,2.369503,,1.568311,True
1,158,calibration,6506,6067,6247,180,4,200,static,2,11,11,-559.600035211505,0.852108,0.68137,1.454108,1.479357,1.224712,2.125374,,1.568311,True
1,159,calibration,10193,9623,9983,360,2,200,static,1,7,7,492.5007953975261,1.30984,1.126242,1.889106,1.8913,1.60731,2.620311,,1.345144,True
1,159,calibration,10193,9623,9983,360,2,200,temporal,2,1,1,492.5007953975261,0.902475,0.758507,1.451534,1.784798,1.27,2.416574,,1.345144,True
1,160,calibration,13326,12855,13035,180,6,5000,temporal,1,3,3,-941.7591451659276,1.008605,0.838798,1.633029,1.712729,1.198552,2.384885,,1.470864,True
1,160,calibration,13326,12855,13035,180,6,5000,static,2,13,13,-941.7591451659276,1.070308,0.8865,1.676895,1.442471,1.163849,2.16953,,1.470864,True
1,161,calibration,11788,10139,11579,1440,2,5000,static,1,40,40,-192.46305556149505,1.139763,0.900691,1.868635,22.943184,1.213655,23.81065,,1.56099,True
1,161,calibration,11788,10139,11579,1440,2,5000,temporal,2,6,6,-192.46305556149505,1.589763,1.245363,2.643276,1.835926,1.424805,2.825321,,1.56099,True
1,162,calibration,5084,4591,4951,360,6,1000,temporal,1,5,5,-1521.6822008011777,1.086773,0.895504,1.659499,1.74585,1.420778,2.424846,,1.857599,True
1,162,calibration,5084,4591,4951,360,6,1000,static,2,31,31,-1521.6822008011777,0.940341,0.776174,1.859302,1.420498,1.132983,2.117321,,1.857599,True
1,163,calibration,6059,5407,5767,360,4,5000,static,1,18,18,1275.104301645821,0.993692,0.816024,1.636454,1.76543,1.484184,2.551899,,2.434601,True
1,163,calibration,6059,5407,5767,360,4,5000,temporal,2,3,3,1275.104301645821,1.154976,1.010117,1.768183,1.298353,1.006702,2.016418,,2.434601,True
1,164,calibration,10157,8714,10154,1440,4,1000,temporal,1,11,11,-310.6471643333103,2.309783,1.950148,3.285167,2.047546,1.49466,2.822016,,1.680751,True
1,164,calibration,10157,8714,10154,1440,4,1000,static,2,74,74,-310.6471643333103,1.052301,0.827661,1.693851,1.579618,1.169328,2.35457,,1.680751,True
1,165,calibration,13785,13424,13604,180,2,1000,static,1,6,6,373.6025234159749,2.094536,1.765679,2.747354,2.04429,1.657926,2.83094,,2.631979,True
1,165,calibration,13785,13424,13604,180,2,1000,temporal,2,1,1,373.6025234159749,1.941175,1.631898,2.595464,2.014886,1.709014,2.772572,,2.631979,True
1,166,calibration,4569,3835,4555,720,4,200,temporal,1,6,6,1452.1721321196485,1.351934,1.076167,1.968706,2.094036,1.6076,2.801375,,1.532797,True
1,166,calibration,4569,3835,4555,720,4,200,static,2,38,38,1452.1721321196485,1.277051,1.096648,1.892722,1.568692,1.191051,2.304605,,1.532797,True
1,167,calibration,7566,7344,7524,180,2,1000,static,1,5,5,-151.96126308892926,1.791649,1.518636,2.585099,2.21587,1.854323,3.152776,,23.78521,True
1,167,calibration,7566,7344,7524,180,2,1000,temporal,2,1,1,-151.96126308892926,1.072992,0.854613,1.701933,1.286606,1.072372,2.004541,,23.78521,True
1,168,calibration,9332,8951,9011,60,4,1000,temporal,1,2,2,-199.35467111733809,1.036307,0.865759,1.646439,1.941896,1.638797,2.708935,,2.296933,True
1,168,calibration,9332,8951,9011,60,4,1000,static,2,6,6,-199.35467111733809,0.97268,0.818096,1.537945,1.294236,1.10426,1.979423,,2.296933,True
1,169,calibration,7581,5863,7303,1440,4,200,static,1,75,75,-141.10931199091866,1.519076,1.167225,2.108929,2.607502,1.912071,3.31402,,1.945752,True
1,169,calibration,7581,5863,7303,1440,4,200,temporal,2,12,12,-141.10931199091866,1.033022,0.837366,1.820512,2.219947,1.637335,2.966425,,1.945752,True
1,170,calibration,14070,13365,13725,360,4,5000,temporal,1,2,2,1073.06219794909,1.676364,1.393677,2.274169,2.417675,1.743826,3.081779,,3.253139,True
1,170,calibration,14070,13365,13725,360,4,5000,static,2,17,17,1073.06219794909,1.119803,0.89966,1.692479,1.97125,1.6274,2.781715,,3.253139,True
1,171,calibration,6374,4618,6058,1440,4,5000,static,1,72,72,-124.86014498790232,1.079201,0.828963,1.841985,2.257002,1.653219,3.011684,,1.870638,True
1,171,calibration,6374,4618,6058,1440,4,5000,temporal,2,11,11,-124.86014498790232,0.953051,0.729893,1.6667,2.24855,1.535621,2.995539,,1.870638,True
1,172,calibration,9054,7452,8892,1440,4,1000,temporal,1,13,13,-358.64853732167836,1.34969,1.022496,2.126094,2.52063,1.901966,3.280549,,3.469506,True
1,172,calibration,9054,7452,8892,1440,4,1000,static,2,76,76,-358.64853732167836,1.568932,1.272554,2.331525,21.795793,20.896384,22.626178,,3.469506,True
1,173,calibration,8974,7349,8789,1440,6,200,static,1,114,114,-285.6438601739674,1.665227,1.364383,2.425728,2.808917,2.001506,3.618171,,2.756868,True
1,173,calibration,8974,7349,8789,1440,6,200,temporal,2,16,16,-285.6438601739674,1.569302,1.257952,2.472709,2.027365,1.433868,2.865652,,2.756868,True
1,174,calibration,4054,3668,4028,360,8,200,temporal,1,12,12,42.44849790158646,2.495393,2.069038,3.175451,3.279128,2.640312,4.026328,,0.950738,True
1,174,calibration,4054,3668,4028,360,8,200,static,2,45,45,42.44849790158646,1.465386,1.24983,2.11649,3.655416,2.821846,4.488506,,0.950738,True
1,175,calibration,12330,11940,12300,360,2,1000,static,1,9,9,284.4167602241449,9.937054,9.420784,10.888633,2.151182,1.763706,3.583819,,2.852473,True
1,175,calibration,12330,11940,12300,360,2,1000,temporal,2,1,1,284.4167602241449,1.053924,0.842393,2.243892,1.317652,1.049837,2.624007,,2.852473,True
1,176,calibration,12619,12237,12597,360,2,1000,temporal,1,4,4,614.5092262991432,0.957197,0.760851,2.707023,1.615633,1.371674,2.780825,,3.68438,True
1,176,calibration,12619,12237,12597,360,2,1000,static,2,12,12,614.5092262991432,0.922875,0.738988,1.642944,2.316502,1.863607,3.166538,,3.68438,True
1,177,calibration,9186,7478,8918,1440,4,1000,static,1,76,76,-405.04938843027566,2.028867,1.665318,15.94731,3.424117,2.544347,4.730312,,4.12073,True
1,177,calibration,9186,7478,8918,1440,4,1000,temporal,2,13,13,-405.04938843027566,1.529432,1.187555,2.556595,2.443935,1.882586,3.554504,,4.12073,True
1,178,calibration,8679,7967,8327,360,6,200,temporal,1,9,9,1306.8884389300565,1.513268,1.252894,2.452978,2.35481,1.933263,3.371928,,2.321019,True
1,178,calibration,8679,7967,8327,360,6,200,static,2,36,36,1306.8884389300565,1.077219,0.912059,2.158193,1.721823,1.381669,2.468683,,2.321019,True
1,179,calibration,12688,12431,12491,60,2,200,static,1,3,3,-2.166481099977874,2.411526,1.94424,3.318277,2.944001,2.411697,3.92903,,4.717963,True
1,179,calibration,12688,12431,12491,60,2,200,temporal,2,3,3,-2.166481099977874,1.108055,0.810245,2.368861,2.210953,1.495101,3.123863,,4.717963,True
1,180,regular_holdout,19783,18001,19441,1440,4,200,temporal,1,10,10,-152.07810610188199,1.838279,1.479708,5.105789,2.865853,2.019463,3.820837,,2.805491,True
1,180,regular_holdout,19783,18001,19441,1440,4,200,static,2,72,72,-152.07810610188199,1.156969,0.862594,2.1094,2.148068,1.312945,2.842768,,2.805491,True
1,181,regular_holdout,25411,25021,25201,180,2,1000,static,1,4,4,-92.66129352412591,2.257443,1.882156,3.031693,1.837117,1.486257,2.825672,,1.639649,True
1,181,regular_holdout,25411,25021,25201,180,2,1000,temporal,2,1,1,-92.66129352412591,1.536213,1.249859,2.135488,2.019564,1.611066,3.03603,,1.639649,True
1,182,regular_holdout,17389,16463,17183,720,4,5000,temporal,1,6,6,-1554.0226022182148,2.310683,1.93777,16.182756,2.432658,1.957119,3.502285,,3.185376,True
1,182,regular_holdout,17389,16463,17183,720,4,5000,static,2,37,37,-1554.0226022182148,1.413377,1.166514,2.223772,2.065954,1.533258,2.845452,,3.185376,True
1,183,regular_holdout,20866,20365,20545,180,2,200,static,1,8,8,55.52176261792965,1.788044,1.575723,2.40758,1.856416,1.62038,3.73036,,2.117762,True
1,183,regular_holdout,20866,20365,20545,180,2,200,temporal,2,3,3,55.52176261792965,2.191824,1.833001,2.976069,2.201067,1.856767,3.567984,,2.117762,True
1,184,regular_holdout,21288,20618,20978,360,6,200,temporal,1,4,4,-1430.7160457135838,2.11661,1.771949,2.847255,1.865861,1.497894,2.954587,,1.967054,True
1,184,regular_holdout,21288,20618,20978,360,6,200,static,2,27,27,-1430.7160457135838,2.152124,1.756566,2.926264,2.379327,1.823307,3.143112,,1.967054,True
1,185,regular_holdout,17394,17007,17367,360,4,200,static,1,17,17,-85.30372614855682,1.584255,1.288088,2.242511,2.26204,1.769396,3.285448,,1.796657,True
1,185,regular_holdout,17394,17007,17367,360,4,200,temporal,2,2,2,-85.30372614855682,2.121608,1.688994,2.894386,2.850379,2.306087,3.922871,,1.796657,True
1,186,regular_holdout,25452,23818,25258,1440,4,5000,temporal,1,11,11,-222.14273617818571,2.501261,1.928846,26.380444,3.555706,2.523586,4.759136,,6.299424,True
1,186,regular_holdout,25452,23818,25258,1440,4,5000,static,2,73,73,-222.14273617818571,1.835135,1.407798,3.278186,3.414583,2.545269,4.509979,,6.299424,True
1,187,regular_holdout,16550,15932,16292,360,4,200,static,1,22,22,517.7007837374381,1.416101,1.150981,2.190862,1.674922,1.090899,2.600732,,2.417024,True
1,187,regular_holdout,16550,15932,16292,360,4,200,temporal,2,5,5,517.7007837374381,0.9389,0.736664,1.779089,2.839213,2.303383,3.853666,,2.417024,True
1,188,regular_holdout,18846,18383,18743,360,4,1000,temporal,1,3,3,-260.7124969824564,1.125162,0.910246,1.827443,2.972174,2.399508,4.253771,,2.331355,True
1,188,regular_holdout,18846,18383,18743,360,4,1000,static,2,17,17,-260.7124969824564,2.154898,1.617395,2.997623,2.385056,1.846853,4.699115,,2.331355,True
1,189,regular_holdout,19814,19445,19625,180,8,200,static,1,27,27,-1409.652096664349,2.502363,1.995607,4.038546,2.194277,1.779421,3.919826,,2.325601,True
1,189,regular_holdout,19814,19445,19625,180,8,200,temporal,2,8,8,-1409.652096664349,2.330563,1.933132,3.317876,1.696204,1.324823,3.658912,,2.325601,True
1,190,regular_holdout,26112,24600,26040,1440,6,1000,temporal,1,17,17,-82.03378463502165,1.204701,0.910898,2.516324,2.071722,1.406176,3.06931,,1.913082,True
1,190,regular_holdout,26112,24600,26040,1440,6,1000,static,2,112,112,-82.03378463502165,3.066586,2.497817,4.282284,2.613101,1.912231,17.290086,,1.913082,True
1,191,regular_holdout,21193,20923,21103,180,4,1000,static,1,13,13,-665.6929022607982,1.721172,1.411554,2.502042,2.964121,2.433609,4.15351,,4.044034,True
1,191,regular_holdout,21193,20923,21103,180,4,1000,temporal,2,6,6,-665.6929022607982,1.081585,0.858698,1.835885,2.508953,2.012573,3.509165,,4.044034,True
1,192,regular_holdout,18252,17803,17983,180,4,200,temporal,1,2,2,429.9880603277931,1.165702,0.984168,1.890709,1.698618,1.414709,2.898793,,4.354774,True
1,192,regular_holdout,18252,17803,17983,180,4,200,static,2,9,9,429.9880603277931,1.09807,0.842294,1.701923,1.231613,0.988574,2.128558,,4.354774,True
1,193,regular_holdout,27179,26777,27137,360,4,1000,static,1,21,21,1216.18270775301,2.260277,1.875055,2.99622,2.291615,1.801594,3.160288,,5.438532,True
1,193,regular_holdout,27179,26777,27137,360,4,1000,temporal,2,6,6,1216.18270775301,1.292554,1.062917,1.976709,2.07014,1.665879,2.879273,,5.438532,True
1,194,regular_holdout,19803,19518,19578,60,8,5000,temporal,1,5,5,-487.31742190609253,1.358524,1.153374,2.150131,3.198335,2.708245,4.50089,,6.945471,True
1,194,regular_holdout,19803,19518,19578,60,8,5000,static,2,13,13,-487.31742190609253,1.344943,1.096187,2.356357,1.480839,1.193375,2.52059,,6.945471,True
1,195,regular_holdout,18044,17916,17976,60,2,5000,static,1,3,3,38.745078226720096,1.383201,1.124941,2.537617,1.570835,1.351943,2.644949,,25.278764,True
1,195,regular_holdout,18044,17916,17976,60,2,5000,temporal,2,1,1,38.745078226720096,0.847091,0.654689,1.666059,1.220355,1.029066,2.252376,,25.278764,True
1,196,regular_holdout,23768,23577,23757,180,2,200,temporal,1,1,1,-316.6289264108975,1.081705,0.856815,1.917168,1.7065,1.164972,2.71827,,3.557008,True
1,196,regular_holdout,23768,23577,23757,180,2,200,static,2,5,5,-316.6289264108975,0.868793,0.702161,1.846973,1.529242,1.309419,2.8972,,3.557008,True
1,197,regular_holdout,27828,26202,27642,1440,2,200,static,1,34,34,-163.72996440485207,1.185722,0.907392,2.278595,1.592578,1.089768,2.663336,,3.139597,True
1,197,regular_holdout,27828,26202,27642,1440,2,200,temporal,2,6,6,-163.72996440485207,1.36891,1.134525,2.170972,1.813812,1.355079,2.574252,,3.139597,True
1,198,regular_holdout,23483,23192,23252,60,8,1000,temporal,1,5,5,193.70944950033862,1.262228,0.827041,2.210562,1.342239,1.090889,2.606661,,3.539792,True
1,198,regular_holdout,23483,23192,23252,60,8,1000,static,2,11,11,193.70944950033862,1.434079,1.251742,2.303423,1.78612,1.543183,2.75132,,3.539792,True
1,199,regular_holdout,19112,17382,18822,1440,2,1000,static,1,39,39,48.95565336695726,2.581943,2.06423,3.569787,2.44083,1.755664,3.526051,,7.540541,True
1,199,regular_holdout,19112,17382,18822,1440,2,1000,temporal,2,4,4,48.95565336695726,1.420678,1.081205,2.468772,19.483448,1.470513,20.793523,,7.540541,True
1,200,regular_holdout,18148,17799,17859,60,4,200,temporal,1,2,2,156.85915958172876,1.81872,1.555652,2.482844,1.723225,1.422591,2.542534,,2.218594,True
1,200,regular_holdout,18148,17799,17859,60,4,200,static,2,4,4,156.85915958172876,1.95789,1.589113,4.078927,2.829508,2.280077,3.981519,,2.218594,True
1,201,regular_holdout,17766,17625,17685,60,6,200,static,1,8,8,415.9889514767242,2.577768,2.144021,3.595626,3.050331,2.489263,4.249745,,2.910871,True
1,201,regular_holdout,17766,17625,17685,60,6,200,temporal,2,3,3,415.9889514767242,2.03065,1.624917,2.776397,2.871461,2.375422,3.675477,,2.910871,True
1,202,regular_holdout,23215,22766,22946,180,4,200,temporal,1,2,2,535.6929062603957,1.890127,1.536423,2.611829,2.526399,2.053805,3.523257,,2.795176,True
1,202,regular_holdout,23215,22766,22946,180,4,200,static,2,8,8,535.6929062603957,1.616724,1.285814,2.34805,2.126515,1.77266,3.187178,,2.795176,True
1,203,regular_holdout,17312,16367,17087,720,2,1000,static,1,20,20,-497.70531074427544,1.641652,1.339545,2.500711,2.131813,1.67975,3.149722,,2.825061,True
1,203,regular_holdout,17312,16367,17087,720,2,1000,temporal,2,3,3,-497.70531074427544,1.33591,1.028935,2.014866,2.125814,1.597925,2.861426,,2.825061,True
1,204,regular_holdout,16441,16020,16200,180,4,200,temporal,1,2,2,402.76983346156715,1.655312,1.392545,2.637082,2.2029,1.785379,2.927896,,2.436624,True
1,204,regular_holdout,16441,16020,16200,180,4,200,static,2,9,9,402.76983346156715,1.306997,1.040614,2.159235,2.048648,1.706871,3.255983,,2.436624,True
1,205,regular_holdout,20040,18501,19941,1440,4,200,static,1,73,73,-106.33396589324165,3.335493,2.466879,4.235363,3.959527,3.140148,4.754568,,12.06422,True
1,205,regular_holdout,20040,18501,19941,1440,4,200,temporal,2,11,11,-106.33396589324141,1.590926,1.262609,2.300608,2.30151,1.645327,3.059415,,12.06422,True
1,206,regular_holdout,16111,15850,16030,180,2,1000,temporal,1,3,3,-151.8297491782284,1.424224,1.073994,2.024821,1.496883,1.231332,2.449905,,1.735784,True
1,206,regular_holdout,16111,15850,16030,180,2,1000,static,2,8,8,-151.8297491782284,1.050388,0.836024,1.684086,1.229799,1.024369,1.927775,,1.735784,True
1,207,regular_holdout,21535,19932,21372,1440,4,1000,static,1,75,75,-13.76759317775355,1.156098,0.878298,1.946393,1.955301,1.306666,2.745772,,1.262549,True
1,207,regular_holdout,21535,19932,21372,1440,4,1000,temporal,2,11,11,-13.76759317775355,2.190602,1.933994,2.876579,2.410524,1.791749,3.143438,,1.262549,True
1,208,regular_holdout,28322,26663,28103,1440,2,1000,temporal,1,6,6,-94.31023882359978,1.525847,1.173224,2.367289,1.829476,1.344282,2.531392,,1.315919,True
1,208,regular_holdout,28322,26663,28103,1440,2,1000,static,2,41,41,-94.31023882359978,1.022355,0.757886,1.669805,1.479987,1.00537,2.201188,,1.315919,True
1,209,regular_holdout,26350,24679,26119,1440,2,1000,static,1,34,34,-37.41323160695914,1.043588,0.756604,1.868275,1.989168,1.589633,2.845001,,1.506298,True
1,209,regular_holdout,26350,24679,26119,1440,2,1000,temporal,2,6,6,-37.413231606959144,0.883546,0.661741,1.467619,2.692081,1.871329,3.625317,,1.506298,True
1,210,regular_holdout,16897,16747,16807,60,2,200,temporal,1,2,2,-77.03043498335282,1.22368,1.031038,1.857659,1.431294,1.21084,2.114146,,2.03047,True
1,210,regular_holdout,16897,16747,16807,60,2,200,static,2,4,4,-77.03043498335282,0.811727,0.635842,1.43514,1.282328,1.061735,1.987314,,2.03047,True
1,211,regular_holdout,18823,18355,18535,180,2,1000,static,1,5,5,-242.7896778249574,0.838258,0.657154,1.50815,1.456072,1.168396,2.274879,,1.674872,True
1,211,regular_holdout,18823,18355,18535,180,2,1000,temporal,2,1,1,-242.7896778249574,0.834552,0.638646,1.445665,1.941095,1.405665,2.787825,,1.674872,True
1,212,regular_holdout,19031,18540,18720,180,2,5000,temporal,1,1,1,57.41815273581958,0.933331,0.706328,1.576744,1.787703,1.537275,2.727664,,0.600939,True
1,212,regular_holdout,19031,18540,18720,180,2,5000,static,2,5,5,57.41815273581958,1.286044,1.008515,1.991431,1.789465,1.462802,2.497245,,0.600939,True
1,213,regular_holdout,18022,17956,18016,60,4,5000,static,1,5,5,75.65553489270391,3.190199,2.818026,4.150786,1.680721,1.293185,2.924191,,1.369641,True
1,213,regular_holdout,18022,17956,18016,60,4,5000,temporal,2,2,2,75.65553489270391,1.335169,1.082417,2.610577,2.204923,1.897629,3.103312,,1.369641,True
1,214,regular_holdout,25759,24056,25496,1440,2,1000,temporal,1,5,5,100.21451404515807,1.004539,0.78048,1.876978,1.932311,1.563994,3.386039,,1.506207,True
1,214,regular_holdout,25759,24056,25496,1440,2,1000,static,2,40,40,100.21451404515807,0.876365,0.630884,1.665518,1.816947,1.279415,2.662085,,1.506207,True
1,215,regular_holdout,17342,16452,17172,720,2,200,static,1,17,17,-665.8748002661976,1.598006,1.311473,2.18231,2.927907,1.387328,3.672692,,1.499968,True
1,215,regular_holdout,17342,16452,17172,720,2,200,temporal,2,3,3,-665.8748002661976,2.27583,1.813452,2.945112,2.109579,1.659088,2.988318,,1.499968,True
1,216,regular_holdout,22768,22470,22650,180,4,1000,temporal,1,5,5,-134.2300334958438,1.175958,0.942825,1.79228,1.590175,1.235708,2.378055,,1.59357,True
1,216,regular_holdout,22768,22470,22650,180,4,1000,static,2,12,12,-134.2300334958438,1.057138,0.821032,1.730446,1.361258,1.087714,2.070961,,1.59357,True
1,217,regular_holdout,17051,16468,16828,360,2,1000,static,1,10,10,-93.25309244717171,1.171081,0.854562,2.214948,1.658708,1.391774,2.581292,,1.131621,True
1,217,regular_holdout,17051,16468,16828,360,2,1000,temporal,2,3,3,-93.25309244717171,0.923766,0.739879,1.52141,1.480058,1.219083,2.254198,,1.131621,True
1,218,regular_holdout,25991,25503,25863,360,2,1000,temporal,1,1,1,637.8089143193826,1.116277,0.884667,1.703646,2.266657,1.91202,3.271546,,2.243232,True
1,218,regular_holdout,25991,25503,25863,360,2,1000,static,2,9,9,637.8089143193826,0.993993,0.765828,1.638096,2.754915,1.907764,3.599582,,2.243232,True
1,219,regular_holdout,22409,22176,22356,180,4,200,static,1,7,7,-752.489109138324,1.426086,1.204762,2.079925,1.696175,1.333226,2.571108,,3.18127,True
1,219,regular_holdout,22409,22176,22356,180,4,200,temporal,2,2,2,-752.489109138324,0.935094,0.741421,1.92497,1.533138,1.235748,2.660242,,3.18127,True
1,220,regular_holdout,16033,15209,15929,720,4,200,temporal,1,6,6,-1617.000910856753,1.317141,1.079452,2.191013,1.635012,1.267657,2.421461,,1.867493,True
1,220,regular_holdout,16033,15209,15929,720,4,200,static,2,39,39,-1617.000910856751,0.984408,0.801803,1.718068,1.465495,1.123929,2.495062,,1.867493,True
1,221,regular_holdout,21424,20956,21316,360,6,1000,static,1,36,36,-1179.2679615519644,1.687762,1.38216,2.690368,2.496855,1.829066,3.658461,,1.985512,True
1,221,regular_holdout,21424,20956,21316,360,6,1000,temporal,2,9,9,-1179.2679615519644,1.458575,1.182829,2.458638,2.011611,1.497965,3.219378,,1.985512,True
1,222,regular_holdout,25419,25093,25153,60,2,1000,temporal,1,1,1,-70.14409562877375,1.009397,0.799409,1.717797,1.2959,1.026221,2.006013,,2.232736,True
1,222,regular_holdout,25419,25093,25153,60,2,1000,static,2,3,3,-70.14409562877375,0.954143,0.759719,1.593369,1.261277,1.036567,2.024931,,2.232736,True
1,223,regular_holdout,25327,24628,24988,360,2,1000,static,1,9,9,-256.2354375714639,1.179093,0.951759,1.980425,1.48177,1.211592,2.37462,,1.254377,True
1,223,regular_holdout,25327,24628,24988,360,2,1000,temporal,2,1,1,-256.2354375714639,0.941634,0.748372,1.777047,1.30984,1.014194,2.34836,,1.254377,True
1,224,regular_holdout,26707,26449,26629,180,4,1000,temporal,1,2,2,-458.25743345491526,1.271152,0.962185,1.897239,1.679569,1.254907,2.469393,,3.582306,True
1,224,regular_holdout,26707,26449,26629,180,4,1000,static,2,11,11,-458.25743345491526,1.199338,0.779098,1.832541,2.329342,1.961416,3.130052,,3.582306,True
1,225,regular_holdout,22467,22140,22200,60,8,200,static,1,10,10,-343.1512035651211,1.106263,0.9258,1.693801,1.590575,1.353666,2.506138,,1.56789,True
1,225,regular_holdout,22467,22140,22200,60,8,200,temporal,2,4,4,-343.1512035651211,0.950176,0.771606,1.603554,1.370312,1.129517,2.07644,,1.56789,True
1,226,regular_holdout,26262,25478,26198,720,6,200,temporal,1,10,10,1429.422988113205,1.034715,0.841563,1.682894,1.633429,1.116939,2.358046,,1.390021,True
1,226,regular_holdout,26262,25478,26198,720,6,200,static,2,59,59,1429.422988113205,0.875934,0.636723,1.537094,1.515711,1.096868,2.186826,,1.390021,True
1,227,regular_holdout,28236,28023,28083,60,4,1000,static,1,4,4,6.01960612423332,0.950587,0.765518,3.602171,1.360557,1.139613,2.098562,,1.293646,True
1,227,regular_holdout,28236,28023,28083,60,4,1000,temporal,2,2,2,6.01960612423332,0.870526,0.696673,1.484355,1.292935,1.103468,1.932632,,1.293646,True
1,228,regular_holdout,19310,18814,19174,360,4,200,temporal,1,7,7,1211.543701106597,1.506297,1.253385,2.125955,1.341048,1.065981,2.014726,,2.036459,True
1,228,regular_holdout,19310,18814,19174,360,4,200,static,2,23,23,1211.543701106597,0.791467,0.636112,1.338223,1.375981,1.081305,2.1034,,2.036459,True
1,229,regular_holdout,19815,19375,19735,360,4,1000,static,1,22,22,-1239.7528418529566,1.01804,0.804536,1.631687,1.438595,1.152002,2.310694,,4.829933,True
1,229,regular_holdout,19815,19375,19735,360,4,1000,temporal,2,6,6,-1239.7528418529566,0.891108,0.702322,1.485256,1.211392,0.950958,1.930539,,4.829933,True
1,230,regular_holdout,17787,17267,17627,360,6,1000,temporal,1,9,9,1346.7260041670404,0.899029,0.730715,1.665669,1.415801,1.095056,2.203732,,2.221329,True
1,230,regular_holdout,17787,17267,17627,360,6,1000,static,2,35,35,1346.7260041670404,0.884097,0.723003,1.43579,1.437853,1.128406,2.109829,,2.221329,True
1,231,regular_holdout,16677,16174,16354,180,4,5000,static,1,12,12,627.2442769327456,0.926781,0.767931,1.541581,1.356091,1.059772,2.123951,,1.367647,True
1,231,regular_holdout,16677,16174,16354,180,4,5000,temporal,2,2,2,627.2442769327456,0.926971,0.763665,1.512327,1.270651,1.033323,2.020124,,1.367647,True
1,232,regular_holdout,23151,22157,22877,720,2,1000,temporal,1,3,3,-97.75991458800245,1.292564,1.021524,1.88491,1.710927,1.396121,2.449985,,3.108079,True
1,232,regular_holdout,23151,22157,22877,720,2,1000,static,2,21,21,-97.75991458800245,0.8403,0.637754,1.487019,1.898791,1.599198,2.544216,,3.108079,True
1,233,regular_holdout,22326,20679,22119,1440,6,5000,static,1,106,106,-433.04035432829323,1.15059,0.852379,1.879822,1.97084,1.400047,2.726001,,2.438817,True
1,233,regular_holdout,22326,20679,22119,1440,6,5000,temporal,2,16,16,-433.04035432829323,0.9131,0.686759,1.606599,1.813021,1.226364,2.528242,,2.438817,True
1,234,regular_holdout,23993,23924,23984,60,8,200,temporal,1,6,6,16.010922253035776,1.085782,0.867272,1.715614,1.775334,1.492237,2.443855,,2.470726,True
1,234,regular_holdout,23993,23924,23984,60,8,200,static,2,14,14,16.010922253035776,0.888093,0.707439,1.544825,1.657736,1.400187,2.488232,,2.470726,True
1,235,regular_holdout,23051,22412,22772,360,4,1000,static,1,23,23,253.42289287046955,1.226264,0.995956,1.861985,1.963338,1.56114,2.61958,,2.488413,True
1,235,regular_holdout,23051,22412,22772,360,4,1000,temporal,2,6,6,253.42289287046955,1.489592,0.695952,2.182099,2.562885,2.118933,3.57781,,2.488413,True
1,236,regular_holdout,27194,26517,26877,360,2,200,temporal,1,1,1,470.28303706398447,1.851138,1.444073,2.683442,2.371816,1.952512,3.212346,,3.116612,True
1,236,regular_holdout,27194,26517,26877,360,2,200,static,2,9,9,470.28303706398447,1.253746,1.059542,1.919953,1.414058,1.115897,2.142284,,3.116612,True
1,237,regular_holdout,23778,23243,23423,180,2,200,static,1,8,8,-193.4144613481365,1.248077,1.003968,2.07645,1.448009,1.147114,2.497847,,2.262711,True
1,237,regular_holdout,23778,23243,23423,180,2,200,temporal,2,4,4,-193.4144613481365,0.960412,0.749503,1.807804,1.287036,1.010929,2.263191,,2.262711,True
1,238,regular_holdout,18582,16823,18263,1440,6,1000,temporal,1,16,16,-535.6182999248372,1.703175,1.404183,2.549585,2.198474,1.530344,3.246869,,1.540289,True
1,238,regular_holdout,18582,16823,18263,1440,6,1000,static,2,115,115,-535.6182999248372,1.161716,0.874222,2.246407,1.853232,1.188948,2.894887,,1.540289,True
1,239,regular_holdout,24457,23833,24193,360,4,5000,static,1,23,23,193.98287572424107,1.918331,1.569002,2.89727,1.982938,1.558446,3.054649,,5.494638,True
1,239,regular_holdout,24457,23833,24193,360,4,5000,temporal,2,6,6,193.98287572424107,1.701602,1.47487,2.586441,1.997581,1.609734,3.148941,,5.494638,True
1,240,regular_holdout,17115,15348,16788,1440,2,200,temporal,1,5,5,-11.933110663564207,1.525256,1.285944,2.408501,1.967745,1.572157,2.876234,,1.303891,True
1,240,regular_holdout,17115,15348,16788,1440,2,200,static,2,40,40,-11.933110663564207,0.898919,0.692867,1.836286,1.605878,1.232894,2.717538,,1.303891,True
1,241,regular_holdout,20655,20275,20455,180,6,200,static,1,19,19,1100.0076325084253,1.353587,1.089608,2.402362,3.855509,3.134018,10.20542,,2.600221,True
1,241,regular_holdout,20655,20275,20455,180,6,200,temporal,2,6,6,1100.0076325084253,1.58683,1.307798,2.816619,2.26223,1.830978,3.346289,,2.600221,True
1,242,regular_holdout,20369,19926,20286,360,2,1000,temporal,1,3,3,147.30709347371513,1.678568,1.385404,2.551507,2.33512,1.892281,3.428384,,2.007355,True
1,242,regular_holdout,20369,19926,20286,360,2,1000,static,2,12,12,147.30709347371513,1.387167,1.050388,2.463325,2.015797,1.654852,3.203053,,2.007355,True
1,243,regular_holdout,24557,24096,24276,180,4,200,static,1,8,8,467.96678503827894,1.682924,1.400938,2.609746,1.95776,1.663665,3.168671,,3.163933,True
1,243,regular_holdout,24557,24096,24276,180,4,200,temporal,2,2,2,467.96678503827894,0.914332,0.737976,1.718078,2.148117,1.807924,3.321262,,3.163933,True
1,244,regular_holdout,20228,19311,20031,720,2,200,temporal,1,3,3,-876.2139506642078,1.377883,1.180395,2.246457,1.490274,1.176989,2.604428,,1.181857,True
1,244,regular_holdout,20228,19311,20031,720,2,200,static,2,20,20,-876.2139506642078,1.35575,1.158672,2.237313,1.700391,1.140825,2.670688,,1.181857,True
1,245,regular_holdout,25140,24751,25111,360,8,1000,static,1,37,37,-2410.9191110093984,1.650635,1.412656,2.532599,1.962948,1.519798,2.953155,,1.390702,True
1,245,regular_holdout,25140,24751,25111,360,8,1000,temporal,2,6,6,-2410.9191110093984,1.265804,1.072201,1.908876,1.921816,1.250751,2.654413,,1.390702,True
1,246,regular_holdout,24465,24207,24387,180,4,200,temporal,1,2,2,666.0363839025974,1.290081,1.077549,1.851339,2.256041,1.947805,2.948758,,0.954473,True
1,246,regular_holdout,24465,24207,24387,180,4,200,static,2,9,9,666.0363839025974,1.16437,0.979521,1.821164,1.589854,1.279675,2.299587,,0.954473,True
1,247,regular_holdout,23640,22049,23489,1440,2,1000,static,1,41,41,15.853368332065713,1.658197,1.360977,2.474902,1.746551,1.241236,2.527682,,0.796854,True
1,247,regular_holdout,23640,22049,23489,1440,2,1000,temporal,2,7,7,15.853368332065713,1.173605,0.960963,1.909997,1.598918,1.237391,2.324545,,0.796854,True
1,248,regular_holdout,24372,23350,24070,720,2,200,temporal,1,4,4,-850.2304609726788,1.314838,1.070499,1.912061,1.890648,1.570675,2.789487,,2.404024,True
1,248,regular_holdout,24372,23350,24070,720,2,200,static,2,22,22,-850.2304609726788,1.264992,1.020353,1.937319,1.5742,1.296511,2.351045,,2.404024,True
1,249,regular_holdout,24461,24055,24415,360,2,200,static,1,10,10,451.22086699916747,1.1375,0.9457,1.757357,1.713741,1.424093,2.584688,,0.592205,True
1,249,regular_holdout,24461,24055,24415,360,2,200,temporal,2,1,1,451.22086699916747,0.898188,0.74063,1.50195,1.89158,1.468911,2.683097,,0.592205,True
1,250,regular_holdout,25221,24905,24965,60,8,5000,temporal,1,4,4,-483.3778029469833,1.291873,1.096938,1.913113,1.570715,1.26349,2.269201,,0.800911,True
1,250,regular_holdout,25221,24905,24965,60,8,5000,static,2,8,8,-483.3778029469833,0.966651,0.802403,1.563904,1.684748,1.175096,2.369372,,0.800911,True
1,251,regular_holdout,18140,16461,17901,1440,2,200,static,1,42,42,109.91474590008681,1.102056,0.883525,1.698888,3.638931,3.046516,4.380202,,0.570012,True
1,251,regular_holdout,18140,16461,17901,1440,2,200,temporal,2,6,6,109.91474590008681,1.302319,1.102717,2.05668,1.610415,1.254637,2.557136,,0.570012,True
1,252,regular_holdout,27353,26929,27289,360,2,1000,temporal,1,2,2,615.2674420203141,1.336721,0.997178,2.13017,1.374929,1.106774,2.201238,,3.229984,True
1,252,regular_holdout,27353,26929,27289,360,2,1000,static,2,11,11,615.2674420203141,0.89951,0.738747,1.824979,1.631467,1.043097,2.370193,,3.229984,True
1,253,regular_holdout,22590,22086,22266,180,2,200,static,1,5,5,-157.04087719817227,2.001727,1.675823,3.177605,2.02981,1.62702,3.263705,,1.945882,True
1,253,regular_holdout,22590,22086,22266,180,2,200,temporal,2,1,1,-157.04087719817227,2.336913,1.925261,3.302674,2.028607,1.593188,3.046306,,1.945882,True
1,254,regular_holdout,24167,23472,23832,360,4,1000,temporal,1,2,2,-1286.6085640388583,1.787723,1.453327,2.503245,2.138023,1.711758,2.994798,,2.139384,True
1,254,regular_holdout,24167,23472,23832,360,4,1000,static,2,17,17,-1286.6085640388583,1.350031,1.154005,2.590857,2.333718,1.946894,3.201681,,2.139384,True
1,255,regular_holdout,21397,19665,21105,1440,4,200,static,1,75,75,-343.7033286659873,1.58036,1.225563,2.595464,2.367509,1.649183,3.475815,,1.767322,True
1,255,regular_holdout,21397,19665,21105,1440,4,200,temporal,2,11,11,-343.7033286659873,1.554381,1.19753,2.583095,2.309402,1.649584,3.355233,,1.767322,True
1,256,regular_holdout,21482,19831,21271,1440,4,1000,temporal,1,11,11,-358.58696954170716,2.228048,1.810767,3.546482,3.124413,2.297243,4.320953,,4.837634,True
1,256,regular_holdout,21482,19831,21271,1440,4,1000,static,2,73,73,-358.58696954170716,1.976508,1.596003,3.04879,2.949309,2.190922,4.225338,,4.837634,True
1,257,regular_holdout,20014,19589,19949,360,8,5000,static,1,37,37,-1773.4417946549984,2.628984,2.148448,4.05494,2.540166,2.046239,4.012206,,23.653066,True
1,257,regular_holdout,20014,19589,19949,360,8,5000,temporal,2,8,8,-1773.4417946549984,1.23714,1.019071,2.246376,2.49402,2.055087,3.579502,,23.653066,True
1,258,regular_holdout,23625,22906,23266,360,6,200,temporal,1,9,9,1213.6088829931505,1.602824,1.297752,2.503845,2.93646,2.38776,4.036743,,1.87175,True
1,258,regular_holdout,23625,22906,23266,360,6,200,static,2,32,32,1213.6088829931505,1.115577,0.903376,1.994856,1.965011,1.614481,3.176512,,1.87175,True
1,259,regular_holdout,19056,18049,18769,720,6,1000,static,1,62,62,-2193.6484411846227,2.127677,1.761423,3.048279,3.065995,2.394971,4.181272,,3.025434,True
1,259,regular_holdout,19056,18049,18769,720,6,1000,temporal,2,10,10,-2193.6484411846227,1.130349,0.903826,2.094767,114.788919,111.793751,118.55321,,3.025434,True
1,260,regular_holdout,25415,25157,25337,180,2,5000,temporal,1,3,3,-209.61388788136173,2.600983,2.116109,3.489275,2.439278,2.075037,3.647534,,2.363133,True
1,260,regular_holdout,25415,25157,25337,180,2,5000,static,2,6,6,-209.61388788136173,1.50113,1.226214,2.415051,1.436812,1.176809,2.342922,,2.363133,True
1,261,regular_holdout,23732,23555,23615,60,4,1000,static,1,6,6,-219.7084370149443,1.191632,0.959571,2.018131,2.203862,1.818419,3.161159,,0.705767,True
1,261,regular_holdout,23732,23555,23615,60,4,1000,temporal,2,2,2,-219.7084370149443,1.147364,0.968414,2.011722,1.443443,1.191151,2.374861,,0.705767,True
1,262,regular_holdout,25563,23805,25245,1440,2,1000,temporal,1,5,5,-4.5333391796662,1.560239,1.27612,2.39471,2.234268,1.736085,3.146097,,1.813332,True
1,262,regular_holdout,25563,23805,25245,1440,2,1000,static,2,41,41,-4.5333391796662,0.953742,0.728702,1.891069,1.430824,1.074845,2.337875,,1.813332,True
1,263,regular_holdout,24811,23137,24577,1440,4,200,static,1,73,73,175.68896779185548,1.207225,0.928503,2.171072,1.88547,1.372856,2.85726,,0.671495,True
1,263,regular_holdout,24811,23137,24577,1440,4,200,temporal,2,10,10,175.68896779185548,1.067734,0.830686,1.868405,2.110441,1.50176,3.053076,,0.671495,True
1,264,regular_holdout,23352,22952,23312,360,6,200,temporal,1,9,9,1541.0473420777416,3.064663,2.786442,3.986076,2.81143,1.959613,3.979737,,1.254377,True
1,264,regular_holdout,23352,22952,23312,360,6,200,static,2,32,32,1541.0473420777416,1.556995,1.27684,2.522794,1.702444,1.273886,2.689016,,1.254377,True
1,265,regular_holdout,24981,24686,24866,180,4,1000,static,1,9,9,-187.7241243401649,1.193625,0.948875,1.926152,1.645708,1.361949,2.714869,,0.657114,True
1,265,regular_holdout,24981,24686,24866,180,4,1000,temporal,2,2,2,-187.7241243401649,1.0385,0.811006,1.651517,1.433617,1.162298,2.320158,,0.657114,True
1,266,regular_holdout,19662,19426,19606,180,8,200,temporal,1,10,10,-1133.1222679966866,1.260285,0.975976,1.92481,2.250593,1.933463,3.139226,,1.423723,True
1,266,regular_holdout,19662,19426,19606,180,8,200,static,2,23,23,-1133.1222679966866,1.013873,0.825829,1.751207,21.017145,4.310297,22.039466,,1.423723,True
1,267,regular_holdout,26107,25361,26081,720,4,200,static,1,38,38,1567.4515696532299,1.73325,1.455009,2.433249,2.159895,1.503393,3.250955,,1.609944,True
1,267,regular_holdout,26107,25361,26081,720,4,200,temporal,2,7,7,1567.4515696532299,1.358354,1.125782,2.060195,1.789676,1.430032,2.511477,,1.609944,True
1,268,regular_holdout,22221,20577,22017,1440,2,200,temporal,1,5,5,-58.21075100434467,1.313566,0.984068,2.279456,1.823958,1.330702,2.653362,,1.979232,True
1,268,regular_holdout,22221,20577,22017,1440,2,200,static,2,32,32,-58.21075100434467,0.973592,0.77394,1.581842,1.42867,1.062746,2.098943,,1.979232,True
1,269,regular_holdout,19407,19220,19400,180,4,1000,static,1,11,11,-183.04325115695642,0.896025,0.749503,1.50741,1.270521,1.046903,2.102599,,1.424634,True
1,269,regular_holdout,19407,19220,19400,180,4,1000,temporal,2,2,2,-183.04325115695642,0.815362,0.645686,1.413567,1.418595,1.089387,2.158293,,1.424634,True
1,270,regular_holdout,22355,21951,22131,180,8,1000,temporal,1,5,5,-279.7292027588727,1.001844,0.823084,1.609163,1.353847,1.081175,2.146105,,1.328118,True
1,270,regular_holdout,22355,21951,22131,180,8,1000,static,2,21,21,-279.7292027588727,0.922805,0.771136,2.168959,1.661071,1.329741,2.391976,,1.328118,True
1,271,regular_holdout,23814,23170,23530,360,6,1000,static,1,29,29,-252.5409419480519,1.405525,1.100975,2.061597,1.760652,1.417383,2.594898,,4.11393,True
1,271,regular_holdout,23814,23170,23530,360,6,1000,temporal,2,5,5,-252.5409419480519,0.827521,0.665897,1.48178,1.518245,1.237942,2.381,,4.11393,True
1,272,regular_holdout,19202,18868,18928,60,4,200,temporal,1,2,2,235.38350649727894,0.898328,0.742592,1.489552,1.35647,1.124971,2.046544,,1.553539,True
1,272,regular_holdout,19202,18868,18928,60,4,200,static,2,6,6,235.38350649727894,1.070929,0.806239,1.748734,1.480708,1.038069,2.481242,,1.553539,True
1,273,regular_holdout,21163,20953,21133,180,6,1000,static,1,23,23,-1034.5941901213505,1.118131,0.845328,1.694843,1.524865,1.246425,2.220697,,1.694262,True
1,273,regular_holdout,21163,20953,21133,180,6,1000,temporal,2,9,9,-1034.5941901213505,1.072121,0.743144,1.703356,13.341731,12.813622,15.370228,,1.694262,True
1,274,regular_holdout,24693,23770,24490,720,4,200,temporal,1,6,6,634.1702903080106,1.523283,1.193264,2.203301,2.020395,1.436942,2.712271,,4.933609,True
1,274,regular_holdout,24693,23770,24490,720,4,200,static,2,37,37,634.1702903080106,0.986672,0.771326,1.576283,1.834564,1.214437,2.522995,,4.933609,True
1,275,regular_holdout,25235,24751,24931,180,6,1000,static,1,14,14,-765.295981039399,0.967112,0.788842,1.505537,1.506117,1.251612,2.28854,,0.510983,True
1,275,regular_holdout,25235,24751,24931,180,6,1000,temporal,2,4,4,-765.295981039399,0.951619,0.800581,1.509352,1.597536,1.317231,2.292546,,0.510983,True
1,276,regular_holdout,23755,23469,23649,180,4,200,temporal,1,3,3,-603.4882376048888,1.148276,0.942675,1.788995,1.507829,1.21049,2.596556,,0.530061,True
1,276,regular_holdout,23755,23469,23649,180,4,200,static,2,8,8,-603.4882376048888,0.835152,0.670283,1.621382,1.34218,1.112832,2.365206,,0.530061,True
1,277,regular_holdout,22741,22213,22393,180,4,1000,static,1,9,9,-724.1481238976967,0.974573,0.743595,1.813632,1.597486,1.321228,2.749648,,2.553111,True
1,277,regular_holdout,22741,22213,22393,180,4,1000,temporal,2,2,2,-724.1481238976967,0.905148,0.719779,1.656264,1.34936,1.120313,2.29559,,2.553111,True
1,278,regular_holdout,28108,27754,27814,60,2,200,temporal,1,1,1,-104.14833748585578,1.366806,1.11162,2.145233,2.104942,1.743386,3.090272,,0.719027,True
1,278,regular_holdout,28108,27754,27814,60,2,200,static,2,1,1,-104.14833748585578,1.25686,1.040744,2.051192,1.583504,1.372354,2.565829,,0.719027,True
1,279,regular_holdout,17904,17557,17617,60,8,200,static,1,9,9,486.0778624747831,2.098774,1.709144,3.362223,2.950792,2.445357,4.575538,,2.737328,True
1,279,regular_holdout,17904,17557,17617,60,8,200,temporal,2,4,4,486.0778624747831,2.098392,1.786621,3.368373,2.246777,1.833593,3.631901,,2.737328,True
1,280,regular_holdout,17086,16754,16934,180,4,5000,temporal,1,2,2,-653.8210751865746,1.996348,1.698749,2.880535,1.725489,1.34918,2.769998,,2.528774,True
1,280,regular_holdout,17086,16754,16934,180,4,5000,static,2,10,10,-653.8210751865746,0.988735,0.816184,1.854474,1.491595,1.234586,2.580622,,2.528774,True
1,281,regular_holdout,22090,21581,21761,180,4,1000,static,1,12,12,589.1114210247915,1.63374,1.361348,2.514341,2.20908,1.803617,3.20161,,2.679486,True
1,281,regular_holdout,22090,21581,21761,180,4,1000,temporal,2,2,2,589.1114210247915,1.540038,1.344102,2.273086,2.899494,2.349162,3.976582,,2.679486,True
1,282,regular_holdout,17888,16423,17863,1440,8,200,temporal,1,20,20,526.3766001510044,1.903547,1.558847,2.848677,2.608944,1.884028,4.401835,,1.802405,True
1,282,regular_holdout,17888,16423,17863,1440,8,200,static,2,145,145,526.3766001510044,1.795985,1.399616,2.600252,4.29942,2.563776,5.102104,,1.802405,True
1,283,regular_holdout,22951,21510,22950,1440,4,1000,static,1,73,73,406.65813280695477,2.694764,1.826912,3.394882,2.962168,2.093345,3.997343,,0.893721,True
1,283,regular_holdout,22951,21510,22950,1440,4,1000,temporal,2,10,10,406.65813280695477,1.77235,1.377652,2.747293,2.509514,1.823487,3.428052,,0.893721,True
1,284,regular_holdout,16499,16200,16380,180,2,5000,temporal,1,1,1,311.0192563472437,2.256602,1.955457,3.186738,2.704979,2.080024,3.834067,,2.908928,True
1,284,regular_holdout,16499,16200,16380,180,2,5000,static,2,6,6,311.0192563472437,1.299896,1.09811,2.249,3.785753,3.38613,5.01386,,2.908928,True
1,285,regular_holdout,24838,23313,24753,1440,4,200,static,1,73,73,-215.6355553777729,2.467361,2.006794,3.282954,3.771963,2.263462,4.542398,,7.749927,True
1,285,regular_holdout,24838,23313,24753,1440,4,200,temporal,2,10,10,-215.6355553777729,2.16962,1.624536,3.038063,3.704951,2.620092,4.63608,,7.749927,True
1,286,regular_holdout,27170,25619,27059,1440,6,200,temporal,1,15,15,689.0171326232924,2.429524,1.984771,3.080167,3.847798,2.712061,4.933519,,2.330673,True
1,286,regular_holdout,27170,25619,27059,1440,6,200,static,2,108,108,689.0171326232924,2.515253,1.898501,3.554464,4.91447,3.28732,5.938288,,2.330673,True
1,287,regular_holdout,18934,18146,18866,720,6,1000,static,1,61,61,-1211.7991387669485,2.007875,1.682734,2.772562,4.590571,3.585531,5.555243,,1.386566,True
1,287,regular_holdout,18934,18146,18866,720,6,1000,temporal,2,12,12,-1211.7991387669485,1.52815,1.095576,2.696998,2.879142,2.226146,3.669057,,1.386566,True
1,288,regular_holdout,23602,21934,23374,1440,6,200,temporal,1,16,16,-251.33449649127147,2.814806,1.830507,3.482966,5.759107,4.179459,6.558827,,3.477908,True
1,288,regular_holdout,23602,21934,23374,1440,6,200,static,2,111,111,-251.33449649127147,1.89175,1.193044,3.02227,4.157175,2.769307,5.091628,,3.477908,True
1,289,regular_holdout,19849,19633,19693,60,8,1000,static,1,13,13,-481.31116870839867,3.768838,3.164214,4.496628,4.569068,3.884143,5.904106,,0.920071,True
1,289,regular_holdout,19849,19633,19693,60,8,1000,temporal,2,4,4,-481.31116870839867,1.597255,1.365895,2.257142,1.66628,1.311713,2.65881,,0.920071,True
1,290,regular_holdout,17699,16018,17458,1440,4,1000,temporal,1,10,10,231.58034259539272,1.868225,1.505306,3.223243,1.83214,1.215698,3.046847,,16.460177,True
1,290,regular_holdout,17699,16018,17458,1440,4,1000,static,2,74,74,231.58034259539272,1.011829,0.754471,1.798439,1.770367,1.171171,2.9371,,16.460177,True
1,291,regular_holdout,16412,16226,16286,60,8,200,static,1,8,8,403.6100306689989,1.440268,1.189238,2.310774,1.443743,1.19026,2.399227,,0.698696,True
1,291,regular_holdout,16412,16226,16286,60,8,200,temporal,2,4,4,403.6100306689989,0.983166,0.765337,1.71317,1.41517,1.161175,2.198344,,0.698696,True
1,292,regular_holdout,19272,19210,19270,60,8,5000,temporal,1,4,4,172.98392688362918,1.518606,1.312194,2.356132,1.578857,1.310512,2.661374,,1.917679,True
1,292,regular_holdout,19272,19210,19270,60,8,5000,static,2,9,9,172.98392688362918,0.903877,0.747981,1.764733,1.751007,1.369822,2.697548,,1.917679,True
1,293,regular_holdout,19378,19213,19273,60,4,200,static,1,4,4,111.48252872380057,1.522422,1.290791,2.395251,1.684457,1.364593,2.740193,,2.191554,True
1,293,regular_holdout,19378,19213,19273,60,4,200,temporal,2,2,2,111.48252872380057,0.866019,0.695622,1.709865,5.588834,5.295942,6.705608,,2.191554,True
1,294,regular_holdout,16236,15729,15909,180,2,200,temporal,1,1,1,-132.9202374124862,1.319836,1.084449,2.086604,1.465075,1.154235,2.613842,,1.149969,True
1,294,regular_holdout,16236,15729,15909,180,2,200,static,2,5,5,-132.9202374124862,0.924798,0.7007,1.687356,1.324502,1.094565,2.104612,,1.149969,True
1,295,regular_holdout,22860,22122,22842,720,4,1000,static,1,39,39,-1295.9634751570175,0.982606,0.732988,1.77247,1.63347,1.22379,2.633121,,0.712367,True
1,295,regular_holdout,22860,22122,22842,720,4,1000,temporal,2,7,7,-1295.9634751570175,0.829744,0.661991,1.604887,1.61391,1.206724,2.449924,,0.712367,True
1,296,regular_holdout,18061,17706,17766,60,2,5000,temporal,1,1,1,105.90704526139301,1.159844,0.983166,1.999052,1.41531,1.131271,2.550586,,1.342129,True
1,296,regular_holdout,18061,17706,17766,60,2,5000,static,2,2,2,105.90704526139301,1.32336,1.121446,2.324144,2.064061,1.74669,3.034678,,1.342129,True
1,297,regular_holdout,24045,23776,23836,60,6,200,static,1,4,4,-361.3700990923472,2.131122,1.705368,3.217404,2.768365,2.140836,4.621938,,1.977159,True
1,297,regular_holdout,24045,23776,23836,60,6,200,temporal,2,4,4,-361.3700990923472,1.922226,1.535021,3.316594,2.721374,2.195179,4.218238,,1.977159,True
1,298,regular_holdout,24941,23239,24679,1440,4,200,temporal,1,10,10,152.54057568817453,2.183771,1.725458,3.672713,2.794936,1.845931,3.815399,,2.140446,True
1,298,regular_holdout,24941,23239,24679,1440,4,200,static,2,73,73,152.54057568817453,1.371544,1.019401,2.633582,2.266517,1.517815,3.555686,,2.140446,True
1,299,regular_holdout,20345,18601,20041,1440,4,200,static,1,71,71,-144.45620998085818,1.552136,1.174156,2.615304,2.068167,1.380858,3.004633,,0.764847,True
1,299,regular_holdout,20345,18601,20041,1440,4,200,temporal,2,10,10,-144.45620998085818,1.402631,1.016597,2.316157,2.437185,1.750777,3.179247,,0.764847,True
1,300,regular_holdout,17961,17387,17747,360,4,200,temporal,1,6,6,1158.475455932604,1.580619,1.322139,2.938097,1.762946,1.421569,2.555754,,0.852449,True
1,300,regular_holdout,17961,17387,17747,360,4,200,static,2,24,24,1158.475455932604,1.067464,0.867591,2.206005,1.478916,1.169288,2.57299,,0.852449,True
1,301,regular_holdout,16380,16187,16367,180,6,200,static,1,16,16,960.997490434351,1.21756,1.015315,2.061567,1.443333,1.075786,2.412468,,1.68664,True
1,301,regular_holdout,16380,16187,16367,180,6,200,temporal,2,3,3,960.997490434351,2.848887,2.683448,3.73037,5.276658,4.994972,6.151531,,1.68664,True
1,302,regular_holdout,25759,24176,25616,1440,4,200,temporal,1,10,10,415.0475317109066,0.969716,0.731376,1.648853,1.659289,1.027524,2.491958,,1.41564,True
1,302,regular_holdout,25759,24176,25616,1440,4,200,static,2,71,71,415.04753171090204,1.073724,0.719928,1.724157,1.558647,1.043528,2.444256,,1.41564,True
1,303,regular_holdout,24148,23854,24034,180,4,1000,static,1,15,15,227.67166984525917,1.24327,1.010888,2.197943,1.604656,1.215748,2.604808,,2.510236,True
1,303,regular_holdout,24148,23854,24034,180,4,1000,temporal,2,6,6,227.67166984525917,0.917627,0.732278,1.768995,1.288898,1.057419,2.206896,,2.510236,True
1,304,regular_holdout,23784,23576,23756,180,2,1000,temporal,1,1,1,-316.02183073532547,1.105822,0.909425,1.933193,1.340818,1.1045,2.298155,,2.256271,True
1,304,regular_holdout,23784,23576,23756,180,2,1000,static,2,5,5,-316.02183073532547,0.805568,0.650854,1.677115,1.246244,1.024388,2.251575,,2.256271,True
1,305,regular_holdout,18310,18038,18218,180,4,5000,static,1,14,14,-467.46781150092465,1.070979,0.847741,1.990439,1.481901,1.105993,2.50054,,1.696555,True
1,305,regular_holdout,18310,18038,18218,180,4,5000,temporal,2,6,6,-467.46781150092465,0.87957,0.723864,1.802065,1.391393,1.116819,2.325246,,1.696555,True
1,306,regular_holdout,20391,19884,20064,180,2,200,temporal,1,1,1,-68.23170526293913,0.855553,0.673438,1.757827,1.199063,0.996477,2.149821,,1.615272,True
1,306,regular_holdout,20391,19884,20064,180,2,200,static,2,5,5,-68.23170526293913,0.784355,0.637754,1.591856,1.096598,0.882784,2.044652,,1.615272,True
1,307,regular_holdout,28387,28046,28106,60,4,1000,static,1,5,5,50.68633059209409,1.010909,0.782604,1.830308,1.265003,1.032241,2.213546,,1.652719,True
1,307,regular_holdout,28387,28046,28106,60,4,1000,temporal,2,2,2,50.68633059209409,0.904658,0.722393,1.703616,1.115737,0.915123,2.021406,,1.652719,True
1,308,regular_holdout,17095,16574,16754,180,4,1000,temporal,1,4,4,-209.46511351573417,0.94603,0.786599,1.80555,1.768714,1.429421,2.766082,,1.602313,True
1,308,regular_holdout,17095,16574,16754,180,4,1000,static,2,13,13,-209.46511351573417,1.34283,1.080103,2.454391,1.980714,1.616214,3.239517,,1.602313,True
1,309,regular_holdout,27597,26078,27518,1440,4,5000,static,1,75,75,-267.0472932822777,1.538396,1.192613,2.570736,1.922366,1.320387,3.02305,,1.695613,True
1,309,regular_holdout,27597,26078,27518,1440,4,5000,temporal,2,12,12,-267.0472932822777,0.936606,0.684515,1.876276,1.597285,1.063347,2.581603,,1.695613,True
1,310,regular_holdout,25186,24872,25052,180,2,1000,temporal,1,1,1,-381.0370969240604,1.228617,1.020633,1.853952,1.332344,1.081595,2.308961,,1.591717,True
1,310,regular_holdout,25186,24872,25052,180,2,1000,static,2,7,7,-381.0370969240604,0.893882,0.726348,1.502952,1.298893,1.04504,2.030159,,1.591717,True
1,311,regular_holdout,22457,22096,22276,180,4,5000,static,1,13,13,-633.0683933911885,1.464655,1.196408,2.420629,1.532677,1.239875,2.360599,,1.343021,True
1,311,regular_holdout,22457,22096,22276,180,4,5000,temporal,2,2,2,-633.0683933911885,1.044058,0.854361,1.725619,1.465145,1.185252,2.36786,,1.343021,True
1,312,regular_holdout,19224,19005,19065,60,6,1000,temporal,1,3,3,226.38947876374252,1.294087,1.082527,2.143972,1.46779,1.200114,2.306647,,0.83323,True
1,312,regular_holdout,19224,19005,19065,60,6,1000,static,2,10,10,226.38947876374252,0.858538,0.695051,1.596463,1.265974,1.037628,2.123901,,0.83323,True
1,313,regular_holdout,20390,19420,20140,720,4,1000,static,1,38,38,-1026.5485914130654,1.144731,0.925189,1.874224,1.498586,1.150019,2.264353,,1.292183,True
1,313,regular_holdout,20390,19420,20140,720,4,1000,temporal,2,6,6,-1026.5485914130654,0.811087,0.647599,1.393267,1.499007,1.155998,2.252596,,1.292183,True
1,314,regular_holdout,24359,22602,24042,1440,2,200,temporal,1,5,5,-3.9461058008275813,1.169278,0.928323,2.060656,1.498075,1.05853,2.496975,,2.876539,True
1,314,regular_holdout,24359,22602,24042,1440,2,200,static,2,33,33,-3.9461058008275813,0.964459,0.757916,1.804518,1.497845,1.108096,2.499178,,2.876539,True
1,315,regular_holdout,22958,22428,22608,180,6,5000,static,1,21,21,-520.2941099977952,1.138442,0.850545,1.959993,1.343891,1.047323,2.336453,,0.847211,True
1,315,regular_holdout,22958,22428,22608,180,6,5000,temporal,2,8,8,-520.2941099977952,0.916436,0.763464,1.75285,1.279614,0.987123,2.186947,,0.847211,True
1,316,regular_holdout,16544,16379,16439,60,4,1000,temporal,1,2,2,157.7766033340541,1.002035,0.844737,1.608431,1.176018,0.993061,1.896918,,0.58899,True
1,316,regular_holdout,16544,16379,16439,60,4,1000,static,2,3,3,157.7766033340541,0.765497,0.62855,1.340096,1.32965,1.159163,2.027275,,0.58899,True
1,317,regular_holdout,28661,28123,28483,360,6,200,static,1,34,34,1914.0178060264045,0.975605,0.774601,1.649774,1.409441,1.056107,2.151273,,1.44865,True
1,317,regular_holdout,28661,28123,28483,360,6,200,temporal,2,9,9,1914.0178060264045,0.877347,0.644404,1.531836,1.745308,1.352044,2.542444,,1.44865,True
1,318,regular_holdout,20607,20252,20312,60,6,200,temporal,1,8,8,344.73107145730086,1.375519,1.155978,2.336542,1.726951,1.433057,2.821746,,2.207066,True
1,318,regular_holdout,20607,20252,20312,60,6,200,static,2,13,13,344.73107145730086,1.104069,0.89292,1.965872,1.349911,1.107284,2.349862,,2.207066,True
1,319,regular_holdout,22636,22283,22463,180,6,5000,static,1,15,15,-823.1969612447365,1.833573,1.569082,2.800594,1.630795,1.277671,2.736346,,2.292576,True
1,319,regular_holdout,22636,22283,22463,180,6,5000,temporal,2,4,4,-823.1969612447365,0.856115,0.678506,1.590675,1.75308,1.408019,4.90784,,2.292576,True
1,320,regular_holdout,20955,20705,20885,180,6,200,temporal,1,4,4,-762.6962195308547,1.955266,1.617585,3.104344,1.957049,1.539377,3.10197,,3.623398,True
1,320,regular_holdout,20955,20705,20885,180,6,200,static,2,17,17,-762.6962195308547,1.076007,0.890757,1.895385,1.615122,1.320697,2.45356,,3.623398,True
1,321,regular_holdout,19202,19018,19198,180,2,200,static,1,4,4,309.0420831786768,1.337072,1.11755,2.020785,1.745218,1.394759,2.590526,,2.298305,True
1,321,regular_holdout,19202,19018,19198,180,2,200,temporal,2,1,1,309.0420831786768,1.196819,0.981925,2.269862,1.763066,1.443112,2.673091,,2.298305,True
1,322,regular_holdout,26760,26695,26755,60,2,1000,temporal,1,2,2,7.735679968041314,1.418885,1.118782,2.049729,1.610765,1.34971,2.756137,,1.392806,True
1,322,regular_holdout,26760,26695,26755,60,2,1000,static,2,3,3,7.735679968041314,1.235999,0.964227,2.026063,1.434679,1.174656,2.340599,,1.392806,True
1,323,regular_holdout,20276,19806,20166,360,2,1000,static,1,8,8,16.319714656572287,1.20344,0.951639,2.161678,1.555131,1.233826,2.61879,,1.695323,True
1,323,regular_holdout,20276,19806,20166,360,2,1000,temporal,2,1,1,16.319714656572287,0.93216,0.759879,1.707411,1.568121,1.271382,2.543906,,1.695323,True
1,324,regular_holdout,19238,19171,19231,60,2,200,temporal,1,1,1,69.3433327083831,1.50164,1.218602,2.61238,1.981356,1.678487,3.173358,,6.400396,True
1,324,regular_holdout,19238,19171,19231,60,2,200,static,2,3,3,69.3433327083831,1.593769,1.338073,2.668835,1.621802,1.360747,2.728335,,6.400396,True
1,325,regular_holdout,21020,20602,20782,180,2,5000,static,1,5,5,49.67827295840449,1.103929,0.90651,2.031622,1.750877,1.191681,2.828967,,1.414959,True
1,325,regular_holdout,21020,20602,20782,180,2,5000,temporal,2,1,1,49.67827295840449,0.985059,0.803975,1.91832,1.610645,1.112302,2.670939,,1.414959,True
1,326,regular_holdout,23345,22569,23289,720,6,1000,temporal,1,11,11,2366.6110350637805,1.486888,1.150439,2.417425,1.960154,1.317772,3.035229,,0.765658,True
1,326,regular_holdout,23345,22569,23289,720,6,1000,static,2,54,54,2366.6110350637805,1.047784,0.785607,1.988897,1.937369,1.495011,3.097183,,0.765658,True
1,327,regular_holdout,27438,26433,27153,720,8,200,static,1,74,74,2027.7718233395124,1.830077,1.438785,2.752211,2.40071,1.619138,3.528335,,1.596855,True
1,327,regular_holdout,27438,26433,27153,720,8,200,temporal,2,13,13,2027.7718233395124,1.271202,1.037889,2.110621,2.010319,1.36205,2.997812,,1.596855,True
1,328,regular_holdout,25647,25378,25438,60,4,200,temporal,1,2,2,66.89844147311317,1.121595,0.921022,2.040715,1.683946,1.429111,2.789248,,1.579738,True
1,328,regular_holdout,25647,25378,25438,60,4,200,static,2,4,4,66.89844147311317,1.127865,0.920422,2.06332,1.480819,1.251392,2.540762,,1.579738,True
1,329,regular_holdout,22922,22035,22755,720,4,200,static,1,38,38,-1110.7453838761407,1.621552,1.316901,2.354981,1.705498,1.242899,2.707905,,2.568824,True
1,329,regular_holdout,22922,22035,22755,720,4,200,temporal,2,6,6,-1110.7453838761407,0.973331,0.753479,1.777507,1.837719,1.246404,2.663877,,2.568824,True
1,330,regular_holdout,17484,15850,17290,1440,6,1000,temporal,1,15,15,-172.00762600292836,1.045591,0.829844,1.635273,1.83935,1.219674,2.589956,,1.683445,True
1,330,regular_holdout,17484,15850,17290,1440,6,1000,static,2,114,114,-172.00762600292836,1.065541,0.784476,1.934004,1.881324,1.291963,2.561503,,1.683445,True
1,331,regular_holdout,18970,17513,18953,1440,4,1000,static,1,73,73,431.37582636568084,1.672609,1.314077,2.271444,2.569404,1.745038,3.291877,,2.942438,True
1,331,regular_holdout,18970,17513,18953,1440,4,1000,temporal,2,11,11,431.37582636568084,1.028865,0.807571,1.611486,1.926483,1.309029,2.653852,,2.942438,True
1,332,regular_holdout,26695,26376,26556,180,4,5000,temporal,1,2,2,-657.6634764112234,1.3365,1.062777,2.445227,2.145043,1.71296,2.995509,,1.346125,True
1,332,regular_holdout,26695,26376,26556,180,4,5000,static,2,11,11,-657.6634764112234,0.924728,0.7142,1.565668,1.697597,1.417433,2.46014,,1.346125,True
1,333,regular_holdout,19785,19389,19749,360,6,200,static,1,31,31,-1598.8508932868933,1.275839,0.955575,1.876797,1.655052,1.23051,2.31482,,1.496763,True
1,333,regular_holdout,19785,19389,19749,360,6,200,temporal,2,9,9,-1598.8508932868933,1.249069,1.023688,1.855335,1.771538,1.298072,2.465147,,1.496763,True
1,334,regular_holdout,16275,16080,16140,60,4,200,temporal,1,2,2,121.54596539521503,1.100443,0.834131,1.693961,2.564377,2.344284,3.282913,,1.815435,True
1,334,regular_holdout,16275,16080,16140,60,4,200,static,2,3,3,121.54596539521503,1.259665,1.104661,1.894324,2.122469,1.910138,3.03551,,1.815435,True
1,335,regular_holdout,18777,17817,18537,720,4,5000,static,1,36,36,-1102.811373814009,1.66658,1.343001,2.440069,1.903839,1.417743,2.75828,,1.550404,True
1,335,regular_holdout,18777,17817,18537,720,4,5000,temporal,2,6,6,-1102.811373814009,1.491074,1.238773,2.403915,2.572059,1.722204,3.639041,,1.550404,True
1,336,regular_holdout,24126,23714,23894,180,2,5000,temporal,1,1,1,-196.84195529229743,2.126576,1.697817,3.149171,2.1629,1.721012,3.315693,,2.603937,True
1,336,regular_holdout,24126,23714,23894,180,2,5000,static,2,3,3,-196.84195529229743,1.378153,1.114845,2.285726,1.93744,1.588242,3.00918,,2.603937,True
1,337,regular_holdout,22925,22662,22842,180,6,1000,static,1,15,15,661.8718520639867,1.742855,1.393417,2.647063,2.416894,1.801013,3.772564,,3.129762,True
1,337,regular_holdout,22925,22662,22842,180,6,1000,temporal,2,3,3,661.8718520639867,1.642834,1.289199,2.798961,2.656817,2.115799,3.980358,,3.129762,True
1,338,regular_holdout,27806,27601,27661,60,4,200,temporal,1,2,2,-234.11131577144843,1.87142,1.504395,2.952604,2.218514,1.777607,3.706103,,2.193246,True
1,338,regular_holdout,27806,27601,27661,60,4,200,static,2,6,6,-234.11131577144843,1.721793,1.398384,2.803188,2.395572,1.976268,3.621054,,2.193246,True
1,339,regular_holdout,20014,18430,19870,1440,8,200,static,1,145,145,-357.19192248142565,1.758118,1.347337,2.681084,2.565058,1.826512,12.327448,,1.646529,True
1,339,regular_holdout,20014,18430,19870,1440,8,200,temporal,2,22,22,-357.1919224814201,1.578196,1.231892,2.552479,5.455428,1.667271,6.755664,,1.646529,True
1,340,regular_holdout,19193,18661,18841,180,2,5000,temporal,1,1,1,224.8926232787827,1.658438,1.338363,2.525038,2.066454,1.654581,3.109371,,2.534753,True
1,340,regular_holdout,19193,18661,18841,180,2,5000,static,2,6,6,224.8926232787827,1.036397,0.843345,1.813712,1.548882,1.237571,2.343363,,2.534753,True
1,341,regular_holdout,23913,22452,23892,1440,4,1000,static,1,72,72,-136.27208379682781,1.698889,1.331253,2.42091,2.489804,1.754152,3.414242,,1.582933,True
1,341,regular_holdout,23913,22452,23892,1440,4,1000,temporal,2,12,12,-136.27208379682781,1.546779,1.175938,2.335411,2.012372,1.347708,2.899254,,1.582933,True
1,342,regular_holdout,21352,20956,21136,180,2,1000,temporal,1,2,2,-364.5046432028928,1.442862,1.215568,2.175559,2.384375,1.662854,3.483837,,1.716665,True
1,342,regular_holdout,21352,20956,21136,180,2,1000,static,2,6,6,-364.5046432028928,1.305554,1.081676,2.166565,1.665538,1.342791,2.561773,,1.716665,True
1,343,regular_holdout,28406,27950,28130,180,4,5000,static,1,9,9,56.56309232370458,1.353797,1.079633,2.078001,1.651567,1.243981,2.693772,,2.128138,True
1,343,regular_holdout,28406,27950,28130,180,4,5000,temporal,2,2,2,56.56309232370458,1.200224,0.881402,2.095909,1.945171,1.19722,2.978153,,2.128138,True
1,344,regular_holdout,21073,20656,21016,360,4,1000,temporal,1,5,5,-1013.6746810702757,1.453898,1.145822,2.141568,1.751449,1.356902,2.480992,,2.496855,True
1,344,regular_holdout,21073,20656,21016,360,4,1000,static,2,22,22,-1013.6746810702757,1.060554,0.859319,1.694993,2.190211,1.616324,3.052645,,2.496855,True
1,345,regular_holdout,18918,17179,18619,1440,2,200,static,1,39,39,-16.42045063283694,2.066354,1.277061,3.277765,2.200197,1.516022,3.020808,,3.279127,True
1,345,regular_holdout,18918,17179,18619,1440,2,200,temporal,2,5,5,-16.420450632837046,1.166073,0.852599,2.131533,1.988347,1.308899,2.747785,,3.279127,True
1,346,regular_holdout,16527,16156,16336,180,2,200,temporal,1,1,1,331.2683632214284,1.504865,1.234296,2.409523,2.813003,2.021437,3.900827,,2.922343,True
1,346,regular_holdout,16527,16156,16336,180,2,200,static,2,7,7,331.2683632214284,1.561731,1.272434,2.584888,2.330564,1.587441,3.329214,,2.922343,True
1,347,regular_holdout,18255,17610,17970,360,4,1000,static,1,18,18,757.0377907945435,1.50785,1.224251,2.352116,2.163861,1.650345,3.013786,,1.948265,True
1,347,regular_holdout,18255,17610,17970,360,4,1000,temporal,2,2,2,757.0377907945435,1.019982,0.841563,1.690045,1.819281,1.398434,2.552349,,1.948265,True
1,348,regular_holdout,27647,26828,27548,720,6,1000,temporal,1,10,10,1451.0997710959605,1.172953,0.946631,1.836076,1.93742,1.48168,2.697769,,1.437433,True
1,348,regular_holdout,27647,26828,27548,720,6,1000,static,2,61,61,1451.0997710959605,1.068765,0.851477,1.696986,1.645308,1.122036,2.535153,,1.437433,True
1,349,regular_holdout,19427,19014,19074,60,6,5000,static,1,9,9,289.2641781984157,2.599881,2.362021,3.47256,1.921095,1.593489,2.964202,,2.072994,True
1,349,regular_holdout,19427,19014,19074,60,6,5000,temporal,2,4,4,289.2641781984157,1.182037,0.992701,2.399017,1.885801,1.31653,2.816398,,2.072994,True
1,350,regular_holdout,22361,22255,22315,60,6,5000,temporal,1,3,3,-408.9610391971836,1.856847,1.604997,2.714665,1.609423,1.316711,2.437565,,3.699123,True
1,350,regular_holdout,22361,22255,22315,60,6,5000,static,2,7,7,-408.9610391971836,1.513128,1.268377,2.161137,2.226977,1.831709,3.116853,,3.699123,True
1,351,regular_holdout,27821,27476,27536,60,6,1000,static,1,16,16,-207.14541143895448,1.11772,0.911588,1.762825,2.446649,2.152674,3.190394,,1.811559,True
1,351,regular_holdout,27821,27476,27536,60,6,1000,temporal,2,9,9,-207.14541143895448,1.129037,0.87325,1.951951,1.571566,1.253515,2.32164,,1.811559,True
1,352,regular_holdout,16533,15861,16221,360,4,1000,temporal,1,6,6,164.03333173933729,1.476121,1.226985,2.375712,1.743666,1.332414,2.78455,,1.659549,True
1,352,regular_holdout,16533,15861,16221,360,4,1000,static,2,21,21,164.03333173933729,1.057779,0.872589,2.002007,1.527279,1.215637,2.521152,,1.659549,True
1,353,regular_holdout,16540,16207,16387,180,4,200,static,1,11,11,604.4073302700198,1.01224,0.831327,1.844799,1.760512,1.458645,2.757559,,3.00333,True
1,353,regular_holdout,16540,16207,16387,180,4,200,temporal,2,2,2,604.4073302700198,1.049808,0.882054,1.942837,1.394838,1.10473,2.370083,,3.00333,True
1,354,regular_holdout,22729,22443,22623,180,8,200,temporal,1,11,11,-564.5013476600003,1.03204,0.847832,1.834294,1.563604,1.256039,2.664067,,1.30947,True
1,354,regular_holdout,22729,22443,22623,180,8,200,static,2,29,29,-564.5013476600003,0.935054,0.759138,1.813752,1.576193,1.21018,2.560171,,1.30947,True
1,355,regular_holdout,21534,20042,21482,1440,6,200,static,1,115,115,139.97215150390136,1.381999,1.024419,2.24918,2.245194,1.500629,3.266539,,1.175207,True
1,355,regular_holdout,21534,20042,21482,1440,6,200,temporal,2,16,16,139.97215150390136,1.397883,1.109157,2.276121,2.525328,1.936577,3.665672,,1.175207,True
1,356,regular_holdout,24165,23714,24074,360,4,200,temporal,1,6,6,-22.22273491848426,1.537254,1.23704,2.426388,2.333929,1.849135,3.392419,,1.469762,True
1,356,regular_holdout,24165,23714,24074,360,4,200,static,2,22,22,-22.22273491848426,1.383191,1.09767,2.276392,2.375802,1.64652,3.510878,,1.469762,True
1,357,regular_holdout,21456,19742,21182,1440,8,200,static,1,146,146,-558.8607278416093,1.618577,1.086402,2.469473,5.475418,1.413397,6.570113,,1.29629,True
1,357,regular_holdout,21456,19742,21182,1440,8,200,temporal,2,21,21,-558.8607278416093,1.384053,1.118691,2.224784,2.011701,1.297342,15.602519,,1.29629,True
1,358,regular_holdout,23226,22410,23130,720,6,1000,temporal,1,9,9,1311.6555874796795,1.464264,1.211772,2.175379,2.117691,1.298794,3.041328,,2.357665,True
1,358,regular_holdout,23226,22410,23130,720,6,1000,static,2,53,53,1311.6555874796795,1.175587,0.945229,1.909573,2.377996,1.730606,3.172326,,2.357665,True
1,359,regular_holdout,16974,16865,16925,60,4,200,static,1,7,7,-236.73182484463473,1.215017,0.982305,2.064411,1.366316,1.136228,2.365156,,1.557034,True
1,359,regular_holdout,16974,16865,16925,60,4,200,temporal,2,2,2,-236.73182484463473,1.254647,1.048676,2.178364,1.363161,1.163028,2.449033,,1.557034,True
1,360,maintenance_burst,32957,32014,32734,720,4,10000,temporal,1,7,7,1689.0762392403524,1.755474,1.285613,2.734845,2.410905,1.893202,3.485089,,4.994351,True
1,360,maintenance_burst,32957,32014,32734,720,4,10000,static,2,39,39,1689.0762392403524,1.23048,0.936215,1.992823,2.196571,1.437714,3.059957,,4.994351,True
1,361,maintenance_burst,32167,31742,31922,180,4,5000,static,1,46,46,-483.41980656806226,2.250312,1.80608,3.242142,2.814846,1.897799,3.908359,,3.031223,True
1,361,maintenance_burst,32167,31742,31922,180,4,5000,temporal,2,10,10,-483.41980656806226,1.647651,1.260626,2.611848,2.41459,1.948936,3.283435,,3.031223,True
1,362,maintenance_burst,34469,33481,34201,720,4,10000,temporal,1,6,6,1430.340421458798,1.735794,1.386936,2.388241,2.587082,1.963799,3.555967,,1.40915,True
1,362,maintenance_burst,34469,33481,34201,720,4,10000,static,2,35,35,1430.340421458798,1.655022,1.336791,2.639741,2.497095,1.860293,3.547553,,1.40915,True
1,363,maintenance_burst,35317,34873,35053,180,4,1000,static,1,10,10,736.9169585474874,2.499269,1.962307,3.369544,2.851681,2.240698,3.943782,,5.957547,True
1,363,maintenance_burst,35317,34873,35053,180,4,1000,temporal,2,2,2,736.9169585474874,1.800512,1.385976,2.792232,2.990621,1.982357,3.847056,,5.957547,True
1,364,maintenance_burst,31201,30782,30962,180,4,10000,temporal,1,2,2,467.7679934762834,2.475563,2.000625,3.38705,3.060217,2.057771,4.287101,,3.137118,True
1,364,maintenance_burst,31201,30782,30962,180,4,10000,static,2,12,12,467.7679934762834,1.817388,1.43516,3.308407,2.928017,1.8847,3.898925,,3.137118,True
1,365,maintenance_burst,33062,31606,33046,1440,4,5000,static,1,105,105,-370.658295207723,2.662495,2.07691,3.812694,3.262993,2.061216,4.464791,,6.813992,True
1,365,maintenance_burst,33062,31606,33046,1440,4,5000,temporal,2,15,15,-370.658295207723,2.260628,1.53462,3.329724,2.967987,1.923838,4.149874,,6.813992,True
1,366,maintenance_burst,30580,30026,30386,360,2,5000,temporal,1,3,3,-393.2209038279113,2.020545,1.594571,2.934366,2.204674,1.691808,3.259508,,2.986204,True
1,366,maintenance_burst,30580,30026,30386,360,2,5000,static,2,13,13,-393.2209038279113,1.54118,1.216419,2.411226,1.967114,1.477143,3.048299,,2.986204,True
1,367,maintenance_burst,32567,31082,32522,1440,4,5000,static,1,102,102,370.70135666771404,2.021106,1.527289,2.892337,2.843459,1.766641,3.886736,,2.829564,True
1,367,maintenance_burst,32567,31082,32522,1440,4,5000,temporal,2,12,12,370.70135666771404,1.883277,1.265894,2.826433,2.418517,1.736385,3.223594,,2.829564,True
1,368,maintenance_burst,32246,31764,32124,360,6,10000,temporal,1,14,14,-133.5153126800367,2.329612,1.905961,3.325207,2.89049,1.999373,3.940477,,2.06368,True
1,368,maintenance_burst,32246,31764,32124,360,6,10000,static,2,78,78,-133.5153126800367,1.474789,1.158211,2.319396,2.476664,1.694392,3.479621,,2.06368,True
1,369,maintenance_burst,33142,32120,32840,720,4,10000,static,1,37,37,711.2650577270223,2.038842,1.628773,2.89705,2.772392,1.941005,3.784422,,2.981487,True
1,369,maintenance_burst,33142,32120,32840,720,4,10000,temporal,2,6,6,711.2650577270223,1.38295,1.042846,2.193897,2.636717,1.893703,3.672503,,2.981487,True
1,370,maintenance_burst,31749,29997,31437,1440,4,1000,temporal,1,10,10,-46.81101615141051,2.410895,1.841584,3.466321,3.166577,2.258505,4.334293,,2.44714,True
1,370,maintenance_burst,31749,29997,31437,1440,4,1000,static,2,73,73,-46.811016151407614,2.739913,1.843306,3.916231,4.029742,2.456164,6.69397,,2.44714,True
1,371,maintenance_burst,31786,30061,31501,1440,4,5000,static,1,73,73,-307.50604641610704,2.319607,1.814773,3.445419,2.525439,1.697927,3.69727,,2.576656,True
1,371,maintenance_burst,31786,30061,31501,1440,4,5000,temporal,2,10,10,-307.50604641610704,1.459928,0.906991,2.191803,2.310873,1.384694,3.192657,,2.576656,True
1,372,maintenance_burst,32461,31949,32129,180,2,5000,temporal,1,1,1,-31.59766244735504,1.333636,1.015596,2.086424,1.658408,1.288979,2.45382,,2.144132,True
1,372,maintenance_burst,32461,31949,32129,180,2,5000,static,2,6,6,-31.59766244735504,1.041945,0.780289,1.723846,1.709144,1.16385,2.471156,,2.144132,True
1,373,maintenance_burst,34024,33313,33673,360,2,10000,static,1,10,10,189.65925636292798,1.546448,1.16371,2.250672,2.088737,1.636694,2.874857,,2.83714,True
1,373,maintenance_burst,34024,33313,33673,360,2,10000,temporal,2,2,2,189.65925636292798,1.121195,0.796394,1.818439,1.479426,1.140204,2.170732,,2.83714,True
1,374,maintenance_burst,33675,33208,33388,180,6,1000,temporal,1,10,10,283.044812379643,1.174666,0.966481,1.815425,1.497665,1.213895,2.237543,,2.531207,True
1,374,maintenance_burst,33675,33208,33388,180,6,1000,static,2,20,20,283.044812379643,1.308578,1.054964,2.180206,1.34278,1.05207,2.344524,,2.531207,True
1,375,maintenance_burst,33464,31773,33213,1440,2,5000,static,1,57,57,-173.66491765520584,1.161636,0.865098,1.956639,1.427588,1.025841,2.379588,,2.200316,True
1,375,maintenance_burst,33464,31773,33213,1440,2,5000,temporal,2,10,10,-173.66491765520584,0.89272,0.669753,1.696666,1.490112,1.024218,2.441992,,2.200316,True
1,376,maintenance_burst,32872,31084,32524,1440,4,1000,temporal,1,12,12,367.8098632243574,1.534149,1.090569,2.385487,2.372256,1.581481,3.421483,,4.002852,True
1,376,maintenance_burst,32872,31084,32524,1440,4,1000,static,2,101,101,367.8098632243574,1.108757,0.8271,4.208303,4.441115,1.165993,5.474126,,4.002852,True
1,377,maintenance_burst,35153,34798,34978,180,2,5000,static,1,6,6,183.11216168017353,0.983537,0.791416,1.876467,1.383652,1.092822,2.331175,,2.522454,True
1,377,maintenance_burst,35153,34798,34978,180,2,5000,temporal,2,1,1,183.11216168017353,0.87271,0.713839,1.66034,2.100226,1.4416,3.073146,,2.522454,True
1,378,maintenance_burst,33613,33044,33404,360,2,5000,temporal,1,3,3,-241.90653102193303,2.114237,1.735204,3.474083,1.89828,1.54059,3.268932,,4.979759,True
1,378,maintenance_burst,33613,33044,33404,360,2,5000,static,2,12,12,-241.90653102193303,1.237881,0.964949,2.339507,2.021777,1.606689,4.003303,,4.979759,True
1,379,maintenance_burst,34255,33849,34029,180,2,10000,static,1,7,7,176.1399244106881,1.847203,1.473678,2.504647,2.556585,1.799421,3.349394,,5.957427,True
1,379,maintenance_burst,34255,33849,34029,180,2,10000,temporal,2,3,3,176.1399244106881,1.42197,1.133504,2.080245,2.144943,1.552196,2.904752,,5.957427,True
1,380,maintenance_burst,30361,29321,30041,720,2,10000,temporal,1,3,3,714.69494658319,1.641732,1.317272,5.612966,2.059044,1.562142,2.823489,,2.118463,True
1,380,maintenance_burst,30361,29321,30041,720,2,10000,static,2,21,21,714.69494658319,1.391684,1.040704,1.981266,2.196381,1.517294,2.854605,,2.118463,True
1,381,maintenance_burst,34978,33447,34887,1440,6,5000,static,1,115,115,217.81690726594474,1.942547,1.22418,2.70907,3.046441,1.736551,3.834928,,1.853742,True
1,381,maintenance_burst,34978,33447,34887,1440,6,5000,temporal,2,16,16,217.81690726594474,2.03054,1.434158,2.907896,1.99035,1.379917,2.932604,,1.853742,True
1,382,maintenance_burst,30500,30075,30435,360,2,1000,temporal,1,3,3,-539.0305077770051,1.749435,1.47493,2.716366,1.755354,1.246585,2.901166,,16.837206,True
1,382,maintenance_burst,30500,30075,30435,360,2,1000,static,2,11,11,-539.0305077770051,1.032371,0.795042,1.625698,1.515882,1.155057,2.214858,,16.837206,True
1,383,maintenance_burst,33334,32943,33303,360,2,1000,static,1,13,13,-568.5175023538451,1.09108,0.825999,1.926042,1.476793,1.138441,2.282511,,2.377835,True
1,383,maintenance_burst,33334,32943,33303,360,2,1000,temporal,2,3,3,-568.5175023538451,0.895855,0.629803,1.725619,1.655213,1.182738,2.381461,,2.377835,True
1,384,maintenance_burst,30619,30189,30369,180,8,5000,temporal,1,4,4,-1312.5380532630525,1.073594,0.82069,1.668393,1.857368,1.557455,2.532058,,3.866746,True
1,384,maintenance_burst,30619,30189,30369,180,8,5000,static,2,16,16,-1312.5380532630525,1.046552,0.824907,1.692849,1.620591,1.168186,2.424445,,3.866746,True
1,385,maintenance_burst,33508,32989,33349,360,4,10000,static,1,23,23,-1052.6264873913049,1.233595,0.957528,2.018532,2.199475,1.364062,2.89687,,4.930314,True
1,385,maintenance_burst,33508,32989,33349,360,4,10000,temporal,2,6,6,-1052.6264873913049,0.961754,0.773509,1.717656,1.728243,1.155287,2.621233,,4.930314,True
1,386,maintenance_burst,30392,29698,30058,360,2,10000,temporal,1,1,1,428.8788534823428,1.305003,0.946441,2.203021,1.743275,1.161155,2.423474,,2.223862,True
1,386,maintenance_burst,30392,29698,30058,360,2,10000,static,2,7,7,428.8788534823428,0.908143,0.705817,1.690797,1.43547,1.07844,2.324955,,2.223862,True
1,387,maintenance_burst,35037,34796,34856,60,2,1000,static,1,3,3,95.91188555687758,1.094385,0.818177,1.777707,1.312454,1.044589,2.058953,,3.262082,True
1,387,maintenance_burst,35037,34796,34856,60,2,1000,temporal,2,1,1,95.91188555687758,1.771107,1.411724,2.426168,1.380668,1.148026,2.674533,,3.262082,True
1,388,maintenance_burst,34308,34078,34138,60,4,5000,temporal,1,2,2,-36.03989312541981,9.794058,1.160244,10.695611,2.13655,1.676996,3.185045,,2.937521,True
1,388,maintenance_burst,34308,34078,34138,60,4,5000,static,2,3,3,-36.03989312541981,1.924279,1.690836,2.666592,1.302219,1.066662,2.211764,,2.937521,True
1,389,maintenance_burst,32411,32125,32185,60,4,5000,static,1,5,5,60.59573435526834,1.748574,1.394469,2.583466,1.470824,1.161987,2.379648,,6.116748,True
1,389,maintenance_burst,32411,32125,32185,60,4,5000,temporal,2,2,2,60.59573435526834,1.519297,1.225082,2.293677,1.383702,1.073083,2.259837,,6.116748,True
1,390,maintenance_burst,34194,34003,34183,180,2,5000,temporal,1,1,1,-42.002690118516355,1.589073,1.264803,2.421101,1.796366,1.113383,2.775807,,8.199737,True
1,390,maintenance_burst,34194,34003,34183,180,2,5000,static,2,4,4,-42.002690118516355,1.04505,0.819809,1.801533,1.510143,0.938098,2.378336,,8.199737,True
1,391,maintenance_burst,33430,32696,33416,720,4,5000,static,1,36,36,-1707.1641794786356,1.361078,1.100694,2.142379,1.68665,1.114875,2.64566,,3.806084,True
1,391,maintenance_burst,33430,32696,33416,720,4,5000,temporal,2,6,6,-1707.1641794786356,0.861252,0.6353,1.643555,1.574711,1.13761,2.503996,,3.806084,True
1,392,maintenance_burst,31181,29523,30963,1440,4,5000,temporal,1,12,12,404.86507466658236,1.473738,0.91235,2.262531,1.897108,1.118862,2.825172,,2.846985,True
1,392,maintenance_burst,31181,29523,30963,1440,4,5000,static,2,75,75,404.86507466658236,1.153264,0.712878,1.965022,1.718048,1.176068,2.56653,,2.846985,True
1,393,maintenance_burst,30350,29332,30052,720,2,5000,static,1,18,18,752.1485472730814,1.579878,1.204561,2.558398,2.258299,1.483823,3.242302,,19.697811,True
1,393,maintenance_burst,30350,29332,30052,720,2,5000,temporal,2,4,4,752.1485472730814,1.755895,1.384253,2.638128,1.97147,1.305914,2.916529,,19.697811,True
1,394,maintenance_burst,33594,33344,33404,60,4,5000,temporal,1,2,2,-1.3953503119352852,1.352114,1.09818,2.168989,1.602062,1.326045,2.556886,,6.715874,True
1,394,maintenance_burst,33594,33344,33404,60,4,5000,static,2,3,3,-1.3953503119352852,1.047263,0.744165,1.829757,2.309611,1.87905,3.237154,,6.715874,True
1,395,maintenance_burst,32319,32073,32133,60,4,5000,static,1,5,5,95.3528584341154,1.352305,1.103729,2.138003,1.696505,1.347287,2.554523,,2.340869,True
1,395,maintenance_burst,32319,32073,32133,60,4,5000,temporal,2,2,2,95.3528584341154,1.217901,0.973592,1.834764,1.781823,1.42875,2.473289,,2.340869,True
1,396,maintenance_burst,31179,30651,30831,180,4,5000,temporal,1,2,2,288.7035754610266,1.178692,0.967894,1.899822,1.712539,1.084059,2.390034,,1.972392,True
1,396,maintenance_burst,31179,30651,30831,180,4,5000,static,2,8,8,288.7035754610266,1.035255,0.811687,1.627981,1.391103,1.083808,2.148398,,1.972392,True
1,397,maintenance_burst,34177,34029,34089,60,2,1000,static,1,3,3,-6.239131612241518,1.20379,0.908193,1.820823,1.465225,1.185092,2.223912,,5.487917,True
1,397,maintenance_burst,34177,34029,34089,60,2,1000,temporal,2,1,1,-6.239131612241518,0.930216,0.732908,1.572237,1.308278,1.091991,1.961646,,5.487917,True
1,398,maintenance_burst,32383,30910,32350,1440,6,10000,temporal,1,24,24,592.2404857440446,1.457594,0.829404,2.124061,2.246437,1.209428,3.123613,,2.309742,True
1,398,maintenance_burst,32383,30910,32350,1440,6,10000,static,2,160,160,592.2404857440446,17.170741,16.384111,18.00412,2.245204,1.511796,3.239358,,2.309742,True
1,399,maintenance_burst,35034,34484,34844,360,4,10000,static,1,20,20,228.13951385404462,1.160044,0.899851,1.737417,1.824138,1.281117,2.621403,,2.294108,True
1,399,maintenance_burst,35034,34484,34844,360,4,10000,temporal,2,6,6,228.13951385404462,0.92639,0.73423,1.546328,1.927614,1.410553,2.622245,,2.294108,True
1,400,maintenance_burst,30294,28687,30127,1440,4,1000,temporal,1,14,14,-193.57598688101112,1.399446,0.835132,2.250102,1.970459,1.282279,2.668464,,2.304133,True
1,400,maintenance_burst,30294,28687,30127,1440,4,1000,static,2,107,107,-193.57598688101112,1.181807,0.866079,1.859391,1.968696,1.132542,2.978784,,2.304133,True
1,401,maintenance_burst,31639,29885,31325,1440,4,1000,static,1,71,71,35.33900773938484,1.621862,0.858969,2.312527,2.290293,1.300577,2.968478,,4.872727,True
1,401,maintenance_burst,31639,29885,31325,1440,4,1000,temporal,2,10,10,35.33900773938484,1.112081,0.719077,1.702223,2.847365,1.378474,3.617028,,4.872727,True
1,402,maintenance_burst,32906,32518,32698,180,4,1000,temporal,1,6,6,78.5843970664495,1.240355,0.982876,1.897579,1.643816,1.310351,2.669476,,5.385933,True
1,402,maintenance_burst,32906,32518,32698,180,4,1000,static,2,15,15,78.5843970664495,1.077169,0.851768,1.710807,1.523163,1.201546,2.532188,,5.385933,True
1,403,maintenance_burst,31824,31396,31756,360,4,5000,static,1,18,18,-915.1473211958294,1.294607,1.031599,1.942597,1.820131,1.209118,2.537377,,2.5797,True
1,403,maintenance_burst,31824,31396,31756,360,4,5000,temporal,2,3,3,-915.1473211958294,1.090579,0.831387,22.657005,2.751109,2.124943,4.032377,,2.5797,True
1,404,maintenance_burst,32314,32131,32191,60,2,10000,temporal,1,1,1,26.462039056334667,1.422932,1.100304,2.317924,1.304221,1.075856,2.242681,,3.123583,True
1,404,maintenance_burst,32314,32131,32191,60,2,10000,static,2,3,3,26.462039056334667,1.082457,0.862564,1.867023,1.463443,1.189588,2.390184,,3.123583,True
1,405,maintenance_burst,33186,31510,32950,1440,4,5000,static,1,104,104,-335.72644057484877,1.882816,1.380057,2.688645,2.132845,1.327798,3.157374,,2.595634,True
1,405,maintenance_burst,33186,31510,32950,1440,4,5000,temporal,2,13,13,-335.72644057484877,1.782615,1.257231,2.576686,1.787172,1.088876,2.78465,,2.595634,True
1,406,maintenance_burst,34080,33603,33963,360,6,10000,temporal,1,7,7,1758.9212622043888,1.412847,1.129208,2.272916,2.007205,1.359285,2.964202,,3.033346,True
1,406,maintenance_burst,34080,33603,33963,360,6,10000,static,2,34,34,1758.9212622043888,1.09137,0.836835,1.893253,2.362212,1.808745,3.347706,,3.033346,True
1,407,maintenance_burst,31877,30180,31620,1440,6,10000,static,1,111,111,-609.7650529918119,1.967014,1.237501,2.570387,2.181739,1.456492,2.917862,,2.240918,True
1,407,maintenance_burst,31877,30180,31620,1440,6,10000,temporal,2,15,15,-609.7650529918119,1.133093,0.724415,1.861855,1.913533,1.268888,2.620332,,2.240918,True
1,408,maintenance_burst,32166,31823,31883,60,2,1000,temporal,1,1,1,-114.07036229079056,1.542061,1.178172,21.702943,1.935607,1.607791,2.886675,,2.157212,True
1,408,maintenance_burst,32166,31823,31883,60,2,1000,static,2,14,14,-114.07036229079056,2.007485,1.602563,2.676627,1.569042,1.323541,2.314619,,2.157212,True
1,409,maintenance_burst,35777,34900,35620,720,4,5000,static,1,37,37,734.687225001065,1.107724,0.856145,1.856146,1.725379,1.291883,2.418126,,2.961428,True
1,409,maintenance_burst,35777,34900,35620,720,4,5000,temporal,2,7,7,734.687225001065,1.615613,1.197861,2.286547,1.689013,1.219994,2.383834,,2.961428,True
1,410,maintenance_burst,35949,35152,35872,720,4,5000,temporal,1,6,6,-1184.6991312563478,1.102987,0.834451,1.695864,1.418535,1.021755,2.430034,,4.362195,True
1,410,maintenance_burst,35949,35152,35872,720,4,5000,static,2,37,37,-1184.6991312563478,1.646199,1.306275,2.352827,2.451066,1.268699,3.268362,,4.362195,True
1,411,maintenance_burst,35803,35315,35495,180,6,10000,static,1,23,23,-564.007360027848,1.334197,1.069036,2.009098,1.569233,1.150589,2.439749,,4.346171,True
1,411,maintenance_burst,35803,35315,35495,180,6,10000,temporal,2,9,9,-564.007360027848,0.975695,0.800771,1.63411,2.250923,1.629994,3.380876,,4.346171,True
1,412,maintenance_burst,35157,34668,34848,180,4,10000,temporal,1,6,6,355.7116583854702,1.252503,0.993542,2.075037,1.411043,1.116038,2.381701,,2.539549,True
1,412,maintenance_burst,35157,34668,34848,180,4,10000,static,2,14,14,355.7116583854702,1.059692,0.818087,1.808945,1.440318,1.106493,2.40119,,2.539549,True
1,413,maintenance_burst,34203,33793,33973,180,4,10000,static,1,8,8,216.91662877031055,19.06882,0.922275,19.964163,2.498288,1.66664,3.711932,,2.866804,True
1,413,maintenance_burst,34203,33793,33973,180,4,10000,temporal,2,2,2,216.91662877031055,1.193764,0.907112,2.084521,1.539097,1.063738,2.518598,,2.866804,True
1,414,maintenance_burst,35603,35169,35349,180,8,10000,temporal,1,4,4,451.022962431334,1.85201,1.393837,2.704419,2.239666,1.598377,3.242803,,2.889148,True
1,414,maintenance_burst,35603,35169,35349,180,8,10000,static,2,15,15,451.022962431334,1.174305,0.887852,1.961705,1.677005,1.273606,2.668385,,2.889148,True
1,415,maintenance_burst,34915,33182,34622,1440,2,10000,static,1,41,41,-243.73402891241375,1.3425,1.022656,2.192986,2.174748,1.218913,3.136312,,3.137844,True
1,415,maintenance_burst,34915,33182,34622,1440,2,10000,temporal,2,7,7,-243.73402891241375,1.561131,1.166954,2.404255,1.663244,1.194476,2.619731,,3.137844,True
1,416,maintenance_burst,35231,34724,34904,180,2,1000,temporal,1,1,1,79.8824698584281,0.957238,0.737595,1.757527,1.405886,1.129548,2.343824,,2.639831,True
1,416,maintenance_burst,35231,34724,34904,180,2,1000,static,2,4,4,79.8824698584281,1.430844,1.135437,2.260738,1.294718,1.000342,2.231404,,2.639831,True
1,417,maintenance_burst,33872,33471,33531,60,2,1000,static,1,1,1,136.82997500115317,1.058651,0.822203,1.824879,1.777328,1.41506,2.696306,,3.085365,True
1,417,maintenance_burst,33872,33471,33531,60,2,1000,temporal,2,1,1,136.82997500115317,0.95252,0.755392,1.739971,1.277151,1.036207,2.257473,,3.085365,True
1,418,maintenance_burst,30494,29760,30480,720,6,1000,temporal,1,10,10,-2063.9220323477507,1.216519,0.916606,2.048998,2.204954,1.456401,23.74525,,2.133265,True
1,418,maintenance_burst,30494,29760,30480,720,6,1000,static,2,58,58,-2063.9220323477507,0.921183,0.672086,1.788944,1.556743,0.948724,2.517837,,2.133265,True
1,419,maintenance_burst,34736,34240,34600,360,2,10000,static,1,9,9,-675.5594419970531,1.652829,1.361047,2.494081,1.938871,1.257661,2.874145,,2.946956,True
1,419,maintenance_burst,34736,34240,34600,360,2,10000,temporal,2,1,1,-675.5594419970531,0.956186,0.753068,1.717627,1.412826,1.093623,2.320168,,2.946956,True
1,420,maintenance_burst,35264,33593,35033,1440,4,5000,temporal,1,11,11,371.08498626568417,1.714462,1.36941,2.524727,1.918181,1.176148,2.884511,,3.118545,True
1,420,maintenance_burst,35264,33593,35033,1440,4,5000,static,2,74,74,371.08498626568417,0.928143,0.659807,1.765409,2.59952,1.523062,3.517067,,3.118545,True
1,421,maintenance_burst,31247,30878,31058,180,4,1000,static,1,7,7,604.878559228711,1.061455,0.862694,1.858249,2.03107,1.528932,2.994277,,2.454201,True
1,421,maintenance_burst,31247,30878,31058,180,4,1000,temporal,2,2,2,604.878559228711,1.007053,0.824747,1.769225,1.306795,1.003838,2.201198,,2.454201,True
1,422,maintenance_burst,35626,35277,35337,60,6,1000,temporal,1,3,3,46.31922395663773,1.029617,0.820351,1.830428,1.42174,1.061595,2.336979,,2.627112,True
1,422,maintenance_burst,35626,35277,35337,60,6,1000,static,2,7,7,46.31922395663773,0.842554,0.684185,1.571876,2.277504,1.839541,3.010361,,2.627112,True
1,423,maintenance_burst,35052,34986,35046,60,2,1000,static,1,3,3,141.68183158070505,1.238042,0.941183,1.867544,1.662363,1.350883,2.341611,,2.445618,True
1,423,maintenance_burst,35052,34986,35046,60,2,1000,temporal,2,2,2,141.68183158070505,1.001484,0.786299,1.589133,21.453686,20.955692,22.204801,,2.445618,True
1,424,maintenance_burst,32222,31734,32094,360,6,1000,temporal,1,17,17,-1083.426018299047,1.355219,1.048685,1.945271,2.0175,1.549022,3.132867,,2.860866,True
1,424,maintenance_burst,32222,31734,32094,360,6,1000,static,2,83,83,-1083.426018299047,0.986181,0.766939,1.609443,2.155169,1.484354,2.946485,,2.860866,True
1,425,maintenance_burst,32118,30589,32029,1440,4,5000,static,1,103,103,-21.52075540588976,1.114505,0.757806,1.717256,4.892327,1.042126,5.541428,,2.313268,True
1,425,maintenance_burst,32118,30589,32029,1440,4,5000,temporal,2,14,14,-21.52075540588976,1.028325,0.777826,1.617025,2.690147,1.742624,3.389224,,2.313268,True
1,426,maintenance_burst,32534,30995,32435,1440,4,1000,temporal,1,13,13,442.5196194390074,1.025631,0.770275,1.628903,2.454751,1.373076,3.13477,,2.233467,True
1,426,maintenance_burst,32534,30995,32435,1440,4,1000,static,2,104,104,442.5196194390074,1.335299,1.027053,1.942016,1.883107,1.240856,2.604208,,2.233467,True
1,427,maintenance_burst,34680,34253,34613,360,4,10000,static,1,18,18,-973.9165334184305,1.515431,1.146454,2.181047,2.024651,1.28933,3.116592,,3.616739,True
1,427,maintenance_burst,34680,34253,34613,360,4,10000,temporal,2,2,2,-973.9165334184305,1.154525,0.87287,1.863026,1.453097,1.103519,2.164863,,3.616739,True
1,428,maintenance_burst,32724,30929,32369,1440,4,10000,temporal,1,15,15,412.159025418722,1.27624,0.91303,2.109419,1.991751,1.164921,3.384667,,2.293267,True
1,428,maintenance_burst,32724,30929,32369,1440,4,10000,static,2,104,104,412.159025418722,1.30946,0.817547,2.02382,23.898291,1.144991,24.866725,,2.293267,True
1,429,maintenance_burst,30601,28831,30271,1440,2,5000,static,1,51,51,-199.05191806448315,2.117291,1.697426,2.904371,10.80792,7.552859,11.558476,,2.100976,True
1,429,maintenance_burst,30601,28831,30271,1440,2,5000,temporal,2,8,8,-199.05191806448315,2.071502,1.406546,2.797519,2.032683,1.241477,2.731911,,2.100976,True
1,430,maintenance_burst,33085,32117,32837,720,2,5000,temporal,1,3,3,513.1049355399012,1.023378,0.756634,1.67307,1.725639,1.128907,2.42773,,1.929817,True
1,430,maintenance_burst,33085,32117,32837,720,2,5000,static,2,21,21,513.1049355399012,0.96506,0.675842,1.600219,1.317071,0.931848,2.006834,,1.929817,True
1,431,maintenance_burst,33517,32906,33266,360,4,10000,static,1,20,20,-1065.670276482345,1.124691,0.894493,1.804708,1.863227,1.234026,2.63252,,3.897973,True
1,431,maintenance_burst,33517,32906,33266,360,4,10000,temporal,2,3,3,-1065.670276482345,1.221878,0.948544,1.809876,2.134948,1.652779,2.812061,,3.897973,True
1,432,maintenance_burst,31584,31139,31499,360,2,1000,temporal,1,1,1,99.35272605400338,0.963466,0.748902,1.568321,1.466107,1.166573,2.148808,,2.047846,True
1,432,maintenance_burst,31584,31139,31499,360,2,1000,static,2,9,9,99.35272605400338,0.768562,0.585715,1.476573,1.768874,1.205954,2.408231,,2.047846,True
1,433,maintenance_burst,30445,29985,30165,180,2,5000,static,1,3,3,-171.83746039037672,1.01171,0.811737,1.623074,1.43563,1.118281,2.236461,,2.259916,True
1,433,maintenance_burst,30445,29985,30165,180,2,5000,temporal,2,1,1,-171.83746039037672,0.824637,0.620608,1.541561,1.3165,1.009136,2.003268,,2.259916,True
1,434,maintenance_burst,33323,31869,33309,1440,6,1000,temporal,1,18,18,-313.8095051651662,1.914144,1.48181,17.727762,5.5821,1.156269,6.665318,,2.708586,True
1,434,maintenance_burst,33323,31869,33309,1440,6,1000,static,2,116,116,-313.8095051651662,1.849457,1.390032,2.748786,2.003128,1.302329,2.702856,,2.708586,True
1,435,maintenance_burst,35183,34510,34870,360,8,10000,static,1,39,39,4.1393230935890415,1.807503,1.357572,2.476734,2.369693,1.836086,3.185111,,10.37761,True
1,435,maintenance_burst,35183,34510,34870,360,8,10000,temporal,2,11,11,4.1393230935890415,1.429812,1.214476,2.247098,1.60071,1.215057,2.627643,,10.37761,True
1,436,maintenance_burst,35763,34903,35623,720,6,5000,temporal,1,9,9,-175.08397283474503,1.179403,0.873411,2.006194,1.927303,1.272244,2.911111,,2.789067,True
1,436,maintenance_burst,35763,34903,35623,720,6,5000,static,2,54,54,-175.08397283474503,0.986251,0.763344,1.809887,1.691698,1.160014,2.641634,,2.789067,True
1,437,maintenance_burst,35118,34805,34985,180,4,5000,static,1,9,9,492.6419303921006,1.074985,0.775843,1.909567,1.673811,1.120424,2.575214,,3.009971,True
1,437,maintenance_burst,35118,34805,34985,180,4,5000,temporal,2,2,2,492.6419303921006,1.05185,0.832899,1.826913,2.36835,1.798169,3.332137,,3.009971,True
1,438,maintenance_burst,30727,30496,30676,180,4,1000,temporal,1,2,2,-159.83479107825787,21.142536,1.333827,22.160235,2.353378,1.935246,3.504648,,5.394465,True
1,438,maintenance_burst,30727,30496,30676,180,4,1000,static,2,9,9,-159.83479107825787,1.823226,1.438895,2.87764,2.419888,1.635583,3.36029,,5.394465,True
1,439,maintenance_burst,34597,34142,34322,180,6,5000,static,1,12,12,-1141.0171435262525,7.470705,1.025421,8.357125,2.795947,2.001466,3.841358,,3.440111,True
1,439,maintenance_burst,34597,34142,34322,180,6,5000,temporal,2,3,3,-1141.0171435262525,1.14403,0.888484,1.968106,1.786381,1.356461,2.730177,,3.440111,True
1,440,maintenance_burst,34252,32780,34220,1440,4,1000,temporal,1,10,10,-284.1532861631293,1.737537,1.003307,2.632801,2.229781,1.400227,3.190344,,3.709789,True
1,440,maintenance_burst,34252,32780,34220,1440,4,1000,static,2,72,72,-284.1532861631255,1.218272,0.767991,2.045412,1.99122,1.075216,3.064343,,3.709789,True
1,441,maintenance_burst,34145,33907,33967,60,2,10000,static,1,1,1,12.176163852850307,1.042155,0.78028,1.866922,1.380016,1.122447,2.307509,,2.994397,True
1,441,maintenance_burst,34145,33907,33967,60,2,10000,temporal,2,1,1,12.176163852850307,0.93261,0.742192,1.699299,40.265307,1.82601,41.706606,,2.994397,True
1,442,maintenance_burst,34427,32974,34414,1440,6,5000,temporal,1,17,17,-714.4877430177495,1.962237,1.326546,2.822297,2.214238,1.408099,2.959985,,13.889309,True
1,442,maintenance_burst,34427,32974,34414,1440,6,5000,static,2,114,114,-714.4877430177495,1.274838,0.69493,1.923499,1.783547,1.084049,2.523435,,13.889309,True
1,443,maintenance_burst,31510,31150,31330,180,4,10000,static,1,12,12,243.36521652086307,1.105561,0.884968,1.7856,1.756485,1.228778,2.542854,,2.595815,True
1,443,maintenance_burst,31510,31150,31330,180,4,10000,temporal,2,2,2,243.36521652086307,0.981124,0.790305,1.617896,1.343001,1.062736,2.149449,,2.595815,True
1,444,maintenance_burst,35392,35332,35392,60,8,5000,temporal,1,7,7,70.9191816566792,1.785379,1.368179,2.672981,2.127026,1.777498,2.970561,,6.901975,True
1,444,maintenance_burst,35392,35332,35392,60,8,5000,static,2,12,12,70.9191816566792,2.792011,2.402252,3.758422,1.629073,1.314147,2.44687,,6.901975,True
1,445,maintenance_burst,32002,31186,31906,720,2,1000,static,1,32,32,-872.0319973235697,1.531646,1.134696,2.177282,1.884318,1.156729,2.6191,,2.534723,True
1,445,maintenance_burst,32002,31186,31906,720,2,1000,temporal,2,3,3,-872.0319973235717,0.996847,0.736193,1.661623,1.471225,0.965189,2.144182,,2.534723,True
1,446,maintenance_burst,33493,33244,33424,180,6,5000,temporal,1,8,8,-46.20335525745453,1.378584,1.070949,2.100455,1.887704,1.291582,8.316733,,3.632161,True
1,446,maintenance_burst,33493,33244,33424,180,6,5000,static,2,20,20,-46.20335525745453,1.231642,0.935785,2.010129,1.524565,1.238723,2.241229,,3.632161,True
1,447,maintenance_burst,34986,34715,34775,60,4,1000,static,1,3,3,117.8478234952135,1.099793,0.897787,1.735504,1.520739,1.252263,2.299236,,3.467292,True
1,447,maintenance_burst,34986,34715,34775,60,4,1000,temporal,2,2,2,117.8478234952135,0.842855,0.592025,1.710756,1.220846,0.933501,2.026684,,3.467292,True
1,448,maintenance_burst,30512,29898,30258,360,2,10000,temporal,1,1,1,-79.01775115906355,0.973141,0.748582,1.555471,1.230129,0.957939,1.930188,,2.598468,True
1,448,maintenance_burst,30512,29898,30258,360,2,10000,static,2,9,9,-79.01775115906355,0.8068,0.600979,1.532427,1.234567,0.943977,2.077721,,2.598468,True
1,449,maintenance_burst,31670,30134,31574,1440,4,5000,static,1,72,72,-289.94764435553634,0.937037,0.631244,1.621471,1.687251,1.076437,2.379988,,0.863135,True
1,449,maintenance_burst,31670,30134,31574,1440,4,5000,temporal,2,10,10,-289.94764435553634,0.877287,0.644825,1.568211,1.705328,1.046082,2.503415,,0.863135,True
1,450,maintenance_burst,33286,32908,33088,180,2,5000,temporal,1,1,1,-335.84785599887965,0.956997,0.708511,2.026634,1.327957,0.894292,2.054266,,2.706882,True
1,450,maintenance_burst,33286,32908,33088,180,2,5000,static,2,5,5,-335.84785599887965,0.883916,0.714781,1.491655,1.484975,1.23012,2.17644,,2.706882,True
1,451,maintenance_burst,33267,32904,33264,360,6,10000,static,1,26,26,-1185.007756597086,0.962235,0.709703,1.560349,1.783717,1.07118,2.528783,,3.266168,True
1,451,maintenance_burst,33267,32904,33264,360,6,10000,temporal,2,3,3,-1185.007756597086,0.856946,0.649231,1.477704,1.779621,0.956656,2.496534,,3.266168,True
1,452,maintenance_burst,32016,31060,31780,720,4,5000,temporal,1,6,6,-996.2567902065952,1.578276,1.278173,2.250743,1.935636,1.287757,2.627192,,4.659905,True
1,452,maintenance_burst,32016,31060,31780,720,4,5000,static,2,38,38,-996.2567902065952,1.144962,0.910587,18.184263,2.706322,1.97125,3.731932,,4.659905,True
1,453,maintenance_burst,34255,33917,33977,60,2,5000,static,1,1,1,5.472148869195136,1.817849,1.407868,2.697509,1.682393,1.385435,2.393559,,15.070886,True
1,453,maintenance_burst,34255,33917,33977,60,2,5000,temporal,2,1,1,5.472148869195136,1.047744,0.817105,1.794302,1.536223,1.288248,2.289341,,15.070886,True
1,454,maintenance_burst,31613,31132,31312,180,6,1000,temporal,1,3,3,640.4405203361832,1.093923,0.812098,1.750336,1.665909,1.156899,2.621894,,4.724173,True
1,454,maintenance_burst,31613,31132,31312,180,6,1000,static,2,16,16,640.4405203361832,1.247286,1.06478,1.91799,1.465716,1.100864,2.192105,,4.724173,True
1,455,maintenance_burst,30680,30345,30405,60,2,1000,static,1,3,3,-137.4342503600438,1.060063,0.844196,1.675823,1.772289,1.565918,2.511457,,2.352306,True
1,455,maintenance_burst,30680,30345,30405,60,2,1000,temporal,2,2,2,-137.4342503600438,0.831807,0.645416,1.438315,2.739362,2.311575,3.475644,,2.352306,True
1,456,maintenance_burst,31590,31305,31485,180,2,5000,temporal,1,1,1,52.10044336422729,1.088566,0.888574,1.698197,2.187477,1.778468,2.905893,,2.64533,True
1,456,maintenance_burst,31590,31305,31485,180,2,5000,static,2,5,5,52.10044336422729,1.282399,1.034484,1.965932,1.916278,1.322359,2.911452,,2.64533,True
1,457,maintenance_burst,35056,34614,34794,180,6,10000,static,1,21,21,679.596136089263,1.816026,1.48127,2.703107,1.630706,1.162087,2.430294,,21.301896,True
1,457,maintenance_burst,35056,34614,34794,180,6,10000,temporal,2,9,9,679.596136089263,1.039342,0.771857,1.710156,1.5878,1.281378,2.353288,,21.301896,True
1,458,maintenance_burst,31840,31008,31728,720,4,5000,temporal,1,6,6,-676.7946503475816,1.044459,0.784386,1.724918,1.674251,1.105001,2.44029,,3.081038,True
1,458,maintenance_burst,31840,31008,31728,720,4,5000,static,2,37,37,-676.7946503475816,0.891698,0.64866,1.501169,3.53237,2.540881,4.20695,,3.081038,True
1,459,maintenance_burst,30966,30801,30861,60,4,10000,static,1,6,6,181.93169226999723,1.21006,0.958589,1.879391,1.514309,1.189929,2.252075,,5.414536,True
1,459,maintenance_burst,30966,30801,30861,60,4,10000,temporal,2,2,2,181.93169226999723,0.945049,0.722762,1.59403,1.369761,1.150179,2.601132,,5.414536,True
1,460,maintenance_burst,30613,29993,30353,360,2,5000,temporal,1,2,2,-460.6126410984907,1.037669,0.814451,1.688092,1.564715,1.061775,2.30841,,4.000127,True
1,460,maintenance_burst,30613,29993,30353,360,2,5000,static,2,11,11,-460.6126410984907,1.009467,0.824486,1.977179,2.193487,1.721823,3.845724,,4.000127,True
1,461,maintenance_burst,35157,35092,35152,60,4,5000,static,1,6,6,167.0062843011224,1.030488,0.804165,1.709495,1.413337,1.12463,2.245755,,2.941658,True
1,461,maintenance_burst,35157,35092,35152,60,4,5000,temporal,2,2,2,167.0062843011224,1.26325,1.005681,1.95769,1.460809,1.200285,2.150932,,2.941658,True
1,462,maintenance_burst,31237,30594,30954,360,4,10000,temporal,1,2,2,260.18118082455237,1.690636,1.331333,2.732011,4.508566,1.912712,5.517502,,23.905032,True
1,462,maintenance_burst,31237,30594,30954,360,4,10000,static,2,20,20,260.18118082455237,1.092632,0.894282,1.907013,1.789245,1.081054,2.704869,,23.905032,True
1,463,maintenance_burst,31303,30792,30972,180,4,10000,static,1,8,8,654.983315950565,1.265543,1.035225,2.094267,1.753301,1.275338,2.826203,,2.881045,True
1,463,maintenance_burst,31303,30792,30972,180,4,10000,temporal,2,2,2,654.983315950565,1.28942,1.045641,2.080425,1.467389,1.155788,2.390645,,2.881045,True
1,464,maintenance_burst,33393,31631,33071,1440,4,1000,temporal,1,16,16,-389.63570318683446,1.361819,0.992761,2.201348,2.028557,1.110108,3.117273,,6.206183,True
1,464,maintenance_burst,33393,31631,33071,1440,4,1000,static,2,106,106,-389.63570318683446,1.327017,0.781522,2.168439,1.903959,1.199884,2.85086,,6.206183,True
1,465,maintenance_burst,32043,31599,31779,180,2,1000,static,1,9,9,-308.654641441664,1.240446,0.972109,2.079554,2.258655,1.618877,3.252978,,2.524177,True
1,465,maintenance_burst,32043,31599,31779,180,2,1000,temporal,2,3,3,-308.654641441664,1.012481,0.801652,1.757958,1.872311,1.219194,2.726748,,2.524177,True
1,466,maintenance_burst,35641,34146,35586,1440,4,10000,temporal,1,11,11,-442.08416209200425,1.331413,0.873461,1.945641,2.674944,1.862806,3.935981,,2.659241,True
1,466,maintenance_burst,35641,34146,35586,1440,4,10000,static,2,74,74,-442.08416209200425,24.038975,1.421079,24.938785,2.446749,1.749285,3.391498,,2.659241,True
1,467,maintenance_burst,33805,33420,33780,360,4,1000,static,1,19,19,1270.419120734914,1.344563,1.063758,1.977219,1.515141,1.087955,2.191604,,2.76518,True
1,467,maintenance_burst,33805,33420,33780,360,4,1000,temporal,2,2,2,1270.419120734914,1.199543,0.9783,1.793001,2.029718,1.464615,2.709807,,2.76518,True
1,468,maintenance_burst,34911,34175,34895,720,2,5000,temporal,1,3,3,-625.8039814659546,1.196859,0.939341,1.83207,1.566198,1.158462,2.259587,,2.613731,True
1,468,maintenance_burst,34911,34175,34895,720,2,5000,static,2,20,20,-625.8039814659546,0.814422,0.633257,1.375259,1.423882,1.036236,2.11664,,2.613731,True
1,469,maintenance_burst,31482,29687,31127,1440,6,1000,static,1,106,106,481.25684911578685,1.046202,0.771907,1.676855,2.194589,1.342489,2.927186,,2.309492,True
1,469,maintenance_burst,31482,29687,31127,1440,6,1000,temporal,2,16,16,481.25684911578685,1.342359,1.087925,1.940925,1.988196,1.317002,2.665721,,2.309492,True
1,470,maintenance_burst,34740,33240,34680,1440,2,5000,temporal,1,5,5,11.141141411535115,1.38296,1.094715,1.959282,2.023489,1.343962,2.686141,,3.06921,True
1,470,maintenance_burst,34740,33240,34680,1440,2,5000,static,2,32,32,11.141141411535115,1.014364,0.713459,1.608832,1.651687,1.081085,2.356333,,3.06921,True
1,471,maintenance_burst,35995,34414,35854,1440,6,5000,static,1,104,104,-459.78947393876706,1.236419,0.96535,1.837839,1.947955,1.14436,2.633111,,0.60214,True
1,471,maintenance_burst,35995,34414,35854,1440,6,5000,temporal,2,14,14,-459.78947393876706,1.208848,0.74771,2.042638,1.694092,1.098,2.405837,,0.60214,True
1,472,maintenance_burst,33914,33761,33821,60,4,10000,temporal,1,2,2,217.6740443898827,1.19747,0.981774,1.807102,1.34263,1.102046,2.01769,,2.512118,True
1,472,maintenance_burst,33914,33761,33821,60,4,10000,static,2,3,3,217.6740443898827,1.498385,1.192022,2.075508,17.52779,16.989206,19.361703,,2.512118,True
1,473,maintenance_burst,31986,31533,31713,180,4,5000,static,1,11,11,-703.6568067978626,1.371093,1.112823,1.979764,1.974696,1.235809,2.676176,,2.343022,True
1,473,maintenance_burst,31986,31533,31713,180,4,5000,temporal,2,2,2,-703.6568067978626,0.905369,0.729844,1.483092,2.246256,1.809205,2.9501,,2.343022,True
1,474,maintenance_burst,35126,34846,35026,180,2,1000,temporal,1,1,1,299.4982856132409,1.477333,1.152983,2.209971,1.38255,1.026952,2.197402,,3.712703,True
1,474,maintenance_burst,35126,34846,35026,180,2,1000,static,2,4,4,299.4982856132409,1.17066,0.950277,1.781914,1.259574,0.964348,1.953974,,3.712703,True
1,475,maintenance_burst,35674,34080,35520,1440,2,1000,static,1,32,32,-92.89129758470676,1.767592,1.41537,2.386257,24.130493,1.414048,29.452319,,7.001986,True
1,475,maintenance_burst,35674,34080,35520,1440,2,1000,temporal,2,4,4,-92.89129758470676,2.221629,1.723616,3.02219,1.78531,1.276099,2.511587,,7.001986,True
1,476,maintenance_burst,35095,34647,34827,180,4,1000,temporal,1,6,6,555.7072874257967,1.764127,1.447438,2.862188,1.923418,1.580349,11.507769,,8.476695,True
1,476,maintenance_burst,35095,34647,34827,180,4,1000,static,2,14,14,555.7072874257967,1.252053,1.006952,1.939432,1.576754,1.213925,2.304444,,8.476695,True
1,477,maintenance_burst,34825,34217,34577,360,2,10000,static,1,9,9,-571.5297747311995,1.407378,1.11736,2.330484,1.499066,1.153364,2.16311,,3.655387,True
1,477,maintenance_burst,34825,34217,34577,360,2,10000,temporal,2,1,1,-571.5297747311995,0.800631,0.62177,1.389801,2.386799,1.908215,3.607384,,3.655387,True
1,478,maintenance_burst,32951,31388,32828,1440,2,1000,temporal,1,6,6,-156.08760987741124,2.954637,1.989308,4.859717,2.249741,1.643344,4.102673,,3.129822,True
1,478,maintenance_burst,32951,31388,32828,1440,2,1000,static,2,49,49,-156.08760987741124,1.252333,0.918389,2.575614,2.00412,1.410893,4.355204,,3.129822,True
1,479,maintenance_burst,34918,34044,34764,720,2,5000,static,1,22,22,-843.5669014394538,1.11128,0.859299,1.738969,1.778409,1.385115,2.463194,,3.467763,True
1,479,maintenance_burst,34918,34044,34764,720,2,5000,temporal,2,4,4,-843.5669014394538,0.88601,0.675933,1.473027,1.558046,0.995506,2.241238,,3.467763,True
1,480,window_drift,40081,38608,40048,1440,4,1000,temporal,1,10,10,-154.69001830435053,1.180395,0.72101,1.769676,1.858691,1.244341,2.537136,,1.320947,True
1,480,window_drift,40081,38608,40048,1440,4,1000,static,2,72,72,-154.69001830435053,1.310512,0.863406,2.197733,1.694011,1.068826,2.521733,,1.320947,True
1,481,window_drift,42259,40517,41957,1440,6,1000,static,1,110,110,350.555955246558,1.370682,0.940842,2.059273,2.032783,1.367607,2.76535,,3.370606,True
1,481,window_drift,42259,40517,41957,1440,6,1000,temporal,2,15,15,350.555955246558,2.395893,1.761133,3.081009,15.039988,1.190259,15.840248,,3.370606,True
1,482,window_drift,39333,38843,39203,360,2,1000,temporal,1,3,3,643.6232341576599,1.320136,1.016347,1.891901,2.627683,1.942808,3.33309,,2.40785,True
1,482,window_drift,39333,38843,39203,360,2,1000,static,2,11,11,643.6232341576599,1.066913,0.868182,1.729855,1.645718,1.264683,2.325917,,2.40785,True
1,483,window_drift,42027,41104,41824,720,4,1000,static,1,37,37,441.2371284832327,1.105682,0.870817,1.702954,1.663545,1.144451,2.353318,,1.905571,True
1,483,window_drift,42027,41104,41824,720,4,1000,temporal,2,6,6,441.2371284832327,0.99218,0.712307,1.56755,1.615552,1.258613,2.290093,,1.905571,True
1,484,window_drift,41518,39848,41288,1440,2,5000,temporal,1,6,6,-106.42975094650578,1.334948,0.980953,1.908526,2.019864,1.216099,2.686772,,1.674381,True
1,484,window_drift,41518,39848,41288,1440,2,5000,static,2,34,34,-106.42975094650578,1.135927,0.697144,1.804448,2.024241,1.218452,2.69219,,1.674381,True
1,485,window_drift,40194,37284,40164,2880,4,5000,static,1,144,144,407.03228596657345,1.556834,0.860341,2.16282,21.415758,20.261273,22.434579,,1.496973,True
1,485,window_drift,40194,37284,40164,2880,4,5000,temporal,2,19,19,407.0322859665703,1.549372,0.984118,2.407971,2.355381,1.242649,3.063131,,1.496973,True
1,486,window_drift,39581,36498,39378,2880,2,1000,temporal,1,9,9,111.13792923734182,1.221818,0.694661,1.81925,2.029097,1.235468,2.727233,,1.973283,True
1,486,window_drift,39581,36498,39378,2880,2,1000,static,2,65,65,111.13792923734127,2.003119,1.538767,2.616055,13.664674,1.548221,14.456276,,1.973283,True
1,487,window_drift,39182,38179,38899,720,6,5000,static,1,54,54,-1149.9568016498897,1.359415,1.05826,2.019754,2.687293,1.658638,3.544959,,2.32843,True
1,487,window_drift,39182,38179,38899,720,6,5000,temporal,2,9,9,-1149.9568016498897,1.04539,0.824777,1.823237,1.895616,1.37597,2.600302,,2.32843,True
1,488,window_drift,41155,38019,40899,2880,2,200,temporal,1,9,9,-380.26746214999423,1.363741,0.896836,1.936127,1.743496,1.20378,2.467651,,1.65349,True
1,488,window_drift,41155,38019,40899,2880,2,200,static,2,65,65,-380.267462149995,1.236119,0.910847,1.83201,1.551525,0.988194,2.2485,,1.65349,True
1,489,window_drift,38277,35300,38180,2880,4,200,static,1,142,142,-111.80448906067978,2.259917,1.435511,2.842657,3.139246,1.558947,3.831924,,0.587408,True
1,489,window_drift,38277,35300,38180,2880,4,200,temporal,2,18,18,-111.80448906067977,1.227466,0.843114,1.79227,2.438687,1.360778,3.137603,,0.587408,True
1,490,window_drift,38984,38521,38881,360,6,1000,temporal,1,3,3,-234.3225720557,1.571916,1.191682,2.186806,2.951953,2.322351,3.767376,,1.366325,True
1,490,window_drift,38984,38521,38881,360,6,1000,static,2,26,26,-234.3225720557,1.569473,1.240155,2.191323,2.650397,1.615923,3.349534,,1.366325,True
1,491,window_drift,38733,37223,38663,1440,2,200,static,1,33,33,-54.94389920861708,1.309249,0.922334,1.862506,2.946305,1.940724,3.828959,,1.256921,True
1,491,window_drift,38733,37223,38663,1440,2,200,temporal,2,5,5,-54.94389920861708,1.127465,0.837817,1.75237,2.446159,1.568843,3.10835,,1.256921,True
1,492,window_drift,40813,39360,40800,1440,2,1000,temporal,1,5,5,-22.57047918938997,2.218765,1.813372,2.820384,2.245686,1.646039,2.937962,,2.76489,True
1,492,window_drift,40813,39360,40800,1440,2,1000,static,2,37,37,-22.57047918938997,1.363832,0.980813,1.948576,2.220397,1.34277,2.896399,,2.76489,True
1,493,window_drift,38936,35997,38877,2880,8,1000,static,1,291,291,898.0569180272425,9.290025,8.023541,9.925686,3.842139,2.108838,4.813428,,1.843217,True
1,493,window_drift,38936,35997,38877,2880,8,1000,temporal,2,39,39,898.0569180272425,2.091863,1.331854,2.955639,3.927558,1.912772,4.664072,,1.843217,True
1,494,window_drift,38771,38075,38435,360,2,5000,temporal,1,3,3,-601.625491642834,1.551146,1.12492,2.170061,2.035388,1.492748,2.685791,,2.30193,True
1,494,window_drift,38771,38075,38435,360,2,5000,static,2,11,11,-601.625491642834,1.330221,1.024149,1.947374,1.774393,1.383461,2.446679,,2.30193,True
1,495,window_drift,40945,40296,40656,360,6,200,static,1,32,32,960.1828693681364,1.5081,1.223991,2.162981,1.984841,1.344323,2.69849,,1.97073,True
1,495,window_drift,40945,40296,40656,360,6,200,temporal,2,10,10,960.1828693681364,0.83335,0.632636,1.414329,2.066775,1.437092,2.789497,,1.97073,True
1,496,window_drift,42172,41409,42129,720,2,1000,temporal,1,3,3,768.2099711092181,1.127494,0.831557,1.753601,3.790892,1.054434,4.503098,,3.962261,True
1,496,window_drift,42172,41409,42129,720,2,1000,static,2,20,20,768.2099711092181,1.100464,0.802032,1.682624,1.688753,1.022266,2.37485,,3.962261,True
1,497,window_drift,40961,40165,40885,720,4,1000,static,1,38,38,1403.5853209940647,1.526037,1.224331,2.151533,1.701873,1.184701,2.42727,,1.717457,True
1,497,window_drift,40961,40165,40885,720,4,1000,temporal,2,6,6,1403.5853209940647,1.360457,1.042006,2.165684,1.870337,1.228237,2.618188,,1.717457,True
1,498,window_drift,42860,41282,42722,1440,6,1000,temporal,1,16,16,3.193012560966281,1.457003,0.895083,2.053185,1.996048,1.313226,2.688515,,1.532738,True
1,498,window_drift,42860,41282,42722,1440,6,1000,static,2,107,107,3.193012560966281,1.07815,0.765708,1.671507,2.32165,1.35609,3.02941,,1.532738,True
1,499,window_drift,39191,37465,38905,1440,4,5000,static,1,73,73,371.7181406827212,1.405214,1.147855,2.258244,1.805079,0.996326,2.562454,,1.66716,True
1,499,window_drift,39191,37465,38905,1440,4,5000,temporal,2,10,10,371.7181406827212,1.413557,1.001143,2.018241,5.171489,1.017728,5.88666,,1.66716,True
1,500,window_drift,38590,37730,38450,720,4,1000,temporal,1,6,6,-993.406842431469,1.386616,1.089768,1.992021,2.031361,1.39556,2.729316,,1.303151,True
1,500,window_drift,38590,37730,38450,720,4,1000,static,2,38,38,-993.406842431469,1.044499,0.783765,1.684958,1.690055,1.24997,2.384174,,1.303151,True
1,501,window_drift,39957,38444,39884,1440,2,1000,static,1,40,40,-69.55274932565789,1.105201,0.719537,1.750967,2.577157,2.004351,3.249423,,2.519078,True
1,501,window_drift,39957,38444,39884,1440,2,1000,temporal,2,5,5,-69.55274932565789,1.059953,0.749873,1.638978,1.816836,1.267667,2.511407,,2.519078,True
1,502,window_drift,38837,37913,38633,720,2,200,temporal,1,3,3,-605.9075498043876,1.178062,0.95265,1.770737,2.538889,1.746391,3.266309,,1.523564,True
1,502,window_drift,38837,37913,38633,720,2,200,static,2,21,21,-605.9075498043876,1.290311,0.97861,1.9116,1.715554,1.271773,2.382903,,1.523564,True
1,503,window_drift,42436,41732,42092,360,4,1000,static,1,22,22,905.5278773692994,1.035506,0.794992,1.651978,1.559748,1.246244,2.198013,,1.705469,True
1,503,window_drift,42436,41732,42092,360,4,1000,temporal,2,6,6,905.5278773692994,1.692649,1.373837,2.255039,2.05011,1.369691,2.715355,,1.705469,True
1,504,window_drift,41151,39686,41126,1440,2,5000,temporal,1,6,6,-156.13302747834183,1.110839,0.830456,1.675573,1.748814,1.125813,2.428261,,1.484384,True
1,504,window_drift,41151,39686,41126,1440,2,5000,static,2,34,34,-156.13302747834183,1.700591,1.314066,2.278685,1.583975,1.002205,2.278675,,1.484384,True
1,505,window_drift,37941,37402,37762,360,4,200,static,1,19,19,1078.0871413635002,1.022627,0.733199,1.60037,1.829216,1.400257,2.840655,,1.239945,True
1,505,window_drift,37941,37402,37762,360,4,200,temporal,2,5,5,1078.0871413635002,1.392915,1.000622,2.061126,1.428219,1.114234,2.098593,,1.239945,True
1,506,window_drift,42081,41176,41896,720,4,1000,temporal,1,5,5,1399.951320119849,1.152132,0.857727,1.743125,19.543158,1.050328,20.419718,,1.909577,True
1,506,window_drift,42081,41176,41896,720,4,1000,static,2,37,37,1399.951320119849,1.67405,1.276019,2.834165,2.184052,1.57418,3.225176,,1.909577,True
1,507,window_drift,40597,37621,40501,2880,2,200,static,1,66,66,432.45489653733443,1.774122,1.297151,2.38086,1.72604,1.053804,2.542254,,1.877389,True
1,507,window_drift,40597,37621,40501,2880,2,200,temporal,2,9,9,432.45489653733443,1.012531,0.70787,1.711608,2.298054,1.392515,3.004252,,1.877389,True
1,508,window_drift,37617,36924,37284,360,6,1000,temporal,1,3,3,-1747.0917939010524,1.037478,0.823885,1.659979,1.775805,1.295439,2.440059,,2.373037,True
1,508,window_drift,37617,36924,37284,360,6,1000,static,2,27,27,-1747.0917939010524,0.951549,0.718987,1.575512,2.298275,1.475521,3.004973,,2.373037,True
1,509,window_drift,42659,40918,42358,1440,2,5000,static,1,39,39,-171.31991966621032,1.373055,0.851507,2.025062,2.583276,1.783437,3.31423,,4.059468,True
1,509,window_drift,42659,40918,42358,1440,2,5000,temporal,2,5,5,-171.31991966621032,1.341338,0.920051,1.927564,1.865079,1.240595,2.648123,,4.059468,True
1,510,window_drift,41543,39811,41251,1440,4,200,temporal,1,10,10,-440.75394561902795,1.400918,0.882675,2.022247,1.913853,1.111811,2.583866,,3.814637,True
1,510,window_drift,41543,39811,41251,1440,4,200,static,2,72,72,-440.75394561902795,1.902417,1.304162,2.510246,2.138372,1.307898,2.812142,,3.814637,True
1,511,window_drift,38718,37905,38625,720,2,1000,static,1,20,20,-587.7192977813896,1.152272,0.831177,1.751478,2.349011,1.914204,3.090532,,3.105786,True
1,511,window_drift,38718,37905,38625,720,2,1000,temporal,2,3,3,-587.7192977813896,1.036317,0.796885,1.636755,1.615863,1.240666,2.462764,,3.105786,True
1,512,window_drift,41881,40956,41676,720,4,1000,temporal,1,7,7,410.7587818529895,1.403862,1.075426,2.164763,2.002197,1.49505,2.931963,,3.007598,True
1,512,window_drift,41881,40956,41676,720,4,1000,static,2,38,38,410.7587818529895,0.993081,0.769473,1.659529,1.975967,1.422411,2.636476,,3.007598,True
1,513,window_drift,37906,34815,37695,2880,6,5000,static,1,223,223,1149.5598407465868,1.61367,0.896075,2.229531,3.145215,1.647681,3.932315,,1.713982,True
1,513,window_drift,37906,34815,37695,2880,6,5000,temporal,2,28,28,1149.5598407465868,1.432276,0.923176,2.126064,2.420269,1.200104,3.104263,,1.713982,True
1,514,window_drift,42798,39593,42473,2880,4,5000,temporal,1,18,18,-793.0049214344854,1.30281,0.883146,1.990619,1.98411,1.108196,2.694313,,2.033314,True
1,514,window_drift,42798,39593,42473,2880,4,5000,static,2,140,140,-793.0049214344849,2.623306,1.347437,3.256463,2.164172,1.284702,2.916249,,2.033314,True
1,515,window_drift,40617,37470,40350,2880,2,200,static,1,65,65,366.7982858625661,1.295959,0.881953,1.894364,2.266276,1.324111,2.942198,,1.534661,True
1,515,window_drift,40617,37470,40350,2880,2,200,temporal,2,9,9,366.7982858625662,1.252043,0.782242,1.855876,2.177042,1.382791,2.884671,,1.534661,True
1,516,window_drift,39807,39405,39765,360,2,1000,temporal,1,2,2,-417.8995436696554,1.195657,0.934773,1.786722,1.894034,1.467168,2.61941,,2.816398,True
1,516,window_drift,39807,39405,39765,360,2,1000,static,2,12,12,-417.8995436696554,0.973982,0.781752,1.579658,1.553179,1.012941,2.256762,,2.816398,True
1,517,window_drift,41994,39081,41961,2880,4,200,static,1,141,141,608.1706516848379,1.611927,1.095476,2.218514,2.225635,1.18394,2.923911,,2.08368,True
1,517,window_drift,41994,39081,41961,2880,4,200,temporal,2,19,19,608.1706516848374,20.840568,20.088361,21.573347,2.224073,1.375369,3.061689,,2.08368,True
1,518,window_drift,39220,38228,38948,720,4,5000,temporal,1,6,6,224.0712735898156,1.105912,0.861803,1.711648,1.697356,1.251872,2.377975,,2.947867,True
1,518,window_drift,39220,38228,38948,720,4,5000,static,2,38,38,224.0712735898156,1.012781,0.762723,1.59414,2.907366,1.953213,3.65163,,2.947867,True
1,519,window_drift,41336,40511,41231,720,4,1000,static,1,36,36,-1705.3519536874187,1.272655,0.96577,1.897619,1.7526,1.235688,2.542153,,0.515369,True
1,519,window_drift,41336,40511,41231,720,4,1000,temporal,2,6,6,-1705.3519536874187,1.034984,0.77346,1.757267,1.578126,1.146283,2.326047,,0.515369,True
1,520,window_drift,42579,41754,42474,720,4,1000,temporal,1,6,6,-1059.576310541145,1.266044,0.941593,1.912932,1.64706,1.162207,2.370143,,4.605483,True
1,520,window_drift,42579,41754,42474,720,4,1000,static,2,37,37,-1059.576310541145,1.065862,0.723854,1.631627,1.352795,0.942345,2.013775,,4.605483,True
1,521,window_drift,39613,39078,39438,360,4,1000,static,1,16,16,556.1558589975181,1.006362,0.74089,1.599919,1.466237,0.930387,2.170492,,1.811249,True
1,521,window_drift,39613,39078,39438,360,4,1000,temporal,2,2,2,556.1558589975181,1.109778,0.894252,1.775484,1.353326,1.027634,2.05722,,1.811249,True
1,522,window_drift,42291,40598,42038,1440,2,1000,temporal,1,5,5,-63.095595190455995,1.977269,1.520599,2.602935,3.264365,2.433069,3.980809,,3.301141,True
1,522,window_drift,42291,40598,42038,1440,2,1000,static,2,32,32,-63.095595190455995,1.498846,1.115407,2.111502,2.007174,1.376461,2.729807,,3.301141,True
1,523,window_drift,41408,40603,41323,720,4,5000,static,1,38,38,-1413.2614656639348,1.973493,1.612518,2.643947,3.064133,2.382382,4.178898,,0.869484,True
1,523,window_drift,41408,40603,41323,720,4,5000,temporal,2,6,6,-1413.2614656639348,1.71995,1.318714,2.399588,2.785221,1.947995,3.482646,,0.869484,True
1,524,window_drift,42055,40515,41955,1440,2,200,temporal,1,5,5,129.66883549417858,3.087047,1.979272,3.765603,2.218945,1.656193,3.332829,,4.339361,True
1,524,window_drift,42055,40515,41955,1440,2,200,static,2,38,38,129.66883549417858,2.228659,1.542432,2.891111,3.24819,2.118833,6.335814,,4.339361,True
1,525,window_drift,41989,40510,41950,1440,4,200,static,1,71,71,251.9680701955259,1.376641,1.002095,2.170982,3.691441,2.739662,4.646355,,2.577998,True
1,525,window_drift,41989,40510,41950,1440,4,200,temporal,2,10,10,251.9680701955259,1.560079,0.911168,2.409533,2.351736,1.638137,3.23414,,2.577998,True
1,526,window_drift,39204,36232,39112,2880,2,200,temporal,1,9,9,347.03900696479997,1.566168,1.083708,2.378617,2.905012,2.086554,3.845844,,3.382684,True
1,526,window_drift,39204,36232,39112,2880,2,200,static,2,65,65,347.03900696479997,1.510714,1.055535,2.31536,2.415131,1.640721,3.103873,,3.382684,True
1,527,window_drift,39517,38680,39400,720,2,1000,static,1,16,16,803.1739017695036,1.394889,1.049907,23.008827,4.679395,3.826204,5.580918,,1.664616,True
1,527,window_drift,39517,38680,39400,720,2,1000,temporal,2,3,3,803.1739017695036,1.945842,1.611917,2.62612,1.75296,1.350572,2.465167,,1.664616,True
1,528,window_drift,40486,40085,40445,360,4,1000,temporal,1,6,6,994.5462606489714,1.21008,0.920242,1.831289,1.815365,1.193584,2.747334,,5.007962,True
1,528,window_drift,40486,40085,40445,360,4,1000,static,2,20,20,994.5462606489714,1.106904,0.892239,1.714933,1.577184,1.060814,2.268149,,5.007962,True
1,529,window_drift,40577,39546,40266,720,6,200,static,1,56,56,-1819.8737906023384,1.535993,1.260996,2.134307,1.79891,1.240045,2.59965,,5.695912,True
1,529,window_drift,40577,39546,40266,720,6,200,temporal,2,8,8,-1819.8737906023384,1.218051,0.850046,2.168438,2.442823,1.774833,3.225236,,5.695912,True
1,530,window_drift,38949,38475,38835,360,8,200,temporal,1,4,4,295.66909717161275,1.261217,0.990758,1.889917,1.899271,1.398775,2.59298,,2.195178,True
1,530,window_drift,38949,38475,38835,360,8,200,static,2,38,38,295.66909717161275,1.023578,0.817306,1.621342,1.777807,1.21717,2.452187,,2.195178,True
1,531,window_drift,39568,38546,39266,720,2,200,static,1,19,19,715.0019214921313,1.477453,1.19098,2.094918,1.835225,1.350562,2.535554,,1.999954,True
1,531,window_drift,39568,38546,39266,720,2,200,temporal,2,3,3,715.0019214921313,0.946612,0.716843,1.637156,1.559438,1.034805,2.24878,,1.999954,True
1,532,window_drift,42366,39327,42207,2880,2,200,temporal,1,9,9,-102.68367078299599,1.834473,0.973582,2.469784,2.385246,1.618867,23.43414,,3.871784,True
1,532,window_drift,42366,39327,42207,2880,2,200,static,2,75,75,-102.68367078299599,1.69318,1.179052,2.580792,2.166856,1.273685,2.911913,,3.871784,True
1,533,window_drift,41367,39728,41168,1440,4,200,static,1,74,74,-337.5567092993141,1.564175,0.969216,2.198204,2.525088,1.474899,3.219537,,3.496466,True
1,533,window_drift,41367,39728,41168,1440,4,200,temporal,2,14,14,-337.5567092993141,1.074034,0.804687,1.703375,1.764357,1.187646,2.496725,,3.496466,True
1,534,window_drift,38445,38083,38443,360,8,200,temporal,1,12,12,-2408.722394679785,2.191814,1.885821,2.78446,2.747649,2.015867,3.602026,,2.358757,True
1,534,window_drift,38445,38083,38443,360,8,200,static,2,42,42,-2408.722394679785,2.6982,2.469694,3.386931,2.635634,1.99123,3.476276,,2.358757,True
1,535,window_drift,42753,39756,42636,2880,4,5000,static,1,140,140,-562.4904625624688,2.237883,1.371564,2.848777,2.399267,1.478826,3.304326,,3.765513,True
1,535,window_drift,42753,39756,42636,2880,4,5000,temporal,2,18,18,-562.4904625624695,1.57427,1.146273,2.191143,2.320608,1.26977,3.012845,,3.765513,True
1,536,window_drift,40542,39910,40270,360,4,5000,temporal,1,2,2,-4.370630872454932,1.748023,1.357032,2.410354,1.821513,1.371443,2.51292,,3.516426,True
1,536,window_drift,40542,39910,40270,360,4,5000,static,2,19,19,-4.370630872454932,1.649223,1.269289,2.240668,1.529282,1.21701,2.211023,,3.516426,True
1,537,window_drift,41441,38282,41162,2880,4,1000,static,1,140,140,-770.81704684031,2.705921,1.634561,4.294543,3.766765,2.073044,4.99664,,26.209972,True
1,537,window_drift,41441,38282,41162,2880,4,1000,temporal,2,19,19,-770.8170468403108,1.456722,0.967523,2.377435,3.181901,2.185264,4.115592,,26.209972,True
1,538,window_drift,42776,41085,42525,1440,4,5000,temporal,1,10,10,-422.8288432377532,1.345514,1.003578,2.144572,2.138013,1.328639,3.028779,,4.1078,True
1,538,window_drift,42776,41085,42525,1440,4,5000,static,2,72,72,-422.8288432377532,1.828014,1.445996,2.575945,2.127006,1.376832,3.150464,,4.1078,True
1,539,window_drift,43087,42527,42887,360,4,5000,static,1,22,22,578.4782649184995,1.378424,1.023718,2.183211,2.456234,1.613139,3.43921,,7.510434,True
1,539,window_drift,43087,42527,42887,360,4,5000,temporal,2,6,6,578.4782649184995,1.590244,1.275688,2.383564,1.923518,1.328919,2.862708,,7.510434,True
1,540,window_drift,38459,35530,38410,2880,4,1000,temporal,1,20,20,-687.8427368328807,1.676615,1.000021,2.452538,3.159787,2.138683,4.273941,,1.678548,True
1,540,window_drift,38459,35530,38410,2880,4,1000,static,2,146,146,-687.8427368328839,2.628995,1.330802,3.544238,4.030674,1.930689,5.159421,,1.678548,True
1,541,window_drift,40404,39562,40282,720,2,1000,static,1,21,21,-254.61382605109867,1.702564,1.304773,2.528312,2.854877,1.879081,3.872014,,1.015395,True
1,541,window_drift,40404,39562,40282,720,2,1000,temporal,2,4,4,-254.61382605109867,1.684918,1.123819,2.762136,2.203391,1.62676,3.198956,,1.015395,True
1,542,window_drift,37459,35673,37113,1440,2,200,temporal,1,6,6,-174.52420090954,1.339766,0.937257,2.116119,1.981897,1.35552,2.907296,,1.680911,True
1,542,window_drift,37459,35673,37113,1440,2,200,static,2,40,40,-174.52420090954,1.182979,0.642171,1.965251,1.728574,1.090409,2.456985,,1.680911,True
1,543,window_drift,41997,40442,41882,1440,8,1000,static,1,141,141,429.8660038923766,1.582082,1.233164,2.204734,2.597697,1.663775,3.326099,,2.532229,True
1,543,window_drift,41997,40442,41882,1440,8,1000,temporal,2,19,19,429.8660038923766,1.637215,1.090178,2.221979,2.352437,1.548041,3.055951,,2.532229,True
1,544,window_drift,40678,37521,40401,2880,6,1000,temporal,1,28,28,1131.805260778408,1.725559,1.257741,2.357194,3.076531,1.599738,3.753735,,2.035217,True
1,544,window_drift,40678,37521,40401,2880,6,1000,static,2,222,222,1131.805260778408,1.896708,1.142046,2.501492,2.111773,1.285513,2.777089,,2.035217,True
1,545,window_drift,42372,41599,42319,720,4,1000,static,1,38,38,789.9331360579233,1.547579,1.269639,2.159875,2.024711,1.493358,2.725411,,2.193807,True
1,545,window_drift,42372,41599,42319,720,4,1000,temporal,2,6,6,789.9331360579233,1.340797,0.960342,1.921275,2.042058,1.48827,2.737438,,2.193807,True
1,546,window_drift,39680,38077,39517,1440,6,5000,temporal,1,15,15,-431.10091780284847,2.788216,2.143,3.688286,3.252317,2.281409,4.091667,,26.091218,True
1,546,window_drift,39680,38077,39517,1440,6,5000,static,2,107,107,-431.10091780284847,1.84524,1.440918,2.507831,2.326417,1.530183,3.008418,,26.091218,True
1,547,window_drift,42593,42022,42382,360,2,1000,static,1,10,10,-291.6014575775425,1.010818,0.786018,1.638588,1.787243,1.458465,2.484486,,0.593868,True
1,547,window_drift,42593,42022,42382,360,2,1000,temporal,2,1,1,-291.6014575775425,0.876866,0.680458,1.437093,1.579569,1.052722,2.265425,,0.593868,True
1,548,window_drift,39289,36392,39272,2880,6,200,temporal,1,27,27,1037.4718106607645,2.311975,1.795965,3.157294,2.5463,1.343741,3.3595,,3.046506,True
1,548,window_drift,39289,36392,39272,2880,6,200,static,2,207,207,1037.471810660761,1.27012,0.629872,1.867563,3.059085,1.366896,3.72382,,3.046506,True
1,549,window_drift,38848,37860,38580,720,2,1000,static,1,21,21,-479.9871401498185,1.91803,1.499017,2.616576,1.848504,1.413277,2.518017,,0.950507,True
1,549,window_drift,38848,37860,38580,720,2,1000,temporal,2,3,3,-479.9871401498185,1.207355,0.918088,1.791679,1.63353,1.238493,2.354289,,0.950507,True
1,550,window_drift,43144,40173,43053,2880,2,5000,temporal,1,9,9,234.03541060177008,1.662864,1.245804,2.227057,3.507412,2.095929,4.497159,,0.745828,True
1,550,window_drift,43144,40173,43053,2880,2,5000,static,2,78,78,234.03541060176946,2.045272,1.472296,2.755156,2.889228,1.830928,3.606803,,0.745828,True
1,551,window_drift,38449,35502,38382,2880,6,1000,static,1,223,223,-854.5520591345357,2.431136,1.476503,3.163343,7.073574,2.508072,7.986705,,3.02207,True
1,551,window_drift,38449,35502,38382,2880,6,1000,temporal,2,28,28,-854.5520591345357,2.009668,1.380276,2.791851,3.031383,1.88547,3.806725,,3.02207,True
1,552,window_drift,42112,40352,41792,1440,8,1000,temporal,1,23,23,565.0393227817221,1.929688,1.485706,3.224265,2.306618,1.518126,3.093787,,4.743932,True
1,552,window_drift,42112,40352,41792,1440,8,1000,static,2,146,146,565.0393227817221,1.985692,1.141266,2.703167,2.463365,1.44855,3.192306,,4.743932,True
1,553,window_drift,37951,37188,37908,720,2,5000,static,1,21,21,422.0391417935675,1.758319,1.438294,2.588072,2.007685,1.385695,2.748355,,6.79288,True
1,553,window_drift,37951,37188,37908,720,2,5000,temporal,2,3,3,422.0391417935675,1.71994,1.321528,2.372087,1.778369,1.155567,2.620322,,6.79288,True
1,554,window_drift,41632,39947,41387,1440,4,1000,temporal,1,11,11,59.35152347688211,1.838119,1.104901,2.484747,3.177825,2.036339,3.976863,,1.940264,True
1,554,window_drift,41632,39947,41387,1440,4,1000,static,2,72,72,59.35152347688211,1.711037,1.33605,2.545328,2.67205,1.553299,25.963343,,1.940264,True
1,555,window_drift,40311,37328,40208,2880,6,5000,static,1,221,221,279.4552391916703,1.834073,1.063067,2.614533,2.609575,1.524926,3.70361,,1.11064,True
1,555,window_drift,40311,37328,40208,2880,6,5000,temporal,2,25,25,279.4552391916697,1.126413,0.842073,1.922046,3.898053,2.282631,5.022814,,1.11064,True
1,556,window_drift,38947,38188,38908,720,2,5000,temporal,1,3,3,-543.642814230841,1.831589,1.43547,2.728465,1.839931,1.42219,2.793683,,5.209556,True
1,556,window_drift,38947,38188,38908,720,2,5000,static,2,21,21,-543.642814230841,0.896395,0.693488,1.676325,1.300487,0.923566,2.166766,,5.209556,True
1,557,window_drift,38546,35550,38430,2880,2,5000,static,1,65,65,-358.9733947160617,1.211882,0.761271,1.97097,1.61377,1.01866,2.537246,,3.262172,True
1,557,window_drift,38546,35550,38430,2880,2,5000,temporal,2,9,9,-358.9733947160617,1.050558,0.619436,1.784688,2.947146,2.039113,3.946126,,3.262172,True
1,558,window_drift,37585,37016,37376,360,4,1000,temporal,1,2,2,-834.9041115167161,2.078602,1.65346,2.949509,1.739911,1.122707,2.504837,,3.226688,True
1,558,window_drift,37585,37016,37376,360,4,1000,static,2,16,16,-834.9041115167161,1.507198,1.195498,2.094587,1.81183,1.165823,2.509405,,3.226688,True
1,559,window_drift,39204,37691,39131,1440,4,200,static,1,73,73,346.54940940394397,1.265654,0.887803,1.84543,2.059403,1.251171,2.749898,,3.408753,True
1,559,window_drift,39204,37691,39131,1440,4,200,temporal,2,10,10,346.54940940394397,1.145922,0.896155,22.03859,2.542854,1.635502,3.380832,,3.408753,True
1,560,window_drift,42114,41043,41763,720,8,200,temporal,1,12,12,1.6109652557204406,1.797387,1.471044,2.756548,2.098422,1.437764,2.868297,,4.273631,True
1,560,window_drift,42114,41043,41763,720,8,200,static,2,70,70,1.6109652557204406,1.169729,0.844016,1.905651,1.575563,1.113745,2.275982,,4.273631,True
1,561,window_drift,38009,36333,37773,1440,4,1000,static,1,74,74,445.6740224798998,1.056598,0.708561,1.640991,1.991711,0.933281,2.762877,,1.829106,True
1,561,window_drift,38009,36333,37773,1440,4,1000,temporal,2,11,11,445.6740224798998,2.121618,1.762795,2.749868,1.815945,1.185442,2.485689,,1.829106,True
1,562,window_drift,41330,38426,41306,2880,6,1000,temporal,1,26,26,-1024.730880285544,2.20926,1.517194,2.83742,3.12225,1.635483,3.898865,,2.968108,True
1,562,window_drift,41330,38426,41306,2880,6,1000,static,2,220,220,-1024.730880285544,1.452916,0.785077,2.117121,4.783201,1.631957,5.507547,,2.968108,True
1,563,window_drift,41841,38621,41501,2880,6,1000,static,1,217,217,231.44202354862614,1.457534,0.804016,2.09664,5.268355,1.164631,6.092021,,2.931142,True
1,563,window_drift,41841,38621,41501,2880,6,1000,temporal,2,29,29,231.44202354862608,1.356401,1.029707,1.967665,5.440796,1.240004,6.212833,,2.931142,True
1,564,window_drift,41411,40507,41227,720,2,5000,temporal,1,3,3,-856.6352228058847,1.699038,1.371263,2.593992,2.16285,1.455521,3.089821,,24.024718,True
1,564,window_drift,41411,40507,41227,720,2,5000,static,2,17,17,-856.6352228058847,0.9455,0.69421,1.693381,1.461149,1.132803,2.6451,,24.024718,True
1,565,window_drift,41055,40379,40739,360,4,5000,static,1,22,22,1035.4617807261106,1.000793,0.744776,1.577405,1.430954,1.063808,2.101867,,1.92461,True
1,565,window_drift,41055,40379,40739,360,4,5000,temporal,2,6,6,1035.4617807261106,0.923917,0.686448,1.535872,2.527651,2.089529,3.32752,,1.92461,True
1,566,window_drift,37866,34740,37620,2880,8,1000,temporal,1,38,38,1345.1284822024068,1.736385,1.181887,2.655014,5.780669,1.45544,6.649333,,1.931331,True
1,566,window_drift,37866,34740,37620,2880,8,1000,static,2,287,287,1345.1284822024068,1.863657,0.955985,2.760734,3.529837,1.11143,4.538192,,1.931331,True
1,567,window_drift,42556,41021,42461,1440,4,1000,static,1,71,71,-479.3661830235293,2.188909,1.73268,3.004362,2.478688,1.559337,3.450997,,5.164578,True
1,567,window_drift,42556,41021,42461,1440,4,1000,temporal,2,10,10,-479.3661830235293,2.190392,1.725448,2.982139,2.48065,1.650135,3.41938,,5.164578,True
1,568,window_drift,41897,41019,41739,720,4,200,temporal,1,7,7,788.2461961222427,1.836857,1.485456,2.61237,2.954046,1.974375,3.964964,,3.371547,True
1,568,window_drift,41897,41019,41739,720,4,200,static,2,38,38,788.2461961222427,1.68634,1.321317,2.491657,3.020116,2.048076,22.610384,,3.371547,True
1,569,window_drift,39704,36542,39422,2880,4,200,static,1,143,143,-26.332436555250524,1.810557,1.323731,2.642586,6.295769,1.648622,7.306146,,4.114651,True
1,569,window_drift,39704,36542,39422,2880,4,200,temporal,2,18,18,-26.332436555250524,1.242098,0.934853,2.039273,6.15095,1.182528,7.090941,,4.114651,True
1,570,window_drift,38759,37242,38682,1440,8,200,temporal,1,20,20,179.13745466019225,2.282752,1.492107,3.143303,3.533532,2.562635,4.501576,,2.193246,True
1,570,window_drift,38759,37242,38682,1440,8,200,static,2,146,146,179.13745466019225,1.958871,1.571275,2.811641,6.899601,1.89157,7.948727,,2.193246,True
1,571,window_drift,41534,39756,41196,1440,6,1000,static,1,111,111,-454.7080289060691,1.93161,1.576804,2.751109,2.984402,1.770668,3.924213,,5.111267,True
1,571,window_drift,41534,39756,41196,1440,6,1000,temporal,2,16,16,-454.7080289060691,1.295329,0.789934,2.051472,2.914777,1.755163,3.818824,,5.111267,True
1,572,window_drift,38257,36726,38166,1440,4,1000,temporal,1,10,10,-201.3110487958386,1.363151,0.862895,22.603325,3.398989,2.461872,4.512553,,2.399087,True
1,572,window_drift,38257,36726,38166,1440,4,1000,static,2,72,72,-201.3110487958386,1.769415,1.099783,2.717579,3.028999,2.111963,3.997554,,2.399087,True
1,573,window_drift,43136,39995,42875,2880,2,1000,static,1,74,74,127.8990785108781,1.649934,1.036006,2.249151,2.401711,1.281387,3.079376,,3.880076,True
1,573,window_drift,43136,39995,42875,2880,2,1000,temporal,2,9,9,127.8990785108781,1.32925,0.984699,1.907594,2.120546,1.205452,2.827876,,3.880076,True
1,574,window_drift,41990,40546,41986,1440,4,200,temporal,1,11,11,134.56674444051237,1.399426,1.111581,2.267338,2.395061,1.676175,3.084774,,2.141147,True
1,574,window_drift,41990,40546,41986,1440,4,200,static,2,70,70,134.56674444051237,1.569282,1.043558,2.198183,2.220428,1.527729,2.896299,,2.141147,True
1,575,window_drift,40446,39649,40369,720,6,1000,static,1,54,54,1009.3838395216746,1.05875,0.838888,1.634632,2.097751,1.533118,2.781695,,2.001376,True
1,575,window_drift,40446,39649,40369,720,6,1000,temporal,2,9,9,1009.3838395216746,1.281348,1.03171,1.869086,2.185704,1.619739,2.859944,,2.001376,True
1,576,window_drift,43038,42443,42803,360,6,1000,temporal,1,9,9,-215.45136495311806,1.076408,0.87297,1.670225,1.948576,1.374809,2.629536,,1.891169,True
1,576,window_drift,43038,42443,42803,360,6,1000,static,2,32,32,-215.45136495311806,1.040643,0.789423,1.649314,1.780001,1.423733,2.759633,,1.891169,True
1,577,window_drift,38133,34959,37839,2880,4,5000,static,1,145,145,734.2732907865026,1.782816,0.967313,2.3678,3.855569,1.184451,4.546163,,2.885052,True
1,577,window_drift,38133,34959,37839,2880,4,5000,temporal,2,18,18,734.2732907865025,21.614409,21.056845,22.548912,2.721755,1.458265,3.600033,,2.885052,True
1,578,window_drift,38662,37024,38464,1440,8,200,temporal,1,20,20,-634.0623955479193,1.565867,1.245383,2.411586,2.115428,1.320747,3.175371,,5.831396,True
1,578,window_drift,38662,37024,38464,1440,8,200,static,2,146,146,-634.0623955479193,2.992925,1.702434,3.883201,2.570306,1.491665,3.507182,,5.831396,True
1,579,window_drift,43040,42538,42898,360,2,5000,static,1,11,11,281.85988157458445,0.977808,0.759478,1.763496,1.347257,1.030558,2.268549,,4.487264,True
1,579,window_drift,43040,42538,42898,360,2,5000,temporal,2,3,3,281.85988157458445,1.687942,1.365014,2.502904,1.707441,1.116659,2.5932,,4.487264,True
1,580,window_drift,38730,37655,38375,720,2,1000,temporal,1,3,3,326.8874082213026,1.367918,1.017088,2.187157,1.790577,1.268128,2.901467,,1.743015,True
1,580,window_drift,38730,37655,38375,720,2,1000,static,2,20,20,326.8874082213026,0.918058,0.623423,1.65328,1.418054,1.081074,2.352016,,1.743015,True
1,581,window_drift,39582,39183,39543,360,4,1000,static,1,19,19,-177.78266905331924,1.402891,1.148256,2.319086,1.768694,1.380497,2.706652,,2.23556,True
1,581,window_drift,39582,39183,39543,360,4,1000,temporal,2,2,2,-177.78266905331924,1.008364,0.728642,1.764238,1.81261,1.426687,2.763719,,2.23556,True
1,582,window_drift,42410,40936,42376,1440,2,1000,temporal,1,6,6,-207.03073137818072,1.305825,0.994193,2.086435,22.340906,1.725048,23.498907,,2.532028,True
1,582,window_drift,42410,40936,42376,1440,2,1000,static,2,34,34,-207.03073137818072,2.118463,1.627731,3.152165,2.236592,1.468881,3.259328,,2.532028,True
1,583,window_drift,41321,40959,41319,360,6,1000,static,1,31,31,-1476.6828184086448,2.129189,1.733741,2.938252,2.362552,1.775174,3.387762,,2.836659,True
1,583,window_drift,41321,40959,41319,360,6,1000,temporal,2,9,9,-1476.6828184086448,1.563163,1.221687,2.394891,2.300458,1.661793,3.2084,,2.836659,True
1,584,window_drift,39913,36825,39705,2880,6,1000,temporal,1,27,27,-1257.5552282028038,1.620831,1.027344,2.398667,6.855815,2.05668,7.834575,,2.025493,True
1,584,window_drift,39913,36825,39705,2880,6,1000,static,2,222,222,-1257.5552282028038,2.488532,1.432776,3.253428,7.173916,2.035127,8.035248,,2.025493,True
1,585,window_drift,42632,41600,42320,720,4,200,static,1,38,38,323.19103385008054,1.649113,1.32319,2.286887,2.417985,1.568561,3.153037,,6.656574,True
1,585,window_drift,42632,41600,42320,720,4,200,temporal,2,6,6,323.19103385008054,1.859842,1.508511,2.502604,1.852591,1.411434,2.531137,,6.656574,True
1,586,window_drift,38433,36921,38361,1440,4,5000,temporal,1,10,10,-358.52869541576274,23.337514,1.172102,24.051253,3.318918,2.296102,4.205318,,1.848295,True
1,586,window_drift,38433,36921,38361,1440,4,5000,static,2,73,73,-358.52869541576274,1.594882,1.205322,2.263042,2.127006,1.392675,2.825451,,1.848295,True
1,587,window_drift,42944,41464,42904,1440,6,200,static,1,105,105,426.3600518623848,1.478245,1.095306,2.065032,6.31665,2.205905,7.069178,,2.987357,True
1,587,window_drift,42944,41464,42904,1440,6,200,temporal,2,15,15,426.3600518623848,1.651357,1.052631,2.278595,2.249091,1.462211,2.954257,,2.987357,True
1,588,window_drift,40977,37959,40839,2880,4,1000,temporal,1,20,20,-329.46219962790775,1.943308,1.408169,2.536545,3.079876,1.855295,3.784222,,2.27506,True
1,588,window_drift,40977,37959,40839,2880,4,1000,static,2,144,144,-329.4621996279077,1.931149,1.119673,2.53941,2.965313,1.684567,3.651991,,2.27506,True
1,589,window_drift,42831,42413,42773,360,2,1000,static,1,10,10,-269.4741640890964,1.821303,1.483382,2.425897,2.125784,1.542823,2.812122,,5.089585,True
1,589,window_drift,42831,42413,42773,360,2,1000,temporal,2,3,3,-269.4741640890964,1.470734,1.050879,2.048176,1.636875,1.299174,2.309722,,5.089585,True
1,590,window_drift,40441,37475,40355,2880,8,5000,temporal,1,37,37,1353.2116773027958,1.43494,0.918258,2.009458,5.869734,1.325854,6.578496,,1.11749,True
1,590,window_drift,40441,37475,40355,2880,8,5000,static,2,288,288,1353.2116773027958,1.524314,1.160985,2.174417,22.753711,1.523053,23.538097,,1.11749,True
1,591,window_drift,38157,37173,37893,720,4,200,static,1,36,36,1066.149801665664,1.875796,1.493639,2.51322,2.378647,1.691087,3.085484,,2.278645,True
1,591,window_drift,38157,37173,37893,720,4,200,temporal,2,5,5,1066.149801665664,1.370261,1.075206,1.975898,2.363323,1.54799,3.02219,,2.278645,True
1,592,window_drift,40621,39691,40411,720,2,200,temporal,1,3,3,190.3996241960686,1.347688,0.973001,1.949668,2.032282,1.434429,2.699641,,2.12325,True
1,592,window_drift,40621,39691,40411,720,2,200,static,2,17,17,190.3996241960686,1.17744,0.862784,1.774773,1.846151,1.355549,2.531568,,2.12325,True
1,593,window_drift,40478,38859,40299,1440,4,1000,static,1,72,72,256.47399237259856,1.591245,1.156148,2.228399,2.393409,1.608572,3.185136,,2.084962,True
1,593,window_drift,40478,38859,40299,1440,4,1000,temporal,2,9,9,256.47399237259856,1.446297,1.070779,2.094187,2.335811,1.571326,3.00271,,2.084962,True
1,594,window_drift,42737,39502,42382,2880,4,1000,temporal,1,20,20,-786.6826679181737,1.479687,1.087865,2.234769,3.929981,2.059654,4.794939,,3.993939,True
1,594,window_drift,42737,39502,42382,2880,4,1000,static,2,143,143,-786.6826679181731,1.751688,1.281147,2.446208,2.54641,1.570274,3.251836,,3.993939,True
1,595,window_drift,39797,38069,39509,1440,2,1000,static,1,40,40,-142.52594864465095,1.833342,1.371674,2.418316,2.294609,1.598077,3.037022,,2.519229,True
1,595,window_drift,39797,38069,39509,1440,2,1000,temporal,2,5,5,-142.52594864465095,1.762224,1.32894,2.359257,22.165802,1.872771,23.10981,,2.519229,True
1,596,window_drift,38441,37407,38127,720,2,1000,temporal,1,2,2,844.0158394842327,2.269782,1.932471,2.916519,2.633732,2.139595,3.358098,,2.1434,True
1,596,window_drift,38441,37407,38127,720,2,1000,static,2,16,16,844.0158394842327,1.370922,1.064059,1.981115,2.271915,1.657206,3.012605,,2.1434,True
1,597,window_drift,42056,41157,41877,720,2,1000,static,1,20,20,292.0280694579925,2.072594,1.729134,2.756838,2.10976,1.619268,2.826273,,2.305756,True
1,597,window_drift,42056,41157,41877,720,2,1000,temporal,2,3,3,292.0280694579925,1.392736,1.066903,2.153035,1.839181,1.24369,2.504937,,2.305756,True
1,598,window_drift,39231,36067,38947,2880,2,1000,temporal,1,10,10,207.22923457228075,2.622094,2.200396,3.259017,1.740401,1.147866,2.479829,,2.019113,True
1,598,window_drift,39231,36067,38947,2880,2,1000,static,2,80,80,207.22923457228072,1.150569,0.793469,1.730256,1.92468,1.004198,2.651699,,2.019113,True
1,599,window_drift,42039,41263,41983,720,4,1000,static,1,38,38,1684.672288482942,1.452135,1.156488,2.293598,1.648222,1.081015,2.436453,,4.124676,True
1,599,window_drift,42039,41263,41983,720,4,1000,temporal,2,6,6,1684.672288482942,1.372695,1.17712,2.025071,1.500268,1.147445,2.299837,,4.124676,True
2,0,calibration,11546,10857,11217,360,8,200,static,1,47,47,2064.5093283245196,1.810847,1.523033,2.475924,1.646599,1.255649,2.457225,,2.342091,True
2,0,calibration,11546,10857,11217,360,8,200,temporal,2,13,13,2064.5093283245196,0.985831,0.814732,1.598056,1.517484,1.036357,2.220037,,2.342091,True
2,1,calibration,10500,10394,10454,60,6,1000,temporal,1,3,3,-260.32490386771076,1.738148,1.451945,2.973656,3.864432,2.93718,5.207863,,25.451996,True
2,1,calibration,10500,10394,10454,60,6,1000,static,2,8,8,-260.32490386771076,1.213474,0.989165,2.370474,2.055337,1.416071,3.125936,,25.451996,True
2,2,calibration,4992,4556,4736,180,2,1000,static,1,7,7,-185.8650546244482,1.156939,0.967172,2.016479,1.770457,1.108416,2.696607,,2.274799,True
2,2,calibration,4992,4556,4736,180,2,1000,temporal,2,3,3,-185.8650546244482,0.983988,0.77991,1.742665,1.393046,1.192853,2.239536,,2.274799,True
2,3,calibration,7147,6519,6879,360,4,200,temporal,1,7,7,540.7113543480731,0.940903,0.776124,1.744497,1.453117,1.013753,2.383434,,0.881272,True
2,3,calibration,7147,6519,6879,360,4,200,static,2,22,22,540.7113543480731,0.976587,0.802784,1.732299,1.389621,1.120244,2.330363,,0.881272,True
2,4,calibration,3077,2608,2968,360,4,1000,static,1,15,15,922.49225014919,2.009488,1.698508,2.821786,1.50119,1.176109,2.40773,,2.067837,True
2,4,calibration,3077,2608,2968,360,4,1000,temporal,2,2,2,922.49225014919,1.604245,1.341468,2.473279,1.586269,1.139203,2.570436,,2.067837,True
2,5,calibration,3799,3308,3668,360,4,5000,temporal,1,2,2,-994.3817051020093,1.048325,0.870977,1.85216,2.717098,2.173536,3.745323,,2.419067,True
2,5,calibration,3799,3308,3668,360,4,5000,static,2,16,16,-994.3817051020093,1.026992,0.854602,1.92462,1.347207,1.033883,2.368781,,2.419067,True
2,6,calibration,10172,9317,10037,720,4,200,static,1,36,36,1566.6455861265904,2.16949,1.767342,3.261732,2.312196,1.81217,3.415544,,25.096574,True
2,6,calibration,10172,9317,10037,720,4,200,temporal,2,7,7,1566.6455861265904,1.209338,1.052962,2.128368,1.710687,1.373707,2.687914,,25.096574,True
2,7,calibration,7212,5677,7117,1440,2,200,temporal,1,5,5,107.05222663388474,1.861354,1.529653,2.627623,2.16938,1.453598,3.0291,,6.007548,True
2,7,calibration,7212,5677,7117,1440,2,200,static,2,32,32,107.05222663388474,1.525627,1.014654,2.153425,1.466647,1.030508,2.133165,,6.007548,True
2,8,calibration,4936,4671,4851,180,6,1000,static,1,15,15,-905.3854869481206,1.718859,1.46851,2.393699,1.664506,1.311824,2.378537,,4.104816,True
2,8,calibration,4936,4671,4851,180,6,1000,temporal,2,3,3,-905.3854869481206,0.840261,0.703544,1.398114,1.26972,1.005,1.938661,,4.104816,True
2,9,calibration,11052,10556,10736,180,2,200,temporal,1,2,2,-47.375486486909224,1.239323,1.01238,1.835585,1.570915,1.319004,2.262881,,2.08348,True
2,9,calibration,11052,10556,10736,180,2,200,static,2,6,6,-47.375486486909224,0.858418,0.700208,1.407008,1.44178,1.005841,2.098743,,2.08348,True
2,10,calibration,6365,6270,6330,60,6,200,static,1,9,9,-273.2894094962925,0.81362,0.666077,1.380968,2.170802,1.600019,2.866044,,2.102869,True
2,10,calibration,6365,6270,6330,60,6,200,temporal,2,3,3,-273.2894094962925,0.969165,0.811727,1.578616,1.543103,1.259865,2.19608,,2.102869,True
2,11,calibration,3641,3079,3439,360,2,200,temporal,1,1,1,120.08719073242683,0.9192,0.765247,1.544966,1.245253,1.013693,1.943438,,1.99082,True
2,11,calibration,3641,3079,3439,360,2,200,static,2,7,7,120.08719073242683,0.788202,0.651965,23.425326,2.160657,1.517174,3.212107,,1.99082,True
2,12,calibration,11349,9779,11219,1440,6,200,static,1,113,113,162.68273110021778,2.227548,1.407618,2.846353,3.443326,2.42778,4.393973,,0.89961,True
2,12,calibration,11349,9779,11219,1440,6,200,temporal,2,15,15,162.68273110021778,1.365073,1.076017,1.964541,4.650081,1.40885,5.375067,,0.89961,True
2,13,calibration,1552,1181,1541,360,4,1000,temporal,1,2,2,928.4819678301225,1.02498,0.852439,1.655083,2.223701,1.814333,2.913094,,7.333798,True
2,13,calibration,1552,1181,1541,360,4,1000,static,2,18,18,928.4819678301225,1.211411,1.019041,1.798029,1.483513,1.1839,2.191633,,7.333798,True
2,14,calibration,8318,8056,8116,60,6,1000,static,1,9,9,305.4927254077687,0.994343,0.824577,1.598847,1.749114,1.446697,2.432528,,1.460147,True
2,14,calibration,8318,8056,8116,60,6,1000,temporal,2,7,7,305.4927254077687,0.881483,0.726909,1.47526,1.298543,1.08478,2.077761,,1.460147,True
2,15,calibration,9545,9300,9360,60,2,5000,temporal,1,1,1,88.55991454957393,0.886741,0.733148,1.443893,1.358964,1.161476,2.014846,,1.832481,True
2,15,calibration,9545,9300,9360,60,2,5000,static,2,3,3,88.55991454957393,1.470724,1.223079,2.045553,1.366065,1.150619,2.048988,,1.832481,True
2,16,calibration,6185,5657,6017,360,8,200,static,1,42,42,875.7331900596046,1.315038,1.118141,1.926403,2.062949,1.630294,2.753312,,1.994626,True
2,16,calibration,6185,5657,6017,360,8,200,temporal,2,12,12,875.7331900596046,1.072171,0.840631,1.660381,1.531966,1.108456,2.413679,,1.994626,True
2,17,calibration,6988,5346,6786,1440,2,200,temporal,1,6,6,166.7683671893567,21.341806,0.798257,22.757778,3.271517,2.590436,5.452865,,1.620129,True
2,17,calibration,6988,5346,6786,1440,2,200,static,2,33,33,166.7683671893567,1.962017,1.423762,2.814706,1.715384,1.155387,2.452137,,1.620129,True
2,18,calibration,8312,7671,8031,360,6,200,static,1,30,30,-252.5132757967998,1.307998,1.127475,1.91202,2.437265,1.696314,3.246609,,1.767943,True
2,18,calibration,8312,7671,8031,360,6,200,temporal,2,5,5,-252.5132757967998,1.03219,0.857617,1.655282,1.735444,1.372605,2.412187,,1.767943,True
2,19,calibration,6009,4291,5731,1440,4,200,temporal,1,11,11,362.62909676366627,1.217371,0.959871,1.859762,1.77289,1.239514,2.491116,,1.38232,True
2,19,calibration,6009,4291,5731,1440,4,200,static,2,73,73,362.62909676366627,1.545487,1.229629,2.150041,1.787703,1.232173,2.444987,,1.38232,True
2,20,calibration,1798,1534,1714,180,6,1000,static,1,20,20,733.749027567594,0.965109,0.801312,1.603364,1.697978,1.366776,2.635444,,1.790677,True
2,20,calibration,1798,1534,1714,180,6,1000,temporal,2,9,9,733.749027567594,0.982405,0.819429,1.655823,1.421289,1.128216,2.246086,,1.790677,True
2,21,calibration,4530,3079,4519,1440,4,200,temporal,1,9,9,216.57709096920098,1.235768,1.0124,1.813152,1.742545,1.192743,2.568904,,1.672899,True
2,21,calibration,4530,3079,4519,1440,4,200,static,2,71,71,216.57709096920098,1.239183,1.032211,2.142309,2.356683,1.708944,3.132246,,1.672899,True
2,22,calibration,12329,11899,12259,360,6,1000,static,1,27,27,766.187088320966,1.286244,1.07181,1.929537,1.502081,1.150419,2.224213,,1.812501,True
2,22,calibration,12329,11899,12259,360,6,1000,temporal,2,3,3,766.187088320966,1.347407,1.18414,2.022038,2.276231,1.77936,3.069441,,1.812501,True
2,23,calibration,12046,11789,11849,60,2,1000,temporal,1,1,1,-109.37571331199807,2.077321,1.821094,2.709346,1.879051,1.618307,2.583045,,2.866133,True
2,23,calibration,12046,11789,11849,60,2,1000,static,2,1,1,-109.37571331199807,1.34965,1.156158,1.918731,1.504555,1.293326,2.266868,,2.866133,True
2,24,calibration,8233,7969,8029,60,2,1000,static,1,1,1,64.37612776419452,1.269569,1.039171,2.095107,2.207898,1.701974,3.104784,,2.834645,True
2,24,calibration,8233,7969,8029,60,2,1000,temporal,2,1,1,64.37612776419452,1.062787,0.857506,1.682734,1.820682,1.624977,2.583356,,2.834645,True
2,25,calibration,4954,4812,4872,60,8,1000,temporal,1,4,4,-367.94384815092155,1.862266,1.548611,2.580031,1.55391,1.309259,2.257443,,1.426157,True
2,25,calibration,4954,4812,4872,60,8,1000,static,2,9,9,-367.94384815092155,1.529743,1.344603,2.126295,1.261397,1.049597,1.952802,,1.426157,True
2,26,calibration,12973,11996,12716,720,4,1000,static,1,39,39,1661.7116666897946,1.464855,1.244021,2.095438,1.702454,1.206464,2.393068,,1.723786,True
2,26,calibration,12973,11996,12716,720,4,1000,temporal,2,7,7,1661.7116666897946,0.877867,0.719958,1.457243,2.000214,1.470313,2.694123,,1.723786,True
2,27,calibration,3621,3231,3291,60,2,200,temporal,1,1,1,-8.73726026325311,0.862264,0.741541,1.400627,1.546929,1.339565,2.25544,,1.358414,True
2,27,calibration,3621,3231,3291,60,2,200,static,2,2,2,-8.73726026325311,0.804306,0.686568,1.538566,1.292534,1.101085,2.587122,,1.358414,True
2,28,calibration,6092,4330,5770,1440,2,200,static,1,32,32,183.89749210262613,1.372245,0.683684,1.98389,1.44849,1.001334,2.099425,,1.341208,True
2,28,calibration,6092,4330,5770,1440,2,200,temporal,2,4,4,183.89749210262613,2.039564,1.511475,27.585175,2.955949,1.966053,3.979326,,1.341208,True
2,29,calibration,12544,12230,12410,180,4,1000,temporal,1,6,6,716.5181006359155,1.339666,1.168917,2.022518,1.509282,1.225082,2.204453,,1.953624,True
2,29,calibration,12544,12230,12410,180,4,1000,static,2,12,12,716.5181006359155,1.11775,0.97854,1.801444,2.196932,1.621111,3.852489,,1.953624,True
2,30,calibration,9463,9070,9250,180,4,1000,static,1,9,9,-556.2984556605985,1.54095,1.384593,2.176401,2.150181,1.766821,2.886234,,1.382561,True
2,30,calibration,9463,9070,9250,180,4,1000,temporal,2,2,2,-556.2984556605985,1.879892,1.694491,2.604267,1.775144,1.436722,2.481531,,1.382561,True
2,31,calibration,12700,12005,12365,360,4,200,temporal,1,4,4,1051.559508743971,1.69987,1.517114,2.335752,1.769515,1.450574,2.474611,,1.420778,True
2,31,calibration,12700,12005,12365,360,4,200,static,2,19,19,1051.559508743971,1.541931,1.367187,2.141779,1.921204,1.425775,2.600882,,1.420778,True
2,32,calibration,10455,8674,10114,1440,2,1000,static,1,34,34,-130.30182919381934,1.586138,1.050378,2.157772,2.31508,1.714673,3.00295,,1.32921,True
2,32,calibration,10455,8674,10114,1440,2,1000,temporal,2,6,6,-130.30182919381934,1.094895,0.852309,1.707061,2.522734,1.7861,3.209382,,1.32921,True
2,33,calibration,1456,464,1184,720,2,1000,temporal,1,3,3,-792.0655710968272,1.002135,0.836515,1.568772,1.548701,1.172603,2.247458,,1.602563,True
2,33,calibration,1456,464,1184,720,2,1000,static,2,18,18,-792.0655710968272,1.628422,1.390853,2.199285,2.299227,1.850438,2.993697,,1.602563,True
2,34,calibration,9490,8976,9336,360,4,5000,static,1,18,18,-484.8664213922197,1.163569,0.957598,24.435324,3.276173,2.621714,4.584161,,1.559889,True
2,34,calibration,9490,8976,9336,360,4,5000,temporal,2,2,2,-484.8664213922197,1.603704,1.330872,2.351365,3.555706,2.806964,4.317758,,1.559889,True
2,35,calibration,13484,13225,13405,180,2,200,temporal,1,1,1,92.75987937168527,1.787592,1.554991,2.364655,2.5598,2.085513,3.338548,,2.288781,True
2,35,calibration,13484,13225,13405,180,2,200,static,2,5,5,92.75987937168527,1.313917,1.096097,1.909007,2.59312,1.851149,3.26747,,2.288781,True
2,36,calibration,3884,3807,3867,60,6,1000,static,1,8,8,-145.33442372707484,1.93779,1.718719,2.65231,2.363464,1.680981,3.230625,,2.335331,True
2,36,calibration,3884,3807,3867,60,6,1000,temporal,2,3,3,-145.33442372707484,1.54116,1.380768,2.230723,2.210723,1.717657,3.099406,,2.335331,True
2,37,calibration,11723,11324,11504,180,6,1000,temporal,1,4,4,-803.9557796618274,1.692428,1.469161,2.33486,2.195239,1.61411,2.951452,,2.167036,True
2,37,calibration,11723,11324,11504,180,6,1000,static,2,14,14,-803.9557796618274,1.650065,1.407628,2.291204,2.257823,1.810227,2.991412,,2.167036,True
2,38,calibration,10176,9752,9932,180,4,1000,static,1,9,9,531.7321997347375,1.112963,0.926721,1.793411,2.778211,2.310163,3.754407,,1.497344,True
2,38,calibration,10176,9752,9932,180,4,1000,temporal,2,2,2,531.7321997347375,1.518856,1.321257,2.227678,1.694321,1.441629,2.343773,,1.497344,True
2,39,calibration,10391,8668,10108,1440,8,200,temporal,1,22,22,-603.7264530891218,1.848214,1.480098,2.508273,2.077961,1.357021,22.912451,,1.360397,True
2,39,calibration,10391,8668,10108,1440,8,200,static,2,148,148,-603.7264530891218,2.671068,1.938771,3.480482,2.662135,1.67961,3.410346,,1.360397,True
2,40,calibration,11301,10786,11146,360,6,1000,static,1,34,34,1759.535604400289,1.519547,1.220095,2.312857,2.421011,1.899102,3.086687,,2.834856,True
2,40,calibration,11301,10786,11146,360,6,1000,temporal,2,9,9,1759.535604400289,2.142259,1.845139,2.720222,1.787813,1.42219,2.455773,,2.834856,True
2,41,calibration,6847,6468,6648,180,8,200,temporal,1,7,7,232.541203066859,1.504204,1.300877,2.136761,2.029388,1.701152,2.779251,,3.306509,True
2,41,calibration,6847,6468,6648,180,8,200,static,2,23,23,232.541203066859,1.182719,1.020973,1.780502,2.123631,1.598788,2.792913,,3.306509,True
2,42,calibration,1606,605,1325,720,2,5000,static,1,21,21,-634.3782780019221,1.241587,1.027404,1.828194,1.95815,1.543694,2.657097,,1.643235,True
2,42,calibration,1606,605,1325,720,2,5000,temporal,2,3,3,-634.3782780019221,1.17097,0.975915,1.734102,2.016128,1.462321,2.695235,,1.643235,True
2,43,calibration,8806,7898,8618,720,4,200,temporal,1,9,9,1562.5727039891028,1.087575,0.878639,1.666059,2.290934,1.731498,2.980666,,3.668937,True
2,43,calibration,8806,7898,8618,720,4,200,static,2,39,39,1562.5727039891028,1.219554,0.972401,1.811568,1.903187,1.390002,2.57341,,3.668937,True
2,44,calibration,6256,5619,5979,360,4,200,static,1,23,23,1025.9528561406523,0.97224,0.825898,1.522291,1.510053,1.114335,2.204693,,1.618697,True
2,44,calibration,6256,5619,5979,360,4,200,temporal,2,6,6,1025.9528561406523,0.858348,0.732798,1.398314,1.452396,1.030508,2.154798,,1.618697,True
2,45,calibration,6455,5840,6200,360,2,200,temporal,1,3,3,-502.93902721298264,21.19817,20.864395,21.876586,1.774122,1.484645,2.548453,,1.467138,True
2,45,calibration,6455,5840,6200,360,2,200,static,2,12,12,-502.93902721298264,1.168737,0.979191,1.87805,1.400848,1.152913,2.066314,,1.467138,True
2,46,calibration,2142,1908,2088,180,2,1000,static,1,8,8,-279.82939526592276,1.146964,1.006251,1.737777,1.591486,1.308689,2.293047,,2.458838,True
2,46,calibration,2142,1908,2088,180,2,1000,temporal,2,2,2,-279.82939526592276,1.597696,1.330101,2.170562,1.560019,1.209239,2.210892,,2.458838,True
2,47,calibration,2995,1366,2806,1440,4,200,temporal,1,11,11,315.1490761527713,1.078811,0.854431,1.676354,1.571566,1.110519,2.439038,,1.830027,True
2,47,calibration,2995,1366,2806,1440,4,200,static,2,72,72,315.1490761527713,2.146876,1.855225,2.750268,1.806541,1.176108,2.511147,,1.830027,True
2,48,calibration,5455,5137,5317,180,2,200,static,1,6,6,-216.4453259129222,0.977608,0.801972,1.557415,1.480889,1.119322,2.139935,,1.696194,True
2,48,calibration,5455,5137,5317,180,2,200,temporal,2,1,1,-216.4453259129222,0.790835,0.628621,1.348289,1.317121,1.108596,2.160516,,1.696194,True
2,49,calibration,13644,13252,13432,180,2,200,temporal,1,1,1,36.99000173291792,1.163078,0.708731,1.760192,1.456793,1.093363,2.140597,,2.169691,True
2,49,calibration,13644,13252,13432,180,2,200,static,2,5,5,36.99000173291792,1.291142,1.149548,1.923278,1.433287,1.074515,2.123591,,2.169691,True
2,50,calibration,4498,3694,4414,720,4,200,static,1,36,36,937.3442735019644,1.566469,1.260085,2.279517,2.470585,1.971511,3.18846,,1.675494,True
2,50,calibration,4498,3694,4414,720,4,200,temporal,2,5,5,937.3442735019644,1.286214,1.084821,1.892872,124.291811,121.922659,125.471089,,1.675494,True
2,51,calibration,12479,12277,12457,180,4,1000,temporal,1,5,5,451.4376269576293,2.492238,2.230172,3.162742,3.868028,2.962278,4.655008,,3.626663,True
2,51,calibration,12479,12277,12457,180,4,1000,static,2,15,15,451.4376269576293,1.546718,1.22968,2.246957,1.577445,1.295138,2.402362,,3.626663,True
2,52,calibration,4984,4443,4803,360,2,1000,static,1,9,9,-98.98462389611458,0.970578,0.813019,1.613439,1.338353,1.109097,2.037019,,1.460608,True
2,52,calibration,4984,4443,4803,360,2,1000,temporal,2,2,2,-98.98462389611458,0.795212,0.570302,1.371814,1.298353,0.953382,2.006604,,1.460608,True
2,53,calibration,9119,8440,8800,360,4,5000,temporal,1,7,7,266.2309982803285,1.498957,1.238302,2.1691,1.855375,1.429341,2.661103,,2.118102,True
2,53,calibration,9119,8440,8800,360,4,5000,static,2,23,23,266.2309982803285,0.97258,0.765667,1.599018,1.576964,1.191962,2.654283,,2.118102,True
2,54,calibration,10301,8529,9969,1440,2,1000,static,1,39,39,123.5859805167778,0.99854,0.755352,1.656484,2.073945,1.390693,2.756258,,1.282409,True
2,54,calibration,10301,8529,9969,1440,2,1000,temporal,2,5,5,123.5859805167778,0.95238,0.719698,1.523774,1.780161,1.167385,2.431406,,1.282409,True
2,55,calibration,11632,9985,11425,1440,2,200,temporal,1,6,6,-76.87232444003189,1.148096,0.737155,1.700621,1.963579,1.546168,2.706392,,1.17735,True
2,55,calibration,11632,9985,11425,1440,2,200,static,2,40,40,-76.87232444003189,1.11171,0.868453,1.698868,1.535672,1.065932,2.188079,,1.17735,True
2,56,calibration,6176,5700,6060,360,2,200,static,1,10,10,232.1531587198005,0.980933,0.791897,1.652147,1.517004,1.121465,2.175069,,1.623705,True
2,56,calibration,6176,5700,6060,360,2,200,temporal,2,3,3,232.1531587198005,0.838097,0.653247,1.393567,1.627551,1.25029,2.356162,,1.623705,True
2,57,calibration,7491,7025,7205,180,2,1000,temporal,1,1,1,317.0017790401305,0.862915,0.705407,1.483173,2.039513,1.583915,2.770548,,1.624075,True
2,57,calibration,7491,7025,7205,180,2,1000,static,2,6,6,317.0017790401305,1.161366,0.970397,1.914164,1.763706,1.46801,17.574271,,1.624075,True
2,58,calibration,13760,13175,13535,360,2,1000,static,1,12,12,351.1267815486589,0.955795,0.770054,1.559348,1.750957,1.387959,2.437075,,1.504745,True
2,58,calibration,13760,13175,13535,360,2,1000,temporal,2,1,1,351.1267815486589,0.9257,0.748031,1.485696,1.414949,1.160956,2.107516,,1.504745,True
2,59,calibration,6011,5237,5957,720,6,5000,temporal,1,8,8,2348.4912807073433,1.614401,1.404213,2.223081,1.805229,1.357282,2.507972,,1.449671,True
2,59,calibration,6011,5237,5957,720,6,5000,static,2,57,57,2348.4912807073433,0.910266,0.716003,2.1765,1.692239,1.254206,2.438086,,1.449671,True
2,60,calibration,9847,9066,9786,720,2,200,static,1,16,16,784.7331011818119,1.122797,0.858268,1.773381,1.450152,1.162408,2.128337,,3.255843,True
2,60,calibration,9847,9066,9786,720,2,200,temporal,2,3,3,784.7331011818119,0.728721,0.563071,1.301428,1.639008,1.280947,2.357024,,3.255843,True
2,61,calibration,2941,1413,2853,1440,4,200,temporal,1,11,11,361.50762426027137,1.049797,0.82028,1.647711,1.954625,1.267186,2.640092,,1.486207,True
2,61,calibration,2941,1413,2853,1440,4,200,static,2,72,72,361.5076242602697,0.982796,0.764926,1.943008,1.772419,1.231222,2.479268,,1.486207,True
2,62,calibration,11276,10849,11209,360,4,1000,static,1,24,24,862.1587115635346,1.155537,0.978199,1.750256,1.674181,1.38247,2.343223,,1.837949,True
2,62,calibration,11276,10849,11209,360,4,1000,temporal,2,6,6,862.1587115635346,0.910918,0.7802,1.463733,1.265703,1.020202,1.920644,,1.837949,True
2,63,calibration,10928,10301,10661,360,2,200,temporal,1,1,1,-490.80248707917934,0.786228,0.6479,1.372295,1.165432,0.954173,1.801734,,1.239374,True
2,63,calibration,10928,10301,10661,360,2,200,static,2,7,7,-490.80248707917934,1.141756,0.927953,1.800803,1.323782,1.065041,1.993535,,1.239374,True
2,64,calibration,5432,3848,5288,1440,2,200,static,1,41,41,-41.409575798993785,2.132154,1.776686,2.860695,1.773932,1.12427,2.477195,,1.210661,True
2,64,calibration,5432,3848,5288,1440,2,200,temporal,2,5,5,-41.409575798993785,1.701312,1.33612,2.311405,1.836467,1.24978,2.538127,,1.210661,True
2,65,calibration,12841,11886,12606,720,4,200,temporal,1,6,6,1664.4505403035957,1.437674,1.032331,2.259075,2.445467,1.914755,3.245948,,13.307074,True
2,65,calibration,12841,11886,12606,720,4,200,static,2,38,38,1664.4505403035957,0.982936,0.790105,1.613409,1.691888,1.241967,2.452874,,13.307074,True
2,66,calibration,12204,12082,12142,60,2,1000,static,1,4,4,78.96427219840236,1.068956,0.860501,1.720952,2.448643,1.989628,3.198646,,2.144212,True
2,66,calibration,12204,12082,12142,60,2,1000,temporal,2,1,1,78.96427219840236,1.249199,1.093212,1.822625,2.278615,1.665869,2.94397,,2.144212,True
2,67,calibration,9562,9193,9253,60,4,200,temporal,1,2,2,-6.276627559684787,1.348418,1.13764,1.995422,1.508591,1.288979,2.252185,,1.429806,True
2,67,calibration,9562,9193,9253,60,4,200,static,2,7,7,-6.276627559684787,0.878337,0.73405,1.432386,1.095927,0.926491,1.809766,,1.429806,True
2,68,calibration,6266,5955,6135,180,2,5000,static,1,5,5,-61.87695300219841,1.301938,1.089227,1.985722,1.53435,1.105942,2.230843,,1.4414,True
2,68,calibration,6266,5955,6135,180,2,5000,temporal,2,1,1,-61.87695300219841,0.807962,0.666658,1.478175,1.947775,1.60734,2.921177,,1.4414,True
2,69,calibration,2216,1634,1994,360,2,200,temporal,1,3,3,-1.7563139587625627,1.121245,0.934002,1.743436,1.497144,1.206765,2.15634,,1.321057,True
2,69,calibration,2216,1634,1994,360,2,200,static,2,11,11,-1.7563139587625627,1.081976,0.861362,1.674451,1.727312,1.102296,2.38806,,1.321057,True
2,70,calibration,5659,4828,5548,720,2,1000,static,1,14,14,201.22368619423858,0.898088,0.724245,1.45494,1.559859,1.168286,2.229431,,1.444194,True
2,70,calibration,5659,4828,5548,720,2,1000,temporal,2,3,3,201.22368619423858,0.812409,0.658606,1.376241,1.995136,1.590765,2.674113,,1.444194,True
2,71,calibration,8696,8408,8588,180,2,200,temporal,1,1,1,-20.723292170564925,1.030367,0.857616,1.705529,2.303863,1.666259,3.03622,,6.11158,True
2,71,calibration,8696,8408,8588,180,2,200,static,2,4,4,-20.723292170564925,0.861322,0.705396,17.188738,2.248329,1.95151,3.060827,,6.11158,True
2,72,calibration,7111,6587,6767,180,6,200,static,1,24,24,352.2592791825575,1.290001,1.086753,1.896908,1.780282,1.241177,2.468111,,1.850338,True
2,72,calibration,7111,6587,6767,180,6,200,temporal,2,9,9,352.2592791825575,1.561581,1.301628,2.352957,2.601594,1.968516,3.363585,,1.850338,True
2,73,calibration,11935,11650,11830,180,4,200,temporal,1,5,5,-573.3101976507509,1.111761,0.894643,1.727281,1.593899,1.277852,2.300398,,1.537564,True
2,73,calibration,11935,11650,11830,180,4,200,static,2,13,13,-573.3101976507509,0.915955,0.742202,1.539617,1.337893,1.073543,2.007284,,1.537564,True
2,74,calibration,5252,4724,5084,360,2,200,static,1,10,10,-554.7338667361411,1.172653,0.97261,1.75877,1.486408,1.243691,2.228891,,1.695764,True
2,74,calibration,5252,4724,5084,360,2,200,temporal,2,2,2,-554.7338667361411,1.007403,0.816955,1.747603,1.777908,1.44893,2.439008,,1.695764,True
2,75,calibration,2454,1921,2101,180,6,1000,temporal,1,4,4,-503.9431932413006,0.995976,0.815783,1.666549,1.666079,1.330852,2.393629,,1.447268,True
2,75,calibration,2454,1921,2101,180,6,1000,static,2,18,18,-503.9431932413006,1.277071,1.090639,1.869276,1.624737,1.344242,2.290713,,1.447268,True
2,76,calibration,1591,1398,1578,180,6,200,static,1,21,21,908.8566772565194,1.189769,0.986552,2.532469,1.881985,1.493918,2.777188,,4.605182,True
2,76,calibration,1591,1398,1578,180,6,200,temporal,2,9,9,908.8566772565194,0.968284,0.763484,1.833753,1.912281,1.421088,2.828256,,4.605182,True
2,77,calibration,10063,9057,9777,720,2,200,temporal,1,3,3,223.07504215003576,0.951368,0.778837,1.500438,1.526668,1.21008,2.411656,,0.74726,True
2,77,calibration,10063,9057,9777,720,2,200,static,2,21,21,223.07504215003576,0.774731,0.616132,1.341679,23.874586,1.321818,24.783721,,0.74726,True
2,78,calibration,13340,11624,13064,1440,4,5000,static,1,74,74,-365.658899011357,1.333766,1.01864,1.962638,2.724219,2.005842,3.542285,,5.922344,True
2,78,calibration,13340,11624,13064,1440,4,5000,temporal,2,12,12,-365.658899011357,1.662684,1.310271,2.27494,1.879762,1.318854,2.600362,,5.922344,True
2,79,calibration,5092,4966,5026,60,2,5000,temporal,1,1,1,-121.84684890531095,1.09176,0.910918,1.675924,1.311643,1.126884,2.198393,,1.767152,True
2,79,calibration,5092,4966,5026,60,2,5000,static,2,3,3,-121.84684890531095,1.128386,0.918769,1.736205,1.596383,1.356491,2.271103,,1.767152,True
2,80,calibration,3751,3495,3675,180,2,1000,static,1,3,3,-313.9820281364275,1.428259,1.186363,2.024501,1.555091,1.279544,2.209721,,1.546729,True
2,80,calibration,3751,3495,3675,180,2,1000,temporal,2,1,1,-313.9820281364275,1.159263,0.954443,1.731488,1.828584,1.265644,2.49967,,1.546729,True
2,81,calibration,2679,2188,2368,180,8,1000,temporal,1,12,12,-1448.5002966187285,1.264531,1.06459,1.890569,1.571717,1.236309,2.411857,,0.62857,True
2,81,calibration,2679,2188,2368,180,8,1000,static,2,29,29,-1448.5002966187285,1.130919,0.937658,1.789125,1.831389,1.432776,2.52693,,0.62857,True
2,82,calibration,14328,13766,14126,360,2,200,static,1,11,11,174.69225208022965,1.141135,0.940011,1.689805,1.403442,0.97201,2.204213,,0.563852,True
2,82,calibration,14328,13766,14126,360,2,200,temporal,2,3,3,174.69225208022965,0.97891,0.819599,1.545166,1.36871,0.98565,2.033174,,0.563852,True
2,83,calibration,2396,730,2170,1440,2,5000,temporal,1,6,6,-150.9740026795978,1.237451,1.009517,1.846792,1.585857,1.067854,2.238384,,1.65413,True
2,83,calibration,2396,730,2170,1440,2,5000,static,2,34,34,-150.9740026795978,1.402109,1.13762,24.535556,2.927245,2.201268,4.289455,,1.65413,True
2,84,calibration,9988,8946,9666,720,4,1000,static,1,38,38,273.4894300957726,1.876537,1.616975,2.69173,1.900103,1.194426,2.677779,,3.486671,True
2,84,calibration,9988,8946,9666,720,4,1000,temporal,2,7,7,273.4894300957726,1.797738,1.51461,2.453179,1.72608,1.329891,2.524627,,3.486671,True
2,85,calibration,9909,9284,9644,360,2,200,temporal,1,3,3,585.2363460653847,1.103378,0.915404,1.761744,2.124522,1.791959,2.919584,,3.116932,True
2,85,calibration,9909,9284,9644,360,2,200,static,2,12,12,585.2363460653847,0.853861,0.691595,1.443072,1.458936,1.180815,4.035702,,3.116932,True
2,86,calibration,3144,1369,2809,1440,4,200,static,1,72,72,319.5943873431496,1.844529,1.509963,2.497045,6.137499,2.152744,6.927834,,1.860082,True
2,86,calibration,3144,1369,2809,1440,4,200,temporal,2,11,11,319.5943873431496,1.137901,0.904468,1.792831,1.919942,1.35612,2.636426,,1.860082,True
2,87,calibration,7514,6620,7340,720,6,200,temporal,1,10,10,2097.2209391066435,1.084099,0.885489,1.718168,1.769115,1.287497,2.97687,,1.555582,True
2,87,calibration,7514,6620,7340,720,6,200,static,2,58,58,2097.2209391066435,1.102307,0.901723,1.712249,1.582943,1.122777,2.316662,,1.555582,True
2,88,calibration,3005,2326,2686,360,4,200,static,1,16,16,-269.1993574500742,0.984628,0.806239,1.62698,2.399719,1.942416,3.085375,,1.954916,True
2,88,calibration,3005,2326,2686,360,4,200,temporal,2,4,4,-269.1993574500742,0.950076,0.743685,1.527319,1.67995,1.341338,2.458146,,1.954916,True
2,89,calibration,3234,2942,3122,180,6,200,temporal,1,9,9,950.8069035559603,1.473558,1.146423,2.182611,2.474741,1.714382,3.219928,,21.261516,True
2,89,calibration,3234,2942,3122,180,6,200,static,2,22,22,950.8069035559603,1.662213,1.372985,2.352366,1.652088,1.366787,2.505769,,21.261516,True
2,90,calibration,8603,6964,8404,1440,4,200,static,1,74,74,237.1748324927746,1.846632,1.055155,2.431716,2.263633,1.368008,3.026736,,0.72803,True
2,90,calibration,8603,6964,8404,1440,4,200,temporal,2,11,11,237.1748324927746,1.141837,0.877376,1.723436,1.772309,1.284702,2.427701,,0.72803,True
2,91,calibration,12422,12231,12291,60,2,200,temporal,1,1,1,135.80439980024673,1.353006,1.186394,2.004851,1.662744,1.385174,2.403253,,1.571095,True
2,91,calibration,12422,12231,12291,60,2,200,static,2,3,3,135.80439980024673,0.778998,0.625465,1.440107,1.046112,0.860221,1.713691,,1.571095,True
2,92,calibration,9627,9235,9295,60,4,1000,static,1,7,7,58.62968630836787,1.228958,1.028886,2.001926,2.035027,1.677406,2.770268,,1.579197,True
2,92,calibration,9627,9235,9295,60,4,1000,temporal,2,2,2,58.62968630836787,1.168026,0.948393,1.749034,1.945742,1.729294,2.607592,,1.579197,True
2,93,calibration,12076,11624,11804,180,6,200,temporal,1,9,9,-906.3209878590981,1.026332,0.834091,1.688783,1.598046,1.01874,2.292747,,3.293199,True
2,93,calibration,12076,11624,11804,180,6,200,static,2,22,22,-906.3209878590981,1.111921,0.901272,1.68009,1.930669,1.553049,2.635695,,3.293199,True
2,94,calibration,12336,11782,12142,360,2,5000,static,1,11,11,158.08389966487013,0.975345,0.809985,1.549893,1.151351,0.897847,1.813172,,1.500649,True
2,94,calibration,12336,11782,12142,360,2,5000,temporal,2,1,1,158.08389966487013,1.052351,0.863015,1.725779,1.198402,0.970847,1.946302,,1.500649,True
2,95,calibration,4038,3615,3795,180,4,5000,temporal,1,5,5,-722.5447357253887,1.138972,0.914633,24.198015,1.864398,1.535001,2.937111,,1.338083,True
2,95,calibration,4038,3615,3795,180,4,5000,static,2,13,13,-722.5447357253887,0.901763,0.732227,1.550344,2.272226,1.852782,3.019816,,1.338083,True
2,96,calibration,4345,2710,4150,1440,4,200,static,1,71,71,365.42015778678774,1.014835,0.801192,1.605137,1.767522,1.173404,2.595384,,1.670306,True
2,96,calibration,4345,2710,4150,1440,4,200,temporal,2,10,10,365.42015778678774,0.959941,0.758316,1.531405,1.893473,1.381409,2.603657,,1.670306,True
2,97,calibration,14240,13705,14065,360,4,200,temporal,1,6,6,252.72280141231212,1.041014,0.855003,1.614541,1.553188,1.145221,2.249581,,1.463753,True
2,97,calibration,14240,13705,14065,360,4,200,static,2,22,22,252.72280141231212,0.970307,0.784066,1.558647,2.211814,1.793762,2.947436,,1.463753,True
2,98,calibration,3363,3090,3270,180,4,1000,static,1,10,10,299.12268210282406,1.17683,0.967132,1.830017,1.621992,1.327056,2.351625,,1.473498,True
2,98,calibration,3363,3090,3270,180,4,1000,temporal,2,2,2,299.12268210282406,1.251812,1.050878,1.862306,1.542943,1.154956,2.231103,,1.473498,True
2,99,calibration,8665,7063,8503,1440,2,200,temporal,1,6,6,210.45190553295367,1.141816,0.930126,1.928035,1.782204,1.102697,2.468041,,1.530674,True
2,99,calibration,8665,7063,8503,1440,2,200,static,2,34,34,210.45190553295367,0.795022,0.612746,1.341849,1.696545,1.266695,2.388681,,1.530674,True
2,100,calibration,13973,12301,13741,1440,4,1000,static,1,73,73,274.5285104945299,1.082106,0.832098,1.702644,2.126224,1.445886,2.827685,,5.150057,True
2,100,calibration,13973,12301,13741,1440,4,1000,temporal,2,10,10,274.5285104945299,0.917798,0.729653,1.513939,1.746932,1.109418,2.421371,,5.150057,True
2,101,calibration,10410,10110,10290,180,2,1000,temporal,1,3,3,-305.23263237431746,1.754894,1.407257,2.395903,2.17642,1.635693,2.891201,,2.570146,True
2,101,calibration,10410,10110,10290,180,2,1000,static,2,9,9,-305.23263237431746,1.138962,0.958369,1.774463,1.876617,1.312765,20.813948,,2.570146,True
2,102,calibration,5457,4960,5320,360,2,200,static,1,10,10,-457.88085215454043,1.772941,1.476993,2.40776,2.05741,1.451805,2.746702,,2.190682,True
2,102,calibration,5457,4960,5320,360,2,200,temporal,2,3,3,-457.88085215454043,1.127314,0.950547,1.740401,1.532607,1.24369,2.213076,,2.190682,True
2,103,calibration,13731,13028,13388,360,2,1000,temporal,1,3,3,-117.92595452106768,1.215397,0.989235,1.81908,2.614744,1.863117,3.309454,,8.809289,True
2,103,calibration,13731,13028,13388,360,2,1000,static,2,11,11,-117.92595452106768,1.293736,1.066522,1.923679,1.526468,1.220736,2.239045,,8.809289,True
2,104,calibration,7275,6895,7075,180,4,5000,static,1,10,10,658.155909317035,1.475301,1.247657,2.179986,1.89141,1.264101,2.983411,,3.824502,True
2,104,calibration,7275,6895,7075,180,4,5000,temporal,2,3,3,658.155909317035,1.214186,0.990968,1.81918,1.404634,1.121315,2.091352,,3.824502,True
2,105,calibration,7623,6913,7273,360,2,200,temporal,1,1,1,463.0407496299008,1.252744,1.043087,1.900002,1.704227,1.414628,2.391426,,5.692967,True
2,105,calibration,7623,6913,7273,360,2,200,static,2,7,7,463.0407496299008,1.072742,0.882684,1.681743,1.291533,1.034614,1.955506,,5.692967,True
2,106,calibration,7142,6832,7012,180,4,200,static,1,12,12,642.5462245273734,1.159173,0.991579,1.840703,2.101257,1.632979,2.815467,,1.792359,True
2,106,calibration,7142,6832,7012,180,4,200,temporal,2,3,3,642.5462245273734,0.782153,0.642101,1.389761,1.787442,1.206795,2.421401,,1.792359,True
2,107,calibration,3023,2839,3019,180,4,200,temporal,1,3,3,706.0689435092451,1.426036,1.205553,2.165234,2.298655,1.639399,3.025904,,22.43591,True
2,107,calibration,3023,2839,3019,180,4,200,static,2,11,11,706.0689435092451,1.007854,0.863205,1.694492,2.210172,1.617776,2.935247,,22.43591,True
2,108,calibration,1766,1088,1448,360,8,200,static,1,35,35,838.2096767080666,1.151901,0.973482,1.759811,1.475481,1.156058,2.167017,,1.50781,True
2,108,calibration,1766,1088,1448,360,8,200,temporal,2,4,4,838.2096767080666,1.13143,0.949065,1.818399,1.580139,1.212593,2.305466,,1.50781,True
2,109,calibration,14166,13499,13859,360,2,1000,temporal,1,3,3,628.4273869637826,0.967032,0.787481,1.506198,1.654562,1.208177,2.370624,,1.231422,True
2,109,calibration,14166,13499,13859,360,2,1000,static,2,11,11,628.4273869637826,1.010108,0.836264,1.572588,1.592728,1.193535,2.266317,,1.231422,True
2,110,calibration,11843,10995,11715,720,4,1000,static,1,37,37,-56.451660425420755,1.064699,0.869054,1.628783,2.124442,1.70014,2.829759,,1.525737,True
2,110,calibration,11843,10995,11715,720,4,1000,temporal,2,6,6,-56.451660425420755,1.249088,1.020573,1.883999,1.62673,1.299004,2.29539,,1.525737,True
2,111,calibration,10049,9509,9689,180,4,1000,temporal,1,2,2,717.730335563158,2.298985,2.023299,2.891161,1.667301,1.334468,2.515233,,1.570154,True
2,111,calibration,10049,9509,9689,180,4,1000,static,2,10,10,717.730335563158,1.003928,0.830155,1.61421,1.358914,1.106693,2.058783,,1.570154,True
2,112,calibration,4624,3157,4597,1440,8,1000,static,1,143,143,152.34186430837804,1.030297,0.796194,1.638757,2.892483,1.88513,3.702147,,1.959002,True
2,112,calibration,4624,3157,4597,1440,8,1000,temporal,2,19,19,152.34186430837804,0.946761,0.75418,1.588572,1.872411,1.308989,2.687534,,1.959002,True
2,113,calibration,1778,1570,1750,180,6,200,temporal,1,6,6,902.682431761532,1.09838,0.933511,1.73981,20.364119,2.296573,21.272492,,2.556244,True
2,113,calibration,1778,1570,1750,180,6,200,static,2,17,17,902.682431761532,1.565467,1.314037,3.099917,2.603036,1.97145,3.520142,,2.556244,True
2,114,calibration,10661,10143,10323,180,6,200,static,1,21,21,-998.5260170461364,1.610625,1.318564,3.521274,2.551658,1.837829,3.475715,,2.048887,True
2,114,calibration,10661,10143,10323,180,6,200,temporal,2,9,9,-998.5260170461364,1.001784,0.823254,1.83928,2.666592,2.089259,3.583878,,2.048887,True
2,115,calibration,8500,8079,8259,180,4,200,temporal,1,6,6,677.1118480362595,1.4617,1.161116,2.229901,2.731249,1.873963,3.711972,,1.504645,True
2,115,calibration,8500,8079,8259,180,4,200,static,2,12,12,677.1118480362595,1.477915,1.230812,2.291715,2.706292,1.922787,3.732664,,1.504645,True
2,116,calibration,5996,5519,5699,180,2,1000,static,1,3,3,344.16229729342257,1.712369,1.46853,2.529294,3.230865,2.717088,4.176394,,1.815455,True
2,116,calibration,5996,5519,5699,180,2,1000,temporal,2,1,1,344.16229729342257,1.273385,1.084149,2.130992,2.087766,1.67356,3.012956,,1.815455,True
2,117,calibration,13874,13489,13549,60,6,1000,temporal,1,3,3,319.5106696780032,1.602864,1.352204,2.376383,2.197943,1.564526,3.200168,,3.280259,True
2,117,calibration,13874,13489,13549,60,6,1000,static,2,8,8,319.5106696780032,1.105993,0.900231,1.954915,2.229651,1.878721,3.22147,,3.280259,True
2,118,calibration,6296,5804,5984,180,2,200,static,1,6,6,20.840098596815714,1.065191,0.867582,1.87867,21.499035,1.850828,22.709935,,1.942466,True
2,118,calibration,6296,5804,5984,180,2,200,temporal,2,3,3,20.840098596815714,2.118122,1.73982,3.337796,2.157863,1.684857,3.171164,,1.942466,True
2,119,calibration,11932,10881,11601,720,4,200,temporal,1,7,7,260.9122829692174,1.548642,1.281447,2.370323,3.206758,2.475652,4.378119,,4.743101,True
2,119,calibration,11932,10881,11601,720,4,200,static,2,38,38,260.9122829692174,1.21676,1.026301,1.827914,1.982717,1.487579,2.677338,,4.743101,True
2,120,calibration,7959,7532,7712,180,6,1000,static,1,16,16,-1037.05190068299,1.847784,1.518576,2.482413,1.616654,1.325575,2.335922,,1.723195,True
2,120,calibration,7959,7532,7712,180,6,1000,temporal,2,3,3,-1037.05190068299,1.065511,0.913491,1.671737,1.610345,1.256159,2.253137,,1.723195,True
2,121,calibration,12521,12284,12344,60,6,200,temporal,1,6,6,386.43112323532813,1.009206,0.84695,1.643475,2.780895,2.306727,3.46613,,2.050641,True
2,121,calibration,12521,12284,12344,60,6,200,static,2,8,8,386.43112323532813,0.951078,0.777695,1.581751,2.323423,1.945392,3.026286,,2.050641,True
2,122,calibration,7361,6661,7021,360,2,1000,static,1,7,7,477.55208151141454,0.962124,0.774561,1.516202,1.2305,1.003818,1.912191,,1.869366,True
2,122,calibration,7361,6661,7021,360,2,1000,temporal,2,1,1,477.55208151141454,1.755014,1.484304,2.371735,2.421862,1.558045,3.111044,,1.869366,True
2,123,calibration,7672,7150,7330,180,4,200,temporal,1,2,2,149.99277081348762,1.042977,0.889856,1.659479,1.434789,1.188396,2.100757,,5.391752,True
2,123,calibration,7672,7150,7330,180,4,200,static,2,8,8,149.99277081348762,1.065521,0.856254,1.601711,1.137911,0.917898,1.817458,,5.391752,True
2,124,calibration,2178,2103,2163,60,2,1000,static,1,2,2,-98.60803477026559,2.277233,1.874073,3.061059,2.115639,1.770587,2.905673,,2.190202,True
2,124,calibration,2178,2103,2163,60,2,1000,temporal,2,2,2,-98.60803477026559,2.185374,1.963098,2.85091,2.072714,1.698107,2.914987,,2.190202,True
2,125,calibration,6495,6205,6385,180,2,1000,temporal,1,1,1,-327.4493428547683,1.662654,1.396501,2.525017,2.537396,1.9248,3.544249,,3.39284,True
2,125,calibration,6495,6205,6385,180,2,1000,static,2,4,4,-327.4493428547683,1.293476,1.090369,2.05683,1.81213,1.338844,2.812983,,3.39284,True
2,126,calibration,5947,5660,5840,180,4,1000,static,1,10,10,420.0973160508572,1.356851,1.155377,2.186015,1.9578,1.438255,2.965954,,2.15624,True
2,126,calibration,5947,5660,5840,180,4,1000,temporal,2,3,3,420.0973160508572,1.757907,1.476052,2.547481,2.155609,1.777507,3.116061,,2.15624,True
2,127,calibration,8154,6642,8082,1440,6,1000,temporal,1,19,19,220.80471063944788,1.46809,1.192483,2.329933,2.716667,1.823737,3.725393,,4.857674,True
2,127,calibration,8154,6642,8082,1440,6,1000,static,2,116,116,220.80471063944788,1.527289,1.147976,2.388952,2.278525,1.562673,3.274851,,4.857674,True
2,128,calibration,13627,12060,13500,1440,8,5000,static,1,145,145,719.5943580459065,1.371092,1.022707,2.178033,3.479431,1.528591,4.463038,,3.16853,True
2,128,calibration,13627,12060,13500,1440,8,5000,temporal,2,21,21,719.5943580459065,21.23227,20.803362,22.488741,3.126967,1.815074,4.288244,,3.16853,True
2,129,calibration,11596,10998,11358,360,2,1000,temporal,1,1,1,272.31994479073774,1.538826,1.235158,2.168458,3.531639,2.571248,4.390848,,2.740704,True
2,129,calibration,11596,10998,11358,360,2,1000,static,2,9,9,272.31994479073774,1.324963,1.074535,2.099204,2.759852,2.162009,5.241965,,2.740704,True
2,130,calibration,10144,9891,10071,180,4,200,static,1,9,9,-248.6288478251799,2.739371,2.560742,3.336464,3.562236,2.96353,4.499603,,1.73294,True
2,130,calibration,10144,9891,10071,180,4,200,temporal,2,2,2,-248.6288478251799,0.919821,0.765577,1.544715,1.7725,1.167565,2.448912,,1.73294,True
2,131,calibration,5229,4989,5169,180,4,200,temporal,1,6,6,-576.4947570509744,1.215969,1.046091,1.80581,2.393208,1.637085,3.133237,,1.460157,True
2,131,calibration,5229,4989,5169,180,4,200,static,2,12,12,-576.4947570509744,1.326015,1.149168,1.967344,2.035698,1.691437,2.898903,,1.460157,True
2,132,calibration,10550,9875,10235,360,2,1000,static,1,11,11,-523.7577085807521,1.72568,1.42187,2.753123,1.750596,1.416061,2.485788,,1.310842,True
2,132,calibration,10550,9875,10235,360,2,1000,temporal,2,1,1,-523.7577085807521,1.072281,0.8601,1.844339,2.332687,1.915797,3.25381,,1.310842,True
2,133,calibration,3317,1617,3057,1440,4,5000,temporal,1,13,13,368.6669463804823,2.092324,1.431143,25.506583,2.581463,1.925571,3.532982,,2.754685,True
2,133,calibration,3317,1617,3057,1440,4,5000,static,2,75,75,368.6669463804823,1.162247,0.914232,1.789075,1.602773,1.150169,2.289692,,2.754685,True
2,134,calibration,12695,12086,12446,360,4,200,static,1,21,21,1070.590550234356,1.672539,1.334117,2.255851,2.200166,1.685689,2.96326,,1.999553,True
2,134,calibration,12695,12086,12446,360,4,200,temporal,2,6,6,1070.590550234356,0.810245,0.660328,1.378834,2.071001,1.586699,2.872002,,1.999553,True
2,135,calibration,10905,10573,10753,180,8,1000,temporal,1,5,5,379.2793813779238,0.987332,0.834692,1.54767,1.458055,1.069827,2.243672,,1.738248,True
2,135,calibration,10905,10573,10753,180,8,1000,static,2,22,22,379.2793813779238,1.493919,1.231883,2.3282,5.882533,5.010495,6.605286,,1.738248,True
2,136,calibration,5068,4690,5050,360,6,5000,static,1,27,27,-1880.8684996196914,1.134566,0.928914,1.705188,2.2024,1.857228,2.946104,,1.756115,True
2,136,calibration,5068,4690,5050,360,6,5000,temporal,2,3,3,-1880.8684996196914,1.530514,1.30917,2.126886,1.776426,1.447729,2.440329,,1.756115,True
2,137,calibration,9337,8836,9196,360,4,200,temporal,1,2,2,-1149.8761966856016,1.531335,1.314097,2.094066,1.815114,1.419446,2.482653,,1.652659,True
2,137,calibration,9337,8836,9196,360,4,200,static,2,17,17,-1149.8761966856016,0.984248,0.810625,1.672619,1.58689,1.180315,2.240477,,1.652659,True
2,138,calibration,8477,7447,8167,720,2,5000,static,1,17,17,-426.8581879634653,1.024549,0.830766,1.599708,1.975657,1.651908,2.756567,,1.289119,True
2,138,calibration,8477,7447,8167,720,2,5000,temporal,2,4,4,-426.8581879634653,1.213495,0.989626,1.820493,1.87794,1.305554,2.596947,,1.289119,True
2,139,calibration,3124,2699,3059,360,2,200,temporal,1,3,3,631.2605296992845,1.474649,1.184901,21.202146,2.060014,1.668793,2.841366,,2.183561,True
2,139,calibration,3124,2699,3059,360,2,200,static,2,12,12,631.2605296992845,1.17722,0.968475,1.825149,1.641081,1.338764,2.30155,,2.183561,True
2,140,calibration,10958,10894,10954,60,4,1000,static,1,10,10,181.09282291141815,1.623955,1.34988,2.213637,1.548822,1.302519,2.197502,,2.150632,True
2,140,calibration,10958,10894,10954,60,4,1000,temporal,2,6,6,181.09282291141815,1.227666,1.007223,1.78627,1.429651,1.22979,2.06317,,2.150632,True
2,141,calibration,13077,12340,13060,720,6,1000,temporal,1,10,10,-539.8683738744876,1.943008,1.477754,2.832953,1.752179,1.204842,2.451486,,6.299674,True
2,141,calibration,13077,12340,13060,720,6,1000,static,2,61,61,-539.8683738744876,1.189469,0.948985,1.786151,1.616884,1.172113,2.307178,,6.299674,True
2,142,calibration,8886,8487,8847,360,4,1000,static,1,24,24,-36.60220623702685,1.142628,0.95282,1.770016,1.651627,1.217651,2.492218,,1.593459,True
2,142,calibration,8886,8487,8847,360,4,1000,temporal,2,7,7,-36.60220623702685,1.442261,1.181606,2.402242,1.64056,1.275358,2.355782,,1.593459,True
2,143,calibration,10979,10461,10641,180,4,200,temporal,1,2,2,83.31579172532976,0.997799,0.814712,1.595983,1.3691,1.131941,2.120566,,1.373757,True
2,143,calibration,10979,10461,10641,180,4,200,static,2,11,11,83.31579172532976,1.168677,0.990527,1.780052,1.395691,1.129998,2.118012,,1.373757,True
2,144,calibration,2678,2008,2368,360,2,200,static,1,12,12,-626.8365040028202,1.17733,0.968645,1.773692,1.617075,1.32933,2.277474,,1.385805,True
2,144,calibration,2678,2008,2368,360,2,200,temporal,2,5,5,-626.8365040028202,0.846109,0.677955,1.452216,1.50134,1.205983,2.143701,,1.385805,True
2,145,calibration,6088,5515,5875,360,6,1000,temporal,1,4,4,1709.0291452086562,1.198842,1.00571,1.774944,22.041034,21.478804,22.899171,,2.373068,True
2,145,calibration,6088,5515,5875,360,6,1000,static,2,26,26,1709.0291452086562,1.424854,1.219003,2.122739,1.923237,1.56783,2.674314,,2.373068,True
2,146,calibration,4848,4446,4626,180,8,1000,static,1,29,29,86.87056920814838,1.730527,1.478175,2.338646,1.612748,1.294878,2.320378,,1.960664,True
2,146,calibration,4848,4446,4626,180,8,1000,temporal,2,12,12,86.87056920814838,1.204622,1.02546,1.859611,1.476583,1.145712,2.18229,,1.960664,True
2,147,calibration,1823,1358,1538,180,6,1000,temporal,1,4,4,725.6390223834935,1.598667,1.34907,2.478217,1.678238,1.394569,2.703178,,1.616865,True
2,147,calibration,1823,1358,1538,180,6,1000,static,2,14,14,725.6390223834935,1.065981,0.897346,1.877749,2.055938,1.657847,3.036962,,1.616865,True
2,148,calibration,1891,254,1694,1440,4,5000,static,1,73,73,305.0984899449693,1.105592,0.863005,1.893783,1.90505,1.385044,2.909238,,1.546639,True
2,148,calibration,1891,254,1694,1440,4,5000,temporal,2,10,10,305.0984899449693,1.037519,0.839649,1.800022,1.779661,1.295058,2.695426,,1.546639,True
2,149,calibration,5485,5098,5158,60,4,1000,temporal,1,5,5,-165.23423371094592,1.037468,0.869174,1.849626,3.973207,3.701627,4.856432,,1.52787,True
2,149,calibration,5485,5098,5158,60,4,1000,static,2,8,8,-165.23423371094592,0.980793,0.816715,1.880533,1.589533,1.347818,2.657108,,1.52787,True
2,150,calibration,1818,1520,1700,180,4,1000,static,1,14,14,506.9326596583809,1.170229,1.003948,1.974846,1.894845,1.326426,2.840074,,2.289151,True
2,150,calibration,1818,1520,1700,180,4,1000,temporal,2,6,6,506.9326596583809,0.838588,0.704506,1.612969,1.341218,1.030077,2.273087,,2.289151,True
2,151,calibration,10933,10816,10876,60,4,200,temporal,1,3,3,238.31586860320556,1.754583,1.507849,2.805562,1.726811,1.478765,2.734975,,19.383756,True
2,151,calibration,10933,10816,10876,60,4,200,static,2,5,5,238.31586860320556,1.478966,1.21004,2.29492,1.640981,1.386356,2.537466,,19.383756,True
2,152,calibration,9809,9532,9712,180,2,5000,static,1,5,5,349.5499204118567,1.05213,0.878618,1.861355,1.683014,1.378594,2.598579,,1.805409,True
2,152,calibration,9809,9532,9712,180,2,5000,temporal,2,1,1,349.5499204118567,0.819959,0.631614,1.480148,1.36228,1.101506,2.016649,,1.805409,True
2,153,calibration,10797,10389,10569,180,6,200,temporal,1,3,3,-574.7348691820711,1.19737,0.957958,1.841824,1.44854,1.167335,2.375862,,3.658461,True
2,153,calibration,10797,10389,10569,180,6,200,static,2,13,13,-574.7348691820711,0.759368,0.621039,1.550564,1.599248,1.177671,2.487241,,3.658461,True
2,154,calibration,11193,9499,10939,1440,6,200,static,1,111,111,578.6386742921336,1.47555,1.155197,2.247988,3.05555,2.242581,3.997564,,1.44843,True
2,154,calibration,11193,9499,10939,1440,6,200,temporal,2,16,16,578.6386742921336,1.337643,1.129427,2.161007,2.218013,1.153394,3.183473,,1.44843,True
2,155,calibration,13007,12675,12855,180,4,200,temporal,1,2,2,-696.0617951537909,1.008274,0.837526,1.622132,1.357533,0.957277,2.067155,,1.57456,True
2,155,calibration,13007,12675,12855,180,4,200,static,2,9,9,-696.0617951537909,1.052561,0.910947,1.635493,1.40883,1.086834,2.08348,,1.57456,True
2,156,calibration,3846,3323,3683,360,6,1000,static,1,25,25,-1569.2485412936692,1.211462,1.067454,1.791759,1.317192,0.992761,1.973754,,1.478696,True
2,156,calibration,3846,3323,3683,360,6,1000,temporal,2,5,5,-1569.2485412936692,1.075836,0.904647,1.614612,1.952742,1.524305,2.646911,,1.478696,True
2,157,calibration,4983,3209,4649,1440,2,200,temporal,1,5,5,21.972086331177763,21.158951,1.195718,21.858108,1.95102,1.535031,2.81752,,1.346465,True
2,157,calibration,4983,3209,4649,1440,2,200,static,2,40,40,21.972086331177763,1.639699,1.156158,2.262731,1.630856,1.132653,2.311595,,1.346465,True
2,158,calibration,6506,6067,6247,180,4,200,static,1,11,11,-559.600035211505,1.557164,1.279975,2.191684,2.766984,2.428562,3.439951,,3.06919,True
2,158,calibration,6506,6067,6247,180,4,200,temporal,2,2,2,-559.600035211505,0.940712,0.771987,1.538576,1.588952,1.333176,2.268811,,3.06919,True
2,159,calibration,10193,9623,9983,360,2,200,temporal,1,1,1,492.5007953975261,0.907071,0.74698,1.519497,1.604245,1.046943,2.279637,,1.245333,True
2,159,calibration,10193,9623,9983,360,2,200,static,2,7,7,492.5007953975261,1.487999,1.225663,2.051462,1.255969,1.009997,1.894344,,1.245333,True
2,160,calibration,13326,12855,13035,180,6,5000,static,1,13,13,-941.7591451659276,0.964138,0.810646,1.539648,1.812981,1.403743,2.517536,,1.702904,True
2,160,calibration,13326,12855,13035,180,6,5000,temporal,2,3,3,-941.7591451659276,0.806179,0.663864,1.366175,1.976929,1.599578,2.78462,,1.702904,True
2,161,calibration,11788,10139,11579,1440,2,5000,temporal,1,6,6,-192.46305556149505,1.606029,0.732358,2.196721,1.817268,1.370252,2.519469,,1.755814,True
2,161,calibration,11788,10139,11579,1440,2,5000,static,2,40,40,-192.46305556149505,0.96569,0.758917,1.525597,1.91792,1.227526,2.606741,,1.755814,True
2,162,calibration,5084,4591,4951,360,6,1000,static,1,31,31,-1521.6822008011777,1.443732,1.220735,2.061006,1.599459,1.25061,2.316863,,1.646148,True
2,162,calibration,5084,4591,4951,360,6,1000,temporal,2,5,5,-1521.6822008011777,1.194146,1.027413,1.876768,2.055258,1.672508,2.754545,,1.646148,True
2,163,calibration,6059,5407,5767,360,4,5000,temporal,1,3,3,1275.104301645821,1.308728,1.116147,1.87879,22.711858,21.884678,23.52021,,3.400862,True
2,163,calibration,6059,5407,5767,360,4,5000,static,2,18,18,1275.104301645821,1.294657,1.110349,2.24256,2.591878,1.790807,3.400281,,3.400862,True
2,164,calibration,10157,8714,10154,1440,4,1000,static,1,74,74,-310.6471643333103,1.44862,1.194796,2.104031,2.624848,1.975517,3.346009,,1.933413,True
2,164,calibration,10157,8714,10154,1440,4,1000,temporal,2,11,11,-310.6471643333103,1.155878,0.927482,1.863548,1.914224,1.233925,2.629796,,1.933413,True
2,165,calibration,13785,13424,13604,180,2,1000,temporal,1,1,1,373.6025234159749,1.387969,1.134966,1.981997,1.803076,1.517434,2.470715,,1.794934,True
2,165,calibration,13785,13424,13604,180,2,1000,static,2,6,6,373.6025234159749,1.173114,0.944568,1.761073,2.346788,1.826451,3.11547,,1.794934,True
2,166,calibration,4569,3835,4555,720,4,200,static,1,38,38,1452.1721321196485,0.960613,0.785688,1.705538,2.454972,1.966173,3.332598,,1.800992,True
2,166,calibration,4569,3835,4555,720,4,200,temporal,2,6,6,1452.1721321196485,1.791148,1.298493,2.63868,2.148779,1.677155,3.051454,,1.800992,True
2,167,calibration,7566,7344,7524,180,2,1000,temporal,1,1,1,-151.96126308892926,1.63411,1.348679,2.698209,3.074047,2.574313,4.231097,,2.04988,True
2,167,calibration,7566,7344,7524,180,2,1000,static,2,5,5,-151.96126308892926,3.65096,3.247249,4.950545,2.663547,1.946472,3.767907,,2.04988,True
2,168,calibration,9332,8951,9011,60,4,1000,static,1,6,6,-199.35467111733809,21.077788,0.889134,21.978249,2.574382,2.26196,3.556937,,2.473109,True
2,168,calibration,9332,8951,9011,60,4,1000,temporal,2,2,2,-199.35467111733809,2.023779,1.700811,2.876669,1.975827,1.732459,2.816348,,2.473109,True
2,169,calibration,7581,5863,7303,1440,4,200,temporal,1,12,12,-141.10931199091866,1.718778,1.370903,2.436734,2.633642,1.707121,3.636668,,1.913933,True
2,169,calibration,7581,5863,7303,1440,4,200,static,2,75,75,-141.10931199091866,3.202402,1.87144,3.856051,2.002247,1.264322,2.786413,,1.913933,True
2,170,calibration,14070,13365,13725,360,4,5000,static,1,17,17,1073.06219794909,1.563033,1.346966,2.617457,2.315801,1.852761,3.270034,,1.737908,True
2,170,calibration,14070,13365,13725,360,4,5000,temporal,2,2,2,1073.06219794909,1.217952,1.037799,1.8191,1.721993,1.341488,2.38732,,1.737908,True
2,171,calibration,6374,4618,6058,1440,4,5000,temporal,1,11,11,-124.86014498790232,1.603685,1.08514,2.300098,6.764447,1.506118,7.518498,,1.816566,True
2,171,calibration,6374,4618,6058,1440,4,5000,static,2,72,72,-124.86014498790232,1.516092,1.260866,2.261049,2.303293,1.478886,3.04248,,1.816566,True
2,172,calibration,9054,7452,8892,1440,4,1000,static,1,76,76,-358.64853732167836,1.087804,0.868003,1.748223,1.931991,1.335399,2.776728,,1.811198,True
2,172,calibration,9054,7452,8892,1440,4,1000,temporal,2,13,13,-358.64853732167836,1.159934,0.970928,1.740382,2.199405,1.25039,2.972004,,1.811198,True
2,173,calibration,8974,7349,8789,1440,6,200,temporal,1,16,16,-285.6438601739674,22.839801,22.511265,23.566871,2.240898,1.565927,3.414292,,1.77914,True
2,173,calibration,8974,7349,8789,1440,6,200,static,2,114,114,-285.6438601739674,1.903928,1.54734,2.748045,1.936909,1.370072,2.703437,,1.77914,True
2,174,calibration,4054,3668,4028,360,8,200,static,1,45,45,42.44849790158646,1.999423,1.680962,2.742677,2.770098,2.187056,3.510819,,1.073453,True
2,174,calibration,4054,3668,4028,360,8,200,temporal,2,12,12,42.44849790158646,1.106633,0.916806,1.800452,1.388589,1.084861,4.003403,,1.073453,True
2,175,calibration,12330,11940,12300,360,2,1000,temporal,1,1,1,284.4167602241449,1.050438,0.898979,1.667681,1.847723,1.3755,2.54691,,1.909987,True
2,175,calibration,12330,11940,12300,360,2,1000,static,2,9,9,284.4167602241449,0.801542,0.661871,1.36263,1.200214,0.996146,1.897929,,1.909987,True
2,176,calibration,12619,12237,12597,360,2,1000,static,1,12,12,614.5092262991432,0.962635,0.797155,1.746751,1.256049,1.043327,2.194858,,1.251272,True
2,176,calibration,12619,12237,12597,360,2,1000,temporal,2,4,4,614.5092262991432,0.776404,0.573878,1.32264,1.477985,0.993351,4.388485,,1.251272,True
2,177,calibration,9186,7478,8918,1440,4,1000,temporal,1,13,13,-405.04938843027566,1.647291,1.105782,2.331615,1.920925,1.351133,2.595363,,2.087777,True
2,177,calibration,9186,7478,8918,1440,4,1000,static,2,76,76,-405.04938843027566,1.160395,0.710805,1.857388,1.739269,1.078661,2.429192,,2.087777,True
2,178,calibration,8679,7967,8327,360,6,200,static,1,36,36,1306.8884389300565,1.688963,1.414539,2.281289,1.549893,1.220936,2.266597,,1.950729,True
2,178,calibration,8679,7967,8327,360,6,200,temporal,2,9,9,1306.8884389300565,0.899651,0.752448,1.478896,1.597505,1.192363,2.26144,,1.950729,True
2,179,calibration,12688,12431,12491,60,2,200,temporal,1,3,3,-2.166481099977874,0.936486,0.758817,21.877977,3.59098,3.232798,4.511963,,1.621442,True
2,179,calibration,12688,12431,12491,60,2,200,static,2,3,3,-2.166481099977874,2.140356,1.544455,3.090763,2.338545,1.875285,3.219198,,1.621442,True
2,180,regular_holdout,19783,18001,19441,1440,4,200,static,1,72,72,-152.07810610188199,1.821735,1.472016,2.680503,2.648264,1.756405,3.380761,,1.937429,True
2,180,regular_holdout,19783,18001,19441,1440,4,200,temporal,2,10,10,-152.07810610188199,2.117541,1.803417,2.902859,1.851138,1.325705,2.601674,,1.937429,True
2,181,regular_holdout,25411,25021,25201,180,2,1000,temporal,1,1,1,-92.66129352412591,1.385966,1.053824,2.124963,1.664276,1.333487,2.670407,,2.311445,True
2,181,regular_holdout,25411,25021,25201,180,2,1000,static,2,4,4,-92.66129352412591,1.376181,1.141055,2.111082,2.250222,1.846833,2.992153,,2.311445,True
2,182,regular_holdout,17389,16463,17183,720,4,5000,static,1,37,37,-1554.0226022182148,1.526738,1.258062,2.230312,2.019033,1.571977,2.852042,,1.639589,True
2,182,regular_holdout,17389,16463,17183,720,4,5000,temporal,2,6,6,-1554.0226022182148,1.447368,1.190881,2.323983,2.040274,1.524916,3.087017,,1.639589,True
2,183,regular_holdout,20866,20365,20545,180,2,200,temporal,1,3,3,55.52176261792965,1.202578,0.979942,1.822315,1.994746,1.433457,2.984302,,1.352425,True
2,183,regular_holdout,20866,20365,20545,180,2,200,static,2,8,8,55.52176261792965,1.214636,1.003166,1.895867,1.700751,1.228086,2.357294,,1.352425,True
2,184,regular_holdout,21288,20618,20978,360,6,200,static,1,27,27,-1430.7160457135838,1.347717,1.016307,2.091783,21.298782,1.370402,22.048927,,1.719409,True
2,184,regular_holdout,21288,20618,20978,360,6,200,temporal,2,4,4,-1430.7160457135838,1.42158,1.184231,2.157893,2.591668,2.011641,3.349685,,1.719409,True
2,185,regular_holdout,17394,17007,17367,360,4,200,temporal,1,2,2,-85.30372614855682,1.032281,0.857867,1.672509,3.073747,2.331345,3.855049,,1.701062,True
2,185,regular_holdout,17394,17007,17367,360,4,200,static,2,17,17,-85.30372614855682,1.132202,0.961364,2.003599,2.110511,1.600339,2.983931,,1.701062,True
2,186,regular_holdout,25452,23818,25258,1440,4,5000,static,1,73,73,-222.14273617818571,1.320907,1.017939,1.898731,2.386738,1.582502,3.090092,,1.775344,True
2,186,regular_holdout,25452,23818,25258,1440,4,5000,temporal,2,11,11,-222.14273617818571,1.251903,0.967973,1.846942,2.43449,1.59407,3.172377,,1.775344,True
2,187,regular_holdout,16550,15932,16292,360,4,200,temporal,1,5,5,517.7007837374381,1.180064,0.984358,1.779891,1.274878,0.997779,1.987294,,1.50809,True
2,187,regular_holdout,16550,15932,16292,360,4,200,static,2,22,22,517.7007837374381,1.172032,0.97886,1.917328,1.379586,1.105642,2.10343,,1.50809,True
2,188,regular_holdout,18846,18383,18743,360,4,1000,static,1,17,17,-260.7124969824564,2.109099,1.754342,2.755065,1.520099,1.207105,2.214108,,2.313818,True
2,188,regular_holdout,18846,18383,18743,360,4,1000,temporal,2,3,3,-260.7124969824564,1.486057,1.224641,2.097291,1.813051,1.298463,2.513761,,2.313818,True
2,189,regular_holdout,19814,19445,19625,180,8,200,temporal,1,8,8,-1409.652096664349,1.002917,0.828142,1.610886,1.826702,1.232273,2.663157,,2.01778,True
2,189,regular_holdout,19814,19445,19625,180,8,200,static,2,27,27,-1409.652096664349,0.9131,0.728171,1.530293,1.419606,1.107194,2.06355,,2.01778,True
2,190,regular_holdout,26112,24600,26040,1440,6,1000,static,1,112,112,-82.03378463502165,1.866742,1.292404,23.543511,4.733637,2.707283,10.911266,,1.86538,True
2,190,regular_holdout,26112,24600,26040,1440,6,1000,temporal,2,17,17,-82.03378463502165,1.712159,1.299825,2.416975,2.478457,1.73939,3.224405,,1.86538,True
2,191,regular_holdout,21193,20923,21103,180,4,1000,temporal,1,6,6,-665.6929022607982,1.487359,1.18396,2.115148,1.919582,1.585377,2.604889,,1.991091,True
2,191,regular_holdout,21193,20923,21103,180,4,1000,static,2,13,13,-665.6929022607982,1.237851,1.029276,1.809766,2.179345,1.721373,2.920836,,1.991091,True
2,192,regular_holdout,18252,17803,17983,180,4,200,static,1,9,9,429.9880603277931,1.805299,1.40853,2.445527,2.188719,1.753521,3.037262,,5.338371,True
2,192,regular_holdout,18252,17803,17983,180,4,200,temporal,2,2,2,429.9880603277931,1.72637,1.405244,2.33497,1.811559,1.492196,2.569485,,5.338371,True
2,193,regular_holdout,27179,26777,27137,360,4,1000,temporal,1,6,6,1216.18270775301,1.179323,0.962746,1.797347,1.623434,1.202548,2.2751,,1.501079,True
2,193,regular_holdout,27179,26777,27137,360,4,1000,static,2,21,21,1216.18270775301,1.815595,1.489442,2.563085,2.189009,1.710205,2.882348,,1.501079,True
2,194,regular_holdout,19803,19518,19578,60,8,5000,static,1,13,13,-487.31742190609253,1.195828,1.004398,1.836857,2.994958,2.578658,3.69064,,4.751634,True
2,194,regular_holdout,19803,19518,19578,60,8,5000,temporal,2,5,5,-487.31742190609253,1.025861,0.855774,1.61415,1.67293,1.212994,23.588624,,4.751634,True
2,195,regular_holdout,18044,17916,17976,60,2,5000,temporal,1,1,1,38.745078226720096,2.002848,1.661402,2.708626,1.721042,1.477524,2.407741,,2.208078,True
2,195,regular_holdout,18044,17916,17976,60,2,5000,static,2,3,3,38.745078226720096,1.332605,1.126132,1.899302,1.642493,1.409501,2.352818,,2.208078,True
2,196,regular_holdout,23768,23577,23757,180,2,200,static,1,5,5,-316.6289264108975,1.239835,0.953522,1.856978,1.619829,1.32973,2.485428,,1.763406,True
2,196,regular_holdout,23768,23577,23757,180,2,200,temporal,2,1,1,-316.6289264108975,1.382781,1.125571,2.032313,2.873814,2.062518,3.662948,,1.763406,True
2,197,regular_holdout,27828,26202,27642,1440,2,200,temporal,1,6,6,-163.72996440485207,1.583163,0.98551,2.19584,3.098414,2.365967,3.806936,,1.424674,True
2,197,regular_holdout,27828,26202,27642,1440,2,200,static,2,34,34,-163.72996440485207,1.95787,1.388109,2.621854,2.061817,1.42858,2.760494,,1.424674,True
2,198,regular_holdout,23483,23192,23252,60,8,1000,static,1,11,11,193.70944950033862,1.368789,1.116137,1.993043,2.336793,1.926532,3.068709,,4.116344,True
2,198,regular_holdout,23483,23192,23252,60,8,1000,temporal,2,5,5,193.70944950033862,1.208697,0.98545,2.095078,2.092473,1.592438,3.101199,,4.116344,True
2,199,regular_holdout,19112,17382,18822,1440,2,1000,temporal,1,4,4,48.95565336695726,1.465416,0.948995,2.068147,2.411806,1.864179,3.080527,,1.897799,True
2,199,regular_holdout,19112,17382,18822,1440,2,1000,static,2,39,39,48.95565336695726,1.314948,1.000382,1.900072,1.981496,1.37527,2.641844,,1.897799,True
2,200,regular_holdout,18148,17799,17859,60,4,200,static,1,4,4,156.85915958172876,0.987162,0.807501,22.335369,2.338395,1.979352,3.649998,,1.821634,True
2,200,regular_holdout,18148,17799,17859,60,4,200,temporal,2,2,2,156.85915958172876,1.125742,0.963257,1.822605,2.738991,2.299687,3.608275,,1.821634,True
2,201,regular_holdout,17766,17625,17685,60,6,200,temporal,1,3,3,415.9889514767242,1.355199,1.14455,1.956177,2.335511,1.94451,3.032235,,2.067987,True
2,201,regular_holdout,17766,17625,17685,60,6,200,static,2,8,8,415.9889514767242,1.276269,1.053233,1.88497,1.659158,1.211081,2.352247,,2.067987,True
2,202,regular_holdout,23215,22766,22946,180,4,200,static,1,8,8,535.6929062603957,1.391454,1.115717,2.038442,1.549613,1.099513,2.258525,,1.704958,True
2,202,regular_holdout,23215,22766,22946,180,4,200,temporal,2,2,2,535.6929062603957,1.625828,1.299554,2.204193,2.032894,1.654822,2.75855,,1.704958,True
2,203,regular_holdout,17312,16367,17087,720,2,1000,temporal,1,3,3,-497.70531074427544,1.597004,1.331683,2.3747,1.310091,1.030989,2.02344,,2.010329,True
2,203,regular_holdout,17312,16367,17087,720,2,1000,static,2,20,20,-497.70531074427544,1.600289,1.311603,2.423444,1.878299,1.478275,2.559269,,2.010329,True
2,204,regular_holdout,16441,16020,16200,180,4,200,static,1,9,9,402.76983346156715,1.076448,0.890346,1.765719,2.112294,1.626589,2.832953,,1.418896,True
2,204,regular_holdout,16441,16020,16200,180,4,200,temporal,2,2,2,402.76983346156715,1.940233,1.777798,2.712271,1.875355,1.541721,2.648915,,1.418896,True
2,205,regular_holdout,20040,18501,19941,1440,4,200,temporal,1,11,11,-106.33396589324165,1.132222,0.670383,1.701692,2.491076,1.781173,3.153187,,0.770465,True
2,205,regular_holdout,20040,18501,19941,1440,4,200,static,2,73,73,-106.33396589324165,1.453177,1.058471,2.058723,1.788063,1.226484,2.476855,,0.770465,True
2,206,regular_holdout,16111,15850,16030,180,2,1000,static,1,8,8,-151.8297491782284,1.35588,1.146754,2.247098,2.239055,1.862446,2.973926,,24.651911,True
2,206,regular_holdout,16111,15850,16030,180,2,1000,temporal,2,3,3,-151.8297491782284,1.360266,1.082146,1.964991,1.780201,1.335289,2.444466,,24.651911,True
2,207,regular_holdout,21535,19932,21372,1440,4,1000,temporal,1,11,11,-13.767593177751223,0.973281,0.724775,1.639689,2.570647,1.761504,3.246618,,0.770355,True
2,207,regular_holdout,21535,19932,21372,1440,4,1000,static,2,75,75,-13.767593177751223,1.552377,1.219915,3.926967,2.333378,1.554099,3.006396,,0.770355,True
2,208,regular_holdout,28322,26663,28103,1440,2,1000,static,1,41,41,-94.31023882359978,1.260616,0.840311,1.85848,2.160967,1.563043,2.895348,,1.577795,True
2,208,regular_holdout,28322,26663,28103,1440,2,1000,temporal,2,6,6,-94.31023882359978,1.739049,1.239864,2.413378,2.073706,1.46159,2.901887,,1.577795,True
2,209,regular_holdout,26350,24679,26119,1440,2,1000,temporal,1,6,6,-37.413231606959144,1.148456,0.911358,1.693961,1.697396,1.056548,2.39467,,1.426206,True
2,209,regular_holdout,26350,24679,26119,1440,2,1000,static,2,34,34,-37.413231606959144,0.869715,0.661269,1.426306,2.200216,1.552928,2.898613,,1.426206,True
2,210,regular_holdout,16897,16747,16807,60,2,200,static,1,4,4,-77.03043498335282,0.940472,0.795482,1.550685,1.800072,1.542452,2.467161,,1.329009,True
2,210,regular_holdout,16897,16747,16807,60,2,200,temporal,2,2,2,-77.03043498335282,0.914973,0.7737,1.516363,1.627861,1.41572,2.466659,,1.329009,True
2,211,regular_holdout,18823,18355,18535,180,2,1000,temporal,1,1,1,-242.7896778249574,0.977337,0.822393,1.527319,1.524034,1.070488,2.188889,,1.906282,True
2,211,regular_holdout,18823,18355,18535,180,2,1000,static,2,5,5,-242.7896778249574,1.407438,1.183699,1.986954,1.683626,1.129978,2.338796,,1.906282,True
2,212,regular_holdout,19031,18540,18720,180,2,5000,static,1,5,5,57.41815273581958,1.850969,1.567259,2.74496,1.870317,1.519808,2.668605,,24.540342,True
2,212,regular_holdout,19031,18540,18720,180,2,5000,temporal,2,1,1,57.41815273581958,1.374078,1.153314,1.950238,1.680622,1.399586,2.365466,,24.540342,True
2,213,regular_holdout,18022,17956,18016,60,4,5000,temporal,1,2,2,75.65553489270391,1.623314,1.391093,2.18944,1.40895,1.161366,2.061347,,1.806301,True
2,213,regular_holdout,18022,17956,18016,60,4,5000,static,2,5,5,75.65553489270391,0.870496,0.715892,1.43534,2.143101,1.842286,2.829467,,1.806301,True
2,214,regular_holdout,25759,24056,25496,1440,2,1000,static,1,40,40,100.2145140451563,1.844749,1.209408,2.474331,2.182139,1.675423,2.906975,,0.893681,True
2,214,regular_holdout,25759,24056,25496,1440,2,1000,temporal,2,5,5,100.2145140451563,0.825759,0.623302,1.407929,1.986884,1.286445,2.666732,,0.893681,True
2,215,regular_holdout,17342,16452,17172,720,2,200,temporal,1,3,3,-665.8748002661976,1.105121,0.918319,1.672438,1.389221,1.072702,2.038002,,1.505447,True
2,215,regular_holdout,17342,16452,17172,720,2,200,static,2,17,17,-665.8748002661976,1.03824,0.737105,1.5809,1.996148,1.417783,2.663056,,1.505447,True
2,216,regular_holdout,22768,22470,22650,180,4,1000,static,1,12,12,-134.2300334958438,1.28332,1.023757,1.899122,1.896858,1.397664,2.60566,,5.107632,True
2,216,regular_holdout,22768,22470,22650,180,4,1000,temporal,2,5,5,-134.2300334958438,0.911929,0.761421,1.504755,1.36919,0.997218,2.504787,,5.107632,True
2,217,regular_holdout,17051,16468,16828,360,2,1000,temporal,1,3,3,-93.25309244717171,1.492146,1.251672,2.106145,2.689016,2.215781,3.393651,,2.024842,True
2,217,regular_holdout,17051,16468,16828,360,2,1000,static,2,10,10,-93.25309244717171,1.096658,0.920131,1.649814,1.702794,1.379486,2.370534,,2.024842,True
2,218,regular_holdout,25991,25503,25863,360,2,1000,static,1,9,9,637.8089143193826,2.014306,1.608132,2.913084,2.389242,1.593219,3.126116,,26.927733,True
2,218,regular_holdout,25991,25503,25863,360,2,1000,temporal,2,1,1,637.8089143193826,1.762014,1.480719,2.392157,1.853942,1.13727,2.572189,,26.927733,True
2,219,regular_holdout,22409,22176,22356,180,4,200,temporal,1,2,2,-752.489109138324,1.332544,1.11145,1.97122,2.183381,1.544154,3.077383,,1.996959,True
2,219,regular_holdout,22409,22176,22356,180,4,200,static,2,7,7,-752.489109138324,1.217541,1.013722,1.881384,2.068868,1.483272,2.755146,,1.996959,True
2,220,regular_holdout,16033,15209,15929,720,4,200,static,1,39,39,-1617.000910856751,1.495862,1.202428,2.188659,2.042177,1.537304,2.787975,,1.47455,True
2,220,regular_holdout,16033,15209,15929,720,4,200,temporal,2,6,6,-1617.000910856751,1.088326,0.871518,1.661552,2.053135,1.519267,2.739332,,1.47455,True
2,221,regular_holdout,21424,20956,21316,360,6,1000,temporal,1,9,9,-1179.2679615519644,0.979941,0.797857,1.592408,1.734693,1.401088,2.460439,,1.346055,True
2,221,regular_holdout,21424,20956,21316,360,6,1000,static,2,36,36,-1179.2679615519644,0.968865,0.782613,1.729575,1.626499,1.146413,2.346989,,1.346055,True
2,222,regular_holdout,25419,25093,25153,60,2,1000,static,1,3,3,-70.14409562877375,1.032761,0.837707,1.808034,1.527499,1.187586,2.287469,,1.437874,True
2,222,regular_holdout,25419,25093,25153,60,2,1000,temporal,2,1,1,-70.14409562877375,2.018252,1.724357,2.615615,1.918671,1.615252,2.562103,,1.437874,True
2,223,regular_holdout,25327,24628,24988,360,2,1000,temporal,1,1,1,-256.2354375714639,1.507309,1.17057,2.08388,1.511886,1.177661,2.152614,,1.581832,True
2,223,regular_holdout,25327,24628,24988,360,2,1000,static,2,9,9,-256.2354375714639,0.927302,0.746369,1.492397,1.949828,1.552357,22.93099,,1.581832,True
2,224,regular_holdout,26707,26449,26629,180,4,1000,static,1,11,11,-458.25743345491526,1.679679,1.29637,2.28181,2.088307,1.749094,3.149732,,1.924279,True
2,224,regular_holdout,26707,26449,26629,180,4,1000,temporal,2,2,2,-458.25743345491526,1.912962,1.557946,3.080027,2.046855,1.705819,2.812892,,1.924279,True
2,225,regular_holdout,22467,22140,22200,60,8,200,temporal,1,4,4,-343.1512035651211,1.25676,1.039331,2.002528,1.617155,1.349771,2.506029,,1.452406,True
2,225,regular_holdout,22467,22140,22200,60,8,200,static,2,10,10,-343.1512035651211,1.498605,1.273756,2.200717,2.040555,1.652919,2.706462,,1.452406,True
2,226,regular_holdout,26262,25478,26198,720,6,200,static,1,59,59,1429.422988113205,1.050338,0.819218,1.657396,2.225244,1.528241,3.084263,,1.055316,True
2,226,regular_holdout,26262,25478,26198,720,6,200,temporal,2,10,10,1429.422988113205,1.295879,1.0783,2.115369,2.073655,1.446687,2.93648,,1.055316,True
2,227,regular_holdout,28236,28023,28083,60,4,1000,temporal,1,2,2,6.01960612423332,1.028305,0.819099,1.599458,1.9838,1.714482,2.959114,,1.248678,True
2,227,regular_holdout,28236,28023,28083,60,4,1000,static,2,4,4,6.01960612423332,1.212594,1.029366,2.276622,1.22397,0.997288,1.963759,,1.248678,True
2,228,regular_holdout,19310,18814,19174,360,4,200,static,1,23,23,1211.543701106597,1.345364,1.11103,2.084171,1.389991,1.114015,2.105644,,3.247109,True
2,228,regular_holdout,19310,18814,19174,360,4,200,temporal,2,7,7,1211.543701106597,0.933882,0.77386,1.489172,1.659448,1.31627,2.405828,,3.247109,True
2,229,regular_holdout,19815,19375,19735,360,4,1000,temporal,1,6,6,-1239.7528418529566,1.205843,0.999652,1.890758,1.514009,1.189248,2.401221,,1.758198,True
2,229,regular_holdout,19815,19375,19735,360,4,1000,static,2,22,22,-1239.7528418529566,1.457844,1.242539,2.040094,1.593339,1.312795,22.763817,,1.758198,True
2,230,regular_holdout,17787,17267,17627,360,6,1000,static,1,35,35,1346.7260041670404,1.443342,1.173324,2.138803,3.194581,2.227769,3.950603,,7.450514,True
2,230,regular_holdout,17787,17267,17627,360,6,1000,temporal,2,9,9,1346.7260041670404,1.075887,0.885209,1.691738,2.5996,2.034937,3.352579,,7.450514,True
2,231,regular_holdout,16677,16174,16354,180,4,5000,temporal,1,2,2,627.2442769327456,1.385154,1.141046,1.977831,2.013544,1.682033,2.717198,,5.274604,True
2,231,regular_holdout,16677,16174,16354,180,4,5000,static,2,12,12,627.2442769327456,1.14378,0.937928,1.821034,1.919762,1.585967,2.786803,,5.274604,True
2,232,regular_holdout,23151,22157,22877,720,2,1000,static,1,21,21,-97.75991458800245,1.279905,1.013853,1.851489,1.758389,1.376751,2.46737,,1.629824,True
2,232,regular_holdout,23151,22157,22877,720,2,1000,temporal,2,3,3,-97.75991458800245,1.160265,0.872029,2.005552,1.701262,1.325955,2.544497,,1.629824,True
2,233,regular_holdout,22326,20679,22119,1440,6,5000,temporal,1,16,16,-433.04035432829323,1.125682,0.911959,1.804268,2.318436,1.483432,3.30709,,1.321027,True
2,233,regular_holdout,22326,20679,22119,1440,6,5000,static,2,106,106,-433.04035432829323,2.028227,1.79271,2.603807,2.534252,1.458034,3.603098,,1.321027,True
2,234,regular_holdout,23993,23924,23984,60,8,200,static,1,14,14,16.010922253035776,1.42902,1.201317,2.022088,1.952382,1.626609,2.649236,,4.288925,True
2,234,regular_holdout,23993,23924,23984,60,8,200,temporal,2,6,6,16.010922253035776,21.180903,1.490223,22.131421,2.259816,1.868375,3.20082,,4.288925,True
2,235,regular_holdout,23051,22412,22772,360,4,1000,temporal,1,6,6,253.42289287046955,1.413056,1.159553,1.989177,2.314139,1.646178,3.048889,,1.623575,True
2,235,regular_holdout,23051,22412,22772,360,4,1000,static,2,23,23,253.42289287046955,1.249029,0.974523,1.860352,1.91825,1.502131,2.628784,,1.623575,True
2,236,regular_holdout,27194,26517,26877,360,2,200,static,1,9,9,470.28303706398447,1.076998,0.817436,1.906512,1.864999,1.495642,2.620702,,1.255649,True
2,236,regular_holdout,27194,26517,26877,360,2,200,temporal,2,1,1,470.28303706398447,1.323421,1.06473,1.961456,1.484605,1.033673,2.154777,,1.255649,True
2,237,regular_holdout,23778,23243,23423,180,2,200,temporal,1,4,4,-193.4144613481365,1.176399,0.961334,1.743006,1.739139,1.445586,2.544868,,1.572407,True
2,237,regular_holdout,23778,23243,23423,180,2,200,static,2,8,8,-193.4144613481365,0.897407,0.667379,1.479587,1.886933,1.34942,2.646882,,1.572407,True
2,238,regular_holdout,18582,16823,18263,1440,6,1000,static,1,115,115,-535.6182999248372,1.148777,0.825518,1.762695,2.549845,1.700381,3.242563,,0.605676,True
2,238,regular_holdout,18582,16823,18263,1440,6,1000,temporal,2,16,16,-535.6182999248372,1.522923,0.996937,2.405917,2.875117,1.51493,3.838584,,0.605676,True
2,239,regular_holdout,24457,23833,24193,360,4,5000,temporal,1,6,6,193.98287572424107,1.318293,1.048275,2.045052,2.644739,1.914465,3.329775,,1.919162,True
2,239,regular_holdout,24457,23833,24193,360,4,5000,static,2,23,23,193.98287572424107,1.264502,1.011489,1.97717,1.913363,1.497624,2.663437,,1.919162,True
2,240,regular_holdout,17115,15348,16788,1440,2,200,static,1,40,40,-11.933110663564207,1.416922,1.164891,2.068037,1.924881,1.333176,23.602641,,1.335559,True
2,240,regular_holdout,17115,15348,16788,1440,2,200,temporal,2,5,5,-11.933110663564207,2.454541,2.003679,3.785313,2.581763,1.713972,3.847588,,1.335559,True
2,241,regular_holdout,20655,20275,20455,180,6,200,temporal,1,6,6,1100.0076325084253,1.380537,1.161556,2.275881,1.989248,1.662773,3.013146,,1.953793,True
2,241,regular_holdout,20655,20275,20455,180,6,200,static,2,19,19,1100.0076325084253,1.21699,0.99181,2.069369,1.952602,1.586489,2.972124,,1.953793,True
2,242,regular_holdout,20369,19926,20286,360,2,1000,static,1,12,12,147.30709347371513,1.025971,0.85356,2.05025,1.807413,1.539558,2.7185,,1.467088,True
2,242,regular_holdout,20369,19926,20286,360,2,1000,temporal,2,3,3,147.30709347371513,1.222057,1.039462,2.051521,1.652389,1.346005,2.580832,,1.467088,True
2,243,regular_holdout,24557,24096,24276,180,4,200,temporal,1,2,2,467.96678503827894,1.353617,1.108476,2.19631,2.001666,1.432345,2.986765,,1.675834,True
2,243,regular_holdout,24557,24096,24276,180,4,200,static,2,8,8,467.96678503827894,1.198942,0.991399,2.014546,1.880593,1.35566,2.829708,,1.675834,True
2,244,regular_holdout,20228,19311,20031,720,2,200,static,1,20,20,-876.2139506642078,1.473468,1.258824,2.252957,2.040815,1.582843,3.072966,,1.582583,True
2,244,regular_holdout,20228,19311,20031,720,2,200,temporal,2,3,3,-876.2139506642078,1.278953,1.056027,2.1765,1.906252,1.537003,2.929298,,1.582583,True
2,245,regular_holdout,25140,24751,25111,360,8,1000,temporal,1,6,6,-2410.9191110093984,1.446487,1.195888,2.259636,2.016679,1.554941,3.044233,,4.169193,True
2,245,regular_holdout,25140,24751,25111,360,8,1000,static,2,37,37,-2410.9191110093984,1.096147,0.888844,23.194298,3.011002,2.135339,4.232328,,4.169193,True
2,246,regular_holdout,24465,24207,24387,180,4,200,static,1,9,9,666.0363839025974,1.373206,1.110409,2.173136,2.184492,1.859431,3.215522,,0.878448,True
2,246,regular_holdout,24465,24207,24387,180,4,200,temporal,2,2,2,666.0363839025974,1.285203,1.066413,2.118182,1.927364,1.588302,2.914697,,0.878448,True
2,247,regular_holdout,23640,22049,23489,1440,2,1000,temporal,1,7,7,15.853368332065713,1.175126,0.944408,2.018292,1.448269,1.065851,2.456805,,1.612508,True
2,247,regular_holdout,23640,22049,23489,1440,2,1000,static,2,41,41,15.853368332065713,1.288227,0.964669,2.094937,1.873963,1.463613,2.839703,,1.612508,True
2,248,regular_holdout,24372,23350,24070,720,2,200,static,1,22,22,-850.2304609726788,1.069917,0.855183,1.914454,1.877058,1.458935,2.907215,,1.583795,True
2,248,regular_holdout,24372,23350,24070,720,2,200,temporal,2,4,4,-850.2304609726788,1.240866,0.981564,2.191994,1.703836,1.313997,2.666511,,1.583795,True
2,249,regular_holdout,24461,24055,24415,360,2,200,temporal,1,1,1,451.22086699916747,1.423021,1.099302,2.32126,1.767793,1.44184,2.755366,,1.670315,True
2,249,regular_holdout,24461,24055,24415,360,2,200,static,2,10,10,451.22086699916747,1.198462,0.972971,2.058522,1.597815,1.259004,2.641934,,1.670315,True
2,250,regular_holdout,25221,24905,24965,60,8,5000,static,1,8,8,-483.3778029469833,1.577705,1.336059,2.399738,1.98445,1.50125,3.016701,,1.595402,True
2,250,regular_holdout,25221,24905,24965,60,8,5000,temporal,2,4,4,-483.3778029469833,1.743256,1.554,2.626231,2.18247,1.632157,3.226928,,1.595402,True
2,251,regular_holdout,18140,16461,17901,1440,2,200,temporal,1,6,6,109.91474590008681,1.294858,1.055997,21.29786,2.350284,1.768243,3.529046,,1.878611,True
2,251,regular_holdout,18140,16461,17901,1440,2,200,static,2,42,42,109.91474590008681,1.552177,1.026832,2.474071,2.302422,1.519257,3.289023,,1.878611,True
2,252,regular_holdout,27353,26929,27289,360,2,1000,static,1,11,11,615.2674420203141,1.353997,1.108847,2.118803,1.724087,1.444674,2.59237,,0.916435,True
2,252,regular_holdout,27353,26929,27289,360,2,1000,temporal,2,2,2,615.2674420203141,1.252003,0.993523,1.990269,2.028477,1.474709,2.955238,,0.916435,True
2,253,regular_holdout,22590,22086,22266,180,2,200,temporal,1,1,1,-157.04087719817227,1.301388,1.099152,2.266106,2.003399,1.632468,2.991323,,5.167353,True
2,253,regular_holdout,22590,22086,22266,180,2,200,static,2,5,5,-157.04087719817227,1.244582,1.009456,2.002448,2.049569,1.515171,3.000086,,5.167353,True
2,254,regular_holdout,24167,23472,23832,360,4,1000,static,1,17,17,-1286.6085640388583,1.099152,0.816134,1.886743,2.247908,1.64723,3.218947,,2.198304,True
2,254,regular_holdout,24167,23472,23832,360,4,1000,temporal,2,2,2,-1286.6085640388583,1.101615,0.917036,1.923508,1.593399,1.242198,2.576155,,2.198304,True
2,255,regular_holdout,21397,19665,21105,1440,4,200,temporal,1,11,11,-343.7033286659873,1.140033,0.828092,1.922466,2.485998,1.530985,3.51163,,2.093054,True
2,255,regular_holdout,21397,19665,21105,1440,4,200,static,2,75,75,-343.7033286659873,1.006291,0.779328,1.762935,2.137021,1.46816,3.06844,,2.093054,True
2,256,regular_holdout,21482,19831,21271,1440,4,1000,static,1,73,73,-358.58696954170716,1.529552,1.201777,2.369292,2.106235,1.453577,25.146008,,1.38897,True
2,256,regular_holdout,21482,19831,21271,1440,4,1000,temporal,2,11,11,-358.58696954170716,2.193707,1.523723,3.324286,2.53996,1.858059,3.658491,,1.38897,True
2,257,regular_holdout,20014,19589,19949,360,8,5000,temporal,1,8,8,-1773.4417946549984,1.510113,1.280205,2.377094,2.233086,1.804067,3.189963,,5.854952,True
2,257,regular_holdout,20014,19589,19949,360,8,5000,static,2,37,37,-1773.4417946549984,1.430774,1.165763,2.254278,2.127087,1.629073,3.146688,,5.854952,True
2,258,regular_holdout,23625,22906,23266,360,6,200,static,1,32,32,1213.6088829931505,1.553389,1.289069,2.329863,34.334851,1.394278,35.592863,,1.790668,True
2,258,regular_holdout,23625,22906,23266,360,6,200,temporal,2,9,9,1213.6088829931505,2.299016,1.953754,3.633564,2.595994,1.761683,3.643158,,1.790668,True
2,259,regular_holdout,19056,18049,18769,720,6,1000,temporal,1,10,10,-2193.6484411846227,1.118701,0.914753,1.7531,17.720301,16.901814,18.642415,,2.263712,True
2,259,regular_holdout,19056,18049,18769,720,6,1000,static,2,62,62,-2193.6484411846227,1.751979,1.527078,2.606491,2.386959,1.807323,3.409915,,2.263712,True
2,260,regular_holdout,25415,25157,25337,180,2,5000,static,1,6,6,-209.61388788136173,1.146022,0.870697,1.887674,1.986544,1.668613,2.896579,,1.575022,True
2,260,regular_holdout,25415,25157,25337,180,2,5000,temporal,2,3,3,-209.61388788136173,1.252994,0.995725,2.061377,1.953504,1.469271,3.147849,,1.575022,True
2,261,regular_holdout,23732,23555,23615,60,4,1000,temporal,1,2,2,-219.7084370149443,1.452135,1.211292,2.250503,1.781143,1.529974,2.758391,,1.569113,True
2,261,regular_holdout,23732,23555,23615,60,4,1000,static,2,6,6,-219.7084370149443,1.128456,0.936456,1.947385,1.498065,1.290571,2.427229,,1.569113,True
2,262,regular_holdout,25563,23805,25245,1440,2,1000,static,1,41,41,-4.5333391796662,1.356201,1.057058,2.189119,1.913503,1.363882,3.038013,,1.678918,True
2,262,regular_holdout,25563,23805,25245,1440,2,1000,temporal,2,5,5,-4.5333391796662,1.213034,0.941283,2.053255,2.074277,1.495692,3.06908,,1.678918,True
2,263,regular_holdout,24811,23137,24577,1440,4,200,temporal,1,10,10,175.68896779185548,1.441039,1.153804,2.251674,2.142529,1.507869,3.110282,,1.505977,True
2,263,regular_holdout,24811,23137,24577,1440,4,200,static,2,73,73,175.68896779185548,1.334537,1.006582,2.201559,2.171043,1.517464,3.140948,,1.505977,True
2,264,regular_holdout,23352,22952,23312,360,6,200,static,1,32,32,1541.0473420777416,1.233134,0.950838,2.06984,2.190001,1.701552,3.153238,,5.470841,True
2,264,regular_holdout,23352,22952,23312,360,6,200,temporal,2,9,9,1541.0473420777416,1.36876,1.145612,21.90631,2.832893,1.912491,4.02832,,5.470841,True
2,265,regular_holdout,24981,24686,24866,180,4,1000,temporal,1,2,2,-187.7241243401649,1.437454,1.194486,2.263613,1.933293,1.557365,2.899144,,1.777738,True
2,265,regular_holdout,24981,24686,24866,180,4,1000,static,2,9,9,-187.7241243401649,1.175958,0.989586,1.985832,1.965902,1.46842,2.898733,,1.777738,True
2,266,regular_holdout,19662,19426,19606,180,8,200,static,1,23,23,-1133.1222679966866,1.426086,1.153424,2.261359,1.919352,1.553288,2.888307,,2.185324,True
2,266,regular_holdout,19662,19426,19606,180,8,200,temporal,2,10,10,-1133.1222679966866,1.252594,1.062907,2.084502,1.731387,1.463082,2.85109,,2.185324,True
2,267,regular_holdout,26107,25361,26081,720,4,200,temporal,1,7,7,1567.4515696532299,1.405896,1.123398,2.278325,2.179726,1.722455,3.166868,,1.512817,True
2,267,regular_holdout,26107,25361,26081,720,4,200,static,2,38,38,1567.4515696532299,1.26323,1.016337,2.086265,1.889687,1.440678,2.886865,,1.512817,True
2,268,regular_holdout,22221,20577,22017,1440,2,200,static,1,32,32,-58.21075100434467,1.596103,1.137159,2.417204,2.340208,1.716625,3.326769,,1.923078,True
2,268,regular_holdout,22221,20577,22017,1440,2,200,temporal,2,5,5,-58.21075100434467,1.153834,0.892409,1.975677,2.316232,1.621301,3.282373,,1.923078,True
2,269,regular_holdout,19407,19220,19400,180,4,1000,temporal,1,2,2,-183.04325115695642,1.564475,1.330632,2.501422,2.247979,1.876968,3.194831,,3.329324,True
2,269,regular_holdout,19407,19220,19400,180,4,1000,static,2,11,11,-183.04325115695642,1.210149,1.01898,2.128218,24.184861,1.74614,25.342124,,3.329324,True
2,270,regular_holdout,22355,21951,22131,180,8,1000,static,1,21,21,-279.7292027588727,1.906823,1.579097,2.730368,2.057791,1.685358,3.051103,,2.05723,True
2,270,regular_holdout,22355,21951,22131,180,8,1000,temporal,2,5,5,-279.7292027588727,1.198291,1.008935,2.057861,2.217032,1.552197,3.158445,,2.05723,True
2,271,regular_holdout,23814,23170,23530,360,6,1000,temporal,1,5,5,-252.5409419480519,1.839992,1.565317,2.65213,2.102659,1.642743,3.088429,,2.168328,True
2,271,regular_holdout,23814,23170,23530,360,6,1000,static,2,29,29,-252.5409419480519,1.456292,1.141116,2.365437,2.227778,1.537115,3.229733,,2.168328,True
2,272,regular_holdout,19202,18868,18928,60,4,200,static,1,6,6,235.38350649727894,1.571226,1.306305,2.38085,1.869737,1.593589,2.882048,,2.073044,True
2,272,regular_holdout,19202,18868,18928,60,4,200,temporal,2,2,2,235.38350649727894,1.19723,0.940301,2.015748,1.829476,1.575301,2.757208,,2.073044,True
2,273,regular_holdout,21163,20953,21133,180,6,1000,temporal,1,9,9,-1034.5941901213505,1.503753,1.232403,2.344765,2.048147,1.626018,2.968318,,1.74641,True
2,273,regular_holdout,21163,20953,21133,180,6,1000,static,2,23,23,-1034.5941901213505,1.338233,1.08498,2.107186,1.812741,1.451505,2.761215,,1.74641,True
2,274,regular_holdout,24693,23770,24490,720,4,200,static,1,37,37,634.1702903080106,1.3297,1.064449,2.094797,2.35466,1.859681,3.407873,,2.092253,True
2,274,regular_holdout,24693,23770,24490,720,4,200,temporal,2,6,6,634.1702903080106,1.376962,1.16453,2.264433,1.939613,1.466287,2.873124,,2.092253,True
2,275,regular_holdout,25235,24751,24931,180,6,1000,temporal,1,4,4,-765.295981039399,1.710896,1.337412,2.643657,2.404335,1.956698,3.5188,,1.006402,True
2,275,regular_holdout,25235,24751,24931,180,6,1000,static,2,14,14,-765.295981039399,1.351474,1.131701,2.246947,2.028277,1.636664,3.06853,,1.006402,True
2,276,regular_holdout,23755,23469,23649,180,4,200,static,1,8,8,-603.4882376048888,1.284222,1.059722,2.041407,2.207998,1.642814,3.57526,,1.789435,True
2,276,regular_holdout,23755,23469,23649,180,4,200,temporal,2,3,3,-603.4882376048888,0.999241,0.818007,1.845932,1.778359,1.48188,3.519871,,1.789435,True
2,277,regular_holdout,22741,22213,22393,180,4,1000,temporal,1,2,2,-724.1481238976967,1.14432,0.964438,1.799671,2.054567,1.704878,2.815126,,2.217432,True
2,277,regular_holdout,22741,22213,22393,180,4,1000,static,2,9,9,-724.1481238976967,1.170639,0.943957,1.759249,1.81223,1.52811,2.595824,,2.217432,True
2,278,regular_holdout,28108,27754,27814,60,2,200,static,1,1,1,-104.14833748585578,0.95899,0.774802,1.558406,1.656805,1.390221,3.240789,,1.454739,True
2,278,regular_holdout,28108,27754,27814,60,2,200,temporal,2,1,1,-104.14833748585578,1.105251,0.909946,1.82528,1.345354,1.129588,2.095398,,1.454739,True
2,279,regular_holdout,17904,17557,17617,60,8,200,temporal,1,4,4,486.0778624747831,6.729875,6.492115,7.336101,2.0107,1.697767,2.897381,,1.546648,True
2,279,regular_holdout,17904,17557,17617,60,8,200,static,2,9,9,486.0778624747831,1.247356,1.052552,1.901355,1.655392,1.36304,2.386258,,1.546648,True
2,280,regular_holdout,17086,16754,16934,180,4,5000,static,1,10,10,-653.8210751865746,1.009036,0.830265,1.583614,22.341058,21.798417,23.233467,,2.649155,True
2,280,regular_holdout,17086,16754,16934,180,4,5000,temporal,2,2,2,-653.8210751865746,1.618427,1.378083,2.825903,1.814884,1.510845,2.554573,,2.649155,True
2,281,regular_holdout,22090,21581,21761,180,4,1000,temporal,1,2,2,589.1114210247915,1.394739,1.151401,1.999183,2.184293,1.541311,2.877852,,1.885611,True
2,281,regular_holdout,22090,21581,21761,180,4,1000,static,2,12,12,589.1114210247915,1.17027,0.97208,1.764377,1.720731,1.373407,2.38755,,1.885611,True
2,282,regular_holdout,17888,16423,17863,1440,8,200,static,1,145,145,526.3766001510044,1.451335,1.07818,2.087146,7.329972,1.548552,8.106096,,2.002517,True
2,282,regular_holdout,17888,16423,17863,1440,8,200,temporal,2,20,20,526.3766001510044,2.072954,1.440348,2.714224,6.450733,1.613129,7.159475,,2.002517,True
2,283,regular_holdout,22951,21510,22950,1440,4,1000,temporal,1,10,10,406.65813280695477,1.559117,1.222849,2.184332,2.446759,1.581832,3.128209,,2.069849,True
2,283,regular_holdout,22951,21510,22950,1440,4,1000,static,2,73,73,406.65813280695477,1.562011,0.995545,2.151252,2.223361,1.596443,2.939624,,2.069849,True
2,284,regular_holdout,16499,16200,16380,180,2,5000,static,1,6,6,311.0192563472437,1.345565,1.139833,1.979623,1.979012,1.418325,2.897861,,1.720942,True
2,284,regular_holdout,16499,16200,16380,180,2,5000,temporal,2,1,1,311.0192563472437,1.221186,1.037528,1.860753,1.862977,1.554601,2.595334,,1.720942,True
2,285,regular_holdout,24838,23313,24753,1440,4,200,temporal,1,10,10,-215.6355553777729,2.25534,1.755634,3.187179,2.596946,1.518155,3.56508,,25.69006,True
2,285,regular_holdout,24838,23313,24753,1440,4,200,static,2,73,73,-215.6355553777729,2.477426,1.775505,3.336465,2.200336,1.352254,3.117614,,25.69006,True
2,286,regular_holdout,27170,25619,27059,1440,6,200,static,1,108,108,689.0171326232924,1.64076,0.944948,2.451417,2.119525,1.184081,3.059275,,1.857338,True
2,286,regular_holdout,27170,25619,27059,1440,6,200,temporal,2,15,15,689.0171326232924,1.318934,0.830025,2.107546,3.301352,2.433809,4.320912,,1.857338,True
2,287,regular_holdout,18934,18146,18866,720,6,1000,temporal,1,12,12,-1211.7991387669485,2.07718,1.713531,2.993456,2.587942,1.960264,3.616548,,2.292246,True
2,287,regular_holdout,18934,18146,18866,720,6,1000,static,2,61,61,-1211.7991387669485,1.583414,1.282579,2.407279,2.614132,1.935866,3.587714,,2.292246,True
2,288,regular_holdout,23602,21934,23374,1440,6,200,static,1,111,111,-251.33449649127147,1.643795,1.283451,2.47329,6.861915,1.609683,7.850239,,1.873993,True
2,288,regular_holdout,23602,21934,23374,1440,6,200,temporal,2,16,16,-251.33449649127147,1.393187,1.130889,2.237763,2.558518,1.581952,3.513732,,1.873993,True
2,289,regular_holdout,19849,19633,19693,60,8,1000,temporal,1,4,4,-481.31116870839867,1.196338,0.991619,1.976869,1.474619,1.225943,2.369923,,2.217633,True
2,289,regular_holdout,19849,19633,19693,60,8,1000,static,2,13,13,-481.31116870839867,1.345665,1.127064,2.143871,19.598271,1.518536,20.578693,,2.217633,True
2,290,regular_holdout,17699,16018,17458,1440,4,1000,static,1,74,74,231.58034259539272,1.895326,1.436221,2.729977,2.521352,1.769255,3.478949,,2.203451,True
2,290,regular_holdout,17699,16018,17458,1440,4,1000,temporal,2,10,10,231.58034259539272,1.26355,0.96578,2.072544,3.192297,2.363383,4.121732,,2.203451,True
2,291,regular_holdout,16412,16226,16286,60,8,200,temporal,1,4,4,403.6100306689989,1.319135,1.075917,1.930398,2.301911,1.760362,3.048159,,2.034446,True
2,291,regular_holdout,16412,16226,16286,60,8,200,static,2,8,8,403.6100306689989,1.245613,1.034043,1.833622,2.044871,1.585567,2.717849,,2.034446,True
2,292,regular_holdout,19272,19210,19270,60,8,5000,static,1,9,9,172.98392688362918,1.296691,1.072581,1.95772,1.888305,1.571076,2.582555,,2.173466,True
2,292,regular_holdout,19272,19210,19270,60,8,5000,temporal,2,4,4,172.98392688362918,1.079102,0.875954,1.667912,2.195579,1.870377,2.86395,,2.173466,True
2,293,regular_holdout,19378,19213,19273,60,4,200,temporal,1,2,2,111.48252872380057,0.980743,0.791697,1.571847,1.736866,1.444013,2.498478,,2.058322,True
2,293,regular_holdout,19378,19213,19273,60,4,200,static,2,4,4,111.48252872380057,0.950427,0.768722,1.542482,1.303611,1.110329,1.93749,,2.058322,True
2,294,regular_holdout,16236,15729,15909,180,2,200,static,1,5,5,-132.9202374124862,0.951738,0.80037,1.514049,1.594261,1.321338,2.271244,,1.543364,True
2,294,regular_holdout,16236,15729,15909,180,2,200,temporal,2,1,1,-132.9202374124862,2.135458,1.950238,2.713282,1.538536,1.308338,2.218564,,1.543364,True
2,295,regular_holdout,22860,22122,22842,720,4,1000,temporal,1,7,7,-1295.9634751570175,1.151872,0.927242,1.749946,1.657256,1.279294,2.347499,,1.783316,True
2,295,regular_holdout,22860,22122,22842,720,4,1000,static,2,39,39,-1295.9634751570175,1.003828,0.823815,1.546849,21.013,20.535919,21.821893,,1.783316,True
2,296,regular_holdout,18061,17706,17766,60,2,5000,static,1,2,2,105.90704526139301,1.219825,1.024259,1.856036,1.966693,1.630665,2.66567,,1.466567,True
2,296,regular_holdout,18061,17706,17766,60,2,5000,temporal,2,1,1,105.90704526139301,0.950577,0.790335,1.620029,1.499738,1.243129,2.15665,,1.466567,True
2,297,regular_holdout,24045,23776,23836,60,6,200,temporal,1,4,4,-361.3700990923472,1.108356,0.916976,1.708584,1.300777,1.010998,1.987735,,1.378394,True
2,297,regular_holdout,24045,23776,23836,60,6,200,static,2,4,4,-361.3700990923472,1.139262,0.945029,1.718047,1.380437,1.154465,2.037931,,1.378394,True
2,298,regular_holdout,24941,23239,24679,1440,4,200,static,1,73,73,152.54057568817453,0.989065,0.720329,1.56747,15.770193,7.901607,16.50257,,1.317492,True
2,298,regular_holdout,24941,23239,24679,1440,4,200,temporal,2,10,10,152.54057568817453,8.570889,8.063231,9.297146,2.147206,1.498936,2.875518,,1.317492,True
2,299,regular_holdout,20345,18601,20041,1440,4,200,temporal,1,10,10,-144.45620998085693,1.122537,0.872719,2.149375,100.919015,99.631267,102.46029,,1.863327,True
2,299,regular_holdout,20345,18601,20041,1440,4,200,static,2,71,71,-144.45620998085693,1.849346,1.374598,3.149061,2.944402,1.850457,4.231066,,1.863327,True
2,300,regular_holdout,17961,17387,17747,360,4,200,static,1,24,24,1158.475455932604,1.51485,1.251312,2.38148,2.26909,1.538716,3.288111,,2.099644,True
2,300,regular_holdout,17961,17387,17747,360,4,200,temporal,2,6,6,1158.475455932604,1.100483,0.914292,1.97092,1.85871,1.478896,2.815566,,2.099644,True
2,301,regular_holdout,16380,16187,16367,180,6,200,temporal,1,3,3,960.997490434351,1.179504,0.986251,2.034046,1.998602,1.483563,3.047548,,2.111683,True
2,301,regular_holdout,16380,16187,16367,180,6,200,static,2,16,16,960.997490434351,1.132503,0.956507,1.945061,1.928556,1.598938,2.874096,,2.111683,True
2,302,regular_holdout,25759,24176,25616,1440,4,200,static,1,71,71,415.04753171090204,1.566618,0.981494,2.359257,2.201328,1.334237,3.216874,,0.801271,True
2,302,regular_holdout,25759,24176,25616,1440,4,200,temporal,2,10,10,415.04753171090204,1.28308,0.918078,2.15666,1.888095,1.31625,2.835006,,0.801271,True
2,303,regular_holdout,24148,23854,24034,180,4,1000,temporal,1,6,6,227.67166984525917,1.315238,1.092351,2.176751,1.733161,1.377302,2.668384,,1.768744,True
2,303,regular_holdout,24148,23854,24034,180,4,1000,static,2,15,15,227.67166984525917,1.045651,0.882264,1.820733,1.505846,1.213234,2.459158,,1.768744,True
2,304,regular_holdout,23784,23576,23756,180,2,1000,static,1,5,5,-316.02183073532547,0.842603,0.675642,1.391183,1.456242,1.017849,2.182585,,1.733952,True
2,304,regular_holdout,23784,23576,23756,180,2,1000,temporal,2,1,1,-316.02183073532547,0.96537,0.797516,1.828835,1.779861,1.216119,2.67195,,1.733952,True
2,305,regular_holdout,18310,18038,18218,180,4,5000,temporal,1,6,6,-467.46781150092465,0.986181,0.817796,1.762094,1.420508,1.023738,2.376182,,2.567171,True
2,305,regular_holdout,18310,18038,18218,180,4,5000,static,2,14,14,-467.46781150092465,1.040373,0.87986,1.807924,1.359064,1.073984,2.318585,,2.567171,True
2,306,regular_holdout,20391,19884,20064,180,2,200,static,1,5,5,-68.23170526293913,0.835202,0.685407,1.542743,2.487321,2.064952,3.396155,,1.406026,True
2,306,regular_holdout,20391,19884,20064,180,2,200,temporal,2,1,1,-68.23170526293913,0.882194,0.728511,1.608181,1.845741,1.605848,2.772512,,1.406026,True
2,307,regular_holdout,28387,28046,28106,60,4,1000,temporal,1,2,2,50.68633059209409,0.976065,0.802484,1.740331,1.251832,1.054585,2.267989,,1.965251,True
2,307,regular_holdout,28387,28046,28106,60,4,1000,static,2,5,5,50.68633059209409,0.964979,0.795432,1.751789,1.358835,1.006201,2.263332,,1.965251,True
2,308,regular_holdout,17095,16574,16754,180,4,1000,static,1,13,13,-209.46511351573417,1.140605,0.949706,1.896167,1.520669,1.103137,2.343152,,1.953103,True
2,308,regular_holdout,17095,16574,16754,180,4,1000,temporal,2,4,4,-209.46511351573417,1.119883,0.955004,1.67341,1.822375,1.489372,2.630357,,1.953103,True
2,309,regular_holdout,27597,26078,27518,1440,4,5000,temporal,1,12,12,-267.0472932822777,1.314227,0.9724,1.872712,2.065072,1.298783,3.071063,,1.399857,True
2,309,regular_holdout,27597,26078,27518,1440,4,5000,static,2,75,75,-267.0472932822777,1.190089,0.825338,1.774583,2.102188,1.44851,2.80439,,1.399857,True
2,310,regular_holdout,25186,24872,25052,180,2,1000,static,1,7,7,-381.0370969240604,1.516012,1.290521,2.142269,1.903948,1.351203,3.073447,,2.101647,True
2,310,regular_holdout,25186,24872,25052,180,2,1000,temporal,2,1,1,-381.0370969240604,1.17055,0.986362,1.841144,1.900784,1.352205,2.735176,,2.101647,True
2,311,regular_holdout,22457,22096,22276,180,4,5000,temporal,1,2,2,-633.0683933911885,1.388079,1.158972,1.973584,1.943969,1.598647,2.822487,,2.129851,True
2,311,regular_holdout,22457,22096,22276,180,4,5000,static,2,13,13,-633.0683933911885,1.261246,1.064449,2.125723,1.966122,1.465405,2.709156,,2.129851,True
2,312,regular_holdout,19224,19005,19065,60,6,1000,static,1,10,10,226.38947876374252,1.227395,1.047263,1.86562,1.967855,1.465956,2.642725,,2.692151,True
2,312,regular_holdout,19224,19005,19065,60,6,1000,temporal,2,3,3,226.38947876374252,1.113082,0.950127,1.707992,1.980624,1.522893,2.736106,,2.692151,True
2,313,regular_holdout,20390,19420,20140,720,4,1000,temporal,1,6,6,-1026.5485914130654,1.260045,1.060283,1.896517,1.909327,1.443202,2.649666,,1.908416,True
2,313,regular_holdout,20390,19420,20140,720,4,1000,static,2,38,38,-1026.5485914130654,1.235908,1.01841,1.840232,1.892712,1.376311,2.594293,,1.908416,True
2,314,regular_holdout,24359,22602,24042,1440,2,200,static,1,33,33,-3.9461058008275813,1.566869,1.022807,2.165334,2.08364,1.306025,2.78478,,3.898394,True
2,314,regular_holdout,24359,22602,24042,1440,2,200,temporal,2,5,5,-3.9461058008275813,1.23701,0.971619,1.901916,2.022087,1.506277,2.809057,,3.898394,True
2,315,regular_holdout,22958,22428,22608,180,6,5000,temporal,1,8,8,-520.2941099977952,1.101145,0.902464,1.67333,1.81247,1.452766,2.504477,,0.729803,True
2,315,regular_holdout,22958,22428,22608,180,6,5000,static,2,21,21,-520.2941099977952,1.066442,0.891728,2.639971,11.751207,1.566338,12.705189,,0.729803,True
2,316,regular_holdout,16544,16379,16439,60,4,1000,static,1,3,3,157.7766033340541,1.195457,1.022396,1.781524,1.331753,1.153674,2.043129,,1.516072,True
2,316,regular_holdout,16544,16379,16439,60,4,1000,temporal,2,2,2,157.7766033340541,1.015115,0.845949,1.582763,1.195518,1.025621,2.198234,,1.516072,True
2,317,regular_holdout,28661,28123,28483,360,6,200,temporal,1,9,9,1914.0178060264045,0.907041,0.723995,1.64686,1.678207,1.339776,2.451616,,0.501077,True
2,317,regular_holdout,28661,28123,28483,360,6,200,static,2,34,34,1914.0178060264045,0.850536,0.684745,1.413647,1.488531,1.167806,2.433049,,0.501077,True
2,318,regular_holdout,20607,20252,20312,60,6,200,static,1,13,13,344.73107145730086,0.864627,0.709082,1.522101,1.245383,1.015165,1.963309,,1.262149,True
2,318,regular_holdout,20607,20252,20312,60,6,200,temporal,2,8,8,344.73107145730086,0.888273,0.728381,1.612167,1.554069,1.107615,2.885232,,1.262149,True
2,319,regular_holdout,22636,22283,22463,180,6,5000,temporal,1,4,4,-823.1969612447365,1.320256,1.10507,2.195309,1.960734,1.609414,3.030261,,2.315181,True
2,319,regular_holdout,22636,22283,22463,180,6,5000,static,2,15,15,-823.1969612447365,1.247296,1.054594,2.151533,1.973794,1.48176,3.045204,,2.315181,True
2,320,regular_holdout,20955,20705,20885,180,6,200,static,1,17,17,-762.6962195308547,1.07851,0.883786,1.995367,1.622402,1.340266,2.96289,,2.141417,True
2,320,regular_holdout,20955,20705,20885,180,6,200,temporal,2,4,4,-762.6962195308547,0.824426,0.66156,1.680901,1.533819,1.11097,2.291835,,2.141417,True
2,321,regular_holdout,19202,19018,19198,180,2,200,temporal,1,1,1,309.0420831786768,0.947052,0.783074,1.760451,1.318924,1.03857,2.297624,,1.711066,True
2,321,regular_holdout,19202,19018,19198,180,2,200,static,2,4,4,309.0420831786768,0.845178,0.694059,1.704688,2.488152,2.115739,3.226378,,1.711066,True
2,322,regular_holdout,26760,26695,26755,60,2,1000,static,1,3,3,7.735679968041314,1.773131,1.371013,2.49386,1.477854,1.218753,2.315911,,1.80569,True
2,322,regular_holdout,26760,26695,26755,60,2,1000,temporal,2,2,2,7.735679968041314,1.285524,1.100704,1.865551,2.097842,1.808374,2.780383,,1.80569,True
2,323,regular_holdout,20276,19806,20166,360,2,1000,temporal,1,1,1,16.319714656572287,1.344282,1.071851,1.922476,1.784889,1.338333,2.505628,,1.334368,True
2,323,regular_holdout,20276,19806,20166,360,2,1000,static,2,8,8,16.319714656572287,0.890877,0.699948,1.593559,2.047325,1.447589,2.751189,,1.334368,True
2,324,regular_holdout,19238,19171,19231,60,2,200,static,1,3,3,69.3433327083831,0.952309,0.771056,1.63392,1.361889,1.162087,2.038442,,3.34002,True
2,324,regular_holdout,19238,19171,19231,60,2,200,temporal,2,1,1,69.3433327083831,0.831508,0.640548,1.413988,3.564409,2.013955,5.640177,,3.34002,True
2,325,regular_holdout,21020,20602,20782,180,2,5000,temporal,1,1,1,49.67827295840449,2.130611,1.809596,3.107428,2.282422,1.67977,3.327201,,3.349334,True
2,325,regular_holdout,21020,20602,20782,180,2,5000,static,2,5,5,49.67827295840449,1.988536,1.607811,2.878582,2.091392,1.623635,3.071294,,3.349334,True
2,326,regular_holdout,23345,22569,23289,720,6,1000,static,1,54,54,2366.6110350637805,1.385665,1.122197,2.261009,2.018021,1.464514,3.018093,,2.281509,True
2,326,regular_holdout,23345,22569,23289,720,6,1000,temporal,2,11,11,2366.6110350637805,1.198031,0.946982,2.066804,1.87853,1.334228,2.871351,,2.281509,True
2,327,regular_holdout,27438,26433,27153,720,8,200,temporal,1,13,13,2027.7718233395124,1.449482,1.040283,2.322391,2.150752,1.535902,3.105065,,1.780912,True
2,327,regular_holdout,27438,26433,27153,720,8,200,static,2,74,74,2027.7718233395124,1.226895,0.947332,1.974195,2.002207,1.387728,3.035509,,1.780912,True
2,328,regular_holdout,25647,25378,25438,60,4,200,static,1,4,4,66.89844147311317,1.288869,1.074224,2.199456,1.766301,1.4686,2.507221,,2.155299,True
2,328,regular_holdout,25647,25378,25438,60,4,200,temporal,2,2,2,66.89844147311317,1.058831,0.864657,1.702584,1.593168,1.316601,2.316102,,2.155299,True
2,329,regular_holdout,22922,22035,22755,720,4,200,temporal,1,6,6,-1110.7453838761407,1.738208,1.442111,2.848346,1.812851,1.182177,2.625069,,18.779152,True
2,329,regular_holdout,22922,22035,22755,720,4,200,static,2,38,38,-1110.7453838761407,1.218632,1.040293,1.85224,1.287917,0.917257,1.956748,,18.779152,True
2,330,regular_holdout,17484,15850,17290,1440,6,1000,static,1,114,114,-172.00762600292836,0.9853,0.751917,1.631196,6.238842,1.95771,7.449513,,1.887904,True
2,330,regular_holdout,17484,15850,17290,1440,6,1000,temporal,2,15,15,-172.00762600292836,1.111681,0.854031,1.999333,2.38753,1.589974,3.211275,,1.887904,True
2,331,regular_holdout,18970,17513,18953,1440,4,1000,temporal,1,11,11,431.37582636568084,1.161736,0.891798,1.843157,1.602422,1.075826,2.305777,,2.168268,True
2,331,regular_holdout,18970,17513,18953,1440,4,1000,static,2,73,73,431.37582636568084,1.145021,0.860611,1.768514,1.721483,1.165482,2.504296,,2.168268,True
2,332,regular_holdout,26695,26376,26556,180,4,5000,static,1,11,11,-657.6634764112234,1.101385,0.881663,1.717677,1.545566,1.242548,2.364605,,1.596213,True
2,332,regular_holdout,26695,26376,26556,180,4,5000,temporal,2,2,2,-657.6634764112234,0.84049,0.624434,1.552687,1.463483,1.072872,2.36093,,1.596213,True
2,333,regular_holdout,19785,19389,19749,360,6,200,temporal,1,9,9,-1598.8508932868933,0.99223,0.805167,1.81907,1.89823,1.367577,2.840004,,1.764157,True
2,333,regular_holdout,19785,19389,19749,360,6,200,static,2,31,31,-1598.8508932868933,0.917668,0.737255,1.671988,1.801984,1.363922,2.677338,,1.764157,True
2,334,regular_holdout,16275,16080,16140,60,4,200,static,1,3,3,121.54596539521503,1.262149,1.089788,2.055408,3.559862,3.26755,4.466783,,1.489472,True
2,334,regular_holdout,16275,16080,16140,60,4,200,temporal,2,2,2,121.54596539521503,1.363402,0.867932,2.196161,1.249459,1.016577,2.139945,,1.489472,True
2,335,regular_holdout,18777,17817,18537,720,4,5000,temporal,1,6,6,-1102.811373814009,1.371314,1.109778,2.081748,1.891229,1.496322,2.594452,,14.272959,True
2,335,regular_holdout,18777,17817,18537,720,4,5000,static,2,36,36,-1102.811373814009,0.991459,0.80684,1.71289,1.572978,0.932499,2.318445,,14.272959,True
2,336,regular_holdout,24126,23714,23894,180,2,5000,static,1,3,3,-196.84195529229743,0.986041,0.80032,1.551396,1.262028,0.983998,1.972873,,1.908515,True
2,336,regular_holdout,24126,23714,23894,180,2,5000,temporal,2,1,1,-196.84195529229743,0.895133,0.703794,1.538997,1.275238,0.976206,2.025682,,1.908515,True
2,337,regular_holdout,22925,22662,22842,180,6,1000,temporal,1,3,3,661.8718520639867,1.049506,0.796274,1.760492,1.437754,1.107013,2.227538,,6.803176,True
2,337,regular_holdout,22925,22662,22842,180,6,1000,static,2,15,15,661.8718520639867,0.843756,0.682231,1.510083,1.313776,1.037839,1.987746,,6.803176,True
2,338,regular_holdout,27806,27601,27661,60,4,200,static,1,6,6,-234.11131577144843,0.812038,0.635831,1.731078,1.17707,0.977668,1.916387,,1.489181,True
2,338,regular_holdout,27806,27601,27661,60,4,200,temporal,2,2,2,-234.11131577144843,0.855123,0.666277,1.50112,1.244772,0.927152,2.206236,,1.489181,True
2,339,regular_holdout,20014,18430,19870,1440,8,200,temporal,1,22,22,-357.1919224814201,1.371393,0.713609,2.006563,5.594919,1.191551,6.34336,,2.033404,True
2,339,regular_holdout,20014,18430,19870,1440,8,200,static,2,145,145,-357.1919224814201,1.255168,0.732036,1.974716,1.731779,1.12435,2.740834,,2.033404,True
2,340,regular_holdout,19193,18661,18841,180,2,5000,static,1,6,6,224.89262327878274,0.967393,0.773199,1.570955,2.163892,1.806612,2.861476,,1.606529,True
2,340,regular_holdout,19193,18661,18841,180,2,5000,temporal,2,1,1,224.89262327878274,0.94528,0.774682,1.780402,1.26986,1.049047,1.925742,,1.606529,True
2,341,regular_holdout,23913,22452,23892,1440,4,1000,temporal,1,12,12,-136.2720837968293,1.141767,0.909175,1.695233,1.805229,1.003047,18.882534,,1.562322,True
2,341,regular_holdout,23913,22452,23892,1440,4,1000,static,2,72,72,-136.2720837968293,1.548321,1.206825,2.342091,2.106845,1.236149,2.893996,,1.562322,True
2,342,regular_holdout,21352,20956,21136,180,2,1000,static,1,6,6,-364.5046432028928,1.200094,1.007223,1.807252,1.762515,1.456322,2.582544,,2.031271,True
2,342,regular_holdout,21352,20956,21136,180,2,1000,temporal,2,2,2,-364.5046432028928,1.015496,0.843125,1.588802,1.424283,0.993071,2.111753,,2.031271,True
2,343,regular_holdout,28406,27950,28130,180,4,5000,temporal,1,2,2,56.56309232370458,1.37589,1.113544,2.088558,1.577084,1.149168,2.274168,,2.039694,True
2,343,regular_holdout,28406,27950,28130,180,4,5000,static,2,9,9,56.56309232370458,0.90643,0.733609,1.582683,1.788133,1.438555,2.523916,,2.039694,True
2,344,regular_holdout,21073,20656,21016,360,4,1000,static,1,22,22,-1013.6746810702757,1.168046,0.90001,1.735514,2.651178,1.302339,4.617671,,1.431284,True
2,344,regular_holdout,21073,20656,21016,360,4,1000,temporal,2,5,5,-1013.6746810702757,1.067854,0.794951,1.745624,1.750396,1.232954,5.455638,,1.431284,True
2,345,regular_holdout,18918,17179,18619,1440,2,200,temporal,1,5,5,-16.420450632837046,1.276059,0.738997,2.082398,1.705719,1.180545,5.353775,,4.011995,True
2,345,regular_holdout,18918,17179,18619,1440,2,200,static,2,39,39,-16.420450632837046,1.192553,0.768753,1.925141,1.696916,1.104701,2.439358,,4.011995,True
2,346,regular_holdout,16527,16156,16336,180,2,200,static,1,7,7,331.2683632214284,0.890206,0.731646,1.465526,1.421109,1.033853,2.081887,,1.808925,True
2,346,regular_holdout,16527,16156,16336,180,2,200,temporal,2,1,1,331.2683632214284,0.721581,0.568079,1.450082,1.398445,1.129127,2.120876,,1.808925,True
2,347,regular_holdout,18255,17610,17970,360,4,1000,temporal,1,2,2,757.0377907945435,1.644366,1.384934,2.42755,2.22945,1.756856,3.28758,,21.323969,True
2,347,regular_holdout,18255,17610,17970,360,4,1000,static,2,18,18,757.0377907945435,1.097038,0.874011,1.766451,2.039794,1.403962,2.773243,,21.323969,True
2,348,regular_holdout,27647,26828,27548,720,6,1000,static,1,61,61,1451.0997710959605,1.056668,0.805778,2.128468,1.678638,1.178552,3.560984,,1.471525,True
2,348,regular_holdout,27647,26828,27548,720,6,1000,temporal,2,10,10,1451.0997710959605,1.24981,1.006753,1.897549,1.557415,1.105922,2.458527,,1.471525,True
2,349,regular_holdout,19427,19014,19074,60,6,5000,temporal,1,4,4,289.2641781984157,1.082206,0.913481,1.677746,1.75917,1.343602,2.443074,,1.812561,True
2,349,regular_holdout,19427,19014,19074,60,6,5000,static,2,9,9,289.2641781984157,0.870186,0.733209,1.517945,1.31593,0.928033,2.045382,,1.812561,True
2,350,regular_holdout,22361,22255,22315,60,6,5000,static,1,7,7,-408.9610391971836,1.606809,1.358284,2.311885,1.522241,1.215208,2.353248,,1.649864,True
2,350,regular_holdout,22361,22255,22315,60,6,5000,temporal,2,3,3,-408.9610391971836,0.879069,0.738727,1.502682,1.524725,1.260626,2.218994,,1.649864,True
2,351,regular_holdout,27821,27476,27536,60,6,1000,temporal,1,9,9,-207.14541143895448,1.114425,0.863015,1.764298,1.740982,1.17721,2.644318,,1.848986,True
2,351,regular_holdout,27821,27476,27536,60,6,1000,static,2,16,16,-207.14541143895448,0.975155,0.777806,1.584676,1.594591,1.130228,2.300248,,1.848986,True
2,352,regular_holdout,16533,15861,16221,360,4,1000,static,1,21,21,164.03333173933729,0.91949,0.752438,1.612097,1.470564,1.094885,2.13626,,1.472997,True
2,352,regular_holdout,16533,15861,16221,360,4,1000,temporal,2,6,6,164.03333173933729,1.009847,0.765548,1.750437,1.407728,0.934653,2.111062,,1.472997,True
2,353,regular_holdout,16540,16207,16387,180,4,200,temporal,1,2,2,604.4073302700198,0.904017,0.752938,1.539587,1.944079,1.344453,3.667404,,1.489152,True
2,353,regular_holdout,16540,16207,16387,180,4,200,static,2,11,11,604.4073302700198,0.874532,0.717815,1.497964,1.40883,1.108366,2.574523,,1.489152,True
2,354,regular_holdout,22729,22443,22623,180,8,200,static,1,29,29,-564.5013476600003,1.039622,0.8528,1.704086,8.966882,1.206104,10.375146,,1.816487,True
2,354,regular_holdout,22729,22443,22623,180,8,200,temporal,2,11,11,-564.5013476600003,1.097129,0.90644,2.024461,3.370797,2.41392,4.141392,,1.816487,True
2,355,regular_holdout,21534,20042,21482,1440,6,200,temporal,1,16,16,139.9721515039063,1.507689,1.195046,2.138453,2.194137,1.487839,2.909348,,1.443432,True
2,355,regular_holdout,21534,20042,21482,1440,6,200,static,2,115,115,139.97215150390136,1.897759,1.272204,2.483805,2.256932,1.371704,3.048339,,1.443432,True
2,356,regular_holdout,24165,23714,24074,360,4,200,static,1,22,22,-22.22273491848426,1.290151,0.966371,1.953193,1.551516,1.222388,2.285555,,1.943308,True
2,356,regular_holdout,24165,23714,24074,360,4,200,temporal,2,6,6,-22.22273491848426,0.848833,0.636222,1.562022,1.499177,1.225543,2.32144,,1.943308,True
2,357,regular_holdout,21456,19742,21182,1440,8,200,temporal,1,21,21,-558.8607278416093,1.226364,0.770695,1.875606,3.166318,2.195159,4.007649,,1.274337,True
2,357,regular_holdout,21456,19742,21182,1440,8,200,static,2,146,146,-558.8607278416093,1.038069,0.765667,1.703325,3.176863,1.888896,3.899376,,1.274337,True
2,358,regular_holdout,23226,22410,23130,720,6,1000,static,1,53,53,1311.6555874796795,1.311943,1.031079,1.934084,1.735384,1.250471,2.4935,,4.699586,True
2,358,regular_holdout,23226,22410,23130,720,6,1000,temporal,2,9,9,1311.6555874796795,1.019031,0.843565,1.647701,1.576954,1.162988,2.286697,,4.699586,True
2,359,regular_holdout,16974,16865,16925,60,4,200,temporal,1,2,2,-236.73182484463473,0.917146,0.742062,1.581481,1.319685,1.111631,2.210342,,1.641803,True
2,359,regular_holdout,16974,16865,16925,60,4,200,static,2,7,7,-236.73182484463473,0.970037,0.738086,1.636644,1.23689,1.024469,1.978412,,1.641803,True
2,360,maintenance_burst,32957,32014,32734,720,4,10000,static,1,39,39,1689.0762392403524,1.799741,1.430443,2.816799,3.558891,2.490716,4.492502,,29.195811,True
2,360,maintenance_burst,32957,32014,32734,720,4,10000,temporal,2,7,7,1689.0762392403524,1.570715,1.216279,2.373088,2.24938,1.588271,3.113777,,29.195811,True
2,361,maintenance_burst,32167,31742,31922,180,4,5000,temporal,1,10,10,-483.41980656806226,1.740311,1.319895,2.416343,2.485618,1.608702,3.289523,,4.383427,True
2,361,maintenance_burst,32167,31742,31922,180,4,5000,static,2,46,46,-483.41980656806226,1.264742,0.980433,1.895275,1.967575,1.545197,2.676757,,4.383427,True
2,362,maintenance_burst,34469,33481,34201,720,4,10000,static,1,35,35,1430.340421458798,1.127474,0.868693,1.731027,1.660911,1.196559,2.342571,,0.639767,True
2,362,maintenance_burst,34469,33481,34201,720,4,10000,temporal,2,6,6,1430.340421458798,0.792047,0.609691,1.424083,1.358113,0.947383,2.238585,,0.639767,True
2,363,maintenance_burst,35317,34873,35053,180,4,1000,temporal,1,2,2,736.9169585474874,2.079454,1.315679,2.988158,2.097841,1.437233,2.798762,,4.348113,True
2,363,maintenance_burst,35317,34873,35053,180,4,1000,static,2,10,10,736.9169585474874,1.001124,0.793379,1.638387,1.405786,1.115808,2.120587,,4.348113,True
2,364,maintenance_burst,31201,30782,30962,180,4,10000,static,1,12,12,467.7679934762834,1.606869,1.274667,2.354289,2.735957,1.236079,3.735582,,13.218364,True
2,364,maintenance_burst,31201,30782,30962,180,4,10000,temporal,2,2,2,467.7679934762834,1.257791,0.850566,11.186934,2.415662,1.64018,3.516016,,13.218364,True
2,365,maintenance_burst,33062,31606,33046,1440,4,5000,temporal,1,15,15,-370.65829520772337,1.98453,1.512146,2.965433,2.454711,1.639108,3.513682,,9.343246,True
2,365,maintenance_burst,33062,31606,33046,1440,4,5000,static,2,105,105,-370.65829520772337,1.625988,1.003648,2.489724,5.195295,1.333546,6.171982,,9.343246,True
2,366,maintenance_burst,30580,30026,30386,360,2,5000,static,1,13,13,-393.2209038279113,1.616814,1.308949,2.371775,2.197522,1.65969,3.20781,,2.859423,True
2,366,maintenance_burst,30580,30026,30386,360,2,5000,temporal,2,3,3,-393.2209038279113,1.30957,1.044178,2.194167,1.800102,1.378564,2.815096,,2.859423,True
2,367,maintenance_burst,32567,31082,32522,1440,4,5000,temporal,1,12,12,370.70135666771404,1.727933,1.279234,2.583116,1.784308,1.113514,2.704324,,3.102911,True
2,367,maintenance_burst,32567,31082,32522,1440,4,5000,static,2,102,102,370.70135666771404,1.02538,0.742833,1.75937,1.731828,1.094435,2.433018,,3.102911,True
2,368,maintenance_burst,32246,31764,32124,360,6,10000,static,1,78,78,-133.5153126800367,1.339805,1.049848,1.991481,1.538236,1.08489,2.240858,,4.421685,True
2,368,maintenance_burst,32246,31764,32124,360,6,10000,temporal,2,14,14,-133.5153126800367,22.453819,0.745347,23.262673,3.042966,2.130416,4.13394,,4.421685,True
2,369,maintenance_burst,33142,32120,32840,720,4,10000,temporal,1,6,6,711.2650577270223,1.669645,1.279054,2.504346,2.59282,1.933293,3.552181,,4.382706,True
2,369,maintenance_burst,33142,32120,32840,720,4,10000,static,2,37,37,711.2650577270223,1.420027,1.095536,2.232045,2.113055,1.593339,3.09566,,4.382706,True
2,370,maintenance_burst,31749,29997,31437,1440,4,1000,static,1,73,73,-46.81101615141051,1.498165,1.081315,2.199345,2.450505,1.688603,3.318087,,7.890429,True
2,370,maintenance_burst,31749,29997,31437,1440,4,1000,temporal,2,10,10,-46.81101615141051,0.983016,0.719277,1.628853,1.798179,1.0714,2.504907,,7.890429,True
2,371,maintenance_burst,31786,30061,31501,1440,4,5000,temporal,1,10,10,-307.50604641611443,1.327326,0.986031,1.950559,1.965892,1.371163,2.833454,,2.287819,True
2,371,maintenance_burst,31786,30061,31501,1440,4,5000,static,2,73,73,-307.50604641611443,1.370121,0.938569,2.073225,1.916437,1.248748,2.654374,,2.287819,True
2,372,maintenance_burst,32461,31949,32129,180,2,5000,static,1,6,6,-31.59766244735504,1.130559,0.927532,1.829416,1.499607,1.000723,2.184312,,3.42602,True
2,372,maintenance_burst,32461,31949,32129,180,2,5000,temporal,2,1,1,-31.59766244735504,1.554981,1.262989,2.18907,1.450823,1.140805,2.194317,,3.42602,True
2,373,maintenance_burst,34024,33313,33673,360,2,10000,temporal,1,2,2,189.65925636292798,19.685442,1.103078,20.616791,2.199735,1.776987,3.31326,,4.127561,True
2,373,maintenance_burst,34024,33313,33673,360,2,10000,static,2,10,10,189.65925636292798,1.595301,1.30934,2.361821,1.329991,0.999561,2.450605,,4.127561,True
2,374,maintenance_burst,33675,33208,33388,180,6,1000,static,1,20,20,283.044812379643,1.442781,1.170519,2.139375,1.823767,1.499487,2.589655,,2.373558,True
2,374,maintenance_burst,33675,33208,33388,180,6,1000,temporal,2,10,10,283.044812379643,0.885929,0.728292,1.543113,1.912572,1.529142,2.630467,,2.373558,True
2,375,maintenance_burst,33464,31773,33213,1440,2,5000,temporal,1,10,10,-173.66491765520584,1.416341,0.847281,2.039433,1.691307,1.25009,2.481873,,2.684609,True
2,375,maintenance_burst,33464,31773,33213,1440,2,5000,static,2,57,57,-173.66491765520584,0.957287,0.658816,1.781023,1.850217,1.148487,2.573921,,2.684609,True
2,376,maintenance_burst,32872,31084,32524,1440,4,1000,static,1,101,101,367.8098632243574,1.305584,0.799779,2.013635,2.919454,2.290052,3.752593,,3.04859,True
2,376,maintenance_burst,32872,31084,32524,1440,4,1000,temporal,2,12,12,367.8098632243574,1.291453,0.843836,1.920874,1.844739,1.046181,2.767113,,3.04859,True
2,377,maintenance_burst,35153,34798,34978,180,2,5000,temporal,1,1,1,183.11216168017353,1.002756,0.795803,1.863528,1.474949,1.011629,2.449173,,2.952453,True
2,377,maintenance_burst,35153,34798,34978,180,2,5000,static,2,6,6,183.11216168017353,1.530895,1.105201,2.392798,1.47486,1.195307,2.455282,,2.952453,True
2,378,maintenance_burst,33613,33044,33404,360,2,5000,static,1,12,12,-241.90653102193303,1.17769,0.96604,1.983189,1.420138,1.033172,2.334259,,3.616248,True
2,378,maintenance_burst,33613,33044,33404,360,2,5000,temporal,2,3,3,-241.90653102193303,0.944488,0.728642,1.717968,1.284883,1.040313,18.406458,,3.616248,True
2,379,maintenance_burst,34255,33849,34029,180,2,10000,temporal,1,3,3,176.1399244106881,1.935977,1.625257,3.017502,2.498367,1.750207,3.488434,,12.226385,True
2,379,maintenance_burst,34255,33849,34029,180,2,10000,static,2,7,7,176.1399244106881,0.986812,0.778537,1.803888,1.5147,1.261197,2.463845,,12.226385,True
2,380,maintenance_burst,30361,29321,30041,720,2,10000,static,1,21,21,714.69494658319,1.495551,1.256971,2.487391,2.022729,1.572278,3.041789,,2.721485,True
2,380,maintenance_burst,30361,29321,30041,720,2,10000,temporal,2,3,3,714.69494658319,1.157801,0.900492,2.048447,1.831449,1.2833,2.825532,,2.721485,True
2,381,maintenance_burst,34978,33447,34887,1440,6,5000,temporal,1,16,16,217.81690726594474,1.343551,1.042546,2.226206,1.95775,1.112812,2.974477,,2.908447,True
2,381,maintenance_burst,34978,33447,34887,1440,6,5000,static,2,115,115,217.81690726594437,1.475972,0.763324,2.337054,1.695603,1.016967,2.75843,,2.908447,True
2,382,maintenance_burst,30500,30075,30435,360,2,1000,static,1,11,11,-539.0305077770051,1.624205,1.316621,2.550707,2.020235,1.644156,3.042901,,4.02795,True
2,382,maintenance_burst,30500,30075,30435,360,2,1000,temporal,2,3,3,-539.0305077770051,0.887582,0.710324,1.747822,1.348178,1.04539,2.243993,,4.02795,True
2,383,maintenance_burst,33334,32943,33303,360,2,1000,temporal,1,3,3,-568.5175023538451,1.583043,1.254577,2.898272,1.569472,1.102036,2.852082,,5.35122,True
2,383,maintenance_burst,33334,32943,33303,360,2,1000,static,2,13,13,-568.5175023538451,0.835373,0.62822,1.656855,1.515321,1.081134,2.44712,,5.35122,True
2,384,maintenance_burst,30619,30189,30369,180,8,5000,static,1,16,16,-1312.5380532630525,1.267967,0.961434,2.132784,1.890609,1.259153,2.9566,,3.305377,True
2,384,maintenance_burst,30619,30189,30369,180,8,5000,temporal,2,4,4,-1312.5380532630525,0.961134,0.794351,1.828314,1.446938,1.131902,2.438067,,3.305377,True
2,385,maintenance_burst,33508,32989,33349,360,4,10000,temporal,1,6,6,-1052.6264873913049,0.8932,0.690594,1.905401,1.544014,1.019371,2.775126,,3.859876,True
2,385,maintenance_burst,33508,32989,33349,360,4,10000,static,2,23,23,-1052.6264873913049,0.918368,0.744686,1.801994,1.605097,1.180504,2.525188,,3.859876,True
2,386,maintenance_burst,30392,29698,30058,360,2,10000,static,1,7,7,428.8788534823428,1.054915,0.85301,1.944209,1.857378,1.310862,2.887636,,4.185458,True
2,386,maintenance_burst,30392,29698,30058,360,2,10000,temporal,2,1,1,428.8788534823428,0.919961,0.72755,1.791028,1.361939,1.098742,2.297403,,4.185458,True
2,387,maintenance_burst,35037,34796,34856,60,2,1000,temporal,1,1,1,95.91188555687758,2.000225,1.63399,2.867556,1.707661,1.408499,2.614643,,3.699072,True
2,387,maintenance_burst,35037,34796,34856,60,2,1000,static,2,3,3,95.91188555687758,1.102958,0.851257,1.939332,1.760312,1.4355,2.75815,,3.699072,True
2,388,maintenance_burst,34308,34078,34138,60,4,5000,static,1,3,3,-36.03989312541981,2.130882,1.720922,3.293479,1.918651,1.511044,3.067739,,25.082753,True
2,388,maintenance_burst,34308,34078,34138,60,4,5000,temporal,2,2,2,-36.03989312541981,1.34251,1.11788,2.243893,1.769946,1.472076,2.891712,,25.082753,True
2,389,maintenance_burst,32411,32125,32185,60,4,5000,temporal,1,2,2,60.59573435526834,2.108924,1.775889,3.045074,1.857147,1.580099,2.882017,,3.669868,True
2,389,maintenance_burst,32411,32125,32185,60,4,5000,static,2,5,5,60.59573435526834,0.949395,0.781812,1.747182,2.369302,1.863308,3.261321,,3.669868,True
2,390,maintenance_burst,34194,34003,34183,180,2,5000,static,1,4,4,-42.002690118516355,1.330351,1.053083,2.03042,1.361218,1.078812,2.053444,,8.453982,True
2,390,maintenance_burst,34194,34003,34183,180,2,5000,temporal,2,1,1,-42.002690118516355,0.994484,0.769584,1.56133,1.238693,0.95258,2.240017,,8.453982,True
2,391,maintenance_burst,33430,32696,33416,720,4,5000,temporal,1,6,6,-1707.1641794786356,0.957798,0.751266,1.77888,1.638798,1.015916,2.332427,,2.748626,True
2,391,maintenance_burst,33430,32696,33416,720,4,5000,static,2,36,36,-1707.1641794786356,1.862696,1.505246,2.576054,1.890438,1.196439,2.583716,,2.748626,True
2,392,maintenance_burst,31181,29523,30963,1440,4,5000,static,1,75,75,404.86507466658236,1.294247,0.808452,1.927063,1.82531,1.199835,2.775687,,2.884851,True
2,392,maintenance_burst,31181,29523,30963,1440,4,5000,temporal,2,12,12,404.86507466658236,0.918488,0.674931,1.575342,1.631357,1.022966,2.336402,,2.884851,True
2,393,maintenance_burst,30350,29332,30052,720,2,5000,temporal,1,4,4,752.1485472730814,0.994964,0.751797,1.701132,12.962408,12.420789,13.663668,,2.985123,True
2,393,maintenance_burst,30350,29332,30052,720,2,5000,static,2,18,18,752.1485472730814,0.958089,0.752908,1.579728,1.765289,1.357603,2.52653,,2.985123,True
2,394,maintenance_burst,33594,33344,33404,60,4,5000,static,1,3,3,-1.3953503119352852,1.016196,0.806199,1.761463,1.973834,1.486268,2.663486,,3.860817,True
2,394,maintenance_burst,33594,33344,33404,60,4,5000,temporal,2,2,2,-1.3953503119352852,1.10447,0.918679,1.700761,1.453978,1.158371,2.119324,,3.860817,True
2,395,maintenance_burst,32319,32073,32133,60,4,5000,temporal,1,2,2,95.3528584341154,1.755785,1.267917,2.438446,1.468971,1.195548,2.28867,,3.699683,True
2,395,maintenance_burst,32319,32073,32133,60,4,5000,static,2,5,5,95.3528584341154,0.923476,0.705918,1.538235,1.280816,1.063598,1.971391,,3.699683,True
2,396,maintenance_burst,31179,30651,30831,180,4,5000,static,1,8,8,288.7035754610266,2.345777,2.016028,2.968738,1.464304,1.129247,2.160787,,4.015921,True
2,396,maintenance_burst,31179,30651,30831,180,4,5000,temporal,2,2,2,288.7035754610266,1.221346,0.930256,2.064922,3.123262,2.192004,3.886146,,4.015921,True
2,397,maintenance_burst,34177,34029,34089,60,2,1000,temporal,1,1,1,-6.239131612241518,1.324262,1.05204,1.960284,1.563715,1.255117,2.222671,,8.500742,True
2,397,maintenance_burst,34177,34029,34089,60,2,1000,static,2,3,3,-6.239131612241518,0.822364,0.647228,1.435841,1.161036,0.959401,1.838229,,8.500742,True
2,398,maintenance_burst,32383,30910,32350,1440,6,10000,static,1,160,160,592.2404857440446,2.062799,1.413497,2.782848,1.961736,1.28974,2.808476,,3.575095,True
2,398,maintenance_burst,32383,30910,32350,1440,6,10000,temporal,2,24,24,592.2404857440446,15.589445,0.907552,16.728266,3.39298,1.840773,4.701037,,3.575095,True
2,399,maintenance_burst,35034,34484,34844,360,4,10000,temporal,1,6,6,228.13951385404462,2.062758,1.52162,2.787855,1.855336,1.284141,2.562795,,4.133349,True
2,399,maintenance_burst,35034,34484,34844,360,4,10000,static,2,20,20,228.13951385404462,1.39582,1.142207,2.027966,1.424614,1.064719,2.138864,,4.133349,True
2,400,maintenance_burst,30294,28687,30127,1440,4,1000,static,1,107,107,-193.57598688101112,1.195378,0.821923,1.791268,2.34821,1.352094,3.049311,,2.881116,True
2,400,maintenance_burst,30294,28687,30127,1440,4,1000,temporal,2,14,14,-193.57598688101112,1.034695,0.779419,1.615692,1.956298,1.1312,2.650687,,2.881116,True
2,401,maintenance_burst,31639,29885,31325,1440,4,1000,temporal,1,10,10,35.33900773938484,1.890668,1.399776,2.615655,1.909156,1.341428,2.620602,,8.642506,True
2,401,maintenance_burst,31639,29885,31325,1440,4,1000,static,2,71,71,35.33900773938484,0.972841,0.702422,1.57411,1.633269,1.057869,2.373769,,8.642506,True
2,402,maintenance_burst,32906,32518,32698,180,4,1000,static,1,15,15,78.5843970664495,1.327907,1.037709,1.98423,1.877559,1.242739,2.548603,,8.721937,True
2,402,maintenance_burst,32906,32518,32698,180,4,1000,temporal,2,6,6,78.5843970664495,1.729885,1.378554,2.643917,1.856607,1.339705,2.522594,,8.721937,True
2,403,maintenance_burst,31824,31396,31756,360,4,5000,temporal,1,3,3,-915.1473211958294,0.924718,0.722492,1.515431,15.275486,1.301067,16.034413,,3.266118,True
2,403,maintenance_burst,31824,31396,31756,360,4,5000,static,2,18,18,-915.1473211958294,1.291292,0.947913,1.945141,1.733862,1.313506,2.408682,,3.266118,True
2,404,maintenance_burst,32314,32131,32191,60,2,10000,static,1,3,3,26.462039056334667,1.225943,0.998419,1.871349,1.454549,1.179954,2.168649,,3.345398,True
2,404,maintenance_burst,32314,32131,32191,60,2,10000,temporal,2,1,1,26.462039056334667,1.117199,0.772317,1.803276,1.246926,1.023928,2.053615,,3.345398,True
2,405,maintenance_burst,33186,31510,32950,1440,4,5000,temporal,1,13,13,-335.72644057484877,1.311263,0.941804,2.079273,2.101857,1.286495,2.991663,,4.212459,True
2,405,maintenance_burst,33186,31510,32950,1440,4,5000,static,2,104,104,-335.72644057484877,1.110108,0.655761,1.717327,1.675734,1.047504,2.357264,,4.212459,True
2,406,maintenance_burst,34080,33603,33963,360,6,10000,static,1,34,34,1758.9212622043888,1.083408,0.848964,1.81886,2.049138,1.585427,2.775066,,4.581436,True
2,406,maintenance_burst,34080,33603,33963,360,6,10000,temporal,2,7,7,1758.9212622043888,0.845868,0.660929,1.586279,1.621912,1.175226,2.290073,,4.581436,True
2,407,maintenance_burst,31877,30180,31620,1440,6,10000,temporal,1,15,15,-609.7650529918119,1.110379,0.818217,1.730616,1.813902,1.156638,2.482813,,4.701759,True
2,407,maintenance_burst,31877,30180,31620,1440,6,10000,static,2,111,111,-609.7650529918119,0.958899,0.677735,1.55462,1.535822,1.028204,2.193797,,4.701759,True
2,408,maintenance_burst,32166,31823,31883,60,2,1000,static,1,14,14,-114.07036229079056,1.169238,0.890487,1.8186,1.5736,1.262319,22.940484,,3.568666,True
2,408,maintenance_burst,32166,31823,31883,60,2,1000,temporal,2,1,1,-114.07036229079056,1.288739,0.999311,2.0901,1.300346,1.039872,1.969468,,3.568666,True
2,409,maintenance_burst,35777,34900,35620,720,4,5000,temporal,1,7,7,734.687225001065,1.493808,1.158591,2.105714,2.193656,1.703816,2.889969,,3.314291,True
2,409,maintenance_burst,35777,34900,35620,720,4,5000,static,2,37,37,734.687225001065,1.01213,0.801331,1.696976,1.372665,0.995886,2.028547,,3.314291,True
2,410,maintenance_burst,35949,35152,35872,720,4,5000,static,1,37,37,-1184.6991312563478,1.661622,1.296851,2.38129,1.962176,1.466578,2.669226,,2.618799,True
2,410,maintenance_burst,35949,35152,35872,720,4,5000,temporal,2,6,6,-1184.6991312563478,0.811186,0.626046,1.357403,2.522493,1.394218,3.282272,,2.618799,True
2,411,maintenance_burst,35803,35315,35495,180,6,10000,temporal,1,9,9,-564.007360027848,1.008505,0.772849,1.629674,1.787944,1.30973,2.455022,,3.82965,True
2,411,maintenance_burst,35803,35315,35495,180,6,10000,static,2,23,23,-564.007360027848,1.151832,0.856595,1.730386,1.548852,1.247335,2.549515,,3.82965,True
2,412,maintenance_burst,35157,34668,34848,180,4,10000,static,1,14,14,355.7116583854702,1.678768,1.361719,2.44775,1.599328,1.234647,2.277643,,3.24137,True
2,412,maintenance_burst,35157,34668,34848,180,4,10000,temporal,2,6,6,355.7116583854702,1.337422,1.028374,1.945802,1.317532,1.022165,1.968196,,3.24137,True
2,413,maintenance_burst,34203,33793,33973,180,4,10000,temporal,1,2,2,216.91662877031055,1.391624,1.137861,2.42736,1.308118,1.00553,2.025141,,7.086654,True
2,413,maintenance_burst,34203,33793,33973,180,4,10000,static,2,8,8,216.91662877031055,1.077248,0.847372,1.78615,18.464326,1.165181,19.283995,,7.086654,True
2,414,maintenance_burst,35603,35169,35349,180,8,10000,static,1,15,15,451.022962431334,1.450463,1.118031,2.13643,1.721794,1.219804,2.551157,,3.285067,True
2,414,maintenance_burst,35603,35169,35349,180,8,10000,temporal,2,4,4,451.022962431334,1.915196,1.555622,2.518668,1.837538,1.262509,2.591027,,3.285067,True
2,415,maintenance_burst,34915,33182,34622,1440,2,10000,temporal,1,7,7,-243.73402891241375,1.817388,1.410212,2.875778,2.272196,1.640681,3.316315,,6.631887,True
2,415,maintenance_burst,34915,33182,34622,1440,2,10000,static,2,41,41,-243.73402891241375,1.354998,1.064249,2.164793,1.801113,1.339025,2.732952,,6.631887,True
2,416,maintenance_burst,35231,34724,34904,180,2,1000,static,1,4,4,79.8824698584281,0.946331,0.756363,1.800352,1.948566,1.472006,2.851411,,3.891143,True
2,416,maintenance_burst,35231,34724,34904,180,2,1000,temporal,2,1,1,79.8824698584281,0.986892,0.725056,1.738148,2.415061,1.963138,3.376615,,3.891143,True
2,417,maintenance_burst,33872,33471,33531,60,2,1000,temporal,1,1,1,136.82997500115317,1.253545,0.974503,2.143631,1.490363,1.21045,2.430895,,3.692543,True
2,417,maintenance_burst,33872,33471,33531,60,2,1000,static,2,1,1,136.82997500115317,1.009957,0.782093,1.77233,1.318985,1.052882,2.260167,,3.692543,True
2,418,maintenance_burst,30494,29760,30480,720,6,1000,static,1,58,58,-2063.9220323477507,1.062426,0.835884,1.889707,1.742214,1.109267,24.246238,,3.165245,True
2,418,maintenance_burst,30494,29760,30480,720,6,1000,temporal,2,10,10,-2063.9220323477507,1.700241,1.35591,2.733643,2.649456,1.916637,3.653734,,3.165245,True
2,419,maintenance_burst,34736,34240,34600,360,2,10000,temporal,1,1,1,-675.5594419970531,1.129137,0.881953,1.932712,2.286387,1.829726,3.256864,,4.316766,True
2,419,maintenance_burst,34736,34240,34600,360,2,10000,static,2,9,9,-675.5594419970531,1.208667,0.966641,1.963739,1.335218,0.963016,2.310083,,4.316766,True
2,420,maintenance_burst,35264,33593,35033,1440,4,5000,static,1,74,74,371.08498626568417,1.347397,1.033643,2.177282,2.012873,1.176469,3.039946,,3.809179,True
2,420,maintenance_burst,35264,33593,35033,1440,4,5000,temporal,2,11,11,371.08498626568417,1.187215,0.87929,1.953764,1.624897,0.945499,2.5532,,3.809179,True
2,421,maintenance_burst,31247,30878,31058,180,4,1000,temporal,1,2,2,604.878559228711,2.125594,1.741293,3.216624,1.87821,1.503653,3.109211,,9.402025,True
2,421,maintenance_burst,31247,30878,31058,180,4,1000,static,2,7,7,604.878559228711,0.87269,0.64844,1.684166,1.428249,1.163329,2.317253,,9.402025,True
2,422,maintenance_burst,35626,35277,35337,60,6,1000,static,1,7,7,46.31922395663773,1.172072,0.872779,1.895326,1.390602,1.0979,2.089799,,3.190544,True
2,422,maintenance_burst,35626,35277,35337,60,6,1000,temporal,2,3,3,46.31922395663773,0.99827,0.703754,1.583925,2.325205,1.976849,3.164404,,3.190544,True
2,423,maintenance_burst,35052,34986,35046,60,2,1000,temporal,1,2,2,141.68183158070505,1.479367,1.172392,2.177492,1.883127,1.562892,18.801166,,3.290976,True
2,423,maintenance_burst,35052,34986,35046,60,2,1000,static,2,3,3,141.68183158070505,1.246444,0.998239,2.052543,1.308528,1.020964,2.029358,,3.290976,True
2,424,maintenance_burst,32222,31734,32094,360,6,1000,static,1,83,83,-1083.426018299047,1.560379,1.315639,2.167036,1.626509,1.231792,2.461131,,3.534564,True
2,424,maintenance_burst,32222,31734,32094,360,6,1000,temporal,2,17,17,-1083.426018299047,2.039002,1.698348,2.952373,1.710396,1.233775,2.385897,,3.534564,True
2,425,maintenance_burst,32118,30589,32029,1440,4,5000,temporal,1,14,14,-21.52075540588976,1.281067,1.004158,1.895896,1.715183,1.19695,2.594793,,3.619392,True
2,425,maintenance_burst,32118,30589,32029,1440,4,5000,static,2,103,103,-21.52075540588976,1.235699,0.929435,1.80584,1.60694,1.090579,2.276953,,3.619392,True
2,426,maintenance_burst,32534,30995,32435,1440,4,1000,static,1,104,104,442.5196194390074,1.033182,0.715582,1.665929,2.074126,1.206374,2.742416,,2.430214,True
2,426,maintenance_burst,32534,30995,32435,1440,4,1000,temporal,2,13,13,442.5196194390074,0.968935,0.70768,1.729895,1.556533,0.954282,2.238824,,2.430214,True
2,427,maintenance_burst,34680,34253,34613,360,4,10000,temporal,1,2,2,-973.9165334184305,1.463002,1.16435,2.159775,1.788364,0.990658,2.858011,,4.055862,True
2,427,maintenance_burst,34680,34253,34613,360,4,10000,static,2,18,18,-973.9165334184305,0.891888,0.695241,1.506177,1.671507,1.314498,2.328921,,4.055862,True
2,428,maintenance_burst,32724,30929,32369,1440,4,10000,static,1,104,104,412.159025418722,1.253255,0.922815,1.858821,2.038192,1.293836,2.716477,,3.334052,True
2,428,maintenance_burst,32724,30929,32369,1440,4,10000,temporal,2,15,15,412.159025418722,1.042306,0.812479,1.624015,1.60689,0.966041,2.367469,,3.334052,True
2,429,maintenance_burst,30601,28831,30271,1440,2,5000,temporal,1,8,8,-199.05191806448315,1.42819,1.143309,2.158814,1.708383,1.251232,2.492649,,0.87255,True
2,429,maintenance_burst,30601,28831,30271,1440,2,5000,static,2,51,51,-199.05191806448315,1.066052,0.74792,1.651467,1.426196,1.002536,2.071833,,0.87255,True
2,430,maintenance_burst,33085,32117,32837,720,2,5000,static,1,21,21,513.1049355399012,1.043768,0.830846,1.719359,2.139044,1.727642,2.897571,,1.407569,True
2,430,maintenance_burst,33085,32117,32837,720,2,5000,temporal,2,3,3,513.1049355399012,0.881183,0.68776,1.478435,1.838569,1.457634,2.481622,,1.407569,True
2,431,maintenance_burst,33517,32906,33266,360,4,10000,temporal,1,3,3,-1065.670276482345,0.989506,0.791807,1.625458,2.022889,1.591337,2.713163,,3.533372,True
2,431,maintenance_burst,33517,32906,33266,360,4,10000,static,2,20,20,-1065.670276482345,0.987733,0.74095,1.566198,1.538807,1.158762,2.233407,,3.533372,True
2,432,maintenance_burst,31584,31139,31499,360,2,1000,static,1,9,9,99.35272605400338,1.010047,0.825048,1.615122,1.450964,1.108956,2.207507,,2.365726,True
2,432,maintenance_burst,31584,31139,31499,360,2,1000,temporal,2,1,1,99.35272605400338,1.20383,1.013623,1.979813,1.232764,0.9654,1.923077,,2.365726,True
2,433,maintenance_burst,30445,29985,30165,180,2,5000,temporal,1,1,1,-171.83746039037672,1.009456,0.736063,1.859952,1.293065,0.975264,2.237032,,2.557687,True
2,433,maintenance_burst,30445,29985,30165,180,2,5000,static,2,3,3,-171.83746039037672,1.034464,0.832719,1.642914,1.353727,1.033693,2.042629,,2.557687,True
2,434,maintenance_burst,33323,31869,33309,1440,6,1000,static,1,116,116,-313.8095051651662,1.291092,0.990939,1.887774,1.677816,1.070468,2.625089,,3.779484,True
2,434,maintenance_burst,33323,31869,33309,1440,6,1000,temporal,2,18,18,-313.8095051651662,1.310822,0.639226,1.954114,1.903809,1.215007,2.833564,,3.779484,True
2,435,maintenance_burst,35183,34510,34870,360,8,10000,temporal,1,11,11,4.1393230935890415,1.583173,1.231852,2.589906,2.717088,2.144352,3.987749,,23.486464,True
2,435,maintenance_burst,35183,34510,34870,360,8,10000,static,2,39,39,4.1393230935890415,1.337052,1.095477,1.96476,1.694051,1.321378,2.423244,,23.486464,True
2,436,maintenance_burst,35763,34903,35623,720,6,5000,static,1,54,54,-175.08397283474503,1.98412,1.657046,2.682906,2.325587,1.449011,3.279799,,4.73541,True
2,436,maintenance_burst,35763,34903,35623,720,6,5000,temporal,2,9,9,-175.08397283474503,1.209659,0.957628,1.886743,2.310012,1.506608,3.086216,,4.73541,True
2,437,maintenance_burst,35118,34805,34985,180,4,5000,temporal,1,2,2,492.6419303921006,1.010218,0.804657,1.659128,1.853572,1.447509,2.547451,,3.493402,True
2,437,maintenance_burst,35118,34805,34985,180,4,5000,static,2,9,9,492.6419303921006,0.967102,0.737535,1.897629,1.426497,1.167536,2.073935,,3.493402,True
2,438,maintenance_burst,30727,30496,30676,180,4,1000,static,1,9,9,-159.83479107825787,1.037418,0.828343,1.639608,1.438325,1.092062,2.120606,,3.05567,True
2,438,maintenance_burst,30727,30496,30676,180,4,1000,temporal,2,2,2,-159.83479107825787,0.779298,0.619196,1.30961,1.619388,1.297281,2.367179,,3.05567,True
2,439,maintenance_burst,34597,34142,34322,180,6,5000,temporal,1,3,3,-1141.0171435262525,1.331713,1.089217,1.963439,3.546091,1.788824,4.216325,,2.87718,True
2,439,maintenance_burst,34597,34142,34322,180,6,5000,static,2,12,12,-1141.0171435262525,1.068796,0.800961,1.672218,1.394498,0.998549,2.118193,,2.87718,True
2,440,maintenance_burst,34252,32780,34220,1440,4,1000,static,1,72,72,-284.1532861631255,1.558176,1.243239,2.314208,2.699702,1.953153,3.427593,,3.506812,True
2,440,maintenance_burst,34252,32780,34220,1440,4,1000,temporal,2,10,10,-284.1532861631255,1.038851,0.78722,1.607881,1.829146,1.212613,2.752061,,3.506812,True
2,441,maintenance_burst,34145,33907,33967,60,2,10000,temporal,1,1,1,12.176163852850307,1.404954,1.02498,2.055007,1.571717,1.250491,2.302561,,5.124378,True
2,441,maintenance_burst,34145,33907,33967,60,2,10000,static,2,1,1,12.176163852850307,1.050057,0.805308,1.786642,1.398634,1.120364,2.216601,,5.124378,True
2,442,maintenance_burst,34427,32974,34414,1440,6,5000,static,1,114,114,-714.487743017762,1.238262,0.894482,1.988236,1.917659,1.266265,2.629335,,2.859884,True
2,442,maintenance_burst,34427,32974,34414,1440,6,5000,temporal,2,17,17,-714.487743017762,1.094695,0.809043,1.696686,1.647321,1.041414,2.375291,,2.859884,True
2,443,maintenance_burst,31510,31150,31330,180,4,10000,temporal,1,2,2,243.36521652086307,1.250891,0.980222,2.030119,1.377052,1.056247,2.135829,,2.791741,True
2,443,maintenance_burst,31510,31150,31330,180,4,10000,static,2,12,12,243.36521652086307,107.608503,105.172911,108.721821,4.356477,3.680114,5.595415,,2.791741,True
2,444,maintenance_burst,35392,35332,35392,60,8,5000,static,1,12,12,70.9191816566792,1.079132,0.862384,1.748594,1.40216,1.109327,2.107607,,7.428301,True
2,444,maintenance_burst,35392,35332,35392,60,8,5000,temporal,2,7,7,70.9191816566792,1.681963,1.344383,2.364124,1.431284,1.107965,2.133966,,7.428301,True
2,445,maintenance_burst,32002,31186,31906,720,2,1000,temporal,1,3,3,-872.0319973235697,1.290771,1.029447,2.509995,1.42234,1.035316,2.38762,,3.73041,True
2,445,maintenance_burst,32002,31186,31906,720,2,1000,static,2,32,32,-872.0319973235697,1.03222,0.66749,1.748209,1.270751,0.883135,2.045663,,3.73041,True
2,446,maintenance_burst,33493,33244,33424,180,6,5000,static,1,20,20,-46.20335525745453,1.505115,1.186664,2.213036,1.995437,1.557886,2.769377,,4.686806,True
2,446,maintenance_burst,33493,33244,33424,180,6,5000,temporal,2,8,8,-46.20335525745453,0.954093,0.747299,1.596614,1.4481,1.123008,2.258735,,4.686806,True
2,447,maintenance_burst,34986,34715,34775,60,4,1000,temporal,1,2,2,117.8478234952135,1.078491,0.784766,1.689134,1.774463,1.416682,2.500861,,3.871423,True
2,447,maintenance_burst,34986,34715,34775,60,4,1000,static,2,3,3,117.8478234952135,0.947092,0.714591,1.492447,1.241006,0.931308,1.926173,,3.871423,True
2,448,maintenance_burst,30512,29898,30258,360,2,10000,static,1,9,9,-79.01775115906355,1.087675,0.857706,1.73909,1.34246,1.006692,2.118232,,3.164063,True
2,448,maintenance_burst,30512,29898,30258,360,2,10000,temporal,2,1,1,-79.01775115906355,1.016537,0.808492,1.643935,1.234506,0.93262,1.940844,,3.164063,True
2,449,maintenance_burst,31670,30134,31574,1440,4,5000,temporal,1,10,10,-289.94764435553634,0.964018,0.718587,1.774222,1.648082,1.084971,2.465608,,0.870226,True
2,449,maintenance_burst,31670,30134,31574,1440,4,5000,static,2,72,72,-289.9476443555315,1.87843,1.400247,2.512308,1.601872,1.025811,2.588233,,0.870226,True
2,450,maintenance_burst,33286,32908,33088,180,2,5000,static,1,5,5,-335.84785599887965,1.006852,0.751696,1.819781,2.518648,2.082459,3.555326,,4.392581,True
2,450,maintenance_burst,33286,32908,33088,180,2,5000,temporal,2,1,1,-335.84785599887965,0.922925,0.705907,1.729414,1.277401,1.000803,2.343774,,4.392581,True
2,451,maintenance_burst,33267,32904,33264,360,6,10000,temporal,1,3,3,-1185.007756597086,1.026923,0.754832,15.033349,1.867483,1.405324,2.659181,,5.192881,True
2,451,maintenance_burst,33267,32904,33264,360,6,10000,static,2,26,26,-1185.007756597086,1.662894,1.293015,2.411596,1.715794,1.221477,2.433659,,5.192881,True
2,452,maintenance_burst,32016,31060,31780,720,4,5000,static,1,38,38,-996.2567902065952,1.398084,1.127054,2.079725,1.554921,1.042667,2.318475,,4.299961,True
2,452,maintenance_burst,32016,31060,31780,720,4,5000,temporal,2,6,6,-996.2567902065952,1.478665,1.179834,2.117672,1.544876,1.110809,2.263002,,4.299961,True
2,453,maintenance_burst,34255,33917,33977,60,2,5000,temporal,1,1,1,5.472148869195136,1.199503,0.950467,2.280788,1.382581,1.122577,2.280758,,6.001754,True
2,453,maintenance_burst,34255,33917,33977,60,2,5000,static,2,1,1,5.472148869195136,0.823465,0.599546,1.489512,2.627082,2.23556,3.345468,,6.001754,True
2,454,maintenance_burst,31613,31132,31312,180,6,1000,static,1,16,16,640.4405203361832,1.180454,0.954574,1.854354,1.446176,1.102888,2.117421,,3.220119,True
2,454,maintenance_burst,31613,31132,31312,180,6,1000,temporal,2,3,3,640.4405203361832,1.921144,1.62037,2.511577,1.348378,1.053372,2.243862,,3.220119,True
2,455,maintenance_burst,30680,30345,30405,60,2,1000,temporal,1,2,2,-137.4342503600438,1.536924,1.257981,2.121318,1.77909,1.515311,2.419888,,3.265817,True
2,455,maintenance_burst,30680,30345,30405,60,2,1000,static,2,3,3,-137.4342503600438,1.002967,0.809574,1.631877,1.281468,1.070869,1.938621,,3.265817,True
2,456,maintenance_burst,31590,31305,31485,180,2,5000,static,1,5,5,52.10044336422729,1.230751,0.934092,2.003589,1.751268,1.090989,2.551718,,29.220879,True
2,456,maintenance_burst,31590,31305,31485,180,2,5000,temporal,2,1,1,52.10044336422729,1.604556,1.352765,2.530396,1.61349,1.15761,2.331805,,29.220879,True
2,457,maintenance_burst,35056,34614,34794,180,6,10000,temporal,1,9,9,679.596136089263,1.042105,0.817546,1.798489,1.371644,1.028545,2.109359,,4.458791,True
2,457,maintenance_burst,35056,34614,34794,180,6,10000,static,2,21,21,679.596136089263,0.960603,0.724175,1.603314,1.346035,1.041264,2.093575,,4.458791,True
2,458,maintenance_burst,31840,31008,31728,720,4,5000,static,1,37,37,-676.7946503475822,0.933261,0.684184,1.544305,2.137442,1.633941,2.841897,,3.830992,True
2,458,maintenance_burst,31840,31008,31728,720,4,5000,temporal,2,6,6,-676.7946503475822,0.94548,0.744095,1.573359,1.309069,0.933362,2.031222,,3.830992,True
2,459,maintenance_burst,30966,30801,30861,60,4,10000,temporal,1,2,2,181.93169226999723,0.903105,0.715692,1.527579,1.907614,1.57406,2.55951,,3.398969,True
2,459,maintenance_burst,30966,30801,30861,60,4,10000,static,2,6,6,181.93169226999723,0.890827,0.678536,1.522542,1.457714,1.223229,2.232961,,3.398969,True
2,460,maintenance_burst,30613,29993,30353,360,2,5000,static,1,11,11,-460.61264109849105,0.883436,0.670553,1.664797,1.169989,0.883836,2.485718,,3.838824,True
2,460,maintenance_burst,30613,29993,30353,360,2,5000,temporal,2,2,2,-460.61264109849105,0.771576,0.580688,1.521811,1.14464,0.841152,2.093596,,3.838824,True
2,461,maintenance_burst,35157,35092,35152,60,4,5000,temporal,1,2,2,167.0062843011224,0.938108,0.723404,1.777717,1.256099,1.020634,2.127947,,3.494604,True
2,461,maintenance_burst,35157,35092,35152,60,4,5000,static,2,6,6,167.0062843011224,0.782864,0.606347,1.522782,1.193244,0.957969,2.123741,,3.494604,True
2,462,maintenance_burst,31237,30594,30954,360,4,10000,static,1,20,20,260.18118082455237,2.035257,1.708133,2.868677,2.028287,1.562463,3.038965,,0.890125,True
2,462,maintenance_burst,31237,30594,30954,360,4,10000,temporal,2,2,2,260.18118082455237,1.03829,0.830977,1.813452,2.292767,1.817999,3.211435,,0.890125,True
2,463,maintenance_burst,31303,30792,30972,180,4,10000,temporal,1,2,2,654.983315950565,1.743746,1.398655,2.599761,2.597407,2.117672,3.804702,,4.074049,True
2,463,maintenance_burst,31303,30792,30972,180,4,10000,static,2,8,8,654.983315950565,1.37611,1.053593,2.190192,2.371345,1.927705,3.489887,,4.074049,True
2,464,maintenance_burst,33393,31631,33071,1440,4,1000,static,1,106,106,-389.6357031868374,2.166456,1.641702,3.306779,2.494952,1.583995,3.48551,,4.226349,True
2,464,maintenance_burst,33393,31631,33071,1440,4,1000,temporal,2,16,16,-389.63570318683446,1.464013,1.116468,2.404245,1.947965,1.187285,2.922869,,4.226349,True
2,465,maintenance_burst,32043,31599,31779,180,2,1000,temporal,1,3,3,-308.654641441664,1.081666,0.806309,1.913643,1.382771,1.046162,2.309051,,3.516807,True
2,465,maintenance_burst,32043,31599,31779,180,2,1000,static,2,9,9,-308.654641441664,0.823725,0.60819,1.569973,1.321538,1.044579,2.425628,,3.516807,True
2,466,maintenance_burst,35641,34146,35586,1440,4,10000,static,1,74,74,-442.08416209200425,1.051209,0.759799,2.097406,2.504677,1.717636,3.325017,,3.518129,True
2,466,maintenance_burst,35641,34146,35586,1440,4,10000,temporal,2,11,11,-442.0841620920099,1.030598,0.795332,1.796135,1.796066,1.154145,2.472027,,3.518129,True
2,467,maintenance_burst,33805,33420,33780,360,4,1000,temporal,1,2,2,1270.419120734914,1.525707,1.20382,2.302451,1.657987,1.255378,2.647533,,21.860962,True
2,467,maintenance_burst,33805,33420,33780,360,4,1000,static,2,19,19,1270.419120734914,1.386035,1.055305,2.049509,1.361979,0.993763,2.054275,,21.860962,True
2,468,maintenance_burst,34911,34175,34895,720,2,5000,static,1,20,20,-625.8039814659552,1.302539,0.921113,1.949167,1.557545,1.187415,2.343173,,4.684312,True
2,468,maintenance_burst,34911,34175,34895,720,2,5000,temporal,2,3,3,-625.8039814659546,1.085721,0.816144,1.792931,1.416922,1.065982,2.213236,,4.684312,True
2,469,maintenance_burst,31482,29687,31127,1440,6,1000,temporal,1,16,16,481.25684911578907,1.304983,1.006151,2.207067,1.677115,1.085371,2.395131,,3.148881,True
2,469,maintenance_burst,31482,29687,31127,1440,6,1000,static,2,106,106,481.25684911578685,1.087734,0.799598,1.87841,1.637776,1.015315,2.345276,,3.148881,True
2,470,maintenance_burst,34740,33240,34680,1440,2,5000,static,1,32,32,11.141141411535113,1.066632,0.73418,1.711578,1.99725,1.466196,2.955849,,4.733136,True
2,470,maintenance_burst,34740,33240,34680,1440,2,5000,temporal,2,5,5,11.141141411535113,1.039542,0.749634,1.634371,1.746521,1.258893,2.475543,,4.733136,True
2,471,maintenance_burst,35995,34414,35854,1440,6,5000,temporal,1,14,14,-459.7894739387661,0.949084,0.666397,1.559187,1.538176,1.009717,2.252715,,1.293946,True
2,471,maintenance_burst,35995,34414,35854,1440,6,5000,static,2,104,104,-459.7894739387661,0.855914,0.606937,1.652309,1.520418,0.971329,2.256892,,1.293946,True
2,472,maintenance_burst,33914,33761,33821,60,4,10000,static,1,3,3,217.6740443898827,1.001935,0.798227,3.45878,2.335091,1.868475,3.700124,,3.845143,True
2,472,maintenance_burst,33914,33761,33821,60,4,10000,temporal,2,2,2,217.6740443898827,2.278745,1.77267,4.110204,2.562675,2.113206,5.208526,,3.845143,True
2,473,maintenance_burst,31986,31533,31713,180,4,5000,temporal,1,2,2,-703.6568067978626,1.646569,1.353457,2.396323,2.306127,1.828975,3.056791,,4.112337,True
2,473,maintenance_burst,31986,31533,31713,180,4,5000,static,2,11,11,-703.6568067978626,1.073182,0.873841,1.644165,2.329001,1.88511,3.51249,,4.112337,True
2,474,maintenance_burst,35126,34846,35026,180,2,1000,static,1,4,4,299.4982856132409,1.39533,1.098601,2.225635,1.758389,1.371223,2.763018,,6.148315,True
2,474,maintenance_burst,35126,34846,35026,180,2,1000,temporal,2,1,1,299.4982856132409,1.080363,0.881873,1.810107,1.429652,1.061194,2.578819,,6.148315,True
2,475,maintenance_burst,35674,34080,35520,1440,2,1000,temporal,1,4,4,-92.89129758470676,1.067684,0.843426,2.097371,1.426887,0.934252,2.243042,,4.088712,True
2,475,maintenance_burst,35674,34080,35520,1440,2,1000,static,2,32,32,-92.89129758470676,2.203862,1.195908,3.113407,1.751658,1.308107,2.4676,,4.088712,True
2,476,maintenance_burst,35095,34647,34827,180,4,1000,static,1,14,14,555.7072874257967,1.013963,0.80685,1.688252,2.263832,1.88564,3.282964,,5.089455,True
2,476,maintenance_burst,35095,34647,34827,180,4,1000,temporal,2,6,6,555.7072874257967,0.953301,0.768172,1.687401,1.521771,1.180525,2.463835,,5.089455,True
2,477,maintenance_burst,34825,34217,34577,360,2,10000,temporal,1,1,1,-571.5297747311995,1.453207,1.187825,2.192545,1.317983,0.971889,2.35506,,5.656593,True
2,477,maintenance_burst,34825,34217,34577,360,2,10000,static,2,9,9,-571.5297747311995,0.790795,0.573177,1.388379,2.238514,1.859772,3.110272,,5.656593,True
2,478,maintenance_burst,32951,31388,32828,1440,2,1000,static,1,49,49,-156.08760987741124,1.254276,0.91965,1.918191,1.60761,1.09797,2.302972,,4.121641,True
2,478,maintenance_burst,32951,31388,32828,1440,2,1000,temporal,2,6,6,-156.08760987741124,1.445405,0.960512,2.163612,1.524785,1.028175,2.291264,,4.121641,True
2,479,maintenance_burst,34918,34044,34764,720,2,5000,temporal,1,4,4,-843.5669014394538,1.030828,0.809364,1.685929,1.536923,0.964388,2.238895,,4.234392,True
2,479,maintenance_burst,34918,34044,34764,720,2,5000,static,2,22,22,-843.5669014394538,1.366746,1.086783,2.130491,1.264722,0.941443,1.971942,,4.234392,True
2,480,window_drift,40081,38608,40048,1440,4,1000,static,1,72,72,-154.69001830435053,1.006983,0.657534,1.599538,1.522653,0.944578,2.245986,,2.499529,True
2,480,window_drift,40081,38608,40048,1440,4,1000,temporal,2,10,10,-154.69001830435053,1.053302,0.77389,1.695844,1.559808,0.937788,2.228829,,2.499529,True
2,481,window_drift,42259,40517,41957,1440,6,1000,temporal,1,15,15,350.555955246558,1.109237,0.826509,1.761313,1.603073,0.97233,2.323864,,1.916618,True
2,481,window_drift,42259,40517,41957,1440,6,1000,static,2,110,110,350.555955246558,0.83331,0.580958,1.457093,1.659559,1.030548,2.373718,,1.916618,True
2,482,window_drift,39333,38843,39203,360,2,1000,static,1,11,11,643.6232341576599,0.956356,0.754101,1.659279,25.326701,1.645948,26.990457,,1.828274,True
2,482,window_drift,39333,38843,39203,360,2,1000,temporal,2,3,3,643.6232341576599,1.356051,1.027554,2.177543,1.355159,1.043818,2.051622,,1.828274,True
2,483,window_drift,42027,41104,41824,720,4,1000,temporal,1,6,6,441.2371284832327,1.069827,0.790895,1.739991,1.629303,1.234547,2.409674,,3.415915,True
2,483,window_drift,42027,41104,41824,720,4,1000,static,2,37,37,441.2371284832327,0.851127,0.639046,1.592067,1.399376,1.025771,2.139084,,3.415915,True
2,484,window_drift,41518,39848,41288,1440,2,5000,static,1,34,34,-106.42975094650578,0.890307,0.620579,1.658588,2.664379,2.044271,3.414292,,1.731177,True
2,484,window_drift,41518,39848,41288,1440,2,5000,temporal,2,6,6,-106.42975094650578,0.921373,0.670204,1.567309,1.548902,1.048475,2.253848,,1.731177,True
2,485,window_drift,40194,37284,40164,2880,4,5000,temporal,1,19,19,407.0322859665703,1.630365,1.234787,2.330283,2.291996,1.394729,3.069411,,2.39428,True
2,485,window_drift,40194,37284,40164,2880,4,5000,static,2,144,144,407.03228596657266,1.053673,0.663513,1.698047,1.98412,1.008384,2.720333,,2.39428,True
2,486,window_drift,39581,36498,39378,2880,2,1000,static,1,65,65,111.13792923734182,1.094795,0.779679,1.689575,1.744999,0.973121,2.411055,,2.463094,True
2,486,window_drift,39581,36498,39378,2880,2,1000,temporal,2,9,9,111.13792923734182,0.845238,0.561879,1.545477,1.739359,1.007453,2.497436,,2.463094,True
2,487,window_drift,39182,38179,38899,720,6,5000,temporal,1,9,9,-1149.9568016498897,0.891027,0.696192,1.524786,2.747073,2.081778,3.451118,,1.843357,True
2,487,window_drift,39182,38179,38899,720,6,5000,static,2,54,54,-1149.9568016498897,1.041044,0.78718,1.667701,1.457073,0.99249,2.138684,,1.843357,True
2,488,window_drift,41155,38019,40899,2880,2,200,static,1,65,65,-380.267462149995,1.973854,1.516222,3.058323,2.269992,1.501921,3.020977,,23.685841,True
2,488,window_drift,41155,38019,40899,2880,2,200,temporal,2,9,9,-380.267462149995,1.939632,1.51482,2.662225,1.815215,1.103488,2.522885,,23.685841,True
2,489,window_drift,38277,35300,38180,2880,4,200,temporal,1,18,18,-111.80448906067978,1.602212,1.179213,2.219095,5.541568,1.17079,6.303991,,2.305075,True
2,489,window_drift,38277,35300,38180,2880,4,200,static,2,142,142,-111.80448906067978,1.178482,0.858598,1.947124,2.104762,0.97198,2.841206,,2.305075,True
2,490,window_drift,38984,38521,38881,360,6,1000,static,1,26,26,-234.3225720557,1.146914,0.885499,1.804047,1.441629,1.067754,2.194789,,1.958,True
2,490,window_drift,38984,38521,38881,360,6,1000,temporal,2,3,3,-234.3225720557,0.782473,0.613648,1.383051,1.464755,1.135046,2.223341,,1.958,True
2,491,window_drift,38733,37223,38663,1440,2,200,temporal,1,5,5,-54.94389920861708,0.880011,0.656623,1.716235,1.372555,0.900662,3.011103,,1.820874,True
2,491,window_drift,38733,37223,38663,1440,2,200,static,2,33,33,-54.94389920861708,1.554941,1.239975,2.985875,1.649544,1.153775,2.320909,,1.820874,True
2,492,window_drift,40813,39360,40800,1440,2,1000,static,1,37,37,-22.57047918938997,1.436142,1.062697,2.238565,1.597406,1.126853,2.397044,,2.872613,True
2,492,window_drift,40813,39360,40800,1440,2,1000,temporal,2,5,5,-22.57047918938997,1.166704,0.867732,1.809185,1.586028,1.133133,2.309852,,2.872613,True
2,493,window_drift,38936,35997,38877,2880,8,1000,temporal,1,39,39,898.056918027243,1.350091,1.011289,2.029018,2.120786,1.156007,2.879053,,1.783607,True
2,493,window_drift,38936,35997,38877,2880,8,1000,static,2,291,291,898.056918027244,1.239614,0.861283,2.002568,21.501077,1.140545,22.367236,,1.783607,True
2,494,window_drift,38771,38075,38435,360,2,5000,static,1,11,11,-601.625491642834,1.570394,1.269769,2.178454,1.564625,1.151771,2.274689,,2.147477,True
2,494,window_drift,38771,38075,38435,360,2,5000,temporal,2,3,3,-601.625491642834,0.823084,0.604745,1.464684,1.563354,0.973853,2.281229,,2.147477,True
2,495,window_drift,40945,40296,40656,360,6,200,temporal,1,10,10,960.1828693681364,1.456893,1.175477,2.139826,1.629934,1.21038,2.703057,,2.582414,True
2,495,window_drift,40945,40296,40656,360,6,200,static,2,32,32,960.1828693681364,1.493138,1.229769,2.093365,1.619729,1.257802,2.457526,,2.582414,True
2,496,window_drift,42172,41409,42129,720,2,1000,static,1,20,20,768.2099711092181,1.348449,0.863425,1.974305,1.798839,1.40878,2.481883,,2.820284,True
2,496,window_drift,42172,41409,42129,720,2,1000,temporal,2,3,3,768.2099711092181,0.865849,0.660118,1.481329,1.452175,1.076237,2.268059,,2.820284,True
2,497,window_drift,40961,40165,40885,720,4,1000,temporal,1,6,6,1403.5853209940647,1.004529,0.799169,1.636444,1.730447,1.090749,2.453709,,1.766712,True
2,497,window_drift,40961,40165,40885,720,4,1000,static,2,38,38,1403.5853209940647,0.95878,0.683734,1.516854,1.413647,0.976977,2.174758,,1.766712,True
2,498,window_drift,42860,41282,42722,1440,6,1000,static,1,107,107,3.193012560966281,1.490854,1.145782,2.132955,6.605837,1.163789,7.391315,,1.943479,True
2,498,window_drift,42860,41282,42722,1440,6,1000,temporal,2,16,16,3.193012560966281,1.237672,0.946501,2.222731,2.376453,1.59404,3.16865,,1.943479,True
2,499,window_drift,39191,37465,38905,1440,4,5000,temporal,1,10,10,371.7181406827212,1.295549,0.908283,23.628263,1.998391,1.303832,3.312679,,2.861727,True
2,499,window_drift,39191,37465,38905,1440,4,5000,static,2,73,73,371.7181406827212,1.178121,0.868483,1.994556,3.3933,2.367058,4.774198,,2.861727,True
2,500,window_drift,38590,37730,38450,720,4,1000,static,1,38,38,-993.406842431469,1.047594,0.819289,1.850187,1.36303,0.952881,2.545619,,2.448632,True
2,500,window_drift,38590,37730,38450,720,4,1000,temporal,2,6,6,-993.406842431469,0.930036,0.730084,1.756245,1.396742,1.023478,2.629265,,2.448632,True
2,501,window_drift,39957,38444,39884,1440,2,1000,temporal,1,5,5,-69.55274932565789,0.898358,0.653688,2.021205,1.464445,0.962595,2.324505,,2.210182,True
2,501,window_drift,39957,38444,39884,1440,2,1000,static,2,40,40,-69.55274932565789,1.75285,1.344132,2.623757,2.552649,0.916495,3.55212,,2.210182,True
2,502,window_drift,38837,37913,38633,720,2,200,static,1,21,21,-605.9075498043876,1.079382,0.821783,1.876366,1.498967,1.020443,2.397755,,3.089271,True
2,502,window_drift,38837,37913,38633,720,2,200,temporal,2,3,3,-605.9075498043876,1.847053,1.512607,2.657909,1.975667,1.551195,3.150883,,3.089271,True
2,503,window_drift,42436,41732,42092,360,4,1000,temporal,1,6,6,905.5278773692994,1.902226,1.499637,3.553693,1.644677,1.187536,2.53959,,2.866324,True
2,503,window_drift,42436,41732,42092,360,4,1000,static,2,22,22,905.5278773692994,0.817286,0.620198,1.610945,1.653339,0.865128,2.880355,,2.866324,True
2,504,window_drift,41151,39686,41126,1440,2,5000,static,1,34,34,-156.13302747834183,22.882797,0.751597,23.981127,1.903047,1.273325,6.410412,,2.989931,True
2,504,window_drift,41151,39686,41126,1440,2,5000,temporal,2,6,6,-156.13302747834183,0.92612,0.672888,1.670376,2.744279,2.033895,3.555615,,2.989931,True
2,505,window_drift,37941,37402,37762,360,4,200,temporal,1,5,5,1078.0871413635002,0.990337,0.743224,1.631987,2.286036,1.527369,3.138375,,1.904169,True
2,505,window_drift,37941,37402,37762,360,4,200,static,2,19,19,1078.0871413635002,1.071921,0.833059,1.682304,1.676695,1.222799,2.417715,,1.904169,True
2,506,window_drift,42081,41176,41896,720,4,1000,static,1,37,37,1399.951320119849,1.036678,0.738837,1.694191,1.974966,1.526618,2.868537,,2.74533,True
2,506,window_drift,42081,41176,41896,720,4,1000,temporal,2,5,5,1399.951320119849,1.017329,0.795823,1.601541,1.631166,1.101215,2.406629,,2.74533,True
2,507,window_drift,40597,37621,40501,2880,2,200,temporal,1,9,9,432.45489653733335,1.021805,0.731496,1.646289,1.496713,0.909715,2.428923,,2.246937,True
2,507,window_drift,40597,37621,40501,2880,2,200,static,2,66,66,432.45489653733443,0.848713,0.564353,1.822195,1.779089,0.969606,2.511287,,2.246937,True
2,508,window_drift,37617,36924,37284,360,6,1000,static,1,27,27,-1747.0917939010524,1.728504,1.39566,2.387951,1.728384,1.340947,2.730809,,1.777317,True
2,508,window_drift,37617,36924,37284,360,6,1000,temporal,2,3,3,-1747.0917939010524,1.031179,0.838057,1.744828,1.541711,1.165332,2.311876,,1.777317,True
2,509,window_drift,42659,40918,42358,1440,2,5000,temporal,1,5,5,-171.31991966621015,0.91242,0.665567,1.774623,1.34273,0.869064,2.099194,,2.693552,True
2,509,window_drift,42659,40918,42358,1440,2,5000,static,2,39,39,-171.31991966621015,0.888453,0.651886,1.589584,1.542703,0.949105,2.37462,,2.693552,True
2,510,window_drift,41543,39811,41251,1440,4,200,static,1,72,72,-440.75394561902795,1.333867,0.91892,2.512139,1.650296,0.968535,2.568273,,22.902206,True
2,510,window_drift,41543,39811,41251,1440,4,200,temporal,2,10,10,-440.75394561902795,0.949536,0.690834,1.945351,1.718758,1.022696,2.48062,,22.902206,True
2,511,window_drift,38718,37905,38625,720,2,1000,temporal,1,3,3,-587.7192977813896,0.939631,0.737925,4.953179,2.330333,1.883688,3.290575,,1.798058,True
2,511,window_drift,38718,37905,38625,720,2,1000,static,2,20,20,-587.7192977813896,1.107605,0.845669,1.811619,1.376651,0.986551,2.196371,,1.798058,True
2,512,window_drift,41881,40956,41676,720,4,1000,static,1,38,38,410.7587818529895,0.901653,0.672607,1.625097,1.59433,1.163469,2.28206,,3.109641,True
2,512,window_drift,41881,40956,41676,720,4,1000,temporal,2,7,7,410.7587818529895,1.702264,1.397934,2.448142,1.346326,0.972771,2.542233,,3.109641,True
2,513,window_drift,37906,34815,37695,2880,6,5000,temporal,1,28,28,1149.5598407465868,1.576523,1.206654,2.283372,6.788172,1.039732,7.580841,,1.754052,True
2,513,window_drift,37906,34815,37695,2880,6,5000,static,2,223,223,1149.5598407465868,1.406877,0.97255,2.307459,2.767695,1.410112,3.466742,,1.754052,True
2,514,window_drift,42798,39593,42473,2880,4,5000,static,1,140,140,-793.0049214344854,1.25637,0.729112,2.052493,3.461534,2.344765,4.314123,,2.844391,True
2,514,window_drift,42798,39593,42473,2880,4,5000,temporal,2,18,18,-793.0049214344849,1.518345,1.118301,2.459579,3.44632,2.61311,4.475596,,2.844391,True
2,515,window_drift,40617,37470,40350,2880,2,200,temporal,1,9,9,366.7982858625661,1.837288,1.405014,3.090052,2.561243,1.546979,3.607964,,3.099476,True
2,515,window_drift,40617,37470,40350,2880,2,200,static,2,65,65,366.79828586256605,1.258103,0.882524,2.039193,2.380299,1.212343,3.18826,,3.099476,True
2,516,window_drift,39807,39405,39765,360,2,1000,static,1,12,12,-417.8995436696554,3.683279,3.3074,4.426713,1.749796,1.36191,2.904632,,2.723508,True
2,516,window_drift,39807,39405,39765,360,2,1000,temporal,2,2,2,-417.8995436696554,1.159884,0.921773,1.882917,1.690095,1.277582,2.417265,,2.723508,True
2,517,window_drift,41994,39081,41961,2880,4,200,temporal,1,19,19,608.1706516848374,1.395781,1.022806,2.418346,8.080296,1.482472,9.388645,,3.782088,True
2,517,window_drift,41994,39081,41961,2880,4,200,static,2,141,141,608.1706516848374,1.616945,1.143359,2.94971,8.805594,1.63365,9.958446,,3.782088,True
2,518,window_drift,39220,38228,38948,720,4,5000,static,1,38,38,224.0712735898156,1.361448,1.079122,1.994235,1.606339,1.142637,2.675615,,2.558968,True
2,518,window_drift,39220,38228,38948,720,4,5000,temporal,2,6,6,224.0712735898156,1.017418,0.790515,1.685278,1.603094,1.114175,2.359217,,2.558968,True
2,519,window_drift,41336,40511,41231,720,4,1000,temporal,1,6,6,-1705.3519536874187,1.790447,1.455059,2.369523,1.703365,1.153765,2.547752,,2.061527,True
2,519,window_drift,41336,40511,41231,720,4,1000,static,2,36,36,-1705.3519536874187,0.930567,0.684054,1.593619,1.51474,1.039272,2.322111,,2.061527,True
2,520,window_drift,42579,41754,42474,720,4,1000,static,1,37,37,-1059.576310541145,1.092772,0.824887,1.7267,1.789055,1.178983,2.557066,,5.367706,True
2,520,window_drift,42579,41754,42474,720,4,1000,temporal,2,6,6,-1059.5763105411456,1.555392,1.235588,2.847485,1.56714,1.171181,2.714344,,5.367706,True
2,521,window_drift,39613,39078,39438,360,4,1000,temporal,1,2,2,556.1558589975181,1.133584,0.837406,1.839461,1.785359,1.377053,2.673493,,2.798481,True
2,521,window_drift,39613,39078,39438,360,4,1000,static,2,16,16,556.1558589975181,0.829024,0.622421,1.495201,1.356932,1.022316,2.112855,,2.798481,True
2,522,window_drift,42291,40598,42038,1440,2,1000,static,1,32,32,-63.095595190455995,0.948064,0.705497,1.755003,1.674171,1.076498,2.390364,,2.477466,True
2,522,window_drift,42291,40598,42038,1440,2,1000,temporal,2,5,5,-63.095595190455995,0.926521,0.6546,1.705839,1.602623,1.102417,2.299957,,2.477466,True
2,523,window_drift,41408,40603,41323,720,4,5000,temporal,1,6,6,-1413.2614656639348,1.447378,1.102707,2.094016,1.358223,0.960231,2.094026,,3.620474,True
2,523,window_drift,41408,40603,41323,720,4,5000,static,2,38,38,-1413.2614656639348,1.264822,1.014153,1.884179,2.181629,1.682884,3.095871,,3.620474,True
2,524,window_drift,42055,40515,41955,1440,2,200,static,1,38,38,129.66883549417858,1.312905,0.995475,1.975607,1.686069,1.211361,2.596205,,2.448602,True
2,524,window_drift,42055,40515,41955,1440,2,200,temporal,2,5,5,129.66883549417858,0.983658,0.735051,1.880102,1.702635,1.192634,2.591588,,2.448602,True
2,525,window_drift,41989,40510,41950,1440,4,200,temporal,1,10,10,251.9680701955259,1.009766,0.71411,1.846091,1.61373,0.962996,2.404626,,2.72515,True
2,525,window_drift,41989,40510,41950,1440,4,200,static,2,71,71,251.9680701955259,0.974212,0.728662,1.815766,1.730997,1.05161,25.127,,2.72515,True
2,526,window_drift,39204,36232,39112,2880,2,200,static,1,65,65,347.03900696480014,1.911079,1.489272,3.691141,2.001155,1.041174,3.644681,,3.853927,True
2,526,window_drift,39204,36232,39112,2880,2,200,temporal,2,9,9,347.03900696479997,0.955725,0.683363,2.068207,1.831579,1.123629,2.699201,,3.853927,True
2,527,window_drift,39517,38680,39400,720,2,1000,temporal,1,3,3,803.1739017695036,0.943036,0.730715,1.582663,1.328298,0.954964,2.072393,,3.358848,True
2,527,window_drift,39517,38680,39400,720,2,1000,static,2,16,16,803.1739017695036,0.778617,0.594799,1.433577,1.234567,0.906411,1.978832,,3.358848,True
2,528,window_drift,40486,40085,40445,360,4,1000,static,1,20,20,994.5462606489714,0.95218,0.707249,1.509683,1.705188,1.178883,2.512358,,2.660653,True
2,528,window_drift,40486,40085,40445,360,4,1000,temporal,2,6,6,994.5462606489714,0.821843,0.621439,1.436712,1.380988,1.055335,2.187407,,2.660653,True
2,529,window_drift,40577,39546,40266,720,6,200,temporal,1,8,8,-1819.8737906023384,1.114225,0.922745,1.729615,1.522873,1.059352,2.300939,,3.368313,True
2,529,window_drift,40577,39546,40266,720,6,200,static,2,56,56,-1819.8737906023384,0.893741,0.695742,1.6472,2.431416,1.776937,3.15448,,3.368313,True
2,530,window_drift,38949,38475,38835,360,8,200,static,1,38,38,295.66909717161275,0.99218,0.764396,1.730556,2.039654,1.380588,2.806223,,2.511918,True
2,530,window_drift,38949,38475,38835,360,8,200,temporal,2,4,4,295.66909717161275,0.927352,0.715952,1.536964,1.60089,1.198963,2.491326,,2.511918,True
2,531,window_drift,39568,38546,39266,720,2,200,temporal,1,3,3,715.0019214921313,1.062957,0.832108,1.648342,1.512096,1.147825,2.359847,,2.240478,True
2,531,window_drift,39568,38546,39266,720,2,200,static,2,19,19,715.0019214921313,1.095957,0.850155,1.702474,19.799255,1.274287,21.120452,,2.240478,True
2,532,window_drift,42366,39327,42207,2880,2,200,static,1,75,75,-102.68367078299707,1.814323,1.429451,2.578769,2.34194,1.445616,3.06903,,1.800432,True
2,532,window_drift,42366,39327,42207,2880,2,200,temporal,2,9,9,-102.68367078299582,0.976266,0.695511,1.622663,2.154708,1.424674,2.875617,,1.800432,True
2,533,window_drift,41367,39728,41168,1440,4,200,temporal,1,14,14,-337.5567092993141,1.440117,1.094965,2.127857,1.769676,1.188307,2.470195,,8.147288,True
2,533,window_drift,41367,39728,41168,1440,4,200,static,2,74,74,-337.5567092993141,1.039752,0.761782,1.635482,1.546418,1.059222,2.204533,,8.147288,True
2,534,window_drift,38445,38083,38443,360,8,200,static,1,42,42,-2408.722394679785,1.09129,0.880902,1.715874,1.453768,1.088796,2.236141,,3.545971,True
2,534,window_drift,38445,38083,38443,360,8,200,temporal,2,12,12,-2408.722394679785,0.885319,0.695902,1.671497,1.355249,1.009746,2.410375,,3.545971,True
2,535,window_drift,42753,39756,42636,2880,4,5000,temporal,1,18,18,-562.4904625624692,1.411775,1.029557,2.280938,2.500952,1.720642,3.364957,,6.954825,True
2,535,window_drift,42753,39756,42636,2880,4,5000,static,2,140,140,-562.4904625624679,1.088986,0.71409,1.750577,2.081457,1.17727,2.737689,,6.954825,True
2,536,window_drift,40542,39910,40270,360,4,5000,static,1,19,19,-4.370630872454932,1.037639,0.794,1.646379,1.41545,1.061225,2.124002,,2.417455,True
2,536,window_drift,40542,39910,40270,360,4,5000,temporal,2,2,2,-4.370630872454932,1.979543,1.576654,2.714114,2.401431,1.901655,3.53489,,2.417455,True
2,537,window_drift,41441,38282,41162,2880,4,1000,temporal,1,19,19,-770.8170468403174,1.796235,1.379335,2.478347,2.975629,1.910439,3.737501,,2.751981,True
2,537,window_drift,41441,38282,41162,2880,4,1000,static,2,140,140,-770.8170468403174,1.366055,1.000262,2.14256,2.05069,1.272103,2.761695,,2.751981,True
2,538,window_drift,42776,41085,42525,1440,4,5000,static,1,72,72,-422.8288432377532,1.566418,1.172553,2.396543,1.703075,1.11836,2.697142,,2.079284,True
2,538,window_drift,42776,41085,42525,1440,4,5000,temporal,2,10,10,-422.8288432377532,1.016988,0.77418,1.691166,1.587089,1.06511,2.418061,,2.079284,True
2,539,window_drift,43087,42527,42887,360,4,5000,temporal,1,6,6,578.4782649184995,1.588581,1.314177,2.24182,1.437864,1.061865,2.308495,,1.929728,True
2,539,window_drift,43087,42527,42887,360,4,5000,static,2,22,22,578.4782649184995,1.29603,1.004419,1.968346,1.979062,1.509873,2.683242,,1.929728,True
2,540,window_drift,38459,35530,38410,2880,4,1000,static,1,146,146,-687.8427368328807,1.132973,0.748882,1.862445,7.233737,1.676124,8.153607,,2.166836,True
2,540,window_drift,38459,35530,38410,2880,4,1000,temporal,2,20,20,-687.8427368328839,1.286866,0.983807,2.459974,1.883879,1.063277,2.656827,,2.166836,True
2,541,window_drift,40404,39562,40282,720,2,1000,temporal,1,4,4,-254.61382605109867,1.629444,1.29638,2.327929,1.413397,1.048205,2.183802,,3.02576,True
2,541,window_drift,40404,39562,40282,720,2,1000,static,2,21,21,-254.61382605109867,1.271533,1.024059,2.165264,1.803697,1.367618,2.694114,,3.02576,True
2,542,window_drift,37459,35673,37113,1440,2,200,static,1,40,40,-174.52420090954,0.982806,0.717195,1.703085,1.389331,0.93922,2.138763,,1.598637,True
2,542,window_drift,37459,35673,37113,1440,2,200,temporal,2,6,6,-174.52420090954,0.871047,0.646378,1.622163,2.06375,1.42261,2.836268,,1.598637,True
2,543,window_drift,41997,40442,41882,1440,8,1000,temporal,1,19,19,429.8660038923766,1.034374,0.764766,1.722845,1.736245,1.164841,2.52679,,2.117301,True
2,543,window_drift,41997,40442,41882,1440,8,1000,static,2,141,141,429.8660038923766,1.63342,1.257952,2.356207,2.398627,1.528651,3.175116,,2.117301,True
2,544,window_drift,40678,37521,40401,2880,6,1000,static,1,222,222,1131.805260778408,1.609824,0.904017,2.317048,2.201819,1.174896,4.35217,,2.019048,True
2,544,window_drift,40678,37521,40401,2880,6,1000,temporal,2,28,28,1131.805260778408,1.082948,0.777706,2.069078,2.035728,1.250441,4.595979,,2.019048,True
2,545,window_drift,42372,41599,42319,720,4,1000,temporal,1,6,6,789.9331360579233,1.543533,1.287086,2.44016,1.66035,1.223069,2.568093,,2.447069,True
2,545,window_drift,42372,41599,42319,720,4,1000,static,2,38,38,789.9331360579233,0.953922,0.760489,1.586188,1.414108,1.062257,2.144513,,2.447069,True
2,546,window_drift,39680,38077,39517,1440,6,5000,static,1,107,107,-431.10091780284847,1.294778,0.875804,2.194758,1.675673,1.050979,2.432478,,2.132364,True
2,546,window_drift,39680,38077,39517,1440,6,5000,temporal,2,15,15,-431.10091780284847,1.265814,1.024008,2.018872,1.883317,1.189388,2.742847,,2.132364,True
2,547,window_drift,42593,42022,42382,360,2,1000,temporal,1,1,1,-291.6014575775425,1.147836,0.934382,1.781313,1.435931,1.131221,2.343283,,1.699184,True
2,547,window_drift,42593,42022,42382,360,2,1000,static,2,10,10,-291.6014575775425,0.902154,0.732778,1.457213,1.588742,1.288178,2.339548,,1.699184,True
2,548,window_drift,39289,36392,39272,2880,6,200,static,1,207,207,1037.4718106607645,1.500238,0.801211,2.111753,2.443905,1.453147,3.213098,,1.507184,True
2,548,window_drift,39289,36392,39272,2880,6,200,temporal,2,27,27,1037.471810660761,1.034785,0.765037,1.689174,1.976348,1.183389,2.718119,,1.507184,True
2,549,window_drift,38848,37860,38580,720,2,1000,temporal,1,3,3,-479.9871401498185,0.996377,0.763915,1.607961,1.293396,0.997348,2.081557,,0.631896,True
2,549,window_drift,38848,37860,38580,720,2,1000,static,2,21,21,-479.9871401498185,0.985791,0.777806,1.612257,1.292184,0.975435,1.933413,,0.631896,True
2,550,window_drift,43144,40173,43053,2880,2,5000,static,1,78,78,234.03541060176946,1.016377,0.705477,1.662979,1.750166,1.035926,2.461462,,1.058881,True
2,550,window_drift,43144,40173,43053,2880,2,5000,temporal,2,9,9,234.03541060176946,1.19063,0.744596,1.816347,1.664577,1.103259,2.433429,,1.058881,True
2,551,window_drift,38449,35502,38382,2880,6,1000,temporal,1,28,28,-854.552059134548,1.377943,0.902915,1.992532,1.944449,1.215528,2.704048,,1.396492,True
2,551,window_drift,38449,35502,38382,2880,6,1000,static,2,223,223,-854.5520591345254,15.343037,0.672176,16.244145,2.338806,1.631176,3.458158,,1.396492,True
2,552,window_drift,42112,40352,41792,1440,8,1000,static,1,146,146,565.0393227817221,1.433958,1.053223,2.205705,2.311926,1.307977,3.162531,,1.887454,True
2,552,window_drift,42112,40352,41792,1440,8,1000,temporal,2,23,23,565.0393227817221,1.499627,1.069587,2.389863,1.817618,1.25001,2.729757,,1.887454,True
2,553,window_drift,37951,37188,37908,720,2,5000,temporal,1,3,3,422.0391417935675,1.025891,0.821863,1.718177,1.780953,1.424113,2.547982,,1.503433,True
2,553,window_drift,37951,37188,37908,720,2,5000,static,2,21,21,422.0391417935675,0.856165,0.623623,1.623264,1.687521,1.2104,2.400068,,1.503433,True
2,554,window_drift,41632,39947,41387,1440,4,1000,static,1,72,72,59.35152347688211,1.182578,0.782783,1.989598,1.724547,1.245453,2.493159,,0.505715,True
2,554,window_drift,41632,39947,41387,1440,4,1000,temporal,2,11,11,59.35152347688211,1.009937,0.74099,1.810407,1.940644,1.387468,2.756858,,0.505715,True
2,555,window_drift,40311,37328,40208,2880,6,5000,temporal,1,25,25,279.4552391916697,1.003988,0.741862,1.575732,4.212299,2.015187,4.935832,,0.496781,True
2,555,window_drift,40311,37328,40208,2880,6,5000,static,2,221,221,279.4552391916703,1.232383,0.906821,2.358827,2.221719,1.178282,3.321331,,0.496781,True
2,556,window_drift,38947,38188,38908,720,2,5000,static,1,21,21,-543.642814230841,1.962347,1.2966,2.795306,2.146235,1.298844,2.865031,,26.604824,True
2,556,window_drift,38947,38188,38908,720,2,5000,temporal,2,3,3,-543.642814230841,1.012711,0.782844,1.621472,1.442911,1.095075,5.953982,,26.604824,True
2,557,window_drift,38546,35550,38430,2880,2,5000,temporal,1,9,9,-358.973394716061,1.221047,0.915724,1.826051,1.910238,1.280536,2.58634,,2.75157,True
2,557,window_drift,38546,35550,38430,2880,2,5000,static,2,65,65,-358.9733947160601,1.048085,0.726458,1.738468,1.687441,0.965329,2.447751,,2.75157,True
2,558,window_drift,37585,37016,37376,360,4,1000,static,1,16,16,-834.9041115167161,0.999251,0.794461,1.646499,1.394147,1.082066,2.128408,,0.676272,True
2,558,window_drift,37585,37016,37376,360,4,1000,temporal,2,2,2,-834.9041115167161,0.848083,0.655801,1.527945,1.248437,0.974183,2.006203,,0.676272,True
2,559,window_drift,39204,37691,39131,1440,4,200,temporal,1,10,10,346.54940940394397,1.008415,0.76781,1.948296,1.624656,1.128486,2.383574,,2.157532,True
2,559,window_drift,39204,37691,39131,1440,4,200,static,2,73,73,346.54940940394397,0.865528,0.613848,1.856778,1.836587,1.049727,2.551247,,2.157532,True
2,560,window_drift,42114,41043,41763,720,8,200,static,1,70,70,1.6109652557204406,1.28271,1.003998,1.959894,1.882015,1.313726,2.636897,,2.461862,True
2,560,window_drift,42114,41043,41763,720,8,200,temporal,2,12,12,1.6109652557204406,0.920181,0.706458,1.510524,1.701632,1.264191,2.929469,,2.461862,True
2,561,window_drift,38009,36333,37773,1440,4,1000,temporal,1,11,11,445.6740224798998,1.332355,0.827972,1.917219,1.665878,1.21692,2.331425,,1.530334,True
2,561,window_drift,38009,36333,37773,1440,4,1000,static,2,74,74,445.6740224798998,0.898779,0.653628,1.549122,1.475962,1.015756,2.125664,,1.530334,True
2,562,window_drift,41330,38426,41306,2880,6,1000,static,1,220,220,-1024.730880285546,2.135749,1.574701,2.799332,1.825731,1.056157,2.576005,,1.723005,True
2,562,window_drift,41330,38426,41306,2880,6,1000,temporal,2,26,26,-1024.730880285546,0.892169,0.632426,1.632839,1.786561,1.180074,2.498557,,1.723005,True
2,563,window_drift,41841,38621,41501,2880,6,1000,temporal,1,29,29,231.4420235486234,1.301558,0.971299,2.221909,1.994726,1.328499,2.775447,,2.069679,True
2,563,window_drift,41841,38621,41501,2880,6,1000,static,2,217,217,231.44202354862608,1.088425,0.768042,1.800031,1.714952,0.981705,2.485478,,2.069679,True
2,564,window_drift,41411,40507,41227,720,2,5000,static,1,17,17,-856.6352228058847,1.169869,0.937828,2.187042,1.386576,1.045932,2.37402,,1.868805,True
2,564,window_drift,41411,40507,41227,720,2,5000,temporal,2,3,3,-856.6352228058847,0.886551,0.700209,1.539237,1.141366,0.860791,1.868655,,1.868805,True
2,565,window_drift,41055,40379,40739,360,4,5000,temporal,1,6,6,1035.4617807261106,0.943807,0.752919,1.558697,1.492166,0.987233,2.207377,,2.011571,True
2,565,window_drift,41055,40379,40739,360,4,5000,static,2,22,22,1035.4617807261106,0.82668,0.631925,1.504945,1.312094,1.010778,2.42119,,2.011571,True
2,566,window_drift,37866,34740,37620,2880,8,1000,static,1,287,287,1345.1284822024095,1.522542,0.797756,2.152294,2.174057,1.148757,2.879052,,1.712078,True
2,566,window_drift,37866,34740,37620,2880,8,1000,temporal,2,38,38,1345.1284822024095,1.152913,0.887682,1.867935,2.283282,1.472796,2.979735,,1.712078,True
2,567,window_drift,42556,41021,42461,1440,4,1000,temporal,1,10,10,-479.3661830235293,1.711077,1.410933,2.615244,1.738408,1.099683,2.489354,,2.118443,True
2,567,window_drift,42556,41021,42461,1440,4,1000,static,2,71,71,-479.3661830235293,0.949316,0.664896,1.834273,1.775204,1.013061,2.524627,,2.118443,True
2,568,window_drift,41897,41019,41739,720,4,200,static,1,38,38,788.2461961222427,0.936816,0.69469,1.51443,1.768935,1.311072,2.481331,,1.936328,True
2,568,window_drift,41897,41019,41739,720,4,200,temporal,2,7,7,788.2461961222427,0.869885,0.649722,1.493118,1.368298,0.970968,2.127196,,1.936328,True
2,569,window_drift,39704,36542,39422,2880,4,200,temporal,1,18,18,-26.332436555250794,1.314226,0.973291,1.873122,1.747222,1.083428,2.405948,,1.928235,True
2,569,window_drift,39704,36542,39422,2880,4,200,static,2,143,143,-26.332436555250524,1.300917,0.900912,2.184913,1.914404,1.112032,2.620963,,1.928235,True
2,570,window_drift,38759,37242,38682,1440,8,200,static,1,146,146,179.13745466019225,1.286244,0.934513,1.97767,1.916388,1.22339,2.596786,,2.372517,True
2,570,window_drift,38759,37242,38682,1440,8,200,temporal,2,20,20,179.13745466019225,0.99234,0.763945,1.61369,1.75302,1.172863,2.457866,,2.372517,True
2,571,window_drift,41534,39756,41196,1440,6,1000,temporal,1,16,16,-454.7080289060691,1.340697,1.061885,2.021787,4.674308,1.147174,5.429539,,3.334541,True
2,571,window_drift,41534,39756,41196,1440,6,1000,static,2,111,111,-454.7080289060691,1.738909,1.280566,2.563435,1.708633,1.09788,2.442152,,3.334541,True
2,572,window_drift,38257,36726,38166,1440,4,1000,static,1,72,72,-201.3110487958386,1.231953,0.951017,1.824349,1.738438,1.142848,2.402532,,1.674021,True
2,572,window_drift,38257,36726,38166,1440,4,1000,temporal,2,10,10,-201.3110487958386,0.999771,0.748391,1.629704,1.505546,1.004668,2.190471,,1.674021,True
2,573,window_drift,43136,39995,42875,2880,2,1000,temporal,1,9,9,127.89907851087787,1.267747,0.983497,2.180487,1.631017,1.075496,2.36122,,5.479945,True
2,573,window_drift,43136,39995,42875,2880,2,1000,static,2,74,74,127.89907851087787,1.046032,0.74114,1.669324,1.669785,1.152021,2.377895,,5.479945,True
2,574,window_drift,41990,40546,41986,1440,4,200,static,1,70,70,134.56674444051237,1.07162,0.818387,1.811218,1.654652,1.143779,2.332486,,2.177112,True
2,574,window_drift,41990,40546,41986,1440,4,200,temporal,2,11,11,134.56674444051237,0.992661,0.684916,1.738628,1.932261,1.229359,2.634263,,2.177112,True
2,575,window_drift,40446,39649,40369,720,6,1000,temporal,1,9,9,1009.3838395216746,1.118151,0.885078,1.728003,1.744918,1.255538,2.39461,,1.884609,True
2,575,window_drift,40446,39649,40369,720,6,1000,static,2,54,54,1009.3838395216746,0.958459,0.732097,1.529122,1.592878,1.175547,2.245004,,1.884609,True
2,576,window_drift,43038,42443,42803,360,6,1000,static,1,32,32,-215.45136495311806,1.076868,0.861312,1.672528,1.526818,1.13796,2.350664,,2.160546,True
2,576,window_drift,43038,42443,42803,360,6,1000,temporal,2,9,9,-215.45136495311806,0.897467,0.718015,1.50169,1.339034,1.028495,2.00415,,2.160546,True
2,577,window_drift,38133,34959,37839,2880,4,5000,temporal,1,18,18,734.2732907865018,2.04335,1.742965,2.792602,6.426877,1.331993,7.409593,,2.196491,True
2,577,window_drift,38133,34959,37839,2880,4,5000,static,2,145,145,734.273290786496,1.174275,0.797736,2.069819,2.482234,1.661793,3.182873,,2.196491,True
2,578,window_drift,38662,37024,38464,1440,8,200,static,1,146,146,-634.0623955479193,1.35572,0.984057,2.023029,2.008807,1.370402,2.714163,,2.588834,True
2,578,window_drift,38662,37024,38464,1440,8,200,temporal,2,20,20,-634.0623955479193,1.041915,0.799229,1.804678,1.712589,1.135507,2.385156,,2.588834,True
2,579,window_drift,43040,42538,42898,360,2,5000,temporal,1,3,3,281.85988157458445,1.140384,0.915975,1.757798,1.60726,1.30306,2.493881,,2.457316,True
2,579,window_drift,43040,42538,42898,360,2,5000,static,2,11,11,281.85988157458445,0.908023,0.731145,1.459507,1.73255,1.467299,2.604949,,2.457316,True
2,580,window_drift,38730,37655,38375,720,2,1000,static,1,20,20,326.8874082213026,1.443723,1.168817,2.035197,1.430503,1.112963,2.104472,,2.455242,True
2,580,window_drift,38730,37655,38375,720,2,1000,temporal,2,3,3,326.8874082213026,1.394017,1.053663,1.973533,2.0374,1.581601,2.730328,,2.455242,True
2,581,window_drift,39582,39183,39543,360,4,1000,temporal,1,2,2,-177.78266905331924,0.936475,0.719628,1.503072,1.388238,1.032972,2.053755,,1.829446,True
2,581,window_drift,39582,39183,39543,360,4,1000,static,2,19,19,-177.78266905331924,0.842293,0.572376,1.442851,1.621131,1.24384,2.405196,,1.829446,True
2,582,window_drift,42410,40936,42376,1440,2,1000,static,1,34,34,-207.03073137818072,1.237981,0.933642,2.128919,1.555402,1.155187,2.311975,,2.748766,True
2,582,window_drift,42410,40936,42376,1440,2,1000,temporal,2,6,6,-207.03073137818072,1.002927,0.752468,1.793903,1.601681,1.036828,2.291204,,2.748766,True
2,583,window_drift,41321,40959,41319,360,6,1000,temporal,1,9,9,-1476.6828184086448,1.062877,0.877787,1.729815,1.65347,1.145592,2.377565,,2.731991,True
2,583,window_drift,41321,40959,41319,360,6,1000,static,2,31,31,-1476.6828184086448,0.864607,0.685326,1.471094,1.542332,1.143208,2.217263,,2.731991,True
2,584,window_drift,39913,36825,39705,2880,6,1000,static,1,222,222,-1257.5552282028038,1.13724,0.768512,1.880534,2.104222,1.240635,2.888938,,4.543028,True
2,584,window_drift,39913,36825,39705,2880,6,1000,temporal,2,27,27,-1257.5552282028038,12.671338,0.652837,13.493101,4.479041,1.234766,5.291099,,4.543028,True
2,585,window_drift,42632,41600,42320,720,4,200,temporal,1,6,6,323.19103385008054,1.234736,0.92647,2.021596,1.933654,1.462431,2.721054,,6.663725,True
2,585,window_drift,42632,41600,42320,720,4,200,static,2,38,38,323.19103385008054,0.960532,0.701601,1.586569,1.695844,1.266856,2.371215,,6.663725,True
2,586,window_drift,38433,36921,38361,1440,4,5000,static,1,73,73,-358.52869541576274,1.340396,1.000342,2.24888,1.815064,1.261978,2.516474,,1.788064,True
2,586,window_drift,38433,36921,38361,1440,4,5000,temporal,2,10,10,-358.52869541576274,1.120744,0.881393,1.837067,1.767302,1.291082,2.50689,,1.788064,True
2,587,window_drift,42944,41464,42904,1440,6,200,temporal,1,15,15,426.3600518623848,1.092141,0.812999,1.660881,7.543094,1.138401,8.277255,,1.875385,True
2,587,window_drift,42944,41464,42904,1440,6,200,static,2,105,105,426.3600518623848,1.906253,1.150549,2.607412,2.327009,1.40875,3.061729,,1.875385,True
2,588,window_drift,40977,37959,40839,2880,4,1000,static,1,144,144,-329.46219962790775,1.701973,1.004699,2.328841,1.835956,1.101005,2.531317,,4.913148,True
2,588,window_drift,40977,37959,40839,2880,4,1000,temporal,2,20,20,-329.46219962790775,1.028976,0.748211,1.729705,1.804639,1.093934,2.516104,,4.913148,True
2,589,window_drift,42831,42413,42773,360,2,1000,temporal,1,3,3,-269.4741640890964,1.139272,0.893892,1.737517,1.636104,1.328528,2.383694,,3.013296,True
2,589,window_drift,42831,42413,42773,360,2,1000,static,2,10,10,-269.4741640890964,0.949566,0.731777,1.548271,2.117211,1.390993,2.799503,,3.013296,True
2,590,window_drift,40441,37475,40355,2880,8,5000,static,1,288,288,1353.2116773027958,2.236812,1.121766,2.855277,3.441994,1.67367,4.177506,,1.944159,True
2,590,window_drift,40441,37475,40355,2880,8,5000,temporal,2,37,37,1353.2116773027958,1.125301,0.857987,1.830688,2.916189,1.876037,3.660845,,1.944159,True
2,591,window_drift,38157,37173,37893,720,4,200,temporal,1,5,5,1066.149801665664,1.13784,0.91283,1.714151,1.771599,1.281167,2.461972,,2.115078,True
2,591,window_drift,38157,37173,37893,720,4,200,static,2,36,36,1066.149801665664,1.506438,1.141957,2.092424,1.822375,1.373236,2.557657,,2.115078,True
2,592,window_drift,40621,39691,40411,720,2,200,static,1,17,17,190.3996241960686,1.478946,1.192073,2.075337,1.846672,1.075035,2.521963,,2.153085,True
2,592,window_drift,40621,39691,40411,720,2,200,temporal,2,3,3,190.3996241960686,1.399636,1.09768,2.041717,2.993746,2.551678,4.10727,,2.153085,True
2,593,window_drift,40478,38859,40299,1440,4,1000,temporal,1,9,9,256.47399237259856,2.273937,1.240355,3.185156,2.22882,1.59428,3.008288,,2.967827,True
2,593,window_drift,40478,38859,40299,1440,4,1000,static,2,72,72,256.47399237259856,1.126553,0.711716,1.771628,1.761714,1.17771,2.651889,,2.967827,True
2,594,window_drift,42737,39502,42382,2880,4,1000,static,1,143,143,-786.6826679181737,1.461961,0.786319,2.034986,1.982397,1.0385,2.699992,,2.117001,True
2,594,window_drift,42737,39502,42382,2880,4,1000,temporal,2,20,20,-786.6826679181737,1.284472,0.807942,1.984771,2.097241,1.087735,2.786944,,2.117001,True
2,595,window_drift,39797,38069,39509,1440,2,1000,temporal,1,5,5,-142.52594864465095,1.647901,1.087524,2.796137,20.753041,20.028956,21.700278,,2.969529,True
2,595,window_drift,39797,38069,39509,1440,2,1000,static,2,40,40,-142.52594864465095,1.280727,1.001624,2.487622,1.503202,1.054174,2.215039,,2.969529,True
2,596,window_drift,38441,37407,38127,720,2,1000,static,1,16,16,844.0158394842327,1.086082,0.777316,1.62752,1.445525,1.079502,2.181027,,1.736856,True
2,596,window_drift,38441,37407,38127,720,2,1000,temporal,2,2,2,844.0158394842327,0.893691,0.704716,1.457393,1.436962,0.900651,2.108348,,1.736856,True
2,597,window_drift,42056,41157,41877,720,2,1000,temporal,1,3,3,292.0280694579925,0.914503,0.715282,1.511525,1.485216,1.103979,2.141428,,2.30153,True
2,597,window_drift,42056,41157,41877,720,2,1000,static,2,20,20,292.0280694579925,0.875855,0.644484,1.423342,1.205903,0.850706,1.978782,,2.30153,True
2,598,window_drift,39231,36067,38947,2880,2,1000,static,1,80,80,207.22923457228072,0.997809,0.706409,1.679279,1.655603,1.086313,2.388011,,1.704907,True
2,598,window_drift,39231,36067,38947,2880,2,1000,temporal,2,10,10,207.22923457228075,0.937778,0.670013,1.635182,1.42197,0.897196,2.115398,,1.704907,True
2,599,window_drift,42039,41263,41983,720,4,1000,temporal,1,6,6,1684.672288482942,1.275799,0.831588,2.106004,1.456012,1.099122,2.187176,,2.261559,True
2,599,window_drift,42039,41263,41983,720,4,1000,static,2,38,38,1684.672288482942,0.899941,0.697795,1.485857,1.310281,0.941274,1.999653,,2.261559,True
3,0,calibration,11546,10857,11217,360,8,200,temporal,1,13,13,2064.5093283245196,0.897497,0.751877,1.596284,1.380827,1.054074,2.517196,,1.667812,True
3,0,calibration,11546,10857,11217,360,8,200,static,2,47,47,2064.5093283245196,0.902985,0.763003,1.512166,1.392946,1.076538,2.15613,,1.667812,True
3,1,calibration,10500,10394,10454,60,6,1000,static,1,8,8,-260.32490386771076,0.798838,0.636192,1.349701,1.215338,0.961513,1.973444,,1.248157,True
3,1,calibration,10500,10394,10454,60,6,1000,temporal,2,3,3,-260.32490386771076,0.765598,0.630122,1.34906,1.291493,1.066252,1.913853,,1.248157,True
3,2,calibration,4992,4556,4736,180,2,1000,temporal,1,3,3,-185.8650546244482,0.808743,0.68168,1.364593,1.133814,0.928313,2.197443,,1.483442,True
3,2,calibration,4992,4556,4736,180,2,1000,static,2,7,7,-185.8650546244482,0.800109,0.638646,1.422531,1.129358,0.917498,1.980174,,1.483442,True
3,3,calibration,7147,6519,6879,360,4,200,static,1,22,22,540.7113543480731,0.969155,0.83352,1.511576,3.261897,1.102026,3.91541,,0.435548,True
3,3,calibration,7147,6519,6879,360,4,200,temporal,2,7,7,540.7113543480731,1.920784,1.657717,2.527782,1.445316,1.15092,2.207958,,0.435548,True
3,4,calibration,3077,2608,2968,360,4,1000,temporal,1,2,2,922.49225014919,1.086683,0.924087,1.720151,1.445696,1.133173,2.593981,,6.292043,True
3,4,calibration,3077,2608,2968,360,4,1000,static,2,15,15,922.49225014919,0.935995,0.795944,1.506267,1.353026,1.052661,2.04397,,6.292043,True
3,5,calibration,3799,3308,3668,360,4,5000,static,1,16,16,-994.3817051020093,0.876485,0.733178,1.446717,1.37548,1.130869,2.12979,,1.596573,True
3,5,calibration,3799,3308,3668,360,4,5000,temporal,2,2,2,-994.3817051020093,3.364778,0.686158,4.033909,1.487309,1.25657,2.320959,,1.596573,True
3,6,calibration,10172,9317,10037,720,4,200,temporal,1,7,7,1566.6455861265904,1.056106,0.681611,1.62722,1.650836,1.277211,2.593421,,1.309459,True
3,6,calibration,10172,9317,10037,720,4,200,static,2,36,36,1566.6455861265904,0.845158,0.675641,1.438675,1.340006,0.959561,2.027025,,1.309459,True
3,7,calibration,7212,5677,7117,1440,2,200,static,1,32,32,107.05222663388474,2.895127,0.681501,3.482115,1.899542,1.130449,2.589425,,1.304482,True
3,7,calibration,7212,5677,7117,1440,2,200,temporal,2,5,5,107.05222663388474,1.141796,0.924387,1.8652,1.953763,1.423632,2.644658,,1.304482,True
3,8,calibration,4936,4671,4851,180,6,1000,temporal,1,3,3,-905.3854869481206,1.400288,1.188356,2.001597,1.719359,1.366335,2.383424,,1.724378,True
3,8,calibration,4936,4671,4851,180,6,1000,static,2,15,15,-905.3854869481206,0.953882,0.804016,1.606238,1.307617,1.047223,2.240176,,1.724378,True
3,9,calibration,11052,10556,10736,180,2,200,static,1,6,6,-47.375486486909224,0.845388,0.666308,1.397744,1.38886,0.978469,2.105183,,1.563484,True
3,9,calibration,11052,10556,10736,180,2,200,temporal,2,2,2,-47.375486486909224,1.065121,0.855173,1.718158,1.323241,1.082196,2.177632,,1.563484,True
3,10,calibration,6365,6270,6330,60,6,200,temporal,1,3,3,-273.2894094962925,0.968704,0.812428,1.536373,1.258793,1.022566,2.12955,,2.088778,True
3,10,calibration,6365,6270,6330,60,6,200,static,2,9,9,-273.2894094962925,1.175467,1.001874,1.768183,1.380948,1.14387,2.132314,,2.088778,True
3,11,calibration,3641,3079,3439,360,2,200,static,1,7,7,120.08719073242683,0.823135,0.691966,1.361619,1.125121,0.88639,2.008256,,1.733551,True
3,11,calibration,3641,3079,3439,360,2,200,temporal,2,1,1,120.08719073242683,0.903386,0.752949,12.129339,1.133133,0.927983,1.913914,,1.733551,True
3,12,calibration,11349,9779,11219,1440,6,200,temporal,1,15,15,162.68273110021778,1.006702,0.811678,2.135749,1.612007,1.11107,2.320589,,1.489011,True
3,12,calibration,11349,9779,11219,1440,6,200,static,2,113,113,162.68273110021778,0.910186,0.700389,1.703335,1.406216,0.960482,2.112574,,1.489011,True
3,13,calibration,1552,1181,1541,360,4,1000,static,1,18,18,928.4819678301225,0.951689,0.781251,1.537605,1.321227,1.083418,2.111943,,1.578166,True
3,13,calibration,1552,1181,1541,360,4,1000,temporal,2,2,2,928.4819678301225,0.773049,0.651285,1.339736,2.162188,1.668122,2.852092,,1.578166,True
3,14,calibration,8318,8056,8116,60,6,1000,temporal,1,7,7,305.4927254077687,1.687382,1.429241,2.305476,2.115569,1.406206,2.800133,,1.278383,True
3,14,calibration,8318,8056,8116,60,6,1000,static,2,9,9,305.4927254077687,1.204661,1.03179,1.793282,1.317602,1.111461,2.160907,,1.278383,True
3,15,calibration,9545,9300,9360,60,2,5000,static,1,3,3,88.55991454957393,0.941443,0.791597,1.539438,4.605744,4.393152,5.295226,,1.832731,True
3,15,calibration,9545,9300,9360,60,2,5000,temporal,2,1,1,88.55991454957393,0.841262,0.673538,1.47512,1.287566,1.104499,1.975046,,1.832731,True
3,16,calibration,6185,5657,6017,360,8,200,temporal,1,12,12,875.7331900596046,1.790848,1.383061,2.77129,1.606569,1.169608,2.447691,,2.032613,True
3,16,calibration,6185,5657,6017,360,8,200,static,2,42,42,875.7331900596046,0.946652,0.769183,1.519277,1.581962,1.217341,2.415161,,2.032613,True
3,17,calibration,6988,5346,6786,1440,2,200,static,1,33,33,166.7683671893567,0.99192,0.783515,1.764548,1.794473,1.135317,2.492558,,1.504304,True
3,17,calibration,6988,5346,6786,1440,2,200,temporal,2,6,6,166.7683671893567,0.810325,0.597173,1.613349,1.572828,0.948984,2.266397,,1.504304,True
3,18,calibration,8312,7671,8031,360,6,200,temporal,1,5,5,-252.5132757967998,14.531641,14.337217,15.337058,1.9447,1.510344,2.806152,,5.623111,True
3,18,calibration,8312,7671,8031,360,6,200,static,2,30,30,-252.5132757967998,1.298222,1.145733,1.886522,1.541681,1.245293,2.205034,,5.623111,True
3,19,calibration,6009,4291,5731,1440,4,200,static,1,73,73,362.62909676366627,1.303872,0.853921,1.893924,1.802585,0.972841,2.516324,,1.483943,True
3,19,calibration,6009,4291,5731,1440,4,200,temporal,2,11,11,362.62909676366627,1.197821,0.996346,1.930418,2.012413,1.164892,2.691078,,1.483943,True
3,20,calibration,1798,1534,1714,180,6,1000,temporal,1,9,9,733.749027567594,0.947393,0.810756,1.540409,1.408289,1.155787,2.203351,,1.485186,True
3,20,calibration,1798,1534,1714,180,6,1000,static,2,20,20,733.749027567594,0.837587,0.68815,1.433026,1.267506,1.009156,2.034185,,1.485186,True
3,21,calibration,4530,3079,4519,1440,4,200,static,1,71,71,216.57709096920098,0.950246,0.746058,1.665207,1.667892,1.069097,2.384485,,1.440538,True
3,21,calibration,4530,3079,4519,1440,4,200,temporal,2,9,9,216.57709096920098,0.821883,0.650894,1.504265,1.509312,1.059702,2.218765,,1.440538,True
3,22,calibration,12329,11899,12259,360,6,1000,temporal,1,3,3,766.187088320966,0.863976,0.717685,1.47511,1.344252,1.026262,2.121738,,1.171121,True
3,22,calibration,12329,11899,12259,360,6,1000,static,2,27,27,766.187088320966,1.302109,1.060373,1.8983,1.343621,1.046533,2.373408,,1.171121,True
3,23,calibration,12046,11789,11849,60,2,1000,static,1,1,1,-109.37571331199807,0.919911,0.738997,1.588662,1.466147,1.249409,2.239836,,2.425397,True
3,23,calibration,12046,11789,11849,60,2,1000,temporal,2,1,1,-109.37571331199807,0.835604,0.660759,1.425986,1.241737,1.049257,1.911961,,2.425397,True
3,24,calibration,8233,7969,8029,60,2,1000,temporal,1,1,1,64.37612776419452,0.861042,0.720129,1.420397,1.526508,1.290481,2.164452,,1.172192,True
3,24,calibration,8233,7969,8029,60,2,1000,static,2,1,1,64.37612776419452,1.125321,0.91951,1.684076,1.403642,1.214216,2.037931,,1.172192,True
3,25,calibration,4954,4812,4872,60,8,1000,static,1,9,9,-367.94384815092155,1.000893,0.843345,2.09026,20.879558,20.595098,22.20978,,1.626419,True
3,25,calibration,4954,4812,4872,60,8,1000,temporal,2,4,4,-367.94384815092155,1.16362,0.993011,1.925492,1.492426,1.166293,2.173836,,1.626419,True
3,26,calibration,12973,11996,12716,720,4,1000,temporal,1,7,7,1661.7116666897946,1.020603,0.822003,1.689194,1.431845,1.037618,2.135679,,2.01777,True
3,26,calibration,12973,11996,12716,720,4,1000,static,2,39,39,1661.7116666897946,0.922665,0.703354,1.491806,1.290281,0.958549,2.233026,,2.01777,True
3,27,calibration,3621,3231,3291,60,2,200,static,1,2,2,-8.73726026325311,0.95886,0.803244,1.580009,1.195016,1.050108,1.847773,,1.24957,True
3,27,calibration,3621,3231,3291,60,2,200,temporal,2,1,1,-8.73726026325311,1.559308,1.315219,2.131492,2.212866,2.026394,2.857831,,1.24957,True
3,28,calibration,6092,4330,5770,1440,2,200,temporal,1,4,4,183.89749210262613,1.406637,1.157801,2.100106,1.40851,0.973372,2.191413,,2.557506,True
3,28,calibration,6092,4330,5770,1440,2,200,static,2,32,32,183.89749210262613,0.923196,0.678225,1.509762,2.681885,2.132784,3.833226,,2.557506,True
3,29,calibration,12544,12230,12410,180,4,1000,static,1,12,12,716.5181006359155,0.96572,0.816755,1.698978,1.713801,1.440808,3.465209,,1.783075,True
3,29,calibration,12544,12230,12410,180,4,1000,temporal,2,6,6,716.5181006359155,0.932379,0.760389,1.54739,1.322169,1.036386,2.217532,,1.783075,True
3,30,calibration,9463,9070,9250,180,4,1000,temporal,1,2,2,-556.2984556605985,0.904257,0.738396,1.509632,1.437203,1.187866,2.30172,,1.672128,True
3,30,calibration,9463,9070,9250,180,4,1000,static,2,9,9,-556.2984556605985,0.913712,0.726929,2.951632,1.247165,1.023928,1.982006,,1.672128,True
3,31,calibration,12700,12005,12365,360,4,200,static,1,19,19,1051.559508743971,1.510614,1.223279,2.146415,1.822576,1.312395,20.876745,,8.659022,True
3,31,calibration,12700,12005,12365,360,4,200,temporal,2,4,4,1051.559508743971,1.241467,1.03192,1.932562,1.624687,1.252924,2.61279,,8.659022,True
3,32,calibration,10455,8674,10114,1440,2,1000,temporal,1,6,6,-130.30182919381934,1.048806,0.814191,1.839321,2.249962,1.69948,3.039265,,1.900864,True
3,32,calibration,10455,8674,10114,1440,2,1000,static,2,34,34,-130.30182919381934,1.108335,0.911669,1.721633,1.715634,1.245984,2.409132,,1.900864,True
3,33,calibration,1456,464,1184,720,2,1000,static,1,18,18,-792.0655710968272,0.910106,0.761361,1.450293,1.361899,1.023618,2.080355,,1.581751,True
3,33,calibration,1456,464,1184,720,2,1000,temporal,2,3,3,-792.0655710968272,0.842203,0.713168,1.40859,1.119422,0.830196,1.787994,,1.581751,True
3,34,calibration,9490,8976,9336,360,4,5000,temporal,1,2,2,-484.8664213922197,0.885278,0.706118,1.461009,1.525195,1.196299,2.177933,,1.434729,True
3,34,calibration,9490,8976,9336,360,4,5000,static,2,18,18,-484.8664213922197,0.960092,0.815233,1.528841,1.52814,1.094965,2.278374,,1.434729,True
3,35,calibration,13484,13225,13405,180,2,200,static,1,5,5,92.75987937168527,0.841602,0.686589,1.395921,1.160684,0.912519,2.251314,,1.330081,True
3,35,calibration,13484,13225,13405,180,2,200,temporal,2,1,1,92.75987937168527,0.958619,0.791747,1.850859,1.176168,0.940462,2.217613,,1.330081,True
3,36,calibration,3884,3807,3867,60,6,1000,temporal,1,3,3,-145.33442372707484,0.8729,0.739288,1.464304,1.523443,1.229038,2.833669,,1.266935,True
3,36,calibration,3884,3807,3867,60,6,1000,static,2,8,8,-145.33442372707484,0.82687,0.704094,1.829235,1.212003,1.029487,2.055267,,1.266935,True
3,37,calibration,11723,11324,11504,180,6,1000,static,1,14,14,-803.9557796618274,1.702625,1.383412,2.485988,2.118753,1.704457,3.40007,,2.870329,True
3,37,calibration,11723,11324,11504,180,6,1000,temporal,2,4,4,-803.9557796618274,1.29607,1.072021,1.986433,1.95145,1.681082,2.774334,,2.870329,True
3,38,calibration,10176,9752,9932,180,4,1000,temporal,1,2,2,531.7321997347375,0.87976,0.73467,1.464604,1.635372,1.380417,2.490976,,2.12936,True
3,38,calibration,10176,9752,9932,180,4,1000,static,2,9,9,531.7321997347375,1.009827,0.826991,1.708483,1.179253,0.941052,2.147748,,2.12936,True
3,39,calibration,10391,8668,10108,1440,8,200,static,1,148,148,-603.7264530891218,1.010368,0.759899,2.11653,5.485093,1.306606,6.363851,,1.822305,True
3,39,calibration,10391,8668,10108,1440,8,200,temporal,2,22,22,-603.7264530891222,1.852581,1.311643,2.589315,2.144071,1.317692,2.924041,,1.822305,True
3,40,calibration,11301,10786,11146,360,6,1000,temporal,1,9,9,1759.535604400289,0.923616,0.737254,1.674923,1.875876,1.468169,2.832332,,2.181398,True
3,40,calibration,11301,10786,11146,360,6,1000,static,2,34,34,1759.535604400289,0.947763,0.768161,1.623394,2.139856,1.756465,3.173748,,2.181398,True
3,41,calibration,6847,6468,6648,180,8,200,static,1,23,23,232.541203066859,0.941894,0.764155,1.83871,1.786811,1.444383,2.938863,,2.561563,True
3,41,calibration,6847,6468,6648,180,8,200,temporal,2,7,7,232.541203066859,0.89286,0.749613,1.580089,1.562161,1.230891,2.37498,,2.561563,True
3,42,calibration,1606,605,1325,720,2,5000,temporal,1,3,3,-634.3782780019221,0.857657,0.718797,1.600831,1.652518,1.304172,2.446479,,3.283094,True
3,42,calibration,1606,605,1325,720,2,5000,static,2,21,21,-634.3782780019221,0.882794,0.741611,1.549363,1.452666,1.158862,2.564558,,3.283094,True
3,43,calibration,8806,7898,8618,720,4,200,static,1,39,39,1562.5727039891028,1.123979,0.927823,1.736686,1.376321,0.984499,2.087206,,2.151724,True
3,43,calibration,8806,7898,8618,720,4,200,temporal,2,9,9,1562.5727039891028,0.816454,0.670754,1.379586,1.403212,1.0582,2.076399,,2.151724,True
3,44,calibration,6256,5619,5979,360,4,200,temporal,1,6,6,1025.9528561406523,0.88629,0.702002,1.467458,1.496112,0.976907,2.253267,,1.470994,True
3,44,calibration,6256,5619,5979,360,4,200,static,2,23,23,1025.9528561406523,0.927352,0.759949,1.506507,1.330071,1.061475,2.053044,,1.470994,True
3,45,calibration,6455,5840,6200,360,2,200,static,1,12,12,-502.93902721298264,0.90556,0.761131,1.473028,1.316731,1.020202,2.067166,,1.427418,True
3,45,calibration,6455,5840,6200,360,2,200,temporal,2,3,3,-502.93902721298264,1.055936,0.882494,1.63975,1.372555,1.148026,2.061667,,1.427418,True
3,46,calibration,2142,1908,2088,180,2,1000,temporal,1,2,2,-279.82939526592276,0.815223,0.684425,1.407888,1.446657,1.052872,2.324665,,1.414749,True
3,46,calibration,2142,1908,2088,180,2,1000,static,2,8,8,-279.82939526592276,0.842103,0.708351,1.571386,12.433308,12.136188,13.551449,,1.414749,True
3,47,calibration,2995,1366,2806,1440,4,200,static,1,72,72,315.1490761527713,2.020575,1.3092,2.659701,2.007755,1.485576,2.774494,,1.959433,True
3,47,calibration,2995,1366,2806,1440,4,200,temporal,2,11,11,315.1490761527713,1.31626,1.043738,2.053895,29.270275,28.375562,30.368951,,1.959433,True
3,48,calibration,5455,5137,5317,180,2,200,temporal,1,1,1,-216.4453259129222,1.523424,1.328368,2.345376,1.426346,1.174295,2.633812,,4.083694,True
3,48,calibration,5455,5137,5317,180,2,200,static,2,6,6,-216.4453259129222,0.788021,0.664575,1.54781,1.307817,1.102126,2.246667,,4.083694,True
3,49,calibration,13644,13252,13432,180,2,200,static,1,5,5,36.99000173291792,0.969556,0.821311,1.753321,1.505456,1.262619,2.638439,,1.817869,True
3,49,calibration,13644,13252,13432,180,2,200,temporal,2,1,1,36.99000173291792,0.809254,0.667158,1.565937,1.328229,1.129217,2.324735,,1.817869,True
3,50,calibration,4498,3694,4414,720,4,200,temporal,1,5,5,937.3442735019644,1.073533,0.898258,1.898711,1.622764,1.283431,2.561363,,5.048172,True
3,50,calibration,4498,3694,4414,720,4,200,static,2,36,36,937.3442735019644,0.831377,0.688431,1.652849,1.518946,1.13116,2.433589,,5.048172,True
3,51,calibration,12479,12277,12457,180,4,1000,static,1,15,15,451.4376269576293,0.975485,0.824998,1.716065,1.376341,1.118921,8.808118,,1.691578,True
3,51,calibration,12479,12277,12457,180,4,1000,temporal,2,5,5,451.4376269576293,2.826824,2.644478,3.697851,1.330422,1.104671,2.512278,,1.691578,True
3,52,calibration,4984,4443,4803,360,2,1000,temporal,1,2,2,-98.98462389611458,0.856245,0.721251,1.654462,1.378844,1.099292,2.289482,,1.774173,True
3,52,calibration,4984,4443,4803,360,2,1000,static,2,9,9,-98.98462389611458,0.85354,0.724486,1.603134,1.367548,1.125883,2.419949,,1.774173,True
3,53,calibration,9119,8440,8800,360,4,5000,static,1,23,23,266.2309982803285,1.086703,0.91258,1.897049,1.60705,1.254066,2.683868,,2.30167,True
3,53,calibration,9119,8440,8800,360,4,5000,temporal,2,7,7,266.2309982803285,1.292404,1.11135,2.249662,1.559768,1.313716,2.664689,,2.30167,True
3,54,calibration,10301,8529,9969,1440,2,1000,temporal,1,5,5,123.5859805167778,1.255638,1.048795,2.058873,1.808985,1.323792,2.756908,,1.928035,True
3,54,calibration,10301,8529,9969,1440,2,1000,static,2,39,39,123.5859805167778,0.885288,0.662491,1.688603,1.485065,1.072091,2.398005,,1.928035,True
3,55,calibration,11632,9985,11425,1440,2,200,static,1,40,40,-76.87232444003189,1.312815,1.009716,2.243692,1.662554,1.268698,2.689657,,1.670635,True
3,55,calibration,11632,9985,11425,1440,2,200,temporal,2,6,6,-76.87232444003189,0.881122,0.667169,1.834113,1.393688,1.001284,2.320929,,1.670635,True
3,56,calibration,6176,5700,6060,360,2,200,temporal,1,3,3,232.1531587198005,1.294948,1.125832,2.114506,1.472727,1.240957,2.480881,,2.612149,True
3,56,calibration,6176,5700,6060,360,2,200,static,2,10,10,232.1531587198005,0.904378,0.699207,1.46209,1.327577,1.081875,1.989507,,2.612149,True
3,57,calibration,7491,7025,7205,180,2,1000,static,1,6,6,317.0017790401305,1.009847,0.870265,1.591687,1.460408,1.264982,2.333338,,1.494971,True
3,57,calibration,7491,7025,7205,180,2,1000,temporal,2,1,1,317.0017790401305,0.78728,0.668811,1.380077,1.110629,0.93278,1.75921,,1.494971,True
3,58,calibration,13760,13175,13535,360,2,1000,temporal,1,1,1,351.1267815486589,1.108666,0.954263,1.68723,13.987789,13.689678,15.327904,,2.003008,True
3,58,calibration,13760,13175,13535,360,2,1000,static,2,12,12,351.1267815486589,1.034744,0.850756,2.190482,2.049619,1.579658,2.75744,,2.003008,True
3,59,calibration,6011,5237,5957,720,6,5000,static,1,57,57,2348.4912807073433,1.01827,0.856295,1.60736,1.533598,1.130609,2.224012,,1.690847,True
3,59,calibration,6011,5237,5957,720,6,5000,temporal,2,8,8,2348.4912807073433,0.979601,0.816214,1.567019,1.467699,1.108396,2.150211,,1.690847,True
3,60,calibration,9847,9066,9786,720,2,200,temporal,1,3,3,784.7331011818119,0.979711,0.802944,1.676745,1.383391,1.086182,2.016629,,1.518456,True
3,60,calibration,9847,9066,9786,720,2,200,static,2,16,16,784.7331011818119,0.808162,0.630884,1.344964,1.398625,1.07095,2.131562,,1.518456,True
3,61,calibration,2941,1413,2853,1440,4,200,static,1,72,72,361.5076242602697,1.056026,0.788543,1.816066,5.243518,1.074274,5.982155,,1.346285,True
3,61,calibration,2941,1413,2853,1440,4,200,temporal,2,11,11,361.5076242602697,1.205162,1.006972,1.85254,1.685098,1.073262,2.430124,,1.346285,True
3,62,calibration,11276,10849,11209,360,4,1000,temporal,1,6,6,862.1587115635346,1.688352,1.452005,2.764369,2.112243,1.693991,3.286969,,4.845866,True
3,62,calibration,11276,10849,11209,360,4,1000,static,2,24,24,862.1587115635346,1.168496,0.977959,1.81927,2.028056,1.705128,2.799512,,4.845866,True
3,63,calibration,10928,10301,10661,360,2,200,static,1,7,7,-490.80248707917934,1.214687,1.01183,1.824139,1.741773,1.443853,2.644358,,1.284783,True
3,63,calibration,10928,10301,10661,360,2,200,temporal,2,1,1,-490.80248707917934,1.105371,0.94558,1.70648,1.563253,1.31624,2.210362,,1.284783,True
3,64,calibration,5432,3848,5288,1440,2,200,temporal,1,5,5,-41.409575798993785,1.224922,0.958209,2.060345,1.807572,1.356291,2.476705,,1.341217,True
3,64,calibration,5432,3848,5288,1440,2,200,static,2,41,41,-41.409575798993785,18.4738,0.835513,19.342654,2.38777,1.839692,3.218726,,1.341217,True
3,65,calibration,12841,11886,12606,720,4,200,static,1,38,38,1664.4505403035957,1.292744,1.074915,1.855285,1.802175,1.376902,2.487902,,0.678055,True
3,65,calibration,12841,11886,12606,720,4,200,temporal,2,6,6,1664.4505403035957,1.350081,1.1711,1.907073,1.848465,1.423913,2.548684,,0.678055,True
3,66,calibration,12204,12082,12142,60,2,1000,temporal,1,1,1,78.96427219840236,1.139844,0.974293,1.795485,1.582583,1.363442,2.594493,,1.656174,True
3,66,calibration,12204,12082,12142,60,2,1000,static,2,4,4,78.96427219840236,1.142808,0.951148,1.714291,1.409541,1.22346,2.067526,,1.656174,True
3,67,calibration,9562,9193,9253,60,4,200,static,1,7,7,-6.276627559684787,1.512256,1.11124,2.083591,1.485606,1.287827,2.430886,,1.493879,True
3,67,calibration,9562,9193,9253,60,4,200,temporal,2,2,2,-6.276627559684787,0.863015,0.715191,1.522973,1.42191,1.205142,2.208079,,1.493879,True
3,68,calibration,6266,5955,6135,180,2,5000,temporal,1,1,1,-61.87695300219841,0.907071,0.739218,1.519898,1.291452,1.048235,2.255069,,1.611236,True
3,68,calibration,6266,5955,6135,180,2,5000,static,2,5,5,-61.87695300219841,0.735392,0.597403,1.284813,1.279144,1.0649,2.131883,,1.611236,True
3,69,calibration,2216,1634,1994,360,2,200,static,1,11,11,-1.7563139587625627,0.816144,0.678105,1.505316,1.949497,1.592959,2.741074,,1.359065,True
3,69,calibration,2216,1634,1994,360,2,200,temporal,2,3,3,-1.7563139587625627,0.950577,0.799619,1.529352,1.369601,1.089467,2.112304,,1.359065,True
3,70,calibration,5659,4828,5548,720,2,1000,temporal,1,3,3,201.22368619423858,1.017729,0.804456,1.568261,1.37591,1.079181,2.05079,,0.651915,True
3,70,calibration,5659,4828,5548,720,2,1000,static,2,14,14,201.22368619423858,1.199734,0.989716,1.833161,1.548441,1.24359,2.364625,,0.651915,True
3,71,calibration,8696,8408,8588,180,2,200,static,1,4,4,-20.723292170564925,1.158441,0.969876,1.792169,1.683115,1.312946,2.623477,,2.000334,True
3,71,calibration,8696,8408,8588,180,2,200,temporal,2,1,1,-20.723292170564925,1.030418,0.871067,20.699406,2.052674,1.676755,3.335082,,2.000334,True
3,72,calibration,7111,6587,6767,180,6,200,temporal,1,9,9,352.2592791825575,1.04458,0.858158,1.610585,1.843437,1.502852,2.525779,,1.575642,True
3,72,calibration,7111,6587,6767,180,6,200,static,2,24,24,352.2592791825575,0.990928,0.830606,1.557975,1.328769,1.048896,2.101357,,1.575642,True
3,73,calibration,11935,11650,11830,180,4,200,static,1,13,13,-573.3101976507509,0.852889,0.684145,1.450032,1.585457,1.044259,2.429563,,1.224852,True
3,73,calibration,11935,11650,11830,180,4,200,temporal,2,5,5,-573.3101976507509,1.179413,0.992661,1.786951,1.523453,1.240105,2.310233,,1.224852,True
3,74,calibration,5252,4724,5084,360,2,200,temporal,1,2,2,-554.7338667361411,1.319305,1.113713,1.954054,1.597144,1.292384,2.418927,,1.242128,True
3,74,calibration,5252,4724,5084,360,2,200,static,2,10,10,-554.7338667361411,1.02522,0.845198,1.695904,1.992072,1.50124,2.802117,,1.242128,True
3,75,calibration,2454,1921,2101,180,6,1000,static,1,18,18,-503.9431932413006,1.512366,1.301928,2.590736,2.680122,2.138964,4.779997,,2.068598,True
3,75,calibration,2454,1921,2101,180,6,1000,temporal,2,4,4,-503.9431932413006,3.125506,1.835134,4.051655,2.463705,1.887954,3.260921,,2.068598,True
3,76,calibration,1591,1398,1578,180,6,200,temporal,1,9,9,908.8566772565194,2.070951,1.793532,2.965273,1.934344,1.54741,3.294201,,2.166916,True
3,76,calibration,1591,1398,1578,180,6,200,static,2,21,21,908.8566772565194,1.364182,0.913251,2.205725,1.516052,1.200715,2.625039,,2.166916,True
3,77,calibration,10063,9057,9777,720,2,200,static,1,21,21,223.07504215003576,1.013432,0.829014,1.790848,21.249062,1.202588,22.253005,,1.014073,True
3,77,calibration,10063,9057,9777,720,2,200,temporal,2,3,3,223.07504215003576,1.273556,1.035085,2.148718,1.449912,1.089698,2.418356,,1.014073,True
3,78,calibration,13340,11624,13064,1440,4,5000,temporal,1,12,12,-365.658899011357,1.050829,0.822774,1.824559,1.761954,1.220405,2.688374,,2.166496,True
3,78,calibration,13340,11624,13064,1440,4,5000,static,2,74,74,-365.658899011357,0.889895,0.672327,1.835134,1.825701,1.061776,2.806103,,2.166496,True
3,79,calibration,5092,4966,5026,60,2,5000,static,1,3,3,-121.84684890531095,1.553358,1.338624,2.384925,2.383264,2.047766,3.410577,,1.741964,True
3,79,calibration,5092,4966,5026,60,2,5000,temporal,2,1,1,-121.84684890531095,1.090269,0.918008,1.907214,1.864319,1.631547,2.840184,,1.741964,True
3,80,calibration,3751,3495,3675,180,2,1000,temporal,1,1,1,-313.9820281364275,0.982876,0.815043,1.753271,1.209658,0.996617,2.177943,,1.621702,True
3,80,calibration,3751,3495,3675,180,2,1000,static,2,3,3,-313.9820281364275,1.491965,1.252954,2.271203,1.604075,1.334418,2.548884,,1.621702,True
3,81,calibration,2679,2188,2368,180,8,1000,static,1,29,29,-1448.5002966187285,0.979261,0.828964,1.709825,1.378714,1.04532,2.4076,,0.780029,True
3,81,calibration,2679,2188,2368,180,8,1000,temporal,2,12,12,-1448.5002966187285,0.84657,0.655181,1.661321,2.143461,1.72637,3.092596,,0.780029,True
3,82,calibration,14328,13766,14126,360,2,200,temporal,1,3,3,174.69225208022965,0.831066,0.671345,1.580529,1.472407,1.186734,2.112024,,0.642421,True
3,82,calibration,14328,13766,14126,360,2,200,static,2,11,11,174.69225208022965,0.887812,0.74085,1.425555,1.364012,1.08504,2.117221,,0.642421,True
3,83,calibration,2396,730,2170,1440,2,5000,static,1,34,34,-150.9740026795978,0.887642,0.666447,1.66043,1.749054,1.24321,21.434758,,1.583524,True
3,83,calibration,2396,730,2170,1440,2,5000,temporal,2,6,6,-150.9740026795978,1.245233,1.028505,1.945521,1.384514,1.053563,2.138913,,1.583524,True
3,84,calibration,9988,8946,9666,720,4,1000,temporal,1,7,7,273.4894300957726,2.121748,1.793992,3.178986,1.71945,1.265283,2.862558,,2.979755,True
3,84,calibration,9988,8946,9666,720,4,1000,static,2,38,38,273.4894300957726,1.68012,1.419527,2.340609,1.558877,1.13772,2.540531,,2.979755,True
3,85,calibration,9909,9284,9644,360,2,200,static,1,12,12,585.2363460653847,1.2963,1.09799,2.092023,1.445966,1.166894,2.799783,,3.918795,True
3,85,calibration,9909,9284,9644,360,2,200,temporal,2,3,3,585.2363460653847,0.787691,0.634188,1.520168,1.280356,1.049016,3.367511,,3.918795,True
3,86,calibration,3144,1369,2809,1440,4,200,temporal,1,11,11,319.5943873431496,0.957838,0.752498,1.59354,1.649384,1.148517,2.382943,,1.785189,True
3,86,calibration,3144,1369,2809,1440,4,200,static,2,72,72,319.5943873431496,0.896375,0.692477,4.285429,7.795757,1.751638,9.011886,,1.785189,True
3,87,calibration,7514,6620,7340,720,6,200,static,1,58,58,2097.2209391066435,1.13751,0.941324,1.786501,1.872851,1.377813,3.297686,,1.697756,True
3,87,calibration,7514,6620,7340,720,6,200,temporal,2,10,10,2097.2209391066435,0.934733,0.78042,1.702964,1.973133,1.52141,2.898172,,1.697756,True
3,88,calibration,3005,2326,2686,360,4,200,temporal,1,4,4,-269.1993574500742,1.034584,0.885519,1.863708,1.330552,1.047614,2.733042,,1.663846,True
3,88,calibration,3005,2326,2686,360,4,200,static,2,16,16,-269.1993574500742,1.424233,1.205953,16.278291,2.065894,1.643134,3.375944,,1.663846,True
3,89,calibration,3234,2942,3122,180,6,200,static,1,22,22,950.8069035559603,1.556884,1.326396,2.323583,2.051071,1.412326,2.939434,,1.760723,True
3,89,calibration,3234,2942,3122,180,6,200,temporal,2,9,9,950.8069035559603,0.962615,0.81978,1.612788,1.457613,1.09162,2.247458,,1.760723,True
3,90,calibration,8603,6964,8404,1440,4,200,temporal,1,11,11,237.1748324927746,1.288578,1.059192,1.972031,2.225505,1.500269,3.089211,,0.743484,True
3,90,calibration,8603,6964,8404,1440,4,200,static,2,74,74,237.1748324927746,1.836277,1.526798,2.820454,2.403274,1.622513,3.407892,,0.743484,True
3,91,calibration,12422,12231,12291,60,2,200,static,1,3,3,135.80439980024673,1.210991,1.043718,2.032793,1.793682,1.502162,2.727313,,1.485867,True
3,91,calibration,12422,12231,12291,60,2,200,temporal,2,1,1,135.80439980024673,0.921653,0.767901,1.813492,1.327357,1.113574,2.295871,,1.485867,True
3,92,calibration,9627,9235,9295,60,4,1000,temporal,1,2,2,58.62968630836787,1.146473,0.959831,2.204654,2.064331,1.791989,3.338919,,1.173043,True
3,92,calibration,9627,9235,9295,60,4,1000,static,2,7,7,58.62968630836787,1.088105,0.911508,2.076179,1.600791,1.3495,2.635405,,1.173043,True
3,93,calibration,12076,11624,11804,180,6,200,static,1,22,22,-906.3209878590981,1.068386,0.869514,2.47348,1.492547,1.223781,2.594282,,1.377743,True
3,93,calibration,12076,11624,11804,180,6,200,temporal,2,9,9,-906.3209878590981,3.534669,1.017258,4.571017,1.987675,1.601321,3.043141,,1.377743,True
3,94,calibration,12336,11782,12142,360,2,5000,temporal,1,1,1,158.08389966487013,1.110759,0.894633,1.844419,1.458866,1.155517,2.237673,,1.447037,True
3,94,calibration,12336,11782,12142,360,2,5000,static,2,11,11,158.08389966487013,0.802623,0.683744,1.483663,1.623375,1.028355,2.72491,,1.447037,True
3,95,calibration,4038,3615,3795,180,4,5000,static,1,13,13,-722.5447357253887,1.406276,1.199554,2.225345,1.806922,1.472887,2.812542,,1.908495,True
3,95,calibration,4038,3615,3795,180,4,5000,temporal,2,5,5,-722.5447357253887,1.067794,0.87326,2.891282,1.764508,1.489312,2.831561,,1.908495,True
3,96,calibration,4345,2710,4150,1440,4,200,temporal,1,10,10,365.42015778678774,1.694201,0.954263,2.618769,1.963609,1.34262,3.03641,,1.58713,True
3,96,calibration,4345,2710,4150,1440,4,200,static,2,71,71,365.42015778678774,1.568702,1.01849,2.301119,2.026003,1.437403,2.811792,,1.58713,True
3,97,calibration,14240,13705,14065,360,4,200,static,1,22,22,252.72280141231212,1.175307,0.956205,1.867444,1.815294,1.210501,2.60608,,1.641342,True
3,97,calibration,14240,13705,14065,360,4,200,temporal,2,6,6,252.72280141231212,0.932621,0.764115,1.614692,1.735384,1.445425,2.576856,,1.641342,True
3,98,calibration,3363,3090,3270,180,4,1000,temporal,1,2,2,299.12268210282406,1.16384,0.946201,1.807803,1.657886,1.168897,2.558979,,2.938603,True
3,98,calibration,3363,3090,3270,180,4,1000,static,2,10,10,299.12268210282406,0.956166,0.796114,1.810147,1.398805,1.154255,2.224193,,2.938603,True
3,99,calibration,8665,7063,8503,1440,2,200,static,1,34,34,210.45190553295367,1.285063,1.016928,1.891741,1.724578,1.125042,2.507041,,1.337963,True
3,99,calibration,8665,7063,8503,1440,2,200,temporal,2,6,6,210.45190553295367,0.82013,0.652807,1.623745,1.438245,0.97213,2.249021,,1.337963,True
3,100,calibration,13973,12301,13741,1440,4,1000,temporal,1,10,10,274.52851049452687,1.282129,1.053773,1.877939,1.954445,1.385274,2.866133,,1.847363,True
3,100,calibration,13973,12301,13741,1440,4,1000,static,2,73,73,274.5285104945299,1.043648,0.7938,1.707492,1.834965,1.239073,2.77063,,1.847363,True
3,101,calibration,10410,10110,10290,180,2,1000,static,1,9,9,-305.23263237431746,1.014564,0.798718,1.657816,1.553699,1.254507,2.283793,,1.654281,True
3,101,calibration,10410,10110,10290,180,2,1000,temporal,2,3,3,-305.23263237431746,0.896245,0.732407,1.495321,2.306678,1.788865,3.098164,,1.654281,True
3,102,calibration,5457,4960,5320,360,2,200,temporal,1,3,3,-457.88085215454043,1.173915,0.990157,1.894294,1.575542,1.256159,2.604438,,5.994934,True
3,102,calibration,5457,4960,5320,360,2,200,static,2,10,10,-457.88085215454043,0.861092,0.703473,1.536804,1.34931,0.907242,2.054356,,5.994934,True
3,103,calibration,13731,13028,13388,360,2,1000,static,1,11,11,-117.92595452106768,0.863165,0.667389,1.635363,1.275909,0.979051,2.24903,,0.521889,True
3,103,calibration,13731,13028,13388,360,2,1000,temporal,2,3,3,-117.92595452106768,1.557425,1.247736,2.225614,1.714002,1.409571,2.569935,,0.521889,True
3,104,calibration,7275,6895,7075,180,4,5000,temporal,1,3,3,658.155909317035,1.218563,1.053132,1.975637,1.658137,1.398274,2.435191,,2.948698,True
3,104,calibration,7275,6895,7075,180,4,5000,static,2,10,10,658.155909317035,0.949035,0.791427,1.957589,1.422781,1.177851,2.168669,,2.948698,True
3,105,calibration,7623,6913,7273,360,2,200,static,1,7,7,463.0407496299008,1.218382,1.031009,1.797057,1.603034,1.321298,2.624989,,2.378336,True
3,105,calibration,7623,6913,7273,360,2,200,temporal,2,1,1,463.0407496299008,0.887372,0.701431,1.538436,1.298022,1.04449,2.218695,,2.378336,True
3,106,calibration,7142,6832,7012,180,4,200,temporal,1,3,3,642.5462245273734,0.945058,0.807802,1.557535,3.471088,3.228651,4.361164,,1.240356,True
3,106,calibration,7142,6832,7012,180,4,200,static,2,12,12,642.5462245273734,1.427829,1.281378,2.105404,1.722114,1.400597,2.741015,,1.240356,True
3,107,calibration,3023,2839,3019,180,4,200,static,1,11,11,706.0689435092451,1.037309,0.855614,1.676094,1.444524,1.135537,2.124813,,0.75356,True
3,107,calibration,3023,2839,3019,180,4,200,temporal,2,3,3,706.0689435092451,0.937618,0.808453,1.472166,1.283651,1.001234,2.099595,,0.75356,True
3,108,calibration,1766,1088,1448,360,8,200,temporal,1,4,4,838.2096767080666,1.110419,0.948334,1.846692,1.799721,1.347537,2.568463,,1.846522,True
3,108,calibration,1766,1088,1448,360,8,200,static,2,35,35,838.2096767080666,1.060403,0.911958,1.642052,1.583865,1.222579,2.35471,,1.846522,True
3,109,calibration,14166,13499,13859,360,2,1000,static,1,11,11,628.4273869637826,0.923336,0.762573,1.588322,1.270531,1.030187,1.980174,,2.114357,True
3,109,calibration,14166,13499,13859,360,2,1000,temporal,2,3,3,628.4273869637826,0.787201,0.61488,1.374919,1.418825,1.155156,6.15105,,2.114357,True
3,110,calibration,11843,10995,11715,720,4,1000,temporal,1,6,6,-56.451660425420755,0.913602,0.744967,1.609043,1.901385,1.420317,3.730961,,1.642633,True
3,110,calibration,11843,10995,11715,720,4,1000,static,2,37,37,-56.451660425420755,0.93897,0.759058,1.62765,2.258405,1.691858,3.25441,,1.642633,True
3,111,calibration,10049,9509,9689,180,4,1000,static,1,10,10,717.730335563158,1.660751,1.393507,2.524537,1.674301,1.35571,2.521923,,4.110445,True
3,111,calibration,10049,9509,9689,180,4,1000,temporal,2,2,2,717.730335563158,1.076638,0.841973,1.846742,1.900584,1.44193,2.707674,,4.110445,True
3,112,calibration,4624,3157,4597,1440,8,1000,temporal,1,19,19,152.34186430837804,1.078441,0.815673,2.009348,2.595133,1.80562,3.372704,,1.326035,True
3,112,calibration,4624,3157,4597,1440,8,1000,static,2,143,143,152.34186430837804,1.231842,0.989045,2.049538,2.042158,1.312094,2.831801,,1.326035,True
3,113,calibration,1778,1570,1750,180,6,200,static,1,17,17,902.682431761532,1.075196,0.931598,1.64673,1.498065,1.23029,3.576934,,2.223592,True
3,113,calibration,1778,1570,1750,180,6,200,temporal,2,6,6,902.682431761532,1.14448,0.976947,1.978572,1.480077,1.187135,2.459459,,2.223592,True
3,114,calibration,10661,10143,10323,180,6,200,temporal,1,9,9,-998.5260170461364,1.029667,0.856265,1.727452,1.431304,1.141266,2.582776,,2.051862,True
3,114,calibration,10661,10143,10323,180,6,200,static,2,21,21,-998.5260170461364,1.179944,0.984479,1.792981,1.322088,1.034674,2.195189,,2.051862,True
3,115,calibration,8500,8079,8259,180,4,200,static,1,12,12,677.1118480362595,1.101385,0.929045,1.822335,1.544345,1.280596,2.452778,,2.117381,True
3,115,calibration,8500,8079,8259,180,4,200,temporal,2,6,6,677.1118480362595,0.920271,0.775854,1.548822,1.343882,1.118151,2.252636,,2.117381,True
3,116,calibration,5996,5519,5699,180,2,1000,temporal,1,1,1,344.16229729342257,0.877607,0.729443,1.472717,1.486217,1.238683,12.835526,,1.465055,True
3,116,calibration,5996,5519,5699,180,2,1000,static,2,3,3,344.16229729342257,0.740149,0.609632,1.407458,1.313646,1.108757,2.336412,,1.465055,True
3,117,calibration,13874,13489,13549,60,6,1000,static,1,8,8,319.5106696780032,1.457985,1.218713,2.157983,1.569694,1.3031,2.309562,,1.678638,True
3,117,calibration,13874,13489,13549,60,6,1000,temporal,2,3,3,319.5106696780032,0.949515,0.80051,1.590785,1.563344,1.312495,2.245315,,1.678638,True
3,118,calibration,6296,5804,5984,180,2,200,temporal,1,3,3,20.840098596815714,0.958539,0.815373,1.566078,1.52773,1.09831,2.218284,,1.853893,True
3,118,calibration,6296,5804,5984,180,2,200,static,2,6,6,20.840098596815714,1.028756,0.880371,1.952292,1.412575,1.186524,2.377144,,1.853893,True
3,119,calibration,11932,10881,11601,720,4,200,static,1,38,38,260.9122829692175,1.225193,0.967213,2.90409,1.737607,1.310131,2.945343,,2.615865,True
3,119,calibration,11932,10881,11601,720,4,200,temporal,2,7,7,260.9122829692174,1.076678,0.874282,1.907133,1.526919,1.133163,2.423004,,2.615865,True
3,120,calibration,7959,7532,7712,180,6,1000,temporal,1,3,3,-1037.05190068299,1.037919,0.882704,1.888365,1.434369,1.123709,2.4209,,2.047216,True
3,120,calibration,7959,7532,7712,180,6,1000,static,2,16,16,-1037.05190068299,0.872559,0.732438,1.737898,1.572607,1.290241,2.48033,,2.047216,True
3,121,calibration,12521,12284,12344,60,6,200,static,1,8,8,386.43112323532813,0.975706,0.82047,1.85154,1.874375,1.392035,2.802718,,1.853783,True
3,121,calibration,12521,12284,12344,60,6,200,temporal,2,6,6,386.43112323532813,0.929035,0.775903,1.740381,1.252274,1.024789,2.2222,,1.853783,True
3,122,calibration,7361,6661,7021,360,2,1000,temporal,1,1,1,477.55208151141454,1.052552,0.896285,1.840783,1.545827,1.163469,2.450675,,1.826792,True
3,122,calibration,7361,6661,7021,360,2,1000,static,2,7,7,477.55208151141454,0.937117,0.792428,1.788014,1.407438,1.162217,2.614123,,1.826792,True
3,123,calibration,7672,7150,7330,180,4,200,static,1,8,8,149.9927708134875,1.341799,1.136488,2.241078,1.957169,1.524805,2.915247,,17.443283,True
3,123,calibration,7672,7150,7330,180,4,200,temporal,2,2,2,149.9927708134875,0.897487,0.734971,1.658848,1.274297,1.054715,2.519669,,17.443283,True
3,124,calibration,2178,2103,2163,60,2,1000,temporal,1,2,2,-98.60803477026559,1.052492,0.872319,1.819441,1.539517,1.328369,2.504777,,1.76561,True
3,124,calibration,2178,2103,2163,60,2,1000,static,2,2,2,-98.60803477026559,1.075606,0.955685,1.987675,1.190099,1.007623,2.128538,,1.76561,True
3,125,calibration,6495,6205,6385,180,2,1000,static,1,4,4,-327.4493428547683,1.625998,1.40878,2.391566,1.300556,1.052041,2.510816,,0.747891,True
3,125,calibration,6495,6205,6385,180,2,1000,temporal,2,1,1,-327.4493428547683,1.224841,1.037438,2.01697,1.385926,1.143269,2.312326,,0.747891,True
3,126,calibration,5947,5660,5840,180,4,1000,temporal,1,3,3,420.09731605085744,1.180194,0.948173,2.002177,1.932932,1.639679,2.849247,,4.743031,True
3,126,calibration,5947,5660,5840,180,4,1000,static,2,10,10,420.09731605085744,0.916375,0.740991,1.649344,1.387147,1.159192,2.669076,,4.743031,True
3,127,calibration,8154,6642,8082,1440,6,1000,static,1,116,116,220.804710639449,1.2635,0.988465,2.03067,2.060245,1.320336,3.120979,,2.508352,True
3,127,calibration,8154,6642,8082,1440,6,1000,temporal,2,19,19,220.804710639449,1.00522,0.785027,2.003849,2.085123,1.526127,3.053036,,2.508352,True
3,128,calibration,13627,12060,13500,1440,8,5000,temporal,1,21,21,719.5943580459065,2.551242,2.188123,3.391307,22.986254,22.025711,24.281031,,2.96345,True
3,128,calibration,13627,12060,13500,1440,8,5000,static,2,145,145,719.5943580459065,1.719841,1.384213,3.034047,2.677889,1.793252,3.605221,,2.96345,True
3,129,calibration,11596,10998,11358,360,2,1000,static,1,9,9,272.31994479073774,1.365905,1.163399,2.165064,2.220758,1.841204,6.659769,,0.920101,True
3,129,calibration,11596,10998,11358,360,2,1000,temporal,2,1,1,272.31994479073774,1.042066,0.865369,1.735614,1.250781,0.988695,2.066815,,0.920101,True
3,130,calibration,10144,9891,10071,180,4,200,temporal,1,2,2,-248.6288478251799,1.167015,0.953361,1.841634,1.562993,1.048185,2.302451,,2.014646,True
3,130,calibration,10144,9891,10071,180,4,200,static,2,9,9,-248.6288478251799,1.019902,0.861002,1.640139,1.196058,0.933471,2.022358,,2.014646,True
3,131,calibration,5229,4989,5169,180,4,200,static,1,12,12,-576.4947570509744,1.159143,1.006232,1.829005,1.628071,1.139743,2.338125,,2.541272,True
3,131,calibration,5229,4989,5169,180,4,200,temporal,2,6,6,-576.4947570509744,0.840861,0.708721,1.445926,1.300867,0.934082,1.99733,,2.541272,True
3,132,calibration,10550,9875,10235,360,2,1000,temporal,1,1,1,-523.7577085807521,0.830055,0.684355,1.423142,1.340988,0.973312,2.012723,,1.976147,True
3,132,calibration,10550,9875,10235,360,2,1000,static,2,11,11,-523.7577085807521,0.824867,0.658897,1.380047,1.299365,0.938929,1.979953,,1.976147,True
3,133,calibration,3317,1617,3057,1440,4,5000,static,1,75,75,368.6669463804823,1.056778,0.690824,1.630916,4.17404,0.96615,5.109555,,2.100537,True
3,133,calibration,3317,1617,3057,1440,4,5000,temporal,2,13,13,368.6669463804828,0.99856,0.655992,1.679559,1.730586,1.132032,2.474501,,2.100537,True
3,134,calibration,12695,12086,12446,360,4,200,temporal,1,6,6,1070.590550234356,1.059812,0.857566,1.678558,1.549132,1.09848,2.362592,,2.613451,True
3,134,calibration,12695,12086,12446,360,4,200,static,2,21,21,1070.590550234356,0.865709,0.731446,1.486006,1.361409,1.08433,2.626131,,2.613451,True
3,135,calibration,10905,10573,10753,180,8,1000,static,1,22,22,379.2793813779238,0.961493,0.813489,1.846111,1.315599,1.029457,2.290784,,2.415742,True
3,135,calibration,10905,10573,10753,180,8,1000,temporal,2,5,5,379.2793813779238,0.920872,0.752317,1.739991,1.332675,1.000503,2.165895,,2.415742,True
3,136,calibration,5068,4690,5050,360,6,5000,temporal,1,3,3,-1880.8684996196914,1.456272,1.265723,2.064952,1.817829,1.393136,2.578288,,2.476625,True
3,136,calibration,5068,4690,5050,360,6,5000,static,2,27,27,-1880.8684996196914,0.93937,0.783985,1.556433,1.73961,1.274627,2.471637,,2.476625,True
3,137,calibration,9337,8836,9196,360,4,200,static,1,17,17,-1149.8761966856016,0.923717,0.764236,1.593499,1.410433,1.101636,2.133576,,0.756204,True
3,137,calibration,9337,8836,9196,360,4,200,temporal,2,2,2,-1149.8761966856016,1.053683,0.889936,1.667761,1.442611,1.108356,2.238754,,0.756204,True
3,138,calibration,8477,7447,8167,720,2,5000,temporal,1,4,4,-426.8581879634653,0.85988,0.68174,1.697797,2.359377,1.022857,3.054148,,1.409892,True
3,138,calibration,8477,7447,8167,720,2,5000,static,2,17,17,-426.8581879634653,0.817476,0.669372,1.389591,2.271604,1.871229,3.123984,,1.409892,True
3,139,calibration,3124,2699,3059,360,2,200,static,1,12,12,631.2605296992845,0.768813,0.630914,1.750176,2.130952,1.718899,2.957031,,2.06332,True
3,139,calibration,3124,2699,3059,360,2,200,temporal,2,3,3,631.2605296992845,1.096918,0.84039,1.960375,1.491105,1.048535,2.184653,,2.06332,True
3,140,calibration,10958,10894,10954,60,4,1000,temporal,1,6,6,181.09282291141815,1.022275,0.859149,1.695544,1.253205,1.057008,1.967134,,2.068537,True
3,140,calibration,10958,10894,10954,60,4,1000,static,2,10,10,181.09282291141815,0.825287,0.678707,1.474269,1.870548,1.605277,2.608194,,2.068537,True
3,141,calibration,13077,12340,13060,720,6,1000,static,1,61,61,-539.8683738744876,1.212733,0.975835,2.021076,1.544144,1.094725,2.441551,,19.459681,True
3,141,calibration,13077,12340,13060,720,6,1000,temporal,2,10,10,-539.8683738744876,0.894082,0.740359,1.603084,1.635473,1.162487,3.370276,,19.459681,True
3,142,calibration,8886,8487,8847,360,4,1000,temporal,1,7,7,-36.60220623702685,1.503373,1.277281,2.228239,1.50174,1.165061,2.449063,,0.723745,True
3,142,calibration,8886,8487,8847,360,4,1000,static,2,24,24,-36.60220623702685,0.800911,0.650985,1.611747,1.569814,1.2567,3.017452,,0.723745,True
3,143,calibration,10979,10461,10641,180,4,200,static,1,11,11,83.31579172532976,0.942104,0.755662,1.6999,1.749875,1.381479,2.640863,,3.310245,True
3,143,calibration,10979,10461,10641,180,4,200,temporal,2,2,2,83.31579172532976,0.976657,0.797216,1.722895,1.425666,1.147666,2.450716,,3.310245,True
3,144,calibration,2678,2008,2368,360,2,200,temporal,1,5,5,-626.8365040028202,0.98547,0.836474,1.667,1.307627,1.035676,2.285145,,2.479819,True
3,144,calibration,2678,2008,2368,360,2,200,static,2,12,12,-626.8365040028202,0.803555,0.679827,1.388069,1.469802,1.168436,2.568072,,2.479819,True
3,145,calibration,6088,5515,5875,360,6,1000,static,1,26,26,1709.0291452086562,2.180668,1.899161,3.236693,1.535421,1.086342,2.779142,,2.081717,True
3,145,calibration,6088,5515,5875,360,6,1000,temporal,2,4,4,1709.0291452086562,0.94554,0.805228,1.769345,1.409821,0.911227,2.416143,,2.081717,True
3,146,calibration,4848,4446,4626,180,8,1000,temporal,1,12,12,86.87056920814838,0.885159,0.751486,1.666921,1.320897,1.011199,2.529524,,1.808394,True
3,146,calibration,4848,4446,4626,180,8,1000,static,2,29,29,86.87056920814838,0.815022,0.679057,1.614831,1.315939,1.052612,2.463394,,1.808394,True
3,147,calibration,1823,1358,1538,180,6,1000,static,1,14,14,725.6390223834935,1.975938,1.683014,3.244115,2.613912,2.138142,13.965514,,6.265774,True
3,147,calibration,1823,1358,1538,180,6,1000,temporal,2,4,4,725.6390223834935,1.42798,1.235929,2.451567,2.098412,1.73297,3.211956,,6.265774,True
3,148,calibration,1891,254,1694,1440,4,5000,temporal,1,10,10,305.0984899449693,1.681863,1.37554,2.627082,2.297103,1.677056,3.351848,,2.897951,True
3,148,calibration,1891,254,1694,1440,4,5000,static,2,73,73,305.0984899449693,1.335199,1.076337,2.201068,2.28197,1.597345,3.307601,,2.897951,True
3,149,calibration,5485,5098,5158,60,4,1000,static,1,8,8,-165.23423371094592,1.19709,1.057199,1.973464,1.312405,1.113714,1.997741,,0.658576,True
3,149,calibration,5485,5098,5158,60,4,1000,temporal,2,5,5,-165.23423371094592,0.785889,0.633958,1.425836,1.559618,1.408209,2.247939,,0.658576,True
3,150,calibration,1818,1520,1700,180,4,1000,temporal,1,6,6,506.9326596583809,0.810315,0.684776,1.363111,1.290241,1.058481,2.123511,,1.599548,True
3,150,calibration,1818,1520,1700,180,4,1000,static,2,14,14,506.9326596583809,0.898128,0.763665,1.49414,1.258623,1.042797,2.021777,,1.599548,True
3,151,calibration,10933,10816,10876,60,4,200,static,1,5,5,238.31586860320556,0.837536,0.699297,1.440808,1.292634,1.120734,2.104181,,1.453898,True
3,151,calibration,10933,10816,10876,60,4,200,temporal,2,3,3,238.31586860320556,1.233936,1.110298,1.864729,1.155036,0.989997,1.873413,,1.453898,True
3,152,calibration,9809,9532,9712,180,2,5000,temporal,1,1,1,349.5499204118567,1.152092,0.964499,1.79895,1.251262,1.042967,2.005502,,1.60091,True
3,152,calibration,9809,9532,9712,180,2,5000,static,2,5,5,349.5499204118567,0.86006,0.685206,1.472096,1.119993,0.937577,1.947624,,1.60091,True
3,153,calibration,10797,10389,10569,180,6,200,static,1,13,13,-574.7348691820711,1.201877,1.031149,1.818639,1.537424,1.272083,2.272355,,1.380327,True
3,153,calibration,10797,10389,10569,180,6,200,temporal,2,3,3,-574.7348691820711,0.887792,0.699558,1.608692,1.418976,1.179523,2.234719,,1.380327,True
3,154,calibration,11193,9499,10939,1440,6,200,temporal,1,16,16,578.6386742921336,0.980412,0.778357,1.734673,13.205766,1.079783,14.068842,,1.284713,True
3,154,calibration,11193,9499,10939,1440,6,200,static,2,111,111,578.6386742921336,1.113994,0.890806,1.826512,1.983538,1.280756,2.644829,,1.284713,True
3,155,calibration,13007,12675,12855,180,4,200,static,1,9,9,-696.0617951537909,1.142197,0.954694,1.878871,1.955997,1.616644,2.684008,,2.188849,True
3,155,calibration,13007,12675,12855,180,4,200,temporal,2,2,2,-696.0617951537909,1.059121,0.895173,1.721653,1.837688,1.549623,2.509544,,2.188849,True
3,156,calibration,3846,3323,3683,360,6,1000,temporal,1,5,5,-1569.2485412936692,1.238693,1.065121,1.90513,1.929107,1.56764,2.921357,,2.187126,True
3,156,calibration,3846,3323,3683,360,6,1000,static,2,25,25,-1569.2485412936692,1.119943,0.911889,1.84528,1.761443,1.408419,2.764821,,2.187126,True
3,157,calibration,4983,3209,4649,1440,2,200,static,1,40,40,21.972086331177763,1.254947,1.017388,1.905541,1.923117,1.427088,2.628694,,3.632902,True
3,157,calibration,4983,3209,4649,1440,2,200,temporal,2,5,5,21.972086331177763,0.95927,0.751937,1.642253,1.813582,1.41559,2.529985,,3.632902,True
3,158,calibration,6506,6067,6247,180,4,200,temporal,1,2,2,-559.600035211505,1.178803,0.983938,1.762364,1.644576,1.362801,2.358156,,1.206594,True
3,158,calibration,6506,6067,6247,180,4,200,static,2,11,11,-559.600035211505,1.029066,0.876335,1.687541,1.65975,1.345595,2.463504,,1.206594,True
3,159,calibration,10193,9623,9983,360,2,200,static,1,7,7,492.5007953975261,1.213505,1.019161,1.853783,1.600119,1.309089,2.3744,,2.144272,True
3,159,calibration,10193,9623,9983,360,2,200,temporal,2,1,1,492.5007953975261,1.102638,0.93956,1.688513,1.620991,1.326335,2.330684,,2.144272,True
3,160,calibration,13326,12855,13035,180,6,5000,temporal,1,3,3,-941.7591451659276,1.215838,1.015485,1.806001,1.393507,1.093584,2.171243,,2.63876,True
3,160,calibration,13326,12855,13035,180,6,5000,static,2,13,13,-941.7591451659276,0.874543,0.736313,1.454008,1.295048,1.027954,2.051271,,2.63876,True
3,161,calibration,11788,10139,11579,1440,2,5000,static,1,40,40,-192.46305556149505,1.143839,0.921263,1.779852,3.071373,2.131803,3.787206,,3.483376,True
3,161,calibration,11788,10139,11579,1440,2,5000,temporal,2,6,6,-192.46305556149505,4.626114,4.390077,5.379564,1.386686,1.003137,2.117631,,3.483376,True
3,162,calibration,5084,4591,4951,360,6,1000,temporal,1,5,5,-1521.6822008011777,1.205582,1.017177,1.95123,1.455891,1.140474,2.122148,,4.176034,True
3,162,calibration,5084,4591,4951,360,6,1000,static,2,31,31,-1521.6822008011777,0.917037,0.781281,1.513478,1.490253,1.21031,2.489894,,4.176034,True
3,163,calibration,6059,5407,5767,360,4,5000,static,1,18,18,1275.104301645821,1.086763,0.935114,1.875086,1.535922,1.247396,2.237594,,1.630465,True
3,163,calibration,6059,5407,5767,360,4,5000,temporal,2,3,3,1275.104301645821,0.758467,0.612306,1.366867,1.584756,1.344613,2.273007,,1.630465,True
3,164,calibration,10157,8714,10154,1440,4,1000,temporal,1,11,11,-310.6471643333103,1.049637,0.852299,1.674351,1.691728,1.171972,2.686822,,1.436953,True
3,164,calibration,10157,8714,10154,1440,4,1000,static,2,74,74,-310.6471643333103,1.102066,0.895334,1.777307,1.817407,1.359115,3.006355,,1.436953,True
3,165,calibration,13785,13424,13604,180,2,1000,static,1,6,6,373.6025234159749,0.949014,0.775803,1.555121,1.44186,1.205884,2.124011,,1.834633,True
3,165,calibration,13785,13424,13604,180,2,1000,temporal,2,1,1,373.6025234159749,0.801101,0.671115,1.376471,1.19077,1.005671,1.868725,,1.834633,True
3,166,calibration,4569,3835,4555,720,4,200,temporal,1,6,6,1452.1721321196485,0.934683,0.743875,1.561751,1.344122,1.068876,2.03702,,1.290832,True
3,166,calibration,4569,3835,4555,720,4,200,static,2,38,38,1452.1721321196485,0.828713,0.662192,1.488951,1.465946,1.191662,2.210412,,1.290832,True
3,167,calibration,7566,7344,7524,180,2,1000,static,1,5,5,-151.96126308892926,0.83351,0.715582,1.37561,1.147736,0.964398,1.835796,,1.441599,True
3,167,calibration,7566,7344,7524,180,2,1000,temporal,2,1,1,-151.96126308892926,1.498355,1.301337,2.055488,1.277441,1.087404,1.982788,,1.441599,True
3,168,calibration,9332,8951,9011,60,4,1000,temporal,1,2,2,-199.35467111733809,1.027453,0.870776,1.688273,1.281197,1.118291,2.203922,,1.356752,True
3,168,calibration,9332,8951,9011,60,4,1000,static,2,6,6,-199.35467111733809,1.344823,1.183008,2.020685,1.793892,1.518386,20.117306,,1.356752,True
3,169,calibration,7581,5863,7303,1440,4,200,static,1,75,75,-141.10931199091866,1.034324,0.799819,1.610124,1.718789,1.009045,2.425036,,1.842275,True
3,169,calibration,7581,5863,7303,1440,4,200,temporal,2,12,12,-141.10931199091866,0.948003,0.629983,1.599689,2.571378,1.996688,3.236063,,1.842275,True
3,170,calibration,14070,13365,13725,360,4,5000,temporal,1,2,2,1073.06219794909,1.003587,0.843085,1.712609,1.809946,1.450493,2.695736,,1.776706,True
3,170,calibration,14070,13365,13725,360,4,5000,static,2,17,17,1073.06219794909,0.92656,0.775512,1.556423,1.718809,1.303941,2.490686,,1.776706,True
3,171,calibration,6374,4618,6058,1440,4,5000,static,1,72,72,-124.86014498790232,1.053993,0.838257,1.624226,2.046625,1.595793,2.729477,,1.613309,True
3,171,calibration,6374,4618,6058,1440,4,5000,temporal,2,11,11,-124.86014498790232,1.190871,0.845759,1.829927,1.830387,1.154485,2.517526,,1.613309,True
3,172,calibration,9054,7452,8892,1440,4,1000,temporal,1,13,13,-358.64853732167836,1.187946,0.984509,1.761763,1.990319,1.342079,2.715295,,1.608262,True
3,172,calibration,9054,7452,8892,1440,4,1000,static,2,76,76,-358.64853732167836,0.974142,0.769784,1.56714,1.511805,1.089688,2.180157,,1.608262,True
3,173,calibration,8974,7349,8789,1440,6,200,static,1,114,114,-285.6438601739674,1.348178,0.902094,2.053144,1.655383,1.15101,2.376403,,1.689234,True
3,173,calibration,8974,7349,8789,1440,6,200,temporal,2,16,16,-285.6438601739674,1.083558,0.91917,1.716745,1.438816,1.017138,2.16939,,1.689234,True
3,174,calibration,4054,3668,4028,360,8,200,temporal,1,12,12,42.44849790158646,1.095647,0.864177,1.775074,1.451905,1.116849,2.277333,,0.547488,True
3,174,calibration,4054,3668,4028,360,8,200,static,2,45,45,42.44849790158646,0.902845,0.746739,1.509712,2.205214,1.702554,2.973396,,0.547488,True
3,175,calibration,12330,11940,12300,360,2,1000,static,1,9,9,284.4167602241449,1.325564,1.118411,2.273948,1.562682,1.156929,2.549995,,1.489963,True
3,175,calibration,12330,11940,12300,360,2,1000,temporal,2,1,1,284.4167602241449,0.810325,0.669853,16.93848,2.160096,1.74638,3.223183,,1.489963,True
3,176,calibration,12619,12237,12597,360,2,1000,temporal,1,4,4,614.5092262991432,1.443363,1.192993,2.319107,1.650375,1.217161,2.667423,,1.684327,True
3,176,calibration,12619,12237,12597,360,2,1000,static,2,12,12,614.5092262991432,0.812879,0.662852,1.57392,1.377183,1.032221,2.313548,,1.684327,True
3,177,calibration,9186,7478,8918,1440,4,1000,static,1,76,76,-405.04938843027566,1.764798,1.435231,2.74481,2.242981,1.442581,3.219598,,2.549695,True
3,177,calibration,9186,7478,8918,1440,4,1000,temporal,2,13,13,-405.04938843027566,1.510464,1.224512,2.353738,1.748153,1.250171,2.832312,,2.549695,True
3,178,calibration,8679,7967,8327,360,6,200,temporal,1,9,9,1306.8884389300565,1.484244,1.304242,2.386388,2.385948,1.929808,3.358378,,1.875806,True
3,178,calibration,8679,7967,8327,360,6,200,static,2,36,36,1306.8884389300565,1.159022,0.981244,1.991581,1.884269,1.400427,2.816939,,1.875806,True
3,179,calibration,12688,12431,12491,60,2,200,static,1,3,3,-2.166481099977874,0.870126,0.725547,1.669394,1.24996,1.081124,2.189821,,1.715304,True
3,179,calibration,12688,12431,12491,60,2,200,temporal,2,3,3,-2.166481099977874,1.574451,1.306816,2.372788,1.718368,1.498947,2.884701,,1.715304,True
3,180,regular_holdout,19783,18001,19441,1440,4,200,temporal,1,10,10,-152.07810610188199,1.562563,1.281267,2.430044,1.928255,1.287437,2.930781,,1.988306,True
3,180,regular_holdout,19783,18001,19441,1440,4,200,static,2,72,72,-152.07810610188199,1.184301,0.69402,2.006103,2.552439,1.950359,3.573453,,1.988306,True
3,181,regular_holdout,25411,25021,25201,180,2,1000,static,1,4,4,-92.66129352412591,1.081034,0.816705,1.84512,19.766245,19.184024,21.0262,,1.291413,True
3,181,regular_holdout,25411,25021,25201,180,2,1000,temporal,2,1,1,-92.66129352412591,1.443313,1.177901,2.67248,1.930178,1.602663,3.058485,,1.291413,True
3,182,regular_holdout,17389,16463,17183,720,4,5000,temporal,1,6,6,-1554.0226022182148,1.024329,0.849795,1.823056,2.623106,2.115368,3.69081,,1.608091,True
3,182,regular_holdout,17389,16463,17183,720,4,5000,static,2,37,37,-1554.0226022182148,1.497324,1.175518,2.343794,2.015157,1.476212,3.000046,,1.608091,True
3,183,regular_holdout,20866,20365,20545,180,2,200,static,1,8,8,55.52176261792965,1.250421,1.002586,2.061768,1.572487,1.079171,2.548192,,8.233718,True
3,183,regular_holdout,20866,20365,20545,180,2,200,temporal,2,3,3,55.52176261792965,1.850938,1.576504,2.720603,1.879742,1.246895,2.811,,8.233718,True
3,184,regular_holdout,21288,20618,20978,360,6,200,temporal,1,4,4,-1430.7160457135838,1.786782,1.504405,2.570947,2.146705,1.526408,3.230204,,1.615222,True
3,184,regular_holdout,21288,20618,20978,360,6,200,static,2,27,27,-1430.7160457135838,1.001735,0.844026,1.819821,1.591596,1.269369,2.540105,,1.615222,True
3,185,regular_holdout,17394,17007,17367,360,4,200,static,1,17,17,-85.30372614855682,1.232614,1.049327,1.866632,1.903358,1.532528,3.148852,,1.769355,True
3,185,regular_holdout,17394,17007,17367,360,4,200,temporal,2,2,2,-85.30372614855682,0.890427,0.72088,1.519548,1.375059,0.943407,2.074957,,1.769355,True
3,186,regular_holdout,25452,23818,25258,1440,4,5000,temporal,1,11,11,-222.14273617818571,1.352856,0.716133,2.013093,1.648362,1.057879,2.351626,,1.583434,True
3,186,regular_holdout,25452,23818,25258,1440,4,5000,static,2,73,73,-222.14273617818571,1.29636,0.994173,1.97026,2.397195,1.675102,19.881288,,1.583434,True
3,187,regular_holdout,16550,15932,16292,360,4,200,static,1,22,22,517.7007837374381,1.292193,1.086152,1.888916,1.566148,1.261287,2.293758,,1.460368,True
3,187,regular_holdout,16550,15932,16292,360,4,200,temporal,2,5,5,517.7007837374381,1.047093,0.875684,1.682965,1.491685,1.220185,2.458518,,1.460368,True
3,188,regular_holdout,18846,18383,18743,360,4,1000,temporal,1,3,3,-260.7124969824564,1.081896,0.891658,1.753451,1.676264,1.386636,2.418917,,1.910579,True
3,188,regular_holdout,18846,18383,18743,360,4,1000,static,2,17,17,-260.7124969824564,0.905289,0.739578,1.478665,1.908876,1.470103,2.61309,,1.910579,True
3,189,regular_holdout,19814,19445,19625,180,8,200,static,1,27,27,-1409.652096664349,1.023788,0.82062,1.734573,1.50165,1.189228,2.174568,,1.522902,True
3,189,regular_holdout,19814,19445,19625,180,8,200,temporal,2,8,8,-1409.652096664349,0.824417,0.687099,1.416481,1.469061,1.093803,2.273087,,1.522902,True
3,190,regular_holdout,26112,24600,26040,1440,6,1000,temporal,1,17,17,-82.03378463502165,1.28984,0.824477,1.919011,2.774816,1.597014,3.496577,,1.546478,True
3,190,regular_holdout,26112,24600,26040,1440,6,1000,static,2,112,112,-82.03378463502165,1.468069,0.891598,2.094427,2.314019,1.420708,3.043872,,1.546478,True
3,191,regular_holdout,21193,20923,21103,180,4,1000,static,1,13,13,-665.6929022607982,1.507108,1.294006,2.239025,2.872914,2.029639,3.832515,,1.859862,True
3,191,regular_holdout,21193,20923,21103,180,4,1000,temporal,2,6,6,-665.6929022607982,1.304162,1.094154,2.139475,2.497065,2.021566,3.643819,,1.859862,True
3,192,regular_holdout,18252,17803,17983,180,4,200,temporal,1,2,2,429.9880603277931,1.489192,1.254407,2.365987,1.828755,1.471194,2.707443,,2.115619,True
3,192,regular_holdout,18252,17803,17983,180,4,200,static,2,9,9,429.9880603277931,1.198492,1.014023,2.00469,21.039129,20.635469,22.0454,,2.115619,True
3,193,regular_holdout,27179,26777,27137,360,4,1000,static,1,21,21,1216.18270775301,1.408219,1.151651,2.201248,2.034416,1.511435,3.000457,,2.037641,True
3,193,regular_holdout,27179,26777,27137,360,4,1000,temporal,2,6,6,1216.18270775301,1.238202,0.993052,1.972642,1.727983,1.225142,2.61241,,2.037641,True
3,194,regular_holdout,19803,19518,19578,60,8,5000,temporal,1,5,5,-487.31742190609253,1.438035,1.189378,2.226326,2.895898,2.515743,3.890663,,2.342081,True
3,194,regular_holdout,19803,19518,19578,60,8,5000,static,2,13,13,-487.31742190609253,1.385454,1.177861,2.205925,2.00431,1.720161,2.98944,,2.342081,True
3,195,regular_holdout,18044,17916,17976,60,2,5000,static,1,3,3,38.745078226720096,1.690786,1.415931,2.544607,1.872811,1.588983,2.835497,,2.309783,True
3,195,regular_holdout,18044,17916,17976,60,2,5000,temporal,2,1,1,38.745078226720096,1.528481,1.242739,2.312306,1.753902,1.480538,2.747063,,2.309783,True
3,196,regular_holdout,23768,23577,23757,180,2,200,temporal,1,1,1,-316.6289264108975,1.50784,1.261548,2.302752,1.878841,1.483854,2.848647,,2.246426,True
3,196,regular_holdout,23768,23577,23757,180,2,200,static,2,5,5,-316.6289264108975,1.79931,1.501119,2.617607,1.806892,1.281227,2.759742,,2.246426,True
3,197,regular_holdout,27828,26202,27642,1440,2,200,static,1,34,34,-163.72996440485207,2.09029,1.314487,2.878021,2.307158,1.670546,3.303354,,1.976559,True
3,197,regular_holdout,27828,26202,27642,1440,2,200,temporal,2,6,6,-163.72996440485207,1.329681,1.01849,2.074076,2.392918,1.522101,3.282453,,1.976559,True
3,198,regular_holdout,23483,23192,23252,60,8,1000,temporal,1,5,5,193.70944950033862,2.158744,1.803727,2.960916,2.800965,1.876066,3.548154,,2.653893,True
3,198,regular_holdout,23483,23192,23252,60,8,1000,static,2,11,11,193.70944950033862,1.40193,1.178532,2.134387,2.251574,1.770296,3.008198,,2.653893,True
3,199,regular_holdout,19112,17382,18822,1440,2,1000,static,1,39,39,48.95565336695726,1.458285,0.959431,2.063761,1.551916,1.129698,2.289071,,2.03069,True
3,199,regular_holdout,19112,17382,18822,1440,2,1000,temporal,2,4,4,48.95565336695726,1.00547,0.797356,1.61387,1.591045,0.950117,2.258685,,2.03069,True
3,200,regular_holdout,18148,17799,17859,60,4,200,temporal,1,2,2,156.85915958172876,1.138101,0.966822,1.780842,1.445115,1.131031,2.13618,,1.432536,True
3,200,regular_holdout,18148,17799,17859,60,4,200,static,2,4,4,156.85915958172876,0.968414,0.795413,1.619469,1.657456,1.459517,2.378506,,1.432536,True
3,201,regular_holdout,17766,17625,17685,60,6,200,static,1,8,8,415.9889514767242,1.534741,1.296591,2.165835,2.232566,1.527309,2.96959,,2.223321,True
3,201,regular_holdout,17766,17625,17685,60,6,200,temporal,2,3,3,415.9889514767242,1.118921,0.931959,1.721593,2.661885,1.854194,3.375503,,2.223321,True
3,202,regular_holdout,23215,22766,22946,180,4,200,temporal,1,2,2,535.6929062603957,2.060785,1.247736,2.736087,2.179836,1.491025,2.876069,,2.017791,True
3,202,regular_holdout,23215,22766,22946,180,4,200,static,2,8,8,535.6929062603957,1.3496,1.102768,1.954265,2.144142,1.584286,2.820033,,2.017791,True
3,203,regular_holdout,17312,16367,17087,720,2,1000,static,1,20,20,-497.70531074427544,1.037298,0.838087,1.621932,2.888847,1.996688,4.511951,,0.585785,True
3,203,regular_holdout,17312,16367,17087,720,2,1000,temporal,2,3,3,-497.70531074427544,0.901894,0.733749,21.457463,2.098052,1.689404,3.012625,,0.585785,True
3,204,regular_holdout,16441,16020,16200,180,4,200,temporal,1,2,2,402.76983346156715,1.501871,1.286816,2.128177,2.016348,1.394719,2.708825,,1.343912,True
3,204,regular_holdout,16441,16020,16200,180,4,200,static,2,9,9,402.76983346156715,1.018019,0.87261,1.622914,2.444836,1.385865,4.165207,,1.343912,True
3,205,regular_holdout,20040,18501,19941,1440,4,200,static,1,73,73,-106.33396589324165,1.670115,1.344412,2.237302,2.960376,1.980244,3.786415,,0.52968,True
3,205,regular_holdout,20040,18501,19941,1440,4,200,temporal,2,11,11,-106.33396589324165,1.575913,0.950827,2.20248,2.107076,1.331624,2.789848,,0.52968,True
3,206,regular_holdout,16111,15850,16030,180,2,1000,temporal,1,3,3,-151.8297491782284,1.183649,0.957658,1.773962,1.900995,1.597465,2.695245,,0.536521,True
3,206,regular_holdout,16111,15850,16030,180,2,1000,static,2,8,8,-151.8297491782284,1.082247,0.908624,1.885511,1.920814,1.460107,2.629826,,0.536521,True
3,207,regular_holdout,21535,19932,21372,1440,4,1000,static,1,75,75,-13.767593177751223,1.508671,1.22332,2.107246,2.190541,1.563033,2.95034,,0.91962,True
3,207,regular_holdout,21535,19932,21372,1440,4,1000,temporal,2,11,11,-13.767593177751223,1.15048,0.884658,1.736265,1.903458,1.423292,2.601644,,0.91962,True
3,208,regular_holdout,28322,26663,28103,1440,2,1000,temporal,1,6,6,-94.31023882359978,2.340428,1.998031,2.953505,2.032904,1.379246,2.763448,,0.956687,True
3,208,regular_holdout,28322,26663,28103,1440,2,1000,static,2,41,41,-94.31023882359978,1.700661,1.178813,2.575874,2.210142,1.608132,2.952044,,0.956687,True
3,209,regular_holdout,26350,24679,26119,1440,2,1000,static,1,34,34,-37.413231606959144,1.917048,1.545977,2.76479,2.988749,2.271254,3.755087,,2.191473,True
3,209,regular_holdout,26350,24679,26119,1440,2,1000,temporal,2,6,6,-37.413231606959144,1.328388,1.053673,1.93831,2.561072,1.775815,3.237124,,2.191473,True
3,210,regular_holdout,16897,16747,16807,60,2,200,temporal,1,2,2,-77.03043498335282,1.100734,0.886771,1.717257,1.492807,1.277482,2.17612,,1.572307,True
3,210,regular_holdout,16897,16747,16807,60,2,200,static,2,4,4,-77.03043498335282,0.979321,0.799409,1.571056,1.736225,1.501019,2.478577,,1.572307,True
3,211,regular_holdout,18823,18355,18535,180,2,1000,static,1,5,5,-242.7896778249574,0.980473,0.804236,1.604616,1.480568,1.224321,2.164282,,1.269569,True
3,211,regular_holdout,18823,18355,18535,180,2,1000,temporal,2,1,1,-242.7896778249574,0.89337,0.722713,1.447338,1.667642,1.157971,2.645651,,1.269569,True
3,212,regular_holdout,19031,18540,18720,180,2,5000,temporal,1,1,1,57.41815273581958,1.169579,0.961914,2.029007,1.880273,1.301688,2.891381,,2.781896,True
3,212,regular_holdout,19031,18540,18720,180,2,5000,static,2,5,5,57.41815273581958,1.461841,1.261358,2.280478,1.577715,1.300386,2.48719,,2.781896,True
3,213,regular_holdout,18022,17956,18016,60,4,5000,static,1,5,5,75.65553489270391,1.040272,0.863475,1.888435,1.567741,1.315579,2.544196,,1.768754,True
3,213,regular_holdout,18022,17956,18016,60,4,5000,temporal,2,2,2,75.65553489270391,0.9723,0.794101,1.822315,1.39536,1.185303,2.353188,,1.768754,True
3,214,regular_holdout,25759,24056,25496,1440,2,1000,temporal,1,5,5,100.2145140451563,1.14441,0.901353,1.942577,1.657436,1.112041,2.550857,,0.872679,True
3,214,regular_holdout,25759,24056,25496,1440,2,1000,static,2,40,40,100.2145140451563,1.176299,0.728191,1.932461,1.771058,1.100955,2.710217,,0.872679,True
3,215,regular_holdout,17342,16452,17172,720,2,200,static,1,17,17,-665.8748002661976,1.491505,1.247937,2.190922,2.990942,2.141247,3.724401,,18.696298,True
3,215,regular_holdout,17342,16452,17172,720,2,200,temporal,2,3,3,-665.8748002661976,1.273035,1.054154,1.996849,1.896307,1.42233,2.628815,,18.696298,True
3,216,regular_holdout,22768,22470,22650,180,4,1000,temporal,1,5,5,-134.2300334958438,1.217551,1.029516,1.933273,1.887443,1.592658,2.639291,,0.808573,True
3,216,regular_holdout,22768,22470,22650,180,4,1000,static,2,12,12,-134.2300334958438,0.999942,0.835673,1.684467,1.598317,1.110178,2.8568,,0.808573,True
3,217,regular_holdout,17051,16468,16828,360,2,1000,static,1,10,10,-93.25309244717171,0.986161,0.793199,1.639859,1.57386,1.157921,2.306618,,0.564363,True
3,217,regular_holdout,17051,16468,16828,360,2,1000,temporal,2,3,3,-93.25309244717171,0.893722,0.731996,1.512406,1.377492,0.921053,2.031351,,0.564363,True
3,218,regular_holdout,25991,25503,25863,360,2,1000,temporal,1,1,1,637.8089143193826,0.864787,0.703253,1.665198,1.568912,1.15088,2.402272,,1.620089,True
3,218,regular_holdout,25991,25503,25863,360,2,1000,static,2,9,9,637.8089143193826,0.881944,0.688711,1.531095,1.808394,1.110459,2.614092,,1.620089,True
3,219,regular_holdout,22409,22176,22356,180,4,200,static,1,7,7,-752.489109138324,0.969456,0.770165,1.608061,2.087737,1.732659,2.903279,,1.885681,True
3,219,regular_holdout,22409,22176,22356,180,4,200,temporal,2,2,2,-752.489109138324,0.887202,0.718837,1.602463,1.524655,1.109748,2.213957,,1.885681,True
3,220,regular_holdout,16033,15209,15929,720,4,200,temporal,1,6,6,-1617.000910856751,1.034865,0.859559,1.725359,1.601261,1.181877,2.438046,,1.318664,True
3,220,regular_holdout,16033,15209,15929,720,4,200,static,2,39,39,-1617.000910856751,1.102036,0.911768,1.811289,1.475441,1.028374,2.20283,,1.318664,True
3,221,regular_holdout,21424,20956,21316,360,6,1000,static,1,36,36,-1179.2679615519644,1.173785,0.790415,1.737527,1.572137,1.05124,2.337414,,1.484514,True
3,221,regular_holdout,21424,20956,21316,360,6,1000,temporal,2,9,9,-1179.2679615519644,1.044219,0.8791,1.726831,18.452909,1.231952,19.342504,,1.484514,True
3,222,regular_holdout,25419,25093,25153,60,2,1000,temporal,1,1,1,-70.14409562877375,1.288869,1.034694,1.893383,1.251412,1.051459,1.995737,,1.751508,True
3,222,regular_holdout,25419,25093,25153,60,2,1000,static,2,3,3,-70.14409562877375,1.585928,1.346406,2.178594,1.501711,1.282509,2.296743,,1.751508,True
3,223,regular_holdout,25327,24628,24988,360,2,1000,static,1,9,9,-256.2354375714639,0.916175,0.722822,1.667671,1.413096,1.151301,2.064191,,1.504725,True
3,223,regular_holdout,25327,24628,24988,360,2,1000,temporal,2,1,1,-256.2354375714639,0.839479,0.696252,1.426387,1.17755,0.935484,1.879923,,1.504725,True
3,224,regular_holdout,26707,26449,26629,180,4,1000,temporal,1,2,2,-458.25743345491526,1.211191,1.054675,2.333708,2.301209,1.948666,3.002629,,1.331714,True
3,224,regular_holdout,26707,26449,26629,180,4,1000,static,2,11,11,-458.25743345491526,1.154135,0.774942,1.93142,1.509222,1.240386,2.158553,,1.331714,True
3,225,regular_holdout,22467,22140,22200,60,8,200,static,1,10,10,-343.1512035651211,0.98544,0.832328,1.62741,1.690396,1.245674,2.430395,,1.960293,True
3,225,regular_holdout,22467,22140,22200,60,8,200,temporal,2,4,4,-343.1512035651211,1.711187,1.523694,2.386127,1.769245,1.260085,2.472548,,1.960293,True
3,226,regular_holdout,26262,25478,26198,720,6,200,temporal,1,10,10,1429.422988113205,0.923687,0.743774,1.601381,1.780843,1.221427,2.466991,,1.659249,True
3,226,regular_holdout,26262,25478,26198,720,6,200,static,2,59,59,1429.422988113205,1.122648,0.912239,1.817268,1.77975,1.291874,2.607372,,1.659249,True
3,227,regular_holdout,28236,28023,28083,60,4,1000,static,1,4,4,6.01960612423332,1.006863,0.842624,1.718408,1.536764,1.358754,2.263422,,1.153884,True
3,227,regular_holdout,28236,28023,28083,60,4,1000,temporal,2,2,2,6.01960612423332,0.808633,0.642982,1.388199,1.144981,0.963146,1.909948,,1.153884,True
3,228,regular_holdout,19310,18814,19174,360,4,200,temporal,1,7,7,1211.543701106597,1.346656,1.156398,1.963328,1.735514,1.298854,2.523095,,1.619299,True
3,228,regular_holdout,19310,18814,19174,360,4,200,static,2,23,23,1211.543701106597,1.486818,1.189068,21.313074,1.919663,1.325294,2.81703,,1.619299,True
3,229,regular_holdout,19815,19375,19735,360,4,1000,static,1,22,22,-1239.7528418529566,1.054384,0.864647,1.736195,1.524084,1.102047,2.317564,,1.357042,True
3,229,regular_holdout,19815,19375,19735,360,4,1000,temporal,2,6,6,-1239.7528418529566,1.603545,1.345134,3.156282,1.743647,1.258092,2.507662,,1.357042,True
3,230,regular_holdout,17787,17267,17627,360,6,1000,temporal,1,9,9,1346.7260041670404,1.149007,0.961194,1.715503,1.654481,1.292354,2.53352,,1.553569,True
3,230,regular_holdout,17787,17267,17627,360,6,1000,static,2,35,35,1346.7260041670404,0.98553,0.831457,1.583554,1.47492,1.072251,2.154477,,1.553569,True
3,231,regular_holdout,16677,16174,16354,180,4,5000,static,1,12,12,627.2442769327456,1.031439,0.856665,1.953244,1.764197,1.473527,2.515824,,0.479976,True
3,231,regular_holdout,16677,16174,16354,180,4,5000,temporal,2,2,2,627.2442769327456,0.903415,0.770916,1.532587,1.662594,1.241707,2.395011,,0.479976,True
3,232,regular_holdout,23151,22157,22877,720,2,1000,temporal,1,3,3,-97.75991458800245,1.094835,0.880872,1.685949,1.553259,1.062426,2.270863,,1.301678,True
3,232,regular_holdout,23151,22157,22877,720,2,1000,static,2,21,21,-97.75991458800245,0.964648,0.801021,1.571567,1.585878,1.273064,2.240328,,1.301678,True
3,233,regular_holdout,22326,20679,22119,1440,6,5000,static,1,106,106,-433.04035432829323,2.026114,1.389631,2.686932,2.519519,1.503743,3.26017,,3.951004,True
3,233,regular_holdout,22326,20679,22119,1440,6,5000,temporal,2,16,16,-433.04035432829323,1.251893,0.777515,2.005452,2.289051,1.26355,2.972174,,3.951004,True
3,234,regular_holdout,23993,23924,23984,60,8,200,temporal,1,6,6,16.010922253035776,1.325464,1.129348,2.042648,19.23999,1.539808,20.056434,,1.877338,True
3,234,regular_holdout,23993,23924,23984,60,8,200,static,2,14,14,16.010922253035776,1.56801,1.297391,2.262591,1.755474,1.279154,2.415171,,1.877338,True
3,235,regular_holdout,23051,22412,22772,360,4,1000,static,1,23,23,253.42289287046955,1.007643,0.789513,1.704897,1.414939,1.090779,2.060245,,1.211401,True
3,235,regular_holdout,23051,22412,22772,360,4,1000,temporal,2,6,6,253.42289287046955,0.848944,0.66171,1.703997,1.373967,0.997248,2.089138,,1.211401,True
3,236,regular_holdout,27194,26517,26877,360,2,200,temporal,1,1,1,470.28303706398447,0.932951,0.728382,1.589654,2.100435,1.757958,2.760173,,1.266485,True
3,236,regular_holdout,27194,26517,26877,360,2,200,static,2,9,9,470.28303706398447,0.951708,0.768592,1.552898,2.002498,1.730666,2.711149,,1.266485,True
3,237,regular_holdout,23778,23243,23423,180,2,200,static,1,8,8,-193.4144613481365,1.609634,1.321138,2.196151,1.623004,1.128576,2.434941,,1.945161,True
3,237,regular_holdout,23778,23243,23423,180,2,200,temporal,2,4,4,-193.4144613481365,1.114555,0.942175,1.71298,1.899682,1.598847,2.664599,,1.945161,True
3,238,regular_holdout,18582,16823,18263,1440,6,1000,temporal,1,16,16,-535.6182999248372,1.457944,1.028565,2.057461,5.477281,1.181917,6.264762,,0.933251,True
3,238,regular_holdout,18582,16823,18263,1440,6,1000,static,2,115,115,-535.6182999248372,116.471396,113.958667,117.335512,7.877991,3.919086,9.098536,,0.933251,True
3,239,regular_holdout,24457,23833,24193,360,4,5000,static,1,23,23,193.98287572424107,1.1842,0.950227,1.805139,1.380637,1.025571,2.131613,,2.850009,True
3,239,regular_holdout,24457,23833,24193,360,4,5000,temporal,2,6,6,193.98287572424107,1.388519,1.169648,2.021877,1.293275,1.027253,2.020614,,2.850009,True
3,240,regular_holdout,17115,15348,16788,1440,2,200,temporal,1,5,5,-11.933110663564207,1.353296,1.049557,2.106465,1.422501,0.989586,2.350013,,1.996609,True
3,240,regular_holdout,17115,15348,16788,1440,2,200,static,2,40,40,-11.933110663564207,0.777646,0.589692,1.519828,1.500028,1.021945,2.274689,,1.996609,True
3,241,regular_holdout,20655,20275,20455,180,6,200,static,1,19,19,1100.0076325084253,1.548431,1.310091,2.193396,2.080756,1.741343,2.918212,,2.432748,True
3,241,regular_holdout,20655,20275,20455,180,6,200,temporal,2,6,6,1100.0076325084253,0.968484,0.801903,2.016619,1.749375,1.409621,2.765351,,2.432748,True
3,242,regular_holdout,20369,19926,20286,360,2,1000,temporal,1,3,3,147.30709347371513,2.036529,1.569833,3.003441,1.834975,1.517084,2.872352,,8.310915,True
3,242,regular_holdout,20369,19926,20286,360,2,1000,static,2,12,12,147.30709347371513,0.780971,0.609101,1.547169,2.383173,1.828545,3.439801,,8.310915,True
3,243,regular_holdout,24557,24096,24276,180,4,200,static,1,8,8,467.96678503827894,1.662243,1.323131,2.541973,1.747332,1.445976,2.693092,,0.661139,True
3,243,regular_holdout,24557,24096,24276,180,4,200,temporal,2,2,2,467.96678503827894,1.567931,1.298483,2.458367,1.919583,1.556944,2.940256,,0.661139,True
3,244,regular_holdout,20228,19311,20031,720,2,200,temporal,1,3,3,-876.2139506642078,1.059572,0.872019,1.903969,2.228089,1.781313,3.225246,,1.528751,True
3,244,regular_holdout,20228,19311,20031,720,2,200,static,2,20,20,-876.2139506642078,1.258433,1.004869,2.121768,1.717927,1.299645,2.774014,,1.528751,True
3,245,regular_holdout,25140,24751,25111,360,8,1000,static,1,37,37,-2410.9191110093984,1.233935,1.024439,2.059263,1.597496,1.240445,2.608934,,1.619719,True
3,245,regular_holdout,25140,24751,25111,360,8,1000,temporal,2,6,6,-2410.9191110093984,1.055446,0.647198,1.865471,1.450052,1.081906,6.967675,,1.619719,True
3,246,regular_holdout,24465,24207,24387,180,4,200,temporal,1,2,2,666.0363839025974,1.627861,1.374127,2.567852,1.434719,1.175988,2.301389,,0.965911,True
3,246,regular_holdout,24465,24207,24387,180,4,200,static,2,9,9,666.0363839025974,0.829845,0.664345,1.5807,1.12454,0.887652,2.059945,,0.965911,True
3,247,regular_holdout,23640,22049,23489,1440,2,1000,static,1,41,41,15.853368332065713,1.483954,1.1777,2.384114,1.536914,1.083358,2.63224,,1.67349,True
3,247,regular_holdout,23640,22049,23489,1440,2,1000,temporal,2,7,7,15.853368332065713,0.978499,0.757195,1.793923,1.508951,1.033373,2.538007,,1.67349,True
3,248,regular_holdout,24372,23350,24070,720,2,200,temporal,1,4,4,-850.2304609726788,1.130869,0.884557,1.957279,1.681552,1.318103,2.675305,,2.03714,True
3,248,regular_holdout,24372,23350,24070,720,2,200,static,2,22,22,-850.2304609726788,1.07797,0.856635,1.958481,2.071442,1.624676,3.052926,,2.03714,True
3,249,regular_holdout,24461,24055,24415,360,2,200,static,1,10,10,451.22086699916747,1.007203,0.829524,1.782565,1.19745,0.947653,2.14986,,1.65993,True
3,249,regular_holdout,24461,24055,24415,360,2,200,temporal,2,1,1,451.22086699916747,0.838428,0.672356,1.573048,2.130381,1.726941,3.158586,,1.65993,True
3,250,regular_holdout,25221,24905,24965,60,8,5000,temporal,1,4,4,-483.3778029469833,1.381659,1.217481,2.194058,2.114928,1.77248,3.14859,,1.693611,True
3,250,regular_holdout,25221,24905,24965,60,8,5000,static,2,8,8,-483.3778029469833,1.020833,0.867852,1.863207,1.743847,1.472737,2.689596,,1.693611,True
3,251,regular_holdout,18140,16461,17901,1440,2,200,static,1,42,42,109.91474590008681,0.957908,0.743003,1.674852,1.495561,1.009567,2.441281,,1.86537,True
3,251,regular_holdout,18140,16461,17901,1440,2,200,temporal,2,6,6,109.91474590008681,0.877156,0.692197,1.725869,1.453157,0.991008,2.32813,,1.86537,True
3,252,regular_holdout,27353,26929,27289,360,2,1000,temporal,1,2,2,615.2674420203141,0.927342,0.743694,1.696995,1.213294,0.963857,13.840185,,0.876264,True
3,252,regular_holdout,27353,26929,27289,360,2,1000,static,2,11,11,615.2674420203141,1.356721,1.121276,2.252675,2.756448,2.256081,3.83603,,0.876264,True
3,253,regular_holdout,22590,22086,22266,180,2,200,static,1,5,5,-157.04087719817227,1.397353,1.145151,2.194978,1.95102,1.603785,2.927897,,2.23515,True
3,253,regular_holdout,22590,22086,22266,180,2,200,temporal,2,1,1,-157.04087719817227,1.148767,0.99217,1.939622,1.998682,1.655323,3.634966,,2.23515,True
3,254,regular_holdout,24167,23472,23832,360,4,1000,temporal,1,2,2,-1286.6085640388583,1.245193,1.004458,2.049188,1.597606,1.288408,2.496615,,2.045202,True
3,254,regular_holdout,24167,23472,23832,360,4,1000,static,2,17,17,-1286.6085640388583,0.930247,0.766009,1.757907,1.408049,1.11119,2.369212,,2.045202,True
3,255,regular_holdout,21397,19665,21105,1440,4,200,static,1,75,75,-343.7033286659873,1.323481,1.04476,1.960925,2.807575,1.863067,3.680585,,0.71415,True
3,255,regular_holdout,21397,19665,21105,1440,4,200,temporal,2,11,11,-343.7033286659873,1.066692,0.827801,1.689153,2.215189,1.586258,2.935117,,0.71415,True
3,256,regular_holdout,21482,19831,21271,1440,4,1000,temporal,1,11,11,-358.58696954170716,1.159143,0.916847,1.814994,1.783827,1.166674,2.467911,,1.198382,True
3,256,regular_holdout,21482,19831,21271,1440,4,1000,static,2,73,73,-358.58696954170716,2.465127,2.204132,3.11523,2.397865,1.768874,3.30048,,1.198382,True
3,257,regular_holdout,20014,19589,19949,360,8,5000,static,1,37,37,-1773.4417946549984,1.632208,1.354178,4.349306,2.120566,1.699299,2.910571,,1.113904,True
3,257,regular_holdout,20014,19589,19949,360,8,5000,temporal,2,8,8,-1773.4417946549984,1.048476,0.898488,1.735013,1.609564,1.154445,20.770934,,1.113904,True
3,258,regular_holdout,23625,22906,23266,360,6,200,temporal,1,9,9,1213.6088829931505,2.087075,1.816366,2.753953,2.231994,1.761163,3.035009,,1.670596,True
3,258,regular_holdout,23625,22906,23266,360,6,200,static,2,32,32,1213.6088829931505,0.949676,0.760941,1.65367,1.34861,1.086263,2.117793,,1.670596,True
3,259,regular_holdout,19056,18049,18769,720,6,1000,static,1,62,62,-2193.6484411846227,1.085671,0.903536,1.820342,1.407207,1.013192,2.119694,,1.960263,True
3,259,regular_holdout,19056,18049,18769,720,6,1000,temporal,2,10,10,-2193.6484411846227,0.981664,0.79309,1.585497,1.395259,0.995045,2.902839,,1.960263,True
3,260,regular_holdout,25415,25157,25337,180,2,5000,temporal,1,3,3,-209.61388788136173,0.996817,0.832158,1.716475,1.431995,1.095116,2.173066,,1.606479,True
3,260,regular_holdout,25415,25157,25337,180,2,5000,static,2,6,6,-209.61388788136173,0.754201,0.61498,1.321178,1.257912,1.041204,2.253737,,1.606479,True
3,261,regular_holdout,23732,23555,23615,60,4,1000,static,1,6,6,-219.7084370149443,1.645929,1.390032,2.358666,1.734813,1.489862,2.593371,,1.7598,True
3,261,regular_holdout,23732,23555,23615,60,4,1000,temporal,2,2,2,-219.7084370149443,0.983717,0.835834,1.662864,1.378304,1.190369,2.282091,,1.7598,True
3,262,regular_holdout,25563,23805,25245,1440,2,1000,temporal,1,5,5,-4.5333391796662,1.378445,1.116608,2.016198,1.563314,1.092462,2.319027,,1.511635,True
3,262,regular_holdout,25563,23805,25245,1440,2,1000,static,2,41,41,-4.5333391796662,0.902585,0.678276,1.557014,1.288919,0.918618,1.959553,,1.511635,True
3,263,regular_holdout,24811,23137,24577,1440,4,200,static,1,73,73,175.68896779185548,0.914593,0.669752,1.549213,2.534852,1.908115,3.296223,,0.89994,True
3,263,regular_holdout,24811,23137,24577,1440,4,200,temporal,2,10,10,175.68896779185548,1.022977,0.784746,1.716835,1.70615,1.192743,2.445287,,0.89994,True
3,264,regular_holdout,23352,22952,23312,360,6,200,temporal,1,9,9,1541.0473420777416,1.722815,1.457714,2.337385,2.953255,1.811348,3.695237,,2.0637,True
3,264,regular_holdout,23352,22952,23312,360,6,200,static,2,32,32,1541.0473420777416,0.835523,0.669623,1.399316,2.271755,1.391284,3.023822,,2.0637,True
3,265,regular_holdout,24981,24686,24866,180,4,1000,static,1,9,9,-187.7241243401649,1.379135,1.129037,2.281419,1.416832,1.159673,2.121337,,3.476567,True
3,265,regular_holdout,24981,24686,24866,180,4,1000,temporal,2,2,2,-187.7241243401649,1.155437,0.968745,1.746921,1.526218,1.152253,2.172435,,3.476567,True
3,266,regular_holdout,19662,19426,19606,180,8,200,temporal,1,10,10,-1133.1222679966866,1.258813,1.070228,1.880633,2.160697,1.828304,3.208261,,2.800424,True
3,266,regular_holdout,19662,19426,19606,180,8,200,static,2,23,23,-1133.1222679966866,0.836064,0.695181,1.59393,1.469922,1.224521,2.371545,,2.800424,True
3,267,regular_holdout,26107,25361,26081,720,4,200,static,1,38,38,1567.4515696532299,1.020834,0.821202,1.639228,1.530954,1.061135,2.417025,,1.914054,True
3,267,regular_holdout,26107,25361,26081,720,4,200,temporal,2,7,7,1567.4515696532299,0.769373,0.612546,1.457905,13.56548,1.094685,14.432731,,1.914054,True
3,268,regular_holdout,22221,20577,22017,1440,2,200,temporal,1,5,5,-58.21075100434467,1.310261,1.041054,2.055588,1.627371,1.214186,2.384004,,0.815763,True
3,268,regular_holdout,22221,20577,22017,1440,2,200,static,2,32,32,-58.21075100434467,0.75435,0.56222,1.481841,1.379326,0.970557,2.396484,,0.815763,True
3,269,regular_holdout,19407,19220,19400,180,4,1000,static,1,11,11,-183.04325115695642,1.700862,1.366606,2.378146,1.380417,1.100554,2.046925,,20.587907,True
3,269,regular_holdout,19407,19220,19400,180,4,1000,temporal,2,2,2,-183.04325115695642,1.092662,0.713409,1.688032,1.291613,1.042947,2.058061,,20.587907,True
3,270,regular_holdout,22355,21951,22131,180,8,1000,temporal,1,5,5,-279.7292027588727,1.305314,1.102688,2.005141,2.24206,1.838029,2.999846,,2.170832,True
3,270,regular_holdout,22355,21951,22131,180,8,1000,static,2,21,21,-279.7292027588727,0.966481,0.779829,1.525116,1.505406,1.207926,2.34823,,2.170832,True
3,271,regular_holdout,23814,23170,23530,360,6,1000,static,1,29,29,-252.5409419480519,1.012731,0.835483,1.640631,1.398504,1.093023,2.086264,,2.8769,True
3,271,regular_holdout,23814,23170,23530,360,6,1000,temporal,2,5,5,-252.5409419480519,2.618199,2.311094,3.45243,1.663134,1.326315,2.550136,,2.8769,True
3,272,regular_holdout,19202,18868,18928,60,4,200,temporal,1,2,2,235.38350649727894,1.00538,0.843555,1.68667,1.294768,1.068996,2.028287,,2.75802,True
3,272,regular_holdout,19202,18868,18928,60,4,200,static,2,6,6,235.38350649727894,1.451655,1.13734,2.152044,1.365635,1.187386,2.379078,,2.75802,True
3,273,regular_holdout,21163,20953,21133,180,6,1000,static,1,23,23,-1034.5941901213505,1.517194,1.310211,2.258945,1.530865,1.254286,2.375321,,1.841834,True
3,273,regular_holdout,21163,20953,21133,180,6,1000,temporal,2,9,9,-1034.5941901213505,2.409023,2.167818,3.072075,1.629183,1.340176,2.822287,,1.841834,True
3,274,regular_holdout,24693,23770,24490,720,4,200,temporal,1,6,6,634.1702903080106,1.343551,1.036036,2.071863,2.472048,2.014956,24.55208,,3.481784,True
3,274,regular_holdout,24693,23770,24490,720,4,200,static,2,37,37,634.1702903080106,1.657877,1.323841,2.703037,1.883237,1.264723,2.800444,,3.481784,True
3,275,regular_holdout,25235,24751,24931,180,6,1000,static,1,14,14,-765.295981039399,1.033573,0.857236,1.840193,1.644437,1.381569,2.566971,,2.058612,True
3,275,regular_holdout,25235,24751,24931,180,6,1000,temporal,2,4,4,-765.295981039399,0.770214,0.632155,1.551156,1.275619,1.036597,2.21534,,2.058612,True
3,276,regular_holdout,23755,23469,23649,180,4,200,temporal,1,3,3,-603.4882376048888,1.008895,0.844747,1.791058,1.307466,1.069607,2.22921,,2.097301,True
3,276,regular_holdout,23755,23469,23649,180,4,200,static,2,8,8,-603.4882376048888,0.776284,0.636172,1.558516,1.145492,0.911088,2.073215,,2.097301,True
3,277,regular_holdout,22741,22213,22393,180,4,1000,static,1,9,9,-724.1481238976967,2.303453,1.872321,3.202422,1.326375,1.075486,2.246236,,2.055268,True
3,277,regular_holdout,22741,22213,22393,180,4,1000,temporal,2,2,2,-724.1481238976967,2.003679,1.689865,2.882978,1.444754,1.12426,2.392086,,2.055268,True
3,278,regular_holdout,28108,27754,27814,60,2,200,temporal,1,1,1,-104.14833748585578,1.506617,1.253646,2.327458,1.729205,1.406697,2.714925,,1.830498,True
3,278,regular_holdout,28108,27754,27814,60,2,200,static,2,1,1,-104.14833748585578,0.750906,0.594418,1.485206,1.926403,1.631877,2.858412,,1.830498,True
3,279,regular_holdout,17904,17557,17617,60,8,200,static,1,9,9,486.0778624747831,1.095696,0.945129,1.899401,2.020494,1.695663,3.008759,,1.951811,True
3,279,regular_holdout,17904,17557,17617,60,8,200,temporal,2,4,4,486.0778624747831,0.914773,0.73434,1.703516,1.228056,1.017438,2.228088,,1.951811,True
3,280,regular_holdout,17086,16754,16934,180,4,5000,temporal,1,2,2,-653.8210751865746,0.967623,0.810646,1.841113,23.193005,22.770777,24.326059,,2.221629,True
3,280,regular_holdout,17086,16754,16934,180,4,5000,static,2,10,10,-653.8210751865746,1.446206,1.19068,2.6392,1.664447,1.393117,2.78458,,2.221629,True
3,281,regular_holdout,22090,21581,21761,180,4,1000,static,1,12,12,589.1114210247915,1.032701,0.863055,1.840412,1.719189,1.41525,2.595024,,1.961406,True
3,281,regular_holdout,22090,21581,21761,180,4,1000,temporal,2,2,2,589.1114210247915,0.97894,0.841502,1.780592,2.442573,1.819321,3.170554,,1.961406,True
3,282,regular_holdout,17888,16423,17863,1440,8,200,temporal,1,20,20,526.3766001510044,1.307427,0.955875,1.983318,5.323398,1.043648,6.033973,,1.528601,True
3,282,regular_holdout,17888,16423,17863,1440,8,200,static,2,145,145,526.3766001510044,0.98591,0.764396,1.597135,4.664031,1.054314,5.482699,,1.528601,True
3,283,regular_holdout,22951,21510,22950,1440,4,1000,static,1,73,73,406.65813280695477,1.239764,0.95888,1.870388,4.585693,1.070839,5.273634,,1.75291,True
3,283,regular_holdout,22951,21510,22950,1440,4,1000,temporal,2,10,10,406.65813280695477,1.026792,0.784896,1.700751,1.597485,1.11139,2.31453,,1.75291,True
3,284,regular_holdout,16499,16200,16380,180,2,5000,temporal,1,1,1,311.0192563472437,0.860982,0.720299,1.467769,1.252364,0.994784,2.019573,,1.60059,True
3,284,regular_holdout,16499,16200,16380,180,2,5000,static,2,6,6,311.0192563472437,1.222428,0.991399,1.935756,1.234376,1.012621,1.948867,,1.60059,True
3,285,regular_holdout,24838,23313,24753,1440,4,200,static,1,73,73,-215.6355553777729,0.93926,0.672717,1.536242,1.63985,1.129788,2.32114,,2.09653,True
3,285,regular_holdout,24838,23313,24753,1440,4,200,temporal,2,10,10,-215.6355553777729,1.167255,0.91918,1.814443,24.059495,1.107895,24.80311,,2.09653,True
3,286,regular_holdout,27170,25619,27059,1440,6,200,temporal,1,15,15,689.0171326232924,1.446046,1.08477,2.109279,1.784267,1.22385,2.468162,,1.731909,True
3,286,regular_holdout,27170,25619,27059,1440,6,200,static,2,108,108,689.0171326232924,0.987213,0.778737,1.630155,1.64084,1.109938,2.661473,,1.731909,True
3,287,regular_holdout,18934,18146,18866,720,6,1000,static,1,61,61,-1211.7991387669485,0.929225,0.754531,1.499046,1.486778,1.043087,2.23572,,2.019814,True
3,287,regular_holdout,18934,18146,18866,720,6,1000,temporal,2,12,12,-1211.7991387669485,1.426136,1.024049,2.022498,1.681332,1.072171,2.348921,,2.019814,True
3,288,regular_holdout,23602,21934,23374,1440,6,200,temporal,1,16,16,-251.33449649127147,1.075766,0.820861,1.690756,5.263579,1.727712,6.601621,,1.881575,True
3,288,regular_holdout,23602,21934,23374,1440,6,200,static,2,111,111,-251.33449649127147,1.103739,0.853461,2.1096,5.667008,1.121726,6.796065,,1.881575,True
3,289,regular_holdout,19849,19633,19693,60,8,1000,static,1,13,13,-481.31116870839867,1.505907,1.293916,2.138964,3.723084,3.273815,4.787378,,5.002614,True
3,289,regular_holdout,19849,19633,19693,60,8,1000,temporal,2,4,4,-481.31116870839867,1.34244,1.112352,2.060535,2.071462,1.771128,2.96958,,5.002614,True
3,290,regular_holdout,17699,16018,17458,1440,4,1000,temporal,1,10,10,231.58034259539272,1.122477,0.876425,1.783306,2.636036,1.887073,3.510438,,6.128326,True
3,290,regular_holdout,17699,16018,17458,1440,4,1000,static,2,74,74,231.58034259539272,1.479427,1.122407,2.07711,17.813473,1.212283,18.535354,,6.128326,True
3,291,regular_holdout,16412,16226,16286,60,8,200,static,1,8,8,403.6100306689989,1.328739,1.136788,1.948787,1.36959,1.132292,2.554322,,2.014396,True
3,291,regular_holdout,16412,16226,16286,60,8,200,temporal,2,4,4,403.6100306689989,1.180665,1.023427,1.971821,1.844929,1.57421,2.553681,,2.014396,True
3,292,regular_holdout,19272,19210,19270,60,8,5000,temporal,1,4,4,172.98392688362918,1.280316,1.088496,1.973033,1.802515,1.504244,2.522093,,4.840068,True
3,292,regular_holdout,19272,19210,19270,60,8,5000,static,2,9,9,172.98392688362918,1.216359,1.038109,1.887724,2.198374,1.767893,3.022319,,4.840068,True
3,293,regular_holdout,19378,19213,19273,60,4,200,static,1,4,4,111.48252872380057,1.436242,1.204871,2.154377,1.560219,1.334067,2.258975,,2.317865,True
3,293,regular_holdout,19378,19213,19273,60,4,200,temporal,2,2,2,111.48252872380057,1.119573,0.936205,1.73926,1.561901,1.345915,2.336704,,2.317865,True
3,294,regular_holdout,16236,15729,15909,180,2,200,temporal,1,1,1,-132.9202374124862,2.732161,2.039784,3.416765,2.104662,1.793882,2.841035,,1.90467,True
3,294,regular_holdout,16236,15729,15909,180,2,200,static,2,5,5,-132.9202374124862,1.215418,1.028595,1.828224,1.781604,1.445696,2.504787,,1.90467,True
3,295,regular_holdout,22860,22122,22842,720,4,1000,static,1,39,39,-1295.9634751570175,1.325173,1.085962,1.956648,1.841595,1.391884,2.57312,,2.201328,True
3,295,regular_holdout,22860,22122,22842,720,4,1000,temporal,2,7,7,-1295.9634751570175,1.134516,0.941424,7.64577,2.368781,1.864789,3.248321,,2.201328,True
3,296,regular_holdout,18061,17706,17766,60,2,5000,temporal,1,1,1,105.90704526139301,1.068705,0.808312,16.099562,2.672631,2.270993,3.457708,,2.537106,True
3,296,regular_holdout,18061,17706,17766,60,2,5000,static,2,2,2,105.90704526139301,1.312835,1.076628,1.893303,1.760593,1.524485,2.414641,,2.537106,True
3,297,regular_holdout,24045,23776,23836,60,6,200,static,1,4,4,-361.3700990923472,1.219374,0.957208,1.788704,1.776976,1.438825,2.499499,,1.622202,True
3,297,regular_holdout,24045,23776,23836,60,6,200,temporal,2,4,4,-361.3700990923472,0.825418,0.669052,1.422861,1.893303,1.589653,2.623396,,1.622202,True
3,298,regular_holdout,24941,23239,24679,1440,4,200,temporal,1,10,10,152.54057568817453,1.303992,1.019882,2.021686,1.609123,1.110248,2.321099,,4.408275,True
3,298,regular_holdout,24941,23239,24679,1440,4,200,static,2,73,73,152.54057568817453,0.810486,0.606457,1.43528,1.427969,0.948214,2.357875,,4.408275,True
3,299,regular_holdout,20345,18601,20041,1440,4,200,static,1,71,71,-144.45620998085693,1.560148,1.255568,2.263743,2.403765,1.869246,3.240209,,5.900071,True
3,299,regular_holdout,20345,18601,20041,1440,4,200,temporal,2,10,10,-144.45620998085818,1.315439,1.070148,1.958331,1.750436,1.061845,2.691629,,5.900071,True
3,300,regular_holdout,17961,17387,17747,360,4,200,temporal,1,6,6,1158.475455932604,0.842424,0.640528,1.431224,1.403992,1.1313,2.131412,,1.542162,True
3,300,regular_holdout,17961,17387,17747,360,4,200,static,2,24,24,1158.475455932604,0.937848,0.791917,1.561491,1.263371,1.023988,1.962577,,1.542162,True
3,301,regular_holdout,16380,16187,16367,180,6,200,static,1,16,16,960.997490434351,0.804727,0.673599,1.429902,1.576794,0.975325,2.246717,,1.588222,True
3,301,regular_holdout,16380,16187,16367,180,6,200,temporal,2,3,3,960.997490434351,1.018931,0.893511,1.646359,1.729975,1.508911,2.388201,,1.588222,True
3,302,regular_holdout,25759,24176,25616,1440,4,200,temporal,1,10,10,415.04753171090204,0.865889,0.671505,1.746861,1.619929,1.067343,2.372698,,0.606096,True
3,302,regular_holdout,25759,24176,25616,1440,4,200,static,2,71,71,415.04753171090204,0.849695,0.651165,1.491325,1.670105,1.148396,2.365277,,0.606096,True
3,303,regular_holdout,24148,23854,24034,180,4,1000,static,1,15,15,227.67166984525917,0.948604,0.752728,1.589013,1.45562,1.199213,2.159114,,1.473178,True
3,303,regular_holdout,24148,23854,24034,180,4,1000,temporal,2,6,6,227.67166984525917,1.409581,1.14428,2.068548,1.596954,1.360687,2.377315,,1.473178,True
3,304,regular_holdout,23784,23576,23756,180,2,1000,temporal,1,1,1,-316.02183073532547,1.138201,0.93882,2.717148,1.275528,1.039942,2.061807,,5.849453,True
3,304,regular_holdout,23784,23576,23756,180,2,1000,static,2,5,5,-316.02183073532547,0.867692,0.698326,1.520289,1.346256,1.055946,2.044401,,5.849453,True
3,305,regular_holdout,18310,18038,18218,180,4,5000,static,1,14,14,-467.46781150092465,1.509462,1.259354,2.115038,1.412085,1.15058,2.203752,,1.737998,True
3,305,regular_holdout,18310,18038,18218,180,4,5000,temporal,2,6,6,-467.46781150092465,0.778607,0.622931,1.70647,1.359626,1.10436,2.093806,,1.737998,True
3,306,regular_holdout,20391,19884,20064,180,2,200,temporal,1,1,1,-68.23170526293913,0.94544,0.801692,1.545116,1.71365,1.451885,2.510045,,1.459717,True
3,306,regular_holdout,20391,19884,20064,180,2,200,static,2,5,5,-68.23170526293913,0.825949,0.695903,1.663335,1.221807,0.998649,2.008837,,1.459717,True
3,307,regular_holdout,28387,28046,28106,60,4,1000,static,1,5,5,50.68633059209409,0.979551,0.759108,1.624756,1.23023,1.053754,1.956158,,1.343672,True
3,307,regular_holdout,28387,28046,28106,60,4,1000,temporal,2,2,2,50.68633059209409,0.911979,0.756174,1.479978,1.123629,0.940221,1.968236,,1.343672,True
3,308,regular_holdout,17095,16574,16754,180,4,1000,temporal,1,4,4,-209.46511351573417,1.088286,0.906911,1.719049,1.347126,1.100865,2.0303,,1.618897,True
3,308,regular_holdout,17095,16574,16754,180,4,1000,static,2,13,13,-209.46511351573417,1.253645,0.999671,1.849657,1.390653,1.176308,2.155849,,1.618897,True
3,309,regular_holdout,27597,26078,27518,1440,4,5000,static,1,75,75,-267.0472932822777,1.073934,0.792538,1.664997,1.85194,1.222979,2.547402,,1.677817,True
3,309,regular_holdout,27597,26078,27518,1440,4,5000,temporal,2,12,12,-267.0472932822777,1.167275,0.789734,1.908235,1.801934,1.262509,2.524126,,1.677817,True
3,310,regular_holdout,25186,24872,25052,180,2,1000,temporal,1,1,1,-381.0370969240604,1.037419,0.839069,1.766351,1.393247,1.170379,2.081928,,3.843571,True
3,310,regular_holdout,25186,24872,25052,180,2,1000,static,2,7,7,-381.0370969240604,0.925799,0.68781,1.547589,1.366716,1.121756,2.022348,,3.843571,True
3,311,regular_holdout,22457,22096,22276,180,4,5000,static,1,13,13,-633.0683933911885,1.543674,1.315909,2.223611,1.713171,1.140234,2.388281,,13.725382,True
3,311,regular_holdout,22457,22096,22276,180,4,5000,temporal,2,2,2,-633.0683933911885,0.99874,0.825799,1.613138,1.278253,1.072781,1.936618,,13.725382,True
3,312,regular_holdout,19224,19005,19065,60,6,1000,temporal,1,3,3,226.38947876374252,1.572498,1.321488,2.244894,1.670075,1.457443,2.396583,,2.081527,True
3,312,regular_holdout,19224,19005,19065,60,6,1000,static,2,10,10,226.38947876374252,1.314037,1.079352,1.959983,1.384023,1.156839,2.194889,,2.081527,True
3,313,regular_holdout,20390,19420,20140,720,4,1000,static,1,38,38,-1026.5485914130654,0.900452,0.734761,1.447479,1.459677,1.105922,2.11687,,1.532978,True
3,313,regular_holdout,20390,19420,20140,720,4,1000,temporal,2,6,6,-1026.5485914130654,0.817676,0.675842,1.374989,2.184303,1.783867,2.913805,,1.532978,True
3,314,regular_holdout,24359,22602,24042,1440,2,200,temporal,1,5,5,-3.9461058008275813,1.109077,0.847542,1.753651,1.446977,1.075346,2.185715,,1.538606,True
3,314,regular_holdout,24359,22602,24042,1440,2,200,static,2,33,33,-3.9461058008275813,0.958048,0.766599,1.624616,2.586451,1.009706,3.837603,,1.538606,True
3,315,regular_holdout,22958,22428,22608,180,6,5000,static,1,21,21,-520.2941099977952,1.01172,0.862013,1.887294,1.304462,1.034945,2.184092,,0.847301,True
3,315,regular_holdout,22958,22428,22608,180,6,5000,temporal,2,8,8,-520.2941099977952,1.245152,1.026312,2.064811,1.252343,1.024719,2.095699,,0.847301,True
3,316,regular_holdout,16544,16379,16439,60,4,1000,temporal,1,2,2,157.7766033340541,0.955384,0.819429,1.62062,1.183139,1.030137,2.190371,,1.804057,True
3,316,regular_holdout,16544,16379,16439,60,4,1000,static,2,3,3,157.7766033340541,1.185072,0.974753,1.866221,1.361198,1.187827,2.092474,,1.804057,True
3,317,regular_holdout,28661,28123,28483,360,6,200,static,1,34,34,1914.0178060264045,1.07863,0.8465,1.676795,1.452576,1.122948,2.238765,,0.522139,True
3,317,regular_holdout,28661,28123,28483,360,6,200,temporal,2,9,9,1914.0178060264045,1.009276,0.795373,1.644636,1.399155,1.040863,2.170662,,0.522139,True
3,318,regular_holdout,20607,20252,20312,60,6,200,temporal,1,8,8,344.73107145730086,1.063478,0.891298,15.485553,1.818299,1.487388,2.59283,,2.346588,True
3,318,regular_holdout,20607,20252,20312,60,6,200,static,2,13,13,344.73107145730086,0.900141,0.754962,1.501841,1.498125,1.244171,2.246597,,2.346588,True
3,319,regular_holdout,22636,22283,22463,180,6,5000,static,1,15,15,-823.1969612447365,0.985941,0.827722,1.617135,1.360847,1.113033,2.104352,,2.442002,True
3,319,regular_holdout,22636,22283,22463,180,6,5000,temporal,2,4,4,-823.1969612447365,0.920411,0.776173,1.987204,1.309019,1.086753,2.105113,,2.442002,True
3,320,regular_holdout,20955,20705,20885,180,6,200,temporal,1,4,4,-762.6962195308547,1.522442,1.169939,2.113505,1.603504,1.340677,2.33536,,1.710316,True
3,320,regular_holdout,20955,20705,20885,180,6,200,static,2,17,17,-762.6962195308547,0.96584,0.777376,1.698938,1.460017,1.220445,2.282521,,1.710316,True
3,321,regular_holdout,19202,19018,19198,180,2,200,static,1,4,4,309.0420831786768,1.00515,0.857967,1.610566,2.972544,2.474451,3.823721,,1.934415,True
3,321,regular_holdout,19202,19018,19198,180,2,200,temporal,2,1,1,309.0420831786768,0.898508,0.744045,1.696826,1.582072,1.368178,2.293558,,1.934415,True
3,322,regular_holdout,26760,26695,26755,60,2,1000,temporal,1,2,2,7.735679968041314,0.956156,0.782663,1.727632,1.525576,1.340477,2.379248,,1.639639,True
3,322,regular_holdout,26760,26695,26755,60,2,1000,static,2,3,3,7.735679968041314,1.710917,1.418414,2.635715,1.801013,1.515422,3.904704,,1.639639,True
3,323,regular_holdout,20276,19806,20166,360,2,1000,static,1,8,8,16.319714656572287,1.099883,0.879009,1.924059,1.77303,1.436742,2.576866,,1.824759,True
3,323,regular_holdout,20276,19806,20166,360,2,1000,temporal,2,1,1,16.319714656572287,1.101065,0.87312,1.907154,1.479407,1.179474,2.439819,,1.824759,True
3,324,regular_holdout,19238,19171,19231,60,2,200,temporal,1,1,1,69.3433327083831,1.953033,1.615472,2.810819,2.067536,1.71978,3.074979,,2.99622,True
3,324,regular_holdout,19238,19171,19231,60,2,200,static,2,3,3,69.3433327083831,2.068708,1.738629,2.994428,11.566178,1.359755,12.596836,,2.99622,True
3,325,regular_holdout,21020,20602,20782,180,2,5000,static,1,5,5,49.67827295840449,1.512296,1.297572,2.356993,2.214948,1.835886,3.152426,,2.337554,True
3,325,regular_holdout,21020,20602,20782,180,2,5000,temporal,2,1,1,49.67827295840449,1.237861,1.042597,2.065804,1.807783,1.535201,2.728766,,2.337554,True
3,326,regular_holdout,23345,22569,23289,720,6,1000,temporal,1,11,11,2366.6110350637805,1.200204,0.983737,2.098913,2.466269,1.737697,3.491669,,2.999615,True
3,326,regular_holdout,23345,22569,23289,720,6,1000,static,2,54,54,2366.6110350637805,1.43514,1.158282,2.243833,2.252676,1.665538,3.258156,,2.999615,True
3,327,regular_holdout,27438,26433,27153,720,8,200,static,1,74,74,2027.7718233395124,1.128296,0.899369,1.94433,1.793391,1.271773,2.806653,,1.558447,True
3,327,regular_holdout,27438,26433,27153,720,8,200,temporal,2,13,13,2027.7718233395124,1.361849,1.041735,2.124953,1.991782,1.442291,2.946465,,1.558447,True
3,328,regular_holdout,25647,25378,25438,60,4,200,temporal,1,2,2,66.89844147311317,2.017731,1.657716,2.848396,1.668824,1.424233,2.355672,,2.052263,True
3,328,regular_holdout,25647,25378,25438,60,4,200,static,2,4,4,66.89844147311317,1.072372,0.871898,1.657987,1.355629,1.095476,2.104863,,2.052263,True
3,329,regular_holdout,22922,22035,22755,720,4,200,static,1,38,38,-1110.7453838761407,1.103098,0.89298,1.949417,2.272856,1.75247,3.263174,,2.050661,True
3,329,regular_holdout,22922,22035,22755,720,4,200,temporal,2,6,6,-1110.7453838761407,1.546889,1.298714,2.405948,1.627121,1.244952,2.58584,,2.050661,True
3,330,regular_holdout,17484,15850,17290,1440,6,1000,temporal,1,15,15,-172.00762600292836,1.571716,1.298493,2.459248,2.153786,1.491806,3.169723,,2.071522,True
3,330,regular_holdout,17484,15850,17290,1440,6,1000,static,2,114,114,-172.00762600292836,15.355927,1.660761,16.308938,2.716947,2.027526,3.816601,,2.071522,True
3,331,regular_holdout,18970,17513,18953,1440,4,1000,static,1,73,73,431.37582636568084,1.47509,1.208858,2.297494,1.89164,1.283,2.868317,,3.098485,True
3,331,regular_holdout,18970,17513,18953,1440,4,1000,temporal,2,11,11,431.37582636568084,1.399375,1.182588,2.155028,1.813812,1.217551,2.708685,,3.098485,True
3,332,regular_holdout,26695,26376,26556,180,4,5000,temporal,1,2,2,-657.6634764112234,1.710156,1.436251,2.521021,1.505727,1.181757,2.62569,,1.969848,True
3,332,regular_holdout,26695,26376,26556,180,4,5000,static,2,11,11,-657.6634764112234,1.862166,1.550474,2.776167,3.008389,2.547882,3.989352,,1.969848,True
3,333,regular_holdout,19785,19389,19749,360,6,200,static,1,31,31,-1598.8508932868933,1.458876,1.191221,2.20248,1.919712,1.528521,2.932073,,2.772041,True
3,333,regular_holdout,19785,19389,19749,360,6,200,temporal,2,9,9,-1598.8508932868933,1.483974,0.930897,2.227848,2.100205,1.688473,2.913075,,2.772041,True
3,334,regular_holdout,16275,16080,16140,60,4,200,temporal,1,2,2,121.54596539521503,1.031189,0.836245,1.910389,1.926372,1.622743,2.806433,,1.782375,True
3,334,regular_holdout,16275,16080,16140,60,4,200,static,2,3,3,121.54596539521503,0.924147,0.758757,1.755545,1.75976,1.532787,2.710427,,1.782375,True
3,335,regular_holdout,18777,17817,18537,720,4,5000,static,1,36,36,-1102.811373814009,1.444143,1.204381,2.209911,2.273246,1.724638,3.252858,,2.284794,True
3,335,regular_holdout,18777,17817,18537,720,4,5000,temporal,2,6,6,-1102.811373814009,1.215677,0.982486,2.045553,1.811048,1.452286,2.793013,,2.284794,True
3,336,regular_holdout,24126,23714,23894,180,2,5000,temporal,1,1,1,-196.84195529229743,2.13657,1.740141,3.37347,1.946182,1.576924,3.127769,,16.810416,True
3,336,regular_holdout,24126,23714,23894,180,2,5000,static,2,3,3,-196.84195529229743,1.185532,0.959141,2.079214,1.818489,1.316911,2.821055,,16.810416,True
3,337,regular_holdout,22925,22662,22842,180,6,1000,static,1,15,15,661.8718520639867,2.177081,1.833722,3.194279,2.457024,1.966754,3.602086,,5.692828,True
3,337,regular_holdout,22925,22662,22842,180,6,1000,temporal,2,3,3,661.8718520639867,1.492056,1.239985,2.531317,1.756205,1.406387,2.861797,,5.692828,True
3,338,regular_holdout,27806,27601,27661,60,4,200,temporal,1,2,2,-234.11131577144843,1.442321,1.168727,2.423374,4.104375,3.371307,5.223257,,2.395893,True
3,338,regular_holdout,27806,27601,27661,60,4,200,static,2,6,6,-234.11131577144843,1.633941,1.344923,2.550727,1.72637,1.365335,2.856128,,2.395893,True
3,339,regular_holdout,20014,18430,19870,1440,8,200,static,1,145,145,-357.19192248142565,14.769472,13.346519,15.72153,2.892744,1.941155,3.798974,,9.917524,True
3,339,regular_holdout,20014,18430,19870,1440,8,200,temporal,2,22,22,-357.1919224814201,1.374849,1.088085,2.155829,2.289051,1.505306,3.151895,,9.917524,True
3,340,regular_holdout,19193,18661,18841,180,2,5000,temporal,1,1,1,224.89262327878274,1.262228,1.028105,1.97093,2.090651,1.291864,2.838782,,0.732378,True
3,340,regular_holdout,19193,18661,18841,180,2,5000,static,2,6,6,224.89262327878274,0.940632,0.761942,1.52116,1.763777,1.196148,2.478206,,0.732378,True
3,341,regular_holdout,23913,22452,23892,1440,4,1000,static,1,72,72,-136.2720837968293,1.40825,1.087514,2.047536,2.101707,1.303821,2.778711,,2.53332,True
3,341,regular_holdout,23913,22452,23892,1440,4,1000,temporal,2,12,12,-136.27208379682781,0.954673,0.719257,1.821824,2.037941,1.38853,2.795186,,2.53332,True
3,342,regular_holdout,21352,20956,21136,180,2,1000,temporal,1,2,2,-364.5046432028928,1.02533,0.805698,1.649814,1.518926,1.287447,2.354209,,0.480266,True
3,342,regular_holdout,21352,20956,21136,180,2,1000,static,2,6,6,-364.5046432028928,0.904929,0.751086,1.536232,1.40901,1.140464,2.404585,,0.480266,True
3,343,regular_holdout,28406,27950,28130,180,4,5000,static,1,9,9,56.56309232370458,1.160515,0.909345,1.894404,1.769015,1.438275,2.664003,,0.689342,True
3,343,regular_holdout,28406,27950,28130,180,4,5000,temporal,2,2,2,56.56309232370458,1.209819,0.937447,2.134838,1.740782,1.387628,2.628314,,0.689342,True
3,344,regular_holdout,21073,20656,21016,360,4,1000,temporal,1,5,5,-1013.6746810702757,1.241267,1.027444,1.947335,1.785319,1.404323,2.506099,,1.176338,True
3,344,regular_holdout,21073,20656,21016,360,4,1000,static,2,22,22,-1013.6746810702757,1.155046,0.958018,1.827734,1.69296,1.293526,2.392226,,1.176338,True
3,345,regular_holdout,18918,17179,18619,1440,2,200,static,1,39,39,-16.42045063283694,1.245874,0.966361,2.1958,1.762324,1.233405,2.700413,,3.303721,True
3,345,regular_holdout,18918,17179,18619,1440,2,200,temporal,2,5,5,-16.42045063283694,1.27604,1.023257,2.117261,1.917939,1.4418,2.589915,,3.303721,True
3,346,regular_holdout,16527,16156,16336,180,2,200,temporal,1,1,1,331.2683632214284,1.17062,0.990237,1.74617,1.49468,1.228017,2.147637,,1.751238,True
3,346,regular_holdout,16527,16156,16336,180,2,200,static,2,7,7,331.2683632214284,1.055166,0.893401,1.649384,1.508842,1.242429,2.346438,,1.751238,True
3,347,regular_holdout,18255,17610,17970,360,4,1000,static,1,18,18,757.0377907945435,0.991549,0.801081,2.033013,1.342009,1.025841,2.223622,,8.225046,True
3,347,regular_holdout,18255,17610,17970,360,4,1000,temporal,2,2,2,757.0377907945435,0.930167,0.775413,1.684797,1.353236,1.089147,2.277343,,8.225046,True
3,348,regular_holdout,27647,26828,27548,720,6,1000,temporal,1,10,10,1451.0997710959605,1.805109,1.427919,2.709917,2.311405,1.671166,3.387352,,1.736195,True
3,348,regular_holdout,27647,26828,27548,720,6,1000,static,2,61,61,1451.0997710959605,1.95736,1.508721,2.783118,2.348451,1.720772,3.371427,,1.736195,True
3,349,regular_holdout,19427,19014,19074,60,6,5000,static,1,9,9,289.2641781984157,1.316911,1.09758,2.220577,1.505516,1.222528,2.747133,,2.704529,True
3,349,regular_holdout,19427,19014,19074,60,6,5000,temporal,2,4,4,289.2641781984157,1.09112,0.796404,1.876207,1.622964,1.374689,2.524086,,2.704529,True
3,350,regular_holdout,22361,22255,22315,60,6,5000,temporal,1,3,3,-408.9610391971836,1.367978,1.162888,2.198013,1.773992,1.423081,2.838501,,3.437677,True
3,350,regular_holdout,22361,22255,22315,60,6,5000,static,2,7,7,-408.9610391971836,0.882184,0.729954,1.671988,1.414579,1.21012,2.324054,,3.437677,True
3,351,regular_holdout,27821,27476,27536,60,6,1000,static,1,16,16,-207.14541143895448,1.081405,0.796204,1.743897,1.87865,1.654091,2.839543,,1.914003,True
3,351,regular_holdout,27821,27476,27536,60,6,1000,temporal,2,9,9,-207.14541143895448,0.876826,0.718546,1.493478,1.44211,1.165142,2.302571,,1.914003,True
3,352,regular_holdout,16533,15861,16221,360,4,1000,temporal,1,6,6,164.03333173933729,0.875273,0.696513,1.475131,1.427969,1.067314,2.294979,,1.639309,True
3,352,regular_holdout,16533,15861,16221,360,4,1000,static,2,21,21,164.03333173933729,0.85989,0.719287,1.495792,1.538335,1.295929,2.554191,,1.639309,True
3,353,regular_holdout,16540,16207,16387,180,4,200,static,1,11,11,604.4073302700198,0.943507,0.804737,1.593219,1.339095,1.130679,2.014886,,2.108408,True
3,353,regular_holdout,16540,16207,16387,180,4,200,temporal,2,2,2,604.4073302700198,0.84686,0.716614,2.497396,1.27709,1.079672,9.683571,,2.108408,True
3,354,regular_holdout,22729,22443,22623,180,8,200,temporal,1,11,11,-564.5013476600003,1.186945,0.983747,2.322732,1.337462,1.052952,2.594133,,7.823819,True
3,354,regular_holdout,22729,22443,22623,180,8,200,static,2,29,29,-564.5013476600003,1.160314,0.960483,2.173186,1.447148,1.163829,2.889349,,7.823819,True
3,355,regular_holdout,21534,20042,21482,1440,6,200,static,1,115,115,139.9721515039063,1.330201,1.079812,2.710898,1.884399,1.194726,3.096502,,2.234498,True
3,355,regular_holdout,21534,20042,21482,1440,6,200,temporal,2,16,16,139.9721515039063,0.894373,0.699157,2.239266,1.679039,1.092321,2.711449,,2.234498,True
3,356,regular_holdout,24165,23714,24074,360,4,200,temporal,1,6,6,-22.22273491848426,1.138731,0.951388,1.996228,1.264702,0.97877,2.108177,,2.066945,True
3,356,regular_holdout,24165,23714,24074,360,4,200,static,2,22,22,-22.22273491848426,0.96541,0.751506,1.60736,1.511886,1.131972,2.330463,,2.066945,True
3,357,regular_holdout,21456,19742,21182,1440,8,200,static,1,146,146,-558.8607278416093,1.135817,0.873641,2.433199,1.864299,1.24337,2.669957,,2.356052,True
3,357,regular_holdout,21456,19742,21182,1440,8,200,temporal,2,21,21,-558.8607278416102,1.258803,0.778687,2.01727,1.790678,1.173434,2.590687,,2.356052,True
3,358,regular_holdout,23226,22410,23130,720,6,1000,temporal,1,9,9,1311.6555874796795,1.204301,0.921483,1.836556,1.804578,1.201867,2.745291,,1.803556,True
3,358,regular_holdout,23226,22410,23130,720,6,1000,static,2,53,53,1311.6555874796795,0.908463,0.717966,1.572277,1.656204,1.116108,2.446559,,1.803556,True
3,359,regular_holdout,16974,16865,16925,60,4,200,static,1,7,7,-236.73182484463473,1.173314,1.027243,1.79257,1.216069,1.028404,1.985963,,1.815825,True
3,359,regular_holdout,16974,16865,16925,60,4,200,temporal,2,2,2,-236.73182484463473,0.825308,0.704936,1.399125,1.24357,1.074374,2.050991,,1.815825,True
3,360,maintenance_burst,32957,32014,32734,720,4,10000,temporal,1,7,7,1689.0762392403524,2.03659,1.794303,3.19431,2.38753,1.733692,3.77035,,16.548524,True
3,360,maintenance_burst,32957,32014,32734,720,4,10000,static,2,39,39,1689.0762392403524,0.928243,0.713478,1.758559,2.14337,1.590685,3.127549,,16.548524,True
3,361,maintenance_burst,32167,31742,31922,180,4,5000,static,1,46,46,-483.41980656806226,1.360497,1.086923,2.254589,2.11653,1.717066,3.213779,,4.16684,True
3,361,maintenance_burst,32167,31742,31922,180,4,5000,temporal,2,10,10,-483.41980656806226,0.924748,0.705386,1.761924,1.386967,1.062266,2.377274,,4.16684,True
3,362,maintenance_burst,34469,33481,34201,720,4,10000,temporal,1,6,6,1430.340421458798,1.41567,1.133944,2.35454,1.707752,1.325755,2.690508,,1.185423,True
3,362,maintenance_burst,34469,33481,34201,720,4,10000,static,2,35,35,1430.340421458798,1.178592,0.759448,1.989878,1.412575,1.094766,2.32104,,1.185423,True
3,363,maintenance_burst,35317,34873,35053,180,4,1000,static,1,10,10,736.9169585474874,1.492426,1.18396,2.491007,2.145063,1.7125,3.425649,,4.794519,True
3,363,maintenance_burst,35317,34873,35053,180,4,1000,temporal,2,2,2,736.9169585474874,0.97844,0.76077,1.802004,1.487649,1.231893,2.487811,,4.794519,True
3,364,maintenance_burst,31201,30782,30962,180,4,10000,temporal,1,2,2,467.7679934762834,1.949578,1.642133,3.054688,1.546138,1.246254,2.942709,,32.29676,True
3,364,maintenance_burst,31201,30782,30962,180,4,10000,static,2,12,12,467.7679934762834,0.913341,0.756534,1.705138,9.296712,8.673559,10.675911,,32.29676,True
3,365,maintenance_burst,33062,31606,33046,1440,4,5000,static,1,105,105,-370.65829520772337,1.932151,1.371784,3.258616,2.61217,1.750877,3.592882,,3.608125,True
3,365,maintenance_burst,33062,31606,33046,1440,4,5000,temporal,2,15,15,-370.65829520772337,1.795635,1.36285,2.975033,2.118583,1.259114,3.005664,,3.608125,True
3,366,maintenance_burst,30580,30026,30386,360,2,5000,temporal,1,3,3,-393.2209038279113,1.54113,1.252383,2.509514,2.015207,1.665969,3.099707,,3.633955,True
3,366,maintenance_burst,30580,30026,30386,360,2,5000,static,2,13,13,-393.2209038279113,1.69326,1.360166,2.417085,1.541731,1.235769,2.360919,,3.633955,True
3,367,maintenance_burst,32567,31082,32522,1440,4,5000,static,1,102,102,370.70135666771404,1.419577,1.034284,2.297834,1.920353,1.048656,2.786904,,9.712525,True
3,367,maintenance_burst,32567,31082,32522,1440,4,5000,temporal,2,12,12,370.70135666771404,1.544425,1.206635,2.540902,3.352568,2.432838,4.302465,,9.712525,True
3,368,maintenance_burst,32246,31764,32124,360,6,10000,temporal,1,14,14,-133.5153126800367,2.28836,1.818118,3.304376,2.439929,1.931611,3.511078,,3.547453,True
3,368,maintenance_burst,32246,31764,32124,360,6,10000,static,2,78,78,-133.5153126800367,1.738068,1.350222,3.068269,2.208659,1.783306,3.126688,,3.547453,True
3,369,maintenance_burst,33142,32120,32840,720,4,10000,static,1,37,37,711.2650577270223,1.709484,1.288358,2.361851,2.400189,1.831159,3.213799,,5.301124,True
3,369,maintenance_burst,33142,32120,32840,720,4,10000,temporal,2,6,6,711.2650577270223,1.164811,0.881783,2.035438,1.752589,1.268678,2.422403,,5.301124,True
3,370,maintenance_burst,31749,29997,31437,1440,4,1000,temporal,1,10,10,-46.81101615141051,1.973894,1.585948,3.018624,2.45988,1.714953,3.197585,,3.817792,True
3,370,maintenance_burst,31749,29997,31437,1440,4,1000,static,2,73,73,-46.81101615141051,1.473688,1.073082,2.206446,2.679922,1.490254,3.41985,,3.817792,True
3,371,maintenance_burst,31786,30061,31501,1440,4,5000,static,1,73,73,-307.50604641611443,1.404694,1.089297,2.147848,1.931049,1.234817,2.669096,,4.209915,True
3,371,maintenance_burst,31786,30061,31501,1440,4,5000,temporal,2,10,10,-307.50604641611443,1.466357,1.196519,2.230813,2.026844,1.383031,2.795095,,4.209915,True
3,372,maintenance_burst,32461,31949,32129,180,2,5000,temporal,1,1,1,-31.59766244735504,1.311463,0.963627,1.909286,1.576423,1.283711,20.449738,,3.651,True
3,372,maintenance_burst,32461,31949,32129,180,2,5000,static,2,6,6,-31.59766244735504,1.170229,0.949586,1.857869,1.577886,1.220665,2.61958,,3.651,True
3,373,maintenance_burst,34024,33313,33673,360,2,10000,static,1,10,10,189.65925636292798,1.388088,1.030187,2.059474,2.827695,2.123861,3.580974,,4.903463,True
3,373,maintenance_burst,34024,33313,33673,360,2,10000,temporal,2,2,2,189.65925636292798,1.31622,1.019852,1.959953,1.670667,1.270921,2.629275,,4.903463,True
3,374,maintenance_burst,33675,33208,33388,180,6,1000,temporal,1,10,10,283.044812379643,1.63396,1.310171,2.252605,2.247348,1.820192,3.01586,,4.641187,True
3,374,maintenance_burst,33675,33208,33388,180,6,1000,static,2,20,20,283.044812379643,1.269289,0.987923,1.9051,1.810658,1.406717,2.599701,,4.641187,True
3,375,maintenance_burst,33464,31773,33213,1440,2,5000,static,1,57,57,-173.66491765520584,1.609354,1.233686,2.449162,2.111282,1.630545,2.89048,,3.827286,True
3,375,maintenance_burst,33464,31773,33213,1440,2,5000,temporal,2,10,10,-173.66491765520584,1.199994,0.893521,1.784178,2.021967,1.416722,2.767254,,3.827286,True
3,376,maintenance_burst,32872,31084,32524,1440,4,1000,temporal,1,12,12,367.8098632243574,1.676204,1.358334,2.482072,2.101156,1.279604,2.834335,,3.298477,True
3,376,maintenance_burst,32872,31084,32524,1440,4,1000,static,2,101,101,367.8098632243574,1.353937,0.983156,2.101847,1.934635,1.119222,2.709807,,3.298477,True
3,377,maintenance_burst,35153,34798,34978,180,2,5000,static,1,6,6,183.11216168017353,1.446027,1.106282,2.112163,22.604888,1.768884,23.782287,,4.839257,True
3,377,maintenance_burst,35153,34798,34978,180,2,5000,temporal,2,1,1,183.11216168017353,2.247208,1.796846,3.547353,2.828726,2.331765,3.888139,,4.839257,True
3,378,maintenance_burst,33613,33044,33404,360,2,5000,temporal,1,3,3,-241.90653102193303,1.62021,1.337131,2.489994,2.345636,1.608993,3.383075,,4.852327,True
3,378,maintenance_burst,33613,33044,33404,360,2,5000,static,2,12,12,-241.90653102193303,1.975887,1.643595,2.851271,1.947715,1.307998,2.943861,,4.852327,True
3,379,maintenance_burst,34255,33849,34029,180,2,10000,static,1,7,7,176.1399244106881,1.56103,1.253405,2.54008,2.304404,1.837889,3.504989,,5.909565,True
3,379,maintenance_burst,34255,33849,34029,180,2,10000,temporal,2,3,3,176.1399244106881,1.25663,1.030057,2.153797,2.64602,2.122739,3.57826,,5.909565,True
3,380,maintenance_burst,30361,29321,30041,720,2,10000,temporal,1,3,3,714.69494658319,1.26289,0.983106,2.131964,2.446169,1.971321,3.724041,,4.628558,True
3,380,maintenance_burst,30361,29321,30041,720,2,10000,static,2,21,21,714.69494658319,1.590905,1.297291,2.42786,2.040905,1.602032,3.200549,,4.628558,True
3,381,maintenance_burst,34978,33447,34887,1440,6,5000,static,1,115,115,217.81690726594474,17.082398,1.128776,17.989469,7.683506,2.224262,8.978615,,4.90119,True
3,381,maintenance_burst,34978,33447,34887,1440,6,5000,temporal,2,16,16,217.81690726594474,1.902437,1.4424,3.396967,2.392357,1.617175,3.377887,,4.90119,True
3,382,maintenance_burst,30500,30075,30435,360,2,1000,temporal,1,3,3,-539.0305077770051,1.281007,1.067794,2.050751,2.913205,2.157392,3.840507,,4.919208,True
3,382,maintenance_burst,30500,30075,30435,360,2,1000,static,2,11,11,-539.0305077770051,0.832678,0.634209,1.615492,1.535632,1.216159,2.361851,,4.919208,True
3,383,maintenance_burst,33334,32943,33303,360,2,1000,static,1,13,13,-568.5175023538451,1.03205,0.834853,1.812281,1.378915,1.101305,2.499499,,5.622501,True
3,383,maintenance_burst,33334,32943,33303,360,2,1000,temporal,2,3,3,-568.5175023538451,0.859039,0.66816,1.619258,1.40238,1.154916,2.310243,,5.622501,True
3,384,maintenance_burst,30619,30189,30369,180,8,5000,temporal,1,4,4,-1312.5380532630525,1.101586,0.916305,1.912692,2.092364,1.660991,3.039506,,4.805555,True
3,384,maintenance_burst,30619,30189,30369,180,8,5000,static,2,16,16,-1312.5380532630525,1.565757,1.292414,2.163842,1.420457,1.130119,2.212936,,4.805555,True
3,385,maintenance_burst,33508,32989,33349,360,4,10000,static,1,23,23,-1052.6264873913049,1.353226,1.082046,1.983699,19.236835,1.141796,20.539554,,4.896614,True
3,385,maintenance_burst,33508,32989,33349,360,4,10000,temporal,2,6,6,-1052.6264873913049,1.658838,1.348288,2.718054,1.951691,1.588552,3.086367,,4.896614,True
3,386,maintenance_burst,30392,29698,30058,360,2,10000,temporal,1,1,1,428.8788534823428,1.273936,0.9785,1.991431,1.648302,1.352775,2.470264,,3.899976,True
3,386,maintenance_burst,30392,29698,30058,360,2,10000,static,2,7,7,428.8788534823428,1.780823,1.39522,2.523626,2.020846,1.469372,2.729617,,3.899976,True
3,387,maintenance_burst,35037,34796,34856,60,2,1000,static,1,3,3,95.91188555687758,1.334848,1.047764,2.018662,2.126725,1.73237,2.822627,,4.708549,True
3,387,maintenance_burst,35037,34796,34856,60,2,1000,temporal,2,1,1,95.91188555687758,0.900993,0.723914,1.542382,1.607351,1.317152,2.368872,,4.708549,True
3,388,maintenance_burst,34308,34078,34138,60,4,5000,temporal,1,2,2,-36.03989312541981,2.940155,2.430485,3.603348,2.529555,2.193306,3.252538,,3.964533,True
3,388,maintenance_burst,34308,34078,34138,60,4,5000,static,2,3,3,-36.03989312541981,1.586589,1.306706,2.932103,2.186326,1.689985,3.73035,,3.964533,True
3,389,maintenance_burst,32411,32125,32185,60,4,5000,static,1,5,5,60.59573435526834,1.374047,1.099472,2.017661,1.991531,1.666099,2.695626,,4.068792,True
3,389,maintenance_burst,32411,32125,32185,60,4,5000,temporal,2,2,2,60.59573435526834,1.574411,1.284953,2.25528,1.472947,1.236219,2.191894,,4.068792,True
3,390,maintenance_burst,34194,34003,34183,180,2,5000,temporal,1,1,1,-42.002690118516355,1.913012,1.612949,2.762527,2.080626,1.669594,2.997401,,21.914593,True
3,390,maintenance_burst,34194,34003,34183,180,2,5000,static,2,4,4,-42.002690118516355,1.260756,1.032391,1.860442,2.042869,1.669844,2.727044,,21.914593,True
3,391,maintenance_burst,33430,32696,33416,720,4,5000,static,1,36,36,-1707.1641794786356,1.603113,1.346776,2.647552,2.765521,2.005512,3.607434,,4.55668,True
3,391,maintenance_burst,33430,32696,33416,720,4,5000,temporal,2,6,6,-1707.1641794786356,1.258002,1.020273,1.866963,1.975637,1.332875,2.644369,,4.55668,True
3,392,maintenance_burst,31181,29523,30963,1440,4,5000,temporal,1,12,12,404.86507466658236,1.765519,1.392365,2.438196,2.033695,1.477113,2.745291,,4.075051,True
3,392,maintenance_burst,31181,29523,30963,1440,4,5000,static,2,75,75,404.86507466658236,1.693571,1.246595,2.421702,1.782134,1.133233,2.496474,,4.075051,True
3,393,maintenance_burst,30350,29332,30052,720,2,5000,static,1,18,18,752.1485472730814,1.066862,0.853371,1.657376,2.299958,1.702194,2.98274,,4.373231,True
3,393,maintenance_burst,30350,29332,30052,720,2,5000,temporal,2,4,4,752.1485472730814,0.943316,0.751546,1.502282,1.847673,1.276109,2.544927,,4.373231,True
3,394,maintenance_burst,33594,33344,33404,60,4,5000,temporal,1,2,2,-1.3953503119352852,1.718728,1.426166,2.589866,2.0375,1.674972,3.014738,,3.919746,True
3,394,maintenance_burst,33594,33344,33404,60,4,5000,static,2,3,3,-1.3953503119352852,21.960262,21.603672,22.968155,1.672409,1.420408,2.799002,,3.919746,True
3,395,maintenance_burst,32319,32073,32133,60,4,5000,static,1,5,5,95.3528584341154,1.529152,1.227426,2.17564,1.849937,1.503814,2.508032,,3.357817,True
3,395,maintenance_burst,32319,32073,32133,60,4,5000,temporal,2,2,2,95.3528584341154,1.324573,1.116078,1.919933,1.526768,1.26288,2.266617,,3.357817,True
3,396,maintenance_burst,31179,30651,30831,180,4,5000,temporal,1,2,2,288.7035754610266,1.068646,0.855664,1.685468,1.98438,1.680651,3.024072,,4.290577,True
3,396,maintenance_burst,31179,30651,30831,180,4,5000,static,2,8,8,288.7035754610266,0.886511,0.676883,1.446397,1.4087,1.12479,2.190582,,4.290577,True
3,397,maintenance_burst,34177,34029,34089,60,2,1000,static,1,3,3,-6.239131612241518,1.396662,1.142888,2.025653,1.504765,1.284502,2.195319,,3.733495,True
3,397,maintenance_burst,34177,34029,34089,60,2,1000,temporal,2,1,1,-6.239131612241518,1.172923,0.948214,1.787021,1.311583,1.075947,1.9842,,3.733495,True
3,398,maintenance_burst,32383,30910,32350,1440,6,10000,temporal,1,24,24,592.2404857440446,1.610334,0.882324,2.251484,2.310614,1.669104,3.0884,,3.219377,True
3,398,maintenance_burst,32383,30910,32350,1440,6,10000,static,2,160,160,592.2404857440446,1.288158,0.770986,1.965191,5.368947,1.698448,6.097969,,3.219377,True
3,399,maintenance_burst,35034,34484,34844,360,4,10000,static,1,20,20,228.13951385404462,23.561113,1.133905,24.302874,2.958404,2.202911,3.774497,,4.310378,True
3,399,maintenance_burst,35034,34484,34844,360,4,10000,temporal,2,6,6,228.13951385404462,2.622535,2.283533,3.853776,2.253577,1.761133,3.482275,,4.310378,True
3,400,maintenance_burst,30294,28687,30127,1440,4,1000,temporal,1,14,14,-193.57598688101112,1.822676,1.476042,3.004472,2.01753,1.312474,3.013616,,5.613878,True
3,400,maintenance_burst,30294,28687,30127,1440,4,1000,static,2,107,107,-193.57598688101112,1.833712,1.423132,2.676457,2.750509,1.149007,3.706334,,5.613878,True
3,401,maintenance_burst,31639,29885,31325,1440,4,1000,static,1,71,71,35.33900773938484,2.45383,1.807793,3.294641,5.703984,1.444975,6.640991,,4.80875,True
3,401,maintenance_burst,31639,29885,31325,1440,4,1000,temporal,2,10,10,35.33900773938484,1.57393,1.059242,2.402202,2.97592,2.091432,3.945566,,4.80875,True
3,402,maintenance_burst,32906,32518,32698,180,4,1000,temporal,1,6,6,78.5843970664495,1.486778,1.227386,2.141879,1.462651,1.129267,2.583406,,3.332499,True
3,402,maintenance_burst,32906,32518,32698,180,4,1000,static,2,15,15,78.5843970664495,1.143489,0.929105,1.976549,2.167828,1.559127,3.180909,,3.332499,True
3,403,maintenance_burst,31824,31396,31756,360,4,5000,static,1,18,18,-915.1473211958294,1.781884,1.445034,2.629736,2.186696,1.761353,3.049971,,3.854968,True
3,403,maintenance_burst,31824,31396,31756,360,4,5000,temporal,2,3,3,-915.1473211958294,1.459036,1.111671,19.170635,2.311415,1.869076,3.522687,,3.854968,True
3,404,maintenance_burst,32314,32131,32191,60,2,10000,temporal,1,1,1,26.462039056334667,1.519618,1.218863,2.240978,2.183601,1.789014,2.87669,,3.953307,True
3,404,maintenance_burst,32314,32131,32191,60,2,10000,static,2,3,3,26.462039056334667,1.381178,1.196589,2.055928,1.462952,1.178312,2.496925,,3.953307,True
3,405,maintenance_burst,33186,31510,32950,1440,4,5000,static,1,104,104,-335.72644057484877,1.555952,1.136969,2.406549,1.882846,1.077319,2.760714,,4.799727,True
3,405,maintenance_burst,33186,31510,32950,1440,4,5000,temporal,2,13,13,-335.72644057484877,1.774263,1.407848,2.376503,1.818549,1.046312,2.523185,,4.799727,True
3,406,maintenance_burst,34080,33603,33963,360,6,10000,temporal,1,7,7,1758.9212622043888,1.758319,1.466007,2.500962,2.178233,1.520449,3.004302,,5.035984,True
3,406,maintenance_burst,34080,33603,33963,360,6,10000,static,2,34,34,1758.9212622043888,1.193144,0.970777,1.816116,2.005282,1.553599,2.700272,,5.035984,True
3,407,maintenance_burst,31877,30180,31620,1440,6,10000,static,1,111,111,-609.7650529918119,1.876417,1.158842,2.496074,5.141904,1.789746,5.886459,,4.118086,True
3,407,maintenance_burst,31877,30180,31620,1440,6,10000,temporal,2,15,15,-609.7650529918119,1.636944,1.314417,2.318986,2.20906,1.327557,3.057443,,4.118086,True
3,408,maintenance_burst,32166,31823,31883,60,2,1000,temporal,1,1,1,-114.07036229079056,1.920704,1.548271,2.590757,1.966613,1.628883,2.663237,,3.754135,True
3,408,maintenance_burst,32166,31823,31883,60,2,1000,static,2,14,14,-114.07036229079056,1.112211,0.887532,1.749495,1.998602,1.690526,2.661344,,3.754135,True
3,409,maintenance_burst,35777,34900,35620,720,4,5000,static,1,37,37,734.687225001065,1.658147,1.344392,2.404826,2.031562,1.306926,2.961567,,4.389216,True
3,409,maintenance_burst,35777,34900,35620,720,4,5000,temporal,2,7,7,734.687225001065,0.993402,0.769763,1.607039,1.34291,0.983317,2.286197,,4.389216,True
3,410,maintenance_burst,35949,35152,35872,720,4,5000,temporal,1,6,6,-1184.6991312563478,1.163328,0.934633,1.851289,2.120125,1.648292,2.976239,,3.817892,True
3,410,maintenance_burst,35949,35152,35872,720,4,5000,static,2,37,37,-1184.6991312563478,1.101725,0.868984,1.685528,1.778419,1.318263,2.537647,,3.817892,True
3,411,maintenance_burst,35803,35315,35495,180,6,10000,static,1,23,23,-564.007360027848,1.259554,0.943126,2.017591,2.18907,1.803707,3.681075,,4.955322,True
3,411,maintenance_burst,35803,35315,35495,180,6,10000,temporal,2,9,9,-564.007360027848,0.908253,0.728422,1.542473,1.543985,1.23057,2.258234,,4.955322,True
3,412,maintenance_burst,35157,34668,34848,180,4,10000,temporal,1,6,6,355.7116583854702,1.889637,1.576494,2.867335,1.473838,1.165712,2.440159,,3.604569,True
3,412,maintenance_burst,35157,34668,34848,180,4,10000,static,2,14,14,355.7116583854702,0.969216,0.789223,1.601081,2.106995,1.743926,20.976054,,3.604569,True
3,413,maintenance_burst,34203,33793,33973,180,4,10000,static,1,8,8,216.91662877031055,1.439987,1.20382,2.329252,1.984661,1.553869,2.755977,,4.873899,True
3,413,maintenance_burst,34203,33793,33973,180,4,10000,temporal,2,2,2,216.91662877031055,0.913521,0.717936,1.54093,1.622764,1.292253,2.28153,,4.873899,True
3,414,maintenance_burst,35603,35169,35349,180,8,10000,temporal,1,4,4,451.022962431334,1.678368,1.436883,2.559019,1.583194,1.278994,2.655495,,4.524691,True
3,414,maintenance_burst,35603,35169,35349,180,8,10000,static,2,15,15,451.022962431334,1.672599,1.421549,2.34769,1.714932,1.361558,2.707723,,4.524691,True
3,415,maintenance_burst,34915,33182,34622,1440,2,10000,static,1,41,41,-243.73402891241375,1.994405,1.28972,2.667574,1.814554,1.090629,2.515794,,4.426443,True
3,415,maintenance_burst,34915,33182,34622,1440,2,10000,temporal,2,7,7,-243.73402891241375,1.661782,1.293265,2.729667,1.85171,1.132563,2.539138,,4.426443,True
3,416,maintenance_burst,35231,34724,34904,180,2,1000,temporal,1,1,1,79.8824698584281,1.528561,1.196008,2.318736,1.42898,1.091711,2.349692,,4.262765,True
3,416,maintenance_burst,35231,34724,34904,180,2,1000,static,2,4,4,79.8824698584281,1.226254,0.95306,1.831909,1.442871,1.214837,2.132854,,4.262765,True
3,417,maintenance_burst,33872,33471,33531,60,2,1000,static,1,1,1,136.82997500115317,21.883856,0.928564,22.582763,1.632087,1.312665,2.395351,,3.647375,True
3,417,maintenance_burst,33872,33471,33531,60,2,1000,temporal,2,1,1,136.82997500115317,1.711227,1.374328,2.330654,2.496254,1.947344,3.246648,,3.647375,True
3,418,maintenance_burst,30494,29760,30480,720,6,1000,temporal,1,10,10,-2063.9220323477507,1.303351,1.038009,1.942187,1.789856,1.100594,2.756638,,3.878414,True
3,418,maintenance_burst,30494,29760,30480,720,6,1000,static,2,58,58,-2063.9220323477507,1.080033,0.880231,1.71294,1.862065,1.206824,2.631468,,3.878414,True
3,419,maintenance_burst,34736,34240,34600,360,2,10000,static,1,9,9,-675.5594419970531,2.052303,1.777687,3.184434,2.014015,1.625698,3.405949,,6.216239,True
3,419,maintenance_burst,34736,34240,34600,360,2,10000,temporal,2,1,1,-675.5594419970531,0.887782,0.67414,1.709274,1.517174,0.92591,2.488312,,6.216239,True
3,420,maintenance_burst,35264,33593,35033,1440,4,5000,temporal,1,11,11,371.08498626568417,1.062206,0.811347,2.509484,2.91006,2.173617,3.954529,,5.275927,True
3,420,maintenance_burst,35264,33593,35033,1440,4,5000,static,2,74,74,371.08498626568417,0.93938,0.688591,1.92461,2.014275,1.497224,2.955909,,5.275927,True
3,421,maintenance_burst,31247,30878,31058,180,4,1000,static,1,7,7,604.878559228711,1.723556,1.38884,2.621193,2.187457,1.763136,20.248745,,4.147941,True
3,421,maintenance_burst,31247,30878,31058,180,4,1000,temporal,2,2,2,604.878559228711,1.333746,1.018469,2.307749,1.498996,1.206665,2.86369,,4.147941,True
3,422,maintenance_burst,35626,35277,35337,60,6,1000,temporal,1,3,3,46.31922395663773,1.222899,1.002004,2.162209,2.297013,1.876838,3.230304,,4.541035,True
3,422,maintenance_burst,35626,35277,35337,60,6,1000,static,2,7,7,46.31922395663773,0.907963,0.651575,1.68686,1.709144,1.359916,2.68504,,4.541035,True
3,423,maintenance_burst,35052,34986,35046,60,2,1000,static,1,3,3,141.68183158070505,1.264562,1.025871,2.128839,1.461861,1.171451,2.427871,,4.115763,True
3,423,maintenance_burst,35052,34986,35046,60,2,1000,temporal,2,2,2,141.68183158070505,0.816635,0.596362,1.404744,1.083107,0.906241,1.710806,,4.115763,True
3,424,maintenance_burst,32222,31734,32094,360,6,1000,temporal,1,17,17,-1083.426018299047,2.562684,2.26165,3.295202,1.710415,1.353095,2.866144,,2.919574,True
3,424,maintenance_burst,32222,31734,32094,360,6,1000,static,2,83,83,-1083.426018299047,1.066653,0.821422,1.732689,1.493408,1.105642,2.21572,,2.919574,True
3,425,maintenance_burst,32118,30589,32029,1440,4,5000,static,1,103,103,-21.52075540588976,1.607911,1.233885,2.535073,1.737136,1.129999,2.479659,,4.830513,True
3,425,maintenance_burst,32118,30589,32029,1440,4,5000,temporal,2,14,14,-21.52075540588976,1.585447,1.287297,2.290684,1.622093,1.121265,2.317224,,4.830513,True
3,426,maintenance_burst,32534,30995,32435,1440,4,1000,temporal,1,13,13,442.5196194390074,1.048005,0.804757,1.616013,1.551706,1.095446,2.249551,,3.898083,True
3,426,maintenance_burst,32534,30995,32435,1440,4,1000,static,2,104,104,442.5196194390074,1.974585,1.350933,2.585188,1.804478,1.147885,2.506309,,3.898083,True
3,427,maintenance_burst,34680,34253,34613,360,4,10000,static,1,18,18,-973.9165334184305,1.535572,1.279274,2.198985,2.571308,1.922307,3.271817,,5.04043,True
3,427,maintenance_burst,34680,34253,34613,360,4,10000,temporal,2,2,2,-973.9165334184305,1.151762,0.937027,1.71342,1.384272,1.10398,2.035948,,5.04043,True
3,428,maintenance_burst,32724,30929,32369,1440,4,10000,temporal,1,15,15,412.159025418722,1.186534,0.857827,1.781093,3.469235,2.261018,4.306971,,4.481997,True
3,428,maintenance_burst,32724,30929,32369,1440,4,10000,static,2,104,104,412.159025418722,1.1638,0.845478,2.041517,3.044403,1.870848,3.768948,,4.481997,True
3,429,maintenance_burst,30601,28831,30271,1440,2,5000,static,1,51,51,-199.05191806448315,1.542793,1.170259,2.538458,1.987025,1.491555,2.781535,,4.158938,True
3,429,maintenance_burst,30601,28831,30271,1440,2,5000,temporal,2,8,8,-199.05191806448315,1.689404,1.328399,2.471337,1.801934,1.268398,2.509625,,4.158938,True
3,430,maintenance_burst,33085,32117,32837,720,2,5000,temporal,1,3,3,513.1049355399012,1.835094,1.440397,2.567131,1.799411,1.363983,2.621714,,0.876415,True
3,430,maintenance_burst,33085,32117,32837,720,2,5000,static,2,21,21,513.1049355399012,1.374809,1.147985,2.040535,1.681392,1.299295,2.518508,,0.876415,True
3,431,maintenance_burst,33517,32906,33266,360,4,10000,static,1,20,20,-1065.670276482345,1.396902,1.082536,2.080435,1.601671,1.037569,2.319166,,5.391622,True
3,431,maintenance_burst,33517,32906,33266,360,4,10000,temporal,2,3,3,-1065.670276482345,1.6006,1.265573,19.656269,1.672268,1.297281,2.540271,,5.391622,True
3,432,maintenance_burst,31584,31139,31499,360,2,1000,temporal,1,1,1,99.35272605400338,1.079893,0.848082,1.692248,2.206446,1.599668,2.917191,,5.164508,True
3,432,maintenance_burst,31584,31139,31499,360,2,1000,static,2,9,9,99.35272605400338,2.201779,1.511756,2.849338,1.390512,1.082968,2.081677,,5.164508,True
3,433,maintenance_burst,30445,29985,30165,180,2,5000,static,1,3,3,-171.83746039037672,1.318654,1.110969,2.021636,1.209248,0.953452,2.246947,,3.744131,True
3,433,maintenance_burst,30445,29985,30165,180,2,5000,temporal,2,1,1,-171.83746039037672,19.572742,0.731756,20.401064,2.91746,2.327689,4.267973,,3.744131,True
3,434,maintenance_burst,33323,31869,33309,1440,6,1000,temporal,1,18,18,-313.8095051651662,1.879411,1.407788,2.987737,2.596165,1.549713,4.635067,,5.855373,True
3,434,maintenance_burst,33323,31869,33309,1440,6,1000,static,2,116,116,-313.8095051651662,2.937411,2.479639,3.708156,5.384651,1.822536,6.224691,,5.855373,True
3,435,maintenance_burst,35183,34510,34870,360,8,10000,static,1,39,39,4.1393230935890415,1.829756,1.493167,2.785161,2.385296,1.636905,3.388783,,15.250538,True
3,435,maintenance_burst,35183,34510,34870,360,8,10000,temporal,2,11,11,4.1393230935890415,1.74579,1.423612,2.600582,2.259346,1.669625,3.254681,,15.250538,True
3,436,maintenance_burst,35763,34903,35623,720,6,5000,temporal,1,9,9,-175.08397283474503,1.299735,1.024369,2.17607,2.271314,1.774183,3.390075,,5.421126,True
3,436,maintenance_burst,35763,34903,35623,720,6,5000,static,2,54,54,-175.08397283474503,1.364823,1.088897,2.240718,1.569102,1.141656,2.539149,,5.421126,True
3,437,maintenance_burst,35118,34805,34985,180,4,5000,static,1,9,9,492.6419303921006,1.885892,1.484254,2.767153,2.177573,1.783086,3.456576,,5.468868,True
3,437,maintenance_burst,35118,34805,34985,180,4,5000,temporal,2,2,2,492.6419303921006,1.043978,0.798988,1.829315,1.87815,1.590715,2.788085,,5.468868,True
3,438,maintenance_burst,30727,30496,30676,180,4,1000,temporal,1,2,2,-159.83479107825787,1.492186,1.184581,2.349793,1.383672,1.103989,2.32816,,4.254322,True
3,438,maintenance_burst,30727,30496,30676,180,4,1000,static,2,9,9,-159.83479107825787,0.869425,0.698105,1.649924,2.983791,2.233126,3.91621,,4.254322,True
3,439,maintenance_burst,34597,34142,34322,180,6,5000,static,1,12,12,-1141.0171435262525,1.598207,1.340867,2.471707,1.489652,1.19724,2.739152,,6.082986,True
3,439,maintenance_burst,34597,34142,34322,180,6,5000,temporal,2,3,3,-1141.0171435262525,1.189008,0.962225,1.993164,15.958497,1.457634,17.438686,,6.082986,True
3,440,maintenance_burst,34252,32780,34220,1440,4,1000,temporal,1,10,10,-284.1532861631255,1.839201,1.378254,3.117112,2.644368,1.75952,3.650219,,7.037309,True
3,440,maintenance_burst,34252,32780,34220,1440,4,1000,static,2,72,72,-284.1532861631255,1.95742,1.240165,2.834436,2.116981,1.379886,3.045945,,7.037309,True
3,441,maintenance_burst,34145,33907,33967,60,2,10000,static,1,1,1,12.176163852850307,1.564305,1.285213,2.562935,1.454329,1.187545,2.439298,,4.694668,True
3,441,maintenance_burst,34145,33907,33967,60,2,10000,temporal,2,1,1,12.176163852850307,1.494339,1.186453,2.287228,1.56736,1.290461,2.679171,,4.694668,True
3,442,maintenance_burst,34427,32974,34414,1440,6,5000,temporal,1,17,17,-714.487743017762,2.143601,1.581261,3.266329,5.131789,3.80933,6.326556,,4.383047,True
3,442,maintenance_burst,34427,32974,34414,1440,6,5000,static,2,114,114,-714.4877430177495,1.928566,1.544825,2.916139,2.376824,1.596503,3.346399,,4.383047,True
3,443,maintenance_burst,31510,31150,31330,180,4,10000,static,1,12,12,243.36521652086307,1.403051,1.160294,2.347649,1.846532,1.205363,2.831862,,5.657363,True
3,443,maintenance_burst,31510,31150,31330,180,4,10000,temporal,2,2,2,243.36521652086307,1.694092,1.339485,2.808306,1.721322,1.434028,2.818371,,5.657363,True
3,444,maintenance_burst,35392,35332,35392,60,8,5000,temporal,1,7,7,70.9191816566792,1.369731,1.132362,2.28225,1.484334,1.202838,2.464536,,5.561118,True
3,444,maintenance_burst,35392,35332,35392,60,8,5000,static,2,12,12,70.9191816566792,1.008986,0.765527,1.879792,2.606511,1.9847,3.660303,,5.561118,True
3,445,maintenance_burst,32002,31186,31906,720,2,1000,static,1,32,32,-872.0319973235717,2.670357,2.256962,4.031105,2.48676,1.352605,4.267312,,4.178598,True
3,445,maintenance_burst,32002,31186,31906,720,2,1000,temporal,2,3,3,-872.0319973235717,2.008606,1.341228,3.383526,2.103431,1.242739,3.426901,,4.178598,True
3,446,maintenance_burst,33493,33244,33424,180,6,5000,temporal,1,8,8,-46.20335525745453,2.03021,1.636655,3.645862,2.228329,1.562202,3.416646,,5.540286,True
3,446,maintenance_burst,33493,33244,33424,180,6,5000,static,2,20,20,-46.20335525745453,0.984548,0.772899,1.863447,2.1231,1.757247,3.622777,,5.540286,True
3,447,maintenance_burst,34986,34715,34775,60,4,1000,static,1,3,3,117.8478234952135,1.486638,1.249399,2.412538,1.562232,1.204642,2.693452,,5.416228,True
3,447,maintenance_burst,34986,34715,34775,60,4,1000,temporal,2,2,2,117.8478234952135,1.243901,1.035315,2.085342,1.399617,1.190139,2.349883,,5.416228,True
3,448,maintenance_burst,30512,29898,30258,360,2,10000,temporal,1,1,1,-79.01775115906355,12.031595,1.200866,13.173506,2.206426,1.850017,3.471368,,5.187763,True
3,448,maintenance_burst,30512,29898,30258,360,2,10000,static,2,9,9,-79.01775115906355,1.642814,1.325785,2.603967,1.602313,1.285603,2.682776,,5.187763,True
3,449,maintenance_burst,31670,30134,31574,1440,4,5000,static,1,72,72,-289.94764435553634,1.477183,1.112672,2.517326,5.593086,1.361408,6.498655,,0.799099,True
3,449,maintenance_burst,31670,30134,31574,1440,4,5000,temporal,2,10,10,-289.94764435553634,1.581681,1.055766,2.364926,5.350459,1.430863,6.54822,,0.799099,True
3,450,maintenance_burst,33286,32908,33088,180,2,5000,temporal,1,1,1,-335.84785599887965,1.79226,1.49478,2.735766,1.948536,1.641882,3.374181,,4.954541,True
3,450,maintenance_burst,33286,32908,33088,180,2,5000,static,2,5,5,-335.84785599887965,0.785859,0.632005,1.565467,1.242278,0.978489,2.32792,,4.954541,True
3,451,maintenance_burst,33267,32904,33264,360,6,10000,static,1,26,26,-1185.007756597086,1.749104,1.426237,2.700783,2.057821,1.637385,3.200559,,4.928512,True
3,451,maintenance_burst,33267,32904,33264,360,6,10000,temporal,2,3,3,-1185.007756597086,1.077779,0.809233,1.963308,1.464043,1.123879,2.416023,,4.928512,True
3,452,maintenance_burst,32016,31060,31780,720,4,5000,temporal,1,6,6,-996.2567902065952,1.293525,1.05227,2.08387,1.385674,1.005981,2.332076,,4.580595,True
3,452,maintenance_burst,32016,31060,31780,720,4,5000,static,2,38,38,-996.2567902065952,1.672519,1.324853,2.322261,1.893693,1.43562,20.504451,,4.580595,True
3,453,maintenance_burst,34255,33917,33977,60,2,5000,static,1,1,1,5.472148869195136,1.461029,1.199804,2.547652,1.327277,1.115777,2.615034,,15.373613,True
3,453,maintenance_burst,34255,33917,33977,60,2,5000,temporal,2,1,1,5.472148869195136,0.910006,0.662833,2.067866,1.66043,1.399626,2.409903,,15.373613,True
3,454,maintenance_burst,31613,31132,31312,180,6,1000,temporal,1,3,3,640.4405203361832,1.516172,1.238192,2.382001,1.473478,1.158401,2.645951,,12.582423,True
3,454,maintenance_burst,31613,31132,31312,180,6,1000,static,2,16,16,640.4405203361832,0.870927,0.658565,1.631056,1.49492,1.148336,2.555123,,12.582423,True
3,455,maintenance_burst,30680,30345,30405,60,2,1000,static,1,3,3,-137.4342503600438,1.742785,1.485186,2.836994,1.298343,1.061725,2.323603,,6.47453,True
3,455,maintenance_burst,30680,30345,30405,60,2,1000,temporal,2,2,2,-137.4342503600438,0.875123,0.702282,1.502361,1.165962,0.98545,2.035433,,6.47453,True
3,456,maintenance_burst,31590,31305,31485,180,2,5000,temporal,1,1,1,52.10044336422729,1.549012,1.301628,2.5004,9.324157,1.009426,10.554408,,12.460198,True
3,456,maintenance_burst,31590,31305,31485,180,2,5000,static,2,5,5,52.10044336422729,1.390172,1.162548,2.213006,1.316901,1.074695,2.075397,,12.460198,True
3,457,maintenance_burst,35056,34614,34794,180,6,10000,static,1,21,21,679.596136089263,1.414549,1.175738,2.100987,1.482001,1.132963,2.252916,,6.970829,True
3,457,maintenance_burst,35056,34614,34794,180,6,10000,temporal,2,9,9,679.596136089263,0.983027,0.768782,1.634451,1.657636,1.024098,2.325966,,6.970829,True
3,458,maintenance_burst,31840,31008,31728,720,4,5000,temporal,1,6,6,-676.7946503475816,1.353376,1.050588,2.14316,1.756025,1.227536,2.465928,,4.931325,True
3,458,maintenance_burst,31840,31008,31728,720,4,5000,static,2,37,37,-676.7946503475816,0.842473,0.621279,1.461039,1.370923,1.006392,2.091502,,4.931325,True
3,459,maintenance_burst,30966,30801,30861,60,4,10000,static,1,6,6,181.93169226999723,2.49398,2.15652,3.351978,1.46209,1.179102,2.264193,,13.472559,True
3,459,maintenance_burst,30966,30801,30861,60,4,10000,temporal,2,2,2,181.93169226999723,0.948975,0.653849,1.601802,1.445325,1.128966,2.202911,,13.472559,True
3,460,maintenance_burst,30613,29993,30353,360,2,5000,temporal,1,2,2,-460.6126410984907,1.442922,1.113583,2.09654,2.824381,2.186166,3.721507,,5.140682,True
3,460,maintenance_burst,30613,29993,30353,360,2,5000,static,2,11,11,-460.6126410984907,1.2101,0.900822,2.002297,1.301498,1.022806,2.077381,,5.140682,True
3,461,maintenance_burst,35157,35092,35152,60,4,5000,static,1,6,6,167.0062843011224,1.873603,1.594481,2.881347,2.266727,1.929226,4.162984,,17.759069,True
3,461,maintenance_burst,35157,35092,35152,60,4,5000,temporal,2,2,2,167.0062843011224,0.805408,0.609121,1.406798,1.259164,1.031539,2.068147,,17.759069,True
3,462,maintenance_burst,31237,30594,30954,360,4,10000,temporal,1,2,2,260.18118082455237,2.403153,1.6866,3.254911,2.295981,1.793211,4.754739,,6.983708,True
3,462,maintenance_burst,31237,30594,30954,360,4,10000,static,2,20,20,260.18118082455237,1.678027,1.318904,2.780304,2.243642,1.752199,3.243074,,6.983708,True
3,463,maintenance_burst,31303,30792,30972,180,4,10000,static,1,8,8,654.983315950565,2.085122,1.720942,2.868226,2.906064,2.264765,3.900197,,4.84825,True
3,463,maintenance_burst,31303,30792,30972,180,4,10000,temporal,2,2,2,654.983315950565,1.237811,0.973071,2.066254,1.805379,1.463002,2.835867,,4.84825,True
3,464,maintenance_burst,33393,31631,33071,1440,4,1000,temporal,1,16,16,-389.6357031868374,2.102448,1.660901,2.806739,2.333518,1.473858,3.424042,,10.799148,True
3,464,maintenance_burst,33393,31631,33071,1440,4,1000,static,2,106,106,-389.6357031868374,1.417814,1.00537,2.017139,2.168339,1.432185,3.029565,,10.799148,True
3,465,maintenance_burst,32043,31599,31779,180,2,1000,static,1,9,9,-308.654641441664,1.947404,1.581231,2.821777,5.425843,1.440457,6.154314,,5.435137,True
3,465,maintenance_burst,32043,31599,31779,180,2,1000,temporal,2,3,3,-308.654641441664,1.311743,1.086513,1.980585,1.681713,1.328668,2.498358,,5.435137,True
3,466,maintenance_burst,35641,34146,35586,1440,4,10000,temporal,1,11,11,-442.0841620920099,1.927294,1.528081,2.646932,2.26816,1.580179,3.084563,,6.77313,True
3,466,maintenance_burst,35641,34146,35586,1440,4,10000,static,2,74,74,-442.08416209200425,1.309961,0.95176,1.956579,2.12949,1.411985,2.911141,,6.77313,True
3,467,maintenance_burst,33805,33420,33780,360,4,1000,static,1,19,19,1270.419120734914,1.810437,1.462611,2.66551,2.048157,1.517264,3.014553,,9.177591,True
3,467,maintenance_burst,33805,33420,33780,360,4,1000,temporal,2,2,2,1270.419120734914,1.206063,0.937137,1.900574,1.843648,1.445655,2.586611,,9.177591,True
3,468,maintenance_burst,34911,34175,34895,720,2,5000,temporal,1,3,3,-625.8039814659546,1.568821,1.207185,2.423474,1.930149,1.253295,2.637609,,5.757064,True
3,468,maintenance_burst,34911,34175,34895,720,2,5000,static,2,20,20,-625.8039814659546,1.145431,0.917708,2.126085,1.499457,1.13723,2.205214,,5.757064,True
3,469,maintenance_burst,31482,29687,31127,1440,6,1000,static,1,106,106,481.25684911578907,1.582212,1.167385,2.324044,2.144993,1.555181,2.862227,,4.313681,True
3,469,maintenance_burst,31482,29687,31127,1440,6,1000,temporal,2,16,16,481.25684911578907,0.905459,0.662202,1.556443,1.569403,1.04508,2.279326,,4.313681,True
3,470,maintenance_burst,34740,33240,34680,1440,2,5000,temporal,1,5,5,11.141141411535113,1.504114,1.198873,2.393539,5.453636,4.869022,6.902186,,7.038562,True
3,470,maintenance_burst,34740,33240,34680,1440,2,5000,static,2,32,32,11.141141411535113,1.202258,0.898087,1.857749,2.684629,2.071702,3.48585,,7.038562,True
3,471,maintenance_burst,35995,34414,35854,1440,6,5000,static,1,104,104,-459.7894739387661,1.780291,1.372586,2.512849,2.778601,1.777958,3.599132,,0.778928,True
3,471,maintenance_burst,35995,34414,35854,1440,6,5000,temporal,2,14,14,-459.7894739387661,1.718708,1.312524,2.358155,2.378285,1.581101,3.1549,,0.778928,True
3,472,maintenance_burst,33914,33761,33821,60,4,10000,temporal,1,2,2,217.6740443898827,1.5076,1.215227,2.339627,1.4091,1.146363,2.148208,,6.034143,True
3,472,maintenance_burst,33914,33761,33821,60,4,10000,static,2,3,3,217.6740443898827,0.824447,0.623954,1.522662,1.17044,0.874172,1.831689,,6.034143,True
3,473,maintenance_burst,31986,31533,31713,180,4,5000,static,1,11,11,-703.6568067978626,1.607941,1.261257,6.193134,1.990139,1.614901,5.578885,,8.688786,True
3,473,maintenance_burst,31986,31533,31713,180,4,5000,temporal,2,2,2,-703.6568067978626,1.694212,1.426236,4.293181,1.419957,1.123779,2.250433,,8.688786,True
3,474,maintenance_burst,35126,34846,35026,180,2,1000,temporal,1,1,1,299.4982856132409,1.983319,1.634011,2.761135,1.915757,1.620941,2.63235,,5.229937,True
3,474,maintenance_burst,35126,34846,35026,180,2,1000,static,2,4,4,299.4982856132409,0.81997,0.630944,1.517445,1.286295,1.015005,1.989848,,5.229937,True
3,475,maintenance_burst,35674,34080,35520,1440,2,1000,static,1,32,32,-92.89129758470801,1.361258,1.065421,3.840647,1.583224,1.140495,2.658896,,13.229586,True
3,475,maintenance_burst,35674,34080,35520,1440,2,1000,temporal,2,4,4,-92.89129758470676,0.825668,0.615491,1.560099,1.399236,1.058791,2.106114,,13.229586,True
3,476,maintenance_burst,35095,34647,34827,180,4,1000,temporal,1,6,6,555.7072874257967,1.445956,1.181627,2.532969,1.435871,1.14449,2.569575,,5.275671,True
3,476,maintenance_burst,35095,34647,34827,180,4,1000,static,2,14,14,555.7072874257967,0.881903,0.6813,1.893172,1.239884,0.975164,2.220146,,5.275671,True
3,477,maintenance_burst,34825,34217,34577,360,2,10000,static,1,9,9,-571.5297747311995,2.018322,1.722344,3.055159,1.505256,1.128526,2.526049,,9.03533,True
3,477,maintenance_burst,34825,34217,34577,360,2,10000,temporal,2,1,1,-571.5297747311995,0.864417,0.651615,1.840702,1.458174,1.042556,2.388331,,9.03533,True
3,478,maintenance_burst,32951,31388,32828,1440,2,1000,temporal,1,6,6,-156.08760987741124,1.559247,1.137399,2.351365,2.378476,1.664326,3.436045,,6.424433,True
3,478,maintenance_burst,32951,31388,32828,1440,2,1000,static,2,49,49,-156.08760987741124,1.577605,1.245333,2.429252,2.07016,1.465546,3.045274,,6.424433,True
3,479,maintenance_burst,34918,34044,34764,720,2,5000,static,1,22,22,-843.5669014394541,1.660671,1.307777,2.366188,1.585538,1.132202,13.435383,,6.434729,True
3,479,maintenance_burst,34918,34044,34764,720,2,5000,temporal,2,4,4,-843.5669014394538,1.21717,0.983117,1.897509,1.322009,0.996736,1.994355,,6.434729,True
3,480,window_drift,40081,38608,40048,1440,4,1000,temporal,1,10,10,-154.69001830435053,1.022926,0.725807,1.656235,1.814684,1.257621,2.538598,,2.111923,True
3,480,window_drift,40081,38608,40048,1440,4,1000,static,2,72,72,-154.69001830435053,1.026592,0.779449,1.634,1.829326,1.107414,2.529565,,2.111923,True
3,481,window_drift,42259,40517,41957,1440,6,1000,static,1,110,110,350.555955246558,1.228157,0.953251,1.906693,1.949047,1.163038,2.625289,,2.30775,True
3,481,window_drift,42259,40517,41957,1440,6,1000,temporal,2,15,15,350.555955246558,0.878819,0.633759,1.50157,2.115508,1.285613,2.786613,,2.30775,True
3,482,window_drift,39333,38843,39203,360,2,1000,temporal,1,3,3,643.6232341576599,1.086873,0.802874,1.746731,1.398715,1.13068,2.044691,,2.759111,True
3,482,window_drift,39333,38843,39203,360,2,1000,static,2,11,11,643.6232341576599,0.82028,0.655461,1.351223,1.287627,1.002176,2.041206,,2.759111,True
3,483,window_drift,42027,41104,41824,720,4,1000,static,1,37,37,441.2371284832327,1.085701,0.802493,1.703055,1.517565,1.145041,2.166445,,2.902889,True
3,483,window_drift,42027,41104,41824,720,4,1000,temporal,2,6,6,441.2371284832327,0.855294,0.675912,1.472856,1.284683,0.919089,1.984119,,2.902889,True
3,484,window_drift,41518,39848,41288,1440,2,5000,temporal,1,6,6,-106.42975094650578,0.947212,0.658856,1.541982,1.542722,1.059522,2.181218,,1.748283,True
3,484,window_drift,41518,39848,41288,1440,2,5000,static,2,34,34,-106.42975094650578,0.815122,0.597723,1.453467,1.387708,0.966822,2.107997,,1.748283,True
3,485,window_drift,40194,37284,40164,2880,4,5000,static,1,144,144,407.0322859665703,1.315199,0.955725,1.935186,2.137391,1.219964,2.940085,,5.765386,True
3,485,window_drift,40194,37284,40164,2880,4,5000,temporal,2,19,19,407.03228596657266,1.080503,0.784416,1.725679,1.683024,1.084379,2.35409,,5.765386,True
3,486,window_drift,39581,36498,39378,2880,2,1000,temporal,1,9,9,111.13792923734184,1.530143,1.147184,2.187307,1.584115,1.014504,2.297653,,18.557728,True
3,486,window_drift,39581,36498,39378,2880,2,1000,static,2,65,65,111.13792923734182,0.886641,0.632115,1.465646,1.551065,0.859139,2.235149,,18.557728,True
3,487,window_drift,39182,38179,38899,720,6,5000,static,1,54,54,-1149.9568016498897,1.180275,0.934232,1.744448,1.538626,1.10474,2.252786,,1.882736,True
3,487,window_drift,39182,38179,38899,720,6,5000,temporal,2,9,9,-1149.9568016498897,1.751368,1.442321,2.528102,1.545016,1.061966,2.286386,,1.882736,True
3,488,window_drift,41155,38019,40899,2880,2,200,temporal,1,9,9,-380.267462149995,1.460778,1.088876,2.168048,1.921705,1.186323,2.884591,,3.738241,True
3,488,window_drift,41155,38019,40899,2880,2,200,static,2,65,65,-380.267462149995,1.292324,0.951098,1.893122,2.03729,1.275498,2.782127,,3.738241,True
3,489,window_drift,38277,35300,38180,2880,4,200,static,1,142,142,-111.80448906067977,1.505847,1.136889,2.270342,2.827034,1.7791,3.673924,,2.164623,True
3,489,window_drift,38277,35300,38180,2880,4,200,temporal,2,18,18,-111.80448906067977,1.075266,0.775212,1.683726,1.962407,1.110629,2.673192,,2.164623,True
3,490,window_drift,38984,38521,38881,360,6,1000,temporal,1,3,3,-234.3225720557,1.238482,1.034985,2.036079,1.45576,1.081946,3.009691,,4.608788,True
3,490,window_drift,38984,38521,38881,360,6,1000,static,2,26,26,-234.3225720557,0.880401,0.697425,1.589083,1.368289,1.006862,2.157202,,4.608788,True
3,491,window_drift,38733,37223,38663,1440,2,200,static,1,33,33,-54.94389920861708,1.684346,1.321207,2.540751,1.838199,1.257912,2.633031,,2.494071,True
3,491,window_drift,38733,37223,38663,1440,2,200,temporal,2,5,5,-54.94389920861708,1.338904,1.101325,2.972605,18.36813,1.102407,19.244886,,2.494071,True
3,492,window_drift,40813,39360,40800,1440,2,1000,temporal,1,5,5,-22.57047918938997,1.199824,0.919881,1.816988,1.579749,1.13735,2.375862,,2.353108,True
3,492,window_drift,40813,39360,40800,1440,2,1000,static,2,37,37,-22.57047918938997,0.944088,0.650053,1.576152,1.724818,0.937016,2.474251,,2.353108,True
3,493,window_drift,38936,35997,38877,2880,8,1000,static,1,291,291,898.056918027243,1.299715,0.7478,2.075478,7.216461,1.848414,8.20192,,4.304097,True
3,493,window_drift,38936,35997,38877,2880,8,1000,temporal,2,39,39,898.056918027243,1.279775,0.905259,2.072133,4.063593,1.147024,4.92765,,4.304097,True
3,494,window_drift,38771,38075,38435,360,2,5000,temporal,1,3,3,-601.625491642834,1.848665,1.313666,2.660743,1.843297,1.515892,2.591498,,3.894609,True
3,494,window_drift,38771,38075,38435,360,2,5000,static,2,11,11,-601.625491642834,1.08457,0.872328,2.005292,1.296691,1.07171,2.117532,,3.894609,True
3,495,window_drift,40945,40296,40656,360,6,200,static,1,32,32,960.1828693681364,1.032942,0.748251,1.751918,1.602523,1.11841,3.760656,,2.235119,True
3,495,window_drift,40945,40296,40656,360,6,200,temporal,2,10,10,960.1828693681364,0.884668,0.684085,1.545336,1.345885,1.029377,2.060275,,2.235119,True
3,496,window_drift,42172,41409,42129,720,2,1000,temporal,1,3,3,768.2099711092181,1.102737,0.91924,1.698488,1.631897,1.300967,25.22609,,4.915081,True
3,496,window_drift,42172,41409,42129,720,2,1000,static,2,20,20,768.2099711092181,1.408609,1.138831,2.317173,1.340937,0.981544,2.448442,,4.915081,True
3,497,window_drift,40961,40165,40885,720,4,1000,static,1,38,38,1403.5853209940647,1.764688,1.454309,2.395162,1.903077,1.456843,2.694324,,2.710408,True
3,497,window_drift,40961,40165,40885,720,4,1000,temporal,2,6,6,1403.5853209940647,1.258192,1.082126,1.877529,1.596193,1.248188,2.366718,,2.710408,True
3,498,window_drift,42860,41282,42722,1440,6,1000,temporal,1,16,16,3.193012560966281,0.987603,0.765277,1.620641,6.82581,1.244592,7.75814,,2.796638,True
3,498,window_drift,42860,41282,42722,1440,6,1000,static,2,107,107,3.193012560966281,1.107915,0.796004,1.892531,2.080486,1.221727,2.841035,,2.796638,True
3,499,window_drift,39191,37465,38905,1440,4,5000,static,1,73,73,371.7181406827212,1.732019,1.40233,2.587763,2.446369,1.718378,3.346629,,5.818256,True
3,499,window_drift,39191,37465,38905,1440,4,5000,temporal,2,10,10,371.7181406827212,1.416422,0.962466,2.186476,1.963569,1.189669,2.792502,,5.818256,True
3,500,window_drift,38590,37730,38450,720,4,1000,temporal,1,6,6,-993.406842431469,1.334888,1.046002,2.090981,2.055117,1.585217,2.788726,,2.244934,True
3,500,window_drift,38590,37730,38450,720,4,1000,static,2,38,38,-993.406842431469,0.842223,0.664995,1.498165,1.333866,1.002305,2.009748,,2.244934,True
3,501,window_drift,39957,38444,39884,1440,2,1000,static,1,40,40,-69.55274932565789,1.039491,0.808222,1.799421,1.476913,1.042076,2.210412,,2.173837,True
3,501,window_drift,39957,38444,39884,1440,2,1000,temporal,2,5,5,-69.55274932565789,0.878318,0.655971,1.449542,1.27039,0.863846,2.058372,,2.173837,True
3,502,window_drift,38837,37913,38633,720,2,200,temporal,1,3,3,-605.9075498043876,14.666434,1.270491,15.524301,1.649894,1.323771,2.513971,,1.453438,True
3,502,window_drift,38837,37913,38633,720,2,200,static,2,21,21,-605.9075498043876,0.887411,0.679818,1.558816,1.200305,0.876345,1.939993,,1.453438,True
3,503,window_drift,42436,41732,42092,360,4,1000,static,1,22,22,905.5278773692994,1.093713,0.867371,3.668526,1.48185,1.086473,2.228009,,3.231355,True
3,503,window_drift,42436,41732,42092,360,4,1000,temporal,2,6,6,905.5278773692994,0.818678,0.635451,1.380898,1.326966,0.986712,3.738752,,3.231355,True
3,504,window_drift,41151,39686,41126,1440,2,5000,temporal,1,6,6,-156.13302747834183,1.019912,0.78035,1.959002,2.196751,1.790738,3.403005,,2.083751,True
3,504,window_drift,41151,39686,41126,1440,2,5000,static,2,34,34,-156.13302747834183,0.880311,0.672096,1.716465,1.406176,0.967272,2.4012,,2.083751,True
3,505,window_drift,37941,37402,37762,360,4,200,static,1,19,19,1078.0871413635002,0.914433,0.696343,1.66019,1.586849,1.082216,2.499018,,2.299928,True
3,505,window_drift,37941,37402,37762,360,4,200,temporal,2,5,5,1078.0871413635002,0.846309,0.611955,1.664717,1.353176,0.966912,2.276021,,2.299928,True
3,506,window_drift,42081,41176,41896,720,4,1000,temporal,1,5,5,1399.951320119849,1.282138,1.075486,2.092383,1.456392,1.012831,2.520411,,6.481579,True
3,506,window_drift,42081,41176,41896,720,4,1000,static,2,37,37,1399.951320119849,0.796064,0.596532,1.568031,1.391864,0.974834,2.340879,,6.481579,True
3,507,window_drift,40597,37621,40501,2880,2,200,static,1,66,66,432.45489653733443,1.129097,0.837015,1.867474,1.601461,0.99224,2.585609,,2.623666,True
3,507,window_drift,40597,37621,40501,2880,2,200,temporal,2,9,9,432.4548965373332,0.849274,0.603051,1.661171,1.429711,0.947132,23.004009,,2.623666,True
3,508,window_drift,37617,36924,37284,360,6,1000,temporal,1,3,3,-1747.0917939010524,1.364934,1.122237,2.166727,1.621812,1.288458,2.459108,,2.106956,True
3,508,window_drift,37617,36924,37284,360,6,1000,static,2,27,27,-1747.0917939010524,0.814782,0.64786,1.595663,1.777487,1.391444,2.871912,,2.106956,True
3,509,window_drift,42659,40918,42358,1440,2,5000,static,1,39,39,-171.31991966621032,1.605968,1.213174,2.585298,2.258555,1.604836,3.221982,,2.455232,True
3,509,window_drift,42659,40918,42358,1440,2,5000,temporal,2,5,5,-171.31991966621032,1.244812,0.981684,2.073585,1.840062,1.30262,2.836809,,2.455232,True
3,510,window_drift,41543,39811,41251,1440,4,200,temporal,1,10,10,-440.75394561902795,1.608922,1.105511,2.419378,2.524878,1.590495,3.525009,,3.074438,True
3,510,window_drift,41543,39811,41251,1440,4,200,static,2,72,72,-440.75394561902795,1.339295,1.014203,2.148518,2.103971,1.478435,3.071534,,3.074438,True
3,511,window_drift,38718,37905,38625,720,2,1000,static,1,20,20,-587.7192977813896,1.539678,1.251222,2.33493,1.883087,1.442621,2.906704,,3.776159,True
3,511,window_drift,38718,37905,38625,720,2,1000,temporal,2,3,3,-587.7192977813896,1.29666,1.081355,2.095167,1.744087,1.353166,2.710458,,3.776159,True
3,512,window_drift,41881,40956,41676,720,4,1000,temporal,1,7,7,410.7587818529895,1.47476,1.125332,2.370033,1.952592,1.457314,3.06219,,3.387731,True
3,512,window_drift,41881,40956,41676,720,4,1000,static,2,38,38,410.7587818529895,1.297091,0.995405,2.095359,1.359125,1.00507,2.047907,,3.387731,True
3,513,window_drift,37906,34815,37695,2880,6,5000,static,1,223,223,1149.5598407465868,1.074825,0.707339,1.66027,14.294903,1.128727,15.001991,,1.935516,True
3,513,window_drift,37906,34815,37695,2880,6,5000,temporal,2,28,28,1149.5598407465868,1.232513,0.955655,1.952432,2.20906,1.218673,3.230274,,1.935516,True
3,514,window_drift,42798,39593,42473,2880,4,5000,temporal,1,18,18,-793.0049214344854,1.504545,1.166894,2.310073,3.465079,1.138542,4.357798,,3.55858,True
3,514,window_drift,42798,39593,42473,2880,4,5000,static,2,140,140,-793.0049214344854,0.96573,0.648671,1.768013,2.325767,1.081765,3.266178,,3.55858,True
3,515,window_drift,40617,37470,40350,2880,2,200,static,1,65,65,366.79828586256605,1.204922,0.932009,2.027275,2.458226,1.591596,3.47917,,2.664438,True
3,515,window_drift,40617,37470,40350,2880,2,200,temporal,2,9,9,366.79828586256605,0.906821,0.651214,1.762184,1.718839,1.165792,2.663447,,2.664438,True
3,516,window_drift,39807,39405,39765,360,2,1000,temporal,1,2,2,-417.8995436696554,1.211582,0.962555,1.874013,1.35625,1.05838,2.085283,,3.049882,True
3,516,window_drift,39807,39405,39765,360,2,1000,static,2,12,12,-417.8995436696554,0.837235,0.629261,1.409792,1.230511,0.984739,1.949988,,3.049882,True
3,517,window_drift,41994,39081,41961,2880,4,200,static,1,141,141,608.1706516848374,1.306395,0.896125,2.901337,2.044151,1.048095,2.957732,,1.964971,True
3,517,window_drift,41994,39081,41961,2880,4,200,temporal,2,19,19,608.1706516848374,0.964558,0.700659,1.646659,1.991982,1.086784,2.709176,,1.964971,True
3,518,window_drift,39220,38228,38948,720,4,5000,temporal,1,6,6,224.0712735898156,0.978259,0.783494,1.809986,1.396251,0.981023,2.285144,,2.280758,True
3,518,window_drift,39220,38228,38948,720,4,5000,static,2,38,38,224.0712735898156,0.817716,0.639527,1.531365,1.592197,1.23702,2.550116,,2.280758,True
3,519,window_drift,41336,40511,41231,720,4,1000,static,1,36,36,-1705.3519536874187,1.617896,1.32236,17.816267,1.593379,1.209118,2.736568,,4.632794,True
3,519,window_drift,41336,40511,41231,720,4,1000,temporal,2,6,6,-1705.3519536874187,1.072041,0.882895,1.920594,1.32252,0.966632,2.300338,,4.632794,True
3,520,window_drift,42579,41754,42474,720,4,1000,temporal,1,6,6,-1059.576310541145,1.118221,0.905379,2.005872,1.682564,1.076097,2.617728,,6.863718,True
3,520,window_drift,42579,41754,42474,720,4,1000,static,2,37,37,-1059.576310541145,1.001904,0.773118,1.841854,1.440939,1.006953,2.465628,,6.863718,True
3,521,window_drift,39613,39078,39438,360,4,1000,static,1,16,16,556.1558589975181,1.136468,0.922244,1.898851,1.654712,1.345464,2.443474,,5.214539,True
3,521,window_drift,39613,39078,39438,360,4,1000,temporal,2,2,2,556.1558589975181,1.120915,0.888203,1.858129,8.888108,6.552797,9.772605,,5.214539,True
3,522,window_drift,42291,40598,42038,1440,2,1000,temporal,1,5,5,-63.095595190455995,1.32324,1.049036,4.877073,2.017791,1.434429,2.799724,,5.542951,True
3,522,window_drift,42291,40598,42038,1440,2,1000,static,2,32,32,-63.095595190455995,0.901844,0.646768,1.630165,1.684687,1.147154,2.350044,,5.542951,True
3,523,window_drift,41408,40603,41323,720,4,5000,static,1,38,38,-1413.2614656639348,2.441021,0.740951,3.10838,1.677346,1.127555,2.342541,,1.808354,True
3,523,window_drift,41408,40603,41323,720,4,5000,temporal,2,6,6,-1413.2614656639348,1.396091,1.158511,2.120796,1.617886,1.233946,2.350694,,1.808354,True
3,524,window_drift,42055,40515,41955,1440,2,200,temporal,1,5,5,129.66883549417858,0.976947,0.73446,1.649334,1.524595,0.99889,2.258014,,2.747104,True
3,524,window_drift,42055,40515,41955,1440,2,200,static,2,38,38,129.66883549417875,0.816754,0.571444,1.391664,1.432516,0.989916,22.240856,,2.747104,True
3,525,window_drift,41989,40510,41950,1440,4,200,static,1,71,71,251.9680701955259,1.716285,1.306906,2.339858,2.140526,1.529142,2.821515,,2.390364,True
3,525,window_drift,41989,40510,41950,1440,4,200,temporal,2,10,10,251.9680701955259,1.338965,1.054865,1.966673,2.138172,1.369511,2.851761,,2.390364,True
3,526,window_drift,39204,36232,39112,2880,2,200,temporal,1,9,9,347.03900696479997,1.604986,1.112011,2.248249,2.221199,1.462882,3.271567,,1.870968,True
3,526,window_drift,39204,36232,39112,2880,2,200,static,2,65,65,347.0390069647999,1.322359,0.962245,2.018371,2.094417,1.371183,2.768986,,1.870968,True
3,527,window_drift,39517,38680,39400,720,2,1000,static,1,16,16,803.1739017695036,1.240997,0.997688,1.915526,1.639759,1.262238,2.530907,,2.902458,True
3,527,window_drift,39517,38680,39400,720,2,1000,temporal,2,3,3,803.1739017695036,1.066292,0.83999,1.717086,1.773251,1.279845,2.717589,,2.902458,True
3,528,window_drift,40486,40085,40445,360,4,1000,temporal,1,6,6,994.5462606489714,1.140274,0.910777,1.771248,1.828555,1.31624,2.517015,,2.051361,True
3,528,window_drift,40486,40085,40445,360,4,1000,static,2,20,20,994.5462606489714,1.128486,0.884808,2.108819,1.667682,1.207675,2.329021,,2.051361,True
3,529,window_drift,40577,39546,40266,720,6,200,static,1,56,56,-1819.8737906023384,1.179133,0.80008,1.996969,1.510874,1.037349,2.335451,,1.998762,True
3,529,window_drift,40577,39546,40266,720,6,200,temporal,2,8,8,-1819.8737906023384,0.930396,0.655731,1.832591,1.731719,1.297581,2.585289,,1.998762,True
3,530,window_drift,38949,38475,38835,360,8,200,temporal,1,4,4,295.66909717161275,0.968043,0.782313,1.955246,1.372415,1.002966,2.243908,,2.048337,True
3,530,window_drift,38949,38475,38835,360,8,200,static,2,38,38,295.66909717161275,0.961874,0.739729,9.39843,1.411083,1.027583,2.394841,,2.048337,True
3,531,window_drift,39568,38546,39266,720,2,200,static,1,19,19,715.0019214921313,0.944057,0.725496,1.609874,1.29653,0.918799,2.094827,,2.828792,True
3,531,window_drift,39568,38546,39266,720,2,200,temporal,2,3,3,715.0019214921313,0.999712,0.805688,1.596434,1.227767,0.915805,1.902958,,2.828792,True
3,532,window_drift,42366,39327,42207,2880,2,200,temporal,1,9,9,-102.68367078299468,1.102036,0.782192,1.654592,1.642494,0.966471,2.38146,,2.180046,True
3,532,window_drift,42366,39327,42207,2880,2,200,static,2,75,75,-102.68367078299599,1.091821,0.786269,1.715123,1.775134,1.054875,2.53636,,2.180046,True
3,533,window_drift,41367,39728,41168,1440,4,200,static,1,74,74,-337.5567092993141,1.306966,0.944157,1.959372,2.332637,1.127355,3.063872,,2.712731,True
3,533,window_drift,41367,39728,41168,1440,4,200,temporal,2,14,14,-337.5567092993117,1.54783,1.211142,2.203381,1.671817,1.152973,2.50665,,2.712731,True
3,534,window_drift,38445,38083,38443,360,8,200,temporal,1,12,12,-2408.722394679785,1.044559,0.870105,1.612268,1.580299,1.192462,2.260107,,1.915336,True
3,534,window_drift,38445,38083,38443,360,8,200,static,2,42,42,-2408.722394679785,0.824727,0.659617,1.689445,1.636454,1.249169,2.296362,,1.915336,True
3,535,window_drift,42753,39756,42636,2880,4,5000,static,1,140,140,-562.4904625624688,1.317442,0.975484,1.920133,2.055187,1.003657,2.745982,,6.224812,True
3,535,window_drift,42753,39756,42636,2880,4,5000,temporal,2,18,18,-562.4904625624688,0.974503,0.72772,1.555121,2.03703,1.016326,2.816889,,6.224812,True
3,536,window_drift,40542,39910,40270,360,4,5000,temporal,1,2,2,-4.370630872454932,1.12465,0.90673,1.771718,1.482652,1.137991,2.197873,,1.853342,True
3,536,window_drift,40542,39910,40270,360,4,5000,static,2,19,19,-4.370630872454932,0.849324,0.684745,1.478756,1.270722,0.977548,2.166004,,1.853342,True
3,537,window_drift,41441,38282,41162,2880,4,1000,static,1,140,140,-770.81704684031,1.717386,1.26309,2.417585,2.058021,1.220285,2.837069,,16.058308,True
3,537,window_drift,41441,38282,41162,2880,4,1000,temporal,2,19,19,-770.8170468403108,0.860381,0.626547,1.496002,1.888235,1.022896,2.693712,,16.058308,True
3,538,window_drift,42776,41085,42525,1440,4,5000,temporal,1,10,10,-422.8288432377532,1.116959,0.869815,1.790067,2.000895,1.162768,2.922398,,6.238652,True
3,538,window_drift,42776,41085,42525,1440,4,5000,static,2,72,72,-422.8288432377532,1.101676,0.768873,1.704367,1.729946,1.136518,2.409122,,6.238652,True
3,539,window_drift,43087,42527,42887,360,4,5000,static,1,22,22,578.4782649184995,1.171491,0.935515,1.774192,1.610665,1.238172,2.295821,,2.951633,True
3,539,window_drift,43087,42527,42887,360,4,5000,temporal,2,6,6,578.4782649184995,0.943236,0.743354,1.502361,2.138143,1.543384,2.858392,,2.951633,True
3,540,window_drift,38459,35530,38410,2880,4,1000,temporal,1,20,20,-687.8427368328839,1.230871,0.903005,1.780111,2.313918,1.236139,3.021628,,1.882006,True
3,540,window_drift,38459,35530,38410,2880,4,1000,static,2,146,146,-687.8427368328839,1.167415,0.846339,1.794383,2.423193,1.189679,3.1286,,1.882006,True
3,541,window_drift,40404,39562,40282,720,2,1000,static,1,21,21,-254.61382605109867,1.484104,1.191812,2.041006,1.598918,1.26312,2.237984,,0.537904,True
3,541,window_drift,40404,39562,40282,720,2,1000,temporal,2,4,4,-254.61382605109867,1.033763,0.804917,1.648192,1.456472,1.062747,2.100896,,0.537904,True
3,542,window_drift,37459,35673,37113,1440,2,200,temporal,1,6,6,-174.52420090954,1.023838,0.786308,1.68011,1.565748,1.112301,2.245875,,1.271162,True
3,542,window_drift,37459,35673,37113,1440,2,200,static,2,40,40,-174.52420090954,1.016056,0.717835,2.275831,1.515241,1.029366,2.165344,,1.271162,True
3,543,window_drift,41997,40442,41882,1440,8,1000,static,1,141,141,429.8660038923766,1.936357,1.526888,2.647603,2.290614,1.432887,2.994418,,6.036677,True
3,543,window_drift,41997,40442,41882,1440,8,1000,temporal,2,19,19,429.8660038923766,1.246625,0.98519,1.904349,1.917509,1.263581,2.618189,,6.036677,True
3,544,window_drift,40678,37521,40401,2880,6,1000,temporal,1,28,28,1131.805260778408,1.111981,0.833349,1.748713,2.246006,1.231512,2.937802,,2.051281,True
3,544,window_drift,40678,37521,40401,2880,6,1000,static,2,222,222,1131.805260778408,1.143038,0.814261,1.732129,2.515934,1.181076,3.202722,,2.051281,True
3,545,window_drift,42372,41599,42319,720,4,1000,static,1,38,38,789.9331360579233,2.135088,1.761383,2.756567,1.959492,1.504845,2.763548,,6.20369,True
3,545,window_drift,42372,41599,42319,720,4,1000,temporal,2,6,6,789.9331360579233,1.437904,1.060093,2.007385,1.978682,1.491515,2.626201,,6.20369,True
3,546,window_drift,39680,38077,39517,1440,6,5000,temporal,1,15,15,-431.10091780284847,1.490012,1.213415,2.088547,2.014746,1.319034,2.729136,,0.876024,True
3,546,window_drift,39680,38077,39517,1440,6,5000,static,2,107,107,-431.10091780284847,1.094265,0.80658,1.682684,2.761935,1.81255,3.726214,,0.876024,True
3,547,window_drift,42593,42022,42382,360,2,1000,static,1,10,10,-291.6014575775425,1.255768,0.999631,1.867253,1.6935,1.28303,2.416183,,1.993314,True
3,547,window_drift,42593,42022,42382,360,2,1000,temporal,2,1,1,-291.6014575775425,0.99864,0.741782,1.609543,1.986304,1.625057,2.675175,,1.993314,True
3,548,window_drift,39289,36392,39272,2880,6,200,temporal,1,27,27,1037.471810660761,2.051171,1.632048,2.815246,2.735085,1.555551,3.464578,,21.137387,True
3,548,window_drift,39289,36392,39272,2880,6,200,static,2,207,207,1037.471810660761,1.360537,0.983967,1.971981,2.752092,1.372195,3.460322,,21.137387,True
3,549,window_drift,38848,37860,38580,720,2,1000,static,1,21,21,-479.9871401498185,1.189158,0.952049,1.93776,1.563794,1.204611,2.283603,,0.766569,True
3,549,window_drift,38848,37860,38580,720,2,1000,temporal,2,3,3,-479.9871401498185,0.936076,0.757085,1.608782,1.367388,1.043658,2.04445,,0.766569,True
3,550,window_drift,43144,40173,43053,2880,2,5000,temporal,1,9,9,234.03541060176946,1.062436,0.710494,1.6205,2.255721,1.437713,2.959454,,0.834571,True
3,550,window_drift,43144,40173,43053,2880,2,5000,static,2,78,78,234.03541060176946,1.360908,1.016837,2.03057,1.975156,1.123278,2.690918,,0.834571,True
3,551,window_drift,38449,35502,38382,2880,6,1000,static,1,223,223,-854.5520591345357,1.287477,0.87324,1.89216,2.194418,1.272023,2.901517,,1.81877,True
3,551,window_drift,38449,35502,38382,2880,6,1000,temporal,2,28,28,-854.5520591345357,1.360016,1.022946,1.927654,2.26869,1.13059,2.991893,,1.81877,True
3,552,window_drift,42112,40352,41792,1440,8,1000,temporal,1,23,23,565.0393227817221,1.380917,1.055696,1.994475,2.212115,1.390021,3.121078,,1.619448,True
3,552,window_drift,42112,40352,41792,1440,8,1000,static,2,146,146,565.0393227817221,1.277831,0.925319,1.882576,2.035828,1.248898,2.785581,,1.619448,True
3,553,window_drift,37951,37188,37908,720,2,5000,static,1,21,21,422.0391417935675,1.40206,1.132061,2.007215,1.570524,1.165432,2.269601,,2.809197,True
3,553,window_drift,37951,37188,37908,720,2,5000,temporal,2,3,3,422.0391417935675,1.416031,1.17024,2.05735,1.695744,1.156799,2.532879,,2.809197,True
3,554,window_drift,41632,39947,41387,1440,4,1000,temporal,1,11,11,59.35152347688211,1.095045,0.861032,1.707451,2.001406,1.247516,16.635983,,0.837146,True
3,554,window_drift,41632,39947,41387,1440,4,1000,static,2,72,72,59.35152347688211,1.134856,0.715822,2.044641,1.659479,1.117149,2.36131,,0.837146,True
3,555,window_drift,40311,37328,40208,2880,6,5000,static,1,221,221,279.4552391916697,1.114375,0.758356,1.72622,2.109038,1.007262,2.899003,,0.644455,True
3,555,window_drift,40311,37328,40208,2880,6,5000,temporal,2,25,25,279.4552391916697,1.000472,0.699297,1.592278,1.975377,1.098341,3.333359,,0.644455,True
3,556,window_drift,38947,38188,38908,720,2,5000,temporal,1,3,3,-543.642814230841,1.007494,0.765146,1.760331,1.381979,0.943447,2.319276,,2.396584,True
3,556,window_drift,38947,38188,38908,720,2,5000,static,2,21,21,-543.642814230841,0.989566,0.776775,1.778899,1.453787,0.977287,2.65231,,2.396584,True
3,557,window_drift,38546,35550,38430,2880,2,5000,static,1,65,65,-358.9733947160617,1.041745,0.672897,1.761003,1.73315,1.089087,2.480981,,1.585707,True
3,557,window_drift,38546,35550,38430,2880,2,5000,temporal,2,9,9,-358.9733947160617,0.850776,0.606437,1.486297,1.511766,0.967152,2.278615,,1.585707,True
3,558,window_drift,37585,37016,37376,360,4,1000,temporal,1,2,2,-834.9041115167161,0.861072,0.668601,1.61377,20.657222,13.686063,25.033859,,2.217322,True
3,558,window_drift,37585,37016,37376,360,4,1000,static,2,16,16,-834.9041115167161,5.122624,4.53105,9.218948,4.034559,2.852613,17.783487,,2.217322,True
3,559,window_drift,39204,37691,39131,1440,4,200,static,1,73,73,346.54940940394397,2.491016,1.874063,3.698652,3.471199,1.592798,4.476337,,4.493734,True
3,559,window_drift,39204,37691,39131,1440,4,200,temporal,2,10,10,346.54940940394397,2.01042,1.328168,2.972995,1.921325,1.266394,2.855387,,4.493734,True
3,560,window_drift,42114,41043,41763,720,8,200,temporal,1,12,12,1.6109652557204406,1.460038,1.083829,2.293307,2.260357,1.443422,3.257475,,4.477119,True
3,560,window_drift,42114,41043,41763,720,8,200,static,2,70,70,1.6109652557204406,1.245192,0.920311,2.110221,1.888556,1.166434,2.666782,,4.477119,True
3,561,window_drift,38009,36333,37773,1440,4,1000,static,1,74,74,445.6740224798998,1.325134,0.991449,2.263993,2.056649,1.358664,3.040497,,3.044934,True
3,561,window_drift,38009,36333,37773,1440,4,1000,temporal,2,11,11,445.6740224798998,1.164841,0.746178,1.965672,1.927515,1.392074,2.839843,,3.044934,True
3,562,window_drift,41330,38426,41306,2880,6,1000,temporal,1,26,26,-1024.730880285544,1.184912,0.84615,2.005632,5.557904,1.160144,6.499607,,2.153936,True
3,562,window_drift,41330,38426,41306,2880,6,1000,static,2,220,220,-1024.730880285544,1.256219,0.877086,1.946893,2.79796,1.29635,3.557799,,2.153936,True
3,563,window_drift,41841,38621,41501,2880,6,1000,static,1,217,217,231.44202354862614,2.374921,1.656534,3.251476,5.810064,1.473157,6.76628,,0.617213,True
3,563,window_drift,41841,38621,41501,2880,6,1000,temporal,2,29,29,231.44202354862608,1.806662,1.026092,2.457765,3.659553,1.759751,4.461786,,0.617213,True
3,564,window_drift,41411,40507,41227,720,2,5000,temporal,1,3,3,-856.6352228058847,1.533448,1.279655,2.22922,1.642703,1.221957,2.398396,,0.550172,True
3,564,window_drift,41411,40507,41227,720,2,5000,static,2,17,17,-856.6352228058847,1.092581,0.877457,1.749625,1.632148,1.155086,2.376954,,0.550172,True
3,565,window_drift,41055,40379,40739,360,4,5000,static,1,22,22,1035.4617807261106,1.397122,1.106873,2.014626,2.273137,1.480238,3.057833,,1.218552,True
3,565,window_drift,41055,40379,40739,360,4,5000,temporal,2,6,6,1035.4617807261106,1.399716,1.132793,2.000324,2.00406,1.552547,2.772692,,1.218552,True
3,566,window_drift,37866,34740,37620,2880,8,1000,temporal,1,38,38,1345.1284822024068,1.859401,1.311122,2.510957,3.081189,1.658908,3.886486,,3.150002,True
3,566,window_drift,37866,34740,37620,2880,8,1000,static,2,287,287,1345.1284822024068,2.492649,1.211652,3.232287,7.054766,1.718128,7.881185,,3.150002,True
3,567,window_drift,42556,41021,42461,1440,4,1000,static,1,71,71,-479.3661830235293,1.677335,1.168537,2.502624,2.626721,1.59363,3.596408,,2.804801,True
3,567,window_drift,42556,41021,42461,1440,4,1000,temporal,2,10,10,-479.3661830235293,1.456873,1.030278,2.316532,2.620162,1.581701,3.444267,,2.804801,True
3,568,window_drift,41897,41019,41739,720,4,200,temporal,1,7,7,788.2461961222427,1.530214,1.208156,2.21547,2.454572,1.684727,3.257996,,2.8441,True
3,568,window_drift,41897,41019,41739,720,4,200,static,2,38,38,788.2461961222427,1.291403,0.943346,1.963238,1.999923,1.499948,2.715395,,2.8441,True
3,569,window_drift,39704,36542,39422,2880,4,200,static,1,143,143,-26.332436555250524,1.868495,0.918879,2.57303,2.580611,1.459918,3.28114,,0.638195,True
3,569,window_drift,39704,36542,39422,2880,4,200,temporal,2,18,18,-26.332436555250524,1.466677,0.976647,2.144422,2.717133,1.543339,3.508855,,0.638195,True
3,570,window_drift,38759,37242,38682,1440,8,200,temporal,1,20,20,179.13745466019225,1.188837,0.888563,1.972713,1.876918,1.222528,2.83048,,1.685297,True
3,570,window_drift,38759,37242,38682,1440,8,200,static,2,146,146,179.13745466019225,1.428139,0.737285,2.25572,2.310433,1.186153,3.377266,,1.685297,True
3,571,window_drift,41534,39756,41196,1440,6,1000,static,1,111,111,-454.7080289060691,1.703876,1.086663,2.489659,2.220086,1.281097,3.300621,,2.125884,True
3,571,window_drift,41534,39756,41196,1440,6,1000,temporal,2,16,16,-454.7080289060691,1.106993,0.843956,1.825851,1.676174,1.094574,2.389082,,2.125884,True
3,572,window_drift,38257,36726,38166,1440,4,1000,temporal,1,10,10,-201.3110487958386,1.553008,1.172012,2.14958,1.961175,1.252384,2.666111,,2.946034,True
3,572,window_drift,38257,36726,38166,1440,4,1000,static,2,72,72,-201.3110487958386,1.304112,0.815713,1.912331,1.927675,1.234456,2.608594,,2.946034,True
3,573,window_drift,43136,39995,42875,2880,2,1000,static,1,74,74,127.89907851087838,1.446506,0.837166,2.051953,1.971701,1.094475,2.900606,,1.597184,True
3,573,window_drift,43136,39995,42875,2880,2,1000,temporal,2,9,9,127.8990785108781,1.285664,0.816365,1.894755,1.920954,1.069678,2.961948,,1.597184,True
3,574,window_drift,41990,40546,41986,1440,4,200,temporal,1,11,11,134.56674444051237,1.703225,1.38265,2.433199,2.225164,1.36919,3.028259,,2.046384,True
3,574,window_drift,41990,40546,41986,1440,4,200,static,2,70,70,134.56674444051237,1.21016,0.911898,1.853372,2.032013,1.310972,2.837119,,2.046384,True
3,575,window_drift,40446,39649,40369,720,6,1000,static,1,54,54,1009.3838395216746,1.619599,1.305103,2.270333,2.099004,1.438975,2.820013,,2.656606,True
3,575,window_drift,40446,39649,40369,720,6,1000,temporal,2,9,9,1009.3838395216746,1.153024,0.924517,1.804989,1.671738,1.231963,2.398987,,2.656606,True
3,576,window_drift,43038,42443,42803,360,6,1000,temporal,1,9,9,-215.45136495311806,1.399146,1.1376,2.045362,1.916918,1.478745,2.633632,,2.663998,True
3,576,window_drift,43038,42443,42803,360,6,1000,static,2,32,32,-215.45136495311806,1.172282,0.954423,1.790798,2.111372,1.58086,2.869669,,2.663998,True
3,577,window_drift,38133,34959,37839,2880,4,5000,static,1,145,145,734.2732907865025,1.498466,1.050328,2.135579,5.521949,1.509062,6.333286,,3.158455,True
3,577,window_drift,38133,34959,37839,2880,4,5000,temporal,2,18,18,734.2732907865025,1.296971,0.978209,1.951772,7.398576,1.398624,8.136572,,3.158455,True
3,578,window_drift,38662,37024,38464,1440,8,200,temporal,1,20,20,-634.0623955479193,1.414559,1.086482,2.211764,2.170482,1.412976,3.132286,,7.169119,True
3,578,window_drift,38662,37024,38464,1440,8,200,static,2,146,146,-634.0623955479193,1.240836,0.900021,1.95786,2.197202,1.244041,3.014978,,7.169119,True
3,579,window_drift,43040,42538,42898,360,2,5000,static,1,11,11,281.85988157458445,1.302359,1.019041,2.089749,1.629914,1.226735,2.507781,,6.133203,True
3,579,window_drift,43040,42538,42898,360,2,5000,temporal,2,3,3,281.85988157458445,0.892179,0.70095,1.658567,1.481419,1.150219,2.247378,,6.133203,True
3,580,window_drift,38730,37655,38375,720,2,1000,temporal,1,3,3,326.8874082213026,1.068185,0.830696,1.77933,1.827914,1.511485,2.634503,,1.844689,True
3,580,window_drift,38730,37655,38375,720,2,1000,static,2,20,20,326.8874082213026,0.996877,0.721451,1.704808,1.376161,0.999841,2.119284,,1.844689,True
3,581,window_drift,39582,39183,39543,360,4,1000,static,1,19,19,-177.78266905331924,0.990918,0.785678,1.709074,1.480248,1.16455,2.266777,,2.020414,True
3,581,window_drift,39582,39183,39543,360,4,1000,temporal,2,2,2,-177.78266905331924,1.994225,0.724986,2.675354,1.288018,0.976066,2.074416,,2.020414,True
3,582,window_drift,42410,40936,42376,1440,2,1000,temporal,1,6,6,-207.03073137818072,1.566238,1.083748,2.14257,2.021666,1.368019,2.796438,,3.753936,True
3,582,window_drift,42410,40936,42376,1440,2,1000,static,2,34,34,-207.03073137818072,1.294256,0.957928,1.927985,2.019564,1.360276,2.684108,,3.753936,True
3,583,window_drift,41321,40959,41319,360,6,1000,static,1,31,31,-1476.6828184086448,1.206124,0.994694,1.813531,2.057942,1.600299,2.72486,,2.326887,True
3,583,window_drift,41321,40959,41319,360,6,1000,temporal,2,9,9,-1476.6828184086448,1.207305,0.981083,1.803396,1.916818,1.405595,2.627243,,2.326887,True
3,584,window_drift,39913,36825,39705,2880,6,1000,temporal,1,27,27,-1257.5552282028038,1.21045,0.887482,1.82575,5.606767,1.215959,6.346756,,2.353549,True
3,584,window_drift,39913,36825,39705,2880,6,1000,static,2,222,222,-1257.5552282028038,1.142918,0.820751,1.809546,4.598883,1.110329,5.300243,,2.353549,True
3,585,window_drift,42632,41600,42320,720,4,200,static,1,38,38,323.19103385008054,1.053213,0.789544,1.638447,1.46194,1.042276,2.184713,,2.651339,True
3,585,window_drift,42632,41600,42320,720,4,200,temporal,2,6,6,323.19103385008054,0.929465,0.7674,1.586799,1.34927,1.029477,2.005032,,2.651339,True
3,586,window_drift,38433,36921,38361,1440,4,5000,temporal,1,10,10,-358.52869541576274,1.078491,0.834021,1.62746,1.573358,1.029667,2.338836,,2.078663,True
3,586,window_drift,38433,36921,38361,1440,4,5000,static,2,73,73,-358.52869541576274,0.8867,0.633868,1.419356,1.615142,1.153684,2.305396,,2.078663,True
3,587,window_drift,42944,41464,42904,1440,6,200,static,1,105,105,426.3600518623848,22.052832,0.832009,22.854213,5.981293,1.663445,7.050995,,2.063089,True
3,587,window_drift,42944,41464,42904,1440,6,200,temporal,2,15,15,426.3600518623848,1.161456,0.908473,2.198905,1.745129,1.108246,2.859454,,2.063089,True
3,588,window_drift,40977,37959,40839,2880,4,1000,temporal,1,20,20,-329.4621996279077,0.986552,0.742463,1.776346,1.9118,0.990378,2.917521,,2.578578,True
3,588,window_drift,40977,37959,40839,2880,4,1000,static,2,144,144,-329.4621996279077,1.133193,0.844687,1.988677,1.67351,1.041244,2.721224,,2.578578,True
3,589,window_drift,42831,42413,42773,360,2,1000,static,1,10,10,-269.4741640890964,1.000743,0.745427,1.819331,1.33641,1.028125,2.245735,,2.83094,True
3,589,window_drift,42831,42413,42773,360,2,1000,temporal,2,3,3,-269.4741640890964,0.803575,0.623963,1.551155,1.260386,0.97892,2.201048,,2.83094,True
3,590,window_drift,40441,37475,40355,2880,8,5000,temporal,1,37,37,1353.2116773027958,1.143969,0.829314,1.976548,2.015347,1.101846,3.030142,,8.312017,True
3,590,window_drift,40441,37475,40355,2880,8,5000,static,2,288,288,1353.2116773027958,1.094996,0.747961,1.965862,25.781174,1.158151,26.974918,,8.312017,True
3,591,window_drift,38157,37173,37893,720,4,200,static,1,36,36,1066.149801665664,1.552557,1.237011,3.093487,2.276292,1.524835,9.362715,,2.96943,True
3,591,window_drift,38157,37173,37893,720,4,200,temporal,2,5,5,1066.149801665664,0.924688,0.702232,1.777948,1.493899,1.13115,2.233547,,2.96943,True
3,592,window_drift,40621,39691,40411,720,2,200,temporal,1,3,3,190.3996241960686,1.989739,1.586899,2.768625,2.623236,2.151232,3.31396,,2.704449,True
3,592,window_drift,40621,39691,40411,720,2,200,static,2,17,17,190.3996241960686,1.271172,1.018941,2.111142,1.411443,1.072381,2.280959,,2.704449,True
3,593,window_drift,40478,38859,40299,1440,4,1000,static,1,72,72,256.47399237259856,1.621191,1.21034,2.365466,2.077842,1.334488,2.893776,,1.544125,True
3,593,window_drift,40478,38859,40299,1440,4,1000,temporal,2,9,9,256.47399237259856,1.093813,0.868363,1.700731,1.771949,1.09101,2.557396,,1.544125,True
3,594,window_drift,42737,39502,42382,2880,4,1000,temporal,1,20,20,-786.6826679181737,1.784308,1.252674,2.423384,1.836787,1.193084,2.631578,,3.164034,True
3,594,window_drift,42737,39502,42382,2880,4,1000,static,2,143,143,-786.6826679181737,1.788343,0.97191,2.48695,2.757699,1.563033,3.626774,,3.164034,True
3,595,window_drift,39797,38069,39509,1440,2,1000,static,1,40,40,-142.52594864465095,1.446057,1.117449,2.068948,2.156691,1.423372,2.957732,,1.129728,True
3,595,window_drift,39797,38069,39509,1440,2,1000,temporal,2,5,5,-142.52594864465095,1.25665,0.942064,1.910779,2.201198,1.456493,3.124875,,1.129728,True
3,596,window_drift,38441,37407,38127,720,2,1000,temporal,1,2,2,844.0158394842327,1.521901,1.13733,2.105153,1.888375,1.357012,2.662675,,1.545336,True
3,596,window_drift,38441,37407,38127,720,2,1000,static,2,16,16,844.0158394842327,1.257121,0.994013,2.05068,1.929498,1.421369,2.637597,,1.545336,True
3,597,window_drift,42056,41157,41877,720,2,1000,static,1,20,20,292.0280694579925,1.021254,0.789924,1.617826,1.843768,1.381789,2.493791,,1.843457,True
3,597,window_drift,42056,41157,41877,720,2,1000,temporal,2,3,3,292.0280694579925,1.141075,0.913501,1.92485,1.339445,0.989196,2.161188,,1.843457,True
3,598,window_drift,39231,36067,38947,2880,2,1000,temporal,1,10,10,207.22923457228075,1.155517,0.882284,1.744107,1.637776,1.08454,2.323553,,2.03046,True
3,598,window_drift,39231,36067,38947,2880,2,1000,static,2,80,80,207.22923457228072,0.930106,0.637735,1.532417,1.634381,1.070809,2.30809,,2.03046,True
3,599,window_drift,42039,41263,41983,720,4,1000,static,1,38,38,1684.672288482942,1.612769,1.288959,2.358065,2.212465,1.504505,2.972053,,6.147935,True
3,599,window_drift,42039,41263,41983,720,4,1000,temporal,2,6,6,1684.672288482942,1.290181,0.9457,1.881945,1.910038,1.339605,2.683477,,6.147935,True
