run_id,payload_bytes,rep,query_id,layout,position,resolver_ms,full_ms,version_slices,payload_bytes_seen,signal_sum
0,256,0,0,static,0,0.444691000,2.001349000,265,67840,186.79309383538100
0,256,0,0,temporal,1,0.717643000,2.327381000,27,6912,186.79309383538100
0,256,0,1,temporal,0,0.556069000,2.242633000,28,7168,148.71129491535748
0,256,0,1,static,1,0.521286000,2.217956000,264,67584,148.71129491535748
0,256,0,2,static,0,0.571743000,2.458259000,267,68352,-126.87123466668349
0,256,0,2,temporal,1,0.637452000,2.346240000,28,7168,-126.87123466668349
0,256,0,3,temporal,0,0.563610000,1.994268000,28,7168,-191.49540428914040
0,256,0,3,static,1,0.523019000,2.278026000,264,67584,-191.49540428914040
0,256,0,4,static,0,0.414845000,2.363045000,264,67584,1.8037555700466423
0,256,0,4,temporal,1,0.522568000,1.916211000,28,7168,1.8037555700466423
0,256,0,5,temporal,0,0.633996000,2.186478000,28,7168,216.54924802971172
0,256,0,5,static,1,0.556039000,2.152127000,263,67328,216.54924802971172
0,256,0,6,static,0,0.511922000,1.942861000,264,67584,211.92356392188944
0,256,0,6,temporal,1,0.626935000,2.061680000,28,7168,211.92356392188944
0,256,0,7,temporal,0,0.437961000,2.014830000,28,7168,-238.38309225623945
0,256,0,7,static,1,0.874630000,2.423387000,264,67584,-238.38309225623945
0,256,0,8,static,0,0.642019000,2.159358000,265,67840,59.697882190796214
0,256,0,8,temporal,1,0.609500000,2.049762000,28,7168,59.697882190796214
0,256,0,9,temporal,0,0.437470000,1.948910000,28,7168,241.92214674868507
0,256,0,9,static,1,0.594447000,2.178827000,265,67840,241.92214674868507
0,256,0,10,static,0,0.502277000,1.951614000,264,67584,-33.086002666277324
0,256,0,10,temporal,1,0.487535000,2.148321000,28,7168,-33.086002666277324
0,256,0,11,temporal,0,0.465021000,1.938955000,28,7168,-247.88778815770874
0,256,0,11,static,1,0.501206000,1.956441000,265,67840,-247.88778815770874
0,256,0,12,static,0,0.418221000,2.073017000,265,67840,-97.988155799726440
0,256,0,12,temporal,1,0.596280000,2.068351000,28,7168,-97.988155799726440
0,256,0,13,temporal,0,0.449288000,2.119217000,28,7168,123.14328169347557
0,256,0,13,static,1,0.575187000,2.109322000,264,67584,123.14328169347557
0,256,0,14,static,0,0.521637000,1.947037000,266,68096,-186.94425216156380
0,256,0,14,temporal,1,0.478933000,2.012487000,28,7168,-186.94425216156380
0,256,0,15,temporal,0,0.532223000,2.049853000,28,7168,137.37887422041484
0,256,0,15,static,1,0.543951000,2.126629000,263,67328,137.37887422041484
0,256,0,16,static,0,0.393213000,1.721527000,264,67584,-138.54400842191214
0,256,0,16,temporal,1,0.408256000,1.817142000,28,7168,-138.54400842191214
0,256,0,17,temporal,0,0.343909000,1.841658000,28,7168,170.51056297579052
0,256,0,17,static,1,0.399833000,2.166899000,265,67840,170.51056297579052
0,256,0,18,static,0,0.475958000,1.780876000,264,67584,-74.220003246754220
0,256,0,18,temporal,1,0.365031000,1.995410000,28,7168,-74.220003246754220
0,256,0,19,temporal,0,0.426944000,1.896150000,28,7168,189.39472496065642
0,256,0,19,static,1,0.473454000,1.995921000,264,67584,189.39472496065642
0,256,0,20,static,0,0.366493000,1.689048000,264,67584,-163.44793692128312
0,256,0,20,temporal,1,0.418762000,2.223114000,28,7168,-163.44793692128312
0,256,0,21,temporal,0,0.398051000,1.896281000,28,7168,211.92356392188944
0,256,0,21,static,1,0.538262000,2.260100000,264,67584,211.92356392188944
0,256,0,22,static,0,0.707618000,3.208180000,265,67840,-31.468994706350770
0,256,0,22,temporal,1,0.697582000,3.253999000,28,7168,-31.468994706350770
0,256,0,23,temporal,0,0.588938000,2.369555000,28,7168,184.30456222609754
0,256,0,23,static,1,0.633776000,2.101380000,266,68096,184.30456222609754
0,256,0,24,static,0,0.595779000,2.131336000,263,67328,67.376716671678610
0,256,0,24,temporal,1,0.472803000,1.895740000,28,7168,67.376716671678610
0,256,0,25,temporal,0,0.358581000,2.249764000,28,7168,153.94378489364385
0,256,0,25,static,1,0.489639000,2.019167000,266,68096,153.94378489364385
0,256,0,26,static,0,0.557721000,2.360681000,264,67584,169.62073320863640
0,256,0,26,temporal,1,0.529148000,2.048030000,28,7168,169.62073320863640
0,256,0,27,temporal,0,0.482698000,1.892676000,28,7168,20.024990636616565
0,256,0,27,static,1,0.458321000,2.292388000,265,67840,20.024990636616565
0,256,0,28,static,0,0.443459000,2.350005000,263,67328,225.15659156332768
0,256,0,28,temporal,1,0.763401000,2.246959000,28,7168,225.15659156332768
0,256,0,29,temporal,0,0.458021000,2.244847000,28,7168,-227.99545430875280
0,256,0,29,static,1,0.413784000,2.125877000,266,68096,-227.99545430875280
0,256,0,30,static,0,0.610281000,2.134851000,266,68096,-236.30576831321787
0,256,0,30,temporal,1,0.463620000,2.080950000,28,7168,-236.30576831321787
0,256,0,31,temporal,0,0.511051000,1.938084000,28,7168,118.25621079137342
0,256,0,31,static,1,0.425682000,1.852574000,266,68096,118.25621079137342
0,256,0,32,static,0,0.393324000,2.114400000,263,67328,-182.83597712776816
0,256,0,32,temporal,1,0.572394000,2.108411000,27,6912,-182.83597712776816
0,256,0,33,temporal,0,0.506324000,2.318999000,28,7168,184.02717511494836
0,256,0,33,static,1,0.416799000,1.758843000,265,67840,184.02717511494836
0,256,0,34,static,0,0.365451000,2.060718000,265,67840,-136.58389545204253
0,256,0,34,temporal,1,0.398592000,1.893928000,28,7168,-136.58389545204253
0,256,0,35,temporal,0,0.596360000,2.115351000,28,7168,187.38259779306634
0,256,0,35,static,1,0.466734000,1.865455000,265,67840,187.38259779306634
0,256,0,36,static,0,0.504701000,1.913266000,265,67840,240.48304709220568
0,256,0,36,temporal,1,0.471422000,1.925075000,28,7168,240.48304709220568
0,256,0,37,temporal,0,0.605674000,2.179969000,28,7168,-93.298557088524050
0,256,0,37,static,1,0.478421000,1.911383000,263,67328,-93.298557088524050
0,256,0,38,static,0,0.370749000,1.990623000,264,67584,-225.59809303038475
0,256,0,38,temporal,1,0.440274000,1.944784000,28,7168,-225.59809303038475
0,256,0,39,temporal,0,0.404210000,1.780677000,28,7168,-159.85436747045730
0,256,0,39,static,1,0.347003000,1.969341000,266,68096,-159.85436747045730
0,256,0,40,static,0,0.385422000,1.833567000,265,67840,89.619871573018240
0,256,0,40,temporal,1,0.337149000,1.777522000,28,7168,89.619871573018240
0,256,0,41,temporal,0,0.337389000,2.049172000,28,7168,-241.00018021971604
0,256,0,41,static,1,0.420645000,2.751130000,264,67584,-241.00018021971604
0,256,0,42,static,0,0.521487000,2.810270000,263,67328,100.28658366799715
0,256,0,42,temporal,1,0.574597000,1.978365000,28,7168,100.28658366799715
0,256,0,43,temporal,0,0.663280000,2.546572000,28,7168,195.78335560504790
0,256,0,43,static,1,0.611453000,2.232609000,266,68096,195.78335560504790
0,256,0,44,static,0,0.423600000,2.033659000,263,67328,212.41454141262366
0,256,0,44,temporal,1,0.483980000,1.990643000,28,7168,212.41454141262366
0,256,0,45,temporal,0,0.424400000,1.991415000,28,7168,214.00759697799685
0,256,0,45,static,1,0.596681000,2.015371000,265,67840,214.00759697799685
0,256,0,46,static,0,0.675880000,3.058294000,266,68096,116.06880128455212
0,256,0,46,temporal,1,0.744413000,3.238266000,28,7168,116.06880128455212
0,256,0,47,temporal,0,0.715840000,3.269402000,28,7168,85.175091146783130
0,256,0,47,static,1,0.723742000,3.294360000,265,67840,85.175091146783130
0,256,0,48,static,0,0.645534000,2.410126000,264,67584,243.35855270289875
0,256,0,48,temporal,1,0.564551000,2.030613000,28,7168,243.35855270289875
0,256,0,49,temporal,0,0.799026000,2.405579000,27,6912,186.79309383538100
0,256,0,49,static,1,0.532192000,1.988159000,265,67840,186.79309383538100
0,256,0,50,static,0,0.376699000,1.918865000,264,67584,110.60073492243193
0,256,0,50,temporal,1,0.509148000,2.024915000,28,7168,110.60073492243193
0,256,0,51,temporal,0,0.389848000,2.098105000,28,7168,20.956959702202760
0,256,0,51,static,1,0.434335000,2.165076000,263,67328,20.956959702202760
0,256,0,52,static,0,0.383418000,2.004964000,264,67584,178.77095019542577
0,256,0,52,temporal,1,0.397520000,1.859726000,28,7168,178.77095019542577
0,256,0,53,temporal,0,0.331190000,1.793556000,28,7168,-81.600701014380900
0,256,0,53,static,1,0.463619000,2.131135000,263,67328,-81.600701014380900
0,256,0,54,static,0,0.377009000,1.912656000,265,67840,59.469535280601960
0,256,0,54,temporal,1,0.619554000,2.887396000,28,7168,59.469535280601960
0,256,0,55,temporal,0,0.413534000,1.970683000,28,7168,117.63990080373287
0,256,0,55,static,1,0.501707000,2.076953000,264,67584,117.63990080373287
0,256,0,56,static,0,0.404200000,2.486501000,265,67840,171.20607968492254
0,256,0,56,temporal,1,0.404510000,1.855129000,28,7168,171.20607968492254
0,256,0,57,temporal,0,0.536219000,2.119968000,28,7168,158.74324404615214
0,256,0,57,static,1,0.403950000,2.049642000,264,67584,158.74324404615214
0,256,0,58,static,0,0.435396000,1.905935000,264,67584,22.744817101360024
0,256,0,58,temporal,1,0.428236000,1.909170000,28,7168,22.744817101360024
0,256,0,59,temporal,0,0.574677000,2.616517000,28,7168,-205.16718382927735
0,256,0,59,static,1,0.817333000,3.335022000,266,68096,-205.16718382927735
0,256,0,60,static,0,0.799426000,2.898543000,264,67584,65.290140237835570
0,256,0,60,temporal,1,0.571542000,2.052056000,28,7168,65.290140237835570
0,256,0,61,temporal,0,0.518002000,2.168772000,28,7168,-204.42606676607735
0,256,0,61,static,1,1.442056000,3.033086000,266,68096,-204.42606676607735
0,256,0,62,static,0,0.688559000,2.261872000,264,67584,-210.43689576826105
0,256,0,62,temporal,1,0.505703000,2.017835000,28,7168,-210.43689576826105
0,256,0,63,temporal,0,0.455838000,2.112327000,28,7168,169.44610479127454
0,256,0,63,static,1,0.560946000,2.444227000,265,67840,169.44610479127454
0,256,0,64,static,0,0.603851000,2.260320000,264,67584,-216.96175348188550
0,256,0,64,temporal,1,0.482468000,2.576026000,28,7168,-216.96175348188550
0,256,0,65,temporal,0,0.584712000,2.282884000,28,7168,-150.36999562468012
0,256,0,65,static,1,0.663861000,2.310636000,265,67840,-150.36999562468012
0,256,0,66,static,0,0.614457000,2.186008000,264,67584,-90.186517228663260
0,256,0,66,temporal,1,0.789321000,3.310605000,28,7168,-90.186517228663260
0,256,0,67,temporal,0,0.679586000,2.209644000,28,7168,-70.088500193644020
0,256,0,67,static,1,0.547706000,1.952265000,266,68096,-70.088500193644020
0,256,0,68,static,0,0.432192000,2.030793000,266,68096,139.66125854483062
0,256,0,68,temporal,1,0.537321000,2.283485000,28,7168,139.66125854483062
0,256,0,69,temporal,0,0.539875000,2.201772000,28,7168,97.809279512503990
0,256,0,69,static,1,0.462788000,2.017453000,264,67584,97.809279512503990
0,256,0,70,static,0,0.624862000,2.391347000,266,68096,196.13236059119512
0,256,0,70,temporal,1,0.704713000,3.343875000,28,7168,196.13236059119512
0,256,0,71,temporal,0,0.715840000,2.393120000,28,7168,14.837517854804483
0,256,0,71,static,1,0.606825000,3.099406000,264,67584,14.837517854804483
0,256,0,72,static,0,0.782921000,2.330546000,265,67840,-64.117023754521240
0,256,0,72,temporal,1,0.677732000,2.999845000,28,7168,-64.117023754521240
0,256,0,73,temporal,0,0.677522000,2.644620000,28,7168,-197.80204976728263
0,256,0,73,static,1,0.528567000,2.322544000,267,68352,-197.80204976728263
0,256,0,74,static,0,0.494186000,1.874078000,263,67328,74.294740652974840
0,256,0,74,temporal,1,0.511201000,1.949811000,28,7168,74.294740652974840
0,256,0,75,temporal,0,0.410329000,1.864603000,28,7168,-53.010872605247854
0,256,0,75,static,1,0.550010000,2.037444000,264,67584,-53.010872605247854
0,256,0,76,static,0,0.441806000,2.218647000,265,67840,3.9924160248702947
0,256,0,76,temporal,1,0.646365000,2.150704000,28,7168,3.9924160248702947
0,256,0,77,temporal,0,0.654007000,2.133659000,28,7168,242.50180579310410
0,256,0,77,static,1,0.528938000,1.971684000,265,67840,242.50180579310410
0,256,0,78,static,0,0.432843000,1.787237000,265,67840,165.01789172620389
0,256,0,78,temporal,1,0.442888000,1.888449000,28,7168,165.01789172620389
0,256,0,79,temporal,0,0.448056000,1.925965000,28,7168,241.89143095942111
0,256,0,79,static,1,0.393935000,1.768178000,264,67584,241.89143095942111
0,256,0,80,static,0,0.382597000,2.160940000,264,67584,144.81800281816754
0,256,0,80,temporal,1,0.654357000,2.056002000,28,7168,144.81800281816754
0,256,0,81,temporal,0,0.600386000,2.676638000,28,7168,-96.783270321737460
0,256,0,81,static,1,0.436709000,2.292829000,262,67072,-96.783270321737460
0,256,0,82,static,0,0.449398000,1.974259000,263,67328,-31.619896031618940
0,256,0,82,temporal,1,0.518732000,2.257125000,28,7168,-31.619896031618940
0,256,0,83,temporal,0,0.404450000,1.899346000,28,7168,130.62177814583833
0,256,0,83,static,1,0.418211000,2.020128000,264,67584,130.62177814583833
0,256,0,84,static,0,0.502909000,2.047679000,264,67584,-150.21560601422948
0,256,0,84,temporal,1,0.526064000,2.005756000,28,7168,-150.21560601422948
0,256,0,85,temporal,0,0.435497000,2.000248000,28,7168,-215.45249824599450
0,256,0,85,static,1,0.473103000,2.739563000,265,67840,-215.45249824599450
0,256,0,86,static,0,0.419402000,2.102482000,264,67584,-227.37080682368065
0,256,0,86,temporal,1,0.432212000,1.896261000,28,7168,-227.37080682368065
0,256,0,87,temporal,0,0.390549000,1.912355000,28,7168,-216.28609658092344
0,256,0,87,static,1,0.626786000,2.075882000,263,67328,-216.28609658092344
0,256,0,88,static,0,0.493244000,2.075361000,266,68096,81.654618669315720
0,256,0,88,temporal,1,0.536520000,2.100729000,28,7168,81.654618669315720
0,256,0,89,temporal,0,0.484671000,2.105617000,28,7168,-138.82500555771097
0,256,0,89,static,1,0.563971000,2.269083000,266,68096,-138.82500555771097
0,256,0,90,static,0,0.815821000,2.292889000,264,67584,132.55682979445837
0,256,0,90,temporal,1,0.596921000,2.284327000,28,7168,132.55682979445837
0,256,0,91,temporal,0,0.576530000,2.438589000,28,7168,-242.17267042396160
0,256,0,91,static,1,0.543039000,2.217616000,263,67328,-242.17267042396160
0,256,0,92,static,0,0.523370000,2.340281000,266,68096,-101.93271596363331
0,256,0,92,temporal,1,0.749030000,3.278365000,28,7168,-101.93271596363331
0,256,0,93,temporal,0,0.681348000,2.730459000,28,7168,179.46705042906340
0,256,0,93,static,1,0.920429000,2.841837000,264,67584,179.46705042906340
0,256,0,94,static,0,0.578202000,2.146809000,264,67584,160.44543124688792
0,256,0,94,temporal,1,0.576190000,2.675367000,28,7168,160.44543124688792
0,256,0,95,temporal,0,0.814068000,3.481583000,28,7168,175.78304844706910
0,256,0,95,static,1,0.796682000,3.568043000,264,67584,175.78304844706910
0,256,0,96,static,0,0.718124000,3.292157000,264,67584,105.44517954726165
0,256,0,96,temporal,1,0.817463000,4.021347000,28,7168,105.44517954726165
0,256,0,97,temporal,0,0.959628000,3.757589000,28,7168,180.15615139521304
0,256,0,97,static,1,0.832466000,3.461612000,264,67584,180.15615139521304
0,256,0,98,static,0,0.665964000,3.087728000,264,67584,-216.96175348188550
0,256,0,98,temporal,1,0.735299000,3.284195000,28,7168,-216.96175348188550
0,256,0,99,temporal,0,0.613235000,3.387601000,28,7168,204.63364112396786
0,256,0,99,static,1,0.834890000,4.544817000,264,67584,204.63364112396786
0,256,0,100,static,0,0.812546000,3.282502000,263,67328,56.209951730887370
0,256,0,100,temporal,1,0.738605000,3.058565000,28,7168,56.209951730887370
0,256,0,101,temporal,0,0.560185000,2.984553000,28,7168,-90.186517228663260
0,256,0,101,static,1,0.775450000,3.440871000,264,67584,-90.186517228663260
0,256,0,102,static,0,0.694338000,3.088049000,265,67840,47.069955544832220
0,256,0,102,temporal,1,0.677202000,3.221831000,28,7168,47.069955544832220
0,256,0,103,temporal,0,0.669951000,3.402924000,28,7168,222.47721676461757
0,256,0,103,static,1,0.942282000,3.647282000,266,68096,222.47721676461757
0,256,0,104,static,0,0.748449000,3.312637000,266,68096,163.93604289837400
0,256,0,104,temporal,1,0.721749000,2.955139000,28,7168,163.93604289837400
0,256,0,105,temporal,0,0.569148000,3.041428000,28,7168,-68.113340604846610
0,256,0,105,static,1,0.737183000,3.326128000,264,67584,-68.113340604846610
0,256,0,106,static,0,0.789721000,3.522704000,266,68096,163.93604289837400
0,256,0,106,temporal,1,1.038778000,3.798040000,28,7168,163.93604289837400
0,256,0,107,temporal,0,0.767228000,3.389474000,28,7168,-244.01961921475552
0,256,0,107,static,1,0.802491000,2.853996000,262,67072,-244.01961921475552
0,256,0,108,static,0,0.583991000,2.000067000,263,67328,208.34755121315774
0,256,0,108,temporal,1,0.529599000,1.923172000,28,7168,208.34755121315774
0,256,0,109,temporal,0,0.413614000,1.756750000,28,7168,240.48304709220568
0,256,0,109,static,1,0.475678000,3.282533000,265,67840,240.48304709220568
0,256,0,110,static,0,0.507906000,1.983112000,263,67328,0.62244504227839540
0,256,0,110,temporal,1,0.478332000,1.966187000,28,7168,0.62244504227839540
0,256,0,111,temporal,0,0.387484000,2.049692000,28,7168,-42.544067224964730
0,256,0,111,static,1,0.503180000,1.872495000,267,68352,-42.544067224964730
0,256,0,112,static,0,0.357289000,1.965755000,266,68096,166.11938770271865
0,256,0,112,temporal,1,0.412753000,1.987448000,28,7168,166.11938770271865
0,256,0,113,temporal,0,0.435828000,1.926387000,28,7168,215.09928085668543
0,256,0,113,static,1,0.547617000,1.912055000,265,67840,215.09928085668543
0,256,0,114,static,0,0.361526000,1.835069000,263,67328,-57.009200546379870
0,256,0,114,temporal,1,0.417810000,1.850712000,28,7168,-57.009200546379870
0,256,0,115,temporal,0,0.570511000,2.358438000,28,7168,-237.31844906783346
0,256,0,115,static,1,0.492583000,1.938825000,264,67584,-237.31844906783346
0,256,0,116,static,0,0.353914000,1.827046000,264,67584,67.350345079123640
0,256,0,116,temporal,1,0.356307000,1.740966000,28,7168,67.350345079123640
0,256,0,117,temporal,0,0.620166000,2.290916000,28,7168,-163.02312017529810
0,256,0,117,static,1,0.513044000,1.946487000,264,67584,-163.02312017529810
0,256,0,118,static,0,0.460365000,1.910492000,264,67584,-29.124694787021575
0,256,0,118,temporal,1,0.741930000,2.249003000,28,7168,-29.124694787021575
0,256,0,119,temporal,0,0.399222000,1.989752000,28,7168,52.875387912059395
0,256,0,119,static,1,0.565443000,2.003532000,265,67840,52.875387912059395
0,256,1,0,temporal,0,0.491912000,1.989451000,27,6912,186.79309383538100
0,256,1,0,static,1,0.437169000,1.829209000,265,67840,186.79309383538100
0,256,1,1,static,0,0.422477000,2.093859000,264,67584,148.71129491535748
0,256,1,1,temporal,1,0.604933000,2.085827000,28,7168,148.71129491535748
0,256,1,2,temporal,0,0.409337000,2.058976000,28,7168,-126.87123466668349
0,256,1,2,static,1,0.485332000,1.937473000,267,68352,-126.87123466668349
0,256,1,3,static,0,0.398812000,1.728618000,264,67584,-191.49540428914040
0,256,1,3,temporal,1,0.435847000,1.773515000,28,7168,-191.49540428914040
0,256,1,4,temporal,0,0.379182000,1.676559000,28,7168,1.8037555700466423
0,256,1,4,static,1,0.417730000,1.697921000,264,67584,1.8037555700466423
0,256,1,5,static,0,0.341936000,1.710210000,263,67328,216.54924802971172
0,256,1,5,temporal,1,0.391310000,1.883211000,28,7168,216.54924802971172
0,256,1,6,temporal,0,0.353604000,1.841709000,28,7168,211.92356392188944
0,256,1,6,static,1,0.498312000,1.980178000,264,67584,211.92356392188944
0,256,1,7,static,0,0.409438000,1.874458000,264,67584,-238.38309225623945
0,256,1,7,temporal,1,0.535047000,2.016632000,28,7168,-238.38309225623945
0,256,1,8,temporal,0,0.447475000,1.918184000,28,7168,59.697882190796214
0,256,1,8,static,1,0.515798000,1.961399000,265,67840,59.697882190796214
0,256,1,9,static,0,0.416037000,1.757982000,265,67840,241.92214674868507
0,256,1,9,temporal,1,0.456138000,1.768238000,28,7168,241.92214674868507
0,256,1,10,temporal,0,0.333533000,1.839285000,28,7168,-33.086002666277324
0,256,1,10,static,1,0.437991000,2.111446000,264,67584,-33.086002666277324
0,256,1,11,static,0,0.395336000,1.844552000,265,67840,-247.88778815770874
0,256,1,11,temporal,1,0.389167000,2.144205000,28,7168,-247.88778815770874
0,256,1,12,temporal,0,0.363378000,1.680315000,28,7168,-97.988155799726440
0,256,1,12,static,1,0.394745000,1.754337000,265,67840,-97.988155799726440
0,256,1,13,static,0,0.349307000,1.840036000,264,67584,123.14328169347557
0,256,1,13,temporal,1,0.394054000,1.793426000,28,7168,123.14328169347557
0,256,1,14,temporal,0,0.294654000,1.797872000,28,7168,-186.94425216156380
0,256,1,14,static,1,0.453875000,2.289334000,266,68096,-186.94425216156380
0,256,1,15,static,0,0.399453000,2.000048000,263,67328,137.37887422041484
0,256,1,15,temporal,1,0.546294000,2.072226000,28,7168,137.37887422041484
0,256,1,16,temporal,0,0.451361000,1.899686000,28,7168,-138.54400842191214
0,256,1,16,static,1,0.741339000,2.103694000,264,67584,-138.54400842191214
0,256,1,17,static,0,0.341996000,1.828639000,265,67840,170.51056297579052
0,256,1,17,temporal,1,0.407114000,1.954548000,28,7168,170.51056297579052
0,256,1,18,temporal,0,0.343839000,1.644701000,28,7168,-74.220003246754220
0,256,1,18,static,1,0.477341000,1.768869000,264,67584,-74.220003246754220
0,256,1,19,static,0,0.364190000,1.790512000,264,67584,189.39472496065642
0,256,1,19,temporal,1,0.422598000,1.991044000,28,7168,189.39472496065642
0,256,1,20,temporal,0,0.656391000,2.061240000,28,7168,-163.44793692128312
0,256,1,20,static,1,0.571972000,2.041469000,264,67584,-163.44793692128312
0,256,1,21,static,0,0.405162000,1.735929000,264,67584,211.92356392188944
0,256,1,21,temporal,1,0.698353000,2.189102000,28,7168,211.92356392188944
0,256,1,22,temporal,0,0.395336000,1.843762000,28,7168,-31.468994706350770
0,256,1,22,static,1,0.468777000,1.884153000,265,67840,-31.468994706350770
0,256,1,23,static,0,0.342186000,1.653404000,266,68096,184.30456222609754
0,256,1,23,temporal,1,0.325411000,1.707056000,28,7168,184.30456222609754
0,256,1,24,temporal,0,0.297128000,1.696750000,28,7168,67.376716671678610
0,256,1,24,static,1,0.337419000,1.985105000,263,67328,67.376716671678610
0,256,1,25,static,0,0.339312000,1.736530000,266,68096,153.94378489364385
0,256,1,25,temporal,1,0.395066000,1.756060000,28,7168,153.94378489364385
0,256,1,26,temporal,0,0.288926000,1.685072000,28,7168,169.62073320863640
0,256,1,26,static,1,0.320824000,2.195812000,264,67584,169.62073320863640
0,256,1,27,static,0,0.344039000,1.984905000,265,67840,20.024990636616565
0,256,1,27,temporal,1,0.367675000,2.106829000,28,7168,20.024990636616565
0,256,1,28,temporal,0,0.367535000,1.752154000,28,7168,225.15659156332768
0,256,1,28,static,1,0.396368000,1.806185000,263,67328,225.15659156332768
0,256,1,29,static,0,0.384410000,1.828048000,266,68096,-227.99545430875280
0,256,1,29,temporal,1,0.349598000,1.866326000,28,7168,-227.99545430875280
0,256,1,30,temporal,0,0.431241000,2.122382000,28,7168,-236.30576831321787
0,256,1,30,static,1,0.382006000,1.932205000,266,68096,-236.30576831321787
0,256,1,31,static,0,0.349347000,1.818093000,266,68096,118.25621079137342
0,256,1,31,temporal,1,0.343528000,1.915580000,28,7168,118.25621079137342
0,256,1,32,temporal,0,0.408847000,1.822299000,27,6912,-182.83597712776816
0,256,1,32,static,1,0.371611000,1.769860000,263,67328,-182.83597712776816
0,256,1,33,static,0,0.469699000,1.782229000,265,67840,184.02717511494836
0,256,1,33,temporal,1,0.332442000,1.731212000,28,7168,184.02717511494836
0,256,1,34,temporal,0,0.300554000,1.721587000,28,7168,-136.58389545204253
0,256,1,34,static,1,0.345251000,1.723530000,265,67840,-136.58389545204253
0,256,1,35,static,0,0.347273000,1.760536000,265,67840,187.38259779306634
0,256,1,35,temporal,1,0.323127000,1.695307000,28,7168,187.38259779306634
0,256,1,36,temporal,0,0.286843000,1.604911000,28,7168,240.48304709220568
0,256,1,36,static,1,0.340364000,1.620755000,265,67840,240.48304709220568
0,256,1,37,static,0,0.348806000,1.753295000,263,67328,-93.298557088524050
0,256,1,37,temporal,1,0.297278000,1.664000000,28,7168,-93.298557088524050
0,256,1,38,temporal,0,0.302627000,1.664411000,28,7168,-225.59809303038475
0,256,1,38,static,1,0.367214000,1.739555000,264,67584,-225.59809303038475
0,256,1,39,static,0,0.348055000,1.699254000,266,68096,-159.85436747045730
0,256,1,39,temporal,1,0.283077000,1.679444000,28,7168,-159.85436747045730
0,256,1,40,temporal,0,0.524802000,2.100539000,28,7168,89.619871573018240
0,256,1,40,static,1,0.343969000,1.734227000,265,67840,89.619871573018240
0,256,1,41,static,0,0.414145000,1.890492000,264,67584,-241.00018021971604
0,256,1,41,temporal,1,0.322606000,1.718993000,28,7168,-241.00018021971604
0,256,1,42,temporal,0,0.349037000,1.785724000,28,7168,100.28658366799715
0,256,1,42,static,1,0.331810000,1.763300000,263,67328,100.28658366799715
0,256,1,43,static,0,0.386183000,1.926837000,266,68096,195.78335560504790
0,256,1,43,temporal,1,0.340974000,1.706084000,28,7168,195.78335560504790
0,256,1,44,temporal,0,0.319682000,1.679554000,28,7168,212.41454141262366
0,256,1,44,static,1,0.373223000,1.735819000,263,67328,212.41454141262366
0,256,1,45,static,0,0.312061000,1.698933000,265,67840,214.00759697799685
0,256,1,45,temporal,1,0.302486000,1.644030000,28,7168,214.00759697799685
0,256,1,46,temporal,0,0.279862000,2.197725000,28,7168,116.06880128455212
0,256,1,46,static,1,0.338341000,1.723650000,266,68096,116.06880128455212
0,256,1,47,static,0,0.343268000,1.832825000,265,67840,85.175091146783130
0,256,1,47,temporal,1,0.336007000,1.711512000,28,7168,85.175091146783130
0,256,1,48,temporal,0,0.309837000,1.604971000,28,7168,243.35855270289875
0,256,1,48,static,1,0.318510000,1.643089000,264,67584,243.35855270289875
0,256,1,49,static,0,0.331059000,1.702879000,265,67840,186.79309383538100
0,256,1,49,temporal,1,0.312061000,1.722369000,27,6912,186.79309383538100
0,256,1,50,temporal,0,0.338841000,1.837913000,28,7168,110.60073492243193
0,256,1,50,static,1,0.368436000,2.050203000,264,67584,110.60073492243193
0,256,1,51,static,0,0.398562000,1.922100000,263,67328,20.956959702202760
0,256,1,51,temporal,1,0.383869000,1.845183000,28,7168,20.956959702202760
0,256,1,52,temporal,0,0.533655000,2.063453000,28,7168,178.77095019542577
0,256,1,52,static,1,0.415627000,1.939516000,264,67584,178.77095019542577
0,256,1,53,static,0,0.381806000,1.739394000,263,67328,-81.600701014380900
0,256,1,53,temporal,1,0.331230000,1.751172000,28,7168,-81.600701014380900
0,256,1,54,temporal,0,0.314474000,1.598561000,28,7168,59.469535280601960
0,256,1,54,static,1,0.343708000,1.708477000,265,67840,59.469535280601960
0,256,1,55,static,0,0.499393000,1.953707000,264,67584,117.63990080373287
0,256,1,55,temporal,1,0.343669000,1.751262000,28,7168,117.63990080373287
0,256,1,56,temporal,0,0.311470000,1.632954000,28,7168,171.20607968492254
0,256,1,56,static,1,0.371931000,1.656740000,265,67840,171.20607968492254
0,256,1,57,static,0,0.336958000,1.733395000,264,67584,158.74324404615214
0,256,1,57,temporal,1,0.365401000,1.834488000,28,7168,158.74324404615214
0,256,1,58,temporal,0,0.375246000,1.770281000,28,7168,22.744817101360024
0,256,1,58,static,1,0.338481000,1.783401000,264,67584,22.744817101360024
0,256,1,59,static,0,0.329176000,1.687846000,266,68096,-205.16718382927735
0,256,1,59,temporal,1,0.396819000,1.830041000,28,7168,-205.16718382927735
0,256,1,60,temporal,0,0.346082000,1.654116000,28,7168,65.290140237835570
0,256,1,60,static,1,0.369318000,1.837883000,264,67584,65.290140237835570
0,256,1,61,static,0,0.382627000,1.971895000,266,68096,-204.42606676607735
0,256,1,61,temporal,1,0.341174000,1.826665000,28,7168,-204.42606676607735
0,256,1,62,temporal,0,0.316297000,1.636148000,28,7168,-210.43689576826105
0,256,1,62,static,1,0.475187000,1.834057000,264,67584,-210.43689576826105
0,256,1,63,static,0,0.365671000,2.113238000,265,67840,169.44610479127454
0,256,1,63,temporal,1,0.390980000,4.637206000,28,7168,169.44610479127454
0,256,1,64,temporal,0,0.368035000,8.740386000,28,7168,-216.96175348188550
0,256,1,64,static,1,0.485002000,5.986001000,264,67584,-216.96175348188550
0,256,1,65,static,0,0.480765000,2.231636000,265,67840,-150.36999562468012
0,256,1,65,temporal,1,0.489890000,2.153990000,28,7168,-150.36999562468012
0,256,1,66,temporal,0,0.425391000,2.061600000,28,7168,-90.186517228663260
0,256,1,66,static,1,0.420455000,1.879736000,264,67584,-90.186517228663260
0,256,1,67,static,0,0.501417000,1.920868000,266,68096,-70.088500193644020
0,256,1,67,temporal,1,0.419513000,2.222893000,28,7168,-70.088500193644020
0,256,1,68,temporal,0,0.550310000,2.029692000,28,7168,139.66125854483062
0,256,1,68,static,1,0.355527000,1.910092000,266,68096,139.66125854483062
0,256,1,69,static,0,0.403419000,1.873297000,264,67584,97.809279512503990
0,256,1,69,temporal,1,0.360033000,1.758062000,28,7168,97.809279512503990
0,256,1,70,temporal,0,0.331109000,1.785093000,28,7168,196.13236059119512
0,256,1,70,static,1,0.371921000,2.165377000,266,68096,196.13236059119512
0,256,1,71,static,0,0.375636000,1.729599000,264,67584,14.837517854804483
0,256,1,71,temporal,1,0.327013000,1.734567000,28,7168,14.837517854804483
0,256,1,72,temporal,0,0.361806000,1.678452000,28,7168,-64.117023754521240
0,256,1,72,static,1,0.376378000,1.685233000,265,67840,-64.117023754521240
0,256,1,73,static,0,0.390379000,1.748398000,267,68352,-197.80204976728263
0,256,1,73,temporal,1,0.343508000,1.723370000,28,7168,-197.80204976728263
0,256,1,74,temporal,0,0.687828000,3.558639000,28,7168,74.294740652974840
0,256,1,74,static,1,0.663631000,2.715997000,263,67328,74.294740652974840
0,256,1,75,static,0,0.988681000,3.697508000,264,67584,-53.010872605247854
0,256,1,75,temporal,1,0.749530000,3.348441000,28,7168,-53.010872605247854
0,256,1,76,temporal,0,0.589299000,2.912384000,28,7168,3.9924160248702947
0,256,1,76,static,1,0.508097000,1.927028000,265,67840,3.9924160248702947
0,256,1,77,static,0,0.376859000,1.831032000,265,67840,242.50180579310410
0,256,1,77,temporal,1,0.542649000,1.917784000,28,7168,242.50180579310410
0,256,1,78,temporal,0,0.351611000,1.791193000,28,7168,165.01789172620389
0,256,1,78,static,1,0.388617000,1.735439000,265,67840,165.01789172620389
0,256,1,79,static,0,0.320703000,1.728748000,264,67584,241.89143095942111
0,256,1,79,temporal,1,0.409598000,1.709729000,28,7168,241.89143095942111
0,256,1,80,temporal,0,0.360474000,1.773846000,28,7168,144.81800281816754
0,256,1,80,static,1,0.377559000,2.740674000,264,67584,144.81800281816754
0,256,1,81,static,0,0.397780000,2.198186000,262,67072,-96.783270321737460
0,256,1,81,temporal,1,0.348155000,2.040548000,28,7168,-96.783270321737460
0,256,1,82,temporal,0,0.308525000,2.145947000,28,7168,-31.619896031618940
0,256,1,82,static,1,0.371841000,2.804180000,263,67328,-31.619896031618940
0,256,1,83,static,0,0.451041000,1.896281000,264,67584,130.62177814583833
0,256,1,83,temporal,1,0.410800000,1.954389000,28,7168,130.62177814583833
0,256,1,84,temporal,0,0.397400000,1.776801000,28,7168,-150.21560601422948
0,256,1,84,static,1,0.410229000,1.860627000,264,67584,-150.21560601422948
0,256,1,85,static,0,0.503310000,2.084986000,265,67840,-215.45249824599450
0,256,1,85,temporal,1,0.432643000,2.017704000,28,7168,-215.45249824599450
0,256,1,86,temporal,0,0.389317000,1.791603000,28,7168,-227.37080682368065
0,256,1,86,static,1,0.364309000,1.828088000,264,67584,-227.37080682368065
0,256,1,87,static,0,0.441656000,1.823972000,263,67328,-216.28609658092344
0,256,1,87,temporal,1,0.459253000,1.781358000,28,7168,-216.28609658092344
0,256,1,88,temporal,0,0.312211000,1.817562000,28,7168,81.654618669315720
0,256,1,88,static,1,0.380564000,1.780897000,266,68096,81.654618669315720
0,256,1,89,static,0,0.339642000,2.118766000,266,68096,-138.82500555771097
0,256,1,89,temporal,1,0.357940000,1.940167000,28,7168,-138.82500555771097
0,256,1,90,temporal,0,0.353102000,1.808678000,28,7168,132.55682979445837
0,256,1,90,static,1,0.474826000,1.970903000,264,67584,132.55682979445837
0,256,1,91,static,0,0.422948000,2.207290000,263,67328,-242.17267042396160
0,256,1,91,temporal,1,0.742160000,3.722366000,28,7168,-242.17267042396160
0,256,1,92,temporal,0,0.615989000,2.359109000,28,7168,-101.93271596363331
0,256,1,92,static,1,0.588338000,2.158567000,266,68096,-101.93271596363331
0,256,1,93,static,0,0.663551000,2.263355000,264,67584,179.46705042906340
0,256,1,93,temporal,1,0.457570000,2.033198000,28,7168,179.46705042906340
0,256,1,94,temporal,0,0.327243000,1.816661000,28,7168,160.44543124688792
0,256,1,94,static,1,0.392732000,1.872615000,264,67584,160.44543124688792
0,256,1,95,static,0,0.376318000,2.224426000,264,67584,175.78304844706910
0,256,1,95,temporal,1,0.421847000,2.263295000,28,7168,175.78304844706910
0,256,1,96,temporal,0,0.480755000,2.039817000,28,7168,105.44517954726165
0,256,1,96,static,1,0.454856000,2.250685000,264,67584,105.44517954726165
0,256,1,97,static,0,0.506675000,1.892806000,264,67584,180.15615139521304
0,256,1,97,temporal,1,0.438181000,1.866506000,28,7168,180.15615139521304
0,256,1,98,temporal,0,0.372051000,1.758703000,28,7168,-216.96175348188550
0,256,1,98,static,1,0.499444000,1.828739000,264,67584,-216.96175348188550
0,256,1,99,static,0,0.383489000,2.038145000,264,67584,204.63364112396786
0,256,1,99,temporal,1,0.652955000,2.184496000,28,7168,204.63364112396786
0,256,1,100,temporal,0,0.446083000,1.877222000,28,7168,56.209951730887370
0,256,1,100,static,1,0.493154000,1.942801000,263,67328,56.209951730887370
0,256,1,101,static,0,0.540466000,2.094370000,264,67584,-90.186517228663260
0,256,1,101,temporal,1,0.588337000,2.106187000,28,7168,-90.186517228663260
0,256,1,102,temporal,0,0.310639000,1.805464000,28,7168,47.069955544832220
0,256,1,102,static,1,0.341294000,1.750320000,265,67840,47.069955544832220
0,256,1,103,static,0,0.337138000,1.669558000,266,68096,222.47721676461757
0,256,1,103,temporal,1,0.370569000,2.024875000,28,7168,222.47721676461757
0,256,1,104,temporal,0,0.341425000,1.784522000,28,7168,163.93604289837400
0,256,1,104,static,1,0.336257000,1.716639000,266,68096,163.93604289837400
0,256,1,105,static,0,0.406874000,2.255483000,264,67584,-68.113340604846610
0,256,1,105,temporal,1,0.418872000,1.838994000,28,7168,-68.113340604846610
0,256,1,106,temporal,0,0.345101000,1.878885000,28,7168,163.93604289837400
0,256,1,106,static,1,0.416549000,1.808969000,266,68096,163.93604289837400
0,256,1,107,static,0,0.346263000,4.513760000,262,67072,-244.01961921475552
0,256,1,107,temporal,1,0.564842000,2.279178000,28,7168,-244.01961921475552
0,256,1,108,temporal,0,1.349927000,2.980186000,28,7168,208.34755121315774
0,256,1,108,static,1,0.442728000,1.859295000,263,67328,208.34755121315774
0,256,1,109,static,0,0.345070000,1.731512000,265,67840,240.48304709220568
0,256,1,109,temporal,1,0.825585000,2.277316000,28,7168,240.48304709220568
0,256,1,110,temporal,0,0.377119000,2.060128000,28,7168,0.62244504227839540
0,256,1,110,static,1,0.479914000,2.267691000,263,67328,0.62244504227839540
0,256,1,111,static,0,0.389047000,1.900027000,267,68352,-42.544067224964730
0,256,1,111,temporal,1,0.470730000,1.889440000,28,7168,-42.544067224964730
0,256,1,112,temporal,0,0.332141000,2.079086000,28,7168,166.11938770271865
0,256,1,112,static,1,0.402397000,1.895439000,266,68096,166.11938770271865
0,256,1,113,static,0,0.344921000,1.940828000,265,67840,215.09928085668543
0,256,1,113,temporal,1,0.346422000,1.781828000,28,7168,215.09928085668543
0,256,1,114,temporal,0,0.363648000,1.937893000,28,7168,-57.009200546379870
0,256,1,114,static,1,0.361134000,1.905074000,263,67328,-57.009200546379870
0,256,1,115,static,0,0.341025000,1.819325000,264,67584,-237.31844906783346
0,256,1,115,temporal,1,0.415547000,1.817573000,28,7168,-237.31844906783346
0,256,1,116,temporal,0,0.297909000,2.011174000,28,7168,67.350345079123640
0,256,1,116,static,1,0.346523000,1.703901000,264,67584,67.350345079123640
0,256,1,117,static,0,0.357669000,1.857702000,264,67584,-163.02312017529810
0,256,1,117,temporal,1,0.417139000,1.839185000,28,7168,-163.02312017529810
0,256,1,118,temporal,0,0.411741000,1.942160000,28,7168,-29.124694787021575
0,256,1,118,static,1,0.483349000,1.971254000,264,67584,-29.124694787021575
0,256,1,119,static,0,0.504741000,2.123964000,265,67840,52.875387912059395
0,256,1,119,temporal,1,0.433915000,1.939316000,28,7168,52.875387912059395
0,256,2,0,static,0,0.505673000,2.083914000,265,67840,186.79309383538100
0,256,2,0,temporal,1,0.468477000,1.887788000,27,6912,186.79309383538100
0,256,2,1,temporal,0,0.328185000,1.862439000,28,7168,148.71129491535748
0,256,2,1,static,1,0.408437000,1.925876000,264,67584,148.71129491535748
0,256,2,2,static,0,0.349537000,1.817282000,267,68352,-126.87123466668349
0,256,2,2,temporal,1,0.310929000,1.772724000,28,7168,-126.87123466668349
0,256,2,3,temporal,0,0.295146000,1.729439000,28,7168,-191.49540428914040
0,256,2,3,static,1,0.376518000,1.732394000,264,67584,-191.49540428914040
0,256,2,4,static,0,1.563128000,2.890120000,264,67584,1.8037555700466423
0,256,2,4,temporal,1,0.422687000,1.710661000,28,7168,1.8037555700466423
0,256,2,5,temporal,0,0.292511000,1.941919000,28,7168,216.54924802971172
0,256,2,5,static,1,0.352873000,2.154361000,263,67328,216.54924802971172
0,256,2,6,static,0,0.533885000,2.792973000,264,67584,211.92356392188944
0,256,2,6,temporal,1,0.581788000,1.997053000,28,7168,211.92356392188944
0,256,2,7,temporal,0,0.336358000,1.767817000,28,7168,-238.38309225623945
0,256,2,7,static,1,0.416999000,1.958585000,264,67584,-238.38309225623945
0,256,2,8,static,0,0.403129000,1.847297000,265,67840,59.697882190796214
0,256,2,8,temporal,1,0.323669000,1.728538000,28,7168,59.697882190796214
0,256,2,9,temporal,0,0.373754000,1.795359000,28,7168,241.92214674868507
0,256,2,9,static,1,0.597411000,2.478950000,265,67840,241.92214674868507
0,256,2,10,static,0,0.341415000,2.005435000,264,67584,-33.086002666277324
0,256,2,10,temporal,1,0.343429000,1.886096000,28,7168,-33.086002666277324
0,256,2,11,temporal,0,0.306553000,1.797813000,28,7168,-247.88778815770874
0,256,2,11,static,1,0.372221000,1.951594000,265,67840,-247.88778815770874
0,256,2,12,static,0,0.355266000,1.665172000,265,67840,-97.988155799726440
0,256,2,12,temporal,1,0.369357000,1.852765000,28,7168,-97.988155799726440
0,256,2,13,temporal,0,0.405432000,2.940036000,28,7168,123.14328169347557
0,256,2,13,static,1,1.114391000,2.857160000,264,67584,123.14328169347557
0,256,2,14,static,0,0.366833000,1.775408000,266,68096,-186.94425216156380
0,256,2,14,temporal,1,0.464370000,1.958554000,28,7168,-186.94425216156380
0,256,2,15,temporal,0,0.339452000,1.846626000,28,7168,137.37887422041484
0,256,2,15,static,1,0.391821000,1.937573000,263,67328,137.37887422041484
0,256,2,16,static,0,0.359041000,1.699834000,264,67584,-138.54400842191214
0,256,2,16,temporal,1,0.363278000,1.896170000,28,7168,-138.54400842191214
0,256,2,17,temporal,0,0.317389000,1.813416000,28,7168,170.51056297579052
0,256,2,17,static,1,0.397589000,2.024384000,265,67840,170.51056297579052
0,256,2,18,static,0,0.407925000,1.907838000,264,67584,-74.220003246754220
0,256,2,18,temporal,1,0.449949000,1.839164000,28,7168,-74.220003246754220
0,256,2,19,temporal,0,0.357590000,1.808769000,28,7168,189.39472496065642
0,256,2,19,static,1,0.325020000,2.126688000,264,67584,189.39472496065642
0,256,2,20,static,0,0.452173000,1.942851000,264,67584,-163.44793692128312
0,256,2,20,temporal,1,0.372562000,1.710671000,28,7168,-163.44793692128312
0,256,2,21,temporal,0,0.280353000,1.922530000,28,7168,211.92356392188944
0,256,2,21,static,1,0.531672000,2.039447000,264,67584,211.92356392188944
0,256,2,22,static,0,0.328015000,1.983963000,265,67840,-31.468994706350770
0,256,2,22,temporal,1,0.496179000,2.123534000,28,7168,-31.468994706350770
0,256,2,23,temporal,0,0.310108000,1.688497000,28,7168,184.30456222609754
0,256,2,23,static,1,0.320774000,1.747767000,266,68096,184.30456222609754
0,256,2,24,static,0,0.322086000,1.733745000,263,67328,67.376716671678610
0,256,2,24,temporal,1,0.335797000,2.014890000,28,7168,67.376716671678610
0,256,2,25,temporal,0,0.347675000,1.754006000,28,7168,153.94378489364385
0,256,2,25,static,1,0.345491000,1.773275000,266,68096,153.94378489364385
0,256,2,26,static,0,0.318841000,1.708638000,264,67584,169.62073320863640
0,256,2,26,temporal,1,0.291730000,1.703099000,28,7168,169.62073320863640
0,256,2,27,temporal,0,0.301025000,1.611271000,28,7168,20.024990636616565
0,256,2,27,static,1,0.350079000,1.699855000,265,67840,20.024990636616565
0,256,2,28,static,0,0.315666000,1.599543000,263,67328,225.15659156332768
0,256,2,28,temporal,1,0.290518000,1.572051000,28,7168,225.15659156332768
0,256,2,29,temporal,0,0.394756000,1.840537000,28,7168,-227.99545430875280
0,256,2,29,static,1,0.330920000,1.751222000,266,68096,-227.99545430875280
0,256,2,30,static,0,0.387134000,1.881849000,266,68096,-236.30576831321787
0,256,2,30,temporal,1,0.419242000,2.811271000,28,7168,-236.30576831321787
0,256,2,31,temporal,0,0.526584000,2.919855000,28,7168,118.25621079137342
0,256,2,31,static,1,0.637081000,3.069210000,266,68096,118.25621079137342
0,256,2,32,static,0,0.559544000,3.022420000,263,67328,-182.83597712776816
0,256,2,32,temporal,1,0.630641000,3.158405000,27,6912,-182.83597712776816
0,256,2,33,temporal,0,0.620106000,2.884422000,28,7168,184.02717511494836
0,256,2,33,static,1,0.661738000,2.864822000,265,67840,184.02717511494836
0,256,2,34,static,0,0.482999000,2.251747000,265,67840,-136.58389545204253
0,256,2,34,temporal,1,0.453134000,1.834518000,28,7168,-136.58389545204253
0,256,2,35,temporal,0,0.300684000,1.954138000,28,7168,187.38259779306634
0,256,2,35,static,1,0.400384000,1.887177000,265,67840,187.38259779306634
0,256,2,36,static,0,0.441817000,1.941570000,265,67840,240.48304709220568
0,256,2,36,temporal,1,0.346363000,1.919686000,28,7168,240.48304709220568
0,256,2,37,temporal,0,0.449087000,1.849249000,28,7168,-93.298557088524050
0,256,2,37,static,1,0.346883000,1.692383000,263,67328,-93.298557088524050
0,256,2,38,static,0,0.352722000,1.710190000,264,67584,-225.59809303038475
0,256,2,38,temporal,1,0.414656000,1.819555000,28,7168,-225.59809303038475
0,256,2,39,temporal,0,0.337609000,1.688277000,28,7168,-159.85436747045730
0,256,2,39,static,1,0.336027000,1.881308000,266,68096,-159.85436747045730
0,256,2,40,static,0,0.404510000,1.802339000,265,67840,89.619871573018240
0,256,2,40,temporal,1,0.496219000,2.033148000,28,7168,89.619871573018240
0,256,2,41,temporal,0,0.299472000,1.783321000,28,7168,-241.00018021971604
0,256,2,41,static,1,0.341285000,1.913026000,264,67584,-241.00018021971604
0,256,2,42,static,0,0.346583000,1.691552000,263,67328,100.28658366799715
0,256,2,42,temporal,1,0.419282000,2.133789000,28,7168,100.28658366799715
0,256,2,43,temporal,0,0.460405000,2.171246000,28,7168,195.78335560504790
0,256,2,43,static,1,0.353384000,1.811774000,266,68096,195.78335560504790
0,256,2,44,static,0,0.347354000,2.328102000,263,67328,212.41454141262366
0,256,2,44,temporal,1,0.346984000,2.011986000,28,7168,212.41454141262366
0,256,2,45,temporal,0,0.310498000,1.811453000,28,7168,214.00759697799685
0,256,2,45,static,1,0.333083000,1.908390000,265,67840,214.00759697799685
0,256,2,46,static,0,0.397359000,2.045456000,266,68096,116.06880128455212
0,256,2,46,temporal,1,0.346393000,1.877182000,28,7168,116.06880128455212
0,256,2,47,temporal,0,0.320824000,1.911884000,28,7168,85.175091146783130
0,256,2,47,static,1,0.441346000,2.586112000,265,67840,85.175091146783130
0,256,2,48,static,0,0.502898000,1.872645000,264,67584,243.35855270289875
0,256,2,48,temporal,1,0.540596000,1.899165000,28,7168,243.35855270289875
0,256,2,49,temporal,0,0.549188000,2.081340000,27,6912,186.79309383538100
0,256,2,49,static,1,0.481226000,1.900146000,265,67840,186.79309383538100
0,256,2,50,static,0,0.324159000,1.773165000,264,67584,110.60073492243193
0,256,2,50,temporal,1,0.323979000,1.793326000,28,7168,110.60073492243193
0,256,2,51,temporal,0,0.383469000,2.106398000,28,7168,20.956959702202760
0,256,2,51,static,1,0.405872000,1.873767000,263,67328,20.956959702202760
0,256,2,52,static,0,0.412863000,1.972115000,264,67584,178.77095019542577
0,256,2,52,temporal,1,0.346322000,1.822649000,28,7168,178.77095019542577
0,256,2,53,temporal,0,0.298961000,1.639614000,28,7168,-81.600701014380900
0,256,2,53,static,1,0.374625000,1.825645000,263,67328,-81.600701014380900
0,256,2,54,static,0,0.471582000,2.007138000,265,67840,59.469535280601960
0,256,2,54,temporal,1,0.458852000,1.876711000,28,7168,59.469535280601960
0,256,2,55,temporal,0,0.453735000,1.870712000,28,7168,117.63990080373287
0,256,2,55,static,1,0.444340000,1.799775000,264,67584,117.63990080373287
0,256,2,56,static,0,0.377950000,1.685032000,265,67840,171.20607968492254
0,256,2,56,temporal,1,0.390229000,1.666084000,28,7168,171.20607968492254
0,256,2,57,temporal,0,0.358461000,1.744782000,28,7168,158.74324404615214
0,256,2,57,static,1,0.366813000,1.771933000,264,67584,158.74324404615214
0,256,2,58,static,0,0.532984000,2.814887000,264,67584,22.744817101360024
0,256,2,58,temporal,1,0.658694000,2.282804000,28,7168,22.744817101360024
0,256,2,59,temporal,0,0.358782000,1.783381000,28,7168,-205.16718382927735
0,256,2,59,static,1,0.410349000,1.821628000,266,68096,-205.16718382927735
0,256,2,60,static,0,0.346062000,1.649829000,264,67584,65.290140237835570
0,256,2,60,temporal,1,0.373543000,1.841768000,28,7168,65.290140237835570
0,256,2,61,temporal,0,0.498291000,1.838413000,28,7168,-204.42606676607735
0,256,2,61,static,1,0.364610000,1.747537000,266,68096,-204.42606676607735
0,256,2,62,static,0,0.320092000,1.768908000,264,67584,-210.43689576826105
0,256,2,62,temporal,1,0.314925000,1.907257000,28,7168,-210.43689576826105
0,256,2,63,temporal,0,0.306392000,1.902310000,28,7168,169.44610479127454
0,256,2,63,static,1,0.336398000,1.757502000,265,67840,169.44610479127454
0,256,2,64,static,0,0.327604000,1.777702000,264,67584,-216.96175348188550
0,256,2,64,temporal,1,0.308956000,1.718613000,28,7168,-216.96175348188550
0,256,2,65,temporal,0,0.300193000,1.760887000,28,7168,-150.36999562468012
0,256,2,65,static,1,0.341826000,1.845284000,265,67840,-150.36999562468012
0,256,2,66,static,0,0.335406000,1.693134000,264,67584,-90.186517228663260
0,256,2,66,temporal,1,0.428106000,1.829000000,28,7168,-90.186517228663260
0,256,2,67,temporal,0,0.306522000,1.612643000,28,7168,-70.088500193644020
0,256,2,67,static,1,0.301735000,1.706304000,266,68096,-70.088500193644020
0,256,2,68,static,0,0.335336000,1.668827000,266,68096,139.66125854483062
0,256,2,68,temporal,1,0.306883000,1.663290000,28,7168,139.66125854483062
0,256,2,69,temporal,0,0.273593000,1.944694000,28,7168,97.809279512503990
0,256,2,69,static,1,0.324009000,2.015321000,264,67584,97.809279512503990
0,256,2,70,static,0,0.313553000,2.095982000,266,68096,196.13236059119512
0,256,2,70,temporal,1,0.306132000,2.184205000,28,7168,196.13236059119512
0,256,2,71,temporal,0,0.432673000,1.960188000,28,7168,14.837517854804483
0,256,2,71,static,1,0.391801000,1.755588000,264,67584,14.837517854804483
0,256,2,72,static,0,0.330017000,1.930662000,265,67840,-64.117023754521240
0,256,2,72,temporal,1,0.572053000,2.703318000,28,7168,-64.117023754521240
0,256,2,73,temporal,0,0.546986000,2.956320000,28,7168,-197.80204976728263
0,256,2,73,static,1,0.725915000,3.093897000,267,68352,-197.80204976728263
0,256,2,74,static,0,0.707477000,3.058875000,263,67328,74.294740652974840
0,256,2,74,temporal,1,0.736210000,3.051784000,28,7168,74.294740652974840
0,256,2,75,temporal,0,0.565483000,3.050492000,28,7168,-53.010872605247854
0,256,2,75,static,1,0.661908000,3.145635000,264,67584,-53.010872605247854
0,256,2,76,static,0,0.598252000,2.399580000,265,67840,3.9924160248702947
0,256,2,76,temporal,1,0.376098000,1.822139000,28,7168,3.9924160248702947
0,256,2,77,temporal,0,0.304400000,1.608457000,28,7168,242.50180579310410
0,256,2,77,static,1,0.350358000,1.793245000,265,67840,242.50180579310410
0,256,2,78,static,0,0.354364000,1.931263000,265,67840,165.01789172620389
0,256,2,78,temporal,1,0.373223000,1.788368000,28,7168,165.01789172620389
0,256,2,79,temporal,0,0.290428000,1.697962000,28,7168,241.89143095942111
0,256,2,79,static,1,0.346873000,1.817973000,264,67584,241.89143095942111
0,256,2,80,static,0,0.349938000,1.705192000,264,67584,144.81800281816754
0,256,2,80,temporal,1,0.350579000,1.706004000,28,7168,144.81800281816754
0,256,2,81,temporal,0,0.284088000,1.719794000,28,7168,-96.783270321737460
0,256,2,81,static,1,0.306101000,1.683740000,262,67072,-96.783270321737460
0,256,2,82,static,0,0.398391000,1.765263000,263,67328,-31.619896031618940
0,256,2,82,temporal,1,0.330629000,1.692523000,28,7168,-31.619896031618940
0,256,2,83,temporal,0,0.314244000,1.739354000,28,7168,130.62177814583833
0,256,2,83,static,1,0.320293000,2.171576000,264,67584,130.62177814583833
0,256,2,84,static,0,0.326983000,1.664791000,264,67584,-150.21560601422948
0,256,2,84,temporal,1,0.304089000,1.732353000,28,7168,-150.21560601422948
0,256,2,85,temporal,0,0.414005000,1.842700000,28,7168,-215.45249824599450
0,256,2,85,static,1,0.344300000,1.724081000,265,67840,-215.45249824599450
0,256,2,86,static,0,0.617241000,2.046478000,264,67584,-227.37080682368065
0,256,2,86,temporal,1,0.339943000,1.737061000,28,7168,-227.37080682368065
0,256,2,87,temporal,0,0.286563000,1.993418000,28,7168,-216.28609658092344
0,256,2,87,static,1,0.396969000,1.778202000,263,67328,-216.28609658092344
0,256,2,88,static,0,0.308946000,1.845153000,266,68096,81.654618669315720
0,256,2,88,temporal,1,0.317449000,1.783761000,28,7168,81.654618669315720
0,256,2,89,temporal,0,0.467826000,1.905305000,28,7168,-138.82500555771097
0,256,2,89,static,1,0.463980000,1.958335000,266,68096,-138.82500555771097
0,256,2,90,static,0,0.408166000,1.828098000,264,67584,132.55682979445837
0,256,2,90,temporal,1,0.289497000,1.661337000,28,7168,132.55682979445837
0,256,2,91,temporal,0,0.271890000,1.639904000,28,7168,-242.17267042396160
0,256,2,91,static,1,0.317659000,1.680215000,263,67328,-242.17267042396160
0,256,2,92,static,0,0.417710000,2.216164000,266,68096,-101.93271596363331
0,256,2,92,temporal,1,0.475257000,2.128100000,28,7168,-101.93271596363331
0,256,2,93,temporal,0,0.597872000,2.867115000,28,7168,179.46705042906340
0,256,2,93,static,1,0.585884000,2.083353000,264,67584,179.46705042906340
0,256,2,94,static,0,0.466594000,2.342064000,264,67584,160.44543124688792
0,256,2,94,temporal,1,0.465943000,2.072918000,28,7168,160.44543124688792
0,256,2,95,temporal,0,0.413044000,2.069002000,28,7168,175.78304844706910
0,256,2,95,static,1,0.386984000,1.835329000,264,67584,175.78304844706910
0,256,2,96,static,0,0.462909000,2.218868000,264,67584,105.44517954726165
0,256,2,96,temporal,1,0.327514000,1.733445000,28,7168,105.44517954726165
0,256,2,97,temporal,0,0.348086000,1.713195000,28,7168,180.15615139521304
0,256,2,97,static,1,0.348195000,1.820507000,264,67584,180.15615139521304
0,256,2,98,static,0,0.338691000,1.670560000,264,67584,-216.96175348188550
0,256,2,98,temporal,1,0.306903000,1.602908000,28,7168,-216.96175348188550
0,256,2,99,temporal,0,0.410389000,2.123934000,28,7168,204.63364112396786
0,256,2,99,static,1,0.404751000,1.903422000,264,67584,204.63364112396786
0,256,2,100,static,0,0.370679000,1.669499000,263,67328,56.209951730887370
0,256,2,100,temporal,1,0.294504000,1.653314000,28,7168,56.209951730887370
0,256,2,101,temporal,0,0.298080000,1.711722000,28,7168,-90.186517228663260
0,256,2,101,static,1,0.342416000,1.712183000,264,67584,-90.186517228663260
0,256,2,102,static,0,0.343458000,1.654676000,265,67840,47.069955544832220
0,256,2,102,temporal,1,0.315206000,1.622829000,28,7168,47.069955544832220
0,256,2,103,temporal,0,0.288926000,1.696429000,28,7168,222.47721676461757
0,256,2,103,static,1,0.365001000,1.652914000,266,68096,222.47721676461757
0,256,2,104,static,0,0.295405000,1.726144000,266,68096,163.93604289837400
0,256,2,104,temporal,1,0.296437000,1.784973000,28,7168,163.93604289837400
0,256,2,105,temporal,0,0.336528000,1.760967000,28,7168,-68.113340604846610
0,256,2,105,static,1,0.368867000,1.818193000,264,67584,-68.113340604846610
0,256,2,106,static,0,0.477060000,2.073639000,266,68096,163.93604289837400
0,256,2,106,temporal,1,0.412552000,1.859415000,28,7168,163.93604289837400
0,256,2,107,temporal,0,0.321054000,1.889050000,28,7168,-244.01961921475552
0,256,2,107,static,1,0.323969000,1.790552000,262,67072,-244.01961921475552
0,256,2,108,static,0,0.323097000,1.648086000,263,67328,208.34755121315774
0,256,2,108,temporal,1,0.445052000,2.173940000,28,7168,208.34755121315774
0,256,2,109,temporal,0,0.327985000,1.678663000,28,7168,240.48304709220568
0,256,2,109,static,1,0.346362000,1.817883000,265,67840,240.48304709220568
0,256,2,110,static,0,0.394706000,2.025426000,263,67328,0.62244504227839540
0,256,2,110,temporal,1,0.360594000,1.799225000,28,7168,0.62244504227839540
0,256,2,111,temporal,0,0.339932000,1.810301000,28,7168,-42.544067224964730
0,256,2,111,static,1,0.390830000,1.754778000,267,68352,-42.544067224964730
0,256,2,112,static,0,0.304199000,1.771473000,266,68096,166.11938770271865
0,256,2,112,temporal,1,0.352082000,1.763361000,28,7168,166.11938770271865
0,256,2,113,temporal,0,0.298430000,1.680034000,28,7168,215.09928085668543
0,256,2,113,static,1,0.348216000,2.174250000,265,67840,215.09928085668543
0,256,2,114,static,0,0.381816000,1.875329000,263,67328,-57.009200546379870
0,256,2,114,temporal,1,0.334104000,2.073929000,28,7168,-57.009200546379870
0,256,2,115,temporal,0,0.322376000,2.003573000,28,7168,-237.31844906783346
0,256,2,115,static,1,0.389808000,1.884763000,264,67584,-237.31844906783346
0,256,2,116,static,0,0.318691000,2.054269000,264,67584,67.350345079123640
0,256,2,116,temporal,1,0.353724000,1.703750000,28,7168,67.350345079123640
0,256,2,117,temporal,0,0.294154000,1.861659000,28,7168,-163.02312017529810
0,256,2,117,static,1,0.374285000,1.729269000,264,67584,-163.02312017529810
0,256,2,118,static,0,0.326793000,1.717581000,264,67584,-29.124694787021575
0,256,2,118,temporal,1,0.483660000,2.769138000,28,7168,-29.124694787021575
0,256,2,119,temporal,0,0.512724000,2.870020000,28,7168,52.875387912059395
0,256,2,119,static,1,0.569830000,2.983101000,265,67840,52.875387912059395
0,256,3,0,temporal,0,0.547856000,2.936630000,27,6912,186.79309383538100
0,256,3,0,static,1,0.630752000,2.980547000,265,67840,186.79309383538100
0,256,3,1,static,0,0.532874000,3.171535000,264,67584,148.71129491535748
0,256,3,1,temporal,1,0.560285000,3.091364000,28,7168,148.71129491535748
0,256,3,2,temporal,0,0.529279000,2.977302000,28,7168,-126.87123466668349
0,256,3,2,static,1,0.655449000,3.101880000,267,68352,-126.87123466668349
0,256,3,3,static,0,0.446654000,1.928870000,264,67584,-191.49540428914040
0,256,3,3,temporal,1,0.432012000,1.735128000,28,7168,-191.49540428914040
0,256,3,4,temporal,0,0.297088000,1.702679000,28,7168,1.8037555700466423
0,256,3,4,static,1,0.358491000,1.643860000,264,67584,1.8037555700466423
0,256,3,5,static,0,0.381074000,1.734466000,263,67328,216.54924802971172
0,256,3,5,temporal,1,0.375697000,1.732694000,28,7168,216.54924802971172
0,256,3,6,temporal,0,0.305581000,1.774387000,28,7168,211.92356392188944
0,256,3,6,static,1,0.327334000,1.700736000,264,67584,211.92356392188944
0,256,3,7,static,0,0.464010000,1.905355000,264,67584,-238.38309225623945
0,256,3,7,temporal,1,0.330468000,1.724982000,28,7168,-238.38309225623945
0,256,3,8,temporal,0,0.344509000,1.730961000,28,7168,59.697882190796214
0,256,3,8,static,1,0.349217000,1.851263000,265,67840,59.697882190796214
0,256,3,9,static,0,0.316127000,1.803812000,265,67840,241.92214674868507
0,256,3,9,temporal,1,0.494056000,2.620554000,28,7168,241.92214674868507
0,256,3,10,temporal,0,0.452703000,2.558069000,28,7168,-33.086002666277324
0,256,3,10,static,1,0.437680000,1.863762000,264,67584,-33.086002666277324
0,256,3,11,static,0,0.332502000,1.950453000,265,67840,-247.88778815770874
0,256,3,11,temporal,1,0.441456000,1.867397000,28,7168,-247.88778815770874
0,256,3,12,temporal,0,0.529368000,2.102311000,28,7168,-97.988155799726440
0,256,3,12,static,1,0.471201000,1.770571000,265,67840,-97.988155799726440
0,256,3,13,static,0,0.313603000,1.706334000,264,67584,123.14328169347557
0,256,3,13,temporal,1,0.370900000,1.851974000,28,7168,123.14328169347557
0,256,3,14,temporal,0,0.300453000,1.752023000,28,7168,-186.94425216156380
0,256,3,14,static,1,0.348446000,1.715158000,266,68096,-186.94425216156380
0,256,3,15,static,0,0.342808000,1.766646000,263,67328,137.37887422041484
0,256,3,15,temporal,1,0.298019000,1.749399000,28,7168,137.37887422041484
0,256,3,16,temporal,0,0.282937000,1.575306000,28,7168,-138.54400842191214
0,256,3,16,static,1,0.363278000,1.664492000,264,67584,-138.54400842191214
0,256,3,17,static,0,0.455557000,2.185687000,265,67840,170.51056297579052
0,256,3,17,temporal,1,0.352542000,1.784793000,28,7168,170.51056297579052
0,256,3,18,temporal,0,0.458041000,2.512911000,28,7168,-74.220003246754220
0,256,3,18,static,1,1.834097000,4.019655000,264,67584,-74.220003246754220
0,256,3,19,static,0,0.547015000,3.087908000,264,67584,189.39472496065642
0,256,3,19,temporal,1,0.584682000,3.136182000,28,7168,189.39472496065642
0,256,3,20,temporal,0,0.494096000,2.750149000,28,7168,-163.44793692128312
0,256,3,20,static,1,0.596961000,2.917562000,264,67584,-163.44793692128312
0,256,3,21,static,0,0.546705000,2.955799000,264,67584,211.92356392188944
0,256,3,21,temporal,1,0.522889000,2.768106000,28,7168,211.92356392188944
0,256,3,22,temporal,0,0.560015000,2.294231000,28,7168,-31.468994706350770
0,256,3,22,static,1,0.467205000,2.199639000,265,67840,-31.468994706350770
0,256,3,23,static,0,0.336608000,1.703250000,266,68096,184.30456222609754
0,256,3,23,temporal,1,0.386724000,1.810381000,28,7168,184.30456222609754
0,256,3,24,temporal,0,0.373333000,1.921759000,28,7168,67.376716671678610
0,256,3,24,static,1,0.414576000,1.938966000,263,67328,67.376716671678610
0,256,3,25,static,0,0.393994000,1.806956000,266,68096,153.94378489364385
0,256,3,25,temporal,1,0.453495000,1.796170000,28,7168,153.94378489364385
0,256,3,26,temporal,0,0.303858000,1.707957000,28,7168,169.62073320863640
0,256,3,26,static,1,0.331480000,1.701547000,264,67584,169.62073320863640
0,256,3,27,static,0,0.326683000,1.659464000,265,67840,20.024990636616565
0,256,3,27,temporal,1,0.322196000,1.779144000,28,7168,20.024990636616565
0,256,3,28,temporal,0,0.364450000,1.716520000,28,7168,225.15659156332768
0,256,3,28,static,1,0.344189000,1.629528000,263,67328,225.15659156332768
0,256,3,29,static,0,0.323698000,1.748638000,266,68096,-227.99545430875280
0,256,3,29,temporal,1,0.307093000,1.781297000,28,7168,-227.99545430875280
0,256,3,30,temporal,0,0.369677000,1.985225000,28,7168,-236.30576831321787
0,256,3,30,static,1,0.476209000,1.876912000,266,68096,-236.30576831321787
0,256,3,31,static,0,0.317048000,1.691392000,266,68096,118.25621079137342
0,256,3,31,temporal,1,0.409548000,2.106317000,28,7168,118.25621079137342
0,256,3,32,temporal,0,0.317379000,1.714096000,27,6912,-182.83597712776816
0,256,3,32,static,1,0.302787000,1.780617000,263,67328,-182.83597712776816
0,256,3,33,static,0,0.556459000,1.961629000,265,67840,184.02717511494836
0,256,3,33,temporal,1,0.343088000,1.675438000,28,7168,184.02717511494836
0,256,3,34,temporal,0,0.276657000,1.652042000,28,7168,-136.58389545204253
0,256,3,34,static,1,0.304740000,1.957854000,265,67840,-136.58389545204253
0,256,3,35,static,0,0.415887000,1.852294000,265,67840,187.38259779306634
0,256,3,35,temporal,1,0.318881000,2.014579000,28,7168,187.38259779306634
0,256,3,36,temporal,0,0.325651000,1.639343000,28,7168,240.48304709220568
0,256,3,36,static,1,0.468387000,1.799555000,265,67840,240.48304709220568
0,256,3,37,static,0,0.462567000,2.229914000,263,67328,-93.298557088524050
0,256,3,37,temporal,1,0.662169000,2.050353000,28,7168,-93.298557088524050
0,256,3,38,temporal,0,0.459453000,2.059577000,28,7168,-225.59809303038475
0,256,3,38,static,1,1.461595000,3.155130000,264,67584,-225.59809303038475
0,256,3,39,static,0,0.460765000,1.926636000,266,68096,-159.85436747045730
0,256,3,39,temporal,1,0.457150000,2.013137000,28,7168,-159.85436747045730
0,256,3,40,temporal,0,0.321935000,1.858403000,28,7168,89.619871573018240
0,256,3,40,static,1,0.465392000,1.862400000,265,67840,89.619871573018240
0,256,3,41,static,0,0.326212000,1.846576000,264,67584,-241.00018021971604
0,256,3,41,temporal,1,0.472473000,1.891374000,28,7168,-241.00018021971604
0,256,3,42,temporal,0,0.280513000,1.696179000,28,7168,100.28658366799715
0,256,3,42,static,1,0.318340000,1.751041000,263,67328,100.28658366799715
0,256,3,43,static,0,0.351270000,1.842720000,266,68096,195.78335560504790
0,256,3,43,temporal,1,0.384460000,1.904043000,28,7168,195.78335560504790
0,256,3,44,temporal,0,0.350439000,1.748668000,28,7168,212.41454141262366
0,256,3,44,static,1,0.546765000,1.927128000,263,67328,212.41454141262366
0,256,3,45,static,0,0.326443000,1.725454000,265,67840,214.00759697799685
0,256,3,45,temporal,1,0.330579000,1.763981000,28,7168,214.00759697799685
0,256,3,46,temporal,0,0.304109000,1.676369000,28,7168,116.06880128455212
0,256,3,46,static,1,0.355135000,1.709799000,266,68096,116.06880128455212
0,256,3,47,static,0,0.294965000,1.954368000,265,67840,85.175091146783130
0,256,3,47,temporal,1,0.333723000,1.837241000,28,7168,85.175091146783130
0,256,3,48,temporal,0,0.324930000,1.770861000,28,7168,243.35855270289875
0,256,3,48,static,1,0.442117000,2.135952000,264,67584,243.35855270289875
0,256,3,49,static,0,0.463510000,1.922300000,265,67840,186.79309383538100
0,256,3,49,temporal,1,0.799887000,2.840725000,27,6912,186.79309383538100
0,256,3,50,temporal,0,0.386974000,1.915250000,28,7168,110.60073492243193
0,256,3,50,static,1,0.414124000,2.250024000,264,67584,110.60073492243193
0,256,3,51,static,0,0.359662000,1.853696000,263,67328,20.956959702202760
0,256,3,51,temporal,1,0.401506000,1.903432000,28,7168,20.956959702202760
0,256,3,52,temporal,0,0.303367000,1.809880000,28,7168,178.77095019542577
0,256,3,52,static,1,0.384300000,1.801117000,264,67584,178.77095019542577
0,256,3,53,static,0,0.363458000,2.771822000,263,67328,-81.600701014380900
0,256,3,53,temporal,1,0.463769000,2.414783000,28,7168,-81.600701014380900
0,256,3,54,temporal,0,0.348516000,3.279908000,28,7168,59.469535280601960
0,256,3,54,static,1,0.797723000,2.304176000,265,67840,59.469535280601960
0,256,3,55,static,0,0.476839000,1.890061000,264,67584,117.63990080373287
0,256,3,55,temporal,1,0.492262000,2.179247000,28,7168,117.63990080373287
0,256,3,56,temporal,0,0.401817000,1.866266000,28,7168,171.20607968492254
0,256,3,56,static,1,0.470100000,1.826165000,265,67840,171.20607968492254
0,256,3,57,static,0,0.328386000,1.801117000,264,67584,158.74324404615214
0,256,3,57,temporal,1,0.340224000,2.040168000,28,7168,158.74324404615214
0,256,3,58,temporal,0,0.319692000,1.785173000,28,7168,22.744817101360024
0,256,3,58,static,1,0.348646000,1.822149000,264,67584,22.744817101360024
0,256,3,59,static,0,0.312771000,1.666814000,266,68096,-205.16718382927735
0,256,3,59,temporal,1,0.408717000,1.892966000,28,7168,-205.16718382927735
0,256,3,60,temporal,0,0.523650000,2.392279000,28,7168,65.290140237835570
0,256,3,60,static,1,0.405132000,1.913758000,264,67584,65.290140237835570
0,256,3,61,static,0,0.322426000,1.634246000,266,68096,-204.42606676607735
0,256,3,61,temporal,1,0.407906000,1.821478000,28,7168,-204.42606676607735
0,256,3,62,temporal,0,0.344420000,1.711582000,28,7168,-210.43689576826105
0,256,3,62,static,1,0.307955000,1.669579000,264,67584,-210.43689576826105
0,256,3,63,static,0,0.342406000,1.824792000,265,67840,169.44610479127454
0,256,3,63,temporal,1,0.309678000,1.793336000,28,7168,169.44610479127454
0,256,3,64,temporal,0,0.286172000,1.845404000,28,7168,-216.96175348188550
0,256,3,64,static,1,0.463640000,1.852735000,264,67584,-216.96175348188550
0,256,3,65,static,0,0.312662000,1.879616000,265,67840,-150.36999562468012
0,256,3,65,temporal,1,0.570961000,2.168751000,28,7168,-150.36999562468012
0,256,3,66,temporal,0,0.340644000,1.818915000,28,7168,-90.186517228663260
0,256,3,66,static,1,0.308626000,1.839766000,264,67584,-90.186517228663260
0,256,3,67,static,0,0.341866000,1.673275000,266,68096,-70.088500193644020
0,256,3,67,temporal,1,0.321936000,1.636439000,28,7168,-70.088500193644020
0,256,3,68,temporal,0,0.282176000,1.799966000,28,7168,139.66125854483062
0,256,3,68,static,1,0.313193000,1.959056000,266,68096,139.66125854483062
0,256,3,69,static,0,0.308275000,2.114880000,264,67584,97.809279512503990
0,256,3,69,temporal,1,0.323679000,1.796070000,28,7168,97.809279512503990
0,256,3,70,temporal,0,0.282756000,1.914078000,28,7168,196.13236059119512
0,256,3,70,static,1,0.316087000,2.144896000,266,68096,196.13236059119512
0,256,3,71,static,0,0.321565000,1.777882000,264,67584,14.837517854804483
0,256,3,71,temporal,1,0.290038000,1.580655000,28,7168,14.837517854804483
0,256,3,72,temporal,0,0.284579000,1.671712000,28,7168,-64.117023754521240
0,256,3,72,static,1,0.307934000,1.662308000,265,67840,-64.117023754521240
0,256,3,73,static,0,0.299802000,1.633975000,267,68352,-197.80204976728263
0,256,3,73,temporal,1,0.527806000,2.012316000,28,7168,-197.80204976728263
0,256,3,74,temporal,0,0.313723000,2.683859000,28,7168,74.294740652974840
0,256,3,74,static,1,0.469878000,1.894017000,263,67328,74.294740652974840
0,256,3,75,static,0,0.309627000,1.745373000,264,67584,-53.010872605247854
0,256,3,75,temporal,1,0.347564000,1.776350000,28,7168,-53.010872605247854
0,256,3,76,temporal,0,0.283698000,1.827127000,28,7168,3.9924160248702947
0,256,3,76,static,1,0.339563000,2.197105000,265,67840,3.9924160248702947
0,256,3,77,static,0,0.596450000,2.176874000,265,67840,242.50180579310410
0,256,3,77,temporal,1,0.408947000,1.761688000,28,7168,242.50180579310410
0,256,3,78,temporal,0,0.293132000,1.641206000,28,7168,165.01789172620389
0,256,3,78,static,1,0.417229000,1.815759000,265,67840,165.01789172620389
0,256,3,79,static,0,0.351090000,1.639494000,264,67584,241.89143095942111
0,256,3,79,temporal,1,0.312271000,1.737451000,28,7168,241.89143095942111
0,256,3,80,temporal,0,0.290278000,1.615186000,28,7168,144.81800281816754
0,256,3,80,static,1,0.346603000,1.752834000,264,67584,144.81800281816754
0,256,3,81,static,0,0.314314000,1.754227000,262,67072,-96.783270321737460
0,256,3,81,temporal,1,0.304590000,1.800426000,28,7168,-96.783270321737460
0,256,3,82,temporal,0,0.351991000,1.723160000,28,7168,-31.619896031618940
0,256,3,82,static,1,0.362076000,1.719945000,263,67328,-31.619896031618940
0,256,3,83,static,0,0.873498000,2.306590000,264,67584,130.62177814583833
0,256,3,83,temporal,1,0.325190000,2.753614000,28,7168,130.62177814583833
0,256,3,84,temporal,0,0.382537000,2.032536000,28,7168,-150.21560601422948
0,256,3,84,static,1,0.604632000,2.410667000,264,67584,-150.21560601422948
0,256,3,85,static,0,0.452242000,1.892745000,265,67840,-215.45249824599450
0,256,3,85,temporal,1,0.425642000,1.943281000,28,7168,-215.45249824599450
0,256,3,86,temporal,0,0.308145000,1.698262000,28,7168,-227.37080682368065
0,256,3,86,static,1,0.645193000,2.244276000,264,67584,-227.37080682368065
0,256,3,87,static,0,0.356047000,1.763180000,263,67328,-216.28609658092344
0,256,3,87,temporal,1,0.400775000,1.867768000,28,7168,-216.28609658092344
0,256,3,88,temporal,0,0.288605000,1.842039000,28,7168,81.654618669315720
0,256,3,88,static,1,0.398612000,1.797562000,266,68096,81.654618669315720
0,256,3,89,static,0,0.333413000,1.781097000,266,68096,-138.82500555771097
0,256,3,89,temporal,1,0.328245000,1.866476000,28,7168,-138.82500555771097
0,256,3,90,temporal,0,0.310378000,1.859175000,28,7168,132.55682979445837
0,256,3,90,static,1,0.431401000,1.928149000,264,67584,132.55682979445837
0,256,3,91,static,0,0.346142000,1.868459000,263,67328,-242.17267042396160
0,256,3,91,temporal,1,0.359863000,1.708056000,28,7168,-242.17267042396160
0,256,3,92,temporal,0,0.350008000,1.746675000,28,7168,-101.93271596363331
0,256,3,92,static,1,0.353654000,1.955200000,266,68096,-101.93271596363331
0,256,3,93,static,0,0.431632000,1.908890000,264,67584,179.46705042906340
0,256,3,93,temporal,1,0.587457000,2.355634000,28,7168,179.46705042906340
0,256,3,94,temporal,0,0.421536000,1.724582000,28,7168,160.44543124688792
0,256,3,94,static,1,0.429738000,1.789009000,264,67584,160.44543124688792
0,256,3,95,static,0,0.339082000,1.835660000,264,67584,175.78304844706910
0,256,3,95,temporal,1,0.421887000,2.004434000,28,7168,175.78304844706910
0,256,3,96,temporal,0,0.320043000,1.813116000,28,7168,105.44517954726165
0,256,3,96,static,1,0.374114000,1.766996000,264,67584,105.44517954726165
0,256,3,97,static,0,0.320123000,1.738012000,264,67584,180.15615139521304
0,256,3,97,temporal,1,0.476449000,1.799265000,28,7168,180.15615139521304
0,256,3,98,temporal,0,0.306792000,1.749499000,28,7168,-216.96175348188550
0,256,3,98,static,1,0.403929000,1.827957000,264,67584,-216.96175348188550
0,256,3,99,static,0,0.327234000,1.820396000,264,67584,204.63364112396786
0,256,3,99,temporal,1,0.349117000,1.790231000,28,7168,204.63364112396786
0,256,3,100,temporal,0,0.349027000,1.754197000,28,7168,56.209951730887370
0,256,3,100,static,1,0.474727000,1.928310000,263,67328,56.209951730887370
0,256,3,101,static,0,0.417810000,1.875209000,264,67584,-90.186517228663260
0,256,3,101,temporal,1,0.403288000,1.860166000,28,7168,-90.186517228663260
0,256,3,102,temporal,0,0.712365000,2.182593000,28,7168,47.069955544832220
0,256,3,102,static,1,0.598343000,2.385229000,265,67840,47.069955544832220
0,256,3,103,static,0,0.377309000,1.963011000,266,68096,222.47721676461757
0,256,3,103,temporal,1,0.444170000,1.777352000,28,7168,222.47721676461757
0,256,3,104,temporal,0,0.473815000,1.973046000,28,7168,163.93604289837400
0,256,3,104,static,1,0.436659000,1.906336000,266,68096,163.93604289837400
0,256,3,105,static,0,0.350518000,1.908659000,264,67584,-68.113340604846610
0,256,3,105,temporal,1,0.354425000,1.713305000,28,7168,-68.113340604846610
0,256,3,106,temporal,0,0.299712000,1.819024000,28,7168,163.93604289837400
0,256,3,106,static,1,0.404571000,1.872565000,266,68096,163.93604289837400
0,256,3,107,static,0,0.339202000,1.787476000,262,67072,-244.01961921475552
0,256,3,107,temporal,1,0.333473000,1.726495000,28,7168,-244.01961921475552
0,256,3,108,temporal,0,0.269486000,1.584200000,28,7168,208.34755121315774
0,256,3,108,static,1,0.430399000,1.806245000,263,67328,208.34755121315774
0,256,3,109,static,0,0.302797000,1.599713000,265,67840,240.48304709220568
0,256,3,109,temporal,1,0.295736000,1.701107000,28,7168,240.48304709220568
0,256,3,110,temporal,0,0.397330000,1.888620000,28,7168,0.62244504227839540
0,256,3,110,static,1,0.359582000,1.821968000,263,67328,0.62244504227839540
0,256,3,111,static,0,0.321485000,1.674567000,267,68352,-42.544067224964730
0,256,3,111,temporal,1,0.293713000,2.163474000,28,7168,-42.544067224964730
0,256,3,112,temporal,0,0.319141000,1.865664000,28,7168,166.11938770271865
0,256,3,112,static,1,0.347835000,1.957844000,266,68096,166.11938770271865
0,256,3,113,static,0,0.358160000,1.956691000,265,67840,215.09928085668543
0,256,3,113,temporal,1,0.341415000,1.802850000,28,7168,215.09928085668543
0,256,3,114,temporal,0,0.289226000,1.677631000,28,7168,-57.009200546379870
0,256,3,114,static,1,0.319963000,1.976301000,263,67328,-57.009200546379870
0,256,3,115,static,0,0.333042000,1.866947000,264,67584,-237.31844906783346
0,256,3,115,temporal,1,0.307374000,2.468284000,28,7168,-237.31844906783346
0,256,3,116,temporal,0,0.380534000,1.864403000,28,7168,67.350345079123640
0,256,3,116,static,1,0.377109000,1.714577000,264,67584,67.350345079123640
0,256,3,117,static,0,0.422167000,2.250876000,264,67584,-163.02312017529810
0,256,3,117,temporal,1,0.489128000,2.730660000,28,7168,-163.02312017529810
0,256,3,118,temporal,0,0.482097000,3.002930000,28,7168,-29.124694787021575
0,256,3,118,static,1,0.499613000,1.970422000,264,67584,-29.124694787021575
0,256,3,119,static,0,0.368326000,1.724993000,265,67840,52.875387912059395
0,256,3,119,temporal,1,0.275836000,1.706905000,28,7168,52.875387912059395
1,256,0,0,static,0,0.505403000,12.707330000,265,67840,186.79309383538100
1,256,0,0,temporal,1,0.593185000,2.665662000,27,6912,186.79309383538100
1,256,0,1,temporal,0,0.351520000,2.060799000,28,7168,148.71129491535748
1,256,0,1,static,1,0.520666000,2.178416000,264,67584,148.71129491535748
1,256,0,2,static,0,0.453294000,2.100940000,267,68352,-126.87123466668349
1,256,0,2,temporal,1,0.370589000,2.787185000,28,7168,-126.87123466668349
1,256,0,3,temporal,0,0.405692000,2.018165000,28,7168,-191.49540428914040
1,256,0,3,static,1,0.400304000,2.282022000,264,67584,-191.49540428914040
1,256,0,4,static,0,0.393013000,1.996122000,264,67584,1.8037555700466423
1,256,0,4,temporal,1,0.324740000,1.751743000,28,7168,1.8037555700466423
1,256,0,5,temporal,0,0.421817000,1.933768000,28,7168,216.54924802971172
1,256,0,5,static,1,0.404370000,1.844873000,263,67328,216.54924802971172
1,256,0,6,static,0,0.368736000,1.853896000,264,67584,211.92356392188944
1,256,0,6,temporal,1,0.329126000,1.853446000,28,7168,211.92356392188944
1,256,0,7,temporal,0,0.301885000,1.821938000,28,7168,-238.38309225623945
1,256,0,7,static,1,0.366093000,1.840837000,264,67584,-238.38309225623945
1,256,0,8,static,0,0.330238000,2.002691000,265,67840,59.697882190796214
1,256,0,8,temporal,1,0.309116000,1.852785000,28,7168,59.697882190796214
1,256,0,9,temporal,0,0.375276000,1.853286000,28,7168,241.92214674868507
1,256,0,9,static,1,0.462647000,1.840576000,265,67840,241.92214674868507
1,256,0,10,static,0,0.376317000,1.864472000,264,67584,-33.086002666277324
1,256,0,10,temporal,1,0.306031000,1.829890000,28,7168,-33.086002666277324
1,256,0,11,temporal,0,0.438222000,1.964955000,28,7168,-247.88778815770874
1,256,0,11,static,1,0.331761000,1.941679000,265,67840,-247.88778815770874
1,256,0,12,static,0,0.353664000,1.890662000,265,67840,-97.988155799726440
1,256,0,12,temporal,1,0.380785000,2.225157000,28,7168,-97.988155799726440
1,256,0,13,temporal,0,0.463990000,2.182413000,28,7168,123.14328169347557
1,256,0,13,static,1,0.435757000,2.181581000,264,67584,123.14328169347557
1,256,0,14,static,0,0.448196000,2.220750000,266,68096,-186.94425216156380
1,256,0,14,temporal,1,0.513695000,2.321863000,28,7168,-186.94425216156380
1,256,0,15,temporal,0,0.391271000,1.998766000,28,7168,137.37887422041484
1,256,0,15,static,1,0.699275000,2.550798000,263,67328,137.37887422041484
1,256,0,16,static,0,0.385031000,1.951484000,264,67584,-138.54400842191214
1,256,0,16,temporal,1,0.422748000,2.841326000,28,7168,-138.54400842191214
1,256,0,17,temporal,0,0.340433000,1.953256000,28,7168,170.51056297579052
1,256,0,17,static,1,0.422066000,2.256183000,265,67840,170.51056297579052
1,256,0,18,static,0,0.419182000,1.858484000,264,67584,-74.220003246754220
1,256,0,18,temporal,1,0.348806000,1.729940000,28,7168,-74.220003246754220
1,256,0,19,temporal,0,0.296858000,1.885865000,28,7168,189.39472496065642
1,256,0,19,static,1,0.585783000,2.116983000,264,67584,189.39472496065642
1,256,0,20,static,0,0.356718000,1.823060000,264,67584,-163.44793692128312
1,256,0,20,temporal,1,0.687057000,2.244707000,28,7168,-163.44793692128312
1,256,0,21,temporal,0,0.333953000,1.780235000,28,7168,211.92356392188944
1,256,0,21,static,1,0.360223000,1.858403000,264,67584,211.92356392188944
1,256,0,22,static,0,0.383578000,2.039466000,265,67840,-31.468994706350770
1,256,0,22,temporal,1,0.372782000,2.103043000,28,7168,-31.468994706350770
1,256,0,23,temporal,0,0.464141000,1.910403000,28,7168,184.30456222609754
1,256,0,23,static,1,0.445893000,2.016542000,266,68096,184.30456222609754
1,256,0,24,static,0,0.359533000,1.947648000,263,67328,67.376716671678610
1,256,0,24,temporal,1,0.358481000,2.183674000,28,7168,67.376716671678610
1,256,0,25,temporal,0,0.312721000,1.939635000,28,7168,153.94378489364385
1,256,0,25,static,1,0.382547000,1.938304000,266,68096,153.94378489364385
1,256,0,26,static,0,0.367285000,1.936542000,264,67584,169.62073320863640
1,256,0,26,temporal,1,0.549859000,2.429475000,28,7168,169.62073320863640
1,256,0,27,temporal,0,0.317619000,1.835168000,28,7168,20.024990636616565
1,256,0,27,static,1,0.356298000,1.853386000,265,67840,20.024990636616565
1,256,0,28,static,0,0.352011000,2.023213000,263,67328,225.15659156332768
1,256,0,28,temporal,1,0.314615000,1.942961000,28,7168,225.15659156332768
1,256,0,29,temporal,0,0.395947000,1.987258000,28,7168,-227.99545430875280
1,256,0,29,static,1,0.353744000,1.949201000,266,68096,-227.99545430875280
1,256,0,30,static,0,0.372352000,2.483547000,266,68096,-236.30576831321787
1,256,0,30,temporal,1,0.413945000,2.051105000,28,7168,-236.30576831321787
1,256,0,31,temporal,0,1.342926000,2.973766000,28,7168,118.25621079137342
1,256,0,31,static,1,0.443169000,1.895119000,266,68096,118.25621079137342
1,256,0,32,static,0,0.508818000,2.387492000,263,67328,-182.83597712776816
1,256,0,32,temporal,1,0.474836000,2.103643000,27,6912,-182.83597712776816
1,256,0,33,temporal,0,0.323988000,2.113048000,28,7168,184.02717511494836
1,256,0,33,static,1,0.819756000,2.384246000,265,67840,184.02717511494836
1,256,0,34,static,0,0.601628000,2.234220000,265,67840,-136.58389545204253
1,256,0,34,temporal,1,0.428917000,2.109112000,28,7168,-136.58389545204253
1,256,0,35,temporal,0,0.393694000,2.009021000,28,7168,187.38259779306634
1,256,0,35,static,1,0.392192000,2.023533000,265,67840,187.38259779306634
1,256,0,36,static,0,0.569419000,1.976461000,265,67840,240.48304709220568
1,256,0,36,temporal,1,0.377640000,1.988019000,28,7168,240.48304709220568
1,256,0,37,temporal,0,0.336958000,1.985675000,28,7168,-93.298557088524050
1,256,0,37,static,1,0.487736000,2.160680000,263,67328,-93.298557088524050
1,256,0,38,static,0,0.414976000,2.211466000,264,67584,-225.59809303038475
1,256,0,38,temporal,1,0.326343000,1.871403000,28,7168,-225.59809303038475
1,256,0,39,temporal,0,0.375086000,2.076823000,28,7168,-159.85436747045730
1,256,0,39,static,1,0.361696000,1.899285000,266,68096,-159.85436747045730
1,256,0,40,static,0,0.344549000,1.901518000,265,67840,89.619871573018240
1,256,0,40,temporal,1,0.355587000,1.916462000,28,7168,89.619871573018240
1,256,0,41,temporal,0,0.334385000,2.035601000,28,7168,-241.00018021971604
1,256,0,41,static,1,0.574266000,2.271877000,264,67584,-241.00018021971604
1,256,0,42,static,0,0.398071000,2.076443000,263,67328,100.28658366799715
1,256,0,42,temporal,1,0.400484000,2.025526000,28,7168,100.28658366799715
1,256,0,43,temporal,0,0.382968000,2.687324000,28,7168,195.78335560504790
1,256,0,43,static,1,0.534676000,2.241040000,266,68096,195.78335560504790
1,256,0,44,static,0,0.400143000,1.969971000,263,67328,212.41454141262366
1,256,0,44,temporal,1,0.406764000,1.926937000,28,7168,212.41454141262366
1,256,0,45,temporal,0,0.293522000,2.495845000,28,7168,214.00759697799685
1,256,0,45,static,1,0.386863000,1.777712000,265,67840,214.00759697799685
1,256,0,46,static,0,0.521948000,1.963652000,266,68096,116.06880128455212
1,256,0,46,temporal,1,0.306472000,1.738042000,28,7168,116.06880128455212
1,256,0,47,temporal,0,0.256217000,1.774568000,28,7168,85.175091146783130
1,256,0,47,static,1,0.303999000,1.713055000,265,67840,85.175091146783130
1,256,0,48,static,0,0.332862000,2.074790000,264,67584,243.35855270289875
1,256,0,48,temporal,1,0.303878000,1.821417000,28,7168,243.35855270289875
1,256,0,49,temporal,0,0.409247000,2.453301000,27,6912,186.79309383538100
1,256,0,49,static,1,0.384660000,2.036823000,265,67840,186.79309383538100
1,256,0,50,static,0,0.718013000,2.175362000,264,67584,110.60073492243193
1,256,0,50,temporal,1,0.383829000,2.005615000,28,7168,110.60073492243193
1,256,0,51,temporal,0,0.274234000,1.870071000,28,7168,20.956959702202760
1,256,0,51,static,1,0.373573000,1.886025000,263,67328,20.956959702202760
1,256,0,52,static,0,0.501347000,2.288192000,264,67584,178.77095019542577
1,256,0,52,temporal,1,0.607637000,2.164826000,28,7168,178.77095019542577
1,256,0,53,temporal,0,0.342416000,2.039256000,28,7168,-81.600701014380900
1,256,0,53,static,1,0.351510000,1.853306000,263,67328,-81.600701014380900
1,256,0,54,static,0,0.490109000,2.068610000,265,67840,59.469535280601960
1,256,0,54,temporal,1,1.508786000,3.179166000,28,7168,59.469535280601960
1,256,0,55,temporal,0,0.298951000,1.732534000,28,7168,117.63990080373287
1,256,0,55,static,1,0.366643000,1.941018000,264,67584,117.63990080373287
1,256,0,56,static,0,0.441806000,1.847697000,265,67840,171.20607968492254
1,256,0,56,temporal,1,0.328936000,1.857532000,28,7168,171.20607968492254
1,256,0,57,temporal,0,0.587256000,2.181712000,28,7168,158.74324404615214
1,256,0,57,static,1,0.351991000,1.922090000,264,67584,158.74324404615214
1,256,0,58,static,0,0.357750000,1.878554000,264,67584,22.744817101360024
1,256,0,58,temporal,1,0.299101000,1.912676000,28,7168,22.744817101360024
1,256,0,59,temporal,0,0.528247000,2.047609000,28,7168,-205.16718382927735
1,256,0,59,static,1,0.404981000,3.951531000,266,68096,-205.16718382927735
1,256,0,60,static,0,0.666115000,2.951933000,264,67584,65.290140237835570
1,256,0,60,temporal,1,0.627907000,2.874707000,28,7168,65.290140237835570
1,256,0,61,temporal,0,0.514416000,2.922228000,28,7168,-204.42606676607735
1,256,0,61,static,1,0.653987000,2.971833000,266,68096,-204.42606676607735
1,256,0,62,static,0,0.543049000,2.880786000,264,67584,-210.43689576826105
1,256,0,62,temporal,1,0.534527000,2.902639000,28,7168,-210.43689576826105
1,256,0,63,temporal,0,0.489308000,3.181319000,28,7168,169.44610479127454
1,256,0,63,static,1,0.615398000,3.215991000,265,67840,169.44610479127454
1,256,0,64,static,0,0.596651000,3.029701000,264,67584,-216.96175348188550
1,256,0,64,temporal,1,0.644972000,2.925523000,28,7168,-216.96175348188550
1,256,0,65,temporal,0,0.491571000,2.905573000,28,7168,-150.36999562468012
1,256,0,65,static,1,0.606215000,3.090712000,265,67840,-150.36999562468012
1,256,0,66,static,0,0.548428000,2.958954000,264,67584,-90.186517228663260
1,256,0,66,temporal,1,0.560746000,3.094237000,28,7168,-90.186517228663260
1,256,0,67,temporal,0,0.504732000,2.826504000,28,7168,-70.088500193644020
1,256,0,67,static,1,0.579604000,2.913675000,266,68096,-70.088500193644020
1,256,0,68,static,0,0.555738000,3.007146000,266,68096,139.66125854483062
1,256,0,68,temporal,1,0.619204000,3.055659000,28,7168,139.66125854483062
1,256,0,69,temporal,0,0.562789000,3.068318000,28,7168,97.809279512503990
1,256,0,69,static,1,0.660276000,3.179386000,264,67584,97.809279512503990
1,256,0,70,static,0,0.522198000,3.207990000,266,68096,196.13236059119512
1,256,0,70,temporal,1,0.572123000,3.202972000,28,7168,196.13236059119512
1,256,0,71,temporal,0,0.558001000,3.055359000,28,7168,14.837517854804483
1,256,0,71,static,1,0.675268000,3.126356000,264,67584,14.837517854804483
1,256,0,72,static,0,0.652183000,3.032004000,265,67840,-64.117023754521240
1,256,0,72,temporal,1,0.594998000,3.038404000,28,7168,-64.117023754521240
1,256,0,73,temporal,0,0.592915000,3.187769000,28,7168,-197.80204976728263
1,256,0,73,static,1,0.625633000,3.141359000,267,68352,-197.80204976728263
1,256,0,74,static,0,0.592895000,2.991042000,263,67328,74.294740652974840
1,256,0,74,temporal,1,0.577792000,2.944712000,28,7168,74.294740652974840
1,256,0,75,temporal,0,0.531502000,3.237003000,28,7168,-53.010872605247854
1,256,0,75,static,1,0.802441000,3.672380000,264,67584,-53.010872605247854
1,256,0,76,static,0,0.683261000,3.271475000,265,67840,3.9924160248702947
1,256,0,76,temporal,1,0.656881000,2.985253000,28,7168,3.9924160248702947
1,256,0,77,temporal,0,0.547055000,2.656257000,28,7168,242.50180579310410
1,256,0,77,static,1,0.633826000,2.903490000,265,67840,242.50180579310410
1,256,0,78,static,0,0.495648000,2.824971000,265,67840,165.01789172620389
1,256,0,78,temporal,1,0.529899000,2.764751000,28,7168,165.01789172620389
1,256,0,79,temporal,0,0.461095000,2.505269000,28,7168,241.89143095942111
1,256,0,79,static,1,0.427305000,1.794477000,264,67584,241.89143095942111
1,256,0,80,static,0,0.316688000,1.994078000,264,67584,144.81800281816754
1,256,0,80,temporal,1,0.356909000,1.887367000,28,7168,144.81800281816754
1,256,0,81,temporal,0,0.294093000,1.786295000,28,7168,-96.783270321737460
1,256,0,81,static,1,0.307404000,1.795379000,262,67072,-96.783270321737460
1,256,0,82,static,0,0.405812000,1.806746000,263,67328,-31.619896031618940
1,256,0,82,temporal,1,0.364230000,1.772484000,28,7168,-31.619896031618940
1,256,0,83,temporal,0,0.264690000,1.704031000,28,7168,130.62177814583833
1,256,0,83,static,1,0.347134000,1.787758000,264,67584,130.62177814583833
1,256,0,84,static,0,0.314154000,1.641787000,264,67584,-150.21560601422948
1,256,0,84,temporal,1,0.354465000,1.709218000,28,7168,-150.21560601422948
1,256,0,85,temporal,0,0.265791000,1.679022000,28,7168,-215.45249824599450
1,256,0,85,static,1,0.331571000,1.760406000,265,67840,-215.45249824599450
1,256,0,86,static,0,0.310108000,1.663089000,264,67584,-227.37080682368065
1,256,0,86,temporal,1,0.312862000,1.712043000,28,7168,-227.37080682368065
1,256,0,87,temporal,0,0.268174000,1.635006000,28,7168,-216.28609658092344
1,256,0,87,static,1,0.323177000,1.665783000,263,67328,-216.28609658092344
1,256,0,88,static,0,0.328415000,1.711752000,266,68096,81.654618669315720
1,256,0,88,temporal,1,0.262055000,1.659333000,28,7168,81.654618669315720
1,256,0,89,temporal,0,0.257309000,1.693074000,28,7168,-138.82500555771097
1,256,0,89,static,1,0.304560000,1.719744000,266,68096,-138.82500555771097
1,256,0,90,static,0,0.279242000,1.789921000,264,67584,132.55682979445837
1,256,0,90,temporal,1,0.286672000,1.691962000,28,7168,132.55682979445837
1,256,0,91,temporal,0,0.247724000,1.623760000,28,7168,-242.17267042396160
1,256,0,91,static,1,0.521357000,1.939426000,263,67328,-242.17267042396160
1,256,0,92,static,0,0.366753000,1.866926000,266,68096,-101.93271596363331
1,256,0,92,temporal,1,0.282896000,1.734516000,28,7168,-101.93271596363331
1,256,0,93,temporal,0,0.442778000,1.957333000,28,7168,179.46705042906340
1,256,0,93,static,1,0.412652000,1.883581000,264,67584,179.46705042906340
1,256,0,94,static,0,0.381846000,1.689529000,264,67584,160.44543124688792
1,256,0,94,temporal,1,0.307124000,1.647255000,28,7168,160.44543124688792
1,256,0,95,temporal,0,0.257789000,1.853806000,28,7168,175.78304844706910
1,256,0,95,static,1,0.351190000,2.972394000,264,67584,175.78304844706910
1,256,0,96,static,0,0.336808000,2.139968000,264,67584,105.44517954726165
1,256,0,96,temporal,1,0.324139000,1.734226000,28,7168,105.44517954726165
1,256,0,97,temporal,0,0.283197000,1.653935000,28,7168,180.15615139521304
1,256,0,97,static,1,0.348175000,1.693505000,264,67584,180.15615139521304
1,256,0,98,static,0,0.332442000,1.732023000,264,67584,-216.96175348188550
1,256,0,98,temporal,1,0.286643000,1.770341000,28,7168,-216.96175348188550
1,256,0,99,temporal,0,0.289587000,1.936872000,28,7168,204.63364112396786
1,256,0,99,static,1,0.329116000,1.824412000,264,67584,204.63364112396786
1,256,0,100,static,0,0.339011000,1.667786000,263,67328,56.209951730887370
1,256,0,100,temporal,1,0.397811000,1.766305000,28,7168,56.209951730887370
1,256,0,101,temporal,0,0.260864000,1.665573000,28,7168,-90.186517228663260
1,256,0,101,static,1,0.296227000,1.765734000,264,67584,-90.186517228663260
1,256,0,102,static,0,0.334855000,1.681306000,265,67840,47.069955544832220
1,256,0,102,temporal,1,0.274033000,1.734516000,28,7168,47.069955544832220
1,256,0,103,temporal,0,0.279772000,1.601216000,28,7168,222.47721676461757
1,256,0,103,static,1,0.335116000,1.649789000,266,68096,222.47721676461757
1,256,0,104,static,0,0.401766000,1.794918000,266,68096,163.93604289837400
1,256,0,104,temporal,1,0.262997000,1.650791000,28,7168,163.93604289837400
1,256,0,105,temporal,0,0.261114000,1.634136000,28,7168,-68.113340604846610
1,256,0,105,static,1,0.316207000,1.686404000,264,67584,-68.113340604846610
1,256,0,106,static,0,0.295025000,1.653194000,266,68096,163.93604289837400
1,256,0,106,temporal,1,0.265760000,1.721667000,28,7168,163.93604289837400
1,256,0,107,temporal,0,0.311590000,2.186519000,28,7168,-244.01961921475552
1,256,0,107,static,1,0.351710000,2.044905000,262,67072,-244.01961921475552
1,256,0,108,static,0,0.371941000,1.844943000,263,67328,208.34755121315774
1,256,0,108,temporal,1,0.389177000,1.794457000,28,7168,208.34755121315774
1,256,0,109,temporal,0,0.341846000,1.698973000,28,7168,240.48304709220568
1,256,0,109,static,1,0.309166000,1.664441000,265,67840,240.48304709220568
1,256,0,110,static,0,0.374275000,2.038716000,263,67328,0.62244504227839540
1,256,0,110,temporal,1,0.292271000,1.686794000,28,7168,0.62244504227839540
1,256,0,111,temporal,0,0.287965000,1.658071000,28,7168,-42.544067224964730
1,256,0,111,static,1,0.320724000,1.682598000,267,68352,-42.544067224964730
1,256,0,112,static,0,0.320664000,1.792995000,266,68096,166.11938770271865
1,256,0,112,temporal,1,0.279792000,2.032967000,28,7168,166.11938770271865
1,256,0,113,temporal,0,0.281375000,1.832144000,28,7168,215.09928085668543
1,256,0,113,static,1,0.828320000,2.323285000,265,67840,215.09928085668543
1,256,0,114,static,0,0.323468000,2.875118000,263,67328,-57.009200546379870
1,256,0,114,temporal,1,0.353864000,1.984073000,28,7168,-57.009200546379870
1,256,0,115,temporal,0,0.333052000,1.882500000,28,7168,-237.31844906783346
1,256,0,115,static,1,0.337089000,1.721267000,264,67584,-237.31844906783346
1,256,0,116,static,0,0.323909000,1.721978000,264,67584,67.350345079123640
1,256,0,116,temporal,1,0.311409000,1.681536000,28,7168,67.350345079123640
1,256,0,117,temporal,0,0.260783000,1.626473000,28,7168,-163.02312017529810
1,256,0,117,static,1,0.369067000,1.716770000,264,67584,-163.02312017529810
1,256,0,118,static,0,0.327604000,1.790471000,264,67584,-29.124694787021575
1,256,0,118,temporal,1,0.271259000,1.752504000,28,7168,-29.124694787021575
1,256,0,119,temporal,0,0.262737000,1.664001000,28,7168,52.875387912059395
1,256,0,119,static,1,0.338701000,1.723049000,265,67840,52.875387912059395
1,256,1,0,temporal,0,0.261134000,1.756620000,27,6912,186.79309383538100
1,256,1,0,static,1,0.291720000,1.727215000,265,67840,186.79309383538100
1,256,1,1,static,0,0.307103000,1.743320000,264,67584,148.71129491535748
1,256,1,1,temporal,1,0.278481000,1.769570000,28,7168,148.71129491535748
1,256,1,2,temporal,0,0.253763000,1.720135000,28,7168,-126.87123466668349
1,256,1,2,static,1,0.301034000,1.726083000,267,68352,-126.87123466668349
1,256,1,3,static,0,0.295255000,1.655597000,264,67584,-191.49540428914040
1,256,1,3,temporal,1,0.329748000,1.660726000,28,7168,-191.49540428914040
1,256,1,4,temporal,0,0.262266000,1.644060000,28,7168,1.8037555700466423
1,256,1,4,static,1,0.316387000,1.637590000,264,67584,1.8037555700466423
1,256,1,5,static,0,0.324700000,1.673926000,263,67328,216.54924802971172
1,256,1,5,temporal,1,0.258690000,1.665362000,28,7168,216.54924802971172
1,256,1,6,temporal,0,0.265941000,1.600544000,28,7168,211.92356392188944
1,256,1,6,static,1,0.403358000,1.863581000,264,67584,211.92356392188944
1,256,1,7,static,0,0.330539000,1.706084000,264,67584,-238.38309225623945
1,256,1,7,temporal,1,0.274524000,1.807607000,28,7168,-238.38309225623945
1,256,1,8,temporal,0,0.280954000,1.794077000,28,7168,59.697882190796214
1,256,1,8,static,1,0.332311000,1.742509000,265,67840,59.697882190796214
1,256,1,9,static,0,0.331080000,1.640946000,265,67840,241.92214674868507
1,256,1,9,temporal,1,0.277539000,1.579342000,28,7168,241.92214674868507
1,256,1,10,temporal,0,0.308776000,2.061590000,28,7168,-33.086002666277324
1,256,1,10,static,1,0.378881000,1.952024000,264,67584,-33.086002666277324
1,256,1,11,static,0,0.329107000,1.970373000,265,67840,-247.88778815770874
1,256,1,11,temporal,1,0.383368000,2.444768000,28,7168,-247.88778815770874
1,256,1,12,temporal,0,0.405772000,3.268631000,28,7168,-97.988155799726440
1,256,1,12,static,1,0.632885000,2.990482000,265,67840,-97.988155799726440
1,256,1,13,static,0,0.690692000,3.053046000,264,67584,123.14328169347557
1,256,1,13,temporal,1,0.485332000,2.057273000,28,7168,123.14328169347557
1,256,1,14,temporal,0,0.317679000,1.966216000,28,7168,-186.94425216156380
1,256,1,14,static,1,0.323298000,1.699254000,266,68096,-186.94425216156380
1,256,1,15,static,0,0.338240000,1.774287000,263,67328,137.37887422041484
1,256,1,15,temporal,1,0.272171000,1.795148000,28,7168,137.37887422041484
1,256,1,16,temporal,0,0.257789000,1.587926000,28,7168,-138.54400842191214
1,256,1,16,static,1,0.372492000,1.802209000,264,67584,-138.54400842191214
1,256,1,17,static,0,0.340193000,1.761347000,265,67840,170.51056297579052
1,256,1,17,temporal,1,0.263598000,1.722058000,28,7168,170.51056297579052
1,256,1,18,temporal,0,0.255356000,1.541356000,28,7168,-74.220003246754220
1,256,1,18,static,1,0.307805000,1.643991000,264,67584,-74.220003246754220
1,256,1,19,static,0,0.279912000,1.773294000,264,67584,189.39472496065642
1,256,1,19,temporal,1,0.284520000,1.730351000,28,7168,189.39472496065642
1,256,1,20,temporal,0,0.291610000,1.643940000,28,7168,-163.44793692128312
1,256,1,20,static,1,0.336247000,1.787826000,264,67584,-163.44793692128312
1,256,1,21,static,0,0.313142000,2.049091000,264,67584,211.92356392188944
1,256,1,21,temporal,1,0.286943000,2.244136000,28,7168,211.92356392188944
1,256,1,22,temporal,0,0.396368000,1.909691000,28,7168,-31.468994706350770
1,256,1,22,static,1,0.326422000,2.341892000,265,67840,-31.468994706350770
1,256,1,23,static,0,0.327514000,1.689188000,266,68096,184.30456222609754
1,256,1,23,temporal,1,0.274534000,3.530666000,28,7168,184.30456222609754
1,256,1,24,temporal,0,0.315836000,3.352016000,28,7168,67.376716671678610
1,256,1,24,static,1,0.466764000,2.072777000,263,67328,67.376716671678610
1,256,1,25,static,0,0.356788000,1.855368000,266,68096,153.94378489364385
1,256,1,25,temporal,1,0.466013000,1.988520000,28,7168,153.94378489364385
1,256,1,26,temporal,0,0.264469000,1.722879000,28,7168,169.62073320863640
1,256,1,26,static,1,0.308906000,1.718342000,264,67584,169.62073320863640
1,256,1,27,static,0,0.287975000,2.815938000,265,67840,20.024990636616565
1,256,1,27,temporal,1,0.353834000,1.955229000,28,7168,20.024990636616565
1,256,1,28,temporal,0,0.314955000,1.654045000,28,7168,225.15659156332768
1,256,1,28,static,1,0.323998000,1.628837000,263,67328,225.15659156332768
1,256,1,29,static,0,0.285301000,1.685353000,266,68096,-227.99545430875280
1,256,1,29,temporal,1,0.292321000,1.699363000,28,7168,-227.99545430875280
1,256,1,30,temporal,0,0.257999000,1.651861000,28,7168,-236.30576831321787
1,256,1,30,static,1,0.277779000,1.718162000,266,68096,-236.30576831321787
1,256,1,31,static,0,0.290748000,1.670610000,266,68096,118.25621079137342
1,256,1,31,temporal,1,0.300534000,1.689489000,28,7168,118.25621079137342
1,256,1,32,temporal,0,0.307915000,1.722659000,27,6912,-182.83597712776816
1,256,1,32,static,1,0.279411000,1.789099000,263,67328,-182.83597712776816
1,256,1,33,static,0,0.447285000,1.896411000,265,67840,184.02717511494836
1,256,1,33,temporal,1,0.332872000,1.722519000,28,7168,184.02717511494836
1,256,1,34,temporal,0,0.265651000,1.686194000,28,7168,-136.58389545204253
1,256,1,34,static,1,0.315096000,1.718092000,265,67840,-136.58389545204253
1,256,1,35,static,0,0.299642000,1.721977000,265,67840,187.38259779306634
1,256,1,35,temporal,1,0.283687000,1.774597000,28,7168,187.38259779306634
1,256,1,36,temporal,0,0.310268000,1.829831000,28,7168,240.48304709220568
1,256,1,36,static,1,0.345581000,1.801508000,265,67840,240.48304709220568
1,256,1,37,static,0,0.346814000,2.098386000,263,67328,-93.298557088524050
1,256,1,37,temporal,1,0.308576000,1.685282000,28,7168,-93.298557088524050
1,256,1,38,temporal,0,0.255646000,1.691341000,28,7168,-225.59809303038475
1,256,1,38,static,1,0.377970000,1.777942000,264,67584,-225.59809303038475
1,256,1,39,static,0,0.281315000,1.650069000,266,68096,-159.85436747045730
1,256,1,39,temporal,1,0.262486000,1.644391000,28,7168,-159.85436747045730
1,256,1,40,temporal,0,0.275786000,1.655347000,28,7168,89.619871573018240
1,256,1,40,static,1,0.363087000,1.817632000,265,67840,89.619871573018240
1,256,1,41,static,0,0.296597000,1.756930000,264,67584,-241.00018021971604
1,256,1,41,temporal,1,0.293172000,1.814687000,28,7168,-241.00018021971604
1,256,1,42,temporal,0,0.295256000,1.635598000,28,7168,100.28658366799715
1,256,1,42,static,1,0.331831000,1.691863000,263,67328,100.28658366799715
1,256,1,43,static,0,0.284379000,3.467702000,266,68096,195.78335560504790
1,256,1,43,temporal,1,0.651563000,2.101780000,28,7168,195.78335560504790
1,256,1,44,temporal,0,0.317679000,1.678692000,28,7168,212.41454141262366
1,256,1,44,static,1,0.422738000,1.869991000,263,67328,212.41454141262366
1,256,1,45,static,0,0.321975000,1.723660000,265,67840,214.00759697799685
1,256,1,45,temporal,1,0.327744000,1.708577000,28,7168,214.00759697799685
1,256,1,46,temporal,0,0.297138000,1.851213000,28,7168,116.06880128455212
1,256,1,46,static,1,0.341004000,1.823821000,266,68096,116.06880128455212
1,256,1,47,static,0,0.396898000,1.895449000,265,67840,85.175091146783130
1,256,1,47,temporal,1,0.425472000,1.951494000,28,7168,85.175091146783130
1,256,1,48,temporal,0,0.270769000,1.682839000,28,7168,243.35855270289875
1,256,1,48,static,1,0.301825000,1.605832000,264,67584,243.35855270289875
1,256,1,49,static,0,0.304710000,2.033588000,265,67840,186.79309383538100
1,256,1,49,temporal,1,0.362006000,1.800226000,27,6912,186.79309383538100
1,256,1,50,temporal,0,0.270488000,1.811773000,28,7168,110.60073492243193
1,256,1,50,static,1,0.372251000,1.827156000,264,67584,110.60073492243193
1,256,1,51,static,0,0.283568000,1.685873000,263,67328,20.956959702202760
1,256,1,51,temporal,1,0.406563000,1.805504000,28,7168,20.956959702202760
1,256,1,52,temporal,0,0.362938000,1.814988000,28,7168,178.77095019542577
1,256,1,52,static,1,0.425712000,1.850651000,264,67584,178.77095019542577
1,256,1,53,static,0,0.289577000,1.870692000,263,67328,-81.600701014380900
1,256,1,53,temporal,1,0.330960000,1.753916000,28,7168,-81.600701014380900
1,256,1,54,temporal,0,0.268134000,1.609638000,28,7168,59.469535280601960
1,256,1,54,static,1,0.339632000,1.925955000,265,67840,59.469535280601960
1,256,1,55,static,0,0.371721000,1.742689000,264,67584,117.63990080373287
1,256,1,55,temporal,1,0.356598000,1.873837000,28,7168,117.63990080373287
1,256,1,56,temporal,0,0.329337000,1.744281000,28,7168,171.20607968492254
1,256,1,56,static,1,0.313553000,1.628917000,265,67840,171.20607968492254
1,256,1,57,static,0,0.500535000,2.642416000,264,67584,158.74324404615214
1,256,1,57,temporal,1,0.805105000,3.877029000,28,7168,158.74324404615214
1,256,1,58,temporal,0,0.451111000,3.121469000,28,7168,22.744817101360024
1,256,1,58,static,1,0.674748000,3.083592000,264,67584,22.744817101360024
1,256,1,59,static,0,0.577051000,3.046656000,266,68096,-205.16718382927735
1,256,1,59,temporal,1,0.660727000,3.112055000,28,7168,-205.16718382927735
1,256,1,60,temporal,0,0.505102000,2.838803000,28,7168,65.290140237835570
1,256,1,60,static,1,0.658524000,2.919374000,264,67584,65.290140237835570
1,256,1,61,static,0,0.529298000,2.833834000,266,68096,-204.42606676607735
1,256,1,61,temporal,1,0.628768000,2.982969000,28,7168,-204.42606676607735
1,256,1,62,temporal,0,0.621868000,3.091734000,28,7168,-210.43689576826105
1,256,1,62,static,1,0.680386000,3.181179000,264,67584,-210.43689576826105
1,256,1,63,static,0,0.470770000,2.056603000,265,67840,169.44610479127454
1,256,1,63,temporal,1,0.424691000,2.020348000,28,7168,169.44610479127454
1,256,1,64,temporal,0,0.310448000,1.706815000,28,7168,-216.96175348188550
1,256,1,64,static,1,0.348766000,1.689989000,264,67584,-216.96175348188550
1,256,1,65,static,0,0.305881000,1.796430000,265,67840,-150.36999562468012
1,256,1,65,temporal,1,0.305251000,1.728878000,28,7168,-150.36999562468012
1,256,1,66,temporal,0,0.299282000,1.759044000,28,7168,-90.186517228663260
1,256,1,66,static,1,0.329266000,2.049151000,264,67584,-90.186517228663260
1,256,1,67,static,0,0.338200000,1.773816000,266,68096,-70.088500193644020
1,256,1,67,temporal,1,0.284379000,2.093909000,28,7168,-70.088500193644020
1,256,1,68,temporal,0,0.298169000,1.830311000,28,7168,139.66125854483062
1,256,1,68,static,1,0.342557000,1.757511000,266,68096,139.66125854483062
1,256,1,69,static,0,0.288715000,1.873116000,264,67584,97.809279512503990
1,256,1,69,temporal,1,0.333524000,1.795689000,28,7168,97.809279512503990
1,256,1,70,temporal,0,0.290529000,1.765373000,28,7168,196.13236059119512
1,256,1,70,static,1,0.321666000,1.902300000,266,68096,196.13236059119512
1,256,1,71,static,0,0.291259000,1.623509000,264,67584,14.837517854804483
1,256,1,71,temporal,1,0.366903000,1.682688000,28,7168,14.837517854804483
1,256,1,72,temporal,0,0.256737000,1.581085000,28,7168,-64.117023754521240
1,256,1,72,static,1,0.300954000,1.668467000,265,67840,-64.117023754521240
1,256,1,73,static,0,0.310128000,1.686665000,267,68352,-197.80204976728263
1,256,1,73,temporal,1,0.264309000,1.661026000,28,7168,-197.80204976728263
1,256,1,74,temporal,0,0.273082000,1.577840000,28,7168,74.294740652974840
1,256,1,74,static,1,0.377700000,1.732964000,263,67328,74.294740652974840
1,256,1,75,static,0,0.291921000,1.692463000,264,67584,-53.010872605247854
1,256,1,75,temporal,1,0.301034000,1.680224000,28,7168,-53.010872605247854
1,256,1,76,temporal,0,0.257358000,1.928069000,28,7168,3.9924160248702947
1,256,1,76,static,1,0.423328000,1.915920000,265,67840,3.9924160248702947
1,256,1,77,static,0,0.307344000,1.986177000,265,67840,242.50180579310410
1,256,1,77,temporal,1,1.433412000,3.287629000,28,7168,242.50180579310410
1,256,1,78,temporal,0,0.499724000,1.934608000,28,7168,165.01789172620389
1,256,1,78,static,1,0.478482000,1.862640000,265,67840,165.01789172620389
1,256,1,79,static,0,0.380284000,1.836631000,264,67584,241.89143095942111
1,256,1,79,temporal,1,0.387414000,2.001058000,28,7168,241.89143095942111
1,256,1,80,temporal,0,0.384480000,1.824533000,28,7168,144.81800281816754
1,256,1,80,static,1,0.352262000,1.988049000,264,67584,144.81800281816754
1,256,1,81,static,0,0.322597000,1.984193000,262,67072,-96.783270321737460
1,256,1,81,temporal,1,0.374856000,1.969502000,28,7168,-96.783270321737460
1,256,1,82,temporal,0,0.364390000,1.738293000,28,7168,-31.619896031618940
1,256,1,82,static,1,0.358380000,1.812414000,263,67328,-31.619896031618940
1,256,1,83,static,0,0.352823000,1.771964000,264,67584,130.62177814583833
1,256,1,83,temporal,1,0.420475000,1.971164000,28,7168,130.62177814583833
1,256,1,84,temporal,0,0.306002000,1.837001000,28,7168,-150.21560601422948
1,256,1,84,static,1,0.346042000,1.838554000,264,67584,-150.21560601422948
1,256,1,85,static,0,0.303238000,1.857152000,265,67840,-215.45249824599450
1,256,1,85,temporal,1,0.407685000,1.793656000,28,7168,-215.45249824599450
1,256,1,86,temporal,0,0.320323000,1.722598000,28,7168,-227.37080682368065
1,256,1,86,static,1,0.349517000,1.703640000,264,67584,-227.37080682368065
1,256,1,87,static,0,0.289056000,1.643059000,263,67328,-216.28609658092344
1,256,1,87,temporal,1,0.379142000,1.719764000,28,7168,-216.28609658092344
1,256,1,88,temporal,0,0.364100000,1.770822000,28,7168,81.654618669315720
1,256,1,88,static,1,0.311570000,1.743450000,266,68096,81.654618669315720
1,256,1,89,static,0,0.272030000,1.684842000,266,68096,-138.82500555771097
1,256,1,89,temporal,1,0.316677000,1.762128000,28,7168,-138.82500555771097
1,256,1,90,temporal,0,0.317819000,1.707716000,28,7168,132.55682979445837
1,256,1,90,static,1,0.302746000,1.757912000,264,67584,132.55682979445837
1,256,1,91,static,0,0.291429000,1.707265000,263,67328,-242.17267042396160
1,256,1,91,temporal,1,0.354955000,1.870411000,28,7168,-242.17267042396160
1,256,1,92,temporal,0,0.363418000,1.834317000,28,7168,-101.93271596363331
1,256,1,92,static,1,0.325140000,1.777872000,266,68096,-101.93271596363331
1,256,1,93,static,0,0.273914000,1.774006000,264,67584,179.46705042906340
1,256,1,93,temporal,1,0.353413000,1.789189000,28,7168,179.46705042906340
1,256,1,94,temporal,0,0.279151000,1.601646000,28,7168,160.44543124688792
1,256,1,94,static,1,0.307534000,2.046137000,264,67584,160.44543124688792
1,256,1,95,static,0,0.337660000,1.931804000,264,67584,175.78304844706910
1,256,1,95,temporal,1,0.495137000,1.998575000,28,7168,175.78304844706910
1,256,1,96,temporal,0,0.307094000,1.914719000,28,7168,105.44517954726165
1,256,1,96,static,1,0.380244000,1.747927000,264,67584,105.44517954726165
1,256,1,97,static,0,0.278190000,1.736860000,264,67584,180.15615139521304
1,256,1,97,temporal,1,0.440885000,1.772694000,28,7168,180.15615139521304
1,256,1,98,temporal,0,0.279652000,1.590700000,28,7168,-216.96175348188550
1,256,1,98,static,1,0.312742000,1.815649000,264,67584,-216.96175348188550
1,256,1,99,static,0,0.317279000,1.776921000,264,67584,204.63364112396786
1,256,1,99,temporal,1,0.336258000,1.817542000,28,7168,204.63364112396786
1,256,1,100,temporal,0,0.379383000,1.748999000,28,7168,56.209951730887370
1,256,1,100,static,1,0.325541000,1.675747000,263,67328,56.209951730887370
1,256,1,101,static,0,0.355657000,1.775228000,264,67584,-90.186517228663260
1,256,1,101,temporal,1,0.282125000,1.662017000,28,7168,-90.186517228663260
1,256,1,102,temporal,0,0.325721000,1.687195000,28,7168,47.069955544832220
1,256,1,102,static,1,0.318710000,2.018194000,265,67840,47.069955544832220
1,256,1,103,static,0,0.417409000,2.328332000,266,68096,222.47721676461757
1,256,1,103,temporal,1,0.430149000,2.056252000,28,7168,222.47721676461757
1,256,1,104,temporal,0,0.330038000,2.062352000,28,7168,163.93604289837400
1,256,1,104,static,1,0.355396000,1.907588000,266,68096,163.93604289837400
1,256,1,105,static,0,0.320013000,2.092176000,264,67584,-68.113340604846610
1,256,1,105,temporal,1,0.427826000,2.214521000,28,7168,-68.113340604846610
1,256,1,106,temporal,0,0.348145000,2.177956000,28,7168,163.93604289837400
1,256,1,106,static,1,0.480064000,2.412089000,266,68096,163.93604289837400
1,256,1,107,static,0,0.469528000,2.125105000,262,67072,-244.01961921475552
1,256,1,107,temporal,1,0.439423000,2.042361000,28,7168,-244.01961921475552
1,256,1,108,temporal,0,0.637802000,2.373421000,28,7168,208.34755121315774
1,256,1,108,static,1,0.473985000,2.327531000,263,67328,208.34755121315774
1,256,1,109,static,0,0.397360000,1.851233000,265,67840,240.48304709220568
1,256,1,109,temporal,1,0.498712000,2.162442000,28,7168,240.48304709220568
1,256,1,110,temporal,0,0.398000000,1.907477000,28,7168,0.62244504227839540
1,256,1,110,static,1,0.412172000,1.798273000,263,67328,0.62244504227839540
1,256,1,111,static,0,0.290057000,1.627334000,267,68352,-42.544067224964730
1,256,1,111,temporal,1,0.344730000,1.715868000,28,7168,-42.544067224964730
1,256,1,112,temporal,0,0.252191000,1.805755000,28,7168,166.11938770271865
1,256,1,112,static,1,0.356868000,2.036612000,266,68096,166.11938770271865
1,256,1,113,static,0,0.380885000,1.791563000,265,67840,215.09928085668543
1,256,1,113,temporal,1,0.344801000,1.808729000,28,7168,215.09928085668543
1,256,1,114,temporal,0,0.309958000,1.726766000,28,7168,-57.009200546379870
1,256,1,114,static,1,0.280213000,1.978354000,263,67328,-57.009200546379870
1,256,1,115,static,0,0.290358000,1.825994000,264,67584,-237.31844906783346
1,256,1,115,temporal,1,0.306403000,1.923502000,28,7168,-237.31844906783346
1,256,1,116,temporal,0,1.123295000,3.461111000,28,7168,67.350345079123640
1,256,1,116,static,1,0.392201000,1.790481000,264,67584,67.350345079123640
1,256,1,117,static,0,0.301345000,1.742829000,264,67584,-163.02312017529810
1,256,1,117,temporal,1,0.392613000,1.790822000,28,7168,-163.02312017529810
1,256,1,118,temporal,0,0.281585000,1.726234000,28,7168,-29.124694787021575
1,256,1,118,static,1,0.334895000,1.780376000,264,67584,-29.124694787021575
1,256,1,119,static,0,0.279091000,2.039436000,265,67840,52.875387912059395
1,256,1,119,temporal,1,0.476088000,1.884893000,28,7168,52.875387912059395
1,256,2,0,static,0,0.423349000,2.005445000,265,67840,186.79309383538100
1,256,2,0,temporal,1,0.287974000,3.380199000,27,6912,186.79309383538100
1,256,2,1,temporal,0,0.355837000,2.023653000,28,7168,148.71129491535748
1,256,2,1,static,1,0.343087000,1.853205000,264,67584,148.71129491535748
1,256,2,2,static,0,0.319982000,2.446170000,267,68352,-126.87123466668349
1,256,2,2,temporal,1,0.344039000,2.085196000,28,7168,-126.87123466668349
1,256,2,3,temporal,0,0.301705000,1.793235000,28,7168,-191.49540428914040
1,256,2,3,static,1,0.320895000,1.733545000,264,67584,-191.49540428914040
1,256,2,4,static,0,0.305982000,1.854528000,264,67584,1.8037555700466423
1,256,2,4,temporal,1,0.318640000,1.813525000,28,7168,1.8037555700466423
1,256,2,5,temporal,0,0.578593000,2.121791000,28,7168,216.54924802971172
1,256,2,5,static,1,0.301104000,1.641065000,263,67328,216.54924802971172
1,256,2,6,static,0,0.287554000,1.618351000,264,67584,211.92356392188944
1,256,2,6,temporal,1,0.258169000,1.762889000,28,7168,211.92356392188944
1,256,2,7,temporal,0,0.249006000,1.598702000,28,7168,-238.38309225623945
1,256,2,7,static,1,0.309077000,1.824733000,264,67584,-238.38309225623945
1,256,2,8,static,0,0.275575000,1.684150000,265,67840,59.697882190796214
1,256,2,8,temporal,1,0.238810000,1.693314000,28,7168,59.697882190796214
1,256,2,9,temporal,0,0.278590000,1.726134000,28,7168,241.92214674868507
1,256,2,9,static,1,0.327934000,1.624150000,265,67840,241.92214674868507
1,256,2,10,static,0,0.275957000,2.008520000,264,67584,-33.086002666277324
1,256,2,10,temporal,1,0.285300000,1.864112000,28,7168,-33.086002666277324
1,256,2,11,temporal,0,0.261454000,1.802960000,28,7168,-247.88778815770874
1,256,2,11,static,1,0.289607000,1.743020000,265,67840,-247.88778815770874
1,256,2,12,static,0,0.417540000,2.008019000,265,67840,-97.988155799726440
1,256,2,12,temporal,1,0.394566000,1.744782000,28,7168,-97.988155799726440
1,256,2,13,temporal,0,0.239040000,1.749629000,28,7168,123.14328169347557
1,256,2,13,static,1,0.274074000,1.983092000,264,67584,123.14328169347557
1,256,2,14,static,0,0.287234000,1.839365000,266,68096,-186.94425216156380
1,256,2,14,temporal,1,0.243257000,1.913977000,28,7168,-186.94425216156380
1,256,2,15,temporal,0,0.247594000,2.114299000,28,7168,137.37887422041484
1,256,2,15,static,1,0.367364000,2.210936000,263,67328,137.37887422041484
1,256,2,16,static,0,0.297159000,1.774337000,264,67584,-138.54400842191214
1,256,2,16,temporal,1,0.280583000,1.583990000,28,7168,-138.54400842191214
1,256,2,17,temporal,0,0.309006000,1.728497000,28,7168,170.51056297579052
1,256,2,17,static,1,0.353373000,1.794527000,265,67840,170.51056297579052
1,256,2,18,static,0,0.262666000,1.621115000,264,67584,-74.220003246754220
1,256,2,18,temporal,1,0.310638000,1.776430000,28,7168,-74.220003246754220
1,256,2,19,temporal,0,0.350890000,1.870372000,28,7168,189.39472496065642
1,256,2,19,static,1,0.296918000,1.823081000,264,67584,189.39472496065642
1,256,2,20,static,0,0.278981000,1.664361000,264,67584,-163.44793692128312
1,256,2,20,temporal,1,0.264429000,1.737762000,28,7168,-163.44793692128312
1,256,2,21,temporal,0,0.247874000,1.708137000,28,7168,211.92356392188944
1,256,2,21,static,1,0.331750000,1.666434000,264,67584,211.92356392188944
1,256,2,22,static,0,0.272921000,2.160889000,265,67840,-31.468994706350770
1,256,2,22,temporal,1,0.393063000,1.836460000,28,7168,-31.468994706350770
1,256,2,23,temporal,0,0.298721000,1.668487000,28,7168,184.30456222609754
1,256,2,23,static,1,0.292771000,1.620424000,266,68096,184.30456222609754
1,256,2,24,static,0,0.326983000,1.764672000,263,67328,67.376716671678610
1,256,2,24,temporal,1,0.300564000,1.753325000,28,7168,67.376716671678610
1,256,2,25,temporal,0,0.236256000,1.985856000,28,7168,153.94378489364385
1,256,2,25,static,1,0.382107000,1.940908000,266,68096,153.94378489364385
1,256,2,26,static,0,0.287604000,1.723290000,264,67584,169.62073320863640
1,256,2,26,temporal,1,0.334124000,1.999827000,28,7168,169.62073320863640
1,256,2,27,temporal,0,0.266462000,1.783771000,28,7168,20.024990636616565
1,256,2,27,static,1,0.423459000,1.749540000,265,67840,20.024990636616565
1,256,2,28,static,0,0.264369000,1.556087000,263,67328,225.15659156332768
1,256,2,28,temporal,1,0.244439000,1.886235000,28,7168,225.15659156332768
1,256,2,29,temporal,0,0.265670000,1.660144000,28,7168,-227.99545430875280
1,256,2,29,static,1,0.276667000,1.778983000,266,68096,-227.99545430875280
1,256,2,30,static,0,0.453204000,1.886046000,266,68096,-236.30576831321787
1,256,2,30,temporal,1,0.258991000,1.791983000,28,7168,-236.30576831321787
1,256,2,31,temporal,0,0.254023000,1.740125000,28,7168,118.25621079137342
1,256,2,31,static,1,0.323307000,1.687776000,266,68096,118.25621079137342
1,256,2,32,static,0,0.359122000,1.753124000,263,67328,-182.83597712776816
1,256,2,32,temporal,1,0.260112000,1.674706000,27,6912,-182.83597712776816
1,256,2,33,temporal,0,0.244809000,1.705994000,28,7168,184.02717511494836
1,256,2,33,static,1,0.335386000,1.660615000,265,67840,184.02717511494836
1,256,2,34,static,0,0.272962000,1.673174000,265,67840,-136.58389545204253
1,256,2,34,temporal,1,0.365542000,1.731332000,28,7168,-136.58389545204253
1,256,2,35,temporal,0,0.231519000,1.594445000,28,7168,187.38259779306634
1,256,2,35,static,1,0.265881000,1.888369000,265,67840,187.38259779306634
1,256,2,36,static,0,0.281254000,1.615277000,265,67840,240.48304709220568
1,256,2,36,temporal,1,0.237178000,1.595237000,28,7168,240.48304709220568
1,256,2,37,temporal,0,0.279993000,1.763170000,28,7168,-93.298557088524050
1,256,2,37,static,1,0.276227000,1.725763000,263,67328,-93.298557088524050
1,256,2,38,static,0,0.269987000,1.796720000,264,67584,-225.59809303038475
1,256,2,38,temporal,1,0.248975000,1.600794000,28,7168,-225.59809303038475
1,256,2,39,temporal,0,0.223818000,1.669609000,28,7168,-159.85436747045730
1,256,2,39,static,1,0.274675000,1.664672000,266,68096,-159.85436747045730
1,256,2,40,static,0,0.266502000,1.849340000,265,67840,89.619871573018240
1,256,2,40,temporal,1,0.377840000,1.773966000,28,7168,89.619871573018240
1,256,2,41,temporal,0,0.232581000,1.641175000,28,7168,-241.00018021971604
1,256,2,41,static,1,0.289056000,2.213129000,264,67584,-241.00018021971604
1,256,2,42,static,0,0.281145000,1.834378000,263,67328,100.28658366799715
1,256,2,42,temporal,1,0.289707000,1.766886000,28,7168,100.28658366799715
1,256,2,43,temporal,0,0.350839000,1.788828000,28,7168,195.78335560504790
1,256,2,43,static,1,0.295296000,1.801458000,266,68096,195.78335560504790
1,256,2,44,static,0,0.336367000,2.268833000,263,67328,212.41454141262366
1,256,2,44,temporal,1,0.262797000,1.630169000,28,7168,212.41454141262366
1,256,2,45,temporal,0,0.274584000,1.598141000,28,7168,214.00759697799685
1,256,2,45,static,1,0.272350000,1.730460000,265,67840,214.00759697799685
1,256,2,46,static,0,0.274695000,1.644020000,266,68096,116.06880128455212
1,256,2,46,temporal,1,0.255806000,1.649318000,28,7168,116.06880128455212
1,256,2,47,temporal,0,0.228555000,1.822289000,28,7168,85.175091146783130
1,256,2,47,static,1,0.289176000,1.695758000,265,67840,85.175091146783130
1,256,2,48,static,0,0.349688000,1.869711000,264,67584,243.35855270289875
1,256,2,48,temporal,1,0.325671000,1.614786000,28,7168,243.35855270289875
1,256,2,49,temporal,0,0.241655000,1.821919000,27,6912,186.79309383538100
1,256,2,49,static,1,0.283558000,1.687536000,265,67840,186.79309383538100
1,256,2,50,static,0,0.254954000,1.950111000,264,67584,110.60073492243193
1,256,2,50,temporal,1,0.277258000,1.718542000,28,7168,110.60073492243193
1,256,2,51,temporal,0,0.302787000,1.689038000,28,7168,20.956959702202760
1,256,2,51,static,1,0.264949000,1.794797000,263,67328,20.956959702202760
1,256,2,52,static,0,0.272241000,1.673234000,264,67584,178.77095019542577
1,256,2,52,temporal,1,0.286262000,1.850151000,28,7168,178.77095019542577
1,256,2,53,temporal,0,0.264098000,1.656849000,28,7168,-81.600701014380900
1,256,2,53,static,1,0.277749000,1.769159000,263,67328,-81.600701014380900
1,256,2,54,static,0,0.288775000,1.654025000,265,67840,59.469535280601960
1,256,2,54,temporal,1,0.361505000,1.827837000,28,7168,59.469535280601960
1,256,2,55,temporal,0,0.280393000,1.758062000,28,7168,117.63990080373287
1,256,2,55,static,1,0.596420000,2.213690000,264,67584,117.63990080373287
1,256,2,56,static,0,0.443840000,1.773265000,265,67840,171.20607968492254
1,256,2,56,temporal,1,0.259252000,1.583549000,28,7168,171.20607968492254
1,256,2,57,temporal,0,0.245410000,1.645592000,28,7168,158.74324404615214
1,256,2,57,static,1,0.296468000,1.659504000,264,67584,158.74324404615214
1,256,2,58,static,0,0.277669000,1.648226000,264,67584,22.744817101360024
1,256,2,58,temporal,1,0.249746000,1.566363000,28,7168,22.744817101360024
1,256,2,59,temporal,0,0.237989000,1.625402000,28,7168,-205.16718382927735
1,256,2,59,static,1,0.265351000,1.644111000,266,68096,-205.16718382927735
1,256,2,60,static,0,0.302577000,2.019467000,264,67584,65.290140237835570
1,256,2,60,temporal,1,0.286732000,1.612752000,28,7168,65.290140237835570
1,256,2,61,temporal,0,0.283558000,1.588917000,28,7168,-204.42606676607735
1,256,2,61,static,1,0.279722000,1.833766000,266,68096,-204.42606676607735
1,256,2,62,static,0,0.288926000,1.661817000,264,67584,-210.43689576826105
1,256,2,62,temporal,1,0.287323000,1.645452000,28,7168,-210.43689576826105
1,256,2,63,temporal,0,0.386373000,1.941179000,28,7168,169.44610479127454
1,256,2,63,static,1,0.413804000,2.448614000,265,67840,169.44610479127454
1,256,2,64,static,0,0.474225000,2.738911000,264,67584,-216.96175348188550
1,256,2,64,temporal,1,0.611172000,2.930340000,28,7168,-216.96175348188550
1,256,2,65,temporal,0,0.583200000,3.197033000,28,7168,-150.36999562468012
1,256,2,65,static,1,0.587696000,3.192746000,265,67840,-150.36999562468012
1,256,2,66,static,0,0.368796000,1.852244000,264,67584,-90.186517228663260
1,256,2,66,temporal,1,0.392693000,1.966106000,28,7168,-90.186517228663260
1,256,2,67,temporal,0,0.330809000,1.822299000,28,7168,-70.088500193644020
1,256,2,67,static,1,0.336598000,2.265618000,266,68096,-70.088500193644020
1,256,2,68,static,0,0.474525000,2.799753000,266,68096,139.66125854483062
1,256,2,68,temporal,1,0.509469000,2.893295000,28,7168,139.66125854483062
1,256,2,69,temporal,0,0.479994000,2.551939000,28,7168,97.809279512503990
1,256,2,69,static,1,0.328976000,1.835399000,264,67584,97.809279512503990
1,256,2,70,static,0,0.290018000,2.025135000,266,68096,196.13236059119512
1,256,2,70,temporal,1,0.372192000,2.165617000,28,7168,196.13236059119512
1,256,2,71,temporal,0,0.437730000,1.851203000,28,7168,14.837517854804483
1,256,2,71,static,1,0.307244000,1.633955000,264,67584,14.837517854804483
1,256,2,72,static,0,0.270999000,1.632923000,265,67840,-64.117023754521240
1,256,2,72,temporal,1,0.352742000,1.844883000,28,7168,-64.117023754521240
1,256,2,73,temporal,0,0.370689000,1.880056000,28,7168,-197.80204976728263
1,256,2,73,static,1,0.301795000,1.786575000,267,68352,-197.80204976728263
1,256,2,74,static,0,0.296117000,1.602407000,263,67328,74.294740652974840
1,256,2,74,temporal,1,0.400504000,1.811623000,28,7168,74.294740652974840
1,256,2,75,temporal,0,0.291309000,1.705092000,28,7168,-53.010872605247854
1,256,2,75,static,1,0.293062000,1.842429000,264,67584,-53.010872605247854
1,256,2,76,static,0,0.286953000,1.661256000,265,67840,3.9924160248702947
1,256,2,76,temporal,1,0.252661000,1.654345000,28,7168,3.9924160248702947
1,256,2,77,temporal,0,0.434025000,2.523376000,28,7168,242.50180579310410
1,256,2,77,static,1,0.359592000,1.821868000,265,67840,242.50180579310410
1,256,2,78,static,0,0.302627000,1.673305000,265,67840,165.01789172620389
1,256,2,78,temporal,1,0.322737000,1.770200000,28,7168,165.01789172620389
1,256,2,79,temporal,0,0.575899000,2.671079000,28,7168,241.89143095942111
1,256,2,79,static,1,0.581197000,2.881087000,264,67584,241.89143095942111
1,256,2,80,static,0,0.496138000,2.924792000,264,67584,144.81800281816754
1,256,2,80,temporal,1,0.564903000,2.867146000,28,7168,144.81800281816754
1,256,2,81,temporal,0,0.554346000,2.098325000,28,7168,-96.783270321737460
1,256,2,81,static,1,0.314755000,2.732442000,262,67072,-96.783270321737460
1,256,2,82,static,0,0.498222000,2.929319000,263,67328,-31.619896031618940
1,256,2,82,temporal,1,0.553986000,2.085336000,28,7168,-31.619896031618940
1,256,2,83,temporal,0,0.365111000,1.876360000,28,7168,130.62177814583833
1,256,2,83,static,1,0.487596000,1.948990000,264,67584,130.62177814583833
1,256,2,84,static,0,0.317519000,1.650891000,264,67584,-150.21560601422948
1,256,2,84,temporal,1,0.406604000,1.931835000,28,7168,-150.21560601422948
1,256,2,85,temporal,0,0.293743000,1.673174000,28,7168,-215.45249824599450
1,256,2,85,static,1,0.269777000,1.638952000,265,67840,-215.45249824599450
1,256,2,86,static,0,0.272531000,1.599954000,264,67584,-227.37080682368065
1,256,2,86,temporal,1,0.245901000,1.597961000,28,7168,-227.37080682368065
1,256,2,87,temporal,0,0.275245000,1.582487000,28,7168,-216.28609658092344
1,256,2,87,static,1,0.280473000,1.649929000,263,67328,-216.28609658092344
1,256,2,88,static,0,0.260833000,3.063511000,266,68096,81.654618669315720
1,256,2,88,temporal,1,0.306563000,1.716860000,28,7168,81.654618669315720
1,256,2,89,temporal,0,0.283267000,1.781006000,28,7168,-138.82500555771097
1,256,2,89,static,1,0.322367000,1.741227000,266,68096,-138.82500555771097
1,256,2,90,static,0,0.265671000,1.669549000,264,67584,132.55682979445837
1,256,2,90,temporal,1,0.267804000,1.717061000,28,7168,132.55682979445837
1,256,2,91,temporal,0,0.302666000,1.669078000,28,7168,-242.17267042396160
1,256,2,91,static,1,0.269948000,1.713906000,263,67328,-242.17267042396160
1,256,2,92,static,0,0.282286000,1.714156000,266,68096,-101.93271596363331
1,256,2,92,temporal,1,0.267003000,1.674907000,28,7168,-101.93271596363331
1,256,2,93,temporal,0,0.253933000,1.625292000,28,7168,179.46705042906340
1,256,2,93,static,1,0.266633000,2.992234000,264,67584,179.46705042906340
1,256,2,94,static,0,0.306953000,1.728958000,264,67584,160.44543124688792
1,256,2,94,temporal,1,0.281695000,1.656949000,28,7168,160.44543124688792
1,256,2,95,temporal,0,0.308085000,2.008159000,28,7168,175.78304844706910
1,256,2,95,static,1,0.920989000,2.927176000,264,67584,175.78304844706910
1,256,2,96,static,0,0.334195000,1.788859000,264,67584,105.44517954726165
1,256,2,96,temporal,1,0.290979000,1.637901000,28,7168,105.44517954726165
1,256,2,97,temporal,0,0.282786000,1.632102000,28,7168,180.15615139521304
1,256,2,97,static,1,0.344530000,1.727756000,264,67584,180.15615139521304
1,256,2,98,static,0,0.370900000,1.748748000,264,67584,-216.96175348188550
1,256,2,98,temporal,1,0.328094000,1.811012000,28,7168,-216.96175348188550
1,256,2,99,temporal,0,0.298450000,1.886616000,28,7168,204.63364112396786
1,256,2,99,static,1,0.277108000,1.812675000,264,67584,204.63364112396786
1,256,2,100,static,0,0.297959000,1.642327000,263,67328,56.209951730887370
1,256,2,100,temporal,1,0.244689000,1.671521000,28,7168,56.209951730887370
1,256,2,101,temporal,0,0.249486000,1.591651000,28,7168,-90.186517228663260
1,256,2,101,static,1,0.281605000,1.683160000,264,67584,-90.186517228663260
1,256,2,102,static,0,0.667417000,2.012596000,265,67840,47.069955544832220
1,256,2,102,temporal,1,0.354024000,1.716820000,28,7168,47.069955544832220
1,256,2,103,temporal,0,0.346012000,1.839976000,28,7168,222.47721676461757
1,256,2,103,static,1,0.354174000,1.683700000,266,68096,222.47721676461757
1,256,2,104,static,0,0.280644000,4.552909000,266,68096,163.93604289837400
1,256,2,104,temporal,1,0.503920000,2.254611000,28,7168,163.93604289837400
1,256,2,105,temporal,0,0.379943000,2.049702000,28,7168,-68.113340604846610
1,256,2,105,static,1,0.410489000,1.924654000,264,67584,-68.113340604846610
1,256,2,106,static,0,0.341325000,1.857783000,266,68096,163.93604289837400
1,256,2,106,temporal,1,0.411401000,1.922490000,28,7168,163.93604289837400
1,256,2,107,temporal,0,0.319642000,1.819004000,28,7168,-244.01961921475552
1,256,2,107,static,1,0.329718000,1.841488000,262,67072,-244.01961921475552
1,256,2,108,static,0,0.293022000,1.666114000,263,67328,208.34755121315774
1,256,2,108,temporal,1,0.422648000,1.837092000,28,7168,208.34755121315774
1,256,2,109,temporal,0,0.326032000,1.619393000,28,7168,240.48304709220568
1,256,2,109,static,1,0.276968000,2.000749000,265,67840,240.48304709220568
1,256,2,110,static,0,0.313002000,1.767195000,263,67328,0.62244504227839540
1,256,2,110,temporal,1,0.287954000,1.837281000,28,7168,0.62244504227839540
1,256,2,111,temporal,0,0.270798000,2.112286000,28,7168,-42.544067224964730
1,256,2,111,static,1,0.309947000,1.845344000,267,68352,-42.544067224964730
1,256,2,112,static,0,0.287273000,2.389024000,266,68096,166.11938770271865
1,256,2,112,temporal,1,0.321335000,1.986286000,28,7168,166.11938770271865
1,256,2,113,temporal,0,0.399202000,2.755847000,28,7168,215.09928085668543
1,256,2,113,static,1,0.358101000,1.930192000,265,67840,215.09928085668543
1,256,2,114,static,0,0.297288000,2.101530000,263,67328,-57.009200546379870
1,256,2,114,temporal,1,0.316056000,1.959015000,28,7168,-57.009200546379870
1,256,2,115,temporal,0,0.290508000,1.802078000,28,7168,-237.31844906783346
1,256,2,115,static,1,0.311290000,1.738944000,264,67584,-237.31844906783346
1,256,2,116,static,0,0.271800000,1.687535000,264,67584,67.350345079123640
1,256,2,116,temporal,1,0.333503000,1.844302000,28,7168,67.350345079123640
1,256,2,117,temporal,0,0.284569000,1.847948000,28,7168,-163.02312017529810
1,256,2,117,static,1,0.308846000,1.683089000,264,67584,-163.02312017529810
1,256,2,118,static,0,0.271369000,1.724962000,264,67584,-29.124694787021575
1,256,2,118,temporal,1,0.488957000,1.985855000,28,7168,-29.124694787021575
1,256,2,119,temporal,0,0.334715000,1.721166000,28,7168,52.875387912059395
1,256,2,119,static,1,0.267062000,1.678722000,265,67840,52.875387912059395
1,256,3,0,temporal,0,0.565853000,2.090974000,27,6912,186.79309383538100
1,256,3,0,static,1,0.285511000,1.691062000,265,67840,186.79309383538100
1,256,3,1,static,0,0.266061000,1.694947000,264,67584,148.71129491535748
1,256,3,1,temporal,1,0.279071000,1.794868000,28,7168,148.71129491535748
1,256,3,2,temporal,0,0.324930000,1.921228000,28,7168,-126.87123466668349
1,256,3,2,static,1,0.295786000,1.975581000,267,68352,-126.87123466668349
1,256,3,3,static,0,0.286573000,1.675097000,264,67584,-191.49540428914040
1,256,3,3,temporal,1,0.308635000,1.924593000,28,7168,-191.49540428914040
1,256,3,4,temporal,0,0.311800000,1.652502000,28,7168,1.8037555700466423
1,256,3,4,static,1,0.375486000,1.760145000,264,67584,1.8037555700466423
1,256,3,5,static,0,0.291310000,1.922220000,263,67328,216.54924802971172
1,256,3,5,temporal,1,0.319452000,1.772905000,28,7168,216.54924802971172
1,256,3,6,temporal,0,0.300453000,1.800296000,28,7168,211.92356392188944
1,256,3,6,static,1,0.295455000,1.690249000,264,67584,211.92356392188944
1,256,3,7,static,0,0.296668000,1.915470000,264,67584,-238.38309225623945
1,256,3,7,temporal,1,0.353293000,1.756610000,28,7168,-238.38309225623945
1,256,3,8,temporal,0,0.288856000,1.840917000,28,7168,59.697882190796214
1,256,3,8,static,1,0.350178000,1.842470000,265,67840,59.697882190796214
1,256,3,9,static,0,0.329908000,1.770821000,265,67840,241.92214674868507
1,256,3,9,temporal,1,0.433854000,1.797551000,28,7168,241.92214674868507
1,256,3,10,temporal,0,0.355847000,1.772794000,28,7168,-33.086002666277324
1,256,3,10,static,1,0.280774000,1.910132000,264,67584,-33.086002666277324
1,256,3,11,static,0,0.307514000,1.920948000,265,67840,-247.88778815770874
1,256,3,11,temporal,1,0.361766000,2.033768000,28,7168,-247.88778815770874
1,256,3,12,temporal,0,0.345752000,1.752204000,28,7168,-97.988155799726440
1,256,3,12,static,1,0.328756000,1.644170000,265,67840,-97.988155799726440
1,256,3,13,static,0,0.387605000,1.952386000,264,67584,123.14328169347557
1,256,3,13,temporal,1,0.371891000,1.808067000,28,7168,123.14328169347557
1,256,3,14,temporal,0,0.342546000,1.841007000,28,7168,-186.94425216156380
1,256,3,14,static,1,0.290158000,1.714377000,266,68096,-186.94425216156380
1,256,3,15,static,0,0.285691000,2.021650000,263,67328,137.37887422041484
1,256,3,15,temporal,1,0.364179000,1.846245000,28,7168,137.37887422041484
1,256,3,16,temporal,0,0.319683000,1.761117000,28,7168,-138.54400842191214
1,256,3,16,static,1,0.356088000,1.738513000,264,67584,-138.54400842191214
1,256,3,17,static,0,0.314104000,1.873136000,265,67840,170.51056297579052
1,256,3,17,temporal,1,0.327093000,1.833396000,28,7168,170.51056297579052
1,256,3,18,temporal,0,0.290819000,1.878414000,28,7168,-74.220003246754220
1,256,3,18,static,1,0.311080000,1.662468000,264,67584,-74.220003246754220
1,256,3,19,static,0,0.274875000,1.779645000,264,67584,189.39472496065642
1,256,3,19,temporal,1,0.353774000,1.811723000,28,7168,189.39472496065642
1,256,3,20,temporal,0,0.288636000,1.764152000,28,7168,-163.44793692128312
1,256,3,20,static,1,0.337379000,1.799214000,264,67584,-163.44793692128312
1,256,3,21,static,0,0.302827000,1.665382000,264,67584,211.92356392188944
1,256,3,21,temporal,1,0.321995000,1.680254000,28,7168,211.92356392188944
1,256,3,22,temporal,0,0.286062000,1.864723000,28,7168,-31.468994706350770
1,256,3,22,static,1,0.303568000,1.763681000,265,67840,-31.468994706350770
1,256,3,23,static,0,0.289186000,1.704491000,266,68096,184.30456222609754
1,256,3,23,temporal,1,0.306842000,1.662427000,28,7168,184.30456222609754
1,256,3,24,temporal,0,0.284359000,1.745984000,28,7168,67.376716671678610
1,256,3,24,static,1,0.288225000,2.011705000,263,67328,67.376716671678610
1,256,3,25,static,0,0.306492000,1.695588000,266,68096,153.94378489364385
1,256,3,25,temporal,1,0.310448000,1.732694000,28,7168,153.94378489364385
1,256,3,26,temporal,0,0.321876000,2.019897000,28,7168,169.62073320863640
1,256,3,26,static,1,0.356789000,1.863411000,264,67584,169.62073320863640
1,256,3,27,static,0,0.327424000,1.745022000,265,67840,20.024990636616565
1,256,3,27,temporal,1,0.301635000,1.694286000,28,7168,20.024990636616565
1,256,3,28,temporal,0,0.269076000,1.747846000,28,7168,225.15659156332768
1,256,3,28,static,1,0.291710000,1.814157000,263,67328,225.15659156332768
1,256,3,29,static,0,0.294455000,1.716740000,266,68096,-227.99545430875280
1,256,3,29,temporal,1,0.273923000,1.732944000,28,7168,-227.99545430875280
1,256,3,30,temporal,0,0.285691000,1.811282000,28,7168,-236.30576831321787
1,256,3,30,static,1,0.301495000,1.808428000,266,68096,-236.30576831321787
1,256,3,31,static,0,0.308496000,2.176544000,266,68096,118.25621079137342
1,256,3,31,temporal,1,0.349798000,1.893637000,28,7168,118.25621079137342
1,256,3,32,temporal,0,0.304780000,2.256063000,27,6912,-182.83597712776816
1,256,3,32,static,1,0.309306000,1.813716000,263,67328,-182.83597712776816
1,256,3,33,static,0,0.299081000,1.627726000,265,67840,184.02717511494836
1,256,3,33,temporal,1,0.398421000,1.803681000,28,7168,184.02717511494836
1,256,3,34,temporal,0,0.354725000,1.990103000,28,7168,-136.58389545204253
1,256,3,34,static,1,0.326672000,1.785103000,265,67840,-136.58389545204253
1,256,3,35,static,0,0.295255000,1.784011000,265,67840,187.38259779306634
1,256,3,35,temporal,1,0.374335000,1.845094000,28,7168,187.38259779306634
1,256,3,36,temporal,0,0.344740000,1.740916000,28,7168,240.48304709220568
1,256,3,36,static,1,0.389808000,1.991374000,265,67840,240.48304709220568
1,256,3,37,static,0,0.412933000,2.155732000,263,67328,-93.298557088524050
1,256,3,37,temporal,1,0.674177000,3.502483000,28,7168,-93.298557088524050
1,256,3,38,temporal,0,0.639104000,3.270163000,28,7168,-225.59809303038475
1,256,3,38,static,1,0.696180000,3.241430000,264,67584,-225.59809303038475
1,256,3,39,static,0,0.543861000,2.917612000,266,68096,-159.85436747045730
1,256,3,39,temporal,1,0.561416000,2.969980000,28,7168,-159.85436747045730
1,256,3,40,temporal,0,0.496569000,2.965944000,28,7168,89.619871573018240
1,256,3,40,static,1,0.540005000,3.012305000,265,67840,89.619871573018240
1,256,3,41,static,0,0.530149000,3.065294000,264,67584,-241.00018021971604
1,256,3,41,temporal,1,0.523689000,3.073786000,28,7168,-241.00018021971604
1,256,3,42,temporal,0,0.524281000,2.867106000,28,7168,100.28658366799715
1,256,3,42,static,1,0.526303000,2.938903000,263,67328,100.28658366799715
1,256,3,43,static,0,0.510050000,2.965904000,266,68096,195.78335560504790
1,256,3,43,temporal,1,0.532634000,2.984573000,28,7168,195.78335560504790
1,256,3,44,temporal,0,0.516529000,2.788907000,28,7168,212.41454141262366
1,256,3,44,static,1,0.579985000,3.009019000,263,67328,212.41454141262366
1,256,3,45,static,0,0.583099000,3.311505000,265,67840,214.00759697799685
1,256,3,45,temporal,1,0.692165000,3.352999000,28,7168,214.00759697799685
1,256,3,46,temporal,0,0.586725000,3.260118000,28,7168,116.06880128455212
1,256,3,46,static,1,0.524331000,3.051243000,266,68096,116.06880128455212
1,256,3,47,static,0,0.533485000,2.979355000,265,67840,85.175091146783130
1,256,3,47,temporal,1,0.577772000,2.986125000,28,7168,85.175091146783130
1,256,3,48,temporal,0,0.434385000,1.906836000,28,7168,243.35855270289875
1,256,3,48,static,1,0.411641000,1.753155000,264,67584,243.35855270289875
1,256,3,49,static,0,0.305451000,1.673274000,265,67840,186.79309383538100
1,256,3,49,temporal,1,0.321214000,1.751522000,27,6912,186.79309383538100
1,256,3,50,temporal,0,0.237569000,1.923542000,28,7168,110.60073492243193
1,256,3,50,static,1,0.288475000,1.695588000,264,67584,110.60073492243193
1,256,3,51,static,0,0.287153000,1.718152000,263,67328,20.956959702202760
1,256,3,51,temporal,1,0.230628000,1.640114000,28,7168,20.956959702202760
1,256,3,52,temporal,0,0.218660000,1.643269000,28,7168,178.77095019542577
1,256,3,52,static,1,0.249426000,1.676639000,264,67584,178.77095019542577
1,256,3,53,static,0,0.249767000,1.611000000,263,67328,-81.600701014380900
1,256,3,53,temporal,1,0.241193000,1.586383000,28,7168,-81.600701014380900
1,256,3,54,temporal,0,0.245030000,1.635217000,28,7168,59.469535280601960
1,256,3,54,static,1,0.309377000,1.903281000,265,67840,59.469535280601960
1,256,3,55,static,0,0.400704000,1.789309000,264,67584,117.63990080373287
1,256,3,55,temporal,1,0.321756000,1.668728000,28,7168,117.63990080373287
1,256,3,56,temporal,0,0.272581000,1.567064000,28,7168,171.20607968492254
1,256,3,56,static,1,0.407936000,1.698483000,265,67840,171.20607968492254
1,256,3,57,static,0,0.255485000,1.778052000,264,67584,158.74324404615214
1,256,3,57,temporal,1,0.323538000,1.786825000,28,7168,158.74324404615214
1,256,3,58,temporal,0,0.278109000,1.689759000,28,7168,22.744817101360024
1,256,3,58,static,1,0.317258000,1.679173000,264,67584,22.744817101360024
1,256,3,59,static,0,0.272120000,1.646384000,266,68096,-205.16718382927735
1,256,3,59,temporal,1,0.245260000,1.683630000,28,7168,-205.16718382927735
1,256,3,60,temporal,0,0.255866000,1.580925000,28,7168,65.290140237835570
1,256,3,60,static,1,0.338802000,1.664311000,264,67584,65.290140237835570
1,256,3,61,static,0,0.355877000,1.773275000,266,68096,-204.42606676607735
1,256,3,61,temporal,1,0.280022000,1.592642000,28,7168,-204.42606676607735
1,256,3,62,temporal,0,0.221194000,1.590920000,28,7168,-210.43689576826105
1,256,3,62,static,1,0.427304000,2.573051000,264,67584,-210.43689576826105
1,256,3,63,static,0,0.481336000,2.949259000,265,67840,169.44610479127454
1,256,3,63,temporal,1,0.447064000,2.922248000,28,7168,169.44610479127454
1,256,3,64,temporal,0,0.433153000,2.651300000,28,7168,-216.96175348188550
1,256,3,64,static,1,0.452843000,2.801727000,264,67584,-216.96175348188550
1,256,3,65,static,0,0.463139000,3.123532000,265,67840,-150.36999562468012
1,256,3,65,temporal,1,0.620145000,3.182871000,28,7168,-150.36999562468012
1,256,3,66,temporal,0,0.528437000,2.090193000,28,7168,-90.186517228663260
1,256,3,66,static,1,0.396268000,1.856741000,264,67584,-90.186517228663260
1,256,3,67,static,0,0.287934000,1.621977000,266,68096,-70.088500193644020
1,256,3,67,temporal,1,0.319542000,1.695427000,28,7168,-70.088500193644020
1,256,3,68,temporal,0,0.326853000,1.678703000,28,7168,139.66125854483062
1,256,3,68,static,1,0.266683000,1.603700000,266,68096,139.66125854483062
1,256,3,69,static,0,0.251590000,1.725824000,264,67584,97.809279512503990
1,256,3,69,temporal,1,0.243087000,1.755328000,28,7168,97.809279512503990
1,256,3,70,temporal,0,0.294544000,2.160549000,28,7168,196.13236059119512
1,256,3,70,static,1,0.482478000,2.775977000,266,68096,196.13236059119512
1,256,3,71,static,0,0.545633000,2.745462000,264,67584,14.837517854804483
1,256,3,71,temporal,1,0.578864000,2.913305000,28,7168,14.837517854804483
1,256,3,72,temporal,0,0.389057000,1.827226000,28,7168,-64.117023754521240
1,256,3,72,static,1,0.361175000,2.108130000,265,67840,-64.117023754521240
1,256,3,73,static,0,0.297109000,2.106809000,267,68352,-197.80204976728263
1,256,3,73,temporal,1,0.335226000,1.833045000,28,7168,-197.80204976728263
1,256,3,74,temporal,0,0.346693000,1.681597000,28,7168,74.294740652974840
1,256,3,74,static,1,0.283077000,1.585401000,263,67328,74.294740652974840
1,256,3,75,static,0,0.265451000,1.744021000,264,67584,-53.010872605247854
1,256,3,75,temporal,1,0.364840000,1.892364000,28,7168,-53.010872605247854
1,256,3,76,temporal,0,0.248775000,1.763330000,28,7168,3.9924160248702947
1,256,3,76,static,1,0.288365000,1.932816000,265,67840,3.9924160248702947
1,256,3,77,static,0,0.346552000,1.704551000,265,67840,242.50180579310410
1,256,3,77,temporal,1,0.296998000,1.660325000,28,7168,242.50180579310410
1,256,3,78,temporal,0,0.249185000,1.555907000,28,7168,165.01789172620389
1,256,3,78,static,1,0.256087000,1.528416000,265,67840,165.01789172620389
1,256,3,79,static,0,0.250177000,1.704331000,264,67584,241.89143095942111
1,256,3,79,temporal,1,0.265080000,1.558902000,28,7168,241.89143095942111
1,256,3,80,temporal,0,0.263657000,1.681186000,28,7168,144.81800281816754
1,256,3,80,static,1,0.297349000,1.678783000,264,67584,144.81800281816754
1,256,3,81,static,0,0.269878000,1.887287000,262,67072,-96.783270321737460
1,256,3,81,temporal,1,0.293693000,1.737070000,28,7168,-96.783270321737460
1,256,3,82,temporal,0,0.314524000,1.670650000,28,7168,-31.619896031618940
1,256,3,82,static,1,0.263378000,1.634065000,263,67328,-31.619896031618940
1,256,3,83,static,0,0.272901000,1.684050000,264,67584,130.62177814583833
1,256,3,83,temporal,1,0.259261000,1.599252000,28,7168,130.62177814583833
1,256,3,84,temporal,0,0.228535000,1.570790000,28,7168,-150.21560601422948
1,256,3,84,static,1,0.263478000,1.553404000,264,67584,-150.21560601422948
1,256,3,85,static,0,0.256557000,1.703380000,265,67840,-215.45249824599450
1,256,3,85,temporal,1,0.244939000,1.732373000,28,7168,-215.45249824599450
1,256,3,86,temporal,0,0.250358000,1.605853000,28,7168,-227.37080682368065
1,256,3,86,static,1,0.285701000,1.912265000,264,67584,-227.37080682368065
1,256,3,87,static,0,0.282546000,1.642277000,263,67328,-216.28609658092344
1,256,3,87,temporal,1,0.323968000,1.961559000,28,7168,-216.28609658092344
1,256,3,88,temporal,0,0.268165000,1.660986000,28,7168,81.654618669315720
1,256,3,88,static,1,0.289897000,1.785784000,266,68096,81.654618669315720
1,256,3,89,static,0,0.307023000,2.021119000,266,68096,-138.82500555771097
1,256,3,89,temporal,1,0.488247000,2.075121000,28,7168,-138.82500555771097
1,256,3,90,temporal,0,0.340934000,1.745593000,28,7168,132.55682979445837
1,256,3,90,static,1,0.284700000,1.714026000,264,67584,132.55682979445837
1,256,3,91,static,0,0.261244000,1.700065000,263,67328,-242.17267042396160
1,256,3,91,temporal,1,0.268616000,1.678453000,28,7168,-242.17267042396160
1,256,3,92,temporal,0,0.273884000,1.725794000,28,7168,-101.93271596363331
1,256,3,92,static,1,0.311209000,1.746875000,266,68096,-101.93271596363331
1,256,3,93,static,0,0.254875000,1.668818000,264,67584,179.46705042906340
1,256,3,93,temporal,1,0.285060000,1.645242000,28,7168,179.46705042906340
1,256,3,94,temporal,0,0.273753000,1.622999000,28,7168,160.44543124688792
1,256,3,94,static,1,0.276036000,1.570860000,264,67584,160.44543124688792
1,256,3,95,static,0,0.264179000,1.654296000,264,67584,175.78304844706910
1,256,3,95,temporal,1,0.259241000,1.779905000,28,7168,175.78304844706910
1,256,3,96,temporal,0,0.249536000,1.603018000,28,7168,105.44517954726165
1,256,3,96,static,1,0.294034000,1.678011000,264,67584,105.44517954726165
1,256,3,97,static,0,0.268625000,1.619213000,264,67584,180.15615139521304
1,256,3,97,temporal,1,0.240563000,1.537790000,28,7168,180.15615139521304
1,256,3,98,temporal,0,0.233442000,2.894527000,28,7168,-216.96175348188550
1,256,3,98,static,1,0.382878000,1.772253000,264,67584,-216.96175348188550
1,256,3,99,static,0,0.686896000,2.298357000,264,67584,204.63364112396786
1,256,3,99,temporal,1,0.371991000,1.874137000,28,7168,204.63364112396786
1,256,3,100,temporal,0,0.427575000,1.817802000,28,7168,56.209951730887370
1,256,3,100,static,1,0.282607000,1.704752000,263,67328,56.209951730887370
1,256,3,101,static,0,0.272311000,1.663730000,264,67584,-90.186517228663260
1,256,3,101,temporal,1,0.274794000,1.702067000,28,7168,-90.186517228663260
1,256,3,102,temporal,0,0.259462000,1.587355000,28,7168,47.069955544832220
1,256,3,102,static,1,0.261224000,1.538240000,265,67840,47.069955544832220
1,256,3,103,static,0,0.340434000,1.650310000,266,68096,222.47721676461757
1,256,3,103,temporal,1,0.272892000,1.553243000,28,7168,222.47721676461757
1,256,3,104,temporal,0,0.295846000,1.754968000,28,7168,163.93604289837400
1,256,3,104,static,1,0.289116000,1.663960000,266,68096,163.93604289837400
1,256,3,105,static,0,0.257628000,1.683890000,264,67584,-68.113340604846610
1,256,3,105,temporal,1,0.258290000,1.640355000,28,7168,-68.113340604846610
1,256,3,106,temporal,0,0.231590000,1.656279000,28,7168,163.93604289837400
1,256,3,106,static,1,0.276107000,1.743951000,266,68096,163.93604289837400
1,256,3,107,static,0,0.285852000,1.724272000,262,67072,-244.01961921475552
1,256,3,107,temporal,1,0.289437000,1.743751000,28,7168,-244.01961921475552
1,256,3,108,temporal,0,0.242106000,1.625032000,28,7168,208.34755121315774
1,256,3,108,static,1,0.265531000,1.643269000,263,67328,208.34755121315774
1,256,3,109,static,0,0.293683000,1.595968000,265,67840,240.48304709220568
1,256,3,109,temporal,1,0.233392000,1.516989000,28,7168,240.48304709220568
1,256,3,110,temporal,0,0.218069000,1.677822000,28,7168,0.62244504227839540
1,256,3,110,static,1,0.330058000,1.679063000,263,67328,0.62244504227839540
1,256,3,111,static,0,0.259171000,1.831964000,267,68352,-42.544067224964730
1,256,3,111,temporal,1,0.247484000,1.618152000,28,7168,-42.544067224964730
1,256,3,112,temporal,0,0.242946000,1.644681000,28,7168,166.11938770271865
1,256,3,112,static,1,0.247413000,1.825353000,266,68096,166.11938770271865
1,256,3,113,static,0,0.267674000,1.705162000,265,67840,215.09928085668543
1,256,3,113,temporal,1,0.231890000,1.640905000,28,7168,215.09928085668543
1,256,3,114,temporal,0,0.264689000,1.632613000,28,7168,-57.009200546379870
1,256,3,114,static,1,0.251529000,1.703400000,263,67328,-57.009200546379870
1,256,3,115,static,0,0.258990000,1.615246000,264,67584,-237.31844906783346
1,256,3,115,temporal,1,0.243126000,1.580304000,28,7168,-237.31844906783346
1,256,3,116,temporal,0,0.216797000,1.553293000,28,7168,67.350345079123640
1,256,3,116,static,1,0.289607000,1.621145000,264,67584,67.350345079123640
1,256,3,117,static,0,0.249346000,1.572743000,264,67584,-163.02312017529810
1,256,3,117,temporal,1,0.237468000,1.550038000,28,7168,-163.02312017529810
1,256,3,118,temporal,0,0.220542000,2.037063000,28,7168,-29.124694787021575
1,256,3,118,static,1,0.313873000,2.005115000,264,67584,-29.124694787021575
1,256,3,119,static,0,0.317699000,1.744352000,265,67840,52.875387912059395
1,256,3,119,temporal,1,0.267854000,1.748117000,28,7168,52.875387912059395
2,256,0,0,static,0,0.286633000,2.152067000,265,67840,186.79309383538100
2,256,0,0,temporal,1,0.277018000,1.739244000,27,6912,186.79309383538100
2,256,0,1,temporal,0,0.233683000,2.025306000,28,7168,148.71129491535748
2,256,0,1,static,1,0.311069000,2.783439000,264,67584,148.71129491535748
2,256,0,2,static,0,0.396238000,1.902240000,267,68352,-126.87123466668349
2,256,0,2,temporal,1,0.434105000,2.712322000,28,7168,-126.87123466668349
2,256,0,3,temporal,0,0.424209000,2.688215000,28,7168,-191.49540428914040
2,256,0,3,static,1,0.541727000,2.816259000,264,67584,-191.49540428914040
2,256,0,4,static,0,0.495187000,2.757961000,264,67584,1.8037555700466423
2,256,0,4,temporal,1,0.452843000,2.621765000,28,7168,1.8037555700466423
2,256,0,5,temporal,0,0.373143000,1.873596000,28,7168,216.54924802971172
2,256,0,5,static,1,0.346423000,1.720586000,263,67328,216.54924802971172
2,256,0,6,static,0,0.361215000,2.123103000,264,67584,211.92356392188944
2,256,0,6,temporal,1,0.255205000,1.650540000,28,7168,211.92356392188944
2,256,0,7,temporal,0,0.240543000,1.718142000,28,7168,-238.38309225623945
2,256,0,7,static,1,0.334244000,1.892495000,264,67584,-238.38309225623945
2,256,0,8,static,0,0.328816000,1.843971000,265,67840,59.697882190796214
2,256,0,8,temporal,1,0.265070000,1.743149000,28,7168,59.697882190796214
2,256,0,9,temporal,0,0.286061000,1.638231000,28,7168,241.92214674868507
2,256,0,9,static,1,0.401917000,1.835419000,265,67840,241.92214674868507
2,256,0,10,static,0,0.328095000,1.790791000,264,67584,-33.086002666277324
2,256,0,10,temporal,1,0.259771000,1.778332000,28,7168,-33.086002666277324
2,256,0,11,temporal,0,0.262987000,1.742949000,28,7168,-247.88778815770874
2,256,0,11,static,1,0.335857000,1.790541000,265,67840,-247.88778815770874
2,256,0,12,static,0,0.335957000,1.692323000,265,67840,-97.988155799726440
2,256,0,12,temporal,1,0.255445000,1.576518000,28,7168,-97.988155799726440
2,256,0,13,temporal,0,0.232240000,1.630820000,28,7168,123.14328169347557
2,256,0,13,static,1,0.528197000,2.590177000,264,67584,123.14328169347557
2,256,0,14,static,0,0.359132000,1.948349000,266,68096,-186.94425216156380
2,256,0,14,temporal,1,0.465762000,2.736798000,28,7168,-186.94425216156380
2,256,0,15,temporal,0,0.480274000,3.137703000,28,7168,137.37887422041484
2,256,0,15,static,1,0.499012000,2.088400000,263,67328,137.37887422041484
2,256,0,16,static,0,0.386313000,1.903091000,264,67584,-138.54400842191214
2,256,0,16,temporal,1,0.305902000,1.715658000,28,7168,-138.54400842191214
2,256,0,17,temporal,0,0.290549000,1.771963000,28,7168,170.51056297579052
2,256,0,17,static,1,0.408055000,1.869310000,265,67840,170.51056297579052
2,256,0,18,static,0,0.338821000,6.601779000,264,67584,-74.220003246754220
2,256,0,18,temporal,1,0.438352000,2.098987000,28,7168,-74.220003246754220
2,256,0,19,temporal,0,0.359081000,2.273199000,28,7168,189.39472496065642
2,256,0,19,static,1,0.436098000,1.939006000,264,67584,189.39472496065642
2,256,0,20,static,0,0.293162000,1.727336000,264,67584,-163.44793692128312
2,256,0,20,temporal,1,0.318301000,1.661527000,28,7168,-163.44793692128312
2,256,0,21,temporal,0,0.260873000,1.574194000,28,7168,211.92356392188944
2,256,0,21,static,1,0.308635000,1.793135000,264,67584,211.92356392188944
2,256,0,22,static,0,0.250878000,1.707986000,265,67840,-31.468994706350770
2,256,0,22,temporal,1,0.245310000,1.720836000,28,7168,-31.468994706350770
2,256,0,23,temporal,0,0.247353000,2.161371000,28,7168,184.30456222609754
2,256,0,23,static,1,0.365601000,1.720335000,266,68096,184.30456222609754
2,256,0,24,static,0,0.274384000,1.822610000,263,67328,67.376716671678610
2,256,0,24,temporal,1,0.256537000,1.977193000,28,7168,67.376716671678610
2,256,0,25,temporal,0,0.251860000,1.713295000,28,7168,153.94378489364385
2,256,0,25,static,1,0.376058000,2.297426000,266,68096,153.94378489364385
2,256,0,26,static,0,0.301925000,1.813055000,264,67584,169.62073320863640
2,256,0,26,temporal,1,0.356758000,4.190260000,28,7168,169.62073320863640
2,256,0,27,temporal,0,0.543450000,2.652952000,28,7168,20.024990636616565
2,256,0,27,static,1,0.428506000,1.949260000,265,67840,20.024990636616565
2,256,0,28,static,0,0.372461000,2.108460000,263,67328,225.15659156332768
2,256,0,28,temporal,1,0.360143000,1.634595000,28,7168,225.15659156332768
2,256,0,29,temporal,0,0.251880000,1.641887000,28,7168,-227.99545430875280
2,256,0,29,static,1,0.332341000,1.750831000,266,68096,-227.99545430875280
2,256,0,30,static,0,0.255505000,1.653604000,266,68096,-236.30576831321787
2,256,0,30,temporal,1,0.233562000,1.581976000,28,7168,-236.30576831321787
2,256,0,31,temporal,0,0.210087000,1.528255000,28,7168,118.25621079137342
2,256,0,31,static,1,0.251089000,1.579844000,266,68096,118.25621079137342
2,256,0,32,static,0,0.253412000,1.688076000,263,67328,-182.83597712776816
2,256,0,32,temporal,1,0.234524000,1.623669000,27,6912,-182.83597712776816
2,256,0,33,temporal,0,0.218360000,1.468506000,28,7168,184.02717511494836
2,256,0,33,static,1,0.253272000,1.583128000,265,67840,184.02717511494836
2,256,0,34,static,0,0.241204000,1.566974000,265,67840,-136.58389545204253
2,256,0,34,temporal,1,0.232551000,1.581676000,28,7168,-136.58389545204253
2,256,0,35,temporal,0,0.212080000,1.546353000,28,7168,187.38259779306634
2,256,0,35,static,1,0.299502000,1.691922000,265,67840,187.38259779306634
2,256,0,36,static,0,0.258570000,1.548145000,265,67840,240.48304709220568
2,256,0,36,temporal,1,0.269436000,1.543308000,28,7168,240.48304709220568
2,256,0,37,temporal,0,0.238330000,1.514966000,28,7168,-93.298557088524050
2,256,0,37,static,1,0.258821000,1.524610000,263,67328,-93.298557088524050
2,256,0,38,static,0,0.296497000,1.603749000,264,67584,-225.59809303038475
2,256,0,38,temporal,1,0.243497000,1.597469000,28,7168,-225.59809303038475
2,256,0,39,temporal,0,0.227793000,1.668377000,28,7168,-159.85436747045730
2,256,0,39,static,1,0.323819000,1.763551000,266,68096,-159.85436747045730
2,256,0,40,static,0,0.258489000,2.097534000,265,67840,89.619871573018240
2,256,0,40,temporal,1,0.275525000,1.630940000,28,7168,89.619871573018240
2,256,0,41,temporal,0,0.222937000,1.668658000,28,7168,-241.00018021971604
2,256,0,41,static,1,0.325701000,1.686073000,264,67584,-241.00018021971604
2,256,0,42,static,0,0.260863000,1.551190000,263,67328,100.28658366799715
2,256,0,42,temporal,1,0.242817000,1.588517000,28,7168,100.28658366799715
2,256,0,43,temporal,0,0.269116000,1.560824000,28,7168,195.78335560504790
2,256,0,43,static,1,0.262896000,1.551881000,266,68096,195.78335560504790
2,256,0,44,static,0,0.264580000,1.553965000,263,67328,212.41454141262366
2,256,0,44,temporal,1,0.223787000,1.537139000,28,7168,212.41454141262366
2,256,0,45,temporal,0,0.215045000,1.515857000,28,7168,214.00759697799685
2,256,0,45,static,1,0.269626000,1.578521000,265,67840,214.00759697799685
2,256,0,46,static,0,0.249256000,1.562718000,266,68096,116.06880128455212
2,256,0,46,temporal,1,0.267344000,1.605592000,28,7168,116.06880128455212
2,256,0,47,temporal,0,0.227933000,1.603749000,28,7168,85.175091146783130
2,256,0,47,static,1,0.280674000,1.761557000,265,67840,85.175091146783130
2,256,0,48,static,0,0.298811000,1.567174000,264,67584,243.35855270289875
2,256,0,48,temporal,1,0.389287000,1.765984000,28,7168,243.35855270289875
2,256,0,49,temporal,0,0.321706000,1.722239000,27,6912,186.79309383538100
2,256,0,49,static,1,0.299812000,1.768248000,265,67840,186.79309383538100
2,256,0,50,static,0,0.277048000,1.730781000,264,67584,110.60073492243193
2,256,0,50,temporal,1,0.257729000,1.605242000,28,7168,110.60073492243193
2,256,0,51,temporal,0,0.210497000,1.592873000,28,7168,20.956959702202760
2,256,0,51,static,1,0.267483000,1.603859000,263,67328,20.956959702202760
2,256,0,52,static,0,0.237769000,1.611261000,264,67584,178.77095019542577
2,256,0,52,temporal,1,0.249887000,1.614115000,28,7168,178.77095019542577
2,256,0,53,temporal,0,0.208434000,1.523077000,28,7168,-81.600701014380900
2,256,0,53,static,1,0.239752000,1.570259000,263,67328,-81.600701014380900
2,256,0,54,static,0,0.248955000,1.493773000,265,67840,59.469535280601960
2,256,0,54,temporal,1,0.224279000,1.535757000,28,7168,59.469535280601960
2,256,0,55,temporal,0,0.222416000,1.496949000,28,7168,117.63990080373287
2,256,0,55,static,1,0.264819000,1.521115000,264,67584,117.63990080373287
2,256,0,56,static,0,0.265451000,1.544190000,265,67840,171.20607968492254
2,256,0,56,temporal,1,0.222275000,1.456677000,28,7168,171.20607968492254
2,256,0,57,temporal,0,0.205590000,1.532962000,28,7168,158.74324404615214
2,256,0,57,static,1,0.245100000,1.595316000,264,67584,158.74324404615214
2,256,0,58,static,0,0.257668000,1.525100000,264,67584,22.744817101360024
2,256,0,58,temporal,1,0.213952000,1.499111000,28,7168,22.744817101360024
2,256,0,59,temporal,0,0.239671000,1.544490000,28,7168,-205.16718382927735
2,256,0,59,static,1,0.253402000,1.569227000,266,68096,-205.16718382927735
2,256,0,60,static,0,0.242576000,1.509137000,264,67584,65.290140237835570
2,256,0,60,temporal,1,0.215235000,1.488435000,28,7168,65.290140237835570
2,256,0,61,temporal,0,0.209145000,1.490117000,28,7168,-204.42606676607735
2,256,0,61,static,1,0.252821000,1.550980000,266,68096,-204.42606676607735
2,256,0,62,static,0,0.244068000,1.504430000,264,67584,-210.43689576826105
2,256,0,62,temporal,1,0.247444000,1.601456000,28,7168,-210.43689576826105
2,256,0,63,temporal,0,0.259972000,1.715137000,28,7168,169.44610479127454
2,256,0,63,static,1,0.336638000,1.707526000,265,67840,169.44610479127454
2,256,0,64,static,0,0.267423000,1.592382000,264,67584,-216.96175348188550
2,256,0,64,temporal,1,0.274744000,1.615347000,28,7168,-216.96175348188550
2,256,0,65,temporal,0,0.278030000,1.682899000,28,7168,-150.36999562468012
2,256,0,65,static,1,0.273954000,1.672644000,265,67840,-150.36999562468012
2,256,0,66,static,0,0.241875000,1.573314000,264,67584,-90.186517228663260
2,256,0,66,temporal,1,0.254204000,1.584140000,28,7168,-90.186517228663260
2,256,0,67,temporal,0,0.235245000,1.581876000,28,7168,-70.088500193644020
2,256,0,67,static,1,0.262626000,1.541725000,266,68096,-70.088500193644020
2,256,0,68,static,0,0.249597000,1.581706000,266,68096,139.66125854483062
2,256,0,68,temporal,1,0.245791000,1.533664000,28,7168,139.66125854483062
2,256,0,69,temporal,0,0.210317000,1.701016000,28,7168,97.809279512503990
2,256,0,69,static,1,0.273974000,1.651792000,264,67584,97.809279512503990
2,256,0,70,static,0,0.240002000,1.656458000,266,68096,196.13236059119512
2,256,0,70,temporal,1,0.226332000,1.602878000,28,7168,196.13236059119512
2,256,0,71,temporal,0,0.215245000,1.469727000,28,7168,14.837517854804483
2,256,0,71,static,1,0.498843000,1.796330000,264,67584,14.837517854804483
2,256,0,72,static,0,0.261664000,1.547975000,265,67840,-64.117023754521240
2,256,0,72,temporal,1,0.243958000,1.616939000,28,7168,-64.117023754521240
2,256,0,73,temporal,0,0.263277000,1.754737000,28,7168,-197.80204976728263
2,256,0,73,static,1,0.317909000,1.769329000,267,68352,-197.80204976728263
2,256,0,74,static,0,0.272291000,1.539602000,263,67328,74.294740652974840
2,256,0,74,temporal,1,0.312131000,1.587545000,28,7168,74.294740652974840
2,256,0,75,temporal,0,0.223217000,1.669909000,28,7168,-53.010872605247854
2,256,0,75,static,1,0.275586000,1.928680000,264,67584,-53.010872605247854
2,256,0,76,static,0,0.281465000,1.689840000,265,67840,3.9924160248702947
2,256,0,76,temporal,1,0.338911000,1.681106000,28,7168,3.9924160248702947
2,256,0,77,temporal,0,0.218420000,1.516798000,28,7168,242.50180579310410
2,256,0,77,static,1,0.302476000,1.574846000,265,67840,242.50180579310410
2,256,0,78,static,0,0.264780000,1.579413000,265,67840,165.01789172620389
2,256,0,78,temporal,1,0.230117000,1.543859000,28,7168,165.01789172620389
2,256,0,79,temporal,0,0.281575000,1.618632000,28,7168,241.89143095942111
2,256,0,79,static,1,0.252080000,1.675357000,264,67584,241.89143095942111
2,256,0,80,static,0,0.254023000,1.607805000,264,67584,144.81800281816754
2,256,0,80,temporal,1,0.217649000,1.573634000,28,7168,144.81800281816754
2,256,0,81,temporal,0,0.218289000,1.642868000,28,7168,-96.783270321737460
2,256,0,81,static,1,0.261694000,1.668407000,262,67072,-96.783270321737460
2,256,0,82,static,0,0.258460000,1.647505000,263,67328,-31.619896031618940
2,256,0,82,temporal,1,0.225810000,1.610128000,28,7168,-31.619896031618940
2,256,0,83,temporal,0,0.239411000,1.667004000,28,7168,130.62177814583833
2,256,0,83,static,1,0.262266000,1.713815000,264,67584,130.62177814583833
2,256,0,84,static,0,0.254354000,1.645853000,264,67584,-150.21560601422948
2,256,0,84,temporal,1,0.249527000,1.651211000,28,7168,-150.21560601422948
2,256,0,85,temporal,0,0.226131000,1.562847000,28,7168,-215.45249824599450
2,256,0,85,static,1,0.259031000,1.633815000,265,67840,-215.45249824599450
2,256,0,86,static,0,0.314475000,1.622177000,264,67584,-227.37080682368065
2,256,0,86,temporal,1,0.247934000,1.649428000,28,7168,-227.37080682368065
2,256,0,87,temporal,0,0.242566000,1.625703000,28,7168,-216.28609658092344
2,256,0,87,static,1,0.363468000,1.644010000,263,67328,-216.28609658092344
2,256,0,88,static,0,0.249786000,1.712363000,266,68096,81.654618669315720
2,256,0,88,temporal,1,0.296347000,1.727966000,28,7168,81.654618669315720
2,256,0,89,temporal,0,0.273232000,1.635377000,28,7168,-138.82500555771097
2,256,0,89,static,1,0.283007000,1.765163000,266,68096,-138.82500555771097
2,256,0,90,static,0,0.271048000,1.960938000,264,67584,132.55682979445837
2,256,0,90,temporal,1,0.286472000,1.671402000,28,7168,132.55682979445837
2,256,0,91,temporal,0,0.229876000,1.539412000,28,7168,-242.17267042396160
2,256,0,91,static,1,0.283177000,1.665593000,263,67328,-242.17267042396160
2,256,0,92,static,0,0.254204000,1.782830000,266,68096,-101.93271596363331
2,256,0,92,temporal,1,0.283548000,1.718633000,28,7168,-101.93271596363331
2,256,0,93,temporal,0,0.295936000,1.726615000,28,7168,179.46705042906340
2,256,0,93,static,1,0.321284000,1.768217000,264,67584,179.46705042906340
2,256,0,94,static,0,0.276928000,1.598562000,264,67584,160.44543124688792
2,256,0,94,temporal,1,0.309107000,1.547234000,28,7168,160.44543124688792
2,256,0,95,temporal,0,0.220563000,1.635037000,28,7168,175.78304844706910
2,256,0,95,static,1,0.278580000,1.701987000,264,67584,175.78304844706910
2,256,0,96,static,0,0.274294000,1.557129000,264,67584,105.44517954726165
2,256,0,96,temporal,1,0.228244000,1.523698000,28,7168,105.44517954726165
2,256,0,97,temporal,0,0.242866000,1.478310000,28,7168,180.15615139521304
2,256,0,97,static,1,0.256927000,1.490118000,264,67584,180.15615139521304
2,256,0,98,static,0,0.335757000,1.607485000,264,67584,-216.96175348188550
2,256,0,98,temporal,1,0.259531000,1.536888000,28,7168,-216.96175348188550
2,256,0,99,temporal,0,0.236967000,1.658772000,28,7168,204.63364112396786
2,256,0,99,static,1,0.304399000,1.854658000,264,67584,204.63364112396786
2,256,0,100,static,0,0.269887000,1.742289000,263,67328,56.209951730887370
2,256,0,100,temporal,1,0.275866000,4.863037000,28,7168,56.209951730887370
2,256,0,101,temporal,0,0.340193000,2.076953000,28,7168,-90.186517228663260
2,256,0,101,static,1,0.406764000,2.551169000,264,67584,-90.186517228663260
2,256,0,102,static,0,0.409247000,1.777211000,265,67840,47.069955544832220
2,256,0,102,temporal,1,0.387515000,1.732544000,28,7168,47.069955544832220
2,256,0,103,temporal,0,0.294424000,1.967038000,28,7168,222.47721676461757
2,256,0,103,static,1,0.388366000,1.823070000,266,68096,222.47721676461757
2,256,0,104,static,0,0.378552000,1.959637000,266,68096,163.93604289837400
2,256,0,104,temporal,1,0.303889000,1.911935000,28,7168,163.93604289837400
2,256,0,105,temporal,0,0.285481000,1.975290000,28,7168,-68.113340604846610
2,256,0,105,static,1,0.322967000,2.559150000,264,67584,-68.113340604846610
2,256,0,106,static,0,0.339322000,1.658101000,266,68096,163.93604289837400
2,256,0,106,temporal,1,0.267553000,1.610349000,28,7168,163.93604289837400
2,256,0,107,temporal,0,0.218019000,1.515286000,28,7168,-244.01961921475552
2,256,0,107,static,1,0.266472000,1.622779000,262,67072,-244.01961921475552
2,256,0,108,static,0,0.259672000,1.565061000,263,67328,208.34755121315774
2,256,0,108,temporal,1,0.265240000,1.776159000,28,7168,208.34755121315774
2,256,0,109,temporal,0,0.207272000,1.490208000,28,7168,240.48304709220568
2,256,0,109,static,1,0.255275000,1.581266000,265,67840,240.48304709220568
2,256,0,110,static,0,0.286562000,1.638832000,263,67328,0.62244504227839540
2,256,0,110,temporal,1,0.230348000,1.519302000,28,7168,0.62244504227839540
2,256,0,111,temporal,0,0.226021000,1.498891000,28,7168,-42.544067224964730
2,256,0,111,static,1,0.262105000,1.589878000,267,68352,-42.544067224964730
2,256,0,112,static,0,0.237759000,1.598111000,266,68096,166.11938770271865
2,256,0,112,temporal,1,0.242386000,1.641747000,28,7168,166.11938770271865
2,256,0,113,temporal,0,0.227293000,1.530148000,28,7168,215.09928085668543
2,256,0,113,static,1,0.279101000,1.581145000,265,67840,215.09928085668543
2,256,0,114,static,0,0.244589000,1.614706000,263,67328,-57.009200546379870
2,256,0,114,temporal,1,0.217038000,1.566894000,28,7168,-57.009200546379870
2,256,0,115,temporal,0,0.203867000,1.578691000,28,7168,-237.31844906783346
2,256,0,115,static,1,0.256707000,2.152667000,264,67584,-237.31844906783346
2,256,0,116,static,0,0.269667000,1.571090000,264,67584,67.350345079123640
2,256,0,116,temporal,1,0.292431000,1.642288000,28,7168,67.350345079123640
2,256,0,117,temporal,0,0.236547000,1.597961000,28,7168,-163.02312017529810
2,256,0,117,static,1,0.270729000,1.590300000,264,67584,-163.02312017529810
2,256,0,118,static,0,0.322646000,1.987708000,264,67584,-29.124694787021575
2,256,0,118,temporal,1,0.287344000,1.685333000,28,7168,-29.124694787021575
2,256,0,119,temporal,0,0.218429000,1.657640000,28,7168,52.875387912059395
2,256,0,119,static,1,0.249797000,1.619593000,265,67840,52.875387912059395
2,256,1,0,temporal,0,0.268044000,1.652383000,27,6912,186.79309383538100
2,256,1,0,static,1,0.265350000,1.687796000,265,67840,186.79309383538100
2,256,1,1,static,0,0.245040000,1.678342000,264,67584,148.71129491535748
2,256,1,1,temporal,1,0.291190000,1.725393000,28,7168,148.71129491535748
2,256,1,2,temporal,0,0.234424000,1.714066000,28,7168,-126.87123466668349
2,256,1,2,static,1,0.296578000,1.767617000,267,68352,-126.87123466668349
2,256,1,3,static,0,0.247924000,1.528146000,264,67584,-191.49540428914040
2,256,1,3,temporal,1,0.214424000,1.625492000,28,7168,-191.49540428914040
2,256,1,4,temporal,0,0.237158000,1.495266000,28,7168,1.8037555700466423
2,256,1,4,static,1,0.312381000,1.582427000,264,67584,1.8037555700466423
2,256,1,5,static,0,0.257398000,1.584140000,263,67328,216.54924802971172
2,256,1,5,temporal,1,0.297218000,1.624871000,28,7168,216.54924802971172
2,256,1,6,temporal,0,0.210888000,1.651972000,28,7168,211.92356392188944
2,256,1,6,static,1,0.260633000,1.674105000,264,67584,211.92356392188944
2,256,1,7,static,0,0.295736000,1.696029000,264,67584,-238.38309225623945
2,256,1,7,temporal,1,0.226301000,1.607976000,28,7168,-238.38309225623945
2,256,1,8,temporal,0,0.212300000,1.587324000,28,7168,59.697882190796214
2,256,1,8,static,1,0.319763000,1.683450000,265,67840,59.697882190796214
2,256,1,9,static,0,0.250297000,1.615567000,265,67840,241.92214674868507
2,256,1,9,temporal,1,0.241254000,1.530068000,28,7168,241.92214674868507
2,256,1,10,temporal,0,0.215505000,1.718863000,28,7168,-33.086002666277324
2,256,1,10,static,1,0.273974000,1.741087000,264,67584,-33.086002666277324
2,256,1,11,static,0,0.275626000,1.641927000,265,67840,-247.88778815770874
2,256,1,11,temporal,1,0.268625000,1.611041000,28,7168,-247.88778815770874
2,256,1,12,temporal,0,0.208985000,1.462496000,28,7168,-97.988155799726440
2,256,1,12,static,1,0.270288000,1.498791000,265,67840,-97.988155799726440
2,256,1,13,static,0,0.245000000,1.573454000,264,67584,123.14328169347557
2,256,1,13,temporal,1,0.230868000,1.560384000,28,7168,123.14328169347557
2,256,1,14,temporal,0,0.212310000,1.626614000,28,7168,-186.94425216156380
2,256,1,14,static,1,0.240032000,1.568917000,266,68096,-186.94425216156380
2,256,1,15,static,0,0.254504000,1.612122000,263,67328,137.37887422041484
2,256,1,15,temporal,1,0.210428000,1.579032000,28,7168,137.37887422041484
2,256,1,16,temporal,0,0.237138000,1.508736000,28,7168,-138.54400842191214
2,256,1,16,static,1,0.254534000,1.517530000,264,67584,-138.54400842191214
2,256,1,17,static,0,0.246211000,1.627706000,265,67840,170.51056297579052
2,256,1,17,temporal,1,0.239151000,1.740476000,28,7168,170.51056297579052
2,256,1,18,temporal,0,0.210518000,1.450178000,28,7168,-74.220003246754220
2,256,1,18,static,1,0.312402000,1.551371000,264,67584,-74.220003246754220
2,256,1,19,static,0,0.237338000,1.623509000,264,67584,189.39472496065642
2,256,1,19,temporal,1,0.240623000,1.621266000,28,7168,189.39472496065642
2,256,1,20,temporal,0,0.211378000,1.496407000,28,7168,-163.44793692128312
2,256,1,20,static,1,0.246672000,1.515577000,264,67584,-163.44793692128312
2,256,1,21,static,0,0.242256000,1.551841000,264,67584,211.92356392188944
2,256,1,21,temporal,1,0.237097000,1.530328000,28,7168,211.92356392188944
2,256,1,22,temporal,0,0.243667000,1.635537000,28,7168,-31.468994706350770
2,256,1,22,static,1,0.256307000,1.627255000,265,67840,-31.468994706350770
2,256,1,23,static,0,0.246492000,1.529978000,266,68096,184.30456222609754
2,256,1,23,temporal,1,0.229857000,1.549197000,28,7168,184.30456222609754
2,256,1,24,temporal,0,0.218800000,1.566383000,28,7168,67.376716671678610
2,256,1,24,static,1,0.260272000,1.639343000,263,67328,67.376716671678610
2,256,1,25,static,0,0.241024000,1.559152000,266,68096,153.94378489364385
2,256,1,25,temporal,1,0.212401000,1.492722000,28,7168,153.94378489364385
2,256,1,26,temporal,0,0.208014000,1.573314000,28,7168,169.62073320863640
2,256,1,26,static,1,0.250879000,1.584220000,264,67584,169.62073320863640
2,256,1,27,static,0,0.236627000,1.536969000,265,67840,20.024990636616565
2,256,1,27,temporal,1,0.235285000,1.518611000,28,7168,20.024990636616565
2,256,1,28,temporal,0,0.213371000,1.467844000,28,7168,225.15659156332768
2,256,1,28,static,1,0.276787000,1.541015000,263,67328,225.15659156332768
2,256,1,29,static,0,0.250267000,1.604450000,266,68096,-227.99545430875280
2,256,1,29,temporal,1,0.220382000,1.561666000,28,7168,-227.99545430875280
2,256,1,30,temporal,0,0.253812000,1.610249000,28,7168,-236.30576831321787
2,256,1,30,static,1,0.235906000,1.657671000,266,68096,-236.30576831321787
2,256,1,31,static,0,0.259762000,1.650811000,266,68096,118.25621079137342
2,256,1,31,temporal,1,0.249857000,1.577951000,28,7168,118.25621079137342
2,256,1,32,temporal,0,0.207153000,1.595367000,27,6912,-182.83597712776816
2,256,1,32,static,1,0.253572000,1.599593000,263,67328,-182.83597712776816
2,256,1,33,static,0,0.245571000,1.500504000,265,67840,184.02717511494836
2,256,1,33,temporal,1,0.208415000,1.482807000,28,7168,184.02717511494836
2,256,1,34,temporal,0,0.211289000,1.555817000,28,7168,-136.58389545204253
2,256,1,34,static,1,0.255756000,1.560094000,265,67840,-136.58389545204253
2,256,1,35,static,0,0.285360000,1.615848000,265,67840,187.38259779306634
2,256,1,35,temporal,1,0.210838000,1.567004000,28,7168,187.38259779306634
2,256,1,36,temporal,0,0.210438000,1.562447000,28,7168,240.48304709220568
2,256,1,36,static,1,0.262076000,1.575117000,265,67840,240.48304709220568
2,256,1,37,static,0,0.259451000,1.557189000,263,67328,-93.298557088524050
2,256,1,37,temporal,1,0.259973000,1.540695000,28,7168,-93.298557088524050
2,256,1,38,temporal,0,0.209325000,1.502236000,28,7168,-225.59809303038475
2,256,1,38,static,1,0.256467000,1.560254000,264,67584,-225.59809303038475
2,256,1,39,static,0,0.244839000,1.556768000,266,68096,-159.85436747045730
2,256,1,39,temporal,1,0.205500000,1.501576000,28,7168,-159.85436747045730
2,256,1,40,temporal,0,0.221023000,1.657811000,28,7168,89.619871573018240
2,256,1,40,static,1,0.330518000,1.759875000,265,67840,89.619871573018240
2,256,1,41,static,0,0.287433000,2.108080000,264,67584,-241.00018021971604
2,256,1,41,temporal,1,0.247674000,1.598982000,28,7168,-241.00018021971604
2,256,1,42,temporal,0,0.223797000,1.597279000,28,7168,100.28658366799715
2,256,1,42,static,1,0.259602000,1.587555000,263,67328,100.28658366799715
2,256,1,43,static,0,0.259972000,1.545211000,266,68096,195.78335560504790
2,256,1,43,temporal,1,0.254534000,1.629548000,28,7168,195.78335560504790
2,256,1,44,temporal,0,0.226432000,1.507635000,28,7168,212.41454141262366
2,256,1,44,static,1,0.252581000,1.600775000,263,67328,212.41454141262366
2,256,1,45,static,0,0.255986000,1.572723000,265,67840,214.00759697799685
2,256,1,45,temporal,1,0.255255000,1.552542000,28,7168,214.00759697799685
2,256,1,46,temporal,0,0.216046000,1.597219000,28,7168,116.06880128455212
2,256,1,46,static,1,0.292351000,1.626444000,266,68096,116.06880128455212
2,256,1,47,static,0,4.431345000,5.988804000,265,67840,85.175091146783130
2,256,1,47,temporal,1,0.413374000,1.792925000,28,7168,85.175091146783130
2,256,1,48,temporal,0,0.221134000,1.484019000,28,7168,243.35855270289875
2,256,1,48,static,1,0.394916000,1.862440000,264,67584,243.35855270289875
2,256,1,49,static,0,0.285661000,1.727776000,265,67840,186.79309383538100
2,256,1,49,temporal,1,0.242136000,1.684021000,27,6912,186.79309383538100
2,256,1,50,temporal,0,0.223968000,1.567795000,28,7168,110.60073492243193
2,256,1,50,static,1,0.264018000,1.667896000,264,67584,110.60073492243193
2,256,1,51,static,0,0.257889000,1.644151000,263,67328,20.956959702202760
2,256,1,51,temporal,1,0.217548000,1.569498000,28,7168,20.956959702202760
2,256,1,52,temporal,0,0.213082000,1.696530000,28,7168,178.77095019542577
2,256,1,52,static,1,0.260463000,1.680986000,264,67584,178.77095019542577
2,256,1,53,static,0,0.242856000,1.604410000,263,67328,-81.600701014380900
2,256,1,53,temporal,1,0.221475000,1.573244000,28,7168,-81.600701014380900
2,256,1,54,temporal,0,0.218019000,1.693154000,28,7168,59.469535280601960
2,256,1,54,static,1,0.293713000,1.601656000,265,67840,59.469535280601960
2,256,1,55,static,0,0.257158000,1.561976000,264,67584,117.63990080373287
2,256,1,55,temporal,1,0.234544000,1.667536000,28,7168,117.63990080373287
2,256,1,56,temporal,0,0.316137000,1.575857000,28,7168,171.20607968492254
2,256,1,56,static,1,0.276447000,1.550439000,265,67840,171.20607968492254
2,256,1,57,static,0,0.317459000,1.686154000,264,67584,158.74324404615214
2,256,1,57,temporal,1,0.268034000,1.603819000,28,7168,158.74324404615214
2,256,1,58,temporal,0,0.227493000,1.678372000,28,7168,22.744817101360024
2,256,1,58,static,1,0.289456000,1.809850000,264,67584,22.744817101360024
2,256,1,59,static,0,0.436128000,1.818424000,266,68096,-205.16718382927735
2,256,1,59,temporal,1,0.306603000,1.687125000,28,7168,-205.16718382927735
2,256,1,60,temporal,0,0.220833000,1.493042000,28,7168,65.290140237835570
2,256,1,60,static,1,0.286442000,1.570639000,264,67584,65.290140237835570
2,256,1,61,static,0,0.258580000,1.562467000,266,68096,-204.42606676607735
2,256,1,61,temporal,1,0.240673000,1.543689000,28,7168,-204.42606676607735
2,256,1,62,temporal,0,0.213663000,1.501425000,28,7168,-210.43689576826105
2,256,1,62,static,1,0.269507000,1.540834000,264,67584,-210.43689576826105
2,256,1,63,static,0,0.249206000,1.682038000,265,67840,169.44610479127454
2,256,1,63,temporal,1,0.225540000,1.597940000,28,7168,169.44610479127454
2,256,1,64,temporal,0,0.230307000,1.515637000,28,7168,-216.96175348188550
2,256,1,64,static,1,0.249676000,1.641045000,264,67584,-216.96175348188550
2,256,1,65,static,0,0.269587000,1.638302000,265,67840,-150.36999562468012
2,256,1,65,temporal,1,0.228775000,1.665542000,28,7168,-150.36999562468012
2,256,1,66,temporal,0,0.234895000,1.580094000,28,7168,-90.186517228663260
2,256,1,66,static,1,0.267834000,1.624391000,264,67584,-90.186517228663260
2,256,1,67,static,0,0.252971000,1.537269000,266,68096,-70.088500193644020
2,256,1,67,temporal,1,0.235886000,1.514925000,28,7168,-70.088500193644020
2,256,1,68,temporal,0,0.209035000,1.542026000,28,7168,139.66125854483062
2,256,1,68,static,1,0.244378000,1.552662000,266,68096,139.66125854483062
2,256,1,69,static,0,0.256908000,1.673906000,264,67584,97.809279512503990
2,256,1,69,temporal,1,0.216507000,1.603058000,28,7168,97.809279512503990
2,256,1,70,temporal,0,0.223768000,1.607816000,28,7168,196.13236059119512
2,256,1,70,static,1,0.274013000,1.764522000,266,68096,196.13236059119512
2,256,1,71,static,0,0.263277000,1.560884000,264,67584,14.837517854804483
2,256,1,71,temporal,1,0.213723000,1.519763000,28,7168,14.837517854804483
2,256,1,72,temporal,0,0.214774000,1.529618000,28,7168,-64.117023754521240
2,256,1,72,static,1,0.244780000,1.526964000,265,67840,-64.117023754521240
2,256,1,73,static,0,0.239822000,1.616539000,267,68352,-197.80204976728263
2,256,1,73,temporal,1,0.213382000,1.526423000,28,7168,-197.80204976728263
2,256,1,74,temporal,0,0.229397000,1.519733000,28,7168,74.294740652974840
2,256,1,74,static,1,0.247804000,1.527484000,263,67328,74.294740652974840
2,256,1,75,static,0,0.258450000,1.617240000,264,67584,-53.010872605247854
2,256,1,75,temporal,1,0.214674000,1.682288000,28,7168,-53.010872605247854
2,256,1,76,temporal,0,0.235165000,1.592182000,28,7168,3.9924160248702947
2,256,1,76,static,1,0.262817000,1.698593000,265,67840,3.9924160248702947
2,256,1,77,static,0,0.263978000,1.570710000,265,67840,242.50180579310410
2,256,1,77,temporal,1,0.221694000,1.483347000,28,7168,242.50180579310410
2,256,1,78,temporal,0,0.214864000,1.528096000,28,7168,165.01789172620389
2,256,1,78,static,1,0.248105000,1.506172000,265,67840,165.01789172620389
2,256,1,79,static,0,0.243468000,1.541035000,264,67584,241.89143095942111
2,256,1,79,temporal,1,0.216957000,1.500323000,28,7168,241.89143095942111
2,256,1,80,temporal,0,0.209756000,1.541205000,28,7168,144.81800281816754
2,256,1,80,static,1,0.243708000,1.599062000,264,67584,144.81800281816754
2,256,1,81,static,0,0.260954000,1.622047000,262,67072,-96.783270321737460
2,256,1,81,temporal,1,0.210748000,1.601306000,28,7168,-96.783270321737460
2,256,1,82,temporal,0,0.228475000,1.543969000,28,7168,-31.619896031618940
2,256,1,82,static,1,0.266322000,1.587685000,263,67328,-31.619896031618940
2,256,1,83,static,0,0.253031000,1.602467000,264,67584,130.62177814583833
2,256,1,83,temporal,1,0.263979000,1.598983000,28,7168,130.62177814583833
2,256,1,84,temporal,0,0.230137000,1.511791000,28,7168,-150.21560601422948
2,256,1,84,static,1,0.290919000,1.579022000,264,67584,-150.21560601422948
2,256,1,85,static,0,0.249366000,1.585913000,265,67840,-215.45249824599450
2,256,1,85,temporal,1,0.230898000,1.553344000,28,7168,-215.45249824599450
2,256,1,86,temporal,0,0.217208000,1.543409000,28,7168,-227.37080682368065
2,256,1,86,static,1,0.249106000,1.562056000,264,67584,-227.37080682368065
2,256,1,87,static,0,0.284459000,1.580144000,263,67328,-216.28609658092344
2,256,1,87,temporal,1,0.238921000,1.546564000,28,7168,-216.28609658092344
2,256,1,88,temporal,0,0.231079000,1.842910000,28,7168,81.654618669315720
2,256,1,88,static,1,0.326903000,1.686204000,266,68096,81.654618669315720
2,256,1,89,static,0,0.248805000,1.755268000,266,68096,-138.82500555771097
2,256,1,89,temporal,1,0.288555000,1.727115000,28,7168,-138.82500555771097
2,256,1,90,temporal,0,0.232851000,1.591150000,28,7168,132.55682979445837
2,256,1,90,static,1,0.274885000,1.679815000,264,67584,132.55682979445837
2,256,1,91,static,0,0.260302000,1.598561000,263,67328,-242.17267042396160
2,256,1,91,temporal,1,0.217347000,1.559813000,28,7168,-242.17267042396160
2,256,1,92,temporal,0,0.220132000,1.603830000,28,7168,-101.93271596363331
2,256,1,92,static,1,0.251820000,1.643649000,266,68096,-101.93271596363331
2,256,1,93,static,0,0.301315000,1.661106000,264,67584,179.46705042906340
2,256,1,93,temporal,1,0.253022000,1.634716000,28,7168,179.46705042906340
2,256,1,94,temporal,0,0.214053000,1.491951000,28,7168,160.44543124688792
2,256,1,94,static,1,0.252761000,1.536097000,264,67584,160.44543124688792
2,256,1,95,static,0,0.244599000,1.661016000,264,67584,175.78304844706910
2,256,1,95,temporal,1,0.257578000,1.656629000,28,7168,175.78304844706910
2,256,1,96,temporal,0,0.233012000,1.638432000,28,7168,105.44517954726165
2,256,1,96,static,1,0.264219000,1.589658000,264,67584,105.44517954726165
2,256,1,97,static,0,0.276336000,1.573984000,264,67584,180.15615139521304
2,256,1,97,temporal,1,0.215505000,1.479572000,28,7168,180.15615139521304
2,256,1,98,temporal,0,0.243017000,1.555397000,28,7168,-216.96175348188550
2,256,1,98,static,1,0.246011000,1.522627000,264,67584,-216.96175348188550
2,256,1,99,static,0,0.261956000,1.678733000,264,67584,204.63364112396786
2,256,1,99,temporal,1,0.219892000,1.629168000,28,7168,204.63364112396786
2,256,1,100,temporal,0,0.212351000,1.479582000,28,7168,56.209951730887370
2,256,1,100,static,1,0.262215000,1.554205000,263,67328,56.209951730887370
2,256,1,101,static,0,0.242165000,1.591952000,264,67584,-90.186517228663260
2,256,1,101,temporal,1,0.226171000,1.593985000,28,7168,-90.186517228663260
2,256,1,102,temporal,0,0.212951000,1.493783000,28,7168,47.069955544832220
2,256,1,102,static,1,0.244599000,1.507244000,265,67840,47.069955544832220
2,256,1,103,static,0,0.247102000,1.544510000,266,68096,222.47721676461757
2,256,1,103,temporal,1,0.217889000,1.479252000,28,7168,222.47721676461757
2,256,1,104,temporal,0,0.209396000,1.565692000,28,7168,163.93604289837400
2,256,1,104,static,1,0.254694000,1.585732000,266,68096,163.93604289837400
2,256,1,105,static,0,0.261074000,1.603319000,264,67584,-68.113340604846610
2,256,1,105,temporal,1,0.216086000,1.574966000,28,7168,-68.113340604846610
2,256,1,106,temporal,0,0.233102000,1.608447000,28,7168,163.93604289837400
2,256,1,106,static,1,0.267744000,1.624290000,266,68096,163.93604289837400
2,256,1,107,static,0,0.262356000,1.586714000,262,67072,-244.01961921475552
2,256,1,107,temporal,1,0.228434000,1.555136000,28,7168,-244.01961921475552
2,256,1,108,temporal,0,0.210889000,1.528997000,28,7168,208.34755121315774
2,256,1,108,static,1,0.294875000,1.610881000,263,67328,208.34755121315774
2,256,1,109,static,0,0.252931000,1.564800000,265,67840,240.48304709220568
2,256,1,109,temporal,1,0.259411000,1.519502000,28,7168,240.48304709220568
2,256,1,110,temporal,0,0.228574000,1.551290000,28,7168,0.62244504227839540
2,256,1,110,static,1,0.286402000,1.609228000,263,67328,0.62244504227839540
2,256,1,111,static,0,0.283127000,1.562016000,267,68352,-42.544067224964730
2,256,1,111,temporal,1,0.226442000,1.512001000,28,7168,-42.544067224964730
2,256,1,112,temporal,0,0.245521000,1.615007000,28,7168,166.11938770271865
2,256,1,112,static,1,0.250318000,1.635618000,266,68096,166.11938770271865
2,256,1,113,static,0,0.243828000,1.572662000,265,67840,215.09928085668543
2,256,1,113,temporal,1,0.221905000,1.575958000,28,7168,215.09928085668543
2,256,1,114,temporal,0,0.232671000,1.594175000,28,7168,-57.009200546379870
2,256,1,114,static,1,0.302977000,1.688247000,263,67328,-57.009200546379870
2,256,1,115,static,0,0.274984000,1.689198000,264,67584,-237.31844906783346
2,256,1,115,temporal,1,0.249006000,1.699314000,28,7168,-237.31844906783346
2,256,1,116,temporal,0,0.239461000,1.561245000,28,7168,67.350345079123640
2,256,1,116,static,1,0.269637000,1.633985000,264,67584,67.350345079123640
2,256,1,117,static,0,0.274374000,1.673855000,264,67584,-163.02312017529810
2,256,1,117,temporal,1,0.246672000,1.591180000,28,7168,-163.02312017529810
2,256,1,118,temporal,0,0.230477000,1.725593000,28,7168,-29.124694787021575
2,256,1,118,static,1,0.276988000,1.771543000,264,67584,-29.124694787021575
2,256,1,119,static,0,0.278490000,1.636569000,265,67840,52.875387912059395
2,256,1,119,temporal,1,0.279441000,1.654936000,28,7168,52.875387912059395
2,256,2,0,static,0,0.266812000,1.780235000,265,67840,186.79309383538100
2,256,2,0,temporal,1,0.248695000,1.620435000,27,6912,186.79309383538100
2,256,2,1,temporal,0,0.242506000,1.715738000,28,7168,148.71129491535748
2,256,2,1,static,1,0.271450000,1.744742000,264,67584,148.71129491535748
2,256,2,2,static,0,0.276948000,1.683700000,267,68352,-126.87123466668349
2,256,2,2,temporal,1,0.236326000,1.675357000,28,7168,-126.87123466668349
2,256,2,3,temporal,0,0.314735000,1.605612000,28,7168,-191.49540428914040
2,256,2,3,static,1,0.280844000,1.576469000,264,67584,-191.49540428914040
2,256,2,4,static,0,0.298360000,1.750782000,264,67584,1.8037555700466423
2,256,2,4,temporal,1,0.232050000,1.516178000,28,7168,1.8037555700466423
2,256,2,5,temporal,0,0.213482000,1.624651000,28,7168,216.54924802971172
2,256,2,5,static,1,0.294634000,1.603899000,263,67328,216.54924802971172
2,256,2,6,static,0,0.253442000,1.579202000,264,67584,211.92356392188944
2,256,2,6,temporal,1,0.236427000,1.568356000,28,7168,211.92356392188944
2,256,2,7,temporal,0,0.221825000,1.578381000,28,7168,-238.38309225623945
2,256,2,7,static,1,0.247804000,1.597079000,264,67584,-238.38309225623945
2,256,2,8,static,0,0.262776000,1.658853000,265,67840,59.697882190796214
2,256,2,8,temporal,1,0.222536000,1.610059000,28,7168,59.697882190796214
2,256,2,9,temporal,0,0.220152000,1.491189000,28,7168,241.92214674868507
2,256,2,9,static,1,0.388707000,1.810101000,265,67840,241.92214674868507
2,256,2,10,static,0,0.265040000,1.707346000,264,67584,-33.086002666277324
2,256,2,10,temporal,1,0.231029000,1.651612000,28,7168,-33.086002666277324
2,256,2,11,temporal,0,0.233883000,1.635648000,28,7168,-247.88778815770874
2,256,2,11,static,1,0.272892000,1.977794000,265,67840,-247.88778815770874
2,256,2,12,static,0,0.289096000,1.688417000,265,67840,-97.988155799726440
2,256,2,12,temporal,1,0.309447000,1.611531000,28,7168,-97.988155799726440
2,256,2,13,temporal,0,0.224869000,1.675728000,28,7168,123.14328169347557
2,256,2,13,static,1,0.270008000,1.688818000,264,67584,123.14328169347557
2,256,2,14,static,0,0.291800000,1.618992000,266,68096,-186.94425216156380
2,256,2,14,temporal,1,0.261624000,1.691932000,28,7168,-186.94425216156380
2,256,2,15,temporal,0,0.262796000,1.701797000,28,7168,137.37887422041484
2,256,2,15,static,1,0.297629000,1.952696000,263,67328,137.37887422041484
2,256,2,16,static,0,0.301805000,1.612482000,264,67584,-138.54400842191214
2,256,2,16,temporal,1,0.376117000,1.748588000,28,7168,-138.54400842191214
2,256,2,17,temporal,0,0.310539000,1.761057000,28,7168,170.51056297579052
2,256,2,17,static,1,0.292761000,1.696880000,265,67840,170.51056297579052
2,256,2,18,static,0,0.268325000,1.532022000,264,67584,-74.220003246754220
2,256,2,18,temporal,1,0.241674000,1.523478000,28,7168,-74.220003246754220
2,256,2,19,temporal,0,0.238600000,1.760656000,28,7168,189.39472496065642
2,256,2,19,static,1,0.379132000,1.835279000,264,67584,189.39472496065642
2,256,2,20,static,0,0.283798000,1.608737000,264,67584,-163.44793692128312
2,256,2,20,temporal,1,0.264960000,1.897002000,28,7168,-163.44793692128312
2,256,2,21,temporal,0,0.269286000,1.626494000,28,7168,211.92356392188944
2,256,2,21,static,1,0.311740000,2.043443000,264,67584,211.92356392188944
2,256,2,22,static,0,0.429457000,1.865634000,265,67840,-31.468994706350770
2,256,2,22,temporal,1,0.270428000,2.242713000,28,7168,-31.468994706350770
2,256,2,23,temporal,0,0.252260000,1.555536000,28,7168,184.30456222609754
2,256,2,23,static,1,0.291790000,1.795849000,266,68096,184.30456222609754
2,256,2,24,static,0,0.287854000,1.728838000,263,67328,67.376716671678610
2,256,2,24,temporal,1,0.257127000,1.642938000,28,7168,67.376716671678610
2,256,2,25,temporal,0,0.324590000,1.667666000,28,7168,153.94378489364385
2,256,2,25,static,1,0.263978000,1.581706000,266,68096,153.94378489364385
2,256,2,26,static,0,0.327484000,1.864292000,264,67584,169.62073320863640
2,256,2,26,temporal,1,0.251219000,1.624611000,28,7168,169.62073320863640
2,256,2,27,temporal,0,0.222166000,1.635688000,28,7168,20.024990636616565
2,256,2,27,static,1,0.288756000,1.777933000,265,67840,20.024990636616565
2,256,2,28,static,0,0.269677000,1.926556000,263,67328,225.15659156332768
2,256,2,28,temporal,1,0.248344000,1.585081000,28,7168,225.15659156332768
2,256,2,29,temporal,0,0.218299000,1.623760000,28,7168,-227.99545430875280
2,256,2,29,static,1,0.249016000,1.744422000,266,68096,-227.99545430875280
2,256,2,30,static,0,0.258871000,1.668978000,266,68096,-236.30576831321787
2,256,2,30,temporal,1,0.212100000,1.670631000,28,7168,-236.30576831321787
2,256,2,31,temporal,0,0.227363000,1.651000000,28,7168,118.25621079137342
2,256,2,31,static,1,0.255024000,1.601085000,266,68096,118.25621079137342
2,256,2,32,static,0,0.249327000,1.789931000,263,67328,-182.83597712776816
2,256,2,32,temporal,1,0.233983000,1.625262000,27,6912,-182.83597712776816
2,256,2,33,temporal,0,0.232281000,1.618652000,28,7168,184.02717511494836
2,256,2,33,static,1,0.325812000,1.743961000,265,67840,184.02717511494836
2,256,2,34,static,0,0.272301000,1.752264000,265,67840,-136.58389545204253
2,256,2,34,temporal,1,0.231699000,1.585402000,28,7168,-136.58389545204253
2,256,2,35,temporal,0,0.229957000,1.589418000,28,7168,187.38259779306634
2,256,2,35,static,1,0.254865000,1.655047000,265,67840,187.38259779306634
2,256,2,36,static,0,0.251629000,1.528976000,265,67840,240.48304709220568
2,256,2,36,temporal,1,0.512323000,1.808368000,28,7168,240.48304709220568
2,256,2,37,temporal,0,0.226602000,1.742188000,28,7168,-93.298557088524050
2,256,2,37,static,1,0.330098000,1.938385000,263,67328,-93.298557088524050
2,256,2,38,static,0,0.345091000,1.744522000,264,67584,-225.59809303038475
2,256,2,38,temporal,1,0.470490000,1.935821000,28,7168,-225.59809303038475
2,256,2,39,temporal,0,0.366062000,1.751583000,28,7168,-159.85436747045730
2,256,2,39,static,1,0.344180000,1.725243000,266,68096,-159.85436747045730
2,256,2,40,static,0,0.297729000,1.774397000,265,67840,89.619871573018240
2,256,2,40,temporal,1,0.411300000,1.881288000,28,7168,89.619871573018240
2,256,2,41,temporal,0,0.256687000,1.646784000,28,7168,-241.00018021971604
2,256,2,41,static,1,0.317910000,1.865885000,264,67584,-241.00018021971604
2,256,2,42,static,0,0.306913000,1.768198000,263,67328,100.28658366799715
2,256,2,42,temporal,1,0.305181000,1.686975000,28,7168,100.28658366799715
2,256,2,43,temporal,0,0.372091000,1.719985000,28,7168,195.78335560504790
2,256,2,43,static,1,0.360844000,1.792915000,266,68096,195.78335560504790
2,256,2,44,static,0,0.306713000,1.658292000,263,67328,212.41454141262366
2,256,2,44,temporal,1,0.281535000,1.638532000,28,7168,212.41454141262366
2,256,2,45,temporal,0,0.254925000,1.564220000,28,7168,214.00759697799685
2,256,2,45,static,1,0.283407000,1.740125000,265,67840,214.00759697799685
2,256,2,46,static,0,0.277559000,1.629789000,266,68096,116.06880128455212
2,256,2,46,temporal,1,0.248225000,1.609058000,28,7168,116.06880128455212
2,256,2,47,temporal,0,0.227183000,1.621146000,28,7168,85.175091146783130
2,256,2,47,static,1,0.268866000,1.632483000,265,67840,85.175091146783130
2,256,2,48,static,0,0.285250000,1.588206000,264,67584,243.35855270289875
2,256,2,48,temporal,1,0.257679000,1.531831000,28,7168,243.35855270289875
2,256,2,49,temporal,0,0.237789000,1.669168000,27,6912,186.79309383538100
2,256,2,49,static,1,0.278130000,1.936652000,265,67840,186.79309383538100
2,256,2,50,static,0,0.278850000,1.765964000,264,67584,110.60073492243193
2,256,2,50,temporal,1,0.230798000,1.626945000,28,7168,110.60073492243193
2,256,2,51,temporal,0,0.257588000,1.601746000,28,7168,20.956959702202760
2,256,2,51,static,1,0.262967000,1.659664000,263,67328,20.956959702202760
2,256,2,52,static,0,0.246972000,1.636488000,264,67584,178.77095019542577
2,256,2,52,temporal,1,0.238430000,1.645513000,28,7168,178.77095019542577
2,256,2,53,temporal,0,0.211830000,1.598191000,28,7168,-81.600701014380900
2,256,2,53,static,1,0.250468000,1.569798000,263,67328,-81.600701014380900
2,256,2,54,static,0,0.245070000,1.534055000,265,67840,59.469535280601960
2,256,2,54,temporal,1,0.227203000,1.498971000,28,7168,59.469535280601960
2,256,2,55,temporal,0,0.218940000,1.507314000,28,7168,117.63990080373287
2,256,2,55,static,1,0.246612000,1.549989000,264,67584,117.63990080373287
2,256,2,56,static,0,0.269867000,1.555617000,265,67840,171.20607968492254
2,256,2,56,temporal,1,0.218801000,1.487004000,28,7168,171.20607968492254
2,256,2,57,temporal,0,0.261354000,1.613774000,28,7168,158.74324404615214
2,256,2,57,static,1,1.172449000,3.417085000,264,67584,158.74324404615214
2,256,2,58,static,0,1.238518000,2.612000000,264,67584,22.744817101360024
2,256,2,58,temporal,1,0.253282000,1.635477000,28,7168,22.744817101360024
2,256,2,59,temporal,0,0.237258000,1.690160000,28,7168,-205.16718382927735
2,256,2,59,static,1,0.314735000,1.721007000,266,68096,-205.16718382927735
2,256,2,60,static,0,0.262977000,1.665533000,264,67584,65.290140237835570
2,256,2,60,temporal,1,0.237348000,1.540083000,28,7168,65.290140237835570
2,256,2,61,temporal,0,0.271750000,1.653465000,28,7168,-204.42606676607735
2,256,2,61,static,1,0.270448000,1.778733000,266,68096,-204.42606676607735
2,256,2,62,static,0,0.271369000,1.592773000,264,67584,-210.43689576826105
2,256,2,62,temporal,1,0.277199000,1.674406000,28,7168,-210.43689576826105
2,256,2,63,temporal,0,0.247994000,1.722910000,28,7168,169.44610479127454
2,256,2,63,static,1,0.310309000,1.733636000,265,67840,169.44610479127454
2,256,2,64,static,0,0.369277000,1.797903000,264,67584,-216.96175348188550
2,256,2,64,temporal,1,0.347865000,1.635618000,28,7168,-216.96175348188550
2,256,2,65,temporal,0,0.254023000,1.868359000,28,7168,-150.36999562468012
2,256,2,65,static,1,0.315727000,1.736580000,265,67840,-150.36999562468012
2,256,2,66,static,0,0.279161000,1.627415000,264,67584,-90.186517228663260
2,256,2,66,temporal,1,0.257779000,1.594425000,28,7168,-90.186517228663260
2,256,2,67,temporal,0,0.234324000,1.522517000,28,7168,-70.088500193644020
2,256,2,67,static,1,0.302516000,1.590419000,266,68096,-70.088500193644020
2,256,2,68,static,0,0.272171000,1.622829000,266,68096,139.66125854483062
2,256,2,68,temporal,1,0.263638000,1.611551000,28,7168,139.66125854483062
2,256,2,69,temporal,0,0.248425000,1.744972000,28,7168,97.809279512503990
2,256,2,69,static,1,0.290458000,1.695948000,264,67584,97.809279512503990
2,256,2,70,static,0,0.260644000,1.664642000,266,68096,196.13236059119512
2,256,2,70,temporal,1,0.270728000,1.662278000,28,7168,196.13236059119512
2,256,2,71,temporal,0,0.238860000,1.532331000,28,7168,14.837517854804483
2,256,2,71,static,1,0.271299000,1.659584000,264,67584,14.837517854804483
2,256,2,72,static,0,0.323749000,1.635508000,265,67840,-64.117023754521240
2,256,2,72,temporal,1,0.244879000,1.634676000,28,7168,-64.117023754521240
2,256,2,73,temporal,0,0.318089000,1.692843000,28,7168,-197.80204976728263
2,256,2,73,static,1,0.304990000,1.642648000,267,68352,-197.80204976728263
2,256,2,74,static,0,0.272551000,1.595637000,263,67328,74.294740652974840
2,256,2,74,temporal,1,0.237408000,1.532522000,28,7168,74.294740652974840
2,256,2,75,temporal,0,0.225870000,1.635637000,28,7168,-53.010872605247854
2,256,2,75,static,1,0.266242000,1.682017000,264,67584,-53.010872605247854
2,256,2,76,static,0,0.291850000,1.637110000,265,67840,3.9924160248702947
2,256,2,76,temporal,1,0.240983000,1.638381000,28,7168,3.9924160248702947
2,256,2,77,temporal,0,0.218250000,1.479372000,28,7168,242.50180579310410
2,256,2,77,static,1,0.262275000,1.569177000,265,67840,242.50180579310410
2,256,2,78,static,0,0.255526000,1.519763000,265,67840,165.01789172620389
2,256,2,78,temporal,1,0.236237000,1.502176000,28,7168,165.01789172620389
2,256,2,79,temporal,0,0.225290000,1.541797000,28,7168,241.89143095942111
2,256,2,79,static,1,0.274524000,1.632743000,264,67584,241.89143095942111
2,256,2,80,static,0,0.248826000,1.622088000,264,67584,144.81800281816754
2,256,2,80,temporal,1,0.222806000,1.537008000,28,7168,144.81800281816754
2,256,2,81,temporal,0,0.213622000,3.827164000,28,7168,-96.783270321737460
2,256,2,81,static,1,0.487936000,2.246328000,262,67072,-96.783270321737460
2,256,2,82,static,0,0.414986000,2.021860000,263,67328,-31.619896031618940
2,256,2,82,temporal,1,0.403499000,1.957093000,28,7168,-31.619896031618940
2,256,2,83,temporal,0,0.394375000,1.930903000,28,7168,130.62177814583833
2,256,2,83,static,1,0.379041000,1.867136000,264,67584,130.62177814583833
2,256,2,84,static,0,0.336387000,1.873426000,264,67584,-150.21560601422948
2,256,2,84,temporal,1,0.348336000,1.799936000,28,7168,-150.21560601422948
2,256,2,85,temporal,0,0.337719000,1.819845000,28,7168,-215.45249824599450
2,256,2,85,static,1,0.344390000,1.722459000,265,67840,-215.45249824599450
2,256,2,86,static,0,0.328656000,1.729639000,264,67584,-227.37080682368065
2,256,2,86,temporal,1,0.373373000,1.749028000,28,7168,-227.37080682368065
2,256,2,87,temporal,0,0.279402000,1.616309000,28,7168,-216.28609658092344
2,256,2,87,static,1,0.302486000,1.599864000,263,67328,-216.28609658092344
2,256,2,88,static,0,0.280623000,1.973507000,266,68096,81.654618669315720
2,256,2,88,temporal,1,0.419953000,1.927808000,28,7168,81.654618669315720
2,256,2,89,temporal,0,0.264639000,1.733105000,28,7168,-138.82500555771097
2,256,2,89,static,1,0.291059000,1.789850000,266,68096,-138.82500555771097
2,256,2,90,static,0,0.270969000,1.625142000,264,67584,132.55682979445837
2,256,2,90,temporal,1,0.268856000,1.630640000,28,7168,132.55682979445837
2,256,2,91,temporal,0,0.227293000,1.603059000,28,7168,-242.17267042396160
2,256,2,91,static,1,0.253753000,1.581426000,263,67328,-242.17267042396160
2,256,2,92,static,0,0.248796000,1.693736000,266,68096,-101.93271596363331
2,256,2,92,temporal,1,0.219251000,1.596399000,28,7168,-101.93271596363331
2,256,2,93,temporal,0,0.228455000,1.796300000,28,7168,179.46705042906340
2,256,2,93,static,1,0.288926000,1.720075000,264,67584,179.46705042906340
2,256,2,94,static,0,0.256577000,1.589637000,264,67584,160.44543124688792
2,256,2,94,temporal,1,0.224028000,1.495516000,28,7168,160.44543124688792
2,256,2,95,temporal,0,0.216116000,1.631040000,28,7168,175.78304844706910
2,256,2,95,static,1,0.249817000,1.673816000,264,67584,175.78304844706910
2,256,2,96,static,0,0.263267000,1.561976000,264,67584,105.44517954726165
2,256,2,96,temporal,1,0.217048000,1.529748000,28,7168,105.44517954726165
2,256,2,97,temporal,0,0.233042000,1.492792000,28,7168,180.15615139521304
2,256,2,97,static,1,0.267053000,1.548055000,264,67584,180.15615139521304
2,256,2,98,static,0,0.243717000,1.543298000,264,67584,-216.96175348188550
2,256,2,98,temporal,1,0.345932000,1.672333000,28,7168,-216.96175348188550
2,256,2,99,temporal,0,0.294264000,1.872455000,28,7168,204.63364112396786
2,256,2,99,static,1,0.301355000,1.875439000,264,67584,204.63364112396786
2,256,2,100,static,0,0.260784000,1.554576000,263,67328,56.209951730887370
2,256,2,100,temporal,1,0.248354000,1.561866000,28,7168,56.209951730887370
2,256,2,101,temporal,0,0.230257000,1.586634000,28,7168,-90.186517228663260
2,256,2,101,static,1,0.270518000,1.642819000,264,67584,-90.186517228663260
2,256,2,102,static,0,0.250438000,1.535006000,265,67840,47.069955544832220
2,256,2,102,temporal,1,0.246512000,1.541836000,28,7168,47.069955544832220
2,256,2,103,temporal,0,0.216707000,1.510759000,28,7168,222.47721676461757
2,256,2,103,static,1,0.263588000,1.557139000,266,68096,222.47721676461757
2,256,2,104,static,0,0.244449000,1.581847000,266,68096,163.93604289837400
2,256,2,104,temporal,1,0.231629000,1.615497000,28,7168,163.93604289837400
2,256,2,105,temporal,0,0.232280000,1.571090000,28,7168,-68.113340604846610
2,256,2,105,static,1,0.262245000,1.620795000,264,67584,-68.113340604846610
2,256,2,106,static,0,0.248255000,1.557640000,266,68096,163.93604289837400
2,256,2,106,temporal,1,0.238430000,1.654396000,28,7168,163.93604289837400
2,256,2,107,temporal,0,0.326813000,1.707256000,28,7168,-244.01961921475552
2,256,2,107,static,1,0.266713000,1.621707000,262,67072,-244.01961921475552
2,256,2,108,static,0,0.261484000,1.746024000,263,67328,208.34755121315774
2,256,2,108,temporal,1,0.260483000,1.571641000,28,7168,208.34755121315774
2,256,2,109,temporal,0,0.245230000,1.552993000,28,7168,240.48304709220568
2,256,2,109,static,1,0.281224000,1.570630000,265,67840,240.48304709220568
2,256,2,110,static,0,0.262435000,1.589417000,263,67328,0.62244504227839540
2,256,2,110,temporal,1,0.243828000,1.625352000,28,7168,0.62244504227839540
2,256,2,111,temporal,0,0.248435000,1.537860000,28,7168,-42.544067224964730
2,256,2,111,static,1,0.274144000,1.589268000,267,68352,-42.544067224964730
2,256,2,112,static,0,0.254003000,1.654886000,266,68096,166.11938770271865
2,256,2,112,temporal,1,0.249787000,1.650611000,28,7168,166.11938770271865
2,256,2,113,temporal,0,0.283799000,1.603930000,28,7168,215.09928085668543
2,256,2,113,static,1,0.256797000,1.585201000,265,67840,215.09928085668543
2,256,2,114,static,0,0.240232000,1.679423000,263,67328,-57.009200546379870
2,256,2,114,temporal,1,0.238170000,1.655768000,28,7168,-57.009200546379870
2,256,2,115,temporal,0,0.225991000,1.533985000,28,7168,-237.31844906783346
2,256,2,115,static,1,0.298741000,1.717761000,264,67584,-237.31844906783346
2,256,2,116,static,0,0.265500000,1.637270000,264,67584,67.350345079123640
2,256,2,116,temporal,1,0.230888000,1.582678000,28,7168,67.350345079123640
2,256,2,117,temporal,0,0.284099000,1.615007000,28,7168,-163.02312017529810
2,256,2,117,static,1,0.250548000,1.605061000,264,67584,-163.02312017529810
2,256,2,118,static,0,0.250358000,1.634977000,264,67584,-29.124694787021575
2,256,2,118,temporal,1,0.217468000,1.625953000,28,7168,-29.124694787021575
2,256,2,119,temporal,0,0.230137000,1.617259000,28,7168,52.875387912059395
2,256,2,119,static,1,0.246512000,1.608437000,265,67840,52.875387912059395
2,256,3,0,temporal,0,0.217548000,1.595637000,27,6912,186.79309383538100
2,256,3,0,static,1,0.241665000,1.608016000,265,67840,186.79309383538100
2,256,3,1,static,0,0.256737000,1.638402000,264,67584,148.71129491535748
2,256,3,1,temporal,1,0.209866000,1.626133000,28,7168,148.71129491535748
2,256,3,2,temporal,0,0.211519000,1.585612000,28,7168,-126.87123466668349
2,256,3,2,static,1,0.240984000,1.711913000,267,68352,-126.87123466668349
2,256,3,3,static,0,0.253993000,1.526973000,264,67584,-191.49540428914040
2,256,3,3,temporal,1,0.232781000,1.513012000,28,7168,-191.49540428914040
2,256,3,4,temporal,0,0.421446000,1.764271000,28,7168,1.8037555700466423
2,256,3,4,static,1,0.301264000,1.662298000,264,67584,1.8037555700466423
2,256,3,5,static,0,0.315806000,1.774607000,263,67328,216.54924802971172
2,256,3,5,temporal,1,0.237969000,1.567205000,28,7168,216.54924802971172
2,256,3,6,temporal,0,0.247754000,1.564060000,28,7168,211.92356392188944
2,256,3,6,static,1,0.325561000,1.711922000,264,67584,211.92356392188944
2,256,3,7,static,0,0.267754000,1.640345000,264,67584,-238.38309225623945
2,256,3,7,temporal,1,0.261425000,1.622779000,28,7168,-238.38309225623945
2,256,3,8,temporal,0,0.270919000,1.657410000,28,7168,59.697882190796214
2,256,3,8,static,1,0.259972000,1.659083000,265,67840,59.697882190796214
2,256,3,9,static,0,0.249226000,1.759514000,265,67840,241.92214674868507
2,256,3,9,temporal,1,0.249006000,1.506403000,28,7168,241.92214674868507
2,256,3,10,temporal,0,0.226772000,1.626343000,28,7168,-33.086002666277324
2,256,3,10,static,1,0.267393000,1.761327000,264,67584,-33.086002666277324
2,256,3,11,static,0,0.301385000,1.771773000,265,67840,-247.88778815770874
2,256,3,11,temporal,1,0.259361000,1.662298000,28,7168,-247.88778815770874
2,256,3,12,temporal,0,0.224499000,1.461665000,28,7168,-97.988155799726440
2,256,3,12,static,1,0.304540000,1.555046000,265,67840,-97.988155799726440
2,256,3,13,static,0,0.248715000,1.668857000,264,67584,123.14328169347557
2,256,3,13,temporal,1,0.234914000,1.632633000,28,7168,123.14328169347557
2,256,3,14,temporal,0,0.223818000,1.585672000,28,7168,-186.94425216156380
2,256,3,14,static,1,0.270608000,1.615978000,266,68096,-186.94425216156380
2,256,3,15,static,0,0.289617000,1.680886000,263,67328,137.37887422041484
2,256,3,15,temporal,1,0.236197000,1.666184000,28,7168,137.37887422041484
2,256,3,16,temporal,0,0.235074000,1.527234000,28,7168,-138.54400842191214
2,256,3,16,static,1,0.280693000,1.553494000,264,67584,-138.54400842191214
2,256,3,17,static,0,0.260172000,1.705393000,265,67840,170.51056297579052
2,256,3,17,temporal,1,0.252631000,1.726535000,28,7168,170.51056297579052
2,256,3,18,temporal,0,0.264469000,1.509116000,28,7168,-74.220003246754220
2,256,3,18,static,1,0.249095000,1.538080000,264,67584,-74.220003246754220
2,256,3,19,static,0,0.242306000,1.643119000,264,67584,189.39472496065642
2,256,3,19,temporal,1,0.226242000,1.635999000,28,7168,189.39472496065642
2,256,3,20,temporal,0,0.216336000,1.489747000,28,7168,-163.44793692128312
2,256,3,20,static,1,0.265741000,1.547104000,264,67584,-163.44793692128312
2,256,3,21,static,0,0.241314000,1.546994000,264,67584,211.92356392188944
2,256,3,21,temporal,1,0.236006000,1.528135000,28,7168,211.92356392188944
2,256,3,22,temporal,0,0.207352000,1.593183000,28,7168,-31.468994706350770
2,256,3,22,static,1,0.258970000,1.662648000,265,67840,-31.468994706350770
2,256,3,23,static,0,0.243908000,1.558180000,266,68096,184.30456222609754
2,256,3,23,temporal,1,0.291369000,1.640735000,28,7168,184.30456222609754
2,256,3,24,temporal,0,0.240623000,1.743790000,28,7168,67.376716671678610
2,256,3,24,static,1,0.254805000,1.692113000,263,67328,67.376716671678610
2,256,3,25,static,0,0.250828000,1.649779000,266,68096,153.94378489364385
2,256,3,25,temporal,1,0.224479000,1.525461000,28,7168,153.94378489364385
2,256,3,26,temporal,0,0.221604000,1.639914000,28,7168,169.62073320863640
2,256,3,26,static,1,0.243517000,1.595196000,264,67584,169.62073320863640
2,256,3,27,static,0,0.258831000,1.576859000,265,67840,20.024990636616565
2,256,3,27,temporal,1,0.212090000,1.676689000,28,7168,20.024990636616565
2,256,3,28,temporal,0,0.234774000,1.526533000,28,7168,225.15659156332768
2,256,3,28,static,1,0.255215000,1.660986000,263,67328,225.15659156332768
2,256,3,29,static,0,0.255796000,1.992346000,266,68096,-227.99545430875280
2,256,3,29,temporal,1,0.256628000,1.767817000,28,7168,-227.99545430875280
2,256,3,30,temporal,0,0.233763000,1.593494000,28,7168,-236.30576831321787
2,256,3,30,static,1,0.274865000,1.762629000,266,68096,-236.30576831321787
2,256,3,31,static,0,0.275706000,1.652062000,266,68096,118.25621079137342
2,256,3,31,temporal,1,0.243707000,1.605392000,28,7168,118.25621079137342
2,256,3,32,temporal,0,0.225060000,1.651722000,27,6912,-182.83597712776816
2,256,3,32,static,1,0.255736000,1.652553000,263,67328,-182.83597712776816
2,256,3,33,static,0,0.248836000,1.544070000,265,67840,184.02717511494836
2,256,3,33,temporal,1,0.240093000,1.532572000,28,7168,184.02717511494836
2,256,3,34,temporal,0,0.224880000,1.549829000,28,7168,-136.58389545204253
2,256,3,34,static,1,0.480045000,1.870502000,265,67840,-136.58389545204253
2,256,3,35,static,0,0.266001000,1.720566000,265,67840,187.38259779306634
2,256,3,35,temporal,1,0.245130000,2.752923000,28,7168,187.38259779306634
2,256,3,36,temporal,0,0.267734000,1.561536000,28,7168,240.48304709220568
2,256,3,36,static,1,0.286432000,1.651111000,265,67840,240.48304709220568
2,256,3,37,static,0,0.401145000,1.770922000,263,67328,-93.298557088524050
2,256,3,37,temporal,1,0.300634000,1.621266000,28,7168,-93.298557088524050
2,256,3,38,temporal,0,0.273512000,1.720816000,28,7168,-225.59809303038475
2,256,3,38,static,1,0.300964000,1.902681000,264,67584,-225.59809303038475
2,256,3,39,static,0,0.289046000,1.757532000,266,68096,-159.85436747045730
2,256,3,39,temporal,1,0.265791000,1.612162000,28,7168,-159.85436747045730
2,256,3,40,temporal,0,0.253953000,1.742899000,28,7168,89.619871573018240
2,256,3,40,static,1,0.293853000,1.688177000,265,67840,89.619871573018240
2,256,3,41,static,0,0.271620000,1.682508000,264,67584,-241.00018021971604
2,256,3,41,temporal,1,0.293853000,1.678072000,28,7168,-241.00018021971604
2,256,3,42,temporal,0,0.255996000,1.625833000,28,7168,100.28658366799715
2,256,3,42,static,1,0.278770000,1.603639000,263,67328,100.28658366799715
2,256,3,43,static,0,0.272421000,1.583970000,266,68096,195.78335560504790
2,256,3,43,temporal,1,0.245410000,1.866556000,28,7168,195.78335560504790
2,256,3,44,temporal,0,0.261765000,1.761417000,28,7168,212.41454141262366
2,256,3,44,static,1,0.269857000,1.633744000,263,67328,212.41454141262366
2,256,3,45,static,0,0.277438000,1.579573000,265,67840,214.00759697799685
2,256,3,45,temporal,1,0.245590000,2.202142000,28,7168,214.00759697799685
2,256,3,46,temporal,0,0.256897000,1.653925000,28,7168,116.06880128455212
2,256,3,46,static,1,0.257279000,1.671542000,266,68096,116.06880128455212
2,256,3,47,static,0,0.311851000,1.739585000,265,67840,85.175091146783130
2,256,3,47,temporal,1,0.258520000,1.797201000,28,7168,85.175091146783130
2,256,3,48,temporal,0,0.232531000,1.549178000,28,7168,243.35855270289875
2,256,3,48,static,1,0.251430000,1.532553000,264,67584,243.35855270289875
2,256,3,49,static,0,0.241304000,1.726405000,265,67840,186.79309383538100
2,256,3,49,temporal,1,0.238390000,1.655047000,27,6912,186.79309383538100
2,256,3,50,temporal,0,0.233332000,1.759294000,28,7168,110.60073492243193
2,256,3,50,static,1,0.260643000,1.696589000,264,67584,110.60073492243193
2,256,3,51,static,0,0.255686000,1.721807000,263,67328,20.956959702202760
2,256,3,51,temporal,1,0.230428000,1.619494000,28,7168,20.956959702202760
2,256,3,52,temporal,0,0.264529000,1.656959000,28,7168,178.77095019542577
2,256,3,52,static,1,0.246643000,1.707326000,264,67584,178.77095019542577
2,256,3,53,static,0,0.266022000,1.605543000,263,67328,-81.600701014380900
2,256,3,53,temporal,1,0.235245000,1.554355000,28,7168,-81.600701014380900
2,256,3,54,temporal,0,0.211339000,1.506853000,28,7168,59.469535280601960
2,256,3,54,static,1,0.292502000,1.550519000,265,67840,59.469535280601960
2,256,3,55,static,0,0.249135000,1.526883000,264,67584,117.63990080373287
2,256,3,55,temporal,1,0.265921000,1.546152000,28,7168,117.63990080373287
2,256,3,56,temporal,0,0.227283000,1.526222000,28,7168,171.20607968492254
2,256,3,56,static,1,0.272892000,1.575717000,265,67840,171.20607968492254
2,256,3,57,static,0,0.253402000,1.622588000,264,67584,158.74324404615214
2,256,3,57,temporal,1,0.247554000,1.609989000,28,7168,158.74324404615214
2,256,3,58,temporal,0,0.273092000,1.611632000,28,7168,22.744817101360024
2,256,3,58,static,1,0.256467000,1.572563000,264,67584,22.744817101360024
2,256,3,59,static,0,0.249327000,1.587646000,266,68096,-205.16718382927735
2,256,3,59,temporal,1,0.235886000,1.605542000,28,7168,-205.16718382927735
2,256,3,60,temporal,0,0.228765000,1.510789000,28,7168,65.290140237835570
2,256,3,60,static,1,0.308175000,1.592803000,264,67584,65.290140237835570
2,256,3,61,static,0,0.264248000,1.563478000,266,68096,-204.42606676607735
2,256,3,61,temporal,1,0.248635000,1.559313000,28,7168,-204.42606676607735
2,256,3,62,temporal,0,0.229977000,1.541796000,28,7168,-210.43689576826105
2,256,3,62,static,1,0.271770000,1.539974000,264,67584,-210.43689576826105
2,256,3,63,static,0,0.238860000,1.672984000,265,67840,169.44610479127454
2,256,3,63,temporal,1,0.240363000,1.633825000,28,7168,169.44610479127454
2,256,3,64,temporal,0,0.249747000,1.724382000,28,7168,-216.96175348188550
2,256,3,64,static,1,0.332282000,1.703751000,264,67584,-216.96175348188550
2,256,3,65,static,0,0.274344000,1.760336000,265,67840,-150.36999562468012
2,256,3,65,temporal,1,0.252931000,1.639653000,28,7168,-150.36999562468012
2,256,3,66,temporal,0,0.251630000,1.617170000,28,7168,-90.186517228663260
2,256,3,66,static,1,0.287474000,1.666384000,264,67584,-90.186517228663260
2,256,3,67,static,0,0.260714000,1.545652000,266,68096,-70.088500193644020
2,256,3,67,temporal,1,0.248164000,1.555536000,28,7168,-70.088500193644020
2,256,3,68,temporal,0,0.224659000,1.568477000,28,7168,139.66125854483062
2,256,3,68,static,1,0.282056000,1.594506000,266,68096,139.66125854483062
2,256,3,69,static,0,0.241064000,1.672273000,264,67584,97.809279512503990
2,256,3,69,temporal,1,0.225370000,1.607024000,28,7168,97.809279512503990
2,256,3,70,temporal,0,0.218359000,1.633675000,28,7168,196.13236059119512
2,256,3,70,static,1,0.243347000,1.635447000,266,68096,196.13236059119512
2,256,3,71,static,0,0.243728000,1.508095000,264,67584,14.837517854804483
2,256,3,71,temporal,1,0.218169000,1.514284000,28,7168,14.837517854804483
2,256,3,72,temporal,0,0.214904000,1.495606000,28,7168,-64.117023754521240
2,256,3,72,static,1,0.248064000,1.569648000,265,67840,-64.117023754521240
2,256,3,73,static,0,0.251780000,1.587355000,267,68352,-197.80204976728263
2,256,3,73,temporal,1,0.238109000,1.577550000,28,7168,-197.80204976728263
2,256,3,74,temporal,0,0.215034000,1.519182000,28,7168,74.294740652974840
2,256,3,74,static,1,0.265671000,1.652463000,263,67328,74.294740652974840
2,256,3,75,static,0,0.254814000,1.676258000,264,67584,-53.010872605247854
2,256,3,75,temporal,1,0.222947000,2.037775000,28,7168,-53.010872605247854
2,256,3,76,temporal,0,0.242546000,1.713885000,28,7168,3.9924160248702947
2,256,3,76,static,1,0.286402000,1.640175000,265,67840,3.9924160248702947
2,256,3,77,static,0,0.251820000,1.563499000,265,67840,242.50180579310410
2,256,3,77,temporal,1,0.218970000,1.494124000,28,7168,242.50180579310410
2,256,3,78,temporal,0,0.244078000,1.508366000,28,7168,165.01789172620389
2,256,3,78,static,1,0.244920000,1.512512000,265,67840,165.01789172620389
2,256,3,79,static,0,0.288305000,1.585682000,264,67584,241.89143095942111
2,256,3,79,temporal,1,0.215305000,1.485801000,28,7168,241.89143095942111
2,256,3,80,temporal,0,0.227503000,1.560805000,28,7168,144.81800281816754
2,256,3,80,static,1,0.275736000,1.600454000,264,67584,144.81800281816754
2,256,3,81,static,0,0.250878000,1.655036000,262,67072,-96.783270321737460
2,256,3,81,temporal,1,0.236617000,1.648577000,28,7168,-96.783270321737460
2,256,3,82,temporal,0,0.228705000,1.551952000,28,7168,-31.619896031618940
2,256,3,82,static,1,0.287553000,1.626734000,263,67328,-31.619896031618940
2,256,3,83,static,0,0.248645000,1.934789000,264,67584,130.62177814583833
2,256,3,83,temporal,1,0.273683000,1.785955000,28,7168,130.62177814583833
2,256,3,84,temporal,0,0.255185000,1.561246000,28,7168,-150.21560601422948
2,256,3,84,static,1,0.281315000,1.587986000,264,67584,-150.21560601422948
2,256,3,85,static,0,0.252401000,1.605502000,265,67840,-215.45249824599450
2,256,3,85,temporal,1,0.241644000,1.561716000,28,7168,-215.45249824599450
2,256,3,86,temporal,0,0.221434000,1.618261000,28,7168,-227.37080682368065
2,256,3,86,static,1,0.271740000,1.609438000,264,67584,-227.37080682368065
2,256,3,87,static,0,0.282596000,1.564700000,263,67328,-216.28609658092344
2,256,3,87,temporal,1,0.242946000,1.568096000,28,7168,-216.28609658092344
2,256,3,88,temporal,0,0.229546000,1.562286000,28,7168,81.654618669315720
2,256,3,88,static,1,0.242565000,1.622347000,266,68096,81.654618669315720
2,256,3,89,static,0,0.257178000,1.633324000,266,68096,-138.82500555771097
2,256,3,89,temporal,1,0.250608000,1.714566000,28,7168,-138.82500555771097
2,256,3,90,temporal,0,0.224339000,1.598382000,28,7168,132.55682979445837
2,256,3,90,static,1,0.265210000,1.615016000,264,67584,132.55682979445837
2,256,3,91,static,0,0.274894000,1.631921000,263,67328,-242.17267042396160
2,256,3,91,temporal,1,0.229917000,1.620875000,28,7168,-242.17267042396160
2,256,3,92,temporal,0,0.223087000,1.606905000,28,7168,-101.93271596363331
2,256,3,92,static,1,0.269186000,1.655748000,266,68096,-101.93271596363331
2,256,3,93,static,0,0.253393000,1.632533000,264,67584,179.46705042906340
2,256,3,93,temporal,1,0.233652000,1.918554000,28,7168,179.46705042906340
2,256,3,94,temporal,0,0.260092000,1.562667000,28,7168,160.44543124688792
2,256,3,94,static,1,0.406373000,2.006828000,264,67584,160.44543124688792
2,256,3,95,static,0,0.270078000,1.806195000,264,67584,175.78304844706910
2,256,3,95,temporal,1,0.236747000,1.817953000,28,7168,175.78304844706910
2,256,3,96,temporal,0,0.250548000,1.553063000,28,7168,105.44517954726165
2,256,3,96,static,1,0.266061000,1.612813000,264,67584,105.44517954726165
2,256,3,97,static,0,0.329977000,1.659573000,264,67584,180.15615139521304
2,256,3,97,temporal,1,0.245210000,1.509047000,28,7168,180.15615139521304
2,256,3,98,temporal,0,0.219842000,1.783431000,28,7168,-216.96175348188550
2,256,3,98,static,1,0.264689000,1.577059000,264,67584,-216.96175348188550
2,256,3,99,static,0,0.263237000,1.659113000,264,67584,204.63364112396786
2,256,3,99,temporal,1,0.228285000,1.649098000,28,7168,204.63364112396786
2,256,3,100,temporal,0,0.217007000,1.567124000,28,7168,56.209951730887370
2,256,3,100,static,1,0.293613000,1.586754000,263,67328,56.209951730887370
2,256,3,101,static,0,0.247924000,1.651031000,264,67584,-90.186517228663260
2,256,3,101,temporal,1,0.242896000,1.585101000,28,7168,-90.186517228663260
2,256,3,102,temporal,0,0.235325000,1.649689000,28,7168,47.069955544832220
2,256,3,102,static,1,0.533846000,2.039747000,265,67840,47.069955544832220
2,256,3,103,static,0,0.340704000,1.807968000,266,68096,222.47721676461757
2,256,3,103,temporal,1,0.301425000,1.820757000,28,7168,222.47721676461757
2,256,3,104,temporal,0,0.287544000,1.685403000,28,7168,163.93604289837400
2,256,3,104,static,1,0.339582000,1.681606000,266,68096,163.93604289837400
2,256,3,105,static,0,0.263978000,1.695538000,264,67584,-68.113340604846610
2,256,3,105,temporal,1,0.261594000,1.630169000,28,7168,-68.113340604846610
2,256,3,106,temporal,0,0.265120000,1.581717000,28,7168,163.93604289837400
2,256,3,106,static,1,0.293764000,1.709299000,266,68096,163.93604289837400
2,256,3,107,static,0,0.292731000,1.628036000,262,67072,-244.01961921475552
2,256,3,107,temporal,1,0.291039000,4.818399000,28,7168,-244.01961921475552
2,256,3,108,temporal,0,0.298410000,1.750451000,28,7168,208.34755121315774
2,256,3,108,static,1,0.311129000,1.682728000,263,67328,208.34755121315774
2,256,3,109,static,0,0.290678000,1.633614000,265,67840,240.48304709220568
2,256,3,109,temporal,1,0.328606000,1.621787000,28,7168,240.48304709220568
2,256,3,110,temporal,0,0.258710000,1.602637000,28,7168,0.62244504227839540
2,256,3,110,static,1,0.350890000,1.728037000,263,67328,0.62244504227839540
2,256,3,111,static,0,0.282667000,1.625863000,267,68352,-42.544067224964730
2,256,3,111,temporal,1,0.278210000,1.629138000,28,7168,-42.544067224964730
2,256,3,112,temporal,0,0.293723000,1.695167000,28,7168,166.11938770271865
2,256,3,112,static,1,0.263998000,1.699243000,266,68096,166.11938770271865
2,256,3,113,static,0,0.267424000,1.597000000,265,67840,215.09928085668543
2,256,3,113,temporal,1,0.250288000,1.555527000,28,7168,215.09928085668543
2,256,3,114,temporal,0,0.224017000,1.717050000,28,7168,-57.009200546379870
2,256,3,114,static,1,0.281004000,1.651432000,263,67328,-57.009200546379870
2,256,3,115,static,0,0.290018000,1.834548000,264,67584,-237.31844906783346
2,256,3,115,temporal,1,0.303628000,1.648477000,28,7168,-237.31844906783346
2,256,3,116,temporal,0,0.238029000,1.719594000,28,7168,67.350345079123640
2,256,3,116,static,1,0.412903000,1.768579000,264,67584,67.350345079123640
2,256,3,117,static,0,0.291470000,3.862207000,264,67584,-163.02312017529810
2,256,3,117,temporal,1,0.294905000,1.877622000,28,7168,-163.02312017529810
2,256,3,118,temporal,0,0.240253000,1.753475000,28,7168,-29.124694787021575
2,256,3,118,static,1,0.289066000,1.743440000,264,67584,-29.124694787021575
2,256,3,119,static,0,0.276227000,1.704892000,265,67840,52.875387912059395
2,256,3,119,temporal,1,0.300273000,1.644261000,28,7168,52.875387912059395
0,1024,0,0,static,0,0.266202000,1.537279000,267,273408,211.65026870993768
0,1024,0,0,temporal,1,0.234023000,1.479201000,28,28672,211.65026870993768
0,1024,0,1,temporal,0,0.235104000,1.516868000,28,28672,84.598133341991660
0,1024,0,1,static,1,0.254464000,1.576779000,263,269312,84.598133341991660
0,1024,0,2,static,0,0.252811000,1.561335000,264,270336,75.756681783698650
0,1024,0,2,temporal,1,0.225370000,1.564100000,28,28672,75.756681783698650
0,1024,0,3,temporal,0,0.229096000,1.532422000,28,28672,216.27396047811732
0,1024,0,3,static,1,0.253473000,1.575086000,264,270336,216.27396047811732
0,1024,0,4,static,0,0.241073000,1.635908000,263,269312,104.94577437297505
0,1024,0,4,temporal,1,0.247924000,1.627084000,28,28672,104.94577437297505
0,1024,0,5,temporal,0,0.209796000,1.870782000,28,28672,-245.69267172972900
0,1024,0,5,static,1,0.297609000,1.714697000,265,271360,-245.69267172972900
0,1024,0,6,static,0,0.260483000,1.588898000,264,270336,244.04757627144556
0,1024,0,6,temporal,1,0.283588000,1.562888000,28,28672,244.04757627144556
0,1024,0,7,temporal,0,0.220302000,1.471500000,28,28672,204.17151089644406
0,1024,0,7,static,1,0.277308000,1.559012000,266,272384,204.17151089644406
0,1024,0,8,static,0,0.247473000,1.530419000,263,269312,95.090103221987890
0,1024,0,8,temporal,1,0.228514000,1.598561000,28,28672,95.090103221987890
0,1024,0,9,temporal,0,0.221765000,1.608006000,28,28672,-93.298557088524050
0,1024,0,9,static,1,0.265460000,1.542607000,263,269312,-93.298557088524050
0,1024,0,10,static,0,0.270598000,1.629728000,266,272384,28.213065835549102
0,1024,0,10,temporal,1,0.213933000,1.846305000,28,28672,28.213065835549102
0,1024,0,11,temporal,0,0.238900000,1.803110000,28,28672,171.93242108524834
0,1024,0,11,static,1,0.262887000,1.562137000,266,272384,171.93242108524834
0,1024,0,12,static,0,0.239792000,1.628066000,266,272384,199.06933305581165
0,1024,0,12,temporal,1,0.231339000,1.674947000,28,28672,199.06933305581165
0,1024,0,13,temporal,0,0.219141000,1.504310000,28,28672,192.70992264232905
0,1024,0,13,static,1,0.247444000,1.598702000,265,271360,192.70992264232905
0,1024,0,14,static,0,0.248064000,1.500754000,266,272384,240.49179785010534
0,1024,0,14,temporal,1,0.217078000,1.481485000,28,28672,240.49179785010534
0,1024,0,15,temporal,0,0.215956000,1.493584000,28,28672,226.21612431199827
0,1024,0,15,static,1,0.265321000,1.535737000,266,272384,226.21612431199827
0,1024,0,16,static,0,0.243868000,1.488726000,264,270336,183.04488421560890
0,1024,0,16,temporal,1,0.229066000,1.540765000,28,28672,183.04488421560890
0,1024,0,17,temporal,0,0.215205000,1.490469000,28,28672,-183.19300173568055
0,1024,0,17,static,1,0.253332000,1.553414000,265,271360,-183.19300173568055
0,1024,0,18,static,0,0.249686000,1.607265000,264,270336,181.61971781066820
0,1024,0,18,temporal,1,0.253863000,1.615127000,28,28672,181.61971781066820
0,1024,0,19,temporal,0,0.211379000,1.834487000,28,28672,104.94577437297505
0,1024,0,19,static,1,0.285761000,1.680965000,263,269312,104.94577437297505
0,1024,0,20,static,0,0.276216000,1.605322000,264,270336,-92.953639596478840
0,1024,0,20,temporal,1,0.227523000,1.475166000,28,28672,-92.953639596478840
0,1024,0,21,temporal,0,0.221244000,1.582348000,28,28672,-102.51322137022042
0,1024,0,21,static,1,0.302456000,1.587084000,265,271360,-102.51322137022042
0,1024,0,22,static,0,0.248265000,1.536388000,263,269312,215.55334566816420
0,1024,0,22,temporal,1,0.236086000,1.625172000,28,28672,215.55334566816420
0,1024,0,23,temporal,0,0.221564000,1.626584000,28,28672,118.79244189293710
0,1024,0,23,static,1,0.258590000,1.647325000,266,272384,118.79244189293710
0,1024,0,24,static,0,0.292581000,1.770921000,264,270336,-239.78790164809388
0,1024,0,24,temporal,1,0.219762000,1.590409000,28,28672,-239.78790164809388
0,1024,0,25,temporal,0,0.208134000,1.589448000,28,28672,-162.72987163086256
0,1024,0,25,static,1,0.292791000,1.597930000,266,272384,-162.72987163086256
0,1024,0,26,static,0,0.253012000,1.491771000,264,270336,-71.405114426621900
0,1024,0,26,temporal,1,0.280473000,1.516258000,28,28672,-71.405114426621900
0,1024,0,27,temporal,0,0.211079000,1.611832000,28,28672,200.70826276943590
0,1024,0,27,static,1,0.252521000,1.846696000,265,271360,200.70826276943590
0,1024,0,28,static,0,0.308125000,1.726254000,265,271360,107.67974183222937
0,1024,0,28,temporal,1,0.261214000,1.713205000,28,28672,107.67974183222937
0,1024,0,29,temporal,0,0.238349000,1.527935000,28,28672,227.95603049826082
0,1024,0,29,static,1,0.284659000,1.546002000,266,272384,227.95603049826082
0,1024,0,30,static,0,0.248555000,1.564300000,266,272384,-209.75561475066672
0,1024,0,30,temporal,1,0.224138000,1.504700000,28,28672,-209.75561475066672
0,1024,0,31,temporal,0,0.207984000,1.595958000,28,28672,-72.996220255787110
0,1024,0,31,static,1,0.270649000,1.616319000,264,270336,-72.996220255787110
0,1024,0,32,static,0,0.267964000,1.593814000,264,270336,-183.15364848359644
0,1024,0,32,temporal,1,0.273723000,1.606463000,28,28672,-183.15364848359644
0,1024,0,33,temporal,0,0.250407000,1.529878000,28,28672,142.48275965496070
0,1024,0,33,static,1,0.298040000,1.613504000,265,271360,142.48275965496070
0,1024,0,34,static,0,0.251630000,1.534485000,266,272384,-56.051668283040430
0,1024,0,34,temporal,1,0.221664000,1.515937000,28,28672,-56.051668283040430
0,1024,0,35,temporal,0,0.209706000,1.511630000,28,28672,-148.20891819554328
0,1024,0,35,static,1,0.250178000,1.534856000,264,270336,-148.20891819554328
0,1024,0,36,static,0,0.267794000,1.606314000,263,269312,150.28682730472144
0,1024,0,36,temporal,1,0.286091000,1.662878000,28,28672,150.28682730472144
0,1024,0,37,temporal,0,0.219031000,1.511350000,28,28672,73.996079792846560
0,1024,0,37,static,1,0.271420000,2.149062000,262,268288,73.996079792846560
0,1024,0,38,static,0,0.296718000,1.652393000,265,271360,186.79309383538100
0,1024,0,38,temporal,1,0.300143000,1.737371000,27,27648,186.79309383538100
0,1024,0,39,temporal,0,0.227714000,1.644942000,28,28672,202.09564153434496
0,1024,0,39,static,1,0.260072000,1.637830000,264,270336,202.09564153434496
0,1024,0,40,static,0,0.287244000,1.543088000,266,272384,-128.32770411107242
0,1024,0,40,temporal,1,0.224619000,1.497088000,28,28672,-128.32770411107242
0,1024,0,41,temporal,0,0.219081000,1.588787000,28,28672,179.46705042906340
0,1024,0,41,static,1,0.327494000,1.956000000,264,270336,179.46705042906340
0,1024,0,42,static,0,0.277429000,1.620175000,264,270336,68.661101701511240
0,1024,0,42,temporal,1,0.249847000,1.549487000,28,28672,68.661101701511240
0,1024,0,43,temporal,0,0.218320000,1.674396000,28,28672,-205.90709364523275
0,1024,0,43,static,1,0.260773000,1.649178000,265,271360,-205.90709364523275
0,1024,0,44,static,0,0.261535000,1.519513000,265,271360,-121.22464706111171
0,1024,0,44,temporal,1,0.222235000,1.522016000,28,28672,-121.22464706111171
0,1024,0,45,temporal,0,0.219000000,1.505651000,28,28672,59.469535280601960
0,1024,0,45,static,1,0.270879000,1.531300000,265,271360,59.469535280601960
0,1024,0,46,static,0,0.262937000,1.544931000,266,272384,-128.32770411107242
0,1024,0,46,temporal,1,0.240784000,1.508837000,28,28672,-128.32770411107242
0,1024,0,47,temporal,0,0.219451000,1.510459000,28,28672,92.478829952913290
0,1024,0,47,static,1,0.294534000,1.585522000,263,269312,92.478829952913290
0,1024,0,48,static,0,0.247394000,1.564020000,266,272384,-178.32750124286713
0,1024,0,48,temporal,1,0.234694000,1.577460000,28,28672,-178.32750124286713
0,1024,0,49,temporal,0,0.208675000,1.566093000,28,28672,-96.783270321737460
0,1024,0,49,static,1,0.247603000,1.593103000,262,268288,-96.783270321737460
0,1024,0,50,static,0,0.242476000,1.548376000,265,271360,-156.94455789096065
0,1024,0,50,temporal,1,0.485082000,1.820627000,28,28672,-156.94455789096065
0,1024,0,51,temporal,0,0.220923000,1.677040000,28,28672,102.52532823200147
0,1024,0,51,static,1,0.293402000,1.660865000,264,270336,102.52532823200147
0,1024,0,52,static,0,0.249316000,1.563879000,263,269312,194.08712225535760
0,1024,0,52,temporal,1,0.288015000,1.656099000,28,28672,194.08712225535760
0,1024,0,53,temporal,0,0.225591000,1.611652000,28,28672,-186.73007354931232
0,1024,0,53,static,1,0.266282000,1.586613000,265,271360,-186.73007354931232
0,1024,0,54,static,0,0.263828000,1.637421000,265,271360,154.00453455512698
0,1024,0,54,temporal,1,0.244228000,1.818483000,28,28672,154.00453455512698
0,1024,0,55,temporal,0,0.255135000,1.738082000,28,28672,-196.97926340722103
0,1024,0,55,static,1,0.343929000,1.637691000,263,269312,-196.97926340722103
0,1024,0,56,static,0,0.299262000,1.749179000,263,269312,-46.041117476970946
0,1024,0,56,temporal,1,0.240813000,1.596258000,28,28672,-46.041117476970946
0,1024,0,57,temporal,0,0.210547000,1.572542000,28,28672,106.95667629163562
0,1024,0,57,static,1,0.302837000,1.631802000,267,273408,106.95667629163562
0,1024,0,58,static,0,0.252581000,1.499572000,263,269312,109.24553291976748
0,1024,0,58,temporal,1,0.260853000,1.527745000,28,28672,109.24553291976748
0,1024,0,59,temporal,0,0.218109000,1.526333000,28,28672,-179.70402551513564
0,1024,0,59,static,1,0.295677000,1.637340000,266,272384,-179.70402551513564
0,1024,0,60,static,0,0.265231000,1.647226000,266,272384,184.30456222609754
0,1024,0,60,temporal,1,0.321765000,1.631431000,28,28672,184.30456222609754
0,1024,0,61,temporal,0,0.259371000,1.649468000,28,28672,159.04377817069310
0,1024,0,61,static,1,0.295606000,1.682167000,264,270336,159.04377817069310
0,1024,0,62,static,0,0.255866000,1.561786000,265,271360,-17.258393532800444
0,1024,0,62,temporal,1,0.235355000,1.492492000,28,28672,-17.258393532800444
0,1024,0,63,temporal,0,0.231229000,1.678552000,28,28672,157.29917554627954
0,1024,0,63,static,1,0.266061000,1.652082000,266,272384,157.29917554627954
0,1024,0,64,static,0,0.259822000,1.607595000,264,270336,-242.12169445912070
0,1024,0,64,temporal,1,0.257188000,1.641587000,28,28672,-242.12169445912070
0,1024,0,65,temporal,0,0.216556000,1.619793000,28,28672,-201.79577565803004
0,1024,0,65,static,1,0.279501000,1.627946000,263,269312,-201.79577565803004
0,1024,0,66,static,0,0.256887000,1.559592000,264,270336,-116.45233458778668
0,1024,0,66,temporal,1,0.245280000,1.792104000,28,28672,-116.45233458778668
0,1024,0,67,temporal,0,0.258710000,1.740936000,28,28672,87.625619565982530
0,1024,0,67,static,1,0.292211000,1.655778000,263,269312,87.625619565982530
0,1024,0,68,static,0,0.255325000,1.705633000,265,271360,-247.88778815770874
0,1024,0,68,temporal,1,0.259161000,1.631712000,28,28672,-247.88778815770874
0,1024,0,69,temporal,0,0.210878000,1.456347000,28,28672,241.89143095942111
0,1024,0,69,static,1,0.292432000,1.549779000,264,270336,241.89143095942111
0,1024,0,70,static,0,0.254223000,1.546563000,266,272384,-65.851041453540420
0,1024,0,70,temporal,1,0.225790000,1.502767000,28,28672,-65.851041453540420
0,1024,0,71,temporal,0,0.212620000,1.554625000,28,28672,151.51042580244004
0,1024,0,71,static,1,0.253222000,1.587305000,265,271360,151.51042580244004
0,1024,0,72,static,0,0.252852000,1.706735000,264,270336,180.14316171883715
0,1024,0,72,temporal,1,0.232541000,1.896502000,28,28672,180.14316171883715
0,1024,0,73,temporal,0,0.238580000,1.621767000,28,28672,-100.70434183975593
0,1024,0,73,static,1,0.284369000,1.639062000,263,269312,-100.70434183975593
0,1024,0,74,static,0,0.245770000,1.765263000,262,268288,-96.783270321737460
0,1024,0,74,temporal,1,0.238941000,1.721277000,28,28672,-96.783270321737460
0,1024,0,75,temporal,0,0.222505000,1.492621000,28,28672,-211.37614740806515
0,1024,0,75,static,1,0.256446000,1.564470000,264,270336,-211.37614740806515
0,1024,0,76,static,0,0.247834000,1.547115000,264,270336,50.115087808337850
0,1024,0,76,temporal,1,0.216868000,1.541246000,28,28672,50.115087808337850
0,1024,0,77,temporal,0,0.218850000,1.533784000,28,28672,-148.03951139955250
0,1024,0,77,static,1,0.280684000,1.586123000,266,272384,-148.03951139955250
0,1024,0,78,static,0,0.249846000,1.717761000,264,270336,180.14316171883715
0,1024,0,78,temporal,1,0.247464000,1.586834000,28,28672,180.14316171883715
0,1024,0,79,temporal,0,0.223818000,1.626974000,28,28672,128.65089551120406
0,1024,0,79,static,1,0.266712000,1.590029000,265,271360,128.65089551120406
0,1024,0,80,static,0,0.256157000,1.628377000,264,270336,200.70884482753613
0,1024,0,80,temporal,1,0.259391000,1.619703000,28,28672,200.70884482753613
0,1024,0,81,temporal,0,0.240083000,1.869030000,28,28672,200.01094614660138
0,1024,0,81,static,1,0.305351000,1.859886000,263,269312,200.01094614660138
0,1024,0,82,static,0,0.282547000,1.877853000,264,270336,21.559759959114930
0,1024,0,82,temporal,1,0.335686000,1.816780000,28,28672,21.559759959114930
0,1024,0,83,temporal,0,0.230397000,1.552862000,28,28672,-116.45233458778668
0,1024,0,83,static,1,0.349097000,1.655978000,264,270336,-116.45233458778668
0,1024,0,84,static,0,0.295005000,1.612203000,265,271360,-209.83860533345670
0,1024,0,84,temporal,1,0.240173000,1.577891000,28,28672,-209.83860533345670
0,1024,0,85,temporal,0,0.224419000,2.420902000,27,27648,214.58376150522090
0,1024,0,85,static,1,0.304249000,1.703590000,264,270336,214.58376150522090
0,1024,0,86,static,0,0.258500000,1.723910000,265,271360,-30.808078623033840
0,1024,0,86,temporal,1,0.252331000,1.558592000,28,28672,-30.808078623033840
0,1024,0,87,temporal,0,0.243808000,1.744582000,28,28672,-194.56435676732488
0,1024,0,87,static,1,0.279011000,1.693385000,264,270336,-194.56435676732488
0,1024,0,88,static,0,0.263528000,1.672183000,264,270336,-224.09287444088040
0,1024,0,88,temporal,1,0.254734000,1.709579000,28,28672,-224.09287444088040
0,1024,0,89,temporal,0,0.248705000,1.689128000,28,28672,70.546393270041970
0,1024,0,89,static,1,0.261114000,1.610530000,266,272384,70.546393270041970
0,1024,0,90,static,0,0.268835000,1.529287000,264,270336,-171.10008860916074
0,1024,0,90,temporal,1,0.217658000,1.583940000,28,28672,-171.10008860916074
0,1024,0,91,temporal,0,0.545433000,1.948079000,28,28672,-244.12486183751554
0,1024,0,91,static,1,0.308575000,1.735408000,262,268288,-244.12486183751554
0,1024,0,92,static,0,0.268836000,2.363766000,264,270336,189.39472496065642
0,1024,0,92,temporal,1,0.246412000,1.625112000,28,28672,189.39472496065642
0,1024,0,93,temporal,0,0.216447000,1.611752000,28,28672,-150.36999562468012
0,1024,0,93,static,1,0.260372000,1.610710000,265,271360,-150.36999562468012
0,1024,0,94,static,0,0.263177000,1.630910000,264,270336,-241.00018021971604
0,1024,0,94,temporal,1,0.227934000,1.600565000,28,28672,-241.00018021971604
0,1024,0,95,temporal,0,0.207193000,1.650019000,27,27648,-104.60858404404783
0,1024,0,95,static,1,0.345411000,1.710550000,262,268288,-104.60858404404783
0,1024,0,96,static,0,0.244269000,1.645503000,263,269312,200.01094614660138
0,1024,0,96,temporal,1,0.211108000,1.601706000,28,28672,200.01094614660138
0,1024,0,97,temporal,0,0.237177000,1.604490000,28,28672,-40.414158395613810
0,1024,0,97,static,1,0.257758000,1.642507000,265,271360,-40.414158395613810
0,1024,0,98,static,0,0.249787000,1.627996000,266,272384,180.33541434920647
0,1024,0,98,temporal,1,0.225681000,1.622428000,28,28672,180.33541434920647
0,1024,0,99,temporal,0,0.207413000,1.599213000,28,28672,111.87570076470670
0,1024,0,99,static,1,0.267062000,1.631861000,265,271360,111.87570076470670
0,1024,0,100,static,0,0.235696000,1.632132000,265,271360,85.175091146783130
0,1024,0,100,temporal,1,0.219451000,1.562707000,28,28672,85.175091146783130
0,1024,0,101,temporal,0,0.230988000,1.497519000,28,28672,-212.30089206422673
0,1024,0,101,static,1,0.257669000,1.548567000,266,272384,-212.30089206422673
0,1024,0,102,static,0,0.271290000,1.718583000,264,270336,243.35855270289875
0,1024,0,102,temporal,1,0.247373000,1.564820000,28,28672,243.35855270289875
0,1024,0,103,temporal,0,0.225681000,1.650490000,28,28672,-248.15025138891033
0,1024,0,103,static,1,0.275746000,1.712193000,264,270336,-248.15025138891033
0,1024,0,104,static,0,0.258009000,1.528215000,265,271360,-62.758357208306800
0,1024,0,104,temporal,1,0.229556000,1.531791000,28,28672,-62.758357208306800
0,1024,0,105,temporal,0,0.231179000,1.635448000,27,27648,-20.650530169564960
0,1024,0,105,static,1,0.270748000,1.626263000,262,268288,-20.650530169564960
0,1024,0,106,static,0,0.274965000,1.548596000,266,272384,-47.955493978439414
0,1024,0,106,temporal,1,0.234624000,1.587004000,28,28672,-47.955493978439414
0,1024,0,107,temporal,0,0.225130000,1.470879000,28,28672,236.65753548174519
0,1024,0,107,static,1,0.262046000,1.586023000,263,269312,236.65753548174519
0,1024,0,108,static,0,0.253232000,1.601195000,266,272384,63.020349182705250
0,1024,0,108,temporal,1,0.214774000,1.604290000,28,28672,63.020349182705250
0,1024,0,109,temporal,0,0.214643000,1.531210000,28,28672,44.448273279082330
0,1024,0,109,static,1,0.289477000,1.577781000,264,270336,44.448273279082330
0,1024,0,110,static,0,0.241063000,1.538651000,266,272384,238.70039771197023
0,1024,0,110,temporal,1,0.252631000,1.504930000,28,28672,238.70039771197023
0,1024,0,111,temporal,0,0.207904000,1.842880000,28,28672,8.4948314872113480
0,1024,0,111,static,1,0.343188000,1.776541000,264,270336,8.4948314872113480
0,1024,0,112,static,0,0.255115000,1.581576000,264,270336,46.727888682414490
0,1024,0,112,temporal,1,0.243147000,1.655698000,28,28672,46.727888682414490
0,1024,0,113,temporal,0,0.225040000,1.660626000,28,28672,-208.16425599330378
0,1024,0,113,static,1,0.280463000,1.633194000,266,272384,-208.16425599330378
0,1024,0,114,static,0,0.260092000,1.664952000,264,270336,176.03071251103685
0,1024,0,114,temporal,1,0.249968000,1.608918000,28,28672,176.03071251103685
0,1024,0,115,temporal,0,0.220282000,1.570519000,28,28672,37.278199035835090
0,1024,0,115,static,1,0.248615000,1.586623000,263,269312,37.278199035835090
0,1024,0,116,static,0,0.242446000,1.505331000,265,271360,184.02717511494836
0,1024,0,116,temporal,1,0.210587000,1.500784000,28,28672,184.02717511494836
0,1024,0,117,temporal,0,0.221815000,1.629218000,28,28672,148.71129491535748
0,1024,0,117,static,1,0.274805000,1.680085000,264,270336,148.71129491535748
0,1024,0,118,static,0,0.258931000,1.506823000,265,271360,12.339575623690260
0,1024,0,118,temporal,1,0.237929000,1.468255000,28,28672,12.339575623690260
0,1024,0,119,temporal,0,0.213231000,1.543839000,28,28672,6.4132991869145770
0,1024,0,119,static,1,0.248024000,1.646904000,266,272384,6.4132991869145770
0,1024,1,0,temporal,0,0.279882000,1.637019000,28,28672,211.65026870993768
0,1024,1,0,static,1,0.264750000,1.566934000,267,273408,211.65026870993768
0,1024,1,1,static,0,0.333893000,1.644480000,263,269312,84.598133341991660
0,1024,1,1,temporal,1,0.222445000,1.544810000,28,28672,84.598133341991660
0,1024,1,2,temporal,0,0.215195000,1.524660000,28,28672,75.756681783698650
0,1024,1,2,static,1,0.274704000,1.633834000,264,270336,75.756681783698650
0,1024,1,3,static,0,0.245340000,1.557079000,264,270336,216.27396047811732
0,1024,1,3,temporal,1,0.220953000,1.574986000,28,28672,216.27396047811732
0,1024,1,4,temporal,0,0.214393000,1.614015000,28,28672,104.94577437297505
0,1024,1,4,static,1,0.256166000,1.622478000,263,269312,104.94577437297505
0,1024,1,5,static,0,0.257609000,1.626754000,265,271360,-245.69267172972900
0,1024,1,5,temporal,1,0.220702000,1.587074000,28,28672,-245.69267172972900
0,1024,1,6,temporal,0,0.207893000,1.445240000,28,28672,244.04757627144556
0,1024,1,6,static,1,0.246902000,1.522437000,264,270336,244.04757627144556
0,1024,1,7,static,0,0.248475000,1.495396000,266,272384,204.17151089644406
0,1024,1,7,temporal,1,0.220953000,1.515696000,28,28672,204.17151089644406
0,1024,1,8,temporal,0,0.214514000,1.514855000,28,28672,95.090103221987890
0,1024,1,8,static,1,0.255175000,1.549428000,263,269312,95.090103221987890
0,1024,1,9,static,0,0.245531000,1.548617000,263,269312,-93.298557088524050
0,1024,1,9,temporal,1,0.236677000,1.682449000,28,28672,-93.298557088524050
0,1024,1,10,temporal,0,0.244559000,1.784171000,28,28672,28.213065835549102
0,1024,1,10,static,1,0.265791000,1.708247000,266,272384,28.213065835549102
0,1024,1,11,static,0,0.312802000,2.109953000,266,272384,171.93242108524834
0,1024,1,11,temporal,1,0.302526000,1.610590000,28,28672,171.93242108524834
0,1024,1,12,temporal,0,0.225220000,1.611762000,28,28672,199.06933305581165
0,1024,1,12,static,1,0.255416000,1.645963000,266,272384,199.06933305581165
0,1024,1,13,static,0,0.294474000,1.753175000,265,271360,192.70992264232905
0,1024,1,13,temporal,1,0.233232000,1.582097000,28,28672,192.70992264232905
0,1024,1,14,temporal,0,0.221734000,1.473573000,28,28672,240.49179785010534
0,1024,1,14,static,1,0.284359000,1.632923000,266,272384,240.49179785010534
0,1024,1,15,static,0,0.265921000,1.556869000,266,272384,226.21612431199827
0,1024,1,15,temporal,1,0.232661000,1.484008000,28,28672,226.21612431199827
0,1024,1,16,temporal,0,0.210087000,1.460253000,28,28672,183.04488421560890
0,1024,1,16,static,1,0.294524000,1.533934000,264,270336,183.04488421560890
0,1024,1,17,static,0,0.242556000,1.525532000,265,271360,-183.19300173568055
0,1024,1,17,temporal,1,0.217868000,1.498580000,28,28672,-183.19300173568055
0,1024,1,18,temporal,0,0.215235000,1.565432000,28,28672,181.61971781066820
0,1024,1,18,static,1,0.248375000,1.621506000,264,270336,181.61971781066820
0,1024,1,19,static,0,0.266702000,1.664521000,263,269312,104.94577437297505
0,1024,1,19,temporal,1,0.212180000,1.598762000,28,28672,104.94577437297505
0,1024,1,20,temporal,0,0.219702000,7.226092000,28,28672,-92.953639596478840
0,1024,1,20,static,1,0.435787000,1.989421000,264,270336,-92.953639596478840
0,1024,1,21,static,0,0.383188000,1.871834000,265,271360,-102.51322137022042
0,1024,1,21,temporal,1,0.319432000,1.766836000,28,28672,-102.51322137022042
0,1024,1,22,temporal,0,0.330839000,1.712343000,28,28672,215.55334566816420
0,1024,1,22,static,1,0.374555000,1.728127000,263,269312,215.55334566816420
0,1024,1,23,static,0,0.368757000,1.858695000,266,272384,118.79244189293710
0,1024,1,23,temporal,1,0.291109000,1.704471000,28,28672,118.79244189293710
0,1024,1,24,temporal,0,0.268344000,1.878634000,28,28672,-239.78790164809388
0,1024,1,24,static,1,0.372102000,1.810582000,264,270336,-239.78790164809388
0,1024,1,25,static,0,0.288014000,1.658772000,266,272384,-162.72987163086256
0,1024,1,25,temporal,1,0.264329000,1.592953000,28,28672,-162.72987163086256
0,1024,1,26,temporal,0,0.254204000,1.489257000,28,28672,-71.405114426621900
0,1024,1,26,static,1,0.280444000,1.557029000,264,270336,-71.405114426621900
0,1024,1,27,static,0,0.255706000,1.660405000,265,271360,200.70826276943590
0,1024,1,27,temporal,1,0.239101000,1.677811000,28,28672,200.70826276943590
0,1024,1,28,temporal,0,0.234844000,1.548246000,28,28672,107.67974183222937
0,1024,1,28,static,1,0.286012000,5.474750000,265,271360,107.67974183222937
0,1024,1,29,static,0,0.367955000,3.793523000,266,272384,227.95603049826082
0,1024,1,29,temporal,1,0.386283000,3.800844000,28,28672,227.95603049826082
0,1024,1,30,temporal,0,0.359572000,3.711409000,28,28672,-209.75561475066672
0,1024,1,30,static,1,0.452663000,1.796991000,266,272384,-209.75561475066672
0,1024,1,31,static,0,0.278981000,1.736320000,264,270336,-72.996220255787110
0,1024,1,31,temporal,1,0.339042000,1.724532000,28,28672,-72.996220255787110
0,1024,1,32,temporal,0,0.237879000,1.543959000,28,28672,-183.15364848359644
0,1024,1,32,static,1,0.436489000,1.730621000,264,270336,-183.15364848359644
0,1024,1,33,static,0,0.278650000,1.636349000,265,271360,142.48275965496070
0,1024,1,33,temporal,1,0.271259000,1.554815000,28,28672,142.48275965496070
0,1024,1,34,temporal,0,0.219681000,1.593393000,28,28672,-56.051668283040430
0,1024,1,34,static,1,0.319131000,1.640054000,266,272384,-56.051668283040430
0,1024,1,35,static,0,0.283969000,1.563509000,264,270336,-148.20891819554328
0,1024,1,35,temporal,1,0.244318000,1.540203000,28,28672,-148.20891819554328
0,1024,1,36,temporal,0,0.245530000,1.644320000,28,28672,150.28682730472144
0,1024,1,36,static,1,0.255104000,1.678782000,263,269312,150.28682730472144
0,1024,1,37,static,0,0.246352000,1.548216000,262,268288,73.996079792846560
0,1024,1,37,temporal,1,0.302557000,1.681547000,28,28672,73.996079792846560
0,1024,1,38,temporal,0,0.237298000,1.617480000,27,27648,186.79309383538100
0,1024,1,38,static,1,0.288695000,1.625272000,265,271360,186.79309383538100
0,1024,1,39,static,0,0.270218000,1.668618000,264,270336,202.09564153434496
0,1024,1,39,temporal,1,0.228225000,1.630430000,28,28672,202.09564153434496
0,1024,1,40,temporal,0,0.216076000,1.476707000,28,28672,-128.32770411107242
0,1024,1,40,static,1,0.260554000,1.567155000,266,272384,-128.32770411107242
0,1024,1,41,static,0,0.248165000,1.591011000,264,270336,179.46705042906340
0,1024,1,41,temporal,1,0.233873000,1.588216000,28,28672,179.46705042906340
0,1024,1,42,temporal,0,0.224639000,1.507855000,28,28672,68.661101701511240
0,1024,1,42,static,1,0.275175000,1.554094000,264,270336,68.661101701511240
0,1024,1,43,static,0,0.259051000,1.677892000,265,271360,-205.90709364523275
0,1024,1,43,temporal,1,0.228515000,1.600675000,28,28672,-205.90709364523275
0,1024,1,44,temporal,0,0.213993000,1.662989000,28,28672,-121.22464706111171
0,1024,1,44,static,1,0.315336000,1.621717000,265,271360,-121.22464706111171
0,1024,1,45,static,0,0.268956000,1.526713000,265,271360,59.469535280601960
0,1024,1,45,temporal,1,0.244469000,1.623079000,28,28672,59.469535280601960
0,1024,1,46,temporal,0,0.254153000,1.524880000,28,28672,-128.32770411107242
0,1024,1,46,static,1,0.304890000,1.670700000,266,272384,-128.32770411107242
0,1024,1,47,static,0,0.274184000,1.598241000,263,269312,92.478829952913290
0,1024,1,47,temporal,1,0.239372000,1.518601000,28,28672,92.478829952913290
0,1024,1,48,temporal,0,0.219721000,1.563759000,28,28672,-178.32750124286713
0,1024,1,48,static,1,0.261284000,1.586203000,266,272384,-178.32750124286713
0,1024,1,49,static,0,0.248665000,1.641407000,262,268288,-96.783270321737460
0,1024,1,49,temporal,1,0.227473000,1.585322000,28,28672,-96.783270321737460
0,1024,1,50,temporal,0,0.230688000,1.510018000,28,28672,-156.94455789096065
0,1024,1,50,static,1,0.255115000,1.624841000,265,271360,-156.94455789096065
0,1024,1,51,static,0,0.244409000,1.590399000,264,270336,102.52532823200147
0,1024,1,51,temporal,1,0.257559000,1.621557000,28,28672,102.52532823200147
0,1024,1,52,temporal,0,0.218920000,1.470539000,28,28672,194.08712225535760
0,1024,1,52,static,1,0.284960000,1.529017000,263,269312,194.08712225535760
0,1024,1,53,static,0,0.244759000,1.547945000,265,271360,-186.73007354931232
0,1024,1,53,temporal,1,0.246572000,1.533914000,28,28672,-186.73007354931232
0,1024,1,54,temporal,0,0.212110000,1.645442000,28,28672,154.00453455512698
0,1024,1,54,static,1,0.249827000,1.620515000,265,271360,154.00453455512698
0,1024,1,55,static,0,0.271820000,1.618762000,263,269312,-196.97926340722103
0,1024,1,55,temporal,1,0.226051000,1.519052000,28,28672,-196.97926340722103
0,1024,1,56,temporal,0,0.240934000,1.566594000,28,28672,-46.041117476970946
0,1024,1,56,static,1,0.256156000,1.619042000,263,269312,-46.041117476970946
0,1024,1,57,static,0,0.244869000,1.567755000,267,273408,106.95667629163562
0,1024,1,57,temporal,1,0.258120000,1.607806000,28,28672,106.95667629163562
0,1024,1,58,temporal,0,0.217658000,1.503598000,28,28672,109.24553291976748
0,1024,1,58,static,1,0.285841000,1.541045000,263,269312,109.24553291976748
0,1024,1,59,static,0,0.247864000,1.578732000,266,272384,-179.70402551513564
0,1024,1,59,temporal,1,0.346983000,1.747246000,28,28672,-179.70402551513564
0,1024,1,60,temporal,0,0.269657000,1.675969000,28,28672,184.30456222609754
0,1024,1,60,static,1,0.298080000,1.628256000,266,272384,184.30456222609754
0,1024,1,61,static,0,0.251870000,1.706895000,264,270336,159.04377817069310
0,1024,1,61,temporal,1,0.263047000,1.654736000,28,28672,159.04377817069310
0,1024,1,62,temporal,0,0.219331000,1.496998000,28,28672,-17.258393532800444
0,1024,1,62,static,1,0.256437000,1.510829000,265,271360,-17.258393532800444
0,1024,1,63,static,0,0.249847000,1.671582000,266,272384,157.29917554627954
0,1024,1,63,temporal,1,0.220903000,1.602277000,28,28672,157.29917554627954
0,1024,1,64,temporal,0,0.238349000,1.677681000,28,28672,-242.12169445912070
0,1024,1,64,static,1,0.279752000,1.658662000,264,270336,-242.12169445912070
0,1024,1,65,static,0,0.262786000,1.544620000,263,269312,-201.79577565803004
0,1024,1,65,temporal,1,0.226391000,1.544269000,28,28672,-201.79577565803004
0,1024,1,66,temporal,0,0.219741000,1.495977000,28,28672,-116.45233458778668
0,1024,1,66,static,1,0.284580000,1.626604000,264,270336,-116.45233458778668
0,1024,1,67,static,0,0.261795000,1.551471000,263,269312,87.625619565982530
0,1024,1,67,temporal,1,0.246842000,1.498350000,28,28672,87.625619565982530
0,1024,1,68,temporal,0,0.212140000,1.598772000,28,28672,-247.88778815770874
0,1024,1,68,static,1,0.261284000,1.631842000,265,271360,-247.88778815770874
0,1024,1,69,static,0,0.250848000,1.525100000,264,270336,241.89143095942111
0,1024,1,69,temporal,1,0.232851000,1.491129000,28,28672,241.89143095942111
0,1024,1,70,temporal,0,0.217699000,1.515997000,28,28672,-65.851041453540420
0,1024,1,70,static,1,0.272681000,1.566272000,266,272384,-65.851041453540420
0,1024,1,71,static,0,0.272391000,1.603268000,265,271360,151.51042580244004
0,1024,1,71,temporal,1,0.224809000,1.849911000,28,28672,151.51042580244004
0,1024,1,72,temporal,0,0.214584000,1.547906000,28,28672,180.14316171883715
0,1024,1,72,static,1,0.278420000,1.615157000,264,270336,180.14316171883715
0,1024,1,73,static,0,0.243428000,1.617771000,263,269312,-100.70434183975593
0,1024,1,73,temporal,1,0.212470000,1.610409000,28,28672,-100.70434183975593
0,1024,1,74,temporal,0,0.225650000,1.598932000,28,28672,-96.783270321737460
0,1024,1,74,static,1,0.251600000,1.599343000,262,268288,-96.783270321737460
0,1024,1,75,static,0,0.264849000,1.534154000,264,270336,-211.37614740806515
0,1024,1,75,temporal,1,0.222585000,1.705402000,28,28672,-211.37614740806515
0,1024,1,76,temporal,0,0.239551000,1.625132000,28,28672,50.115087808337850
0,1024,1,76,static,1,0.324790000,1.737140000,264,270336,50.115087808337850
0,1024,1,77,static,0,0.281334000,1.639063000,266,272384,-148.03951139955250
0,1024,1,77,temporal,1,0.310799000,1.641817000,28,28672,-148.03951139955250
0,1024,1,78,temporal,0,0.271570000,1.655688000,28,28672,180.14316171883715
0,1024,1,78,static,1,0.267444000,1.635127000,264,270336,180.14316171883715
0,1024,1,79,static,0,0.253612000,1.653394000,265,271360,128.65089551120406
0,1024,1,79,temporal,1,0.282416000,1.633384000,28,28672,128.65089551120406
0,1024,1,80,temporal,0,0.225430000,1.781258000,28,28672,200.70884482753613
0,1024,1,80,static,1,0.274394000,1.654596000,264,270336,200.70884482753613
0,1024,1,81,static,0,0.304849000,1.693244000,263,269312,200.01094614660138
0,1024,1,81,temporal,1,0.228064000,1.637500000,28,28672,200.01094614660138
0,1024,1,82,temporal,0,0.230618000,1.601967000,28,28672,21.559759959114930
0,1024,1,82,static,1,0.268475000,1.651832000,264,270336,21.559759959114930
0,1024,1,83,static,0,0.251679000,1.619292000,264,270336,-116.45233458778668
0,1024,1,83,temporal,1,0.253182000,1.575897000,28,28672,-116.45233458778668
0,1024,1,84,temporal,0,0.284008000,1.624480000,28,28672,-209.83860533345670
0,1024,1,84,static,1,0.272581000,1.620865000,265,271360,-209.83860533345670
0,1024,1,85,static,0,0.270458000,1.584470000,264,270336,214.58376150522090
0,1024,1,85,temporal,1,0.242606000,1.563960000,27,27648,214.58376150522090
0,1024,1,86,temporal,0,0.217498000,1.627806000,28,28672,-30.808078623033840
0,1024,1,86,static,1,0.328416000,1.593074000,265,271360,-30.808078623033840
0,1024,1,87,static,0,0.312331000,1.694246000,264,270336,-194.56435676732488
0,1024,1,87,temporal,1,0.233192000,1.630910000,28,28672,-194.56435676732488
0,1024,1,88,temporal,0,0.254454000,1.586233000,28,28672,-224.09287444088040
0,1024,1,88,static,1,0.265030000,1.580164000,264,270336,-224.09287444088040
0,1024,1,89,static,0,0.271860000,1.612853000,266,272384,70.546393270041970
0,1024,1,89,temporal,1,0.229276000,1.580073000,28,28672,70.546393270041970
0,1024,1,90,temporal,0,0.223307000,1.507865000,28,28672,-171.10008860916074
0,1024,1,90,static,1,0.309047000,1.579463000,264,270336,-171.10008860916074
0,1024,1,91,static,0,0.285721000,1.605131000,262,268288,-244.12486183751554
0,1024,1,91,temporal,1,0.274934000,1.602007000,28,28672,-244.12486183751554
0,1024,1,92,temporal,0,0.217168000,1.619814000,28,28672,189.39472496065642
0,1024,1,92,static,1,0.267243000,1.686925000,264,270336,189.39472496065642
0,1024,1,93,static,0,0.313893000,1.753355000,265,271360,-150.36999562468012
0,1024,1,93,temporal,1,0.222466000,1.625182000,28,28672,-150.36999562468012
0,1024,1,94,temporal,0,0.229997000,1.593774000,28,28672,-241.00018021971604
0,1024,1,94,static,1,0.290338000,1.662458000,264,270336,-241.00018021971604
0,1024,1,95,static,0,0.273793000,1.661456000,262,268288,-104.60858404404783
0,1024,1,95,temporal,1,0.236667000,1.596398000,27,27648,-104.60858404404783
0,1024,1,96,temporal,0,0.236727000,1.624230000,28,28672,200.01094614660138
0,1024,1,96,static,1,0.271730000,1.671672000,263,269312,200.01094614660138
0,1024,1,97,static,0,0.260312000,1.625562000,265,271360,-40.414158395613810
0,1024,1,97,temporal,1,0.227232000,1.639433000,28,28672,-40.414158395613810
0,1024,1,98,temporal,0,0.223648000,1.841408000,28,28672,180.33541434920647
0,1024,1,98,static,1,0.288875000,1.714436000,266,272384,180.33541434920647
0,1024,1,99,static,0,0.286973000,1.767938000,265,271360,111.87570076470670
0,1024,1,99,temporal,1,0.282056000,1.692243000,28,28672,111.87570076470670
0,1024,1,100,temporal,0,0.229326000,2.128582000,28,28672,85.175091146783130
0,1024,1,100,static,1,0.315336000,1.845094000,265,271360,85.175091146783130
0,1024,1,101,static,0,0.296668000,2.322264000,266,272384,-212.30089206422673
0,1024,1,101,temporal,1,0.295997000,1.619484000,28,28672,-212.30089206422673
0,1024,1,102,temporal,0,0.246492000,1.546703000,28,28672,243.35855270289875
0,1024,1,102,static,1,0.326142000,1.596949000,264,270336,243.35855270289875
0,1024,1,103,static,0,0.256758000,1.653184000,264,270336,-248.15025138891033
0,1024,1,103,temporal,1,0.310959000,1.681797000,28,28672,-248.15025138891033
0,1024,1,104,temporal,0,0.255044000,1.506482000,28,28672,-62.758357208306800
0,1024,1,104,static,1,0.275916000,1.603009000,265,271360,-62.758357208306800
0,1024,1,105,static,0,0.268215000,1.591010000,262,268288,-20.650530169564960
0,1024,1,105,temporal,1,0.279482000,1.851193000,27,27648,-20.650530169564960
0,1024,1,106,temporal,0,0.257168000,1.605022000,28,28672,-47.955493978439414
0,1024,1,106,static,1,0.276157000,1.651141000,266,272384,-47.955493978439414
0,1024,1,107,static,0,0.315957000,1.640755000,263,269312,236.65753548174519
0,1024,1,107,temporal,1,0.247253000,1.502356000,28,28672,236.65753548174519
0,1024,1,108,temporal,0,0.237719000,1.778303000,28,28672,63.020349182705250
0,1024,1,108,static,1,0.307314000,1.705503000,266,272384,63.020349182705250
0,1024,1,109,static,0,0.262807000,1.616719000,264,270336,44.448273279082330
0,1024,1,109,temporal,1,0.311070000,1.633735000,28,28672,44.448273279082330
0,1024,1,110,temporal,0,0.248435000,1.522006000,28,28672,238.70039771197023
0,1024,1,110,static,1,0.277940000,1.589478000,266,272384,238.70039771197023
0,1024,1,111,static,0,0.308175000,1.682529000,264,270336,8.4948314872113480
0,1024,1,111,temporal,1,0.230768000,1.711392000,28,28672,8.4948314872113480
0,1024,1,112,temporal,0,0.234384000,1.624040000,28,28672,46.727888682414490
0,1024,1,112,static,1,0.280313000,1.630640000,264,270336,46.727888682414490
0,1024,1,113,static,0,0.253282000,1.701037000,266,272384,-208.16425599330378
0,1024,1,113,temporal,1,0.246141000,1.625151000,28,28672,-208.16425599330378
0,1024,1,114,temporal,0,0.241284000,1.727677000,28,28672,176.03071251103685
0,1024,1,114,static,1,0.309397000,1.660245000,264,270336,176.03071251103685
0,1024,1,115,static,0,0.258571000,1.647686000,263,269312,37.278199035835090
0,1024,1,115,temporal,1,0.284609000,1.659223000,28,28672,37.278199035835090
0,1024,1,116,temporal,0,0.230107000,2.575135000,28,28672,184.02717511494836
0,1024,1,116,static,1,0.366012000,1.682108000,265,271360,184.02717511494836
0,1024,1,117,static,0,0.348276000,1.792054000,264,270336,148.71129491535748
0,1024,1,117,temporal,1,0.392162000,1.897914000,28,28672,148.71129491535748
0,1024,1,118,temporal,0,0.370499000,1.662327000,28,28672,12.339575623690260
0,1024,1,118,static,1,0.345912000,1.700616000,265,271360,12.339575623690260
0,1024,1,119,static,0,0.330970000,1.631592000,266,272384,6.4132991869145770
0,1024,1,119,temporal,1,0.377980000,1.753755000,28,28672,6.4132991869145770
0,1024,2,0,static,0,0.345060000,1.643810000,267,273408,211.65026870993768
0,1024,2,0,temporal,1,0.327484000,1.613715000,28,28672,211.65026870993768
0,1024,2,1,temporal,0,0.280924000,1.576719000,28,28672,84.598133341991660
0,1024,2,1,static,1,0.324800000,1.639243000,263,269312,84.598133341991660
0,1024,2,2,static,0,0.328145000,1.642879000,264,270336,75.756681783698650
0,1024,2,2,temporal,1,0.256787000,1.596528000,28,28672,75.756681783698650
0,1024,2,3,temporal,0,0.244208000,1.559202000,28,28672,216.27396047811732
0,1024,2,3,static,1,0.327033000,1.623719000,264,270336,216.27396047811732
0,1024,2,4,static,0,0.269106000,1.673815000,263,269312,104.94577437297505
0,1024,2,4,temporal,1,0.252661000,1.669188000,28,28672,104.94577437297505
0,1024,2,5,temporal,0,0.252731000,1.604520000,28,28672,-245.69267172972900
0,1024,2,5,static,1,0.275606000,1.665032000,265,271360,-245.69267172972900
0,1024,2,6,static,0,0.274404000,1.531321000,264,270336,244.04757627144556
0,1024,2,6,temporal,1,0.232140000,1.523228000,28,28672,244.04757627144556
0,1024,2,7,temporal,0,0.225009000,1.584230000,28,28672,204.17151089644406
0,1024,2,7,static,1,0.284920000,1.570510000,266,272384,204.17151089644406
0,1024,2,8,static,0,0.249476000,1.573413000,263,269312,95.090103221987890
0,1024,2,8,temporal,1,0.260192000,1.544229000,28,28672,95.090103221987890
0,1024,2,9,temporal,0,0.230828000,1.529347000,28,28672,-93.298557088524050
0,1024,2,9,static,1,0.285501000,1.573534000,263,269312,-93.298557088524050
0,1024,2,10,static,0,0.252551000,1.615107000,266,272384,28.213065835549102
0,1024,2,10,temporal,1,0.247834000,1.631942000,28,28672,28.213065835549102
0,1024,2,11,temporal,0,0.246332000,1.544751000,28,28672,171.93242108524834
0,1024,2,11,static,1,0.339993000,1.691402000,266,272384,171.93242108524834
0,1024,2,12,static,0,0.267834000,1.666764000,266,272384,199.06933305581165
0,1024,2,12,temporal,1,0.268054000,1.657150000,28,28672,199.06933305581165
0,1024,2,13,temporal,0,0.254293000,1.625592000,28,28672,192.70992264232905
0,1024,2,13,static,1,0.284469000,1.583299000,265,271360,192.70992264232905
0,1024,2,14,static,0,0.262777000,1.573895000,266,272384,240.49179785010534
0,1024,2,14,temporal,1,0.239952000,1.506763000,28,28672,240.49179785010534
0,1024,2,15,temporal,0,0.247073000,1.499512000,28,28672,226.21612431199827
0,1024,2,15,static,1,0.273473000,1.737591000,266,272384,226.21612431199827
0,1024,2,16,static,0,0.308595000,1.661837000,264,270336,183.04488421560890
0,1024,2,16,temporal,1,0.241614000,1.909271000,28,28672,183.04488421560890
0,1024,2,17,temporal,0,0.263697000,2.359890000,28,28672,-183.19300173568055
0,1024,2,17,static,1,0.320944000,1.899896000,265,271360,-183.19300173568055
0,1024,2,18,static,0,0.308605000,1.793255000,264,270336,181.61971781066820
0,1024,2,18,temporal,1,0.281124000,1.652834000,28,28672,181.61971781066820
0,1024,2,19,temporal,0,0.226502000,1.686474000,28,28672,104.94577437297505
0,1024,2,19,static,1,0.369528000,2.981198000,263,269312,104.94577437297505
0,1024,2,20,static,0,0.313062000,1.825203000,264,270336,-92.953639596478840
0,1024,2,20,temporal,1,0.285050000,1.644130000,28,28672,-92.953639596478840
0,1024,2,21,temporal,0,0.236927000,2.049572000,28,28672,-102.51322137022042
0,1024,2,21,static,1,0.310108000,1.732094000,265,271360,-102.51322137022042
0,1024,2,22,static,0,0.273693000,1.699163000,263,269312,215.55334566816420
0,1024,2,22,temporal,1,0.243557000,1.603589000,28,28672,215.55334566816420
0,1024,2,23,temporal,0,0.231840000,1.755528000,28,28672,118.79244189293710
0,1024,2,23,static,1,0.268726000,1.835650000,266,272384,118.79244189293710
0,1024,2,24,static,0,0.331720000,1.747766000,264,270336,-239.78790164809388
0,1024,2,24,temporal,1,0.249796000,1.710540000,28,28672,-239.78790164809388
0,1024,2,25,temporal,0,0.270689000,1.700816000,28,28672,-162.72987163086256
0,1024,2,25,static,1,0.275115000,1.660375000,266,272384,-162.72987163086256
0,1024,2,26,static,0,0.263497000,1.688567000,264,270336,-71.405114426621900
0,1024,2,26,temporal,1,0.294834000,1.721897000,28,28672,-71.405114426621900
0,1024,2,27,temporal,0,0.235274000,1.725022000,28,28672,200.70826276943590
0,1024,2,27,static,1,0.386573000,1.828488000,265,271360,200.70826276943590
0,1024,2,28,static,0,0.262606000,1.614085000,265,271360,107.67974183222937
0,1024,2,28,temporal,1,0.383959000,1.907107000,28,28672,107.67974183222937
0,1024,2,29,temporal,0,0.258470000,1.792304000,28,28672,227.95603049826082
0,1024,2,29,static,1,0.292361000,1.837752000,266,272384,227.95603049826082
0,1024,2,30,static,0,0.269847000,1.677120000,266,272384,-209.75561475066672
0,1024,2,30,temporal,1,0.263658000,1.934439000,28,28672,-209.75561475066672
0,1024,2,31,temporal,0,0.268775000,1.870662000,28,28672,-72.996220255787110
0,1024,2,31,static,1,0.387785000,1.850763000,264,270336,-72.996220255787110
0,1024,2,32,static,0,0.347985000,1.624611000,264,270336,-183.15364848359644
0,1024,2,32,temporal,1,0.312281000,1.868509000,28,28672,-183.15364848359644
0,1024,2,33,temporal,0,0.324449000,1.773275000,28,28672,142.48275965496070
0,1024,2,33,static,1,0.322717000,1.692984000,265,271360,142.48275965496070
0,1024,2,34,static,0,0.307925000,1.690090000,266,272384,-56.051668283040430
0,1024,2,34,temporal,1,0.439673000,1.844983000,28,28672,-56.051668283040430
0,1024,2,35,temporal,0,0.232771000,1.558351000,28,28672,-148.20891819554328
0,1024,2,35,static,1,0.347895000,1.627736000,264,270336,-148.20891819554328
0,1024,2,36,static,0,0.260694000,2.100739000,263,269312,150.28682730472144
0,1024,2,36,temporal,1,0.415467000,3.905772000,28,28672,150.28682730472144
0,1024,2,37,temporal,0,0.266472000,1.724342000,28,28672,73.996079792846560
0,1024,2,37,static,1,0.305351000,1.855610000,262,268288,73.996079792846560
0,1024,2,38,static,0,0.330088000,1.722409000,265,271360,186.79309383538100
0,1024,2,38,temporal,1,0.316357000,1.771482000,27,27648,186.79309383538100
0,1024,2,39,temporal,0,0.227673000,1.790030000,28,28672,202.09564153434496
0,1024,2,39,static,1,0.290788000,1.806214000,264,270336,202.09564153434496
0,1024,2,40,static,0,0.275686000,1.788218000,266,272384,-128.32770411107242
0,1024,2,40,temporal,1,0.314344000,1.810481000,28,28672,-128.32770411107242
0,1024,2,41,temporal,0,0.318511000,1.675808000,28,28672,179.46705042906340
0,1024,2,41,static,1,0.378471000,1.807778000,264,270336,179.46705042906340
0,1024,2,42,static,0,0.272021000,1.688588000,264,270336,68.661101701511240
0,1024,2,42,temporal,1,0.231510000,1.536218000,28,28672,68.661101701511240
0,1024,2,43,temporal,0,0.241905000,1.714717000,28,28672,-205.90709364523275
0,1024,2,43,static,1,0.292811000,1.759554000,265,271360,-205.90709364523275
0,1024,2,44,static,0,0.268585000,1.559392000,265,271360,-121.22464706111171
0,1024,2,44,temporal,1,0.301746000,1.609689000,28,28672,-121.22464706111171
0,1024,2,45,temporal,0,0.223548000,1.498000000,28,28672,59.469535280601960
0,1024,2,45,static,1,0.295516000,1.659393000,265,271360,59.469535280601960
0,1024,2,46,static,0,0.262997000,1.592263000,266,272384,-128.32770411107242
0,1024,2,46,temporal,1,0.236948000,1.567886000,28,28672,-128.32770411107242
0,1024,2,47,temporal,0,0.267884000,1.630720000,28,28672,92.478829952913290
0,1024,2,47,static,1,0.279702000,1.612283000,263,269312,92.478829952913290
0,1024,2,48,static,0,0.253533000,1.638372000,266,272384,-178.32750124286713
0,1024,2,48,temporal,1,0.416699000,1.749099000,28,28672,-178.32750124286713
0,1024,2,49,temporal,0,0.232431000,1.700936000,28,28672,-96.783270321737460
0,1024,2,49,static,1,0.429709000,1.904423000,262,268288,-96.783270321737460
0,1024,2,50,static,0,0.267724000,1.613895000,265,271360,-156.94455789096065
0,1024,2,50,temporal,1,0.231048000,2.330946000,28,28672,-156.94455789096065
0,1024,2,51,temporal,0,0.242215000,1.615477000,28,28672,102.52532823200147
0,1024,2,51,static,1,0.286302000,1.727165000,264,270336,102.52532823200147
0,1024,2,52,static,0,0.261895000,1.519873000,263,269312,194.08712225535760
0,1024,2,52,temporal,1,0.244008000,1.608607000,28,28672,194.08712225535760
0,1024,2,53,temporal,0,0.231760000,1.554285000,28,28672,-186.73007354931232
0,1024,2,53,static,1,0.266482000,1.571191000,265,271360,-186.73007354931232
0,1024,2,54,static,0,0.257729000,1.821828000,265,271360,154.00453455512698
0,1024,2,54,temporal,1,0.302055000,1.864422000,28,28672,154.00453455512698
0,1024,2,55,temporal,0,0.236137000,1.614115000,28,28672,-196.97926340722103
0,1024,2,55,static,1,2.126649000,3.451688000,263,269312,-196.97926340722103
0,1024,2,56,static,0,0.257598000,3.079816000,263,269312,-46.041117476970946
0,1024,2,56,temporal,1,0.300543000,1.671792000,28,28672,-46.041117476970946
0,1024,2,57,temporal,0,0.226282000,1.596870000,28,28672,106.95667629163562
0,1024,2,57,static,1,0.289046000,1.640545000,267,273408,106.95667629163562
0,1024,2,58,static,0,0.268144000,1.594976000,263,269312,109.24553291976748
0,1024,2,58,temporal,1,0.223147000,1.721407000,28,28672,109.24553291976748
0,1024,2,59,temporal,0,0.280172000,1.604961000,28,28672,-179.70402551513564
0,1024,2,59,static,1,0.261554000,1.668587000,266,272384,-179.70402551513564
0,1024,2,60,static,0,0.263528000,1.552662000,266,272384,184.30456222609754
0,1024,2,60,temporal,1,0.247744000,1.788268000,28,28672,184.30456222609754
0,1024,2,61,temporal,0,0.242245000,1.761497000,28,28672,159.04377817069310
0,1024,2,61,static,1,0.288485000,1.746945000,264,270336,159.04377817069310
0,1024,2,62,static,0,0.266753000,1.539853000,265,271360,-17.258393532800444
0,1024,2,62,temporal,1,0.217798000,1.487293000,28,28672,-17.258393532800444
0,1024,2,63,temporal,0,0.217809000,1.724061000,28,28672,157.29917554627954
0,1024,2,63,static,1,0.320924000,1.810652000,266,272384,157.29917554627954
0,1024,2,64,static,0,0.265321000,1.721007000,264,270336,-242.12169445912070
0,1024,2,64,temporal,1,0.247473000,1.647826000,28,28672,-242.12169445912070
0,1024,2,65,temporal,0,0.221224000,1.836230000,28,28672,-201.79577565803004
0,1024,2,65,static,1,0.321655000,1.583228000,263,269312,-201.79577565803004
0,1024,2,66,static,0,0.263648000,1.635287000,264,270336,-116.45233458778668
0,1024,2,66,temporal,1,0.229226000,1.531571000,28,28672,-116.45233458778668
0,1024,2,67,temporal,0,0.244058000,1.599213000,28,28672,87.625619565982530
0,1024,2,67,static,1,0.288435000,1.554755000,263,269312,87.625619565982530
0,1024,2,68,static,0,0.299932000,1.655297000,265,271360,-247.88778815770874
0,1024,2,68,temporal,1,0.224038000,1.605001000,28,28672,-247.88778815770874
0,1024,2,69,temporal,0,0.377770000,1.708547000,28,28672,241.89143095942111
0,1024,2,69,static,1,0.293683000,1.605882000,264,270336,241.89143095942111
0,1024,2,70,static,0,0.257679000,1.536789000,266,272384,-65.851041453540420
0,1024,2,70,temporal,1,0.241775000,1.516678000,28,28672,-65.851041453540420
0,1024,2,71,temporal,0,0.219921000,1.570359000,28,28672,151.51042580244004
0,1024,2,71,static,1,0.270207000,1.760385000,265,271360,151.51042580244004
0,1024,2,72,static,0,0.285060000,1.774587000,264,270336,180.14316171883715
0,1024,2,72,temporal,1,0.293984000,1.821228000,28,28672,180.14316171883715
0,1024,2,73,temporal,0,0.240092000,1.809710000,28,28672,-100.70434183975593
0,1024,2,73,static,1,0.298791000,1.814548000,263,269312,-100.70434183975593
0,1024,2,74,static,0,0.275806000,1.637801000,262,268288,-96.783270321737460
0,1024,2,74,temporal,1,0.303979000,1.764672000,28,28672,-96.783270321737460
0,1024,2,75,temporal,0,0.228775000,1.554355000,28,28672,-211.37614740806515
0,1024,2,75,static,1,0.292121000,1.579152000,264,270336,-211.37614740806515
0,1024,2,76,static,0,0.282446000,1.608887000,264,270336,50.115087808337850
0,1024,2,76,temporal,1,0.237098000,1.542166000,28,28672,50.115087808337850
0,1024,2,77,temporal,0,0.238650000,1.801207000,28,28672,-148.03951139955250
0,1024,2,77,static,1,0.341405000,1.967779000,266,272384,-148.03951139955250
0,1024,2,78,static,0,0.427525000,1.961459000,264,270336,180.14316171883715
0,1024,2,78,temporal,1,0.279441000,1.699624000,28,28672,180.14316171883715
0,1024,2,79,temporal,0,0.239701000,1.601295000,28,28672,128.65089551120406
0,1024,2,79,static,1,0.282006000,1.709449000,265,271360,128.65089551120406
0,1024,2,80,static,0,0.308405000,1.695297000,264,270336,200.70884482753613
0,1024,2,80,temporal,1,0.250467000,1.628937000,28,28672,200.70884482753613
0,1024,2,81,temporal,0,0.248434000,1.668186000,28,28672,200.01094614660138
0,1024,2,81,static,1,0.360354000,1.797852000,263,269312,200.01094614660138
0,1024,2,82,static,0,0.258310000,1.783922000,264,270336,21.559759959114930
0,1024,2,82,temporal,1,0.240162000,1.735468000,28,28672,21.559759959114930
0,1024,2,83,temporal,0,0.234113000,1.616188000,28,28672,-116.45233458778668
0,1024,2,83,static,1,0.295626000,1.576148000,264,270336,-116.45233458778668
0,1024,2,84,static,0,0.245070000,1.581886000,265,271360,-209.83860533345670
0,1024,2,84,temporal,1,0.252131000,1.580154000,28,28672,-209.83860533345670
0,1024,2,85,temporal,0,0.221314000,1.525942000,27,27648,214.58376150522090
0,1024,2,85,static,1,0.250398000,1.585442000,264,270336,214.58376150522090
0,1024,2,86,static,0,0.282947000,1.545341000,265,271360,-30.808078623033840
0,1024,2,86,temporal,1,0.214874000,1.490698000,28,28672,-30.808078623033840
0,1024,2,87,temporal,0,0.214514000,1.611311000,28,28672,-194.56435676732488
0,1024,2,87,static,1,0.267814000,1.646033000,264,270336,-194.56435676732488
0,1024,2,88,static,0,0.251239000,1.700425000,264,270336,-224.09287444088040
0,1024,2,88,temporal,1,0.278951000,2.156744000,28,28672,-224.09287444088040
0,1024,2,89,temporal,0,0.283117000,1.646864000,28,28672,70.546393270041970
0,1024,2,89,static,1,0.259331000,1.755318000,266,272384,70.546393270041970
0,1024,2,90,static,0,0.263818000,1.823371000,264,270336,-171.10008860916074
0,1024,2,90,temporal,1,0.245981000,1.597860000,28,28672,-171.10008860916074
0,1024,2,91,temporal,0,0.306342000,1.658221000,28,28672,-244.12486183751554
0,1024,2,91,static,1,0.278050000,1.627255000,262,268288,-244.12486183751554
0,1024,2,92,static,0,0.467656000,2.006737000,264,270336,189.39472496065642
0,1024,2,92,temporal,1,0.240333000,1.655728000,28,28672,189.39472496065642
0,1024,2,93,temporal,0,0.245881000,1.757641000,28,28672,-150.36999562468012
0,1024,2,93,static,1,0.271440000,1.874508000,265,271360,-150.36999562468012
0,1024,2,94,static,0,0.277239000,1.732053000,264,270336,-241.00018021971604
0,1024,2,94,temporal,1,0.237979000,1.607094000,28,28672,-241.00018021971604
0,1024,2,95,temporal,0,0.270929000,1.633074000,27,27648,-104.60858404404783
0,1024,2,95,static,1,0.258881000,1.637691000,262,268288,-104.60858404404783
0,1024,2,96,static,0,0.258320000,1.661867000,263,269312,200.01094614660138
0,1024,2,96,temporal,1,0.248264000,1.619683000,28,28672,200.01094614660138
0,1024,2,97,temporal,0,0.218320000,1.604211000,28,28672,-40.414158395613810
0,1024,2,97,static,1,0.271660000,1.643810000,265,271360,-40.414158395613810
0,1024,2,98,static,0,0.267644000,1.629639000,266,272384,180.33541434920647
0,1024,2,98,temporal,1,0.404250000,1.851153000,28,28672,180.33541434920647
0,1024,2,99,temporal,0,0.229787000,1.814458000,28,28672,111.87570076470670
0,1024,2,99,static,1,0.277418000,1.756360000,265,271360,111.87570076470670
0,1024,2,100,static,0,0.305681000,1.776519000,265,271360,85.175091146783130
0,1024,2,100,temporal,1,0.242465000,1.616328000,28,28672,85.175091146783130
0,1024,2,101,temporal,0,0.223137000,1.493183000,28,28672,-212.30089206422673
0,1024,2,101,static,1,0.287614000,1.559472000,266,272384,-212.30089206422673
0,1024,2,102,static,0,0.251370000,1.514205000,264,270336,243.35855270289875
0,1024,2,102,temporal,1,0.242225000,1.501274000,28,28672,243.35855270289875
0,1024,2,103,temporal,0,0.215856000,1.566964000,28,28672,-248.15025138891033
0,1024,2,103,static,1,0.283158000,1.656229000,264,270336,-248.15025138891033
0,1024,2,104,static,0,0.245691000,1.757762000,265,271360,-62.758357208306800
0,1024,2,104,temporal,1,0.259742000,1.540684000,28,28672,-62.758357208306800
0,1024,2,105,temporal,0,0.314625000,1.685493000,27,27648,-20.650530169564960
0,1024,2,105,static,1,0.265621000,1.633014000,262,268288,-20.650530169564960
0,1024,2,106,static,0,0.251680000,1.553033000,266,272384,-47.955493978439414
0,1024,2,106,temporal,1,0.271810000,1.547815000,28,28672,-47.955493978439414
0,1024,2,107,temporal,0,0.215815000,1.650069000,28,28672,236.65753548174519
0,1024,2,107,static,1,0.275115000,1.729399000,263,269312,236.65753548174519
0,1024,2,108,static,0,0.316508000,1.724351000,266,272384,63.020349182705250
0,1024,2,108,temporal,1,0.234583000,1.729308000,28,28672,63.020349182705250
0,1024,2,109,temporal,0,0.236357000,1.521996000,28,28672,44.448273279082330
0,1024,2,109,static,1,0.313473000,1.625472000,264,270336,44.448273279082330
0,1024,2,110,static,0,0.263287000,1.604941000,266,272384,238.70039771197023
0,1024,2,110,temporal,1,0.243667000,1.587465000,28,28672,238.70039771197023
0,1024,2,111,temporal,0,0.251049000,1.705513000,28,28672,8.4948314872113480
0,1024,2,111,static,1,0.275626000,1.761638000,264,270336,8.4948314872113480
0,1024,2,112,static,0,0.262896000,1.598241000,264,270336,46.727888682414490
0,1024,2,112,temporal,1,0.213622000,1.545271000,28,28672,46.727888682414490
0,1024,2,113,temporal,0,0.421145000,2.052897000,28,28672,-208.16425599330378
0,1024,2,113,static,1,0.289637000,1.763781000,266,272384,-208.16425599330378
0,1024,2,114,static,0,0.260132000,1.720766000,264,270336,176.03071251103685
0,1024,2,114,temporal,1,0.292661000,1.635678000,28,28672,176.03071251103685
0,1024,2,115,temporal,0,0.215936000,1.668127000,28,28672,37.278199035835090
0,1024,2,115,static,1,0.262777000,1.693695000,263,269312,37.278199035835090
0,1024,2,116,static,0,0.306262000,1.654606000,265,271360,184.02717511494836
0,1024,2,116,temporal,1,0.227954000,1.738543000,28,28672,184.02717511494836
0,1024,2,117,temporal,0,0.238900000,1.656940000,28,28672,148.71129491535748
0,1024,2,117,static,1,0.292892000,1.867928000,264,270336,148.71129491535748
0,1024,2,118,static,0,0.372341000,1.908098000,265,271360,12.339575623690260
0,1024,2,118,temporal,1,0.277318000,1.572322000,28,28672,12.339575623690260
0,1024,2,119,temporal,0,0.238029000,1.515346000,28,28672,6.4132991869145770
0,1024,2,119,static,1,0.272882000,1.565001000,266,272384,6.4132991869145770
0,1024,3,0,temporal,0,0.214754000,1.771102000,28,28672,211.65026870993768
0,1024,3,0,static,1,0.283397000,1.570849000,267,273408,211.65026870993768
0,1024,3,1,static,0,0.280093000,1.610510000,263,269312,84.598133341991660
0,1024,3,1,temporal,1,0.234443000,1.537770000,28,28672,84.598133341991660
0,1024,3,2,temporal,0,0.236637000,1.528747000,28,28672,75.756681783698650
0,1024,3,2,static,1,0.269126000,1.608086000,264,270336,75.756681783698650
0,1024,3,3,static,0,0.252521000,1.538792000,264,270336,216.27396047811732
0,1024,3,3,temporal,1,0.232020000,1.564681000,28,28672,216.27396047811732
0,1024,3,4,temporal,0,0.216978000,1.582007000,28,28672,104.94577437297505
0,1024,3,4,static,1,0.277489000,1.632974000,263,269312,104.94577437297505
0,1024,3,5,static,0,0.239741000,1.615347000,265,271360,-245.69267172972900
0,1024,3,5,temporal,1,0.217328000,1.562287000,28,28672,-245.69267172972900
0,1024,3,6,temporal,0,0.223728000,1.503479000,28,28672,244.04757627144556
0,1024,3,6,static,1,0.257028000,1.500844000,264,270336,244.04757627144556
0,1024,3,7,static,0,0.248826000,1.504850000,266,272384,204.17151089644406
0,1024,3,7,temporal,1,0.219932000,1.490979000,28,28672,204.17151089644406
0,1024,3,8,temporal,0,0.216076000,1.527895000,28,28672,95.090103221987890
0,1024,3,8,static,1,0.244940000,1.539603000,263,269312,95.090103221987890
0,1024,3,9,static,0,0.510370000,1.812304000,263,269312,-93.298557088524050
0,1024,3,9,temporal,1,0.302506000,1.689719000,28,28672,-93.298557088524050
0,1024,3,10,temporal,0,0.228364000,1.589077000,28,28672,28.213065835549102
0,1024,3,10,static,1,0.272992000,1.610379000,266,272384,28.213065835549102
0,1024,3,11,static,0,0.341816000,1.752033000,266,272384,171.93242108524834
0,1024,3,11,temporal,1,0.274464000,1.596408000,28,28672,171.93242108524834
0,1024,3,12,temporal,0,0.288776000,5.366426000,28,28672,199.06933305581165
0,1024,3,12,static,1,0.524631000,2.330466000,266,272384,199.06933305581165
0,1024,3,13,static,0,0.492863000,1.840036000,265,271360,192.70992264232905
0,1024,3,13,temporal,1,0.420945000,1.743911000,28,28672,192.70992264232905
0,1024,3,14,temporal,0,0.309878000,1.732394000,28,28672,240.49179785010534
0,1024,3,14,static,1,0.303578000,1.583969000,266,272384,240.49179785010534
0,1024,3,15,static,0,0.277398000,1.681446000,266,272384,226.21612431199827
0,1024,3,15,temporal,1,0.238139000,1.524790000,28,28672,226.21612431199827
0,1024,3,16,temporal,0,0.264339000,1.526624000,28,28672,183.04488421560890
0,1024,3,16,static,1,0.278129000,2.109132000,264,270336,183.04488421560890
0,1024,3,17,static,0,0.352532000,1.726384000,265,271360,-183.19300173568055
0,1024,3,17,temporal,1,0.316187000,1.995430000,28,28672,-183.19300173568055
0,1024,3,18,temporal,0,0.253502000,1.647585000,28,28672,181.61971781066820
0,1024,3,18,static,1,0.299262000,1.795589000,264,270336,181.61971781066820
0,1024,3,19,static,0,0.262516000,1.736430000,263,269312,104.94577437297505
0,1024,3,19,temporal,1,0.254654000,1.656399000,28,28672,104.94577437297505
0,1024,3,20,temporal,0,0.221884000,1.528205000,28,28672,-92.953639596478840
0,1024,3,20,static,1,0.298230000,1.981018000,264,270336,-92.953639596478840
0,1024,3,21,static,0,0.290749000,1.775889000,265,271360,-102.51322137022042
0,1024,3,21,temporal,1,0.309567000,1.877723000,28,28672,-102.51322137022042
0,1024,3,22,temporal,0,0.239341000,1.743230000,28,28672,215.55334566816420
0,1024,3,22,static,1,0.295636000,1.631651000,263,269312,215.55334566816420
0,1024,3,23,static,0,0.274624000,1.749489000,266,272384,118.79244189293710
0,1024,3,23,temporal,1,0.234854000,1.737220000,28,28672,118.79244189293710
0,1024,3,24,temporal,0,0.251760000,1.693826000,28,28672,-239.78790164809388
0,1024,3,24,static,1,0.285922000,1.712634000,264,270336,-239.78790164809388
0,1024,3,25,static,0,0.281144000,1.708668000,266,272384,-162.72987163086256
0,1024,3,25,temporal,1,0.244189000,1.666955000,28,28672,-162.72987163086256
0,1024,3,26,temporal,0,0.230108000,1.690120000,28,28672,-71.405114426621900
0,1024,3,26,static,1,0.318360000,1.821798000,264,270336,-71.405114426621900
0,1024,3,27,static,0,0.275736000,1.786826000,265,271360,200.70826276943590
0,1024,3,27,temporal,1,0.239892000,1.726635000,28,28672,200.70826276943590
0,1024,3,28,temporal,0,0.227954000,1.784692000,28,28672,107.67974183222937
0,1024,3,28,static,1,0.505613000,1.898865000,265,271360,107.67974183222937
0,1024,3,29,static,0,0.346333000,1.726315000,266,272384,227.95603049826082
0,1024,3,29,temporal,1,0.241855000,1.576388000,28,28672,227.95603049826082
0,1024,3,30,temporal,0,0.234214000,1.823892000,28,28672,-209.75561475066672
0,1024,3,30,static,1,0.282346000,1.579824000,266,272384,-209.75561475066672
0,1024,3,31,static,0,0.248846000,1.786626000,264,270336,-72.996220255787110
0,1024,3,31,temporal,1,0.238610000,1.685202000,28,28672,-72.996220255787110
0,1024,3,32,temporal,0,0.232691000,1.495236000,28,28672,-183.15364848359644
0,1024,3,32,static,1,0.256056000,1.607485000,264,270336,-183.15364848359644
0,1024,3,33,static,0,0.344880000,1.702168000,265,271360,142.48275965496070
0,1024,3,33,temporal,1,0.305922000,1.619313000,28,28672,142.48275965496070
0,1024,3,34,temporal,0,0.298861000,1.745023000,28,28672,-56.051668283040430
0,1024,3,34,static,1,0.273894000,1.660265000,266,272384,-56.051668283040430
0,1024,3,35,static,0,0.258630000,1.703930000,264,270336,-148.20891819554328
0,1024,3,35,temporal,1,0.322387000,1.592703000,28,28672,-148.20891819554328
0,1024,3,36,temporal,0,0.222014000,1.550018000,28,28672,150.28682730472144
0,1024,3,36,static,1,0.269877000,1.812414000,263,269312,150.28682730472144
0,1024,3,37,static,0,0.307895000,1.779785000,262,268288,73.996079792846560
0,1024,3,37,temporal,1,0.262416000,1.808799000,28,28672,73.996079792846560
0,1024,3,38,temporal,0,0.301354000,1.759003000,27,27648,186.79309383538100
0,1024,3,38,static,1,0.271179000,2.692342000,265,271360,186.79309383538100
0,1024,3,39,static,0,0.327043000,1.816440000,264,270336,202.09564153434496
0,1024,3,39,temporal,1,0.877183000,3.021268000,28,28672,202.09564153434496
0,1024,3,40,temporal,0,0.333773000,2.161591000,28,28672,-128.32770411107242
0,1024,3,40,static,1,0.488547000,2.181271000,266,272384,-128.32770411107242
0,1024,3,41,static,0,0.273322000,1.653584000,264,270336,179.46705042906340
0,1024,3,41,temporal,1,0.294024000,1.664732000,28,28672,179.46705042906340
0,1024,3,42,temporal,0,0.225329000,1.526202000,28,28672,68.661101701511240
0,1024,3,42,static,1,0.255085000,1.549648000,264,270336,68.661101701511240
0,1024,3,43,static,0,0.296458000,1.678122000,265,271360,-205.90709364523275
0,1024,3,43,temporal,1,0.215725000,1.576138000,28,28672,-205.90709364523275
0,1024,3,44,temporal,0,0.247603000,1.519021000,28,28672,-121.22464706111171
0,1024,3,44,static,1,0.280172000,1.717441000,265,271360,-121.22464706111171
0,1024,3,45,static,0,0.282936000,1.780906000,265,271360,59.469535280601960
0,1024,3,45,temporal,1,0.299893000,1.676179000,28,28672,59.469535280601960
0,1024,3,46,temporal,0,0.238199000,1.656609000,28,28672,-128.32770411107242
0,1024,3,46,static,1,0.320834000,1.621977000,266,272384,-128.32770411107242
0,1024,3,47,static,0,0.277629000,1.629569000,263,269312,92.478829952913290
0,1024,3,47,temporal,1,0.232901000,1.547094000,28,28672,92.478829952913290
0,1024,3,48,temporal,0,0.234094000,1.567836000,28,28672,-178.32750124286713
0,1024,3,48,static,1,0.285511000,1.649769000,266,272384,-178.32750124286713
0,1024,3,49,static,0,0.260382000,1.626644000,262,268288,-96.783270321737460
0,1024,3,49,temporal,1,0.233522000,1.654326000,28,28672,-96.783270321737460
0,1024,3,50,temporal,0,0.236006000,1.634015000,28,28672,-156.94455789096065
0,1024,3,50,static,1,0.315206000,1.599293000,265,271360,-156.94455789096065
0,1024,3,51,static,0,0.282796000,1.640334000,264,270336,102.52532823200147
0,1024,3,51,temporal,1,0.246021000,1.608948000,28,28672,102.52532823200147
0,1024,3,52,temporal,0,0.210137000,1.548265000,28,28672,194.08712225535760
0,1024,3,52,static,1,0.346814000,1.656850000,263,269312,194.08712225535760
0,1024,3,53,static,0,0.266111000,1.645312000,265,271360,-186.73007354931232
0,1024,3,53,temporal,1,0.242146000,1.653976000,28,28672,-186.73007354931232
0,1024,3,54,temporal,0,0.228865000,1.852444000,28,28672,154.00453455512698
0,1024,3,54,static,1,0.291860000,1.863020000,265,271360,154.00453455512698
0,1024,3,55,static,0,0.435577000,2.117824000,263,269312,-196.97926340722103
0,1024,3,55,temporal,1,0.270999000,1.595587000,28,28672,-196.97926340722103
0,1024,3,56,temporal,0,0.227974000,1.631301000,28,28672,-46.041117476970946
0,1024,3,56,static,1,0.314474000,1.708788000,263,269312,-46.041117476970946
0,1024,3,57,static,0,0.260303000,1.628076000,267,273408,106.95667629163562
0,1024,3,57,temporal,1,0.240503000,1.714026000,28,28672,106.95667629163562
0,1024,3,58,temporal,0,0.269587000,1.552893000,28,28672,109.24553291976748
0,1024,3,58,static,1,0.264229000,1.582588000,263,269312,109.24553291976748
0,1024,3,59,static,0,0.522538000,1.855600000,266,272384,-179.70402551513564
0,1024,3,59,temporal,1,0.387485000,1.873727000,28,28672,-179.70402551513564
0,1024,3,60,temporal,0,0.379653000,1.791293000,28,28672,184.30456222609754
0,1024,3,60,static,1,0.348937000,1.731983000,266,272384,184.30456222609754
0,1024,3,61,static,0,0.265340000,1.745714000,264,270336,159.04377817069310
0,1024,3,61,temporal,1,0.251019000,1.656168000,28,28672,159.04377817069310
0,1024,3,62,temporal,0,0.243498000,1.527385000,28,28672,-17.258393532800444
0,1024,3,62,static,1,0.251009000,1.507935000,265,271360,-17.258393532800444
0,1024,3,63,static,0,0.355266000,1.847808000,266,272384,157.29917554627954
0,1024,3,63,temporal,1,0.510871000,2.846384000,28,28672,157.29917554627954
0,1024,3,64,temporal,0,0.979708000,2.603949000,28,28672,-242.12169445912070
0,1024,3,64,static,1,0.382547000,2.144595000,264,270336,-242.12169445912070
0,1024,3,65,static,0,0.355476000,1.864122000,263,269312,-201.79577565803004
0,1024,3,65,temporal,1,0.271910000,1.586974000,28,28672,-201.79577565803004
0,1024,3,66,temporal,0,0.314034000,1.618622000,28,28672,-116.45233458778668
0,1024,3,66,static,1,0.265431000,1.576899000,264,270336,-116.45233458778668
0,1024,3,67,static,0,0.256888000,1.578401000,263,269312,87.625619565982530
0,1024,3,67,temporal,1,0.272752000,1.754607000,28,28672,87.625619565982530
0,1024,3,68,temporal,0,0.238870000,1.687656000,28,28672,-247.88778815770874
0,1024,3,68,static,1,0.292982000,1.670199000,265,271360,-247.88778815770874
0,1024,3,69,static,0,0.327474000,1.617851000,264,270336,241.89143095942111
0,1024,3,69,temporal,1,0.231790000,1.500113000,28,28672,241.89143095942111
0,1024,3,70,temporal,0,0.216026000,1.574004000,28,28672,-65.851041453540420
0,1024,3,70,static,1,0.274624000,1.586764000,266,272384,-65.851041453540420
0,1024,3,71,static,0,0.252070000,1.578922000,265,271360,151.51042580244004
0,1024,3,71,temporal,1,0.241464000,1.585793000,28,28672,151.51042580244004
0,1024,3,72,temporal,0,0.224108000,1.601476000,28,28672,180.14316171883715
0,1024,3,72,static,1,0.256237000,1.608887000,264,270336,180.14316171883715
0,1024,3,73,static,0,0.257168000,1.637541000,263,269312,-100.70434183975593
0,1024,3,73,temporal,1,0.231860000,1.690700000,28,28672,-100.70434183975593
0,1024,3,74,temporal,0,0.232811000,2.194901000,28,28672,-96.783270321737460
0,1024,3,74,static,1,0.324961000,1.930753000,262,268288,-96.783270321737460
0,1024,3,75,static,0,0.290178000,1.667906000,264,270336,-211.37614740806515
0,1024,3,75,temporal,1,0.304980000,1.674526000,28,28672,-211.37614740806515
0,1024,3,76,temporal,0,0.235175000,1.587916000,28,28672,50.115087808337850
0,1024,3,76,static,1,0.278911000,1.578231000,264,270336,50.115087808337850
0,1024,3,77,static,0,0.253733000,1.572212000,266,272384,-148.03951139955250
0,1024,3,77,temporal,1,0.229066000,1.546984000,28,28672,-148.03951139955250
0,1024,3,78,temporal,0,0.235425000,1.650740000,28,28672,180.14316171883715
0,1024,3,78,static,1,0.268135000,1.859035000,264,270336,180.14316171883715
0,1024,3,79,static,0,0.268234000,1.607254000,265,271360,128.65089551120406
0,1024,3,79,temporal,1,0.288395000,1.660065000,28,28672,128.65089551120406
0,1024,3,80,temporal,0,0.222666000,1.644892000,28,28672,200.70884482753613
0,1024,3,80,static,1,0.269426000,1.690941000,264,270336,200.70884482753613
0,1024,3,81,static,0,0.260423000,1.905425000,263,269312,200.01094614660138
0,1024,3,81,temporal,1,0.282456000,1.809600000,28,28672,200.01094614660138
0,1024,3,82,temporal,0,0.379032000,1.960889000,28,28672,21.559759959114930
0,1024,3,82,static,1,0.338901000,1.901218000,264,270336,21.559759959114930
0,1024,3,83,static,0,0.434255000,1.796200000,264,270336,-116.45233458778668
0,1024,3,83,temporal,1,0.252952000,1.999837000,28,28672,-116.45233458778668
0,1024,3,84,temporal,0,0.243798000,1.720976000,28,28672,-209.83860533345670
0,1024,3,84,static,1,0.293022000,1.758173000,265,271360,-209.83860533345670
0,1024,3,85,static,0,1.042763000,2.573703000,264,270336,214.58376150522090
0,1024,3,85,temporal,1,0.712455000,2.112447000,27,27648,214.58376150522090
0,1024,3,86,temporal,0,0.289887000,2.679512000,28,28672,-30.808078623033840
0,1024,3,86,static,1,0.366563000,3.550547000,265,271360,-30.808078623033840
0,1024,3,87,static,0,0.413634000,2.181551000,264,270336,-194.56435676732488
0,1024,3,87,temporal,1,0.373023000,1.911904000,28,28672,-194.56435676732488
0,1024,3,88,temporal,0,0.258800000,1.585091000,28,28672,-224.09287444088040
0,1024,3,88,static,1,0.362847000,1.994589000,264,270336,-224.09287444088040
0,1024,3,89,static,0,0.333083000,1.691112000,266,272384,70.546393270041970
0,1024,3,89,temporal,1,0.255825000,1.855679000,28,28672,70.546393270041970
0,1024,3,90,temporal,0,0.242947000,1.615677000,28,28672,-171.10008860916074
0,1024,3,90,static,1,0.339092000,1.893146000,264,270336,-171.10008860916074
0,1024,3,91,static,0,0.418872000,1.786154000,262,268288,-244.12486183751554
0,1024,3,91,temporal,1,0.246131000,1.582548000,28,28672,-244.12486183751554
0,1024,3,92,temporal,0,0.228454000,2.005215000,28,28672,189.39472496065642
0,1024,3,92,static,1,0.303348000,1.876261000,264,270336,189.39472496065642
0,1024,3,93,static,0,0.271179000,1.885174000,265,271360,-150.36999562468012
0,1024,3,93,temporal,1,0.304669000,1.755999000,28,28672,-150.36999562468012
0,1024,3,94,temporal,0,0.481306000,1.975941000,28,28672,-241.00018021971604
0,1024,3,94,static,1,0.374705000,1.781217000,264,270336,-241.00018021971604
0,1024,3,95,static,0,0.259421000,1.773826000,262,268288,-104.60858404404783
0,1024,3,95,temporal,1,0.254454000,1.661917000,27,27648,-104.60858404404783
0,1024,3,96,temporal,0,0.232300000,1.718563000,28,28672,200.01094614660138
0,1024,3,96,static,1,0.322237000,1.809070000,263,269312,200.01094614660138
0,1024,3,97,static,0,0.268265000,1.678793000,265,271360,-40.414158395613810
0,1024,3,97,temporal,1,0.235355000,1.722949000,28,28672,-40.414158395613810
0,1024,3,98,temporal,0,0.288976000,1.681547000,28,28672,180.33541434920647
0,1024,3,98,static,1,0.283507000,1.741767000,266,272384,180.33541434920647
0,1024,3,99,static,0,0.270308000,1.671712000,265,271360,111.87570076470670
0,1024,3,99,temporal,1,0.223006000,1.780035000,28,28672,111.87570076470670
0,1024,3,100,temporal,0,0.290748000,1.651391000,28,28672,85.175091146783130
0,1024,3,100,static,1,0.260513000,1.750821000,265,271360,85.175091146783130
0,1024,3,101,static,0,0.266011000,1.768568000,266,272384,-212.30089206422673
0,1024,3,101,temporal,1,0.249226000,1.671802000,28,28672,-212.30089206422673
0,1024,3,102,temporal,0,0.271119000,1.638001000,28,28672,243.35855270289875
0,1024,3,102,static,1,0.279131000,1.586594000,264,270336,243.35855270289875
0,1024,3,103,static,0,0.261675000,1.755659000,264,270336,-248.15025138891033
0,1024,3,103,temporal,1,0.299402000,1.663069000,28,28672,-248.15025138891033
0,1024,3,104,temporal,0,0.233633000,1.467024000,28,28672,-62.758357208306800
0,1024,3,104,static,1,0.255716000,1.547344000,265,271360,-62.758357208306800
0,1024,3,105,static,0,0.258791000,1.667596000,262,268288,-20.650530169564960
0,1024,3,105,temporal,1,0.256287000,1.764542000,27,27648,-20.650530169564960
0,1024,3,106,temporal,0,0.357570000,1.670881000,28,28672,-47.955493978439414
0,1024,3,106,static,1,0.269877000,1.653745000,266,272384,-47.955493978439414
0,1024,3,107,static,0,0.266632000,1.532301000,263,269312,236.65753548174519
0,1024,3,107,temporal,1,0.246842000,1.506893000,28,28672,236.65753548174519
0,1024,3,108,temporal,0,0.218790000,1.710110000,28,28672,63.020349182705250
0,1024,3,108,static,1,0.418331000,1.954889000,266,272384,63.020349182705250
0,1024,3,109,static,0,0.383679000,1.905644000,264,270336,44.448273279082330
0,1024,3,109,temporal,1,0.276518000,1.763381000,28,28672,44.448273279082330
0,1024,3,110,temporal,0,0.272661000,1.649468000,28,28672,238.70039771197023
0,1024,3,110,static,1,0.363178000,1.669528000,266,272384,238.70039771197023
0,1024,3,111,static,0,0.276227000,1.880187000,264,270336,8.4948314872113480
0,1024,3,111,temporal,1,0.242756000,1.929721000,28,28672,8.4948314872113480
0,1024,3,112,temporal,0,0.297589000,1.803340000,28,28672,46.727888682414490
0,1024,3,112,static,1,0.317198000,1.663820000,264,270336,46.727888682414490
0,1024,3,113,static,0,0.252471000,1.870692000,266,272384,-208.16425599330378
0,1024,3,113,temporal,1,0.258029000,1.647395000,28,28672,-208.16425599330378
0,1024,3,114,temporal,0,0.239622000,1.642458000,28,28672,176.03071251103685
0,1024,3,114,static,1,0.273603000,1.900217000,264,270336,176.03071251103685
0,1024,3,115,static,0,0.280544000,1.698983000,263,269312,37.278199035835090
0,1024,3,115,temporal,1,0.246192000,1.996242000,28,28672,37.278199035835090
0,1024,3,116,temporal,0,0.244189000,1.550660000,28,28672,184.02717511494836
0,1024,3,116,static,1,0.312271000,1.745333000,265,271360,184.02717511494836
0,1024,3,117,static,0,0.267314000,1.853156000,264,270336,148.71129491535748
0,1024,3,117,temporal,1,0.440935000,1.984664000,28,28672,148.71129491535748
0,1024,3,118,temporal,0,0.236807000,1.753024000,28,28672,12.339575623690260
0,1024,3,118,static,1,0.276918000,1.814227000,265,271360,12.339575623690260
0,1024,3,119,static,0,0.345541000,1.744892000,266,272384,6.4132991869145770
0,1024,3,119,temporal,1,0.317309000,1.603550000,28,28672,6.4132991869145770
1,1024,0,0,static,0,0.274524000,1.599803000,267,273408,211.65026870993768
1,1024,0,0,temporal,1,0.293242000,1.543759000,28,28672,211.65026870993768
1,1024,0,1,temporal,0,0.215545000,1.482997000,28,28672,84.598133341991660
1,1024,0,1,static,1,0.261244000,1.552793000,263,269312,84.598133341991660
1,1024,0,2,static,0,0.249196000,1.577380000,264,270336,75.756681783698650
1,1024,0,2,temporal,1,0.209516000,1.499282000,28,28672,75.756681783698650
1,1024,0,3,temporal,0,0.211870000,1.510088000,28,28672,216.27396047811732
1,1024,0,3,static,1,0.249366000,1.526533000,264,270336,216.27396047811732
1,1024,0,4,static,0,0.241084000,1.855620000,263,269312,104.94577437297505
1,1024,0,4,temporal,1,0.231209000,1.716169000,28,28672,104.94577437297505
1,1024,0,5,temporal,0,0.227783000,1.588356000,28,28672,-245.69267172972900
1,1024,0,5,static,1,0.292000000,1.632102000,265,271360,-245.69267172972900
1,1024,0,6,static,0,0.249136000,1.478971000,264,270336,244.04757627144556
1,1024,0,6,temporal,1,0.241394000,1.677691000,28,28672,244.04757627144556
1,1024,0,7,temporal,0,0.232030000,1.490870000,28,28672,204.17151089644406
1,1024,0,7,static,1,0.254474000,1.548005000,266,272384,204.17151089644406
1,1024,0,8,static,0,0.257559000,1.655378000,263,269312,95.090103221987890
1,1024,0,8,temporal,1,0.223518000,1.486964000,28,28672,95.090103221987890
1,1024,0,9,temporal,0,0.314414000,1.832925000,28,28672,-93.298557088524050
1,1024,0,9,static,1,0.309006000,1.627725000,263,269312,-93.298557088524050
1,1024,0,10,static,0,0.258740000,1.662648000,266,272384,28.213065835549102
1,1024,0,10,temporal,1,0.246963000,1.595397000,28,28672,28.213065835549102
1,1024,0,11,temporal,0,0.214734000,1.523218000,28,28672,171.93242108524834
1,1024,0,11,static,1,0.283908000,1.591261000,266,272384,171.93242108524834
1,1024,0,12,static,0,0.296828000,1.658492000,266,272384,199.06933305581165
1,1024,0,12,temporal,1,0.227944000,1.604550000,28,28672,199.06933305581165
1,1024,0,13,temporal,0,0.249586000,1.537279000,28,28672,192.70992264232905
1,1024,0,13,static,1,0.257538000,1.564931000,265,271360,192.70992264232905
1,1024,0,14,static,0,0.244950000,1.501325000,266,272384,240.49179785010534
1,1024,0,14,temporal,1,0.237869000,1.829781000,28,28672,240.49179785010534
1,1024,0,15,temporal,0,0.239942000,1.616298000,28,28672,226.21612431199827
1,1024,0,15,static,1,0.288996000,1.571001000,266,272384,226.21612431199827
1,1024,0,16,static,0,0.290257000,1.642778000,264,270336,183.04488421560890
1,1024,0,16,temporal,1,0.238259000,1.501425000,28,28672,183.04488421560890
1,1024,0,17,temporal,0,0.245060000,1.519953000,28,28672,-183.19300173568055
1,1024,0,17,static,1,0.274374000,1.582137000,265,271360,-183.19300173568055
1,1024,0,18,static,0,0.260643000,1.641296000,264,270336,181.61971781066820
1,1024,0,18,temporal,1,0.381316000,1.709520000,28,28672,181.61971781066820
1,1024,0,19,temporal,0,0.229096000,1.630400000,28,28672,104.94577437297505
1,1024,0,19,static,1,0.271520000,1.726645000,263,269312,104.94577437297505
1,1024,0,20,static,0,0.294644000,1.813576000,264,270336,-92.953639596478840
1,1024,0,20,temporal,1,0.245460000,1.523128000,28,28672,-92.953639596478840
1,1024,0,21,temporal,0,0.214634000,1.470708000,28,28672,-102.51322137022042
1,1024,0,21,static,1,0.284550000,1.661878000,265,271360,-102.51322137022042
1,1024,0,22,static,0,0.257969000,1.849900000,263,269312,215.55334566816420
1,1024,0,22,temporal,1,0.250919000,1.731783000,28,28672,215.55334566816420
1,1024,0,23,temporal,0,0.264769000,1.724421000,28,28672,118.79244189293710
1,1024,0,23,static,1,0.277769000,1.752995000,266,272384,118.79244189293710
1,1024,0,24,static,0,0.261785000,1.643109000,264,270336,-239.78790164809388
1,1024,0,24,temporal,1,0.226121000,1.583018000,28,28672,-239.78790164809388
1,1024,0,25,temporal,0,0.213231000,1.560544000,28,28672,-162.72987163086256
1,1024,0,25,static,1,0.250097000,1.538190000,266,272384,-162.72987163086256
1,1024,0,26,static,0,0.270287000,1.509337000,264,270336,-71.405114426621900
1,1024,0,26,temporal,1,0.222085000,1.434915000,28,28672,-71.405114426621900
1,1024,0,27,temporal,0,0.213212000,1.597951000,28,28672,200.70826276943590
1,1024,0,27,static,1,0.258360000,1.649328000,265,271360,200.70826276943590
1,1024,0,28,static,0,0.248175000,1.530349000,265,271360,107.67974183222937
1,1024,0,28,temporal,1,0.214293000,1.888339000,28,28672,107.67974183222937
1,1024,0,29,temporal,0,0.241424000,1.844102000,28,28672,227.95603049826082
1,1024,0,29,static,1,0.267223000,1.561505000,266,272384,227.95603049826082
1,1024,0,30,static,0,0.323979000,1.735278000,266,272384,-209.75561475066672
1,1024,0,30,temporal,1,0.236476000,1.570549000,28,28672,-209.75561475066672
1,1024,0,31,temporal,0,0.219561000,1.612242000,28,28672,-72.996220255787110
1,1024,0,31,static,1,0.273803000,1.827677000,264,270336,-72.996220255787110
1,1024,0,32,static,0,0.263657000,1.585862000,264,270336,-183.15364848359644
1,1024,0,32,temporal,1,0.225921000,1.481255000,28,28672,-183.15364848359644
1,1024,0,33,temporal,0,0.232661000,1.516408000,28,28672,142.48275965496070
1,1024,0,33,static,1,0.249046000,1.539793000,265,271360,142.48275965496070
1,1024,0,34,static,0,0.265721000,1.658542000,266,272384,-56.051668283040430
1,1024,0,34,temporal,1,0.233151000,1.512702000,28,28672,-56.051668283040430
1,1024,0,35,temporal,0,0.233442000,1.557720000,28,28672,-148.20891819554328
1,1024,0,35,static,1,0.277709000,1.615117000,264,270336,-148.20891819554328
1,1024,0,36,static,0,0.260263000,1.626123000,263,269312,150.28682730472144
1,1024,0,36,temporal,1,0.232631000,1.657020000,28,28672,150.28682730472144
1,1024,0,37,temporal,0,0.230829000,1.739695000,28,28672,73.996079792846560
1,1024,0,37,static,1,0.311219000,1.605852000,262,268288,73.996079792846560
1,1024,0,38,static,0,0.272721000,1.666003000,265,271360,186.79309383538100
1,1024,0,38,temporal,1,0.247613000,1.719554000,27,27648,186.79309383538100
1,1024,0,39,temporal,0,0.227754000,1.599263000,28,28672,202.09564153434496
1,1024,0,39,static,1,0.331701000,1.801538000,264,270336,202.09564153434496
1,1024,0,40,static,0,0.320854000,1.647426000,266,272384,-128.32770411107242
1,1024,0,40,temporal,1,0.254804000,1.520504000,28,28672,-128.32770411107242
1,1024,0,41,temporal,0,0.254123000,1.584580000,28,28672,179.46705042906340
1,1024,0,41,static,1,0.285731000,1.710951000,264,270336,179.46705042906340
1,1024,0,42,static,0,0.264169000,1.614305000,264,270336,68.661101701511240
1,1024,0,42,temporal,1,0.265911000,1.547334000,28,28672,68.661101701511240
1,1024,0,43,temporal,0,0.216757000,2.006947000,28,28672,-205.90709364523275
1,1024,0,43,static,1,0.284098000,1.874788000,265,271360,-205.90709364523275
1,1024,0,44,static,0,0.304519000,2.407412000,265,271360,-121.22464706111171
1,1024,0,44,temporal,1,0.344229000,1.768438000,28,28672,-121.22464706111171
1,1024,0,45,temporal,0,0.244959000,2.169433000,28,28672,59.469535280601960
1,1024,0,45,static,1,0.360974000,1.710039000,265,271360,59.469535280601960
1,1024,0,46,static,0,0.270127000,1.526833000,266,272384,-128.32770411107242
1,1024,0,46,temporal,1,0.268155000,1.586063000,28,28672,-128.32770411107242
1,1024,0,47,temporal,0,0.231569000,1.540804000,28,28672,92.478829952913290
1,1024,0,47,static,1,0.259090000,1.846675000,263,269312,92.478829952913290
1,1024,0,48,static,0,0.281405000,1.915730000,266,272384,-178.32750124286713
1,1024,0,48,temporal,1,0.292361000,1.630870000,28,28672,-178.32750124286713
1,1024,0,49,temporal,0,0.223327000,1.844833000,28,28672,-96.783270321737460
1,1024,0,49,static,1,0.277789000,1.709569000,262,268288,-96.783270321737460
1,1024,0,50,static,0,0.256286000,1.632082000,265,271360,-156.94455789096065
1,1024,0,50,temporal,1,0.239281000,1.531991000,28,28672,-156.94455789096065
1,1024,0,51,temporal,0,0.220963000,1.568566000,28,28672,102.52532823200147
1,1024,0,51,static,1,0.266903000,1.696680000,264,270336,102.52532823200147
1,1024,0,52,static,0,0.266171000,1.891764000,263,269312,194.08712225535760
1,1024,0,52,temporal,1,0.237558000,1.578311000,28,28672,194.08712225535760
1,1024,0,53,temporal,0,0.230698000,1.493133000,28,28672,-186.73007354931232
1,1024,0,53,static,1,0.252651000,1.534054000,265,271360,-186.73007354931232
1,1024,0,54,static,0,0.243368000,1.589999000,265,271360,154.00453455512698
1,1024,0,54,temporal,1,0.226642000,1.615817000,28,28672,154.00453455512698
1,1024,0,55,temporal,0,0.209897000,1.526503000,28,28672,-196.97926340722103
1,1024,0,55,static,1,0.296287000,1.544650000,263,269312,-196.97926340722103
1,1024,0,56,static,0,0.242406000,1.615988000,263,269312,-46.041117476970946
1,1024,0,56,temporal,1,0.214043000,1.589949000,28,28672,-46.041117476970946
1,1024,0,57,temporal,0,0.224248000,1.648557000,28,28672,106.95667629163562
1,1024,0,57,static,1,0.264189000,1.719204000,267,273408,106.95667629163562
1,1024,0,58,static,0,0.263337000,1.606683000,263,269312,109.24553291976748
1,1024,0,58,temporal,1,0.224819000,1.514535000,28,28672,109.24553291976748
1,1024,0,59,temporal,0,0.215735000,1.613855000,28,28672,-179.70402551513564
1,1024,0,59,static,1,0.385822000,1.709629000,266,272384,-179.70402551513564
1,1024,0,60,static,0,0.276467000,1.824302000,266,272384,184.30456222609754
1,1024,0,60,temporal,1,0.233773000,1.658783000,28,28672,184.30456222609754
1,1024,0,61,temporal,0,0.249947000,1.707165000,28,28672,159.04377817069310
1,1024,0,61,static,1,0.320704000,1.756350000,264,270336,159.04377817069310
1,1024,0,62,static,0,0.278100000,1.564070000,265,271360,-17.258393532800444
1,1024,0,62,temporal,1,0.225720000,1.563188000,28,28672,-17.258393532800444
1,1024,0,63,temporal,0,0.400915000,1.833155000,28,28672,157.29917554627954
1,1024,0,63,static,1,0.282957000,1.666224000,266,272384,157.29917554627954
1,1024,0,64,static,0,0.247874000,1.656058000,264,270336,-242.12169445912070
1,1024,0,64,temporal,1,0.282216000,1.653595000,28,28672,-242.12169445912070
1,1024,0,65,temporal,0,0.210198000,1.581847000,28,28672,-201.79577565803004
1,1024,0,65,static,1,0.282687000,1.560435000,263,269312,-201.79577565803004
1,1024,0,66,static,0,0.246832000,1.515556000,264,270336,-116.45233458778668
1,1024,0,66,temporal,1,0.226381000,1.731963000,28,28672,-116.45233458778668
1,1024,0,67,temporal,0,0.295536000,1.564230000,28,28672,87.625619565982530
1,1024,0,67,static,1,0.274625000,1.671031000,263,269312,87.625619565982530
1,1024,0,68,static,0,0.258420000,1.712073000,265,271360,-247.88778815770874
1,1024,0,68,temporal,1,0.260223000,1.660525000,28,28672,-247.88778815770874
1,1024,0,69,temporal,0,0.219271000,1.566554000,28,28672,241.89143095942111
1,1024,0,69,static,1,0.262937000,1.558131000,264,270336,241.89143095942111
1,1024,0,70,static,0,0.314795000,1.643800000,266,272384,-65.851041453540420
1,1024,0,70,temporal,1,0.238409000,1.514294000,28,28672,-65.851041453540420
1,1024,0,71,temporal,0,0.225981000,1.750131000,28,28672,151.51042580244004
1,1024,0,71,static,1,0.441676000,1.828248000,265,271360,151.51042580244004
1,1024,0,72,static,0,0.260593000,1.827296000,264,270336,180.14316171883715
1,1024,0,72,temporal,1,0.239501000,1.712173000,28,28672,180.14316171883715
1,1024,0,73,temporal,0,0.237508000,1.622668000,28,28672,-100.70434183975593
1,1024,0,73,static,1,0.283748000,1.633414000,263,269312,-100.70434183975593
1,1024,0,74,static,0,0.243888000,1.608616000,262,268288,-96.783270321737460
1,1024,0,74,temporal,1,0.236767000,1.588406000,28,28672,-96.783270321737460
1,1024,0,75,temporal,0,0.215104000,1.501074000,28,28672,-211.37614740806515
1,1024,0,75,static,1,0.269968000,1.515036000,264,270336,-211.37614740806515
1,1024,0,76,static,0,0.242936000,1.532482000,264,270336,50.115087808337850
1,1024,0,76,temporal,1,0.220993000,1.522256000,28,28672,50.115087808337850
1,1024,0,77,temporal,0,0.211329000,1.508085000,28,28672,-148.03951139955250
1,1024,0,77,static,1,0.242226000,1.520174000,266,272384,-148.03951139955250
1,1024,0,78,static,0,0.272471000,1.578601000,264,270336,180.14316171883715
1,1024,0,78,temporal,1,0.209036000,1.588787000,28,28672,180.14316171883715
1,1024,0,79,temporal,0,0.290248000,1.649959000,28,28672,128.65089551120406
1,1024,0,79,static,1,0.257098000,1.584951000,265,271360,128.65089551120406
1,1024,0,80,static,0,0.256698000,1.841509000,264,270336,200.70884482753613
1,1024,0,80,temporal,1,0.224559000,1.507314000,28,28672,200.70884482753613
1,1024,0,81,temporal,0,0.211459000,1.665773000,28,28672,200.01094614660138
1,1024,0,81,static,1,0.253583000,1.627565000,263,269312,200.01094614660138
1,1024,0,82,static,0,0.260784000,1.597260000,264,270336,21.559759959114930
1,1024,0,82,temporal,1,0.214594000,1.978425000,28,28672,21.559759959114930
1,1024,0,83,temporal,0,0.233902000,1.666384000,28,28672,-116.45233458778668
1,1024,0,83,static,1,0.271620000,1.628517000,264,270336,-116.45233458778668
1,1024,0,84,static,0,0.280243000,1.592252000,265,271360,-209.83860533345670
1,1024,0,84,temporal,1,0.211819000,1.633194000,28,28672,-209.83860533345670
1,1024,0,85,temporal,0,0.222085000,1.523338000,27,27648,214.58376150522090
1,1024,0,85,static,1,0.272221000,1.567535000,264,270336,214.58376150522090
1,1024,0,86,static,0,0.243688000,1.487565000,265,271360,-30.808078623033840
1,1024,0,86,temporal,1,0.212991000,1.514034000,28,28672,-30.808078623033840
1,1024,0,87,temporal,0,0.212130000,1.595417000,28,28672,-194.56435676732488
1,1024,0,87,static,1,0.342707000,1.894959000,264,270336,-194.56435676732488
1,1024,0,88,static,0,0.323428000,1.638913000,264,270336,-224.09287444088040
1,1024,0,88,temporal,1,0.230097000,1.559603000,28,28672,-224.09287444088040
1,1024,0,89,temporal,0,0.263036000,1.711912000,28,28672,70.546393270041970
1,1024,0,89,static,1,0.268966000,1.610400000,266,272384,70.546393270041970
1,1024,0,90,static,0,0.247904000,1.876566000,264,270336,-171.10008860916074
1,1024,0,90,temporal,1,0.269406000,2.037364000,28,28672,-171.10008860916074
1,1024,0,91,temporal,0,0.251660000,1.779224000,28,28672,-244.12486183751554
1,1024,0,91,static,1,0.301034000,1.848519000,262,268288,-244.12486183751554
1,1024,0,92,static,0,0.311040000,1.804082000,264,270336,189.39472496065642
1,1024,0,92,temporal,1,0.244909000,1.989852000,28,28672,189.39472496065642
1,1024,0,93,temporal,0,0.251410000,1.833386000,28,28672,-150.36999562468012
1,1024,0,93,static,1,0.465542000,2.117634000,265,271360,-150.36999562468012
1,1024,0,94,static,0,0.502438000,2.470988000,264,270336,-241.00018021971604
1,1024,0,94,temporal,1,0.419573000,2.136183000,28,28672,-241.00018021971604
1,1024,0,95,temporal,0,0.345091000,1.930302000,27,27648,-104.60858404404783
1,1024,0,95,static,1,0.339342000,2.085706000,262,268288,-104.60858404404783
1,1024,0,96,static,0,0.319923000,1.967048000,263,269312,200.01094614660138
1,1024,0,96,temporal,1,0.339232000,1.788658000,28,28672,200.01094614660138
1,1024,0,97,temporal,0,0.279902000,1.741678000,28,28672,-40.414158395613810
1,1024,0,97,static,1,0.305110000,1.783230000,265,271360,-40.414158395613810
1,1024,0,98,static,0,0.326192000,1.759855000,266,272384,180.33541434920647
1,1024,0,98,temporal,1,0.271259000,2.124205000,28,28672,180.33541434920647
1,1024,0,99,temporal,0,0.318711000,1.914839000,28,28672,111.87570076470670
1,1024,0,99,static,1,0.464631000,2.001149000,265,271360,111.87570076470670
1,1024,0,100,static,0,0.337419000,1.733665000,265,271360,85.175091146783130
1,1024,0,100,temporal,1,0.498592000,2.018535000,28,28672,85.175091146783130
1,1024,0,101,temporal,0,0.257208000,1.753275000,28,28672,-212.30089206422673
1,1024,0,101,static,1,0.517641000,1.882299000,266,272384,-212.30089206422673
1,1024,0,102,static,0,0.283889000,1.631411000,264,270336,243.35855270289875
1,1024,0,102,temporal,1,0.329967000,1.784752000,28,28672,243.35855270289875
1,1024,0,103,temporal,0,0.246662000,1.660014000,28,28672,-248.15025138891033
1,1024,0,103,static,1,0.267434000,1.651963000,264,270336,-248.15025138891033
1,1024,0,104,static,0,0.279752000,1.743611000,265,271360,-62.758357208306800
1,1024,0,104,temporal,1,0.250518000,2.786855000,28,28672,-62.758357208306800
1,1024,0,105,temporal,0,0.270167000,1.844472000,27,27648,-20.650530169564960
1,1024,0,105,static,1,0.317760000,2.334352000,262,268288,-20.650530169564960
1,1024,0,106,static,0,0.558822000,2.446961000,266,272384,-47.955493978439414
1,1024,0,106,temporal,1,0.426604000,1.918034000,28,28672,-47.955493978439414
1,1024,0,107,temporal,0,0.283808000,1.814166000,28,28672,236.65753548174519
1,1024,0,107,static,1,0.542569000,1.870332000,263,269312,236.65753548174519
1,1024,0,108,static,0,0.404290000,1.798183000,266,272384,63.020349182705250
1,1024,0,108,temporal,1,0.275606000,1.807467000,28,28672,63.020349182705250
1,1024,0,109,temporal,0,0.247794000,1.563138000,28,28672,44.448273279082330
1,1024,0,109,static,1,0.272401000,1.679523000,264,270336,44.448273279082330
1,1024,0,110,static,0,0.490821000,1.933057000,266,272384,238.70039771197023
1,1024,0,110,temporal,1,0.258070000,1.599604000,28,28672,238.70039771197023
1,1024,0,111,temporal,0,0.236657000,1.650801000,28,28672,8.4948314872113480
1,1024,0,111,static,1,0.286963000,1.966027000,264,270336,8.4948314872113480
1,1024,0,112,static,0,0.334404000,1.715328000,264,270336,46.727888682414490
1,1024,0,112,temporal,1,0.237188000,1.738383000,28,28672,46.727888682414490
1,1024,0,113,temporal,0,0.287374000,1.769389000,28,28672,-208.16425599330378
1,1024,0,113,static,1,0.289226000,1.670220000,266,272384,-208.16425599330378
1,1024,0,114,static,0,0.284830000,1.766695000,264,270336,176.03071251103685
1,1024,0,114,temporal,1,0.279231000,1.712393000,28,28672,176.03071251103685
1,1024,0,115,temporal,0,0.233172000,1.579994000,28,28672,37.278199035835090
1,1024,0,115,static,1,0.321175000,1.922471000,263,269312,37.278199035835090
1,1024,0,116,static,0,0.296888000,1.623559000,265,271360,184.02717511494836
1,1024,0,116,temporal,1,0.250658000,1.622778000,28,28672,184.02717511494836
1,1024,0,117,temporal,0,0.234344000,1.612323000,28,28672,148.71129491535748
1,1024,0,117,static,1,0.277789000,1.772244000,264,270336,148.71129491535748
1,1024,0,118,static,0,0.270468000,1.741337000,265,271360,12.339575623690260
1,1024,0,118,temporal,1,0.263678000,1.583970000,28,28672,12.339575623690260
1,1024,0,119,temporal,0,0.348166000,1.693706000,28,28672,6.4132991869145770
1,1024,0,119,static,1,0.289567000,1.710330000,266,272384,6.4132991869145770
1,1024,1,0,temporal,0,0.658113000,2.170805000,28,28672,211.65026870993768
1,1024,1,0,static,1,0.332081000,1.715218000,267,273408,211.65026870993768
1,1024,1,1,static,0,0.305571000,1.782930000,263,269312,84.598133341991660
1,1024,1,1,temporal,1,0.285681000,1.617550000,28,28672,84.598133341991660
1,1024,1,2,temporal,0,0.236727000,1.733395000,28,28672,75.756681783698650
1,1024,1,2,static,1,0.301155000,1.670791000,264,270336,75.756681783698650
1,1024,1,3,static,0,0.343348000,1.745263000,264,270336,216.27396047811732
1,1024,1,3,temporal,1,0.341755000,1.765323000,28,28672,216.27396047811732
1,1024,1,4,temporal,0,0.248315000,1.664912000,28,28672,104.94577437297505
1,1024,1,4,static,1,0.285631000,1.802740000,263,269312,104.94577437297505
1,1024,1,5,static,0,0.283107000,1.659554000,265,271360,-245.69267172972900
1,1024,1,5,temporal,1,0.252211000,1.729349000,28,28672,-245.69267172972900
1,1024,1,6,temporal,0,0.245381000,1.541897000,28,28672,244.04757627144556
1,1024,1,6,static,1,0.280303000,1.625262000,264,270336,244.04757627144556
1,1024,1,7,static,0,0.315746000,1.713865000,266,272384,204.17151089644406
1,1024,1,7,temporal,1,0.247864000,1.544750000,28,28672,204.17151089644406
1,1024,1,8,temporal,0,0.219221000,1.702839000,28,28672,95.090103221987890
1,1024,1,8,static,1,0.309117000,1.622508000,263,269312,95.090103221987890
1,1024,1,9,static,0,0.262326000,1.900257000,263,269312,-93.298557088524050
1,1024,1,9,temporal,1,0.249086000,1.552723000,28,28672,-93.298557088524050
1,1024,1,10,temporal,0,0.244479000,1.652593000,28,28672,28.213065835549102
1,1024,1,10,static,1,0.310017000,1.887477000,266,272384,28.213065835549102
1,1024,1,11,static,0,0.278610000,1.646624000,266,272384,171.93242108524834
1,1024,1,11,temporal,1,0.255355000,1.840286000,28,28672,171.93242108524834
1,1024,1,12,temporal,0,0.278871000,1.761538000,28,28672,199.06933305581165
1,1024,1,12,static,1,0.264679000,1.763230000,266,272384,199.06933305581165
1,1024,1,13,static,0,0.263257000,1.578151000,265,271360,192.70992264232905
1,1024,1,13,temporal,1,0.242416000,1.564651000,28,28672,192.70992264232905
1,1024,1,14,temporal,0,0.291239000,1.602668000,28,28672,240.49179785010534
1,1024,1,14,static,1,0.256677000,1.519643000,266,272384,240.49179785010534
1,1024,1,15,static,0,0.262115000,1.622388000,266,272384,226.21612431199827
1,1024,1,15,temporal,1,0.236176000,1.507294000,28,28672,226.21612431199827
1,1024,1,16,temporal,0,0.237037000,1.494975000,28,28672,183.04488421560890
1,1024,1,16,static,1,0.318711000,1.622448000,264,270336,183.04488421560890
1,1024,1,17,static,0,0.267343000,1.575747000,265,271360,-183.19300173568055
1,1024,1,17,temporal,1,0.229916000,1.678191000,28,28672,-183.19300173568055
1,1024,1,18,temporal,0,0.241214000,1.626043000,28,28672,181.61971781066820
1,1024,1,18,static,1,0.309036000,1.779064000,264,270336,181.61971781066820
1,1024,1,19,static,0,0.502167000,2.147980000,263,269312,104.94577437297505
1,1024,1,19,temporal,1,0.289486000,1.730651000,28,28672,104.94577437297505
1,1024,1,20,temporal,0,0.246452000,1.549849000,28,28672,-92.953639596478840
1,1024,1,20,static,1,0.280443000,1.590810000,264,270336,-92.953639596478840
1,1024,1,21,static,0,0.505342000,1.982891000,265,271360,-102.51322137022042
1,1024,1,21,temporal,1,0.302686000,1.672453000,28,28672,-102.51322137022042
1,1024,1,22,temporal,0,0.359192000,1.907718000,28,28672,215.55334566816420
1,1024,1,22,static,1,0.287533000,1.641987000,263,269312,215.55334566816420
1,1024,1,23,static,0,0.271249000,1.775759000,266,272384,118.79244189293710
1,1024,1,23,temporal,1,0.525593000,2.070093000,28,28672,118.79244189293710
1,1024,1,24,temporal,0,0.240783000,1.774307000,28,28672,-239.78790164809388
1,1024,1,24,static,1,0.349928000,1.901569000,264,270336,-239.78790164809388
1,1024,1,25,static,0,0.302947000,1.825163000,266,272384,-162.72987163086256
1,1024,1,25,temporal,1,0.254463000,2.054359000,28,28672,-162.72987163086256
1,1024,1,26,temporal,0,0.261164000,1.566403000,28,28672,-71.405114426621900
1,1024,1,26,static,1,0.355476000,1.831953000,264,270336,-71.405114426621900
1,1024,1,27,static,0,0.484040000,2.040768000,265,271360,200.70826276943590
1,1024,1,27,temporal,1,0.315225000,1.745593000,28,28672,200.70826276943590
1,1024,1,28,temporal,0,0.251499000,1.608166000,28,28672,107.67974183222937
1,1024,1,28,static,1,0.279692000,1.674546000,265,271360,107.67974183222937
1,1024,1,29,static,0,0.274574000,1.547445000,266,272384,227.95603049826082
1,1024,1,29,temporal,1,0.249025000,1.510879000,28,28672,227.95603049826082
1,1024,1,30,temporal,0,0.304810000,1.850993000,28,28672,-209.75561475066672
1,1024,1,30,static,1,0.290799000,1.731152000,266,272384,-209.75561475066672
1,1024,1,31,static,0,0.373854000,1.838264000,264,270336,-72.996220255787110
1,1024,1,31,temporal,1,0.291210000,1.733666000,28,28672,-72.996220255787110
1,1024,1,32,temporal,0,0.228765000,1.535066000,28,28672,-183.15364848359644
1,1024,1,32,static,1,0.464882000,2.626793000,264,270336,-183.15364848359644
1,1024,1,33,static,0,0.479123000,2.722678000,265,271360,142.48275965496070
1,1024,1,33,temporal,1,0.398161000,2.710309000,28,28672,142.48275965496070
1,1024,1,34,temporal,0,0.409077000,2.654185000,28,28672,-56.051668283040430
1,1024,1,34,static,1,0.471782000,2.087500000,266,272384,-56.051668283040430
1,1024,1,35,static,0,0.331440000,1.613134000,264,270336,-148.20891819554328
1,1024,1,35,temporal,1,0.264339000,1.717531000,28,28672,-148.20891819554328
1,1024,1,36,temporal,0,0.253612000,1.633434000,28,28672,150.28682730472144
1,1024,1,36,static,1,0.465883000,2.108511000,263,269312,150.28682730472144
1,1024,1,37,static,0,0.303027000,1.617250000,262,268288,73.996079792846560
1,1024,1,37,temporal,1,0.249045000,1.560404000,28,28672,73.996079792846560
1,1024,1,38,temporal,0,0.242285000,1.613254000,27,27648,186.79309383538100
1,1024,1,38,static,1,0.277900000,1.663530000,265,271360,186.79309383538100
1,1024,1,39,static,0,0.250969000,1.711743000,264,270336,202.09564153434496
1,1024,1,39,temporal,1,0.227573000,1.873035000,28,28672,202.09564153434496
1,1024,1,40,temporal,0,0.240322000,1.763650000,28,28672,-128.32770411107242
1,1024,1,40,static,1,0.337078000,1.695257000,266,272384,-128.32770411107242
1,1024,1,41,static,0,0.259331000,1.632873000,264,270336,179.46705042906340
1,1024,1,41,temporal,1,0.235185000,1.605973000,28,28672,179.46705042906340
1,1024,1,42,temporal,0,0.240052000,2.027158000,28,28672,68.661101701511240
1,1024,1,42,static,1,0.315526000,1.625883000,264,270336,68.661101701511240
1,1024,1,43,static,0,0.253442000,1.856571000,265,271360,-205.90709364523275
1,1024,1,43,temporal,1,0.304890000,1.894468000,28,28672,-205.90709364523275
1,1024,1,44,temporal,0,0.338981000,1.672072000,28,28672,-121.22464706111171
1,1024,1,44,static,1,0.349947000,1.667966000,265,271360,-121.22464706111171
1,1024,1,45,static,0,0.273693000,1.550499000,265,271360,59.469535280601960
1,1024,1,45,temporal,1,0.229296000,1.584461000,28,28672,59.469535280601960
1,1024,1,46,temporal,0,0.264639000,1.588396000,28,28672,-128.32770411107242
1,1024,1,46,static,1,0.267163000,1.639964000,266,272384,-128.32770411107242
1,1024,1,47,static,0,0.284940000,1.626914000,263,269312,92.478829952913290
1,1024,1,47,temporal,1,0.279582000,1.585392000,28,28672,92.478829952913290
1,1024,1,48,temporal,0,0.219381000,1.643249000,28,28672,-178.32750124286713
1,1024,1,48,static,1,0.517320000,1.994449000,266,272384,-178.32750124286713
1,1024,1,49,static,0,0.270098000,1.991605000,262,268288,-96.783270321737460
1,1024,1,49,temporal,1,0.264609000,1.714917000,28,28672,-96.783270321737460
1,1024,1,50,temporal,0,0.269908000,1.572142000,28,28672,-156.94455789096065
1,1024,1,50,static,1,0.331851000,1.671702000,265,271360,-156.94455789096065
1,1024,1,51,static,0,0.263928000,1.663259000,264,270336,102.52532823200147
1,1024,1,51,temporal,1,0.228484000,1.608426000,28,28672,102.52532823200147
1,1024,1,52,temporal,0,0.218008000,1.502036000,28,28672,194.08712225535760
1,1024,1,52,static,1,0.296928000,1.650080000,263,269312,194.08712225535760
1,1024,1,53,static,0,0.266963000,1.697932000,265,271360,-186.73007354931232
1,1024,1,53,temporal,1,0.250267000,1.817251000,28,28672,-186.73007354931232
1,1024,1,54,temporal,0,0.246361000,1.760676000,28,28672,154.00453455512698
1,1024,1,54,static,1,0.335676000,1.781097000,265,271360,154.00453455512698
1,1024,1,55,static,0,0.266052000,1.906256000,263,269312,-196.97926340722103
1,1024,1,55,temporal,1,0.244719000,1.619823000,28,28672,-196.97926340722103
1,1024,1,56,temporal,0,0.226602000,1.694386000,28,28672,-46.041117476970946
1,1024,1,56,static,1,0.322837000,1.681326000,263,269312,-46.041117476970946
1,1024,1,57,static,0,0.251299000,1.662488000,267,273408,106.95667629163562
1,1024,1,57,temporal,1,0.242325000,1.593734000,28,28672,106.95667629163562
1,1024,1,58,temporal,0,0.260332000,1.524790000,28,28672,109.24553291976748
1,1024,1,58,static,1,0.254805000,1.519222000,263,269312,109.24553291976748
1,1024,1,59,static,0,0.265050000,1.626604000,266,272384,-179.70402551513564
1,1024,1,59,temporal,1,0.243647000,1.574155000,28,28672,-179.70402551513564
1,1024,1,60,temporal,0,0.218239000,1.530859000,28,28672,184.30456222609754
1,1024,1,60,static,1,0.267734000,1.651281000,266,272384,184.30456222609754
1,1024,1,61,static,0,0.254053000,1.930142000,264,270336,159.04377817069310
1,1024,1,61,temporal,1,0.274995000,2.210345000,28,28672,159.04377817069310
1,1024,1,62,temporal,0,0.363158000,1.690500000,28,28672,-17.258393532800444
1,1024,1,62,static,1,0.286021000,1.651641000,265,271360,-17.258393532800444
1,1024,1,63,static,0,0.373263000,1.832825000,266,272384,157.29917554627954
1,1024,1,63,temporal,1,0.270418000,1.687746000,28,28672,157.29917554627954
1,1024,1,64,temporal,0,0.241694000,1.749369000,28,28672,-242.12169445912070
1,1024,1,64,static,1,0.302677000,1.709770000,264,270336,-242.12169445912070
1,1024,1,65,static,0,0.378521000,1.745373000,263,269312,-201.79577565803004
1,1024,1,65,temporal,1,0.297479000,2.221531000,28,28672,-201.79577565803004
1,1024,1,66,temporal,0,0.602379000,2.065015000,28,28672,-116.45233458778668
1,1024,1,66,static,1,0.291109000,1.898594000,264,270336,-116.45233458778668
1,1024,1,67,static,0,0.302316000,1.631221000,263,269312,87.625619565982530
1,1024,1,67,temporal,1,0.256867000,1.726384000,28,28672,87.625619565982530
1,1024,1,68,temporal,0,0.238670000,1.664791000,28,28672,-247.88778815770874
1,1024,1,68,static,1,0.399843000,1.793746000,265,271360,-247.88778815770874
1,1024,1,69,static,0,0.283537000,1.566683000,264,270336,241.89143095942111
1,1024,1,69,temporal,1,0.225530000,1.629639000,28,28672,241.89143095942111
1,1024,1,70,temporal,0,0.235395000,1.615127000,28,28672,-65.851041453540420
1,1024,1,70,static,1,0.301555000,1.640024000,266,272384,-65.851041453540420
1,1024,1,71,static,0,0.257989000,1.730921000,265,271360,151.51042580244004
1,1024,1,71,temporal,1,0.242035000,1.619503000,28,28672,151.51042580244004
1,1024,1,72,temporal,0,0.244278000,1.675387000,28,28672,180.14316171883715
1,1024,1,72,static,1,0.283017000,1.707937000,264,270336,180.14316171883715
1,1024,1,73,static,0,0.280433000,1.701157000,263,269312,-100.70434183975593
1,1024,1,73,temporal,1,0.271790000,1.647665000,28,28672,-100.70434183975593
1,1024,1,74,temporal,0,0.220613000,1.863572000,28,28672,-96.783270321737460
1,1024,1,74,static,1,0.279181000,1.672753000,262,268288,-96.783270321737460
1,1024,1,75,static,0,0.265912000,1.663911000,264,270336,-211.37614740806515
1,1024,1,75,temporal,1,0.292201000,1.672433000,28,28672,-211.37614740806515
1,1024,1,76,temporal,0,0.228835000,1.580665000,28,28672,50.115087808337850
1,1024,1,76,static,1,0.308576000,1.697371000,264,270336,50.115087808337850
1,1024,1,77,static,0,0.295185000,1.621576000,266,272384,-148.03951139955250
1,1024,1,77,temporal,1,0.405852000,1.804432000,28,28672,-148.03951139955250
1,1024,1,78,temporal,0,0.249787000,1.754387000,28,28672,180.14316171883715
1,1024,1,78,static,1,0.304509000,1.736760000,264,270336,180.14316171883715
1,1024,1,79,static,0,0.261334000,1.641897000,265,271360,128.65089551120406
1,1024,1,79,temporal,1,0.230287000,1.560334000,28,28672,128.65089551120406
1,1024,1,80,temporal,0,0.257989000,2.721145000,28,28672,200.70884482753613
1,1024,1,80,static,1,0.343759000,1.772164000,264,270336,200.70884482753613
1,1024,1,81,static,0,0.287844000,2.204014000,263,269312,200.01094614660138
1,1024,1,81,temporal,1,0.280544000,1.795569000,28,28672,200.01094614660138
1,1024,1,82,temporal,0,0.461376000,2.165547000,28,28672,21.559759959114930
1,1024,1,82,static,1,0.296167000,1.861338000,264,270336,21.559759959114930
1,1024,1,83,static,0,0.340033000,1.930552000,264,270336,-116.45233458778668
1,1024,1,83,temporal,1,0.267975000,1.727136000,28,28672,-116.45233458778668
1,1024,1,84,temporal,0,0.254785000,1.648658000,28,28672,-209.83860533345670
1,1024,1,84,static,1,0.289317000,1.618332000,265,271360,-209.83860533345670
1,1024,1,85,static,0,0.247012000,1.729028000,264,270336,214.58376150522090
1,1024,1,85,temporal,1,0.260192000,1.569327000,27,27648,214.58376150522090
1,1024,1,86,temporal,0,0.238881000,1.597801000,28,28672,-30.808078623033840
1,1024,1,86,static,1,0.335947000,1.646785000,265,271360,-30.808078623033840
1,1024,1,87,static,0,0.263187000,2.014459000,264,270336,-194.56435676732488
1,1024,1,87,temporal,1,0.286082000,1.843992000,28,28672,-194.56435676732488
1,1024,1,88,temporal,0,0.266321000,1.640735000,28,28672,-224.09287444088040
1,1024,1,88,static,1,0.268625000,1.839185000,264,270336,-224.09287444088040
1,1024,1,89,static,0,0.279111000,1.731191000,266,272384,70.546393270041970
1,1024,1,89,temporal,1,0.239261000,1.658632000,28,28672,70.546393270041970
1,1024,1,90,temporal,0,0.268074000,1.548235000,28,28672,-171.10008860916074
1,1024,1,90,static,1,0.264529000,1.724782000,264,270336,-171.10008860916074
1,1024,1,91,static,0,0.262926000,1.608326000,262,268288,-244.12486183751554
1,1024,1,91,temporal,1,0.249626000,1.597630000,28,28672,-244.12486183751554
1,1024,1,92,temporal,0,0.218089000,1.815028000,28,28672,189.39472496065642
1,1024,1,92,static,1,0.275465000,1.668237000,264,270336,189.39472496065642
1,1024,1,93,static,0,0.263557000,1.757782000,265,271360,-150.36999562468012
1,1024,1,93,temporal,1,0.302186000,1.709889000,28,28672,-150.36999562468012
1,1024,1,94,temporal,0,0.412812000,2.181841000,28,28672,-241.00018021971604
1,1024,1,94,static,1,0.347054000,1.821037000,264,270336,-241.00018021971604
1,1024,1,95,static,0,0.263678000,2.115201000,262,268288,-104.60858404404783
1,1024,1,95,temporal,1,0.246602000,1.920357000,27,27648,-104.60858404404783
1,1024,1,96,temporal,0,0.239461000,1.759034000,28,28672,200.01094614660138
1,1024,1,96,static,1,0.450430000,2.270696000,263,269312,200.01094614660138
1,1024,1,97,static,0,0.311470000,2.329965000,265,271360,-40.414158395613810
1,1024,1,97,temporal,1,0.356397000,1.943842000,28,28672,-40.414158395613810
1,1024,1,98,temporal,0,0.412472000,2.100349000,28,28672,180.33541434920647
1,1024,1,98,static,1,0.398131000,1.896521000,266,272384,180.33541434920647
1,1024,1,99,static,0,0.303397000,1.811242000,265,271360,111.87570076470670
1,1024,1,99,temporal,1,0.262696000,1.686634000,28,28672,111.87570076470670
1,1024,1,100,temporal,0,0.233222000,2.541153000,28,28672,85.175091146783130
1,1024,1,100,static,1,0.334846000,1.813036000,265,271360,85.175091146783130
1,1024,1,101,static,0,0.302586000,1.784512000,266,272384,-212.30089206422673
1,1024,1,101,temporal,1,0.307454000,1.857813000,28,28672,-212.30089206422673
1,1024,1,102,temporal,0,0.399333000,1.912305000,28,28672,243.35855270289875
1,1024,1,102,static,1,0.453595000,1.815439000,264,270336,243.35855270289875
1,1024,1,103,static,0,0.266763000,1.801568000,264,270336,-248.15025138891033
1,1024,1,103,temporal,1,0.569188000,1.991795000,28,28672,-248.15025138891033
1,1024,1,104,temporal,0,0.245580000,4.118303000,28,28672,-62.758357208306800
1,1024,1,104,static,1,0.512464000,2.039808000,265,271360,-62.758357208306800
1,1024,1,105,static,0,0.287684000,1.817732000,262,268288,-20.650530169564960
1,1024,1,105,temporal,1,0.289376000,1.819505000,27,27648,-20.650530169564960
1,1024,1,106,temporal,0,0.276477000,1.655477000,28,28672,-47.955493978439414
1,1024,1,106,static,1,0.313253000,1.713926000,266,272384,-47.955493978439414
1,1024,1,107,static,0,0.276718000,1.598021000,263,269312,236.65753548174519
1,1024,1,107,temporal,1,0.266612000,1.599313000,28,28672,236.65753548174519
1,1024,1,108,temporal,0,0.280894000,1.766915000,28,28672,63.020349182705250
1,1024,1,108,static,1,0.273903000,1.924033000,266,272384,63.020349182705250
1,1024,1,109,static,0,0.278300000,1.700235000,264,270336,44.448273279082330
1,1024,1,109,temporal,1,0.309386000,1.876661000,28,28672,44.448273279082330
1,1024,1,110,temporal,0,0.241104000,1.832705000,28,28672,238.70039771197023
1,1024,1,110,static,1,0.388937000,1.757702000,266,272384,238.70039771197023
1,1024,1,111,static,0,0.314875000,1.794107000,264,270336,8.4948314872113480
1,1024,1,111,temporal,1,0.297188000,1.767677000,28,28672,8.4948314872113480
1,1024,1,112,temporal,0,0.251469000,1.590800000,28,28672,46.727888682414490
1,1024,1,112,static,1,0.272671000,1.695798000,264,270336,46.727888682414490
1,1024,1,113,static,0,0.264439000,1.709308000,266,272384,-208.16425599330378
1,1024,1,113,temporal,1,0.242296000,2.810500000,28,28672,-208.16425599330378
1,1024,1,114,temporal,0,0.265501000,1.837673000,28,28672,176.03071251103685
1,1024,1,114,static,1,0.294745000,1.701617000,264,270336,176.03071251103685
1,1024,1,115,static,0,0.364260000,2.510427000,263,269312,37.278199035835090
1,1024,1,115,temporal,1,0.281855000,1.695498000,28,28672,37.278199035835090
1,1024,1,116,temporal,0,0.238510000,1.592863000,28,28672,184.02717511494836
1,1024,1,116,static,1,0.334134000,1.643029000,265,271360,184.02717511494836
1,1024,1,117,static,0,0.262967000,1.811062000,264,270336,148.71129491535748
1,1024,1,117,temporal,1,0.250618000,1.667876000,28,28672,148.71129491535748
1,1024,1,118,temporal,0,0.275906000,1.534866000,28,28672,12.339575623690260
1,1024,1,118,static,1,0.292511000,1.866376000,265,271360,12.339575623690260
1,1024,1,119,static,0,0.284189000,1.633334000,266,272384,6.4132991869145770
1,1024,1,119,temporal,1,0.262015000,2.104856000,28,28672,6.4132991869145770
1,1024,2,0,static,0,0.292731000,1.822960000,267,273408,211.65026870993768
1,1024,2,0,temporal,1,0.286632000,1.622888000,28,28672,211.65026870993768
1,1024,2,1,temporal,0,0.236356000,1.666223000,28,28672,84.598133341991660
1,1024,2,1,static,1,0.294484000,1.728057000,263,269312,84.598133341991660
1,1024,2,2,static,0,0.364901000,1.917864000,264,270336,75.756681783698650
1,1024,2,2,temporal,1,0.318000000,1.802689000,28,28672,75.756681783698650
1,1024,2,3,temporal,0,0.251560000,1.597220000,28,28672,216.27396047811732
1,1024,2,3,static,1,0.282907000,1.608557000,264,270336,216.27396047811732
1,1024,2,4,static,0,0.286191000,1.743380000,263,269312,104.94577437297505
1,1024,2,4,temporal,1,0.246893000,1.953327000,28,28672,104.94577437297505
1,1024,2,5,temporal,0,0.262346000,1.675518000,28,28672,-245.69267172972900
1,1024,2,5,static,1,0.279581000,1.771953000,265,271360,-245.69267172972900
1,1024,2,6,static,0,0.272201000,1.542737000,264,270336,244.04757627144556
1,1024,2,6,temporal,1,0.234354000,1.515667000,28,28672,244.04757627144556
1,1024,2,7,temporal,0,0.232451000,1.604451000,28,28672,204.17151089644406
1,1024,2,7,static,1,0.286923000,1.567395000,266,272384,204.17151089644406
1,1024,2,8,static,0,0.257329000,1.593044000,263,269312,95.090103221987890
1,1024,2,8,temporal,1,0.258219000,1.553714000,28,28672,95.090103221987890
1,1024,2,9,temporal,0,0.217278000,1.521986000,28,28672,-93.298557088524050
1,1024,2,9,static,1,0.258760000,1.676009000,263,269312,-93.298557088524050
1,1024,2,10,static,0,0.286502000,1.656379000,266,272384,28.213065835549102
1,1024,2,10,temporal,1,0.240603000,1.705563000,28,28672,28.213065835549102
1,1024,2,11,temporal,0,0.248434000,1.563108000,28,28672,171.93242108524834
1,1024,2,11,static,1,0.253012000,1.576168000,266,272384,171.93242108524834
1,1024,2,12,static,0,0.243757000,1.649338000,266,272384,199.06933305581165
1,1024,2,12,temporal,1,0.259472000,1.813446000,28,28672,199.06933305581165
1,1024,2,13,temporal,0,0.295526000,1.767727000,28,28672,192.70992264232905
1,1024,2,13,static,1,0.282696000,1.622918000,265,271360,192.70992264232905
1,1024,2,14,static,0,0.273443000,1.538421000,266,272384,240.49179785010534
1,1024,2,14,temporal,1,0.280043000,1.560514000,28,28672,240.49179785010534
1,1024,2,15,temporal,0,0.229356000,1.499612000,28,28672,226.21612431199827
1,1024,2,15,static,1,0.280664000,1.789340000,266,272384,226.21612431199827
1,1024,2,16,static,0,0.297168000,1.857422000,264,270336,183.04488421560890
1,1024,2,16,temporal,1,0.244319000,1.696900000,28,28672,183.04488421560890
1,1024,2,17,temporal,0,0.242556000,1.545772000,28,28672,-183.19300173568055
1,1024,2,17,static,1,0.278771000,1.814437000,265,271360,-183.19300173568055
1,1024,2,18,static,0,0.303307000,1.877162000,264,270336,181.61971781066820
1,1024,2,18,temporal,1,0.248926000,1.631532000,28,28672,181.61971781066820
1,1024,2,19,temporal,0,0.228074000,1.671301000,28,28672,104.94577437297505
1,1024,2,19,static,1,0.293002000,1.677661000,263,269312,104.94577437297505
1,1024,2,20,static,0,0.263367000,1.572522000,264,270336,-92.953639596478840
1,1024,2,20,temporal,1,0.237929000,1.482136000,28,28672,-92.953639596478840
1,1024,2,21,temporal,0,0.221124000,1.508977000,28,28672,-102.51322137022042
1,1024,2,21,static,1,0.273753000,1.581696000,265,271360,-102.51322137022042
1,1024,2,22,static,0,0.285881000,1.599213000,263,269312,215.55334566816420
1,1024,2,22,temporal,1,0.236967000,1.633715000,28,28672,215.55334566816420
1,1024,2,23,temporal,0,0.262807000,1.688938000,28,28672,118.79244189293710
1,1024,2,23,static,1,0.312562000,1.720877000,266,272384,118.79244189293710
1,1024,2,24,static,0,0.260303000,1.664241000,264,270336,-239.78790164809388
1,1024,2,24,temporal,1,0.331541000,1.713706000,28,28672,-239.78790164809388
1,1024,2,25,temporal,0,0.250869000,1.591090000,28,28672,-162.72987163086256
1,1024,2,25,static,1,0.290478000,1.629679000,266,272384,-162.72987163086256
1,1024,2,26,static,0,0.281284000,1.583930000,264,270336,-71.405114426621900
1,1024,2,26,temporal,1,0.239471000,1.526182000,28,28672,-71.405114426621900
1,1024,2,27,temporal,0,0.231509000,1.632793000,28,28672,200.70826276943590
1,1024,2,27,static,1,0.324921000,1.752985000,265,271360,200.70826276943590
1,1024,2,28,static,0,0.298651000,1.650400000,265,271360,107.67974183222937
1,1024,2,28,temporal,1,0.285090000,1.684942000,28,28672,107.67974183222937
1,1024,2,29,temporal,0,0.306903000,1.586293000,28,28672,227.95603049826082
1,1024,2,29,static,1,0.288805000,2.059296000,266,272384,227.95603049826082
1,1024,2,30,static,0,0.315556000,1.868619000,266,272384,-209.75561475066672
1,1024,2,30,temporal,1,0.281785000,1.591782000,28,28672,-209.75561475066672
1,1024,2,31,temporal,0,0.251850000,1.830692000,28,28672,-72.996220255787110
1,1024,2,31,static,1,0.344349000,1.734026000,264,270336,-72.996220255787110
1,1024,2,32,static,0,0.293343000,1.730791000,264,270336,-183.15364848359644
1,1024,2,32,temporal,1,0.270177000,1.854457000,28,28672,-183.15364848359644
1,1024,2,33,temporal,0,0.252390000,1.551049000,28,28672,142.48275965496070
1,1024,2,33,static,1,0.317519000,1.701767000,265,271360,142.48275965496070
1,1024,2,34,static,0,0.285772000,1.618612000,266,272384,-56.051668283040430
1,1024,2,34,temporal,1,0.269747000,1.670891000,28,28672,-56.051668283040430
1,1024,2,35,temporal,0,0.281425000,1.569918000,28,28672,-148.20891819554328
1,1024,2,35,static,1,0.279261000,1.603639000,264,270336,-148.20891819554328
1,1024,2,36,static,0,0.263507000,1.708657000,263,269312,150.28682730472144
1,1024,2,36,temporal,1,0.282096000,1.635167000,28,28672,150.28682730472144
1,1024,2,37,temporal,0,0.219832000,1.525442000,28,28672,73.996079792846560
1,1024,2,37,static,1,0.269166000,1.585743000,262,268288,73.996079792846560
1,1024,2,38,static,0,0.247794000,1.625212000,265,271360,186.79309383538100
1,1024,2,38,temporal,1,0.232360000,1.573053000,27,27648,186.79309383538100
1,1024,2,39,temporal,0,0.233993000,2.332609000,28,28672,202.09564153434496
1,1024,2,39,static,1,0.266963000,1.673174000,264,270336,202.09564153434496
1,1024,2,40,static,0,0.282006000,1.568787000,266,272384,-128.32770411107242
1,1024,2,40,temporal,1,0.236006000,1.541926000,28,28672,-128.32770411107242
1,1024,2,41,temporal,0,0.239541000,1.579923000,28,28672,179.46705042906340
1,1024,2,41,static,1,0.248755000,1.628787000,264,270336,179.46705042906340
1,1024,2,42,static,0,0.248755000,1.555046000,264,270336,68.661101701511240
1,1024,2,42,temporal,1,0.223667000,1.766866000,28,28672,68.661101701511240
1,1024,2,43,temporal,0,0.313013000,1.988130000,28,28672,-205.90709364523275
1,1024,2,43,static,1,0.300874000,1.772694000,265,271360,-205.90709364523275
1,1024,2,44,static,0,0.336968000,1.992035000,265,271360,-121.22464706111171
1,1024,2,44,temporal,1,0.312130000,1.643699000,28,28672,-121.22464706111171
1,1024,2,45,temporal,0,0.250348000,1.613575000,28,28672,59.469535280601960
1,1024,2,45,static,1,0.288976000,1.562177000,265,271360,59.469535280601960
1,1024,2,46,static,0,0.256357000,1.753185000,266,272384,-128.32770411107242
1,1024,2,46,temporal,1,0.301595000,1.691062000,28,28672,-128.32770411107242
1,1024,2,47,temporal,0,0.231709000,1.770801000,28,28672,92.478829952913290
1,1024,2,47,static,1,0.370569000,1.903381000,263,269312,92.478829952913290
1,1024,2,48,static,0,0.289367000,1.654907000,266,272384,-178.32750124286713
1,1024,2,48,temporal,1,0.244288000,1.598752000,28,28672,-178.32750124286713
1,1024,2,49,temporal,0,0.239782000,1.615637000,28,28672,-96.783270321737460
1,1024,2,49,static,1,0.255466000,1.757672000,262,268288,-96.783270321737460
1,1024,2,50,static,0,0.270228000,1.766996000,265,271360,-156.94455789096065
1,1024,2,50,temporal,1,0.281705000,1.588977000,28,28672,-156.94455789096065
1,1024,2,51,temporal,0,0.224559000,1.922040000,28,28672,102.52532823200147
1,1024,2,51,static,1,0.301424000,1.722027000,264,270336,102.52532823200147
1,1024,2,52,static,0,0.266432000,1.625302000,263,269312,194.08712225535760
1,1024,2,52,temporal,1,0.292001000,1.601526000,28,28672,194.08712225535760
1,1024,2,53,temporal,0,0.222746000,1.492371000,28,28672,-186.73007354931232
1,1024,2,53,static,1,0.300724000,1.642227000,265,271360,-186.73007354931232
1,1024,2,54,static,0,0.252781000,1.655828000,265,271360,154.00453455512698
1,1024,2,54,temporal,1,0.224178000,1.722929000,28,28672,154.00453455512698
1,1024,2,55,temporal,0,0.337950000,1.655197000,28,28672,-196.97926340722103
1,1024,2,55,static,1,0.321005000,1.640395000,263,269312,-196.97926340722103
1,1024,2,56,static,0,0.279932000,1.621336000,263,269312,-46.041117476970946
1,1024,2,56,temporal,1,0.257879000,1.591360000,28,28672,-46.041117476970946
1,1024,2,57,temporal,0,0.226081000,1.596318000,28,28672,106.95667629163562
1,1024,2,57,static,1,0.262086000,1.592072000,267,273408,106.95667629163562
1,1024,2,58,static,0,0.258650000,1.553343000,263,269312,109.24553291976748
1,1024,2,58,temporal,1,0.229617000,1.500624000,28,28672,109.24553291976748
1,1024,2,59,temporal,0,0.325320000,2.043983000,28,28672,-179.70402551513564
1,1024,2,59,static,1,0.354805000,2.068721000,266,272384,-179.70402551513564
1,1024,2,60,static,0,0.333523000,1.979737000,266,272384,184.30456222609754
1,1024,2,60,temporal,1,0.403989000,1.741917000,28,28672,184.30456222609754
1,1024,2,61,temporal,0,0.281534000,2.862528000,28,28672,159.04377817069310
1,1024,2,61,static,1,0.527756000,3.634133000,264,270336,159.04377817069310
1,1024,2,62,static,0,0.719866000,3.234139000,265,271360,-17.258393532800444
1,1024,2,62,temporal,1,0.380084000,1.994169000,28,28672,-17.258393532800444
1,1024,2,63,temporal,0,0.336798000,2.334251000,28,28672,157.29917554627954
1,1024,2,63,static,1,0.509930000,2.267531000,266,272384,157.29917554627954
1,1024,2,64,static,0,0.324039000,1.729349000,264,270336,-242.12169445912070
1,1024,2,64,temporal,1,0.350939000,1.956141000,28,28672,-242.12169445912070
1,1024,2,65,temporal,0,0.344961000,1.661917000,28,28672,-201.79577565803004
1,1024,2,65,static,1,0.432623000,1.947759000,263,269312,-201.79577565803004
1,1024,2,66,static,0,0.458372000,1.856191000,264,270336,-116.45233458778668
1,1024,2,66,temporal,1,0.643391000,2.371047000,28,28672,-116.45233458778668
1,1024,2,67,temporal,0,0.424230000,1.768918000,28,28672,87.625619565982530
1,1024,2,67,static,1,0.365842000,2.035040000,263,269312,87.625619565982530
1,1024,2,68,static,0,0.661378000,2.124475000,265,271360,-247.88778815770874
1,1024,2,68,temporal,1,0.424621000,2.148361000,28,28672,-247.88778815770874
1,1024,2,69,temporal,0,0.370849000,1.853806000,28,28672,241.89143095942111
1,1024,2,69,static,1,0.410108000,2.013006000,264,270336,241.89143095942111
1,1024,2,70,static,0,0.358621000,1.695417000,266,272384,-65.851041453540420
1,1024,2,70,temporal,1,0.316077000,1.970874000,28,28672,-65.851041453540420
1,1024,2,71,temporal,0,0.312832000,1.836981000,28,28672,151.51042580244004
1,1024,2,71,static,1,0.340734000,1.841598000,265,271360,151.51042580244004
1,1024,2,72,static,0,0.371350000,1.801478000,264,270336,180.14316171883715
1,1024,2,72,temporal,1,0.399042000,1.894228000,28,28672,180.14316171883715
1,1024,2,73,temporal,0,0.346964000,1.835379000,28,28672,-100.70434183975593
1,1024,2,73,static,1,0.376138000,1.808789000,263,269312,-100.70434183975593
1,1024,2,74,static,0,0.321885000,1.722659000,262,268288,-96.783270321737460
1,1024,2,74,temporal,1,0.293553000,1.680366000,28,28672,-96.783270321737460
1,1024,2,75,temporal,0,0.300243000,1.592643000,28,28672,-211.37614740806515
1,1024,2,75,static,1,0.301014000,1.592302000,264,270336,-211.37614740806515
1,1024,2,76,static,0,0.272291000,1.607606000,264,270336,50.115087808337850
1,1024,2,76,temporal,1,0.250477000,1.596057000,28,28672,50.115087808337850
1,1024,2,77,temporal,0,0.236878000,1.630781000,28,28672,-148.03951139955250
1,1024,2,77,static,1,0.324169000,1.648968000,266,272384,-148.03951139955250
1,1024,2,78,static,0,0.269997000,1.628497000,264,270336,180.14316171883715
1,1024,2,78,temporal,1,0.260733000,1.624220000,28,28672,180.14316171883715
1,1024,2,79,temporal,0,0.293693000,1.776710000,28,28672,128.65089551120406
1,1024,2,79,static,1,0.355276000,1.733345000,265,271360,128.65089551120406
1,1024,2,80,static,0,0.264339000,1.695949000,264,270336,200.70884482753613
1,1024,2,80,temporal,1,0.251379000,1.616328000,28,28672,200.70884482753613
1,1024,2,81,temporal,0,0.272882000,1.709550000,28,28672,200.01094614660138
1,1024,2,81,static,1,0.268966000,1.741797000,263,269312,200.01094614660138
1,1024,2,82,static,0,0.256937000,1.677110000,264,270336,21.559759959114930
1,1024,2,82,temporal,1,0.277639000,1.647876000,28,28672,21.559759959114930
1,1024,2,83,temporal,0,0.230838000,1.684601000,28,28672,-116.45233458778668
1,1024,2,83,static,1,0.268164000,1.560574000,264,270336,-116.45233458778668
1,1024,2,84,static,0,0.274253000,1.602988000,265,271360,-209.83860533345670
1,1024,2,84,temporal,1,0.233973000,1.726815000,28,28672,-209.83860533345670
1,1024,2,85,temporal,0,0.242025000,1.691441000,27,27648,214.58376150522090
1,1024,2,85,static,1,0.307224000,1.964684000,264,270336,214.58376150522090
1,1024,2,86,static,0,0.326973000,1.614756000,265,271360,-30.808078623033840
1,1024,2,86,temporal,1,0.244429000,1.891263000,28,28672,-30.808078623033840
1,1024,2,87,temporal,0,0.247714000,1.666234000,28,28672,-194.56435676732488
1,1024,2,87,static,1,0.267944000,1.705613000,264,270336,-194.56435676732488
1,1024,2,88,static,0,1.216846000,2.840946000,264,270336,-224.09287444088040
1,1024,2,88,temporal,1,0.263428000,1.677691000,28,28672,-224.09287444088040
1,1024,2,89,temporal,0,0.243748000,1.898885000,28,28672,70.546393270041970
1,1024,2,89,static,1,0.301304000,1.752063000,266,272384,70.546393270041970
1,1024,2,90,static,0,0.331751000,1.781578000,264,270336,-171.10008860916074
1,1024,2,90,temporal,1,0.320233000,1.736539000,28,28672,-171.10008860916074
1,1024,2,91,temporal,0,0.267684000,1.736029000,28,28672,-244.12486183751554
1,1024,2,91,static,1,0.411571000,1.985165000,262,268288,-244.12486183751554
1,1024,2,92,static,0,0.430099000,1.984014000,264,270336,189.39472496065642
1,1024,2,92,temporal,1,0.408717000,1.905445000,28,28672,189.39472496065642
1,1024,2,93,temporal,0,0.282206000,1.817833000,28,28672,-150.36999562468012
1,1024,2,93,static,1,0.480184000,1.979616000,265,271360,-150.36999562468012
1,1024,2,94,static,0,0.436248000,2.042912000,264,270336,-241.00018021971604
1,1024,2,94,temporal,1,0.381125000,1.906256000,28,28672,-241.00018021971604
1,1024,2,95,temporal,0,0.282185000,1.739634000,27,27648,-104.60858404404783
1,1024,2,95,static,1,0.447616000,1.853807000,262,268288,-104.60858404404783
1,1024,2,96,static,0,0.433374000,2.055641000,263,269312,200.01094614660138
1,1024,2,96,temporal,1,0.342356000,1.950422000,28,28672,200.01094614660138
1,1024,2,97,temporal,0,0.280894000,2.011445000,28,28672,-40.414158395613810
1,1024,2,97,static,1,0.428807000,1.898905000,265,271360,-40.414158395613810
1,1024,2,98,static,0,0.318110000,1.991334000,266,272384,180.33541434920647
1,1024,2,98,temporal,1,0.293863000,1.708868000,28,28672,180.33541434920647
1,1024,2,99,temporal,0,0.259832000,1.764813000,28,28672,111.87570076470670
1,1024,2,99,static,1,0.328616000,1.738944000,265,271360,111.87570076470670
1,1024,2,100,static,0,0.406273000,1.842309000,265,271360,85.175091146783130
1,1024,2,100,temporal,1,0.383719000,1.789590000,28,28672,85.175091146783130
1,1024,2,101,temporal,0,0.278520000,1.657520000,28,28672,-212.30089206422673
1,1024,2,101,static,1,0.322397000,1.944564000,266,272384,-212.30089206422673
1,1024,2,102,static,0,0.308686000,1.592302000,264,270336,243.35855270289875
1,1024,2,102,temporal,1,0.307253000,1.654085000,28,28672,243.35855270289875
1,1024,2,103,temporal,0,0.251389000,1.636168000,28,28672,-248.15025138891033
1,1024,2,103,static,1,0.275635000,1.677861000,264,270336,-248.15025138891033
1,1024,2,104,static,0,0.344360000,1.680175000,265,271360,-62.758357208306800
1,1024,2,104,temporal,1,0.276677000,1.668587000,28,28672,-62.758357208306800
1,1024,2,105,temporal,0,0.259272000,1.706775000,27,27648,-20.650530169564960
1,1024,2,105,static,1,0.345221000,1.856982000,262,268288,-20.650530169564960
1,1024,2,106,static,0,0.441246000,1.826246000,266,272384,-47.955493978439414
1,1024,2,106,temporal,1,0.273413000,1.672393000,28,28672,-47.955493978439414
1,1024,2,107,temporal,0,0.243888000,1.541306000,28,28672,236.65753548174519
1,1024,2,107,static,1,0.354695000,1.646253000,263,269312,236.65753548174519
1,1024,2,108,static,0,0.350028000,1.874768000,266,272384,63.020349182705250
1,1024,2,108,temporal,1,0.243277000,1.686114000,28,28672,63.020349182705250
1,1024,2,109,temporal,0,0.246532000,1.583669000,28,28672,44.448273279082330
1,1024,2,109,static,1,0.289556000,1.643689000,264,270336,44.448273279082330
1,1024,2,110,static,0,0.267534000,1.572272000,266,272384,238.70039771197023
1,1024,2,110,temporal,1,0.236156000,1.561405000,28,28672,238.70039771197023
1,1024,2,111,temporal,0,0.231599000,1.705072000,28,28672,8.4948314872113480
1,1024,2,111,static,1,0.262826000,1.666774000,264,270336,8.4948314872113480
1,1024,2,112,static,0,0.269076000,1.746485000,264,270336,46.727888682414490
1,1024,2,112,temporal,1,0.246131000,1.647946000,28,28672,46.727888682414490
1,1024,2,113,temporal,0,0.220162000,2.149833000,28,28672,-208.16425599330378
1,1024,2,113,static,1,0.493384000,1.982160000,266,272384,-208.16425599330378
1,1024,2,114,static,0,0.283948000,1.874277000,264,270336,176.03071251103685
1,1024,2,114,temporal,1,0.259602000,2.184806000,28,28672,176.03071251103685
1,1024,2,115,temporal,0,0.328846000,1.767987000,28,28672,37.278199035835090
1,1024,2,115,static,1,0.299592000,1.765544000,263,269312,37.278199035835090
1,1024,2,116,static,0,0.466103000,1.883962000,265,271360,184.02717511494836
1,1024,2,116,temporal,1,0.277729000,1.701467000,28,28672,184.02717511494836
1,1024,2,117,temporal,0,0.287363000,1.881027000,28,28672,148.71129491535748
1,1024,2,117,static,1,0.425762000,1.875079000,264,270336,148.71129491535748
1,1024,2,118,static,0,0.278380000,1.682708000,265,271360,12.339575623690260
1,1024,2,118,temporal,1,0.268415000,1.574034000,28,28672,12.339575623690260
1,1024,2,119,temporal,0,0.312241000,1.634465000,28,28672,6.4132991869145770
1,1024,2,119,static,1,0.291330000,1.746545000,266,272384,6.4132991869145770
1,1024,3,0,temporal,0,0.365732000,1.679063000,28,28672,211.65026870993768
1,1024,3,0,static,1,0.304990000,2.411999000,267,273408,211.65026870993768
1,1024,3,1,static,0,0.305581000,1.652603000,263,269312,84.598133341991660
1,1024,3,1,temporal,1,0.264329000,2.465769000,28,28672,84.598133341991660
1,1024,3,2,temporal,0,0.363308000,1.736650000,28,28672,75.756681783698650
1,1024,3,2,static,1,0.421857000,2.131456000,264,270336,75.756681783698650
1,1024,3,3,static,0,0.550029000,2.186388000,264,270336,216.27396047811732
1,1024,3,3,temporal,1,0.435467000,1.954659000,28,28672,216.27396047811732
1,1024,3,4,temporal,0,0.250989000,1.795279000,28,28672,104.94577437297505
1,1024,3,4,static,1,0.490490000,2.090043000,263,269312,104.94577437297505
1,1024,3,5,static,0,0.289066000,1.769099000,265,271360,-245.69267172972900
1,1024,3,5,temporal,1,0.270598000,1.725743000,28,28672,-245.69267172972900
1,1024,3,6,temporal,0,0.291760000,1.879135000,28,28672,244.04757627144556
1,1024,3,6,static,1,0.635699000,2.042191000,264,270336,244.04757627144556
1,1024,3,7,static,0,0.355937000,1.654986000,266,272384,204.17151089644406
1,1024,3,7,temporal,1,0.445151000,1.840246000,28,28672,204.17151089644406
1,1024,3,8,temporal,0,0.314334000,1.903502000,28,28672,95.090103221987890
1,1024,3,8,static,1,0.487505000,1.993788000,263,269312,95.090103221987890
1,1024,3,9,static,0,0.339122000,1.783441000,263,269312,-93.298557088524050
1,1024,3,9,temporal,1,0.343919000,1.737051000,28,28672,-93.298557088524050
1,1024,3,10,temporal,0,0.367555000,1.864032000,28,28672,28.213065835549102
1,1024,3,10,static,1,0.406083000,1.922891000,266,272384,28.213065835549102
1,1024,3,11,static,0,0.386323000,1.780627000,266,272384,171.93242108524834
1,1024,3,11,temporal,1,0.327614000,2.049933000,28,28672,171.93242108524834
1,1024,3,12,temporal,0,0.295225000,1.790531000,28,28672,199.06933305581165
1,1024,3,12,static,1,0.309126000,1.717201000,266,272384,199.06933305581165
1,1024,3,13,static,0,0.336328000,1.674707000,265,271360,192.70992264232905
1,1024,3,13,temporal,1,0.309026000,1.642738000,28,28672,192.70992264232905
1,1024,3,14,temporal,0,0.236306000,1.581706000,28,28672,240.49179785010534
1,1024,3,14,static,1,0.286552000,1.574204000,266,272384,240.49179785010534
1,1024,3,15,static,0,0.271019000,1.615938000,266,272384,226.21612431199827
1,1024,3,15,temporal,1,0.294154000,1.599503000,28,28672,226.21612431199827
1,1024,3,16,temporal,0,0.276407000,1.559262000,28,28672,183.04488421560890
1,1024,3,16,static,1,0.267904000,1.678983000,264,270336,183.04488421560890
1,1024,3,17,static,0,0.283017000,1.623289000,265,271360,-183.19300173568055
1,1024,3,17,temporal,1,0.259652000,1.676900000,28,28672,-183.19300173568055
1,1024,3,18,temporal,0,0.235285000,1.662478000,28,28672,181.61971781066820
1,1024,3,18,static,1,0.284519000,1.650270000,264,270336,181.61971781066820
1,1024,3,19,static,0,0.292481000,1.799174000,263,269312,104.94577437297505
1,1024,3,19,temporal,1,0.262365000,1.695477000,28,28672,104.94577437297505
1,1024,3,20,temporal,0,0.237718000,1.620214000,28,28672,-92.953639596478840
1,1024,3,20,static,1,0.348586000,1.632803000,264,270336,-92.953639596478840
1,1024,3,21,static,0,0.267554000,1.570249000,265,271360,-102.51322137022042
1,1024,3,21,temporal,1,0.302897000,1.604450000,28,28672,-102.51322137022042
1,1024,3,22,temporal,0,0.247864000,1.596719000,28,28672,215.55334566816420
1,1024,3,22,static,1,0.274794000,1.945275000,263,269312,215.55334566816420
1,1024,3,23,static,0,0.288535000,1.737401000,266,272384,118.79244189293710
1,1024,3,23,temporal,1,0.234144000,1.914419000,28,28672,118.79244189293710
1,1024,3,24,temporal,0,0.250538000,1.713365000,28,28672,-239.78790164809388
1,1024,3,24,static,1,0.288585000,1.749299000,264,270336,-239.78790164809388
1,1024,3,25,static,0,0.271399000,1.621766000,266,272384,-162.72987163086256
1,1024,3,25,temporal,1,0.240173000,1.661687000,28,28672,-162.72987163086256
1,1024,3,26,temporal,0,0.357109000,1.649008000,28,28672,-71.405114426621900
1,1024,3,26,static,1,0.305781000,1.633805000,264,270336,-71.405114426621900
1,1024,3,27,static,0,0.283959000,1.795569000,265,271360,200.70826276943590
1,1024,3,27,temporal,1,0.330829000,1.752043000,28,28672,200.70826276943590
1,1024,3,28,temporal,0,0.243467000,1.737852000,28,28672,107.67974183222937
1,1024,3,28,static,1,0.327814000,2.324807000,265,271360,107.67974183222937
1,1024,3,29,static,0,0.373293000,1.819495000,266,272384,227.95603049826082
1,1024,3,29,temporal,1,0.307514000,1.861528000,28,28672,227.95603049826082
1,1024,3,30,temporal,0,0.351140000,1.716309000,28,28672,-209.75561475066672
1,1024,3,30,static,1,0.298640000,1.594796000,266,272384,-209.75561475066672
1,1024,3,31,static,0,0.327334000,1.916231000,264,270336,-72.996220255787110
1,1024,3,31,temporal,1,0.311610000,1.758402000,28,28672,-72.996220255787110
1,1024,3,32,temporal,0,0.268174000,1.795559000,28,28672,-183.15364848359644
1,1024,3,32,static,1,0.282907000,1.662098000,264,270336,-183.15364848359644
1,1024,3,33,static,0,0.365070000,1.746394000,265,271360,142.48275965496070
1,1024,3,33,temporal,1,0.300984000,1.620905000,28,28672,142.48275965496070
1,1024,3,34,temporal,0,0.243958000,1.534485000,28,28672,-56.051668283040430
1,1024,3,34,static,1,0.351551000,1.702008000,266,272384,-56.051668283040430
1,1024,3,35,static,0,0.283978000,1.593984000,264,270336,-148.20891819554328
1,1024,3,35,temporal,1,0.237419000,1.579674000,28,28672,-148.20891819554328
1,1024,3,36,temporal,0,0.287233000,1.651331000,28,28672,150.28682730472144
1,1024,3,36,static,1,0.403398000,1.844012000,263,269312,150.28682730472144
1,1024,3,37,static,0,0.271079000,1.738202000,262,268288,73.996079792846560
1,1024,3,37,temporal,1,0.252361000,1.575226000,28,28672,73.996079792846560
1,1024,3,38,temporal,0,0.285290000,1.705322000,27,27648,186.79309383538100
1,1024,3,38,static,1,0.322997000,1.904583000,265,271360,186.79309383538100
1,1024,3,39,static,0,0.285581000,1.855329000,264,270336,202.09564153434496
1,1024,3,39,temporal,1,0.253833000,1.665493000,28,28672,202.09564153434496
1,1024,3,40,temporal,0,0.228966000,1.567145000,28,28672,-128.32770411107242
1,1024,3,40,static,1,0.349827000,1.663309000,266,272384,-128.32770411107242
1,1024,3,41,static,0,0.273733000,1.709960000,264,270336,179.46705042906340
1,1024,3,41,temporal,1,0.257920000,1.711703000,28,28672,179.46705042906340
1,1024,3,42,temporal,0,0.299652000,1.631121000,28,28672,68.661101701511240
1,1024,3,42,static,1,0.300544000,1.722158000,264,270336,68.661101701511240
1,1024,3,43,static,0,0.297729000,1.691972000,265,271360,-205.90709364523275
1,1024,3,43,temporal,1,0.268746000,1.726375000,28,28672,-205.90709364523275
1,1024,3,44,temporal,0,0.318310000,1.681216000,28,28672,-121.22464706111171
1,1024,3,44,static,1,0.314495000,1.616279000,265,271360,-121.22464706111171
1,1024,3,45,static,0,0.275435000,1.533393000,265,271360,59.469535280601960
1,1024,3,45,temporal,1,0.261745000,1.540784000,28,28672,59.469535280601960
1,1024,3,46,temporal,0,0.238389000,1.531680000,28,28672,-128.32770411107242
1,1024,3,46,static,1,0.300293000,1.682588000,266,272384,-128.32770411107242
1,1024,3,47,static,0,0.279773000,1.678152000,263,269312,92.478829952913290
1,1024,3,47,temporal,1,0.336498000,1.679875000,28,28672,92.478829952913290
1,1024,3,48,temporal,0,0.270598000,1.631781000,28,28672,-178.32750124286713
1,1024,3,48,static,1,0.279262000,1.728658000,266,272384,-178.32750124286713
1,1024,3,49,static,0,0.283357000,1.652613000,262,268288,-96.783270321737460
1,1024,3,49,temporal,1,0.266322000,1.642518000,28,28672,-96.783270321737460
1,1024,3,50,temporal,0,0.239521000,1.776570000,28,28672,-156.94455789096065
1,1024,3,50,static,1,0.365772000,1.854077000,265,271360,-156.94455789096065
1,1024,3,51,static,0,0.290018000,1.690831000,264,270336,102.52532823200147
1,1024,3,51,temporal,1,0.270388000,1.728858000,28,28672,102.52532823200147
1,1024,3,52,temporal,0,0.256016000,1.679624000,28,28672,194.08712225535760
1,1024,3,52,static,1,0.304809000,1.743290000,263,269312,194.08712225535760
1,1024,3,53,static,0,0.291881000,1.878604000,265,271360,-186.73007354931232
1,1024,3,53,temporal,1,0.480956000,1.821588000,28,28672,-186.73007354931232
1,1024,3,54,temporal,0,0.262697000,1.694497000,28,28672,154.00453455512698
1,1024,3,54,static,1,0.281875000,1.678953000,265,271360,154.00453455512698
1,1024,3,55,static,0,0.257328000,1.529838000,263,269312,-196.97926340722103
1,1024,3,55,temporal,1,0.241284000,1.551380000,28,28672,-196.97926340722103
1,1024,3,56,temporal,0,0.220192000,1.551531000,28,28672,-46.041117476970946
1,1024,3,56,static,1,0.269747000,1.624440000,263,269312,-46.041117476970946
1,1024,3,57,static,0,0.245120000,1.613404000,267,273408,106.95667629163562
1,1024,3,57,temporal,1,0.229756000,1.558721000,28,28672,106.95667629163562
1,1024,3,58,temporal,0,0.212580000,1.594065000,28,28672,109.24553291976748
1,1024,3,58,static,1,0.269547000,1.549678000,263,269312,109.24553291976748
1,1024,3,59,static,0,0.264559000,1.950913000,266,272384,-179.70402551513564
1,1024,3,59,temporal,1,0.299953000,1.637311000,28,28672,-179.70402551513564
1,1024,3,60,temporal,0,0.220933000,1.836250000,28,28672,184.30456222609754
1,1024,3,60,static,1,0.288175000,1.655337000,266,272384,184.30456222609754
1,1024,3,61,static,0,0.273192000,1.694617000,264,270336,159.04377817069310
1,1024,3,61,temporal,1,0.230208000,1.652904000,28,28672,159.04377817069310
1,1024,3,62,temporal,0,0.215265000,1.503248000,28,28672,-17.258393532800444
1,1024,3,62,static,1,0.270318000,1.552803000,265,271360,-17.258393532800444
1,1024,3,63,static,0,0.242496000,1.632032000,266,272384,157.29917554627954
1,1024,3,63,temporal,1,0.252500000,1.640234000,28,28672,157.29917554627954
1,1024,3,64,temporal,0,0.215926000,1.628708000,28,28672,-242.12169445912070
1,1024,3,64,static,1,0.256367000,1.906046000,264,270336,-242.12169445912070
1,1024,3,65,static,0,0.274595000,1.578832000,263,269312,-201.79577565803004
1,1024,3,65,temporal,1,0.249657000,1.621146000,28,28672,-201.79577565803004
1,1024,3,66,temporal,0,0.235095000,1.594476000,28,28672,-116.45233458778668
1,1024,3,66,static,1,0.294334000,1.897763000,264,270336,-116.45233458778668
1,1024,3,67,static,0,0.328416000,1.742148000,263,269312,87.625619565982530
1,1024,3,67,temporal,1,0.250087000,1.690991000,28,28672,87.625619565982530
1,1024,3,68,temporal,0,0.244188000,1.640405000,28,28672,-247.88778815770874
1,1024,3,68,static,1,0.287744000,2.023583000,265,271360,-247.88778815770874
1,1024,3,69,static,0,0.311009000,1.869841000,264,270336,241.89143095942111
1,1024,3,69,temporal,1,0.306843000,1.613995000,28,28672,241.89143095942111
1,1024,3,70,temporal,0,0.296297000,1.740726000,28,28672,-65.851041453540420
1,1024,3,70,static,1,0.284299000,1.623349000,266,272384,-65.851041453540420
1,1024,3,71,static,0,0.315856000,1.689158000,265,271360,151.51042580244004
1,1024,3,71,temporal,1,0.230818000,1.716209000,28,28672,151.51042580244004
1,1024,3,72,temporal,0,0.237248000,1.649869000,28,28672,180.14316171883715
1,1024,3,72,static,1,0.298470000,1.806736000,264,270336,180.14316171883715
1,1024,3,73,static,0,0.306883000,1.693395000,263,269312,-100.70434183975593
1,1024,3,73,temporal,1,0.242606000,1.761878000,28,28672,-100.70434183975593
1,1024,3,74,temporal,0,0.241665000,1.630981000,28,28672,-96.783270321737460
1,1024,3,74,static,1,0.303998000,1.675587000,262,268288,-96.783270321737460
1,1024,3,75,static,0,0.253112000,1.539943000,264,270336,-211.37614740806515
1,1024,3,75,temporal,1,0.220002000,1.738493000,28,28672,-211.37614740806515
1,1024,3,76,temporal,0,0.292071000,1.622317000,28,28672,50.115087808337850
1,1024,3,76,static,1,0.335687000,1.739094000,264,270336,50.115087808337850
1,1024,3,77,static,0,0.277579000,1.611481000,266,272384,-148.03951139955250
1,1024,3,77,temporal,1,0.281344000,1.621736000,28,28672,-148.03951139955250
1,1024,3,78,temporal,0,0.268735000,1.742849000,28,28672,180.14316171883715
1,1024,3,78,static,1,0.281134000,1.669418000,264,270336,180.14316171883715
1,1024,3,79,static,0,0.264870000,1.620064000,265,271360,128.65089551120406
1,1024,3,79,temporal,1,0.257158000,1.838894000,28,28672,128.65089551120406
1,1024,3,80,temporal,0,0.257128000,1.703960000,28,28672,200.70884482753613
1,1024,3,80,static,1,0.276627000,1.610219000,264,270336,200.70884482753613
1,1024,3,81,static,0,0.268425000,1.660976000,263,269312,200.01094614660138
1,1024,3,81,temporal,1,0.254985000,1.688778000,28,28672,200.01094614660138
1,1024,3,82,temporal,0,0.229126000,1.617611000,28,28672,21.559759959114930
1,1024,3,82,static,1,0.338090000,1.774687000,264,270336,21.559759959114930
1,1024,3,83,static,0,0.259632000,1.584561000,264,270336,-116.45233458778668
1,1024,3,83,temporal,1,0.241304000,1.563859000,28,28672,-116.45233458778668
1,1024,3,84,temporal,0,0.237448000,1.594966000,28,28672,-209.83860533345670
1,1024,3,84,static,1,0.259342000,1.591381000,265,271360,-209.83860533345670
1,1024,3,85,static,0,0.287334000,1.872986000,264,270336,214.58376150522090
1,1024,3,85,temporal,1,0.282366000,1.707426000,27,27648,214.58376150522090
1,1024,3,86,temporal,0,0.239862000,1.662568000,28,28672,-30.808078623033840
1,1024,3,86,static,1,0.280353000,1.570790000,265,271360,-30.808078623033840
1,1024,3,87,static,0,0.266062000,1.662038000,264,270336,-194.56435676732488
1,1024,3,87,temporal,1,0.283518000,1.756540000,28,28672,-194.56435676732488
1,1024,3,88,temporal,0,0.226102000,1.541686000,28,28672,-224.09287444088040
1,1024,3,88,static,1,0.278691000,1.662008000,264,270336,-224.09287444088040
1,1024,3,89,static,0,0.451701000,1.871853000,266,272384,70.546393270041970
1,1024,3,89,temporal,1,0.230127000,1.583789000,28,28672,70.546393270041970
1,1024,3,90,temporal,0,0.254474000,1.626995000,28,28672,-171.10008860916074
1,1024,3,90,static,1,0.311119000,1.605131000,264,270336,-171.10008860916074
1,1024,3,91,static,0,0.253483000,1.594236000,262,268288,-244.12486183751554
1,1024,3,91,temporal,1,0.246822000,1.737371000,28,28672,-244.12486183751554
1,1024,3,92,temporal,0,0.227753000,1.697531000,28,28672,189.39472496065642
1,1024,3,92,static,1,0.274113000,1.688217000,264,270336,189.39472496065642
1,1024,3,93,static,0,0.266683000,1.665653000,265,271360,-150.36999562468012
1,1024,3,93,temporal,1,0.251940000,1.745363000,28,28672,-150.36999562468012
1,1024,3,94,temporal,0,0.238850000,1.626273000,28,28672,-241.00018021971604
1,1024,3,94,static,1,0.266683000,1.732945000,264,270336,-241.00018021971604
1,1024,3,95,static,0,0.273663000,1.655618000,262,268288,-104.60858404404783
1,1024,3,95,temporal,1,0.231208000,1.964393000,27,27648,-104.60858404404783
1,1024,3,96,temporal,0,0.250628000,1.692944000,28,28672,200.01094614660138
1,1024,3,96,static,1,0.279522000,1.703731000,263,269312,200.01094614660138
1,1024,3,97,static,0,0.291380000,1.678042000,265,271360,-40.414158395613810
1,1024,3,97,temporal,1,0.236877000,1.617810000,28,28672,-40.414158395613810
1,1024,3,98,temporal,0,0.216957000,1.904673000,28,28672,180.33541434920647
1,1024,3,98,static,1,0.286292000,1.768788000,266,272384,180.33541434920647
1,1024,3,99,static,0,0.292150000,1.701176000,265,271360,111.87570076470670
1,1024,3,99,temporal,1,0.298170000,1.718272000,28,28672,111.87570076470670
1,1024,3,100,temporal,0,0.221083000,1.702368000,28,28672,85.175091146783130
1,1024,3,100,static,1,0.265821000,1.684151000,265,271360,85.175091146783130
1,1024,3,101,static,0,0.280162000,1.567985000,266,272384,-212.30089206422673
1,1024,3,101,temporal,1,0.229766000,1.527574000,28,28672,-212.30089206422673
1,1024,3,102,temporal,0,0.239401000,1.497659000,28,28672,243.35855270289875
1,1024,3,102,static,1,0.256307000,1.510609000,264,270336,243.35855270289875
1,1024,3,103,static,0,0.291489000,1.654786000,264,270336,-248.15025138891033
1,1024,3,103,temporal,1,0.238440000,1.686515000,28,28672,-248.15025138891033
1,1024,3,104,temporal,0,0.231018000,1.636429000,28,28672,-62.758357208306800
1,1024,3,104,static,1,0.313723000,1.592112000,265,271360,-62.758357208306800
1,1024,3,105,static,0,0.250778000,1.615417000,262,268288,-20.650530169564960
1,1024,3,105,temporal,1,0.240663000,1.582037000,27,27648,-20.650530169564960
1,1024,3,106,temporal,0,0.238109000,1.524770000,28,28672,-47.955493978439414
1,1024,3,106,static,1,0.255926000,1.559192000,266,272384,-47.955493978439414
1,1024,3,107,static,0,0.349477000,1.674065000,263,269312,236.65753548174519
1,1024,3,107,temporal,1,0.256016000,1.640675000,28,28672,236.65753548174519
1,1024,3,108,temporal,0,0.248855000,1.682588000,28,28672,63.020349182705250
1,1024,3,108,static,1,0.315926000,1.789369000,266,272384,63.020349182705250
1,1024,3,109,static,0,0.268354000,1.685542000,264,270336,44.448273279082330
1,1024,3,109,temporal,1,0.249206000,1.789360000,28,28672,44.448273279082330
1,1024,3,110,temporal,0,0.238710000,1.663360000,28,28672,238.70039771197023
1,1024,3,110,static,1,0.546444000,1.895650000,266,272384,238.70039771197023
1,1024,3,111,static,0,0.338431000,1.772004000,264,270336,8.4948314872113480
1,1024,3,111,temporal,1,0.242656000,1.639743000,28,28672,8.4948314872113480
1,1024,3,112,temporal,0,0.217348000,1.544581000,28,28672,46.727888682414490
1,1024,3,112,static,1,0.264910000,1.621897000,264,270336,46.727888682414490
1,1024,3,113,static,0,0.245591000,1.654896000,266,272384,-208.16425599330378
1,1024,3,113,temporal,1,0.222826000,1.663159000,28,28672,-208.16425599330378
1,1024,3,114,temporal,0,0.215765000,1.579252000,28,28672,176.03071251103685
1,1024,3,114,static,1,0.255896000,1.613094000,264,270336,176.03071251103685
1,1024,3,115,static,0,0.274254000,1.690901000,263,269312,37.278199035835090
1,1024,3,115,temporal,1,0.240483000,1.633985000,28,28672,37.278199035835090
1,1024,3,116,temporal,0,0.226762000,1.510760000,28,28672,184.02717511494836
1,1024,3,116,static,1,0.286102000,1.611161000,265,271360,184.02717511494836
1,1024,3,117,static,0,0.260703000,1.701457000,264,270336,148.71129491535748
1,1024,3,117,temporal,1,0.243587000,1.701347000,28,28672,148.71129491535748
1,1024,3,118,temporal,0,0.317228000,1.590729000,28,28672,12.339575623690260
1,1024,3,118,static,1,0.317008000,1.869630000,265,271360,12.339575623690260
1,1024,3,119,static,0,0.306463000,1.665884000,266,272384,6.4132991869145770
1,1024,3,119,temporal,1,0.257989000,1.571831000,28,28672,6.4132991869145770
2,1024,0,0,static,0,0.310719000,1.629939000,267,273408,211.65026870993768
2,1024,0,0,temporal,1,0.226141000,1.487714000,28,28672,211.65026870993768
2,1024,0,1,temporal,0,0.210428000,1.559944000,28,28672,84.598133341991660
2,1024,0,1,static,1,0.275035000,1.574676000,263,269312,84.598133341991660
2,1024,0,2,static,0,0.242345000,1.560504000,264,270336,75.756681783698650
2,1024,0,2,temporal,1,0.244969000,2.002140000,28,28672,75.756681783698650
2,1024,0,3,temporal,0,0.289878000,1.591361000,28,28672,216.27396047811732
2,1024,0,3,static,1,0.265821000,1.563498000,264,270336,216.27396047811732
2,1024,0,4,static,0,0.285901000,1.651942000,263,269312,104.94577437297505
2,1024,0,4,temporal,1,0.227803000,1.704411000,28,28672,104.94577437297505
2,1024,0,5,temporal,0,0.226893000,1.592242000,28,28672,-245.69267172972900
2,1024,0,5,static,1,0.264729000,1.624881000,265,271360,-245.69267172972900
2,1024,0,6,static,0,0.242806000,1.519452000,264,270336,244.04757627144556
2,1024,0,6,temporal,1,0.228755000,1.483287000,28,28672,244.04757627144556
2,1024,0,7,temporal,0,0.225460000,1.490989000,28,28672,204.17151089644406
2,1024,0,7,static,1,0.298260000,1.704952000,266,272384,204.17151089644406
2,1024,0,8,static,0,0.274244000,1.578622000,263,269312,95.090103221987890
2,1024,0,8,temporal,1,0.269186000,1.570229000,28,28672,95.090103221987890
2,1024,0,9,temporal,0,0.229106000,1.490508000,28,28672,-93.298557088524050
2,1024,0,9,static,1,0.248414000,1.525170000,263,269312,-93.298557088524050
2,1024,0,10,static,0,0.280704000,1.632112000,266,272384,28.213065835549102
2,1024,0,10,temporal,1,0.219351000,1.567235000,28,28672,28.213065835549102
2,1024,0,11,temporal,0,0.208204000,1.520634000,28,28672,171.93242108524834
2,1024,0,11,static,1,0.270719000,1.575246000,266,272384,171.93242108524834
2,1024,0,12,static,0,0.246262000,1.610870000,266,272384,199.06933305581165
2,1024,0,12,temporal,1,0.268154000,1.635226000,28,28672,199.06933305581165
2,1024,0,13,temporal,0,0.211910000,1.519041000,28,28672,192.70992264232905
2,1024,0,13,static,1,0.261104000,1.652563000,265,271360,192.70992264232905
2,1024,0,14,static,0,0.273352000,1.525041000,266,272384,240.49179785010534
2,1024,0,14,temporal,1,0.216917000,1.579082000,28,28672,240.49179785010534
2,1024,0,15,temporal,0,0.405642000,1.743320000,28,28672,226.21612431199827
2,1024,0,15,static,1,0.270438000,1.562447000,266,272384,226.21612431199827
2,1024,0,16,static,0,0.249326000,1.497478000,264,270336,183.04488421560890
2,1024,0,16,temporal,1,0.220472000,1.479261000,28,28672,183.04488421560890
2,1024,0,17,temporal,0,0.215315000,1.472902000,28,28672,-183.19300173568055
2,1024,0,17,static,1,0.266803000,1.550319000,265,271360,-183.19300173568055
2,1024,0,18,static,0,1.416727000,2.824441000,264,270336,181.61971781066820
2,1024,0,18,temporal,1,0.262606000,1.621225000,28,28672,181.61971781066820
2,1024,0,19,temporal,0,0.222886000,1.706594000,28,28672,104.94577437297505
2,1024,0,19,static,1,0.268645000,1.679914000,263,269312,104.94577437297505
2,1024,0,20,static,0,0.263938000,1.575837000,264,270336,-92.953639596478840
2,1024,0,20,temporal,1,0.304269000,1.592733000,28,28672,-92.953639596478840
2,1024,0,21,temporal,0,0.237208000,1.497839000,28,28672,-102.51322137022042
2,1024,0,21,static,1,0.317940000,1.877953000,265,271360,-102.51322137022042
2,1024,0,22,static,0,0.295305000,1.723179000,263,269312,215.55334566816420
2,1024,0,22,temporal,1,0.231329000,1.561145000,28,28672,215.55334566816420
2,1024,0,23,temporal,0,0.235025000,1.635608000,28,28672,118.79244189293710
2,1024,0,23,static,1,0.258290000,1.663891000,266,272384,118.79244189293710
2,1024,0,24,static,0,0.246712000,1.632723000,264,270336,-239.78790164809388
2,1024,0,24,temporal,1,0.259311000,1.605702000,28,28672,-239.78790164809388
2,1024,0,25,temporal,0,0.221855000,1.533724000,28,28672,-162.72987163086256
2,1024,0,25,static,1,0.265841000,1.595517000,266,272384,-162.72987163086256
2,1024,0,26,static,0,0.267233000,1.498801000,264,270336,-71.405114426621900
2,1024,0,26,temporal,1,0.214734000,1.439372000,28,28672,-71.405114426621900
2,1024,0,27,temporal,0,0.228675000,1.631841000,28,28672,200.70826276943590
2,1024,0,27,static,1,0.256867000,1.703239000,265,271360,200.70826276943590
2,1024,0,28,static,0,0.355656000,1.704611000,265,271360,107.67974183222937
2,1024,0,28,temporal,1,0.266742000,1.640114000,28,28672,107.67974183222937
2,1024,0,29,temporal,0,0.240803000,1.483548000,28,28672,227.95603049826082
2,1024,0,29,static,1,0.305962000,1.554095000,266,272384,227.95603049826082
2,1024,0,30,static,0,0.253112000,1.536769000,266,272384,-209.75561475066672
2,1024,0,30,temporal,1,0.225020000,1.497529000,28,28672,-209.75561475066672
2,1024,0,31,temporal,0,0.224288000,1.578321000,28,28672,-72.996220255787110
2,1024,0,31,static,1,0.252642000,1.746175000,264,270336,-72.996220255787110
2,1024,0,32,static,0,0.320404000,1.660045000,264,270336,-183.15364848359644
2,1024,0,32,temporal,1,0.238369000,1.803740000,28,28672,-183.15364848359644
2,1024,0,33,temporal,0,0.245751000,1.575777000,28,28672,142.48275965496070
2,1024,0,33,static,1,0.293513000,1.577881000,265,271360,142.48275965496070
2,1024,0,34,static,0,0.250248000,1.688628000,266,272384,-56.051668283040430
2,1024,0,34,temporal,1,0.251700000,1.529457000,28,28672,-56.051668283040430
2,1024,0,35,temporal,0,0.238369000,1.563719000,28,28672,-148.20891819554328
2,1024,0,35,static,1,0.261465000,1.572152000,264,270336,-148.20891819554328
2,1024,0,36,static,0,0.267544000,1.618031000,263,269312,150.28682730472144
2,1024,0,36,temporal,1,0.219461000,1.585823000,28,28672,150.28682730472144
2,1024,0,37,temporal,0,0.221724000,1.601716000,28,28672,73.996079792846560
2,1024,0,37,static,1,1.807857000,3.332417000,262,268288,73.996079792846560
2,1024,0,38,static,0,0.375546000,3.059645000,265,271360,186.79309383538100
2,1024,0,38,temporal,1,0.301225000,1.667596000,27,27648,186.79309383538100
2,1024,0,39,temporal,0,0.255195000,1.735448000,28,28672,202.09564153434496
2,1024,0,39,static,1,0.297749000,1.729769000,264,270336,202.09564153434496
2,1024,0,40,static,0,0.264739000,1.603218000,266,272384,-128.32770411107242
2,1024,0,40,temporal,1,0.273232000,1.549928000,28,28672,-128.32770411107242
2,1024,0,41,temporal,0,0.233532000,1.866075000,28,28672,179.46705042906340
2,1024,0,41,static,1,0.317699000,1.808248000,264,270336,179.46705042906340
2,1024,0,42,static,0,0.312151000,1.605372000,264,270336,68.661101701511240
2,1024,0,42,temporal,1,0.293944000,2.315814000,28,28672,68.661101701511240
2,1024,0,43,temporal,0,0.272571000,1.772134000,28,28672,-205.90709364523275
2,1024,0,43,static,1,0.359332000,1.884973000,265,271360,-205.90709364523275
2,1024,0,44,static,0,0.478141000,1.842450000,265,271360,-121.22464706111171
2,1024,0,44,temporal,1,0.311250000,1.660656000,28,28672,-121.22464706111171
2,1024,0,45,temporal,0,0.249366000,1.519613000,28,28672,59.469535280601960
2,1024,0,45,static,1,0.330328000,1.564780000,265,271360,59.469535280601960
2,1024,0,46,static,0,0.290358000,1.676228000,266,272384,-128.32770411107242
2,1024,0,46,temporal,1,0.248525000,1.525962000,28,28672,-128.32770411107242
2,1024,0,47,temporal,0,0.230528000,1.600414000,28,28672,92.478829952913290
2,1024,0,47,static,1,0.298841000,1.633274000,263,269312,92.478829952913290
2,1024,0,48,static,0,0.292652000,1.614876000,266,272384,-178.32750124286713
2,1024,0,48,temporal,1,0.224789000,1.653093000,28,28672,-178.32750124286713
2,1024,0,49,temporal,0,0.234454000,1.582017000,28,28672,-96.783270321737460
2,1024,0,49,static,1,0.302767000,1.743540000,262,268288,-96.783270321737460
2,1024,0,50,static,0,0.285170000,1.603880000,265,271360,-156.94455789096065
2,1024,0,50,temporal,1,0.231990000,1.858343000,28,28672,-156.94455789096065
2,1024,0,51,temporal,0,0.259481000,1.629708000,28,28672,102.52532823200147
2,1024,0,51,static,1,0.318841000,1.835819000,264,270336,102.52532823200147
2,1024,0,52,static,0,0.512784000,1.903432000,263,269312,194.08712225535760
2,1024,0,52,temporal,1,0.295085000,1.582567000,28,28672,194.08712225535760
2,1024,0,53,temporal,0,0.310458000,1.664971000,28,28672,-186.73007354931232
2,1024,0,53,static,1,0.362056000,1.644551000,265,271360,-186.73007354931232
2,1024,0,54,static,0,0.292512000,1.799826000,265,271360,154.00453455512698
2,1024,0,54,temporal,1,0.303608000,1.703620000,28,28672,154.00453455512698
2,1024,0,55,temporal,0,0.304699000,1.613704000,28,28672,-196.97926340722103
2,1024,0,55,static,1,0.314254000,1.708507000,263,269312,-196.97926340722103
2,1024,0,56,static,0,0.342527000,1.803050000,263,269312,-46.041117476970946
2,1024,0,56,temporal,1,0.355216000,1.989472000,28,28672,-46.041117476970946
2,1024,0,57,temporal,0,0.280423000,1.782860000,28,28672,106.95667629163562
2,1024,0,57,static,1,0.339993000,1.772674000,267,273408,106.95667629163562
2,1024,0,58,static,0,0.277889000,1.622377000,263,269312,109.24553291976748
2,1024,0,58,temporal,1,0.260853000,1.656959000,28,28672,109.24553291976748
2,1024,0,59,temporal,0,0.270799000,1.603369000,28,28672,-179.70402551513564
2,1024,0,59,static,1,0.268285000,1.698633000,266,272384,-179.70402551513564
2,1024,0,60,static,0,0.264950000,1.570249000,266,272384,184.30456222609754
2,1024,0,60,temporal,1,0.264379000,1.553274000,28,28672,184.30456222609754
2,1024,0,61,temporal,0,0.225881000,1.670800000,28,28672,159.04377817069310
2,1024,0,61,static,1,0.293223000,1.677070000,264,270336,159.04377817069310
2,1024,0,62,static,0,0.283207000,1.589428000,265,271360,-17.258393532800444
2,1024,0,62,temporal,1,0.250869000,1.803191000,28,28672,-17.258393532800444
2,1024,0,63,temporal,0,0.243157000,1.718853000,28,28672,157.29917554627954
2,1024,0,63,static,1,0.281836000,1.702829000,266,272384,157.29917554627954
2,1024,0,64,static,0,0.407564000,1.784512000,264,270336,-242.12169445912070
2,1024,0,64,temporal,1,0.235105000,1.672343000,28,28672,-242.12169445912070
2,1024,0,65,temporal,0,0.244178000,1.526973000,28,28672,-201.79577565803004
2,1024,0,65,static,1,0.279151000,1.534906000,263,269312,-201.79577565803004
2,1024,0,66,static,0,0.257058000,1.526804000,264,270336,-116.45233458778668
2,1024,0,66,temporal,1,0.253943000,1.806084000,28,28672,-116.45233458778668
2,1024,0,67,temporal,0,0.245220000,1.633635000,28,28672,87.625619565982530
2,1024,0,67,static,1,0.305942000,1.608537000,263,269312,87.625619565982530
2,1024,0,68,static,0,0.282426000,1.648787000,265,271360,-247.88778815770874
2,1024,0,68,temporal,1,0.229376000,1.600194000,28,28672,-247.88778815770874
2,1024,0,69,temporal,0,0.419262000,1.786454000,28,28672,241.89143095942111
2,1024,0,69,static,1,0.305922000,1.550509000,264,270336,241.89143095942111
2,1024,0,70,static,0,0.248335000,1.542767000,266,272384,-65.851041453540420
2,1024,0,70,temporal,1,0.217418000,1.492812000,28,28672,-65.851041453540420
2,1024,0,71,temporal,0,0.212711000,1.662949000,28,28672,151.51042580244004
2,1024,0,71,static,1,0.293863000,1.623800000,265,271360,151.51042580244004
2,1024,0,72,static,0,0.275366000,1.598762000,264,270336,180.14316171883715
2,1024,0,72,temporal,1,0.216617000,1.916180000,28,28672,180.14316171883715
2,1024,0,73,temporal,0,0.245120000,1.936241000,28,28672,-100.70434183975593
2,1024,0,73,static,1,0.402056000,2.012646000,263,269312,-100.70434183975593
2,1024,0,74,static,0,0.302446000,2.095240000,262,268288,-96.783270321737460
2,1024,0,74,temporal,1,0.253973000,1.768448000,28,28672,-96.783270321737460
2,1024,0,75,temporal,0,0.232431000,1.508797000,28,28672,-211.37614740806515
2,1024,0,75,static,1,0.297740000,1.601456000,264,270336,-211.37614740806515
2,1024,0,76,static,0,0.368886000,1.832675000,264,270336,50.115087808337850
2,1024,0,76,temporal,1,0.254504000,1.564821000,28,28672,50.115087808337850
2,1024,0,77,temporal,0,0.287554000,1.775378000,28,28672,-148.03951139955250
2,1024,0,77,static,1,0.457740000,1.777291000,266,272384,-148.03951139955250
2,1024,0,78,static,0,0.265351000,1.724091000,264,270336,180.14316171883715
2,1024,0,78,temporal,1,0.275245000,1.601606000,28,28672,180.14316171883715
2,1024,0,79,temporal,0,0.245971000,1.613484000,28,28672,128.65089551120406
2,1024,0,79,static,1,0.351260000,1.703921000,265,271360,128.65089551120406
2,1024,0,80,static,0,0.264789000,4.719890000,264,270336,200.70884482753613
2,1024,0,80,temporal,1,0.341846000,1.689008000,28,28672,200.70884482753613
2,1024,0,81,temporal,0,0.338661000,1.848088000,28,28672,200.01094614660138
2,1024,0,81,static,1,0.309027000,1.773146000,263,269312,200.01094614660138
2,1024,0,82,static,0,0.277589000,1.725693000,264,270336,21.559759959114930
2,1024,0,82,temporal,1,0.276847000,1.737321000,28,28672,21.559759959114930
2,1024,0,83,temporal,0,0.260193000,1.646834000,28,28672,-116.45233458778668
2,1024,0,83,static,1,0.281955000,1.592272000,264,270336,-116.45233458778668
2,1024,0,84,static,0,0.254153000,1.581686000,265,271360,-209.83860533345670
2,1024,0,84,temporal,1,0.296487000,1.659623000,28,28672,-209.83860533345670
2,1024,0,85,temporal,0,0.245660000,1.773375000,27,27648,214.58376150522090
2,1024,0,85,static,1,0.332832000,1.779695000,264,270336,214.58376150522090
2,1024,0,86,static,0,0.335856000,1.604570000,265,271360,-30.808078623033840
2,1024,0,86,temporal,1,0.269366000,1.662648000,28,28672,-30.808078623033840
2,1024,0,87,temporal,0,0.252311000,1.755388000,28,28672,-194.56435676732488
2,1024,0,87,static,1,0.316298000,1.789390000,264,270336,-194.56435676732488
2,1024,0,88,static,0,0.335025000,1.649588000,264,270336,-224.09287444088040
2,1024,0,88,temporal,1,0.242866000,1.548676000,28,28672,-224.09287444088040
2,1024,0,89,temporal,0,0.256087000,1.805514000,28,28672,70.546393270041970
2,1024,0,89,static,1,0.319362000,1.643649000,266,272384,70.546393270041970
2,1024,0,90,static,0,0.277549000,1.642468000,264,270336,-171.10008860916074
2,1024,0,90,temporal,1,0.241154000,1.504490000,28,28672,-171.10008860916074
2,1024,0,91,temporal,0,0.230027000,1.709870000,28,28672,-244.12486183751554
2,1024,0,91,static,1,0.281414000,1.798663000,262,268288,-244.12486183751554
2,1024,0,92,static,0,0.260293000,1.638692000,264,270336,189.39472496065642
2,1024,0,92,temporal,1,0.217919000,1.744111000,28,28672,189.39472496065642
2,1024,0,93,temporal,0,0.228965000,1.663930000,28,28672,-150.36999562468012
2,1024,0,93,static,1,0.250788000,1.640214000,265,271360,-150.36999562468012
2,1024,0,94,static,0,0.265751000,1.604961000,264,270336,-241.00018021971604
2,1024,0,94,temporal,1,0.217548000,1.608657000,28,28672,-241.00018021971604
2,1024,0,95,temporal,0,0.215355000,1.661777000,27,27648,-104.60858404404783
2,1024,0,95,static,1,2.590158000,4.003700000,262,268288,-104.60858404404783
2,1024,0,96,static,0,0.341786000,1.743130000,263,269312,200.01094614660138
2,1024,0,96,temporal,1,0.374635000,1.776971000,28,28672,200.01094614660138
2,1024,0,97,temporal,0,0.260423000,1.615558000,28,28672,-40.414158395613810
2,1024,0,97,static,1,0.324449000,1.718021000,265,271360,-40.414158395613810
2,1024,0,98,static,0,0.262366000,1.642938000,266,272384,180.33541434920647
2,1024,0,98,temporal,1,0.251610000,1.639694000,28,28672,180.33541434920647
2,1024,0,99,temporal,0,0.292261000,1.648006000,28,28672,111.87570076470670
2,1024,0,99,static,1,0.268354000,1.667114000,265,271360,111.87570076470670
2,1024,0,100,static,0,0.251719000,1.763510000,265,271360,85.175091146783130
2,1024,0,100,temporal,1,0.334825000,1.717731000,28,28672,85.175091146783130
2,1024,0,101,temporal,0,0.275266000,1.649889000,28,28672,-212.30089206422673
2,1024,0,101,static,1,0.389668000,1.762609000,266,272384,-212.30089206422673
2,1024,0,102,static,0,0.263988000,1.502486000,264,270336,243.35855270289875
2,1024,0,102,temporal,1,0.233593000,1.571401000,28,28672,243.35855270289875
2,1024,0,103,temporal,0,0.234955000,1.743370000,28,28672,-248.15025138891033
2,1024,0,103,static,1,0.273513000,1.641897000,264,270336,-248.15025138891033
2,1024,0,104,static,0,0.282957000,1.524930000,265,271360,-62.758357208306800
2,1024,0,104,temporal,1,0.242045000,1.477169000,28,28672,-62.758357208306800
2,1024,0,105,temporal,0,0.222065000,1.602848000,27,27648,-20.650530169564960
2,1024,0,105,static,1,0.252931000,1.574064000,262,268288,-20.650530169564960
2,1024,0,106,static,0,0.262697000,1.595437000,266,272384,-47.955493978439414
2,1024,0,106,temporal,1,0.240813000,1.543429000,28,28672,-47.955493978439414
2,1024,0,107,temporal,0,0.223417000,1.479943000,28,28672,236.65753548174519
2,1024,0,107,static,1,0.258710000,1.584059000,263,269312,236.65753548174519
2,1024,0,108,static,0,0.263026000,1.605592000,266,272384,63.020349182705250
2,1024,0,108,temporal,1,0.244249000,1.842510000,28,28672,63.020349182705250
2,1024,0,109,temporal,0,0.321916000,1.717711000,28,28672,44.448273279082330
2,1024,0,109,static,1,0.292281000,1.579673000,264,270336,44.448273279082330
2,1024,0,110,static,0,0.292792000,1.545472000,266,272384,238.70039771197023
2,1024,0,110,temporal,1,0.247334000,1.481315000,28,28672,238.70039771197023
2,1024,0,111,temporal,0,0.219802000,1.599113000,28,28672,8.4948314872113480
2,1024,0,111,static,1,0.283448000,1.667666000,264,270336,8.4948314872113480
2,1024,0,112,static,0,0.247664000,1.569648000,264,270336,46.727888682414490
2,1024,0,112,temporal,1,0.259351000,1.579363000,28,28672,46.727888682414490
2,1024,0,113,temporal,0,0.211299000,1.574656000,28,28672,-208.16425599330378
2,1024,0,113,static,1,0.245480000,1.597149000,266,272384,-208.16425599330378
2,1024,0,114,static,0,0.326923000,1.696820000,264,270336,176.03071251103685
2,1024,0,114,temporal,1,0.222235000,1.748458000,28,28672,176.03071251103685
2,1024,0,115,temporal,0,0.232751000,1.653854000,28,28672,37.278199035835090
2,1024,0,115,static,1,0.321696000,1.648267000,263,269312,37.278199035835090
2,1024,0,116,static,0,0.256426000,1.541084000,265,271360,184.02717511494836
2,1024,0,116,temporal,1,0.232211000,1.482557000,28,28672,184.02717511494836
2,1024,0,117,temporal,0,0.220032000,1.629068000,28,28672,148.71129491535748
2,1024,0,117,static,1,0.247082000,1.614425000,264,270336,148.71129491535748
2,1024,0,118,static,0,0.248835000,1.492902000,265,271360,12.339575623690260
2,1024,0,118,temporal,1,0.213442000,1.605211000,28,28672,12.339575623690260
2,1024,0,119,temporal,0,0.431701000,1.731863000,28,28672,6.4132991869145770
2,1024,0,119,static,1,0.271149000,1.632943000,266,272384,6.4132991869145770
2,1024,1,0,temporal,0,0.215805000,1.553593000,28,28672,211.65026870993768
2,1024,1,0,static,1,0.307204000,1.696429000,267,273408,211.65026870993768
2,1024,1,1,static,0,0.250348000,1.564480000,263,269312,84.598133341991660
2,1024,1,1,temporal,1,0.213673000,1.507214000,28,28672,84.598133341991660
2,1024,1,2,temporal,0,0.207042000,1.646894000,28,28672,75.756681783698650
2,1024,1,2,static,1,0.260693000,1.570890000,264,270336,75.756681783698650
2,1024,1,3,static,0,0.271309000,1.567925000,264,270336,216.27396047811732
2,1024,1,3,temporal,1,0.216737000,1.518611000,28,28672,216.27396047811732
2,1024,1,4,temporal,0,0.228355000,1.609388000,28,28672,104.94577437297505
2,1024,1,4,static,1,0.262426000,1.646554000,263,269312,104.94577437297505
2,1024,1,5,static,0,0.254434000,1.609948000,265,271360,-245.69267172972900
2,1024,1,5,temporal,1,0.255746000,1.777512000,28,28672,-245.69267172972900
2,1024,1,6,temporal,0,0.258550000,1.693876000,28,28672,244.04757627144556
2,1024,1,6,static,1,0.270729000,1.549097000,264,270336,244.04757627144556
2,1024,1,7,static,0,0.268685000,1.534485000,266,272384,204.17151089644406
2,1024,1,7,temporal,1,0.242626000,1.490098000,28,28672,204.17151089644406
2,1024,1,8,temporal,0,0.230948000,1.505401000,28,28672,95.090103221987890
2,1024,1,8,static,1,0.246872000,1.632182000,263,269312,95.090103221987890
2,1024,1,9,static,0,0.266352000,1.545101000,263,269312,-93.298557088524050
2,1024,1,9,temporal,1,0.233432000,1.542677000,28,28672,-93.298557088524050
2,1024,1,10,temporal,0,0.226482000,1.564961000,28,28672,28.213065835549102
2,1024,1,10,static,1,0.248345000,1.596689000,266,272384,28.213065835549102
2,1024,1,11,static,0,0.240293000,1.560935000,266,272384,171.93242108524834
2,1024,1,11,temporal,1,0.255105000,1.629448000,28,28672,171.93242108524834
2,1024,1,12,temporal,0,0.222706000,1.681747000,28,28672,199.06933305581165
2,1024,1,12,static,1,0.258620000,1.848439000,266,272384,199.06933305581165
2,1024,1,13,static,0,0.265280000,1.651621000,265,271360,192.70992264232905
2,1024,1,13,temporal,1,0.280373000,1.590589000,28,28672,192.70992264232905
2,1024,1,14,temporal,0,0.219841000,1.494274000,28,28672,240.49179785010534
2,1024,1,14,static,1,0.259652000,1.526012000,266,272384,240.49179785010534
2,1024,1,15,static,0,0.257148000,1.525111000,266,272384,226.21612431199827
2,1024,1,15,temporal,1,0.242526000,1.491460000,28,28672,226.21612431199827
2,1024,1,16,temporal,0,0.220303000,1.485942000,28,28672,183.04488421560890
2,1024,1,16,static,1,0.278801000,1.755979000,264,270336,183.04488421560890
2,1024,1,17,static,0,0.412202000,1.733606000,265,271360,-183.19300173568055
2,1024,1,17,temporal,1,0.233822000,1.617249000,28,28672,-183.19300173568055
2,1024,1,18,temporal,0,0.226222000,1.612513000,28,28672,181.61971781066820
2,1024,1,18,static,1,0.328736000,1.671521000,264,270336,181.61971781066820
2,1024,1,19,static,0,0.245681000,1.615717000,263,269312,104.94577437297505
2,1024,1,19,temporal,1,0.223988000,1.802119000,28,28672,104.94577437297505
2,1024,1,20,temporal,0,0.326032000,1.593073000,28,28672,-92.953639596478840
2,1024,1,20,static,1,0.268735000,1.560534000,264,270336,-92.953639596478840
2,1024,1,21,static,0,0.265821000,1.523388000,265,271360,-102.51322137022042
2,1024,1,21,temporal,1,0.215135000,1.516318000,28,28672,-102.51322137022042
2,1024,1,22,temporal,0,0.217629000,1.535687000,28,28672,215.55334566816420
2,1024,1,22,static,1,0.274915000,1.685162000,263,269312,215.55334566816420
2,1024,1,23,static,0,0.257208000,1.889620000,266,272384,118.79244189293710
2,1024,1,23,temporal,1,0.234694000,1.715929000,28,28672,118.79244189293710
2,1024,1,24,temporal,0,0.227773000,1.574114000,28,28672,-239.78790164809388
2,1024,1,24,static,1,0.250078000,1.634026000,264,270336,-239.78790164809388
2,1024,1,25,static,0,0.251269000,1.554024000,266,272384,-162.72987163086256
2,1024,1,25,temporal,1,0.232872000,1.740356000,28,28672,-162.72987163086256
2,1024,1,26,temporal,0,0.233322000,1.621867000,28,28672,-71.405114426621900
2,1024,1,26,static,1,0.298340000,1.563529000,264,270336,-71.405114426621900
2,1024,1,27,static,0,0.289557000,1.915609000,265,271360,200.70826276943590
2,1024,1,27,temporal,1,0.244629000,1.715748000,28,28672,200.70826276943590
2,1024,1,28,temporal,0,0.225731000,1.575347000,28,28672,107.67974183222937
2,1024,1,28,static,1,0.268415000,1.970923000,265,271360,107.67974183222937
2,1024,1,29,static,0,0.307404000,1.591962000,266,272384,227.95603049826082
2,1024,1,29,temporal,1,0.232842000,1.640806000,28,28672,227.95603049826082
2,1024,1,30,temporal,0,0.241244000,1.511951000,28,28672,-209.75561475066672
2,1024,1,30,static,1,0.327194000,1.672764000,266,272384,-209.75561475066672
2,1024,1,31,static,0,0.311470000,1.727326000,264,270336,-72.996220255787110
2,1024,1,31,temporal,1,0.270538000,1.647365000,28,28672,-72.996220255787110
2,1024,1,32,temporal,0,0.293853000,1.573323000,28,28672,-183.15364848359644
2,1024,1,32,static,1,0.296106000,1.714696000,264,270336,-183.15364848359644
2,1024,1,33,static,0,0.290448000,1.611571000,265,271360,142.48275965496070
2,1024,1,33,temporal,1,0.298450000,1.604190000,28,28672,142.48275965496070
2,1024,1,34,temporal,0,0.232010000,1.525631000,28,28672,-56.051668283040430
2,1024,1,34,static,1,0.305771000,1.582317000,266,272384,-56.051668283040430
2,1024,1,35,static,0,0.260563000,1.546112000,264,270336,-148.20891819554328
2,1024,1,35,temporal,1,0.255185000,1.788769000,28,28672,-148.20891819554328
2,1024,1,36,temporal,0,0.262156000,1.606053000,28,28672,150.28682730472144
2,1024,1,36,static,1,0.270047000,1.649578000,263,269312,150.28682730472144
2,1024,1,37,static,0,0.260153000,1.576018000,262,268288,73.996079792846560
2,1024,1,37,temporal,1,0.269737000,1.578481000,28,28672,73.996079792846560
2,1024,1,38,temporal,0,0.239572000,1.581987000,27,27648,186.79309383538100
2,1024,1,38,static,1,0.269286000,1.615477000,265,271360,186.79309383538100
2,1024,1,39,static,0,0.248485000,1.673114000,264,270336,202.09564153434496
2,1024,1,39,temporal,1,0.247143000,1.651451000,28,28672,202.09564153434496
2,1024,1,40,temporal,0,0.600807000,1.950082000,28,28672,-128.32770411107242
2,1024,1,40,static,1,0.356988000,1.652593000,266,272384,-128.32770411107242
2,1024,1,41,static,0,0.276347000,1.678833000,264,270336,179.46705042906340
2,1024,1,41,temporal,1,0.656481000,2.099017000,28,28672,179.46705042906340
2,1024,1,42,temporal,0,0.263106000,1.567134000,28,28672,68.661101701511240
2,1024,1,42,static,1,0.367294000,1.720205000,264,270336,68.661101701511240
2,1024,1,43,static,0,0.276297000,1.864633000,265,271360,-205.90709364523275
2,1024,1,43,temporal,1,0.312341000,1.757201000,28,28672,-205.90709364523275
2,1024,1,44,temporal,0,0.245050000,1.512572000,28,28672,-121.22464706111171
2,1024,1,44,static,1,0.301004000,1.575857000,265,271360,-121.22464706111171
2,1024,1,45,static,0,0.390489000,1.792274000,265,271360,59.469535280601960
2,1024,1,45,temporal,1,0.252301000,1.490749000,28,28672,59.469535280601960
2,1024,1,46,temporal,0,0.227323000,1.603479000,28,28672,-128.32770411107242
2,1024,1,46,static,1,0.295016000,1.557831000,266,272384,-128.32770411107242
2,1024,1,47,static,0,0.280603000,1.588977000,263,269312,92.478829952913290
2,1024,1,47,temporal,1,0.224819000,1.513092000,28,28672,92.478829952913290
2,1024,1,48,temporal,0,0.216677000,1.539052000,28,28672,-178.32750124286713
2,1024,1,48,static,1,0.257950000,1.628467000,266,272384,-178.32750124286713
2,1024,1,49,static,0,0.264019000,1.600284000,262,268288,-96.783270321737460
2,1024,1,49,temporal,1,0.231760000,1.593113000,28,28672,-96.783270321737460
2,1024,1,50,temporal,0,0.217278000,1.473062000,28,28672,-156.94455789096065
2,1024,1,50,static,1,0.286162000,1.554025000,265,271360,-156.94455789096065
2,1024,1,51,static,0,0.266412000,1.677420000,264,270336,102.52532823200147
2,1024,1,51,temporal,1,0.223977000,1.661826000,28,28672,102.52532823200147
2,1024,1,52,temporal,0,0.261414000,1.555617000,28,28672,194.08712225535760
2,1024,1,52,static,1,0.303527000,1.568686000,263,269312,194.08712225535760
2,1024,1,53,static,0,0.288195000,1.576689000,265,271360,-186.73007354931232
2,1024,1,53,temporal,1,0.232180000,1.586754000,28,28672,-186.73007354931232
2,1024,1,54,temporal,0,0.223567000,1.595947000,28,28672,154.00453455512698
2,1024,1,54,static,1,0.312922000,1.784241000,265,271360,154.00453455512698
2,1024,1,55,static,0,0.305872000,1.596098000,263,269312,-196.97926340722103
2,1024,1,55,temporal,1,0.268745000,1.669268000,28,28672,-196.97926340722103
2,1024,1,56,temporal,0,0.404350000,1.944213000,28,28672,-46.041117476970946
2,1024,1,56,static,1,0.386293000,1.732624000,263,269312,-46.041117476970946
2,1024,1,57,static,0,0.283127000,1.661557000,267,273408,106.95667629163562
2,1024,1,57,temporal,1,0.299341000,1.630129000,28,28672,106.95667629163562
2,1024,1,58,temporal,0,0.295375000,1.580494000,28,28672,109.24553291976748
2,1024,1,58,static,1,0.295035000,1.574315000,263,269312,109.24553291976748
2,1024,1,59,static,0,0.277469000,1.588817000,266,272384,-179.70402551513564
2,1024,1,59,temporal,1,0.350298000,1.698693000,28,28672,-179.70402551513564
2,1024,1,60,temporal,0,0.317780000,1.603038000,28,28672,184.30456222609754
2,1024,1,60,static,1,0.321565000,1.653564000,266,272384,184.30456222609754
2,1024,1,61,static,0,0.284289000,1.781898000,264,270336,159.04377817069310
2,1024,1,61,temporal,1,0.346773000,1.915149000,28,28672,159.04377817069310
2,1024,1,62,temporal,0,0.306802000,1.674766000,28,28672,-17.258393532800444
2,1024,1,62,static,1,0.293363000,1.579403000,265,271360,-17.258393532800444
2,1024,1,63,static,0,0.257458000,1.702668000,266,272384,157.29917554627954
2,1024,1,63,temporal,1,0.278500000,1.682488000,28,28672,157.29917554627954
2,1024,1,64,temporal,0,0.247473000,1.633945000,28,28672,-242.12169445912070
2,1024,1,64,static,1,0.284178000,1.681356000,264,270336,-242.12169445912070
2,1024,1,65,static,0,0.286362000,1.802489000,263,269312,-201.79577565803004
2,1024,1,65,temporal,1,0.340534000,1.675458000,28,28672,-201.79577565803004
2,1024,1,66,temporal,0,0.324119000,1.617860000,28,28672,-116.45233458778668
2,1024,1,66,static,1,0.318651000,1.641646000,264,270336,-116.45233458778668
2,1024,1,67,static,0,0.297589000,1.552803000,263,269312,87.625619565982530
2,1024,1,67,temporal,1,0.319122000,1.601236000,28,28672,87.625619565982530
2,1024,1,68,temporal,0,0.252060000,1.650590000,28,28672,-247.88778815770874
2,1024,1,68,static,1,0.312672000,1.694957000,265,271360,-247.88778815770874
2,1024,1,69,static,0,0.329788000,1.644491000,264,270336,241.89143095942111
2,1024,1,69,temporal,1,0.290288000,1.569728000,28,28672,241.89143095942111
2,1024,1,70,temporal,0,0.260182000,1.541816000,28,28672,-65.851041453540420
2,1024,1,70,static,1,0.300523000,1.593453000,266,272384,-65.851041453540420
2,1024,1,71,static,0,0.283488000,1.616889000,265,271360,151.51042580244004
2,1024,1,71,temporal,1,0.390999000,1.749178000,28,28672,151.51042580244004
2,1024,1,72,temporal,0,0.353423000,1.722939000,28,28672,180.14316171883715
2,1024,1,72,static,1,0.302086000,2.155391000,264,270336,180.14316171883715
2,1024,1,73,static,0,0.327514000,1.892044000,263,269312,-100.70434183975593
2,1024,1,73,temporal,1,0.293102000,1.776460000,28,28672,-100.70434183975593
2,1024,1,74,temporal,0,0.276607000,1.772975000,28,28672,-96.783270321737460
2,1024,1,74,static,1,0.355927000,1.775649000,262,268288,-96.783270321737460
2,1024,1,75,static,0,0.375206000,1.861037000,264,270336,-211.37614740806515
2,1024,1,75,temporal,1,0.500415000,2.296003000,28,28672,-211.37614740806515
2,1024,1,76,temporal,0,0.359092000,1.803541000,28,28672,50.115087808337850
2,1024,1,76,static,1,0.380735000,1.829140000,264,270336,50.115087808337850
2,1024,1,77,static,0,0.335827000,1.714767000,266,272384,-148.03951139955250
2,1024,1,77,temporal,1,0.299722000,2.356005000,28,28672,-148.03951139955250
2,1024,1,78,temporal,0,0.304559000,1.697460000,28,28672,180.14316171883715
2,1024,1,78,static,1,0.351410000,1.863441000,264,270336,180.14316171883715
2,1024,1,79,static,0,0.338350000,1.925365000,265,271360,128.65089551120406
2,1024,1,79,temporal,1,0.313452000,2.108300000,28,28672,128.65089551120406
2,1024,1,80,temporal,0,0.361346000,1.802880000,28,28672,200.70884482753613
2,1024,1,80,static,1,0.345932000,1.669409000,264,270336,200.70884482753613
2,1024,1,81,static,0,0.511812000,2.385328000,263,269312,200.01094614660138
2,1024,1,81,temporal,1,0.344359000,1.749138000,28,28672,200.01094614660138
2,1024,1,82,temporal,0,0.368436000,1.796550000,28,28672,21.559759959114930
2,1024,1,82,static,1,0.339022000,1.718913000,264,270336,21.559759959114930
2,1024,1,83,static,0,0.322116000,1.760746000,264,270336,-116.45233458778668
2,1024,1,83,temporal,1,0.370970000,1.738032000,28,28672,-116.45233458778668
2,1024,1,84,temporal,0,0.276738000,1.746886000,28,28672,-209.83860533345670
2,1024,1,84,static,1,0.390269000,1.816490000,265,271360,-209.83860533345670
2,1024,1,85,static,0,0.295236000,1.709780000,264,270336,214.58376150522090
2,1024,1,85,temporal,1,0.309778000,1.674727000,27,27648,214.58376150522090
2,1024,1,86,temporal,0,0.275095000,1.594666000,28,28672,-30.808078623033840
2,1024,1,86,static,1,0.287785000,1.700345000,265,271360,-30.808078623033840
2,1024,1,87,static,0,0.286322000,1.833696000,264,270336,-194.56435676732488
2,1024,1,87,temporal,1,0.307203000,2.070964000,28,28672,-194.56435676732488
2,1024,1,88,temporal,0,0.303227000,2.152257000,28,28672,-224.09287444088040
2,1024,1,88,static,1,0.735830000,2.286589000,264,270336,-224.09287444088040
2,1024,1,89,static,0,0.378431000,1.967939000,266,272384,70.546393270041970
2,1024,1,89,temporal,1,0.407135000,2.036342000,28,28672,70.546393270041970
2,1024,1,90,temporal,0,0.424491000,1.812465000,28,28672,-171.10008860916074
2,1024,1,90,static,1,0.348416000,1.708848000,264,270336,-171.10008860916074
2,1024,1,91,static,0,0.320213000,1.685994000,262,268288,-244.12486183751554
2,1024,1,91,temporal,1,0.283577000,1.663870000,28,28672,-244.12486183751554
2,1024,1,92,temporal,0,1.101782000,2.558800000,28,28672,189.39472496065642
2,1024,1,92,static,1,0.309327000,1.888539000,264,270336,189.39472496065642
2,1024,1,93,static,0,0.296908000,1.662368000,265,271360,-150.36999562468012
2,1024,1,93,temporal,1,0.295015000,1.908529000,28,28672,-150.36999562468012
2,1024,1,94,temporal,0,0.304489000,1.707625000,28,28672,-241.00018021971604
2,1024,1,94,static,1,0.320884000,1.749910000,264,270336,-241.00018021971604
2,1024,1,95,static,0,0.284269000,1.671662000,262,268288,-104.60858404404783
2,1024,1,95,temporal,1,0.282656000,1.663699000,27,27648,-104.60858404404783
2,1024,1,96,temporal,0,0.241624000,1.717060000,28,28672,200.01094614660138
2,1024,1,96,static,1,0.313943000,1.720395000,263,269312,200.01094614660138
2,1024,1,97,static,0,0.283557000,1.711461000,265,271360,-40.414158395613810
2,1024,1,97,temporal,1,0.365651000,1.741637000,28,28672,-40.414158395613810
2,1024,1,98,temporal,0,0.296577000,1.750300000,28,28672,180.33541434920647
2,1024,1,98,static,1,0.317078000,1.778704000,266,272384,180.33541434920647
2,1024,1,99,static,0,0.304239000,1.959617000,265,271360,111.87570076470670
2,1024,1,99,temporal,1,0.339753000,1.781017000,28,28672,111.87570076470670
2,1024,1,100,temporal,0,0.302086000,1.747857000,28,28672,85.175091146783130
2,1024,1,100,static,1,0.323638000,1.810752000,265,271360,85.175091146783130
2,1024,1,101,static,0,0.321394000,1.642497000,266,272384,-212.30089206422673
2,1024,1,101,temporal,1,0.281915000,1.601556000,28,28672,-212.30089206422673
2,1024,1,102,temporal,0,0.317008000,1.569798000,28,28672,243.35855270289875
2,1024,1,102,static,1,0.315215000,1.581546000,264,270336,243.35855270289875
2,1024,1,103,static,0,0.357880000,1.742268000,264,270336,-248.15025138891033
2,1024,1,103,temporal,1,0.293293000,1.678462000,28,28672,-248.15025138891033
2,1024,1,104,temporal,0,0.277870000,1.569127000,28,28672,-62.758357208306800
2,1024,1,104,static,1,0.368075000,1.618822000,265,271360,-62.758357208306800
2,1024,1,105,static,0,0.400605000,1.915680000,262,268288,-20.650530169564960
2,1024,1,105,temporal,1,0.327004000,1.826115000,27,27648,-20.650530169564960
2,1024,1,106,temporal,0,0.274094000,1.613364000,28,28672,-47.955493978439414
2,1024,1,106,static,1,0.381635000,1.693043000,266,272384,-47.955493978439414
2,1024,1,107,static,0,0.390869000,1.715838000,263,269312,236.65753548174519
2,1024,1,107,temporal,1,0.278190000,1.655277000,28,28672,236.65753548174519
2,1024,1,108,temporal,0,0.271309000,1.763731000,28,28672,63.020349182705250
2,1024,1,108,static,1,0.340254000,1.777963000,266,272384,63.020349182705250
2,1024,1,109,static,0,0.286212000,1.670340000,264,270336,44.448273279082330
2,1024,1,109,temporal,1,0.290678000,1.620505000,28,28672,44.448273279082330
2,1024,1,110,temporal,0,0.348555000,1.639493000,28,28672,238.70039771197023
2,1024,1,110,static,1,0.304609000,1.648657000,266,272384,238.70039771197023
2,1024,1,111,static,0,0.282476000,1.749209000,264,270336,8.4948314872113480
2,1024,1,111,temporal,1,0.331130000,1.773035000,28,28672,8.4948314872113480
2,1024,1,112,temporal,0,0.300343000,1.760696000,28,28672,46.727888682414490
2,1024,1,112,static,1,0.312732000,1.700085000,264,270336,46.727888682414490
2,1024,1,113,static,0,0.295987000,1.645012000,266,272384,-208.16425599330378
2,1024,1,113,temporal,1,0.361235000,1.748298000,28,28672,-208.16425599330378
2,1024,1,114,temporal,0,0.282066000,1.629839000,28,28672,176.03071251103685
2,1024,1,114,static,1,0.321164000,1.740055000,264,270336,176.03071251103685
2,1024,1,115,static,0,0.306533000,1.654206000,263,269312,37.278199035835090
2,1024,1,115,temporal,1,0.271409000,1.662037000,28,28672,37.278199035835090
2,1024,1,116,temporal,0,0.269948000,1.582157000,28,28672,184.02717511494836
2,1024,1,116,static,1,0.329918000,1.604340000,265,271360,184.02717511494836
2,1024,1,117,static,0,0.284579000,1.801067000,264,270336,148.71129491535748
2,1024,1,117,temporal,1,0.299802000,1.785253000,28,28672,148.71129491535748
2,1024,1,118,temporal,0,0.287113000,2.064014000,28,28672,12.339575623690260
2,1024,1,118,static,1,0.562659000,2.060879000,265,271360,12.339575623690260
2,1024,1,119,static,0,0.378160000,1.818112000,266,272384,6.4132991869145770
2,1024,1,119,temporal,1,0.312060000,1.634976000,28,28672,6.4132991869145770
2,1024,2,0,static,0,0.333673000,1.643429000,267,273408,211.65026870993768
2,1024,2,0,temporal,1,0.290027000,1.772714000,28,28672,211.65026870993768
2,1024,2,1,temporal,0,0.279051000,1.877743000,28,28672,84.598133341991660
2,1024,2,1,static,1,0.337960000,1.645051000,263,269312,84.598133341991660
2,1024,2,2,static,0,0.340293000,1.677020000,264,270336,75.756681783698650
2,1024,2,2,temporal,1,0.279952000,1.736389000,28,28672,75.756681783698650
2,1024,2,3,temporal,0,0.262977000,1.560705000,28,28672,216.27396047811732
2,1024,2,3,static,1,0.338020000,2.012466000,264,270336,216.27396047811732
2,1024,2,4,static,0,0.353974000,1.858033000,263,269312,104.94577437297505
2,1024,2,4,temporal,1,0.314114000,1.862399000,28,28672,104.94577437297505
2,1024,2,5,temporal,0,0.253232000,1.660655000,28,28672,-245.69267172972900
2,1024,2,5,static,1,0.308906000,1.681637000,265,271360,-245.69267172972900
2,1024,2,6,static,0,0.324079000,1.573764000,264,270336,244.04757627144556
2,1024,2,6,temporal,1,0.244529000,1.511700000,28,28672,244.04757627144556
2,1024,2,7,temporal,0,0.240753000,1.503828000,28,28672,204.17151089644406
2,1024,2,7,static,1,0.288365000,1.555837000,266,272384,204.17151089644406
2,1024,2,8,static,0,0.262206000,1.551631000,263,269312,95.090103221987890
2,1024,2,8,temporal,1,0.291640000,1.576308000,28,28672,95.090103221987890
2,1024,2,9,temporal,0,0.350669000,1.667135000,28,28672,-93.298557088524050
2,1024,2,9,static,1,0.267584000,1.671672000,263,269312,-93.298557088524050
2,1024,2,10,static,0,0.283678000,1.620114000,266,272384,28.213065835549102
2,1024,2,10,temporal,1,0.253312000,1.589268000,28,28672,28.213065835549102
2,1024,2,11,temporal,0,0.264929000,1.547434000,28,28672,171.93242108524834
2,1024,2,11,static,1,0.269716000,1.580624000,266,272384,171.93242108524834
2,1024,2,12,static,0,0.255155000,1.640174000,266,272384,199.06933305581165
2,1024,2,12,temporal,1,0.265270000,1.638221000,28,28672,199.06933305581165
2,1024,2,13,temporal,0,0.232932000,1.528556000,28,28672,192.70992264232905
2,1024,2,13,static,1,0.286923000,1.577730000,265,271360,192.70992264232905
2,1024,2,14,static,0,0.247563000,1.509517000,266,272384,240.49179785010534
2,1024,2,14,temporal,1,0.243838000,1.531951000,28,28672,240.49179785010534
2,1024,2,15,temporal,0,0.230407000,1.509667000,28,28672,226.21612431199827
2,1024,2,15,static,1,0.251509000,1.525461000,266,272384,226.21612431199827
2,1024,2,16,static,0,0.253793000,1.536167000,264,270336,183.04488421560890
2,1024,2,16,temporal,1,0.233482000,1.497398000,28,28672,183.04488421560890
2,1024,2,17,temporal,0,0.220212000,1.542937000,28,28672,-183.19300173568055
2,1024,2,17,static,1,0.266642000,1.559792000,265,271360,-183.19300173568055
2,1024,2,18,static,0,0.290318000,1.630029000,264,270336,181.61971781066820
2,1024,2,18,temporal,1,0.254083000,1.622057000,28,28672,181.61971781066820
2,1024,2,19,temporal,0,0.231709000,1.589718000,28,28672,104.94577437297505
2,1024,2,19,static,1,0.281305000,1.670540000,263,269312,104.94577437297505
2,1024,2,20,static,0,0.273513000,1.711943000,264,270336,-92.953639596478840
2,1024,2,20,temporal,1,0.261084000,1.491740000,28,28672,-92.953639596478840
2,1024,2,21,temporal,0,0.233793000,1.637921000,28,28672,-102.51322137022042
2,1024,2,21,static,1,0.290268000,1.549147000,265,271360,-102.51322137022042
2,1024,2,22,static,0,0.270468000,1.649017000,263,269312,215.55334566816420
2,1024,2,22,temporal,1,0.245180000,1.534094000,28,28672,215.55334566816420
2,1024,2,23,temporal,0,0.360493000,1.823891000,28,28672,118.79244189293710
2,1024,2,23,static,1,0.336227000,1.811412000,266,272384,118.79244189293710
2,1024,2,24,static,0,0.261574000,1.622597000,264,270336,-239.78790164809388
2,1024,2,24,temporal,1,0.223136000,1.602808000,28,28672,-239.78790164809388
2,1024,2,25,temporal,0,0.240764000,1.559283000,28,28672,-162.72987163086256
2,1024,2,25,static,1,0.260182000,1.595507000,266,272384,-162.72987163086256
2,1024,2,26,static,0,0.284609000,1.534505000,264,270336,-71.405114426621900
2,1024,2,26,temporal,1,0.221774000,1.478420000,28,28672,-71.405114426621900
2,1024,2,27,temporal,0,0.214664000,1.618872000,28,28672,200.70826276943590
2,1024,2,27,static,1,0.253832000,1.654085000,265,271360,200.70826276943590
2,1024,2,28,static,0,0.339672000,1.940908000,265,271360,107.67974183222937
2,1024,2,28,temporal,1,0.246963000,1.585833000,28,28672,107.67974183222937
2,1024,2,29,temporal,0,0.238710000,1.816761000,28,28672,227.95603049826082
2,1024,2,29,static,1,0.388756000,1.733975000,266,272384,227.95603049826082
2,1024,2,30,static,0,0.275656000,1.583268000,266,272384,-209.75561475066672
2,1024,2,30,temporal,1,0.234765000,1.676590000,28,28672,-209.75561475066672
2,1024,2,31,temporal,0,0.216777000,1.733585000,28,28672,-72.996220255787110
2,1024,2,31,static,1,0.313342000,1.764872000,264,270336,-72.996220255787110
2,1024,2,32,static,0,0.276738000,1.533593000,264,270336,-183.15364848359644
2,1024,2,32,temporal,1,0.244148000,1.512281000,28,28672,-183.15364848359644
2,1024,2,33,temporal,0,0.251269000,1.550800000,28,28672,142.48275965496070
2,1024,2,33,static,1,0.297909000,1.619883000,265,271360,142.48275965496070
2,1024,2,34,static,0,0.258790000,1.578481000,266,272384,-56.051668283040430
2,1024,2,34,temporal,1,0.272561000,1.565262000,28,28672,-56.051668283040430
2,1024,2,35,temporal,0,0.248655000,1.526783000,28,28672,-148.20891819554328
2,1024,2,35,static,1,0.273012000,1.594716000,264,270336,-148.20891819554328
2,1024,2,36,static,0,0.287815000,1.620014000,263,269312,150.28682730472144
2,1024,2,36,temporal,1,0.260062000,1.633113000,28,28672,150.28682730472144
2,1024,2,37,temporal,0,0.255185000,1.551441000,28,28672,73.996079792846560
2,1024,2,37,static,1,0.279101000,1.731782000,262,268288,73.996079792846560
2,1024,2,38,static,0,0.285761000,1.658101000,265,271360,186.79309383538100
2,1024,2,38,temporal,1,0.287383000,1.699694000,27,27648,186.79309383538100
2,1024,2,39,temporal,0,0.290929000,1.694736000,28,28672,202.09564153434496
2,1024,2,39,static,1,0.269075000,1.650870000,264,270336,202.09564153434496
2,1024,2,40,static,0,0.260113000,1.539012000,266,272384,-128.32770411107242
2,1024,2,40,temporal,1,0.246432000,1.555356000,28,28672,-128.32770411107242
2,1024,2,41,temporal,0,0.234313000,1.581776000,28,28672,179.46705042906340
2,1024,2,41,static,1,0.267294000,1.635437000,264,270336,179.46705042906340
2,1024,2,42,static,0,0.260623000,1.660404000,264,270336,68.661101701511240
2,1024,2,42,temporal,1,0.255365000,1.771913000,28,28672,68.661101701511240
2,1024,2,43,temporal,0,0.348035000,1.737080000,28,28672,-205.90709364523275
2,1024,2,43,static,1,0.301745000,1.995440000,265,271360,-205.90709364523275
2,1024,2,44,static,0,0.326743000,2.035270000,265,271360,-121.22464706111171
2,1024,2,44,temporal,1,0.494165000,1.781227000,28,28672,-121.22464706111171
2,1024,2,45,temporal,0,0.333363000,1.738232000,28,28672,59.469535280601960
2,1024,2,45,static,1,0.360194000,1.635728000,265,271360,59.469535280601960
2,1024,2,46,static,0,0.317980000,1.639894000,266,272384,-128.32770411107242
2,1024,2,46,temporal,1,0.277939000,1.755028000,28,28672,-128.32770411107242
2,1024,2,47,temporal,0,0.265661000,1.768368000,28,28672,92.478829952913290
2,1024,2,47,static,1,0.370369000,1.688537000,263,269312,92.478829952913290
2,1024,2,48,static,0,0.303258000,1.689729000,266,272384,-178.32750124286713
2,1024,2,48,temporal,1,0.267924000,1.628627000,28,28672,-178.32750124286713
2,1024,2,49,temporal,0,0.240283000,1.592863000,28,28672,-96.783270321737460
2,1024,2,49,static,1,0.328215000,1.698622000,262,268288,-96.783270321737460
2,1024,2,50,static,0,0.289316000,1.592122000,265,271360,-156.94455789096065
2,1024,2,50,temporal,1,0.237027000,1.538581000,28,28672,-156.94455789096065
2,1024,2,51,temporal,0,0.230538000,1.619123000,28,28672,102.52532823200147
2,1024,2,51,static,1,0.282326000,1.615306000,264,270336,102.52532823200147
2,1024,2,52,static,0,0.285801000,1.617810000,263,269312,194.08712225535760
2,1024,2,52,temporal,1,0.237178000,1.636559000,28,28672,194.08712225535760
2,1024,2,53,temporal,0,0.243548000,1.527024000,28,28672,-186.73007354931232
2,1024,2,53,static,1,0.326102000,1.693305000,265,271360,-186.73007354931232
2,1024,2,54,static,0,0.279201000,2.108951000,265,271360,154.00453455512698
2,1024,2,54,temporal,1,0.257248000,1.703069000,28,28672,154.00453455512698
2,1024,2,55,temporal,0,0.330218000,1.645763000,28,28672,-196.97926340722103
2,1024,2,55,static,1,0.394244000,1.827276000,263,269312,-196.97926340722103
2,1024,2,56,static,0,0.361125000,1.705393000,263,269312,-46.041117476970946
2,1024,2,56,temporal,1,0.246652000,1.618011000,28,28672,-46.041117476970946
2,1024,2,57,temporal,0,0.233352000,1.912505000,28,28672,106.95667629163562
2,1024,2,57,static,1,0.405682000,1.773014000,267,273408,106.95667629163562
2,1024,2,58,static,0,0.550651000,1.950603000,263,269312,109.24553291976748
2,1024,2,58,temporal,1,0.322567000,1.690430000,28,28672,109.24553291976748
2,1024,2,59,temporal,0,0.289797000,1.656208000,28,28672,-179.70402551513564
2,1024,2,59,static,1,0.309927000,1.632152000,266,272384,-179.70402551513564
2,1024,2,60,static,0,0.312622000,1.622448000,266,272384,184.30456222609754
2,1024,2,60,temporal,1,0.298430000,3.017407000,28,28672,184.30456222609754
2,1024,2,61,temporal,0,0.403128000,1.888148000,28,28672,159.04377817069310
2,1024,2,61,static,1,0.321095000,1.727436000,264,270336,159.04377817069310
2,1024,2,62,static,0,0.266992000,1.538931000,265,271360,-17.258393532800444
2,1024,2,62,temporal,1,0.313814000,1.658452000,28,28672,-17.258393532800444
2,1024,2,63,temporal,0,0.244830000,1.689749000,28,28672,157.29917554627954
2,1024,2,63,static,1,0.270047000,1.646113000,266,272384,157.29917554627954
2,1024,2,64,static,0,0.268334000,1.642327000,264,270336,-242.12169445912070
2,1024,2,64,temporal,1,0.273192000,1.681637000,28,28672,-242.12169445912070
2,1024,2,65,temporal,0,0.235695000,1.804802000,28,28672,-201.79577565803004
2,1024,2,65,static,1,0.338030000,1.725353000,263,269312,-201.79577565803004
2,1024,2,66,static,0,0.267494000,1.606463000,264,270336,-116.45233458778668
2,1024,2,66,temporal,1,0.244659000,1.563979000,28,28672,-116.45233458778668
2,1024,2,67,temporal,0,0.275836000,1.560474000,28,28672,87.625619565982530
2,1024,2,67,static,1,0.285961000,1.529247000,263,269312,87.625619565982530
2,1024,2,68,static,0,0.261485000,1.624651000,265,271360,-247.88778815770874
2,1024,2,68,temporal,1,0.246512000,1.632483000,28,28672,-247.88778815770874
2,1024,2,69,temporal,0,0.216497000,1.988660000,28,28672,241.89143095942111
2,1024,2,69,static,1,0.313193000,1.589318000,264,270336,241.89143095942111
2,1024,2,70,static,0,0.266702000,1.530438000,266,272384,-65.851041453540420
2,1024,2,70,temporal,1,0.219481000,1.822459000,28,28672,-65.851041453540420
2,1024,2,71,temporal,0,0.243647000,1.564490000,28,28672,151.51042580244004
2,1024,2,71,static,1,0.333272000,1.689438000,265,271360,151.51042580244004
2,1024,2,72,static,0,0.246312000,1.688117000,264,270336,180.14316171883715
2,1024,2,72,temporal,1,0.232761000,1.560744000,28,28672,180.14316171883715
2,1024,2,73,temporal,0,0.352501000,1.755288000,28,28672,-100.70434183975593
2,1024,2,73,static,1,0.277428000,1.628697000,263,269312,-100.70434183975593
2,1024,2,74,static,0,0.251309000,1.695918000,262,268288,-96.783270321737460
2,1024,2,74,temporal,1,0.258379000,1.780976000,28,28672,-96.783270321737460
2,1024,2,75,temporal,0,0.226452000,1.587205000,28,28672,-211.37614740806515
2,1024,2,75,static,1,0.259641000,1.673644000,264,270336,-211.37614740806515
2,1024,2,76,static,0,0.314003000,2.040698000,264,270336,50.115087808337850
2,1024,2,76,temporal,1,0.280233000,2.793434000,28,28672,50.115087808337850
2,1024,2,77,temporal,0,0.335627000,1.840327000,28,28672,-148.03951139955250
2,1024,2,77,static,1,0.300623000,1.643369000,266,272384,-148.03951139955250
2,1024,2,78,static,0,0.245751000,1.721978000,264,270336,180.14316171883715
2,1024,2,78,temporal,1,0.252641000,1.968780000,28,28672,180.14316171883715
2,1024,2,79,temporal,0,0.300523000,1.768367000,28,28672,128.65089551120406
2,1024,2,79,static,1,0.320944000,1.655838000,265,271360,128.65089551120406
2,1024,2,80,static,0,0.257538000,1.638281000,264,270336,200.70884482753613
2,1024,2,80,temporal,1,0.232731000,1.641807000,28,28672,200.70884482753613
2,1024,2,81,temporal,0,0.272381000,1.637130000,28,28672,200.01094614660138
2,1024,2,81,static,1,0.290639000,1.889120000,263,269312,200.01094614660138
2,1024,2,82,static,0,0.265109000,1.652493000,264,270336,21.559759959114930
2,1024,2,82,temporal,1,0.243317000,1.716269000,28,28672,21.559759959114930
2,1024,2,83,temporal,0,0.236056000,1.545811000,28,28672,-116.45233458778668
2,1024,2,83,static,1,0.257699000,1.533353000,264,270336,-116.45233458778668
2,1024,2,84,static,0,0.402968000,1.774677000,265,271360,-209.83860533345670
2,1024,2,84,temporal,1,0.244700000,1.810512000,28,28672,-209.83860533345670
2,1024,2,85,temporal,0,0.237388000,1.648977000,27,27648,214.58376150522090
2,1024,2,85,static,1,0.267153000,1.674957000,264,270336,214.58376150522090
2,1024,2,86,static,0,0.282667000,3.367260000,265,271360,-30.808078623033840
2,1024,2,86,temporal,1,0.265580000,8.674255000,28,28672,-30.808078623033840
2,1024,2,87,temporal,0,0.329427000,8.836141000,28,28672,-194.56435676732488
2,1024,2,87,static,1,0.411851000,9.041749000,264,270336,-194.56435676732488
2,1024,2,88,static,0,0.513224000,10.094938000,264,270336,-224.09287444088040
2,1024,2,88,temporal,1,0.475868000,12.033264000,28,28672,-224.09287444088040
2,1024,2,89,temporal,0,0.454796000,11.184351000,28,28672,70.546393270041970
2,1024,2,89,static,1,0.612163000,3.192515000,266,272384,70.546393270041970
2,1024,2,90,static,0,0.481957000,2.860325000,264,270336,-171.10008860916074
2,1024,2,90,temporal,1,0.493194000,2.099747000,28,28672,-171.10008860916074
2,1024,2,91,temporal,0,0.358291000,1.848038000,28,28672,-244.12486183751554
2,1024,2,91,static,1,0.415507000,1.982040000,262,268288,-244.12486183751554
2,1024,2,92,static,0,0.378601000,1.936441000,264,270336,189.39472496065642
2,1024,2,92,temporal,1,0.592193000,2.277365000,28,28672,189.39472496065642
2,1024,2,93,temporal,0,0.409408000,1.930994000,28,28672,-150.36999562468012
2,1024,2,93,static,1,0.341826000,1.848088000,265,271360,-150.36999562468012
2,1024,2,94,static,0,0.344690000,1.747716000,264,270336,-241.00018021971604
2,1024,2,94,temporal,1,0.306823000,1.778193000,28,28672,-241.00018021971604
2,1024,2,95,temporal,0,0.345301000,1.717861000,27,27648,-104.60858404404783
2,1024,2,95,static,1,0.318260000,1.844162000,262,268288,-104.60858404404783
2,1024,2,96,static,0,0.312461000,1.715998000,263,269312,200.01094614660138
2,1024,2,96,temporal,1,0.316007000,2.020859000,28,28672,200.01094614660138
2,1024,2,97,temporal,0,0.321074000,1.808278000,28,28672,-40.414158395613810
2,1024,2,97,static,1,0.327885000,1.752764000,265,271360,-40.414158395613810
2,1024,2,98,static,0,0.378020000,1.784602000,266,272384,180.33541434920647
2,1024,2,98,temporal,1,0.293002000,1.844413000,28,28672,180.33541434920647
2,1024,2,99,temporal,0,0.387514000,1.945885000,28,28672,111.87570076470670
2,1024,2,99,static,1,0.636480000,2.094190000,265,271360,111.87570076470670
2,1024,2,100,static,0,0.279431000,1.744632000,265,271360,85.175091146783130
2,1024,2,100,temporal,1,0.296958000,1.836290000,28,28672,85.175091146783130
2,1024,2,101,temporal,0,0.284870000,1.772684000,28,28672,-212.30089206422673
2,1024,2,101,static,1,0.367475000,1.689860000,266,272384,-212.30089206422673
2,1024,2,102,static,0,0.266662000,1.799204000,264,270336,243.35855270289875
2,1024,2,102,temporal,1,0.318441000,2.040839000,28,28672,243.35855270289875
2,1024,2,103,temporal,0,0.271079000,2.290736000,28,28672,-248.15025138891033
2,1024,2,103,static,1,0.389057000,1.834368000,264,270336,-248.15025138891033
2,1024,2,104,static,0,0.292151000,1.664672000,265,271360,-62.758357208306800
2,1024,2,104,temporal,1,0.357429000,1.944193000,28,28672,-62.758357208306800
2,1024,2,105,temporal,0,0.253662000,1.686975000,27,27648,-20.650530169564960
2,1024,2,105,static,1,0.403218000,1.762108000,262,268288,-20.650530169564960
2,1024,2,106,static,0,0.333523000,1.661116000,266,272384,-47.955493978439414
2,1024,2,106,temporal,1,0.284800000,1.576608000,28,28672,-47.955493978439414
2,1024,2,107,temporal,0,0.261685000,1.499222000,28,28672,236.65753548174519
2,1024,2,107,static,1,0.263507000,1.502066000,263,269312,236.65753548174519
2,1024,2,108,static,0,0.289657000,1.833907000,266,272384,63.020349182705250
2,1024,2,108,temporal,1,0.289757000,1.716409000,28,28672,63.020349182705250
2,1024,2,109,temporal,0,0.242195000,1.868298000,28,28672,44.448273279082330
2,1024,2,109,static,1,0.337018000,1.819394000,264,270336,44.448273279082330
2,1024,2,110,static,0,0.289297000,1.790611000,266,272384,238.70039771197023
2,1024,2,110,temporal,1,0.274594000,1.666655000,28,28672,238.70039771197023
2,1024,2,111,temporal,0,0.264429000,1.670620000,28,28672,8.4948314872113480
2,1024,2,111,static,1,0.275846000,1.674015000,264,270336,8.4948314872113480
2,1024,2,112,static,0,0.345091000,1.747496000,264,270336,46.727888682414490
2,1024,2,112,temporal,1,0.716706000,4.654015000,28,28672,46.727888682414490
2,1024,2,113,temporal,0,0.475427000,2.138846000,28,28672,-208.16425599330378
2,1024,2,113,static,1,2.581705000,4.263151000,266,272384,-208.16425599330378
2,1024,2,114,static,0,0.416028000,1.959726000,264,270336,176.03071251103685
2,1024,2,114,temporal,1,0.393183000,3.922948000,28,28672,176.03071251103685
2,1024,2,115,temporal,0,0.389808000,1.794267000,28,28672,37.278199035835090
2,1024,2,115,static,1,0.430249000,1.844713000,263,269312,37.278199035835090
2,1024,2,116,static,0,2.436715000,4.884839000,265,271360,184.02717511494836
2,1024,2,116,temporal,1,0.390269000,4.800722000,28,28672,184.02717511494836
2,1024,2,117,temporal,0,0.354816000,4.899191000,28,28672,148.71129491535748
2,1024,2,117,static,1,0.390659000,4.965300000,264,270336,148.71129491535748
2,1024,2,118,static,0,0.393744000,3.852912000,265,271360,12.339575623690260
2,1024,2,118,temporal,1,0.412251000,1.788357000,28,28672,12.339575623690260
2,1024,2,119,temporal,0,2.496527000,3.939163000,28,28672,6.4132991869145770
2,1024,2,119,static,1,2.505950000,3.880033000,266,272384,6.4132991869145770
2,1024,3,0,temporal,0,2.400041000,3.714344000,28,28672,211.65026870993768
2,1024,3,0,static,1,0.342036000,3.712690000,267,273408,211.65026870993768
2,1024,3,1,static,0,0.305691000,3.703897000,263,269312,84.598133341991660
2,1024,3,1,temporal,1,0.364039000,1.696539000,28,28672,84.598133341991660
2,1024,3,2,temporal,0,0.224859000,2.741256000,28,28672,75.756681783698650
2,1024,3,2,static,1,0.364860000,1.838814000,264,270336,75.756681783698650
2,1024,3,3,static,0,0.297379000,1.780776000,264,270336,216.27396047811732
2,1024,3,3,temporal,1,0.262326000,1.561235000,28,28672,216.27396047811732
2,1024,3,4,temporal,0,0.216237000,1.701878000,28,28672,104.94577437297505
2,1024,3,4,static,1,0.300594000,1.816671000,263,269312,104.94577437297505
2,1024,3,5,static,0,0.263087000,1.688958000,265,271360,-245.69267172972900
2,1024,3,5,temporal,1,0.360143000,1.954318000,28,28672,-245.69267172972900
2,1024,3,6,temporal,0,0.347774000,1.698712000,28,28672,244.04757627144556
2,1024,3,6,static,1,0.462167000,1.794628000,264,270336,244.04757627144556
2,1024,3,7,static,0,0.269046000,1.537480000,266,272384,204.17151089644406
2,1024,3,7,temporal,1,0.291219000,1.598551000,28,28672,204.17151089644406
2,1024,3,8,temporal,0,0.229246000,1.530919000,28,28672,95.090103221987890
2,1024,3,8,static,1,0.273602000,1.561275000,263,269312,95.090103221987890
2,1024,3,9,static,0,0.246582000,1.551611000,263,269312,-93.298557088524050
2,1024,3,9,temporal,1,0.250177000,1.546813000,28,28672,-93.298557088524050
2,1024,3,10,temporal,0,0.242435000,1.590629000,28,28672,28.213065835549102
2,1024,3,10,static,1,0.254514000,1.618482000,266,272384,28.213065835549102
2,1024,3,11,static,0,0.243577000,1.520954000,266,272384,171.93242108524834
2,1024,3,11,temporal,1,0.215104000,1.559483000,28,28672,171.93242108524834
2,1024,3,12,temporal,0,0.224218000,1.650850000,28,28672,199.06933305581165
2,1024,3,12,static,1,0.295606000,1.697420000,266,272384,199.06933305581165
2,1024,3,13,static,0,0.271359000,1.590759000,265,271360,192.70992264232905
2,1024,3,13,temporal,1,0.273643000,1.562828000,28,28672,192.70992264232905
2,1024,3,14,temporal,0,0.217258000,1.499702000,28,28672,240.49179785010534
2,1024,3,14,static,1,0.257258000,1.519683000,266,272384,240.49179785010534
2,1024,3,15,static,0,0.268835000,1.550178000,266,272384,226.21612431199827
2,1024,3,15,temporal,1,0.229296000,1.495035000,28,28672,226.21612431199827
2,1024,3,16,temporal,0,0.235946000,1.525341000,28,28672,183.04488421560890
2,1024,3,16,static,1,0.256386000,1.548986000,264,270336,183.04488421560890
2,1024,3,17,static,0,0.275475000,1.550779000,265,271360,-183.19300173568055
2,1024,3,17,temporal,1,0.225020000,1.483328000,28,28672,-183.19300173568055
2,1024,3,18,temporal,0,0.254964000,1.604570000,28,28672,181.61971781066820
2,1024,3,18,static,1,0.268355000,1.606243000,264,270336,181.61971781066820
2,1024,3,19,static,0,0.241124000,1.615668000,263,269312,104.94577437297505
2,1024,3,19,temporal,1,0.262386000,1.621747000,28,28672,104.94577437297505
2,1024,3,20,temporal,0,0.225480000,1.551911000,28,28672,-92.953639596478840
2,1024,3,20,static,1,0.355547000,1.757251000,264,270336,-92.953639596478840
2,1024,3,21,static,0,0.303288000,1.641907000,265,271360,-102.51322137022042
2,1024,3,21,temporal,1,0.236778000,1.659303000,28,28672,-102.51322137022042
2,1024,3,22,temporal,0,0.243577000,1.522196000,28,28672,215.55334566816420
2,1024,3,22,static,1,0.264329000,1.600865000,263,269312,215.55334566816420
2,1024,3,23,static,0,0.250888000,1.663980000,266,272384,118.79244189293710
2,1024,3,23,temporal,1,0.236236000,1.606874000,28,28672,118.79244189293710
2,1024,3,24,temporal,0,0.210026000,1.623559000,28,28672,-239.78790164809388
2,1024,3,24,static,1,0.266111000,1.604911000,264,270336,-239.78790164809388
2,1024,3,25,static,0,0.249256000,1.604120000,266,272384,-162.72987163086256
2,1024,3,25,temporal,1,0.216837000,1.524349000,28,28672,-162.72987163086256
2,1024,3,26,temporal,0,0.236166000,1.711031000,28,28672,-71.405114426621900
2,1024,3,26,static,1,0.291170000,1.579764000,264,270336,-71.405114426621900
2,1024,3,27,static,0,0.252831000,1.684120000,265,271360,200.70826276943590
2,1024,3,27,temporal,1,0.281024000,1.756930000,28,28672,200.70826276943590
2,1024,3,28,temporal,0,0.223648000,1.526994000,28,28672,107.67974183222937
2,1024,3,28,static,1,0.253913000,1.570989000,265,271360,107.67974183222937
2,1024,3,29,static,0,0.277028000,1.574586000,266,272384,227.95603049826082
2,1024,3,29,temporal,1,0.212501000,1.450538000,28,28672,227.95603049826082
2,1024,3,30,temporal,0,0.224890000,1.516148000,28,28672,-209.75561475066672
2,1024,3,30,static,1,0.261073000,1.549036000,266,272384,-209.75561475066672
2,1024,3,31,static,0,0.257809000,1.606693000,264,270336,-72.996220255787110
2,1024,3,31,temporal,1,0.211770000,1.579643000,28,28672,-72.996220255787110
2,1024,3,32,temporal,0,0.209026000,1.456898000,28,28672,-183.15364848359644
2,1024,3,32,static,1,0.262676000,1.539642000,264,270336,-183.15364848359644
2,1024,3,33,static,0,0.243868000,1.519172000,265,271360,142.48275965496070
2,1024,3,33,temporal,1,0.214063000,1.510789000,28,28672,142.48275965496070
2,1024,3,34,temporal,0,0.228895000,1.506963000,28,28672,-56.051668283040430
2,1024,3,34,static,1,0.271450000,1.559613000,266,272384,-56.051668283040430
2,1024,3,35,static,0,0.251470000,1.520274000,264,270336,-148.20891819554328
2,1024,3,35,temporal,1,0.257318000,1.549878000,28,28672,-148.20891819554328
2,1024,3,36,temporal,0,0.222185000,1.592783000,28,28672,150.28682730472144
2,1024,3,36,static,1,0.259261000,1.605141000,263,269312,150.28682730472144
2,1024,3,37,static,0,0.246963000,1.538461000,262,268288,73.996079792846560
2,1024,3,37,temporal,1,0.221534000,1.485761000,28,28672,73.996079792846560
2,1024,3,38,temporal,0,0.207763000,1.556187000,27,27648,186.79309383538100
2,1024,3,38,static,1,0.254263000,1.588326000,265,271360,186.79309383538100
2,1024,3,39,static,0,0.240412000,1.663449000,264,270336,202.09564153434496
2,1024,3,39,temporal,1,0.229846000,1.592041000,28,28672,202.09564153434496
2,1024,3,40,temporal,0,0.228624000,1.549878000,28,28672,-128.32770411107242
2,1024,3,40,static,1,0.275376000,1.597610000,266,272384,-128.32770411107242
2,1024,3,41,static,0,0.253232000,1.579432000,264,270336,179.46705042906340
2,1024,3,41,temporal,1,0.224178000,1.601506000,28,28672,179.46705042906340
2,1024,3,42,temporal,0,0.210528000,1.483739000,28,28672,68.661101701511240
2,1024,3,42,static,1,0.259201000,1.530749000,264,270336,68.661101701511240
2,1024,3,43,static,0,0.244228000,1.633574000,265,271360,-205.90709364523275
2,1024,3,43,temporal,1,0.218219000,1.567284000,28,28672,-205.90709364523275
2,1024,3,44,temporal,0,0.219111000,1.503408000,28,28672,-121.22464706111171
2,1024,3,44,static,1,0.305781000,1.599873000,265,271360,-121.22464706111171
2,1024,3,45,static,0,0.289347000,1.531481000,265,271360,59.469535280601960
2,1024,3,45,temporal,1,0.251509000,1.524911000,28,28672,59.469535280601960
2,1024,3,46,temporal,0,0.265941000,1.521085000,28,28672,-128.32770411107242
2,1024,3,46,static,1,0.270738000,1.533924000,266,272384,-128.32770411107242
2,1024,3,47,static,0,0.270959000,1.561956000,263,269312,92.478829952913290
2,1024,3,47,temporal,1,0.221615000,1.738893000,28,28672,92.478829952913290
2,1024,3,48,temporal,0,0.235565000,1.728757000,28,28672,-178.32750124286713
2,1024,3,48,static,1,0.269617000,1.582517000,266,272384,-178.32750124286713
2,1024,3,49,static,0,0.243347000,1.614255000,262,268288,-96.783270321737460
2,1024,3,49,temporal,1,0.224609000,1.561386000,28,28672,-96.783270321737460
2,1024,3,50,temporal,0,0.230168000,1.488296000,28,28672,-156.94455789096065
2,1024,3,50,static,1,0.261184000,1.541015000,265,271360,-156.94455789096065
2,1024,3,51,static,0,0.275937000,1.614265000,264,270336,102.52532823200147
2,1024,3,51,temporal,1,0.232481000,1.598582000,28,28672,102.52532823200147
2,1024,3,52,temporal,0,0.212491000,1.641687000,28,28672,194.08712225535760
2,1024,3,52,static,1,0.313112000,1.650440000,263,269312,194.08712225535760
2,1024,3,53,static,0,0.275135000,1.665623000,265,271360,-186.73007354931232
2,1024,3,53,temporal,1,0.239321000,1.576959000,28,28672,-186.73007354931232
2,1024,3,54,temporal,0,0.224970000,1.670510000,28,28672,154.00453455512698
2,1024,3,54,static,1,0.259842000,1.736800000,265,271360,154.00453455512698
2,1024,3,55,static,0,0.287483000,1.591891000,263,269312,-196.97926340722103
2,1024,3,55,temporal,1,0.224309000,1.606724000,28,28672,-196.97926340722103
2,1024,3,56,temporal,0,0.225481000,1.535237000,28,28672,-46.041117476970946
2,1024,3,56,static,1,0.293322000,1.626934000,263,269312,-46.041117476970946
2,1024,3,57,static,0,0.247403000,1.586783000,267,273408,106.95667629163562
2,1024,3,57,temporal,1,0.209936000,1.727736000,28,28672,106.95667629163562
2,1024,3,58,temporal,0,0.293823000,1.569818000,28,28672,109.24553291976748
2,1024,3,58,static,1,0.259111000,1.643059000,263,269312,109.24553291976748
2,1024,3,59,static,0,0.272932000,1.603369000,266,272384,-179.70402551513564
2,1024,3,59,temporal,1,0.223427000,1.532872000,28,28672,-179.70402551513564
2,1024,3,60,temporal,0,0.217898000,1.583088000,28,28672,184.30456222609754
2,1024,3,60,static,1,0.340033000,1.644931000,266,272384,184.30456222609754
2,1024,3,61,static,0,0.272310000,1.659182000,264,270336,159.04377817069310
2,1024,3,61,temporal,1,0.283168000,1.695258000,28,28672,159.04377817069310
2,1024,3,62,temporal,0,0.316006000,1.587094000,28,28672,-17.258393532800444
2,1024,3,62,static,1,0.396949000,1.739064000,265,271360,-17.258393532800444
2,1024,3,63,static,0,0.289897000,1.683329000,266,272384,157.29917554627954
2,1024,3,63,temporal,1,0.322697000,1.798443000,28,28672,157.29917554627954
2,1024,3,64,temporal,0,0.311930000,1.684331000,28,28672,-242.12169445912070
2,1024,3,64,static,1,0.296928000,1.673124000,264,270336,-242.12169445912070
2,1024,3,65,static,0,0.279802000,1.571520000,263,269312,-201.79577565803004
2,1024,3,65,temporal,1,0.295055000,1.715868000,28,28672,-201.79577565803004
2,1024,3,66,temporal,0,0.263007000,1.542938000,28,28672,-116.45233458778668
2,1024,3,66,static,1,0.401005000,1.722739000,264,270336,-116.45233458778668
2,1024,3,67,static,0,0.278500000,1.561755000,263,269312,87.625619565982530
2,1024,3,67,temporal,1,0.268936000,1.565061000,28,28672,87.625619565982530
2,1024,3,68,temporal,0,0.260523000,1.673665000,28,28672,-247.88778815770874
2,1024,3,68,static,1,0.258399000,1.683039000,265,271360,-247.88778815770874
2,1024,3,69,static,0,0.268606000,1.550189000,264,270336,241.89143095942111
2,1024,3,69,temporal,1,0.270748000,1.539122000,28,28672,241.89143095942111
2,1024,3,70,temporal,0,0.234153000,1.529176000,28,28672,-65.851041453540420
2,1024,3,70,static,1,0.304089000,1.567334000,266,272384,-65.851041453540420
2,1024,3,71,static,0,0.261114000,1.608867000,265,271360,151.51042580244004
2,1024,3,71,temporal,1,0.325131000,1.690410000,28,28672,151.51042580244004
2,1024,3,72,temporal,0,0.236026000,1.665543000,28,28672,180.14316171883715
2,1024,3,72,static,1,0.282406000,1.655717000,264,270336,180.14316171883715
2,1024,3,73,static,0,0.275225000,1.640284000,263,269312,-100.70434183975593
2,1024,3,73,temporal,1,0.236507000,1.644721000,28,28672,-100.70434183975593
2,1024,3,74,temporal,0,0.238410000,1.603870000,28,28672,-96.783270321737460
2,1024,3,74,static,1,0.304519000,1.784001000,262,268288,-96.783270321737460
2,1024,3,75,static,0,0.380604000,1.718523000,264,270336,-211.37614740806515
2,1024,3,75,temporal,1,0.285961000,1.578240000,28,28672,-211.37614740806515
2,1024,3,76,temporal,0,0.278590000,1.621125000,28,28672,50.115087808337850
2,1024,3,76,static,1,0.459723000,1.803460000,264,270336,50.115087808337850
2,1024,3,77,static,0,0.305611000,1.760546000,266,272384,-148.03951139955250
2,1024,3,77,temporal,1,0.289527000,1.918114000,28,28672,-148.03951139955250
2,1024,3,78,temporal,0,0.277869000,1.860296000,28,28672,180.14316171883715
2,1024,3,78,static,1,0.301464000,1.825173000,264,270336,180.14316171883715
2,1024,3,79,static,0,0.305921000,1.666273000,265,271360,128.65089551120406
2,1024,3,79,temporal,1,0.299903000,1.766966000,28,28672,128.65089551120406
2,1024,3,80,temporal,0,0.239040000,1.525501000,28,28672,200.70884482753613
2,1024,3,80,static,1,0.287564000,1.702709000,264,270336,200.70884482753613
2,1024,3,81,static,0,0.363028000,1.838023000,263,269312,200.01094614660138
2,1024,3,81,temporal,1,0.245340000,1.672724000,28,28672,200.01094614660138
2,1024,3,82,temporal,0,0.234073000,2.047228000,28,28672,21.559759959114930
2,1024,3,82,static,1,0.630451000,3.028298000,264,270336,21.559759959114930
2,1024,3,83,static,0,0.311440000,1.597280000,264,270336,-116.45233458778668
2,1024,3,83,temporal,1,0.267964000,1.672403000,28,28672,-116.45233458778668
2,1024,3,84,temporal,0,0.240182000,1.594615000,28,28672,-209.83860533345670
2,1024,3,84,static,1,0.291820000,1.599723000,265,271360,-209.83860533345670
2,1024,3,85,static,0,0.373183000,1.709408000,264,270336,214.58376150522090
2,1024,3,85,temporal,1,0.258560000,1.629118000,27,27648,214.58376150522090
2,1024,3,86,temporal,0,0.238871000,1.578451000,28,28672,-30.808078623033840
2,1024,3,86,static,1,0.383378000,1.679123000,265,271360,-30.808078623033840
2,1024,3,87,static,0,0.262476000,1.936051000,264,270336,-194.56435676732488
2,1024,3,87,temporal,1,0.271519000,1.740926000,28,28672,-194.56435676732488
2,1024,3,88,temporal,0,0.236877000,1.585832000,28,28672,-224.09287444088040
2,1024,3,88,static,1,0.365601000,1.703309000,264,270336,-224.09287444088040
2,1024,3,89,static,0,0.261945000,1.594255000,266,272384,70.546393270041970
2,1024,3,89,temporal,1,0.229326000,1.642478000,28,28672,70.546393270041970
2,1024,3,90,temporal,0,0.248535000,1.543799000,28,28672,-171.10008860916074
2,1024,3,90,static,1,0.261975000,1.542587000,264,270336,-171.10008860916074
2,1024,3,91,static,0,0.352501000,1.732323000,262,268288,-244.12486183751554
2,1024,3,91,temporal,1,0.262696000,1.593493000,28,28672,-244.12486183751554
2,1024,3,92,temporal,0,0.288665000,1.792674000,28,28672,189.39472496065642
2,1024,3,92,static,1,0.954100000,2.389395000,264,270336,189.39472496065642
2,1024,3,93,static,0,0.250227000,1.748437000,265,271360,-150.36999562468012
2,1024,3,93,temporal,1,0.247914000,1.619052000,28,28672,-150.36999562468012
2,1024,3,94,temporal,0,0.223777000,1.680996000,28,28672,-241.00018021971604
2,1024,3,94,static,1,0.271089000,1.676058000,264,270336,-241.00018021971604
2,1024,3,95,static,0,0.269957000,2.203624000,262,268288,-104.60858404404783
2,1024,3,95,temporal,1,0.280313000,1.764261000,27,27648,-104.60858404404783
2,1024,3,96,temporal,0,0.240002000,1.603088000,28,28672,200.01094614660138
2,1024,3,96,static,1,0.396789000,1.810842000,263,269312,200.01094614660138
2,1024,3,97,static,0,0.267954000,1.650209000,265,271360,-40.414158395613810
2,1024,3,97,temporal,1,0.224098000,1.635057000,28,28672,-40.414158395613810
2,1024,3,98,temporal,0,0.251239000,2.849009000,28,28672,180.33541434920647
2,1024,3,98,static,1,0.444951000,3.005574000,266,272384,180.33541434920647
2,1024,3,99,static,0,0.324790000,1.741738000,265,271360,111.87570076470670
2,1024,3,99,temporal,1,0.286252000,1.813846000,28,28672,111.87570076470670
2,1024,3,100,temporal,0,0.253472000,1.658121000,28,28672,85.175091146783130
2,1024,3,100,static,1,0.300844000,1.654796000,265,271360,85.175091146783130
2,1024,3,101,static,0,0.385912000,1.695237000,266,272384,-212.30089206422673
2,1024,3,101,temporal,1,0.306793000,1.711482000,28,28672,-212.30089206422673
2,1024,3,102,temporal,0,0.241314000,1.568105000,28,28672,243.35855270289875
2,1024,3,102,static,1,0.292191000,1.627525000,264,270336,243.35855270289875
2,1024,3,103,static,0,0.265200000,1.745212000,264,270336,-248.15025138891033
2,1024,3,103,temporal,1,0.244148000,1.674456000,28,28672,-248.15025138891033
2,1024,3,104,temporal,0,0.295966000,1.574896000,28,28672,-62.758357208306800
2,1024,3,104,static,1,0.301725000,1.710650000,265,271360,-62.758357208306800
2,1024,3,105,static,0,0.291079000,1.752533000,262,268288,-20.650530169564960
2,1024,3,105,temporal,1,0.259771000,1.675607000,27,27648,-20.650530169564960
2,1024,3,106,temporal,0,0.227232000,1.769178000,28,28672,-47.955493978439414
2,1024,3,106,static,1,0.285621000,1.851013000,266,272384,-47.955493978439414
2,1024,3,107,static,0,0.288875000,1.538811000,263,269312,236.65753548174519
2,1024,3,107,temporal,1,0.247995000,1.633174000,28,28672,236.65753548174519
2,1024,3,108,temporal,0,0.230989000,1.770822000,28,28672,63.020349182705250
2,1024,3,108,static,1,0.304049000,1.668828000,266,272384,63.020349182705250
2,1024,3,109,static,0,0.288014000,1.766094000,264,270336,44.448273279082330
2,1024,3,109,temporal,1,0.271620000,1.604881000,28,28672,44.448273279082330
2,1024,3,110,temporal,0,0.253692000,1.577058000,28,28672,238.70039771197023
2,1024,3,110,static,1,0.475758000,1.865614000,266,272384,238.70039771197023
2,1024,3,111,static,0,0.334295000,1.704051000,264,270336,8.4948314872113480
2,1024,3,111,temporal,1,0.260363000,1.733956000,28,28672,8.4948314872113480
2,1024,3,112,temporal,0,0.237338000,1.597290000,28,28672,46.727888682414490
2,1024,3,112,static,1,0.315707000,1.819275000,264,270336,46.727888682414490
2,1024,3,113,static,0,0.267974000,1.766114000,266,272384,-208.16425599330378
2,1024,3,113,temporal,1,0.252962000,1.740145000,28,28672,-208.16425599330378
2,1024,3,114,temporal,0,0.255055000,1.588546000,28,28672,176.03071251103685
2,1024,3,114,static,1,0.271740000,1.651922000,264,270336,176.03071251103685
2,1024,3,115,static,0,0.248615000,1.701347000,263,269312,37.278199035835090
2,1024,3,115,temporal,1,0.304269000,1.962340000,28,28672,37.278199035835090
2,1024,3,116,temporal,0,0.244609000,1.663480000,28,28672,184.02717511494836
2,1024,3,116,static,1,0.304519000,1.636538000,265,271360,184.02717511494836
2,1024,3,117,static,0,0.254955000,1.741787000,264,270336,148.71129491535748
2,1024,3,117,temporal,1,0.256527000,1.640414000,28,28672,148.71129491535748
2,1024,3,118,temporal,0,0.267794000,1.524510000,28,28672,12.339575623690260
2,1024,3,118,static,1,0.287593000,1.719394000,265,271360,12.339575623690260
2,1024,3,119,static,0,0.275215000,1.589528000,266,272384,6.4132991869145770
2,1024,3,119,temporal,1,0.261935000,1.717020000,28,28672,6.4132991869145770
0,4096,0,0,static,0,0.268445000,1.593324000,264,1081344,36.323429428802690
0,4096,0,0,temporal,1,0.235655000,1.552632000,28,114688,36.323429428802690
0,4096,0,1,temporal,0,0.216317000,1.617300000,28,114688,23.410297690211838
0,4096,0,1,static,1,0.279011000,1.614266000,263,1077248,23.410297690211838
0,4096,0,2,static,0,0.310558000,1.684791000,266,1089536,239.64118194985240
0,4096,0,2,temporal,1,0.236517000,1.569558000,28,114688,239.64118194985240
0,4096,0,3,temporal,0,0.226072000,1.473133000,28,114688,92.551946089451330
0,4096,0,3,static,1,0.269757000,1.639994000,267,1093632,92.551946089451330
0,4096,0,4,static,0,0.264579000,1.584501000,264,1081344,213.87619213133803
0,4096,0,4,temporal,1,0.254684000,1.611361000,28,114688,213.87619213133803
0,4096,0,5,temporal,0,0.238169000,1.839946000,28,114688,142.77866679564625
0,4096,0,5,static,1,0.273243000,1.652453000,263,1077248,142.77866679564625
0,4096,0,6,static,0,0.254404000,1.664050000,263,1077248,153.02494693991133
0,4096,0,6,temporal,1,0.227473000,1.622407000,28,114688,153.02494693991133
0,4096,0,7,temporal,0,0.224328000,1.612973000,28,114688,-128.45343205514433
0,4096,0,7,static,1,0.308686000,1.654647000,265,1085440,-128.45343205514433
0,4096,0,8,static,0,0.252181000,1.612292000,264,1081344,-233.48331639753152
0,4096,0,8,temporal,1,0.302406000,1.728417000,28,114688,-233.48331639753152
0,4096,0,9,temporal,0,0.268045000,1.737772000,28,114688,185.67185780346645
0,4096,0,9,static,1,0.278701000,1.765424000,264,1081344,185.67185780346645
0,4096,0,10,static,0,0.265321000,1.571591000,264,1081344,-160.19359217182904
0,4096,0,10,temporal,1,0.225901000,1.593524000,28,114688,-160.19359217182904
0,4096,0,11,temporal,0,0.230147000,1.840146000,28,114688,14.243265434425348
0,4096,0,11,static,1,0.385833000,1.831113000,264,1081344,14.243265434425348
0,4096,0,12,static,0,0.268875000,1.633714000,264,1081344,213.87619213133803
0,4096,0,12,temporal,1,0.256377000,2.119788000,28,114688,213.87619213133803
0,4096,0,13,temporal,0,0.396328000,1.978645000,27,110592,196.73694691812037
0,4096,0,13,static,1,0.308395000,3.455994000,261,1069056,196.73694691812037
0,4096,0,14,static,0,0.329347000,2.153640000,266,1089536,186.77731563464928
0,4096,0,14,temporal,1,0.353814000,1.934208000,28,114688,186.77731563464928
0,4096,0,15,temporal,0,0.241164000,1.569619000,28,114688,243.89984669031261
0,4096,0,15,static,1,0.302967000,1.647135000,264,1081344,243.89984669031261
0,4096,0,16,static,0,0.308615000,1.873526000,266,1089536,-178.32750124286713
0,4096,0,16,temporal,1,0.272651000,1.863211000,28,114688,-178.32750124286713
0,4096,0,17,temporal,0,0.227913000,1.773846000,28,114688,102.52532823200147
0,4096,0,17,static,1,0.282576000,1.891052000,264,1081344,102.52532823200147
0,4096,0,18,static,0,0.272982000,1.618632000,263,1077248,-101.13214461113566
0,4096,0,18,temporal,1,0.250277000,1.830201000,27,110592,-101.13214461113566
0,4096,0,19,temporal,0,0.257849000,1.736780000,27,110592,5.6240892362934645
0,4096,0,19,static,1,0.294935000,1.606373000,263,1077248,5.6240892362934645
0,4096,0,20,static,0,0.258360000,1.691882000,264,1081344,-238.48531217147922
0,4096,0,20,temporal,1,0.318140000,1.944834000,28,114688,-238.48531217147922
0,4096,0,21,temporal,0,0.272771000,1.757251000,28,114688,-151.30347211908800
0,4096,0,21,static,1,0.289357000,2.062692000,264,1081344,-151.30347211908800
0,4096,0,22,static,0,0.354565000,1.949532000,265,1085440,202.69610368538636
0,4096,0,22,temporal,1,0.336057000,1.855108000,28,114688,202.69610368538636
0,4096,0,23,temporal,0,0.359452000,2.284677000,28,114688,-103.43874366808606
0,4096,0,23,static,1,0.369157000,1.752854000,264,1081344,-103.43874366808606
0,4096,0,24,static,0,0.286682000,1.881654000,266,1089536,-50.657236688503495
0,4096,0,24,temporal,1,0.272681000,1.663990000,28,114688,-50.657236688503495
0,4096,0,25,temporal,0,0.259642000,1.702449000,28,114688,-126.16762765364315
0,4096,0,25,static,1,0.394705000,1.958845000,265,1085440,-126.16762765364315
0,4096,0,26,static,0,0.420795000,1.883862000,264,1081344,-119.10643838641629
0,4096,0,26,temporal,1,0.496960000,1.888069000,28,114688,-119.10643838641629
0,4096,0,27,temporal,0,0.316908000,1.721407000,28,114688,103.46717475593650
0,4096,0,27,static,1,0.302186000,1.586013000,266,1089536,103.46717475593650
0,4096,0,28,static,0,0.266482000,1.768778000,264,1081344,-248.39912848956396
0,4096,0,28,temporal,1,0.473354000,1.948670000,28,114688,-248.39912848956396
0,4096,0,29,temporal,0,0.272551000,1.599863000,28,114688,-150.21560601422948
0,4096,0,29,static,1,0.358822000,1.696500000,264,1081344,-150.21560601422948
0,4096,0,30,static,0,0.280444000,1.639023000,263,1077248,148.47975078297705
0,4096,0,30,temporal,1,0.241615000,1.735418000,28,114688,148.47975078297705
0,4096,0,31,temporal,0,0.256367000,1.739324000,28,114688,49.817203411651690
0,4096,0,31,static,1,0.278199000,1.788498000,265,1085440,49.817203411651690
0,4096,0,32,static,0,0.274915000,1.613444000,266,1089536,-205.16718382927735
0,4096,0,32,temporal,1,0.263878000,2.016542000,28,114688,-205.16718382927735
0,4096,0,33,temporal,0,0.288575000,1.579473000,28,114688,-177.61351257332686
0,4096,0,33,static,1,0.286502000,1.730521000,264,1081344,-177.61351257332686
0,4096,0,34,static,0,0.296056000,1.751763000,264,1081344,-108.36946842012367
0,4096,0,34,temporal,1,0.278500000,1.712173000,28,114688,-108.36946842012367
0,4096,0,35,temporal,0,0.240943000,1.646133000,28,114688,190.15265428265363
0,4096,0,35,static,1,0.317980000,2.324357000,265,1085440,190.15265428265363
0,4096,0,36,static,0,0.354224000,1.857192000,265,1085440,151.51042580244004
0,4096,0,36,temporal,1,0.257118000,1.613204000,28,114688,151.51042580244004
0,4096,0,37,temporal,0,0.226292000,1.737872000,28,114688,46.042449311301440
0,4096,0,37,static,1,0.330358000,1.789259000,266,1089536,46.042449311301440
0,4096,0,38,static,0,0.281605000,1.816090000,266,1089536,-241.45238241736936
0,4096,0,38,temporal,1,0.296737000,1.770220000,28,114688,-241.45238241736936
0,4096,0,39,temporal,0,0.234454000,1.669449000,28,114688,-244.40216860292378
0,4096,0,39,static,1,0.362767000,1.824943000,266,1089536,-244.40216860292378
0,4096,0,40,static,0,0.299822000,1.618521000,266,1089536,-34.410122500828650
0,4096,0,40,temporal,1,0.392843000,1.865975000,28,114688,-34.410122500828650
0,4096,0,41,temporal,0,0.238640000,1.544200000,28,114688,111.45449789647374
0,4096,0,41,static,1,0.298250000,1.721598000,265,1085440,111.45449789647374
0,4096,0,42,static,0,0.270558000,1.611531000,266,1089536,180.67394413476754
0,4096,0,42,temporal,1,0.231449000,1.574085000,28,114688,180.67394413476754
0,4096,0,43,temporal,0,0.228575000,1.764472000,28,114688,-111.96581295117505
0,4096,0,43,static,1,0.294455000,1.758604000,264,1081344,-111.96581295117505
0,4096,0,44,static,0,0.272180000,1.730310000,263,1077248,5.2064326597148640
0,4096,0,44,temporal,1,0.261364000,1.609408000,28,114688,5.2064326597148640
0,4096,0,45,temporal,0,0.232791000,1.745123000,28,114688,-243.15203746111425
0,4096,0,45,static,1,0.312742000,1.857963000,264,1081344,-243.15203746111425
0,4096,0,46,static,0,0.302437000,1.749369000,263,1077248,81.956978622664100
0,4096,0,46,temporal,1,0.290288000,1.616389000,28,114688,81.956978622664100
0,4096,0,47,temporal,0,0.224760000,1.534606000,28,114688,-1.7590032620150613
0,4096,0,47,static,1,0.283728000,1.830252000,266,1089536,-1.7590032620150613
0,4096,0,48,static,0,0.327935000,1.656610000,263,1077248,180.85834756440553
0,4096,0,48,temporal,1,0.242556000,1.566744000,28,114688,180.85834756440553
0,4096,0,49,temporal,0,0.232962000,1.558171000,28,114688,198.68019195169154
0,4096,0,49,static,1,0.305350000,1.632352000,265,1085440,198.68019195169154
0,4096,0,50,static,0,0.268786000,1.564010000,266,1089536,240.49179785010534
0,4096,0,50,temporal,1,0.233192000,1.509738000,28,114688,240.49179785010534
0,4096,0,51,temporal,0,0.226422000,1.580344000,28,114688,200.70884482753613
0,4096,0,51,static,1,0.271450000,1.596319000,264,1081344,200.70884482753613
0,4096,0,52,static,0,0.283077000,1.534335000,264,1081344,213.41343865724062
0,4096,0,52,temporal,1,0.234143000,1.510389000,28,114688,213.41343865724062
0,4096,0,53,temporal,0,0.243447000,1.616118000,28,114688,195.02436307270406
0,4096,0,53,static,1,1.227642000,2.681906000,267,1093632,195.02436307270406
0,4096,0,54,static,0,0.277669000,1.648397000,265,1085440,190.13137539386740
0,4096,0,54,temporal,1,0.264009000,1.608357000,28,114688,190.13137539386740
0,4096,0,55,temporal,0,0.239421000,1.677931000,28,114688,205.36022901701733
0,4096,0,55,static,1,0.456779000,1.972776000,264,1081344,205.36022901701733
0,4096,0,56,static,0,0.280182000,1.603018000,264,1081344,22.744817101360024
0,4096,0,56,temporal,1,0.246211000,1.553854000,28,114688,22.744817101360024
0,4096,0,57,temporal,0,0.228875000,1.493743000,28,114688,239.64118194985240
0,4096,0,57,static,1,0.299692000,1.819314000,266,1089536,239.64118194985240
0,4096,0,58,static,0,0.288856000,1.750521000,263,1077248,-222.79550802933338
0,4096,0,58,temporal,1,0.243527000,1.634806000,28,114688,-222.79550802933338
0,4096,0,59,temporal,0,0.224689000,1.511070000,28,114688,-15.377266773143893
0,4096,0,59,static,1,0.370168000,1.784953000,266,1089536,-15.377266773143893
0,4096,0,60,static,0,0.276988000,1.655989000,264,1081344,108.43707052191820
0,4096,0,60,temporal,1,0.242356000,1.630550000,28,114688,108.43707052191820
0,4096,0,61,temporal,0,0.220553000,1.596729000,28,114688,-246.55198784479998
0,4096,0,61,static,1,0.268956000,1.630840000,264,1081344,-246.55198784479998
0,4096,0,62,static,0,0.587516000,2.036933000,263,1077248,195.80996510912620
0,4096,0,62,temporal,1,0.292021000,1.825905000,28,114688,195.80996510912620
0,4096,0,63,temporal,0,0.327574000,1.712313000,28,114688,-133.13724617456580
0,4096,0,63,static,1,0.307985000,1.781137000,264,1081344,-133.13724617456580
0,4096,0,64,static,0,0.296547000,2.659282000,263,1077248,-208.33791287764690
0,4096,0,64,temporal,1,0.279512000,1.566474000,28,114688,-208.33791287764690
0,4096,0,65,temporal,0,0.240072000,1.759665000,28,114688,216.88240999026542
0,4096,0,65,static,1,0.303358000,1.630159000,263,1077248,216.88240999026542
0,4096,0,66,static,0,0.330999000,1.784933000,264,1081344,183.15966180721260
0,4096,0,66,temporal,1,0.240132000,1.669559000,28,114688,183.15966180721260
0,4096,0,67,temporal,0,0.229927000,1.670380000,28,114688,-130.89827600991703
0,4096,0,67,static,1,0.292331000,1.676599000,266,1089536,-130.89827600991703
0,4096,0,68,static,0,0.306403000,1.676179000,266,1089536,187.39965365752872
0,4096,0,68,temporal,1,0.231329000,1.625623000,28,114688,187.39965365752872
0,4096,0,69,temporal,0,0.227703000,1.537680000,28,114688,47.151741560736300
0,4096,0,69,static,1,0.279091000,1.601125000,264,1081344,47.151741560736300
0,4096,0,70,static,0,0.266332000,1.945175000,263,1077248,-204.63523095371218
0,4096,0,70,temporal,1,0.259672000,1.543939000,28,114688,-204.63523095371218
0,4096,0,71,temporal,0,0.250318000,1.676199000,28,114688,180.33541434920647
0,4096,0,71,static,1,0.264590000,1.660195000,266,1089536,180.33541434920647
0,4096,0,72,static,0,0.255876000,1.550499000,265,1085440,-141.82824968575792
0,4096,0,72,temporal,1,0.235896000,1.553914000,28,114688,-141.82824968575792
0,4096,0,73,temporal,0,0.220413000,2.061090000,28,114688,196.71222676767943
0,4096,0,73,static,1,0.291670000,1.606844000,264,1081344,196.71222676767943
0,4096,0,74,static,0,0.282286000,1.705763000,264,1081344,177.83085640823668
0,4096,0,74,temporal,1,0.240032000,1.661647000,28,114688,177.83085640823668
0,4096,0,75,temporal,0,0.224529000,1.618062000,28,114688,131.71653732931770
0,4096,0,75,static,1,0.272211000,1.707697000,265,1085440,131.71653732931770
0,4096,0,76,static,0,0.257799000,1.569628000,264,1081344,-217.04982565707640
0,4096,0,76,temporal,1,0.243347000,1.781187000,28,114688,-217.04982565707640
0,4096,0,77,temporal,0,0.269857000,1.690681000,28,114688,191.69070633157375
0,4096,0,77,static,1,0.306723000,1.691542000,264,1081344,191.69070633157375
0,4096,0,78,static,0,0.261385000,1.632043000,265,1085440,-132.47046471741790
0,4096,0,78,temporal,1,0.248084000,1.563739000,28,114688,-132.47046471741790
0,4096,0,79,temporal,0,0.221865000,1.622538000,28,114688,-176.44052755107190
0,4096,0,79,static,1,0.272922000,1.615137000,266,1089536,-176.44052755107190
0,4096,0,80,static,0,0.278390000,1.680545000,265,1085440,164.39691877735450
0,4096,0,80,temporal,1,0.244599000,1.666794000,28,114688,164.39691877735450
0,4096,0,81,temporal,0,0.226101000,1.493844000,28,114688,-173.65307259578820
0,4096,0,81,static,1,0.278730000,1.585602000,264,1081344,-173.65307259578820
0,4096,0,82,static,0,0.274804000,1.610910000,264,1081344,-2.9523094547064350
0,4096,0,82,temporal,1,0.250798000,1.585302000,28,114688,-2.9523094547064350
0,4096,0,83,temporal,0,0.220022000,1.578421000,28,114688,-173.10994229684474
0,4096,0,83,static,1,0.280864000,1.754877000,265,1085440,-173.10994229684474
0,4096,0,84,static,0,0.338030000,1.723230000,266,1089536,142.92099639314603
0,4096,0,84,temporal,1,0.241774000,1.591761000,28,114688,142.92099639314603
0,4096,0,85,temporal,0,0.251810000,1.881739000,28,114688,155.95175445763266
0,4096,0,85,static,1,0.288896000,1.650851000,264,1081344,155.95175445763266
0,4096,0,86,static,0,0.277318000,1.583099000,263,1077248,-243.31000603288348
0,4096,0,86,temporal,1,0.231369000,1.592313000,28,114688,-243.31000603288348
0,4096,0,87,temporal,0,0.220613000,1.834588000,28,114688,204.31950946362227
0,4096,0,87,static,1,0.334775000,1.741026000,264,1081344,204.31950946362227
0,4096,0,88,static,0,0.274003000,1.606003000,265,1085440,96.053903273649040
0,4096,0,88,temporal,1,0.233903000,1.543379000,28,114688,96.053903273649040
0,4096,0,89,temporal,0,0.260162000,1.603569000,28,114688,52.875387912059395
0,4096,0,89,static,1,0.273763000,1.665423000,265,1085440,52.875387912059395
0,4096,0,90,static,0,0.274084000,1.711162000,266,1089536,185.43556924976100
0,4096,0,90,temporal,1,0.553946000,1.973928000,28,114688,185.43556924976100
0,4096,0,91,temporal,0,0.263628000,1.691783000,28,114688,137.86345653806515
0,4096,0,91,static,1,0.315095000,1.606884000,265,1085440,137.86345653806515
0,4096,0,92,static,0,0.271670000,1.599042000,266,1089536,-153.37397333987312
0,4096,0,92,temporal,1,0.250909000,1.611742000,28,114688,-153.37397333987312
0,4096,0,93,temporal,0,0.226651000,1.700255000,28,114688,-219.92116318415412
0,4096,0,93,static,1,0.483810000,2.031264000,266,1089536,-219.92116318415412
0,4096,0,94,static,0,0.282797000,1.559783000,265,1085440,99.840157402255730
0,4096,0,94,temporal,1,0.232341000,1.598843000,28,114688,99.840157402255730
0,4096,0,95,temporal,0,0.237869000,1.569448000,28,114688,-9.9776402238280770
0,4096,0,95,static,1,0.292131000,1.666865000,264,1081344,-9.9776402238280770
0,4096,0,96,static,0,0.270187000,1.641937000,263,1077248,-77.470754768088640
0,4096,0,96,temporal,1,0.251539000,1.568726000,27,110592,-77.470754768088640
0,4096,0,97,temporal,0,0.262596000,1.817081000,28,114688,163.92494759546423
0,4096,0,97,static,1,0.282897000,1.679193000,263,1077248,163.92494759546423
0,4096,0,98,static,0,0.266453000,1.693576000,263,1077248,-243.54361972287367
0,4096,0,98,temporal,1,0.267874000,2.478929000,28,114688,-243.54361972287367
0,4096,0,99,temporal,0,0.261264000,1.813106000,28,114688,-192.06030202903284
0,4096,0,99,static,1,0.295836000,1.719234000,266,1089536,-192.06030202903284
0,4096,0,100,static,0,0.291159000,1.594586000,264,1081344,-215.48720745081950
0,4096,0,100,temporal,1,0.249827000,1.730451000,28,114688,-215.48720745081950
0,4096,0,101,temporal,0,0.254845000,1.554065000,28,114688,-124.80464351061411
0,4096,0,101,static,1,0.301976000,1.771593000,266,1089536,-124.80464351061411
0,4096,0,102,static,0,0.338320000,1.830021000,266,1089536,193.85135980213846
0,4096,0,102,temporal,1,0.513024000,2.027810000,28,114688,193.85135980213846
0,4096,0,103,temporal,0,0.260443000,1.782670000,28,114688,-248.32078149836696
0,4096,0,103,static,1,0.373834000,1.854688000,263,1077248,-248.32078149836696
0,4096,0,104,static,0,0.281275000,1.758534000,264,1081344,182.04829410606916
0,4096,0,104,temporal,1,0.280062000,1.623449000,28,114688,182.04829410606916
0,4096,0,105,temporal,0,0.229647000,1.766605000,28,114688,-189.71470378278020
0,4096,0,105,static,1,0.292622000,1.764422000,265,1085440,-189.71470378278020
0,4096,0,106,static,0,0.426503000,1.885504000,263,1077248,-196.97926340722103
0,4096,0,106,temporal,1,0.311129000,1.673494000,28,114688,-196.97926340722103
0,4096,0,107,temporal,0,0.247804000,1.628818000,28,114688,-214.98169387095953
0,4096,0,107,static,1,0.304619000,1.668897000,264,1081344,-214.98169387095953
0,4096,0,108,static,0,0.280543000,1.663209000,265,1085440,161.46710417179500
0,4096,0,108,temporal,1,0.268816000,1.709439000,28,114688,161.46710417179500
0,4096,0,109,temporal,0,0.260463000,1.622568000,28,114688,214.49895172768356
0,4096,0,109,static,1,0.280053000,1.612343000,264,1081344,214.49895172768356
0,4096,0,110,static,0,0.286472000,1.847808000,265,1085440,242.50180579310410
0,4096,0,110,temporal,1,0.248064000,1.574355000,28,114688,242.50180579310410
0,4096,0,111,temporal,0,0.226161000,1.575537000,28,114688,145.61090625880070
0,4096,0,111,static,1,0.347654000,1.620644000,264,1081344,145.61090625880070
0,4096,0,112,static,0,0.265971000,1.612072000,264,1081344,-54.560831084189060
0,4096,0,112,temporal,1,0.291730000,1.652213000,28,114688,-54.560831084189060
0,4096,0,113,temporal,0,0.227634000,1.614316000,28,114688,-108.36946842012367
0,4096,0,113,static,1,0.275976000,1.699864000,264,1081344,-108.36946842012367
0,4096,0,114,static,0,0.271179000,1.801288000,263,1077248,-57.009200546379870
0,4096,0,114,temporal,1,0.374294000,1.815469000,28,114688,-57.009200546379870
0,4096,0,115,temporal,0,0.237178000,1.516608000,28,114688,63.150268357776206
0,4096,0,115,static,1,0.287894000,1.682638000,265,1085440,63.150268357776206
0,4096,0,116,static,0,0.278120000,2.000098000,266,1089536,-213.08030255534408
0,4096,0,116,temporal,1,0.287184000,1.682849000,28,114688,-213.08030255534408
0,4096,0,117,temporal,0,0.226331000,1.609958000,28,114688,103.85382422230279
0,4096,0,117,static,1,0.284490000,1.587676000,265,1085440,103.85382422230279
0,4096,0,118,static,0,0.314284000,1.689399000,264,1081344,65.986271089490060
0,4096,0,118,temporal,1,0.233673000,1.591491000,28,114688,65.986271089490060
0,4096,0,119,temporal,0,0.223137000,1.645583000,28,114688,185.28115170540830
0,4096,0,119,static,1,0.332361000,1.712253000,266,1089536,185.28115170540830
0,4096,1,0,temporal,0,0.240673000,1.571581000,28,114688,36.323429428802690
0,4096,1,0,static,1,0.277598000,1.575577000,264,1081344,36.323429428802690
0,4096,1,1,static,0,0.255575000,1.590930000,263,1077248,23.410297690211838
0,4096,1,1,temporal,1,0.238870000,1.588556000,28,114688,23.410297690211838
0,4096,1,2,temporal,0,0.255906000,1.844663000,28,114688,239.64118194985240
0,4096,1,2,static,1,0.350238000,1.915600000,266,1089536,239.64118194985240
0,4096,1,3,static,0,0.447145000,1.760586000,267,1093632,92.551946089451330
0,4096,1,3,temporal,1,0.249927000,1.744802000,28,114688,92.551946089451330
0,4096,1,4,temporal,0,0.243277000,1.696039000,28,114688,213.87619213133803
0,4096,1,4,static,1,0.324209000,1.647936000,264,1081344,213.87619213133803
0,4096,1,5,static,0,0.265921000,1.679764000,263,1077248,142.77866679564625
0,4096,1,5,temporal,1,0.247734000,1.672664000,28,114688,142.77866679564625
0,4096,1,6,temporal,0,0.257629000,1.730211000,28,114688,153.02494693991133
0,4096,1,6,static,1,0.292592000,1.798824000,263,1077248,153.02494693991133
0,4096,1,7,static,0,0.287784000,1.643810000,265,1085440,-128.45343205514433
0,4096,1,7,temporal,1,0.229536000,1.626444000,28,114688,-128.45343205514433
0,4096,1,8,temporal,0,0.301836000,1.638653000,28,114688,-233.48331639753152
0,4096,1,8,static,1,0.275125000,1.670841000,264,1081344,-233.48331639753152
0,4096,1,9,static,0,0.261184000,1.757121000,264,1081344,185.67185780346645
0,4096,1,9,temporal,1,0.272451000,1.713084000,28,114688,185.67185780346645
0,4096,1,10,temporal,0,0.231199000,1.518921000,28,114688,-160.19359217182904
0,4096,1,10,static,1,0.271460000,1.535176000,264,1081344,-160.19359217182904
0,4096,1,11,static,0,0.251570000,1.613855000,264,1081344,14.243265434425348
0,4096,1,11,temporal,1,0.230087000,1.587465000,28,114688,14.243265434425348
0,4096,1,12,temporal,0,0.242927000,1.563880000,28,114688,213.87619213133803
0,4096,1,12,static,1,0.285591000,1.946987000,264,1081344,213.87619213133803
0,4096,1,13,static,0,0.284640000,1.799665000,261,1069056,196.73694691812037
0,4096,1,13,temporal,1,0.229947000,1.753466000,27,110592,196.73694691812037
0,4096,1,14,temporal,0,0.236327000,1.678242000,28,114688,186.77731563464928
0,4096,1,14,static,1,0.359112000,1.744312000,266,1089536,186.77731563464928
0,4096,1,15,static,0,0.275335000,1.832405000,264,1081344,243.89984669031261
0,4096,1,15,temporal,1,0.245100000,1.965966000,28,114688,243.89984669031261
0,4096,1,16,temporal,0,0.249517000,1.762249000,28,114688,-178.32750124286713
0,4096,1,16,static,1,0.315536000,2.106959000,266,1089536,-178.32750124286713
0,4096,1,17,static,0,0.303067000,1.837312000,264,1081344,102.52532823200147
0,4096,1,17,temporal,1,0.250278000,1.639764000,28,114688,102.52532823200147
0,4096,1,18,temporal,0,0.224378000,1.750381000,27,110592,-101.13214461113566
0,4096,1,18,static,1,0.295075000,1.678252000,263,1077248,-101.13214461113566
0,4096,1,19,static,0,0.264439000,1.660124000,263,1077248,5.6240892362934645
0,4096,1,19,temporal,1,0.294334000,1.583389000,27,110592,5.6240892362934645
0,4096,1,20,temporal,0,0.225771000,1.711953000,28,114688,-238.48531217147922
0,4096,1,20,static,1,0.293282000,1.778553000,264,1081344,-238.48531217147922
0,4096,1,21,static,0,0.274384000,1.645383000,264,1081344,-151.30347211908800
0,4096,1,21,temporal,1,0.241845000,1.656549000,28,114688,-151.30347211908800
0,4096,1,22,temporal,0,0.232641000,2.126859000,28,114688,202.69610368538636
0,4096,1,22,static,1,0.594197000,2.202663000,265,1085440,202.69610368538636
0,4096,1,23,static,0,0.309457000,1.991585000,264,1081344,-103.43874366808606
0,4096,1,23,temporal,1,0.323027000,1.834487000,28,114688,-103.43874366808606
0,4096,1,24,temporal,0,0.261725000,1.619123000,28,114688,-50.657236688503495
0,4096,1,24,static,1,0.295366000,1.747036000,266,1089536,-50.657236688503495
0,4096,1,25,static,0,0.496539000,1.903572000,265,1085440,-126.16762765364315
0,4096,1,25,temporal,1,0.334495000,1.710140000,28,114688,-126.16762765364315
0,4096,1,26,temporal,0,0.311711000,1.756831000,28,114688,-119.10643838641629
0,4096,1,26,static,1,0.278339000,1.803450000,264,1081344,-119.10643838641629
0,4096,1,27,static,0,0.282606000,1.670640000,266,1089536,103.46717475593650
0,4096,1,27,temporal,1,0.282476000,1.595707000,28,114688,103.46717475593650
0,4096,1,28,temporal,0,0.233112000,1.736570000,28,114688,-248.39912848956396
0,4096,1,28,static,1,0.282796000,1.905805000,264,1081344,-248.39912848956396
0,4096,1,29,static,0,0.263157000,1.576338000,264,1081344,-150.21560601422948
0,4096,1,29,temporal,1,0.500145000,1.918505000,28,114688,-150.21560601422948
0,4096,1,30,temporal,0,0.231639000,1.759364000,28,114688,148.47975078297705
0,4096,1,30,static,1,0.284649000,1.961298000,263,1077248,148.47975078297705
0,4096,1,31,static,0,0.278880000,1.941078000,265,1085440,49.817203411651690
0,4096,1,31,temporal,1,0.264218000,1.712063000,28,114688,49.817203411651690
0,4096,1,32,temporal,0,0.241845000,1.829490000,28,114688,-205.16718382927735
0,4096,1,32,static,1,0.318411000,1.749119000,266,1089536,-205.16718382927735
0,4096,1,33,static,0,0.270228000,1.596008000,264,1081344,-177.61351257332686
0,4096,1,33,temporal,1,0.254814000,1.607195000,28,114688,-177.61351257332686
0,4096,1,34,temporal,0,0.336878000,1.676139000,28,114688,-108.36946842012367
0,4096,1,34,static,1,0.274855000,1.743851000,264,1081344,-108.36946842012367
0,4096,1,35,static,0,0.298591000,1.587565000,265,1085440,190.15265428265363
0,4096,1,35,temporal,1,0.265250000,1.728788000,28,114688,190.15265428265363
0,4096,1,36,temporal,0,0.220653000,1.585082000,28,114688,151.51042580244004
0,4096,1,36,static,1,0.275015000,1.616299000,265,1085440,151.51042580244004
0,4096,1,37,static,0,0.299211000,1.690760000,266,1089536,46.042449311301440
0,4096,1,37,temporal,1,0.227033000,1.594496000,28,114688,46.042449311301440
0,4096,1,38,temporal,0,0.221425000,1.599684000,28,114688,-241.45238241736936
0,4096,1,38,static,1,0.278831000,1.636389000,266,1089536,-241.45238241736936
0,4096,1,39,static,0,0.247994000,1.661887000,266,1089536,-244.40216860292378
0,4096,1,39,temporal,1,0.223747000,1.590299000,28,114688,-244.40216860292378
0,4096,1,40,temporal,0,0.213762000,1.524109000,28,114688,-34.410122500828650
0,4096,1,40,static,1,0.268405000,1.573454000,266,1089536,-34.410122500828650
0,4096,1,41,static,0,0.280844000,1.584631000,265,1085440,111.45449789647374
0,4096,1,41,temporal,1,0.219311000,1.525131000,28,114688,111.45449789647374
0,4096,1,42,temporal,0,0.256928000,1.550179000,28,114688,180.67394413476754
0,4096,1,42,static,1,0.265470000,1.569568000,266,1089536,180.67394413476754
0,4096,1,43,static,0,0.255706000,1.600094000,264,1081344,-111.96581295117505
0,4096,1,43,temporal,1,0.222335000,1.564971000,28,114688,-111.96581295117505
0,4096,1,44,temporal,0,0.215515000,1.845945000,28,114688,5.2064326597148640
0,4096,1,44,static,1,0.291970000,1.691622000,263,1077248,5.2064326597148640
0,4096,1,45,static,0,0.284650000,1.663170000,264,1081344,-243.15203746111425
0,4096,1,45,temporal,1,0.228224000,1.748307000,28,114688,-243.15203746111425
0,4096,1,46,temporal,0,0.234915000,1.523849000,28,114688,81.956978622664100
0,4096,1,46,static,1,0.292281000,1.719865000,263,1077248,81.956978622664100
0,4096,1,47,static,0,0.273833000,1.597490000,266,1089536,-1.7590032620150613
0,4096,1,47,temporal,1,0.226001000,1.505902000,28,114688,-1.7590032620150613
0,4096,1,48,temporal,0,0.216296000,1.514996000,28,114688,180.85834756440553
0,4096,1,48,static,1,0.269988000,1.584441000,263,1077248,180.85834756440553
0,4096,1,49,static,0,0.269556000,1.613404000,265,1085440,198.68019195169154
0,4096,1,49,temporal,1,0.242726000,1.540975000,28,114688,198.68019195169154
0,4096,1,50,temporal,0,0.243677000,1.504860000,28,114688,240.49179785010534
0,4096,1,50,static,1,0.256527000,1.539092000,266,1089536,240.49179785010534
0,4096,1,51,static,0,0.275255000,1.571270000,264,1081344,200.70884482753613
0,4096,1,51,temporal,1,0.219200000,1.546813000,28,114688,200.70884482753613
0,4096,1,52,temporal,0,0.219040000,1.473834000,28,114688,213.41343865724062
0,4096,1,52,static,1,0.270027000,1.546073000,264,1081344,213.41343865724062
0,4096,1,53,static,0,0.252682000,1.923713000,267,1093632,195.02436307270406
0,4096,1,53,temporal,1,0.265310000,1.724442000,28,114688,195.02436307270406
0,4096,1,54,temporal,0,0.272671000,1.596008000,28,114688,190.13137539386740
0,4096,1,54,static,1,0.272792000,1.584641000,265,1085440,190.13137539386740
0,4096,1,55,static,0,0.311801000,1.875640000,264,1081344,205.36022901701733
0,4096,1,55,temporal,1,0.293103000,1.748178000,28,114688,205.36022901701733
0,4096,1,56,temporal,0,0.231779000,1.620545000,28,114688,22.744817101360024
0,4096,1,56,static,1,0.288095000,1.598492000,264,1081344,22.744817101360024
0,4096,1,57,static,0,0.280283000,1.553313000,266,1089536,239.64118194985240
0,4096,1,57,temporal,1,0.227673000,1.496177000,28,114688,239.64118194985240
0,4096,1,58,temporal,0,0.256476000,1.636659000,28,114688,-222.79550802933338
0,4096,1,58,static,1,0.255205000,1.632714000,263,1077248,-222.79550802933338
0,4096,1,59,static,0,0.252971000,1.868639000,266,1089536,-15.377266773143893
0,4096,1,59,temporal,1,0.258239000,1.545081000,28,114688,-15.377266773143893
0,4096,1,60,temporal,0,0.215826000,1.721998000,28,114688,108.43707052191820
0,4096,1,60,static,1,0.276397000,1.683460000,264,1081344,108.43707052191820
0,4096,1,61,static,0,0.259942000,1.643750000,264,1081344,-246.55198784479998
0,4096,1,61,temporal,1,0.226071000,1.862490000,28,114688,-246.55198784479998
0,4096,1,62,temporal,0,0.242236000,1.647466000,28,114688,195.80996510912620
0,4096,1,62,static,1,0.336808000,1.783821000,263,1077248,195.80996510912620
0,4096,1,63,static,0,0.262576000,1.589748000,264,1081344,-133.13724617456580
0,4096,1,63,temporal,1,0.228194000,1.597680000,28,114688,-133.13724617456580
0,4096,1,64,temporal,0,0.217799000,1.490279000,28,114688,-208.33791287764690
0,4096,1,64,static,1,0.281274000,1.600214000,263,1077248,-208.33791287764690
0,4096,1,65,static,0,0.262196000,1.623299000,263,1077248,216.88240999026542
0,4096,1,65,temporal,1,0.228494000,1.546633000,28,114688,216.88240999026542
0,4096,1,66,temporal,0,0.216497000,1.599813000,28,114688,183.15966180721260
0,4096,1,66,static,1,0.273412000,1.619984000,264,1081344,183.15966180721260
0,4096,1,67,static,0,0.268826000,1.757742000,266,1089536,-130.89827600991703
0,4096,1,67,temporal,1,0.235936000,1.671332000,28,114688,-130.89827600991703
0,4096,1,68,temporal,0,0.246482000,1.661847000,28,114688,187.39965365752872
0,4096,1,68,static,1,0.300664000,1.681477000,266,1089536,187.39965365752872
0,4096,1,69,static,0,0.262896000,1.574054000,264,1081344,47.151741560736300
0,4096,1,69,temporal,1,0.223658000,1.512422000,28,114688,47.151741560736300
0,4096,1,70,temporal,0,0.215806000,1.518942000,28,114688,-204.63523095371218
0,4096,1,70,static,1,0.265240000,1.547935000,263,1077248,-204.63523095371218
0,4096,1,71,static,0,0.270458000,1.835249000,266,1089536,180.33541434920647
0,4096,1,71,temporal,1,0.246092000,1.644692000,28,114688,180.33541434920647
0,4096,1,72,temporal,0,0.215586000,1.478882000,28,114688,-141.82824968575792
0,4096,1,72,static,1,0.356428000,1.667887000,265,1085440,-141.82824968575792
0,4096,1,73,static,0,0.270218000,1.565562000,264,1081344,196.71222676767943
0,4096,1,73,temporal,1,0.240553000,1.547225000,28,114688,196.71222676767943
0,4096,1,74,temporal,0,0.228204000,1.601085000,28,114688,177.83085640823668
0,4096,1,74,static,1,0.270238000,1.839095000,264,1081344,177.83085640823668
0,4096,1,75,static,0,0.275706000,1.690620000,265,1085440,131.71653732931770
0,4096,1,75,temporal,1,0.252010000,1.632883000,28,114688,131.71653732931770
0,4096,1,76,temporal,0,0.218179000,1.529768000,28,114688,-217.04982565707640
0,4096,1,76,static,1,0.265801000,1.542307000,264,1081344,-217.04982565707640
0,4096,1,77,static,0,0.245180000,1.654917000,264,1081344,191.69070633157375
0,4096,1,77,temporal,1,0.220973000,1.609067000,28,114688,191.69070633157375
0,4096,1,78,temporal,0,0.227604000,1.536999000,28,114688,-132.47046471741790
0,4096,1,78,static,1,0.274634000,1.634456000,265,1085440,-132.47046471741790
0,4096,1,79,static,0,0.253071000,1.570279000,266,1089536,-176.44052755107190
0,4096,1,79,temporal,1,0.238850000,1.592563000,28,114688,-176.44052755107190
0,4096,1,80,temporal,0,0.225781000,3.536947000,28,114688,164.39691877735450
0,4096,1,80,static,1,0.351981000,1.774807000,265,1085440,164.39691877735450
0,4096,1,81,static,0,0.264178000,1.556067000,264,1081344,-173.65307259578820
0,4096,1,81,temporal,1,0.226362000,1.515977000,28,114688,-173.65307259578820
0,4096,1,82,temporal,0,0.221525000,1.591882000,28,114688,-2.9523094547064350
0,4096,1,82,static,1,0.273623000,2.152127000,264,1081344,-2.9523094547064350
0,4096,1,83,static,0,0.276307000,1.701697000,265,1085440,-173.10994229684474
0,4096,1,83,temporal,1,0.253372000,2.158006000,28,114688,-173.10994229684474
0,4096,1,84,temporal,0,0.253973000,1.748708000,28,114688,142.92099639314603
0,4096,1,84,static,1,0.281204000,1.778253000,266,1089536,142.92099639314603
0,4096,1,85,static,0,0.315506000,2.307706000,264,1081344,155.95175445763266
0,4096,1,85,temporal,1,0.393955000,2.551950000,28,114688,155.95175445763266
0,4096,1,86,temporal,0,0.388006000,2.474223000,28,114688,-243.31000603288348
0,4096,1,86,static,1,0.465753000,2.662777000,263,1077248,-243.31000603288348
0,4096,1,87,static,0,0.447465000,2.783429000,264,1081344,204.31950946362227
0,4096,1,87,temporal,1,0.398361000,3.399289000,28,114688,204.31950946362227
0,4096,1,88,temporal,0,0.401475000,1.911343000,28,114688,96.053903273649040
0,4096,1,88,static,1,0.322046000,1.632263000,265,1085440,96.053903273649040
0,4096,1,89,static,0,0.273012000,1.700195000,265,1085440,52.875387912059395
0,4096,1,89,temporal,1,0.259452000,1.606864000,28,114688,52.875387912059395
0,4096,1,90,temporal,0,0.225821000,2.002561000,28,114688,185.43556924976100
0,4096,1,90,static,1,0.318561000,1.697120000,266,1089536,185.43556924976100
0,4096,1,91,static,0,0.291270000,1.847988000,265,1085440,137.86345653806515
0,4096,1,91,temporal,1,0.314114000,1.611701000,28,114688,137.86345653806515
0,4096,1,92,temporal,0,0.227744000,1.922330000,28,114688,-153.37397333987312
0,4096,1,92,static,1,0.323889000,1.673355000,266,1089536,-153.37397333987312
0,4096,1,93,static,0,0.294023000,1.647716000,266,1089536,-219.92116318415412
0,4096,1,93,temporal,1,0.238941000,1.719154000,28,114688,-219.92116318415412
0,4096,1,94,temporal,0,0.231589000,1.554355000,28,114688,99.840157402255730
0,4096,1,94,static,1,0.289837000,1.590509000,265,1085440,99.840157402255730
0,4096,1,95,static,0,0.295295000,1.748498000,264,1081344,-9.9776402238280770
0,4096,1,95,temporal,1,0.237789000,1.584300000,28,114688,-9.9776402238280770
0,4096,1,96,temporal,0,0.218099000,1.563659000,27,110592,-77.470754768088640
0,4096,1,96,static,1,0.278771000,1.708408000,263,1077248,-77.470754768088640
0,4096,1,97,static,0,0.254814000,1.610650000,263,1077248,163.92494759546423
0,4096,1,97,temporal,1,0.243307000,1.608547000,28,114688,163.92494759546423
0,4096,1,98,temporal,0,0.218780000,1.525782000,28,114688,-243.54361972287367
0,4096,1,98,static,1,0.300494000,1.617561000,263,1077248,-243.54361972287367
0,4096,1,99,static,0,0.255125000,1.562718000,266,1089536,-192.06030202903284
0,4096,1,99,temporal,1,0.271029000,1.607395000,28,114688,-192.06030202903284
0,4096,1,100,temporal,0,0.233623000,1.530960000,28,114688,-215.48720745081950
0,4096,1,100,static,1,0.286532000,1.568577000,264,1081344,-215.48720745081950
0,4096,1,101,static,0,0.252221000,1.569488000,266,1089536,-124.80464351061411
0,4096,1,101,temporal,1,0.232200000,1.500784000,28,114688,-124.80464351061411
0,4096,1,102,temporal,0,0.248364000,1.655437000,28,114688,193.85135980213846
0,4096,1,102,static,1,0.257228000,1.751162000,266,1089536,193.85135980213846
0,4096,1,103,static,0,0.267604000,1.623049000,263,1077248,-248.32078149836696
0,4096,1,103,temporal,1,0.397950000,1.807026000,28,114688,-248.32078149836696
0,4096,1,104,temporal,0,0.236377000,1.590741000,28,114688,182.04829410606916
0,4096,1,104,static,1,0.281555000,1.988270000,264,1081344,182.04829410606916
0,4096,1,105,static,0,0.302276000,1.647175000,265,1085440,-189.71470378278020
0,4096,1,105,temporal,1,0.273352000,1.932565000,28,114688,-189.71470378278020
0,4096,1,106,temporal,0,0.309938000,1.626133000,28,114688,-196.97926340722103
0,4096,1,106,static,1,0.317849000,1.666033000,263,1077248,-196.97926340722103
0,4096,1,107,static,0,0.275526000,1.570800000,264,1081344,-214.98169387095953
0,4096,1,107,temporal,1,0.272531000,1.569398000,28,114688,-214.98169387095953
0,4096,1,108,temporal,0,0.227924000,1.624461000,28,114688,161.46710417179500
0,4096,1,108,static,1,0.300063000,1.678202000,265,1085440,161.46710417179500
0,4096,1,109,static,0,0.266692000,1.641427000,264,1081344,214.49895172768356
0,4096,1,109,temporal,1,0.241544000,1.562817000,28,114688,214.49895172768356
0,4096,1,110,temporal,0,0.239462000,1.496458000,28,114688,242.50180579310410
0,4096,1,110,static,1,0.277418000,1.570770000,265,1085440,242.50180579310410
0,4096,1,111,static,0,0.287093000,1.557620000,264,1081344,145.61090625880070
0,4096,1,111,temporal,1,0.230197000,1.494534000,28,114688,145.61090625880070
0,4096,1,112,temporal,0,0.253603000,1.562107000,28,114688,-54.560831084189060
0,4096,1,112,static,1,0.269377000,1.593554000,264,1081344,-54.560831084189060
0,4096,1,113,static,0,0.255656000,1.608347000,264,1081344,-108.36946842012367
0,4096,1,113,temporal,1,0.245771000,1.667776000,28,114688,-108.36946842012367
0,4096,1,114,temporal,0,0.231829000,1.629017000,28,114688,-57.009200546379870
0,4096,1,114,static,1,0.287744000,1.777542000,263,1077248,-57.009200546379870
0,4096,1,115,static,0,0.443800000,1.725874000,265,1085440,63.150268357776206
0,4096,1,115,temporal,1,0.240343000,1.533634000,28,114688,63.150268357776206
0,4096,1,116,temporal,0,0.359472000,1.898695000,28,114688,-213.08030255534408
0,4096,1,116,static,1,0.396598000,1.843731000,266,1089536,-213.08030255534408
0,4096,1,117,static,0,0.316248000,1.638462000,265,1085440,103.85382422230279
0,4096,1,117,temporal,1,0.263427000,1.721717000,28,114688,103.85382422230279
0,4096,1,118,temporal,0,0.267754000,1.710981000,28,114688,65.986271089490060
0,4096,1,118,static,1,0.312231000,1.955611000,264,1081344,65.986271089490060
0,4096,1,119,static,0,0.649209000,2.112066000,266,1089536,185.28115170540830
0,4096,1,119,temporal,1,0.261374000,1.628817000,28,114688,185.28115170540830
0,4096,2,0,static,0,0.338040000,1.642848000,264,1081344,36.323429428802690
0,4096,2,0,temporal,1,0.236497000,1.565903000,28,114688,36.323429428802690
0,4096,2,1,temporal,0,0.224368000,1.748267000,28,114688,23.410297690211838
0,4096,2,1,static,1,0.322587000,1.656098000,263,1077248,23.410297690211838
0,4096,2,2,static,0,0.281505000,1.820888000,266,1089536,239.64118194985240
0,4096,2,2,temporal,1,0.268666000,1.556609000,28,114688,239.64118194985240
0,4096,2,3,temporal,0,0.251469000,1.595737000,28,114688,92.551946089451330
0,4096,2,3,static,1,0.299101000,1.638672000,267,1093632,92.551946089451330
0,4096,2,4,static,0,0.277608000,1.601295000,264,1081344,213.87619213133803
0,4096,2,4,temporal,1,0.235165000,1.679143000,28,114688,213.87619213133803
0,4096,2,5,temporal,0,0.235245000,1.599823000,28,114688,142.77866679564625
0,4096,2,5,static,1,0.281184000,1.635698000,263,1077248,142.77866679564625
0,4096,2,6,static,0,0.260853000,1.626414000,263,1077248,153.02494693991133
0,4096,2,6,temporal,1,0.238620000,1.586673000,28,114688,153.02494693991133
0,4096,2,7,temporal,0,0.243237000,1.577290000,28,114688,-128.45343205514433
0,4096,2,7,static,1,0.264058000,1.593144000,265,1085440,-128.45343205514433
0,4096,2,8,static,0,0.252661000,1.565673000,264,1081344,-233.48331639753152
0,4096,2,8,temporal,1,0.225280000,1.580094000,28,114688,-233.48331639753152
0,4096,2,9,temporal,0,0.228084000,1.605372000,28,114688,185.67185780346645
0,4096,2,9,static,1,0.281535000,1.685924000,264,1081344,185.67185780346645
0,4096,2,10,static,0,0.266963000,1.570539000,264,1081344,-160.19359217182904
0,4096,2,10,temporal,1,0.231239000,2.503167000,28,114688,-160.19359217182904
0,4096,2,11,temporal,0,0.292121000,2.130835000,28,114688,14.243265434425348
0,4096,2,11,static,1,0.337970000,3.276083000,264,1081344,14.243265434425348
0,4096,2,12,static,0,0.301595000,1.622508000,264,1081344,213.87619213133803
0,4096,2,12,temporal,1,0.305881000,1.616308000,28,114688,213.87619213133803
0,4096,2,13,temporal,0,0.286692000,1.920237000,27,110592,196.73694691812037
0,4096,2,13,static,1,0.310539000,1.754417000,261,1069056,196.73694691812037
0,4096,2,14,static,0,0.291089000,1.730331000,266,1089536,186.77731563464928
0,4096,2,14,temporal,1,0.266522000,1.707807000,28,114688,186.77731563464928
0,4096,2,15,temporal,0,0.243587000,1.619032000,28,114688,243.89984669031261
0,4096,2,15,static,1,0.299773000,1.749620000,264,1081344,243.89984669031261
0,4096,2,16,static,0,0.366533000,1.757321000,266,1089536,-178.32750124286713
0,4096,2,16,temporal,1,0.286943000,1.634686000,28,114688,-178.32750124286713
0,4096,2,17,temporal,0,0.229837000,1.873126000,28,114688,102.52532823200147
0,4096,2,17,static,1,0.389147000,1.797262000,264,1081344,102.52532823200147
0,4096,2,18,static,0,0.282556000,1.824092000,263,1077248,-101.13214461113566
0,4096,2,18,temporal,1,0.259692000,1.680005000,27,110592,-101.13214461113566
0,4096,2,19,temporal,0,0.238941000,1.711432000,27,110592,5.6240892362934645
0,4096,2,19,static,1,0.298580000,1.632963000,263,1077248,5.6240892362934645
0,4096,2,20,static,0,0.305080000,1.736079000,264,1081344,-238.48531217147922
0,4096,2,20,temporal,1,0.246952000,1.784902000,28,114688,-238.48531217147922
0,4096,2,21,temporal,0,0.233803000,1.971815000,28,114688,-151.30347211908800
0,4096,2,21,static,1,0.318731000,2.315003000,264,1081344,-151.30347211908800
0,4096,2,22,static,0,0.456449000,1.899416000,265,1085440,202.69610368538636
0,4096,2,22,temporal,1,0.248225000,1.830572000,28,114688,202.69610368538636
0,4096,2,23,temporal,0,0.242346000,1.649900000,28,114688,-103.43874366808606
0,4096,2,23,static,1,0.305491000,2.820705000,264,1081344,-103.43874366808606
0,4096,2,24,static,0,0.318931000,2.030784000,266,1089536,-50.657236688503495
0,4096,2,24,temporal,1,0.257339000,1.631442000,28,114688,-50.657236688503495
0,4096,2,25,temporal,0,0.302727000,1.723651000,28,114688,-126.16762765364315
0,4096,2,25,static,1,0.302126000,1.683650000,265,1085440,-126.16762765364315
0,4096,2,26,static,0,0.392121000,1.926907000,264,1081344,-119.10643838641629
0,4096,2,26,temporal,1,0.258671000,1.642538000,28,114688,-119.10643838641629
0,4096,2,27,temporal,0,0.254264000,1.605292000,28,114688,103.46717475593650
0,4096,2,27,static,1,0.287033000,1.614326000,266,1089536,103.46717475593650
0,4096,2,28,static,0,0.294374000,1.716670000,264,1081344,-248.39912848956396
0,4096,2,28,temporal,1,0.238981000,1.965987000,28,114688,-248.39912848956396
0,4096,2,29,temporal,0,0.254764000,1.713054000,28,114688,-150.21560601422948
0,4096,2,29,static,1,0.443670000,1.949471000,264,1081344,-150.21560601422948
0,4096,2,30,static,0,0.343628000,1.754346000,263,1077248,148.47975078297705
0,4096,2,30,temporal,1,0.261104000,1.616749000,28,114688,148.47975078297705
0,4096,2,31,temporal,0,0.322056000,1.736320000,28,114688,49.817203411651690
0,4096,2,31,static,1,0.280693000,1.624220000,265,1085440,49.817203411651690
0,4096,2,32,static,0,0.262066000,1.642799000,266,1089536,-205.16718382927735
0,4096,2,32,temporal,1,0.272061000,1.605803000,28,114688,-205.16718382927735
0,4096,2,33,temporal,0,0.226962000,1.592653000,28,114688,-177.61351257332686
0,4096,2,33,static,1,0.285030000,1.612403000,264,1081344,-177.61351257332686
0,4096,2,34,static,0,0.265079000,1.614485000,264,1081344,-108.36946842012367
0,4096,2,34,temporal,1,0.242156000,1.836291000,28,114688,-108.36946842012367
0,4096,2,35,temporal,0,0.250048000,1.582538000,28,114688,190.15265428265363
0,4096,2,35,static,1,0.317549000,1.675979000,265,1085440,190.15265428265363
0,4096,2,36,static,0,0.273833000,1.665673000,265,1085440,151.51042580244004
0,4096,2,36,temporal,1,0.249206000,1.622799000,28,114688,151.51042580244004
0,4096,2,37,temporal,0,0.317499000,1.798042000,28,114688,46.042449311301440
0,4096,2,37,static,1,0.303398000,1.832565000,266,1089536,46.042449311301440
0,4096,2,38,static,0,0.286001000,1.903211000,266,1089536,-241.45238241736936
0,4096,2,38,temporal,1,0.260674000,1.663360000,28,114688,-241.45238241736936
0,4096,2,39,temporal,0,0.260183000,1.697161000,28,114688,-244.40216860292378
0,4096,2,39,static,1,0.341786000,1.737592000,266,1089536,-244.40216860292378
0,4096,2,40,static,0,0.290449000,1.681437000,266,1089536,-34.410122500828650
0,4096,2,40,temporal,1,0.262817000,1.564641000,28,114688,-34.410122500828650
0,4096,2,41,temporal,0,0.226511000,1.544820000,28,114688,111.45449789647374
0,4096,2,41,static,1,0.290638000,1.682398000,265,1085440,111.45449789647374
0,4096,2,42,static,0,0.339983000,1.638222000,266,1089536,180.67394413476754
0,4096,2,42,temporal,1,0.238079000,1.540033000,28,114688,180.67394413476754
0,4096,2,43,temporal,0,0.235615000,1.593915000,28,114688,-111.96581295117505
0,4096,2,43,static,1,0.311761000,1.634326000,264,1081344,-111.96581295117505
0,4096,2,44,static,0,0.265160000,1.577901000,263,1077248,5.2064326597148640
0,4096,2,44,temporal,1,0.265862000,1.809861000,28,114688,5.2064326597148640
0,4096,2,45,temporal,0,0.268936000,1.628647000,28,114688,-243.15203746111425
0,4096,2,45,static,1,0.278300000,1.781297000,264,1081344,-243.15203746111425
0,4096,2,46,static,0,0.288746000,1.578902000,263,1077248,81.956978622664100
0,4096,2,46,temporal,1,0.253863000,1.570019000,28,114688,81.956978622664100
0,4096,2,47,temporal,0,0.238660000,1.638082000,28,114688,-1.7590032620150613
0,4096,2,47,static,1,0.309146000,1.601326000,266,1089536,-1.7590032620150613
0,4096,2,48,static,0,0.278680000,1.581896000,263,1077248,180.85834756440553
0,4096,2,48,temporal,1,0.230728000,1.493604000,28,114688,180.85834756440553
0,4096,2,49,temporal,0,0.225991000,1.547625000,28,114688,198.68019195169154
0,4096,2,49,static,1,0.306763000,1.623830000,265,1085440,198.68019195169154
0,4096,2,50,static,0,0.292361000,1.569899000,266,1089536,240.49179785010534
0,4096,2,50,temporal,1,0.243547000,1.535066000,28,114688,240.49179785010534
0,4096,2,51,temporal,0,0.234945000,1.655618000,28,114688,200.70884482753613
0,4096,2,51,static,1,0.398131000,1.769981000,264,1081344,200.70884482753613
0,4096,2,52,static,0,0.289717000,1.559924000,264,1081344,213.41343865724062
0,4096,2,52,temporal,1,0.243988000,1.666524000,28,114688,213.41343865724062
0,4096,2,53,temporal,0,0.244458000,1.678602000,28,114688,195.02436307270406
0,4096,2,53,static,1,0.285741000,1.706044000,267,1093632,195.02436307270406
0,4096,2,54,static,0,0.276427000,1.624010000,265,1085440,190.13137539386740
0,4096,2,54,temporal,1,0.255145000,1.552372000,28,114688,190.13137539386740
0,4096,2,55,temporal,0,0.225310000,1.605823000,28,114688,205.36022901701733
0,4096,2,55,static,1,0.303728000,1.674656000,264,1081344,205.36022901701733
0,4096,2,56,static,0,0.256917000,1.543098000,264,1081344,22.744817101360024
0,4096,2,56,temporal,1,0.229547000,1.522788000,28,114688,22.744817101360024
0,4096,2,57,temporal,0,0.219000000,1.479562000,28,114688,239.64118194985240
0,4096,2,57,static,1,0.269286000,1.506983000,266,1089536,239.64118194985240
0,4096,2,58,static,0,0.251099000,1.672693000,263,1077248,-222.79550802933338
0,4096,2,58,temporal,1,0.226962000,1.585261000,28,114688,-222.79550802933338
0,4096,2,59,temporal,0,0.232941000,1.697631000,28,114688,-15.377266773143893
0,4096,2,59,static,1,0.288895000,1.763240000,266,1089536,-15.377266773143893
0,4096,2,60,static,0,0.272692000,1.837543000,264,1081344,108.43707052191820
0,4096,2,60,temporal,1,0.268976000,1.666855000,28,114688,108.43707052191820
0,4096,2,61,temporal,0,0.235555000,1.679183000,28,114688,-246.55198784479998
0,4096,2,61,static,1,0.275255000,1.661937000,264,1081344,-246.55198784479998
0,4096,2,62,static,0,0.266773000,1.677201000,263,1077248,195.80996510912620
0,4096,2,62,temporal,1,0.233863000,1.658612000,28,114688,195.80996510912620
0,4096,2,63,temporal,0,0.241514000,1.575708000,28,114688,-133.13724617456580
0,4096,2,63,static,1,0.288485000,1.740566000,264,1081344,-133.13724617456580
0,4096,2,64,static,0,0.284339000,1.555466000,263,1077248,-208.33791287764690
0,4096,2,64,temporal,1,0.243978000,1.538000000,28,114688,-208.33791287764690
0,4096,2,65,temporal,0,0.218460000,1.534415000,28,114688,216.88240999026542
0,4096,2,65,static,1,0.285661000,1.572883000,263,1077248,216.88240999026542
0,4096,2,66,static,0,0.251750000,1.587445000,264,1081344,183.15966180721260
0,4096,2,66,temporal,1,0.257949000,1.678342000,28,114688,183.15966180721260
0,4096,2,67,temporal,0,0.215275000,1.654186000,28,114688,-130.89827600991703
0,4096,2,67,static,1,0.285010000,1.693555000,266,1089536,-130.89827600991703
0,4096,2,68,static,0,0.287013000,1.629999000,266,1089536,187.39965365752872
0,4096,2,68,temporal,1,0.226953000,1.815209000,28,114688,187.39965365752872
0,4096,2,69,temporal,0,0.243728000,1.571201000,28,114688,47.151741560736300
0,4096,2,69,static,1,0.278971000,1.624581000,264,1081344,47.151741560736300
0,4096,2,70,static,0,0.478362000,1.768138000,263,1077248,-204.63523095371218
0,4096,2,70,temporal,1,0.238309000,1.633214000,28,114688,-204.63523095371218
0,4096,2,71,temporal,0,0.229186000,1.622168000,28,114688,180.33541434920647
0,4096,2,71,static,1,0.268365000,1.760757000,266,1089536,180.33541434920647
0,4096,2,72,static,0,0.279762000,1.686694000,265,1085440,-141.82824968575792
0,4096,2,72,temporal,1,0.239732000,1.502026000,28,114688,-141.82824968575792
0,4096,2,73,temporal,0,0.217618000,1.503929000,28,114688,196.71222676767943
0,4096,2,73,static,1,0.281655000,1.547004000,264,1081344,196.71222676767943
0,4096,2,74,static,0,0.285421000,1.641036000,264,1081344,177.83085640823668
0,4096,2,74,temporal,1,0.225721000,1.576258000,28,114688,177.83085640823668
0,4096,2,75,temporal,0,0.238029000,1.662778000,28,114688,131.71653732931770
0,4096,2,75,static,1,0.271960000,1.679784000,265,1085440,131.71653732931770
0,4096,2,76,static,0,0.271690000,1.584971000,264,1081344,-217.04982565707640
0,4096,2,76,temporal,1,0.260153000,1.589768000,28,114688,-217.04982565707640
0,4096,2,77,temporal,0,0.232310000,2.033648000,28,114688,191.69070633157375
0,4096,2,77,static,1,0.421826000,1.926656000,264,1081344,191.69070633157375
0,4096,2,78,static,0,0.290719000,1.677721000,265,1085440,-132.47046471741790
0,4096,2,78,temporal,1,0.259502000,2.083133000,28,114688,-132.47046471741790
0,4096,2,79,temporal,0,0.264449000,1.624331000,28,114688,-176.44052755107190
0,4096,2,79,static,1,0.370549000,1.778433000,266,1089536,-176.44052755107190
0,4096,2,80,static,0,0.293183000,1.698923000,265,1085440,164.39691877735450
0,4096,2,80,temporal,1,0.256537000,1.799474000,28,114688,164.39691877735450
0,4096,2,81,temporal,0,0.248655000,1.534054000,28,114688,-173.65307259578820
0,4096,2,81,static,1,0.290638000,1.624591000,264,1081344,-173.65307259578820
0,4096,2,82,static,0,0.355647000,1.736761000,264,1081344,-2.9523094547064350
0,4096,2,82,temporal,1,0.247744000,1.569959000,28,114688,-2.9523094547064350
0,4096,2,83,temporal,0,0.233933000,1.682028000,28,114688,-173.10994229684474
0,4096,2,83,static,1,0.295596000,1.629368000,265,1085440,-173.10994229684474
0,4096,2,84,static,0,0.263968000,1.631522000,266,1089536,142.92099639314603
0,4096,2,84,temporal,1,0.294634000,1.650850000,28,114688,142.92099639314603
0,4096,2,85,temporal,0,0.229747000,1.573374000,28,114688,155.95175445763266
0,4096,2,85,static,1,0.321405000,1.684792000,264,1081344,155.95175445763266
0,4096,2,86,static,0,0.271560000,1.600485000,263,1077248,-243.31000603288348
0,4096,2,86,temporal,1,0.233252000,1.589087000,28,114688,-243.31000603288348
0,4096,2,87,temporal,0,0.270668000,1.652363000,28,114688,204.31950946362227
0,4096,2,87,static,1,0.276678000,1.733966000,264,1081344,204.31950946362227
0,4096,2,88,static,0,0.283247000,1.642348000,265,1085440,96.053903273649040
0,4096,2,88,temporal,1,0.259011000,1.574846000,28,114688,96.053903273649040
0,4096,2,89,temporal,0,0.230387000,1.951394000,28,114688,52.875387912059395
0,4096,2,89,static,1,0.344279000,1.745303000,265,1085440,52.875387912059395
0,4096,2,90,static,0,0.437891000,1.922701000,266,1089536,185.43556924976100
0,4096,2,90,temporal,1,0.260433000,1.704061000,28,114688,185.43556924976100
0,4096,2,91,temporal,0,0.273583000,1.942881000,28,114688,137.86345653806515
0,4096,2,91,static,1,0.342708000,1.735939000,265,1085440,137.86345653806515
0,4096,2,92,static,0,0.290238000,1.773155000,266,1089536,-153.37397333987312
0,4096,2,92,temporal,1,0.239591000,1.731722000,28,114688,-153.37397333987312
0,4096,2,93,temporal,0,0.242516000,1.612022000,28,114688,-219.92116318415412
0,4096,2,93,static,1,0.328666000,1.800857000,266,1089536,-219.92116318415412
0,4096,2,94,static,0,0.279702000,1.539263000,265,1085440,99.840157402255730
0,4096,2,94,temporal,1,0.229847000,1.632654000,28,114688,99.840157402255730
0,4096,2,95,temporal,0,0.265531000,1.617561000,28,114688,-9.9776402238280770
0,4096,2,95,static,1,0.277478000,1.734136000,264,1081344,-9.9776402238280770
0,4096,2,96,static,0,0.279782000,1.587104000,263,1077248,-77.470754768088640
0,4096,2,96,temporal,1,0.230538000,1.521676000,27,110592,-77.470754768088640
0,4096,2,97,temporal,0,0.222917000,1.583139000,28,114688,163.92494759546423
0,4096,2,97,static,1,0.315006000,1.657802000,263,1077248,163.92494759546423
0,4096,2,98,static,0,0.255285000,1.639754000,263,1077248,-243.54361972287367
0,4096,2,98,temporal,1,0.231399000,1.583859000,28,114688,-243.54361972287367
0,4096,2,99,temporal,0,0.222676000,1.556148000,28,114688,-192.06030202903284
0,4096,2,99,static,1,0.268475000,1.624410000,266,1089536,-192.06030202903284
0,4096,2,100,static,0,0.310468000,1.624360000,264,1081344,-215.48720745081950
0,4096,2,100,temporal,1,0.245400000,1.562296000,28,114688,-215.48720745081950
0,4096,2,101,temporal,0,0.228234000,1.526603000,28,114688,-124.80464351061411
0,4096,2,101,static,1,0.262566000,1.563519000,266,1089536,-124.80464351061411
0,4096,2,102,static,0,0.252230000,1.651361000,266,1089536,193.85135980213846
0,4096,2,102,temporal,1,0.250358000,1.641116000,28,114688,193.85135980213846
0,4096,2,103,temporal,0,0.216867000,1.607044000,28,114688,-248.32078149836696
0,4096,2,103,static,1,0.273343000,1.641877000,263,1077248,-248.32078149836696
0,4096,2,104,static,0,0.284249000,1.644080000,264,1081344,182.04829410606916
0,4096,2,104,temporal,1,0.229587000,1.643390000,28,114688,182.04829410606916
0,4096,2,105,temporal,0,0.222065000,1.544029000,28,114688,-189.71470378278020
0,4096,2,105,static,1,0.267774000,1.637651000,265,1085440,-189.71470378278020
0,4096,2,106,static,0,0.265481000,1.537350000,263,1077248,-196.97926340722103
0,4096,2,106,temporal,1,0.252862000,1.520835000,28,114688,-196.97926340722103
0,4096,2,107,temporal,0,0.221364000,1.517750000,28,114688,-214.98169387095953
0,4096,2,107,static,1,0.305401000,1.674005000,264,1081344,-214.98169387095953
0,4096,2,108,static,0,0.280903000,1.727025000,265,1085440,161.46710417179500
0,4096,2,108,temporal,1,0.233221000,1.633053000,28,114688,161.46710417179500
0,4096,2,109,temporal,0,0.224439000,1.531931000,28,114688,214.49895172768356
0,4096,2,109,static,1,0.325541000,1.714627000,264,1081344,214.49895172768356
0,4096,2,110,static,0,0.274914000,1.657410000,265,1085440,242.50180579310410
0,4096,2,110,temporal,1,0.299682000,1.682849000,28,114688,242.50180579310410
0,4096,2,111,temporal,0,0.248254000,1.538721000,28,114688,145.61090625880070
0,4096,2,111,static,1,0.271089000,1.623279000,264,1081344,145.61090625880070
0,4096,2,112,static,0,0.359322000,1.713385000,264,1081344,-54.560831084189060
0,4096,2,112,temporal,1,0.244529000,1.570660000,28,114688,-54.560831084189060
0,4096,2,113,temporal,0,0.296988000,1.901509000,28,114688,-108.36946842012367
0,4096,2,113,static,1,0.308185000,1.645803000,264,1081344,-108.36946842012367
0,4096,2,114,static,0,0.284089000,1.674576000,263,1077248,-57.009200546379870
0,4096,2,114,temporal,1,0.232861000,1.778834000,28,114688,-57.009200546379870
0,4096,2,115,temporal,0,0.243327000,1.489377000,28,114688,63.150268357776206
0,4096,2,115,static,1,0.344760000,1.705102000,265,1085440,63.150268357776206
0,4096,2,116,static,0,0.312752000,1.685603000,266,1089536,-213.08030255534408
0,4096,2,116,temporal,1,1.044286000,2.428695000,28,114688,-213.08030255534408
0,4096,2,117,temporal,0,0.376347000,1.721086000,28,114688,103.85382422230279
0,4096,2,117,static,1,0.288906000,1.608016000,265,1085440,103.85382422230279
0,4096,2,118,static,0,0.281945000,1.570619000,264,1081344,65.986271089490060
0,4096,2,118,temporal,1,0.229786000,1.706694000,28,114688,65.986271089490060
0,4096,2,119,temporal,0,0.244779000,1.809299000,28,114688,185.28115170540830
0,4096,2,119,static,1,0.293212000,1.791222000,266,1089536,185.28115170540830
0,4096,3,0,temporal,0,0.304119000,1.664702000,28,114688,36.323429428802690
0,4096,3,0,static,1,0.293532000,1.609017000,264,1081344,36.323429428802690
0,4096,3,1,static,0,0.273783000,1.691161000,263,1077248,23.410297690211838
0,4096,3,1,temporal,1,0.265701000,1.574435000,28,114688,23.410297690211838
0,4096,3,2,temporal,0,0.234524000,1.489707000,28,114688,239.64118194985240
0,4096,3,2,static,1,0.334325000,1.587856000,266,1089536,239.64118194985240
0,4096,3,3,static,0,0.419092000,1.716119000,267,1093632,92.551946089451330
0,4096,3,3,temporal,1,0.237379000,1.573895000,28,114688,92.551946089451330
0,4096,3,4,temporal,0,0.274104000,1.596899000,28,114688,213.87619213133803
0,4096,3,4,static,1,0.272301000,1.703440000,264,1081344,213.87619213133803
0,4096,3,5,static,0,0.261054000,1.709489000,263,1077248,142.77866679564625
0,4096,3,5,temporal,1,0.263517000,1.621506000,28,114688,142.77866679564625
0,4096,3,6,temporal,0,0.219842000,1.674646000,28,114688,153.02494693991133
0,4096,3,6,static,1,0.278340000,1.621076000,263,1077248,153.02494693991133
0,4096,3,7,static,0,0.274183000,1.693855000,265,1085440,-128.45343205514433
0,4096,3,7,temporal,1,0.246923000,1.586854000,28,114688,-128.45343205514433
0,4096,3,8,temporal,0,0.219431000,1.548315000,28,114688,-233.48331639753152
0,4096,3,8,static,1,0.268986000,1.633355000,264,1081344,-233.48331639753152
0,4096,3,9,static,0,0.266462000,1.661597000,264,1081344,185.67185780346645
0,4096,3,9,temporal,1,0.243197000,1.774648000,28,114688,185.67185780346645
0,4096,3,10,temporal,0,0.259571000,1.537369000,28,114688,-160.19359217182904
0,4096,3,10,static,1,0.275646000,1.569658000,264,1081344,-160.19359217182904
0,4096,3,11,static,0,0.298991000,1.778132000,264,1081344,14.243265434425348
0,4096,3,11,temporal,1,0.259281000,1.625562000,28,114688,14.243265434425348
0,4096,3,12,temporal,0,0.229186000,1.624301000,28,114688,213.87619213133803
0,4096,3,12,static,1,0.344410000,1.664081000,264,1081344,213.87619213133803
0,4096,3,13,static,0,0.270759000,1.707947000,261,1069056,196.73694691812037
0,4096,3,13,temporal,1,0.246392000,1.639454000,27,110592,196.73694691812037
0,4096,3,14,temporal,0,0.236456000,1.604921000,28,114688,186.77731563464928
0,4096,3,14,static,1,0.287583000,1.698101000,266,1089536,186.77731563464928
0,4096,3,15,static,0,0.281525000,1.580595000,264,1081344,243.89984669031261
0,4096,3,15,temporal,1,0.275226000,1.587766000,28,114688,243.89984669031261
0,4096,3,16,temporal,0,0.248295000,1.643540000,28,114688,-178.32750124286713
0,4096,3,16,static,1,0.278921000,1.598222000,266,1089536,-178.32750124286713
0,4096,3,17,static,0,0.283598000,1.777632000,264,1081344,102.52532823200147
0,4096,3,17,temporal,1,0.272831000,1.666324000,28,114688,102.52532823200147
0,4096,3,18,temporal,0,0.256067000,1.634987000,27,110592,-101.13214461113566
0,4096,3,18,static,1,0.324189000,1.660725000,263,1077248,-101.13214461113566
0,4096,3,19,static,0,0.294635000,1.593594000,263,1077248,5.6240892362934645
0,4096,3,19,temporal,1,0.246372000,1.520445000,27,110592,5.6240892362934645
0,4096,3,20,temporal,0,0.232140000,1.604931000,28,114688,-238.48531217147922
0,4096,3,20,static,1,0.274454000,1.660255000,264,1081344,-238.48531217147922
0,4096,3,21,static,0,0.298371000,1.586644000,264,1081344,-151.30347211908800
0,4096,3,21,temporal,1,0.249246000,1.676940000,28,114688,-151.30347211908800
0,4096,3,22,temporal,0,0.259311000,1.666835000,28,114688,202.69610368538636
0,4096,3,22,static,1,0.336568000,1.812385000,265,1085440,202.69610368538636
0,4096,3,23,static,0,0.370299000,1.707797000,264,1081344,-103.43874366808606
0,4096,3,23,temporal,1,0.255626000,1.957764000,28,114688,-103.43874366808606
0,4096,3,24,temporal,0,0.254074000,1.663240000,28,114688,-50.657236688503495
0,4096,3,24,static,1,0.305080000,1.609268000,266,1089536,-50.657236688503495
0,4096,3,25,static,0,0.266502000,1.641346000,265,1085440,-126.16762765364315
0,4096,3,25,temporal,1,0.236667000,1.578872000,28,114688,-126.16762765364315
0,4096,3,26,temporal,0,0.235255000,1.557569000,28,114688,-119.10643838641629
0,4096,3,26,static,1,0.283597000,1.642588000,264,1081344,-119.10643838641629
0,4096,3,27,static,0,0.277678000,1.529076000,266,1089536,103.46717475593650
0,4096,3,27,temporal,1,0.226462000,1.490639000,28,114688,103.46717475593650
0,4096,3,28,temporal,0,0.221113000,1.572362000,28,114688,-248.39912848956396
0,4096,3,28,static,1,2.344557000,4.060806000,264,1081344,-248.39912848956396
0,4096,3,29,static,0,0.359151000,1.906506000,264,1081344,-150.21560601422948
0,4096,3,29,temporal,1,0.311750000,1.634306000,28,114688,-150.21560601422948
0,4096,3,30,temporal,0,0.245861000,1.630190000,28,114688,148.47975078297705
0,4096,3,30,static,1,0.382488000,1.794718000,263,1077248,148.47975078297705
0,4096,3,31,static,0,0.295286000,1.639915000,265,1085440,49.817203411651690
0,4096,3,31,temporal,1,0.254264000,1.679665000,28,114688,49.817203411651690
0,4096,3,32,temporal,0,0.235024000,1.575537000,28,114688,-205.16718382927735
0,4096,3,32,static,1,0.476329000,1.938535000,266,1089536,-205.16718382927735
0,4096,3,33,static,0,0.352321000,1.728417000,264,1081344,-177.61351257332686
0,4096,3,33,temporal,1,0.254844000,1.582126000,28,114688,-177.61351257332686
0,4096,3,34,temporal,0,0.305071000,1.722249000,28,114688,-108.36946842012367
0,4096,3,34,static,1,0.310158000,1.694787000,264,1081344,-108.36946842012367
0,4096,3,35,static,0,0.269406000,1.550109000,265,1085440,190.15265428265363
0,4096,3,35,temporal,1,0.242937000,1.493013000,28,114688,190.15265428265363
0,4096,3,36,temporal,0,0.229617000,1.566273000,28,114688,151.51042580244004
0,4096,3,36,static,1,0.271119000,1.631091000,265,1085440,151.51042580244004
0,4096,3,37,static,0,0.281505000,1.638232000,266,1089536,46.042449311301440
0,4096,3,37,temporal,1,0.227062000,1.588166000,28,114688,46.042449311301440
0,4096,3,38,temporal,0,0.237619000,1.611542000,28,114688,-241.45238241736936
0,4096,3,38,static,1,0.274965000,1.676690000,266,1089536,-241.45238241736936
0,4096,3,39,static,0,0.251359000,1.670299000,266,1089536,-244.40216860292378
0,4096,3,39,temporal,1,0.234474000,1.769520000,28,114688,-244.40216860292378
0,4096,3,40,temporal,0,0.265841000,1.587334000,28,114688,-34.410122500828650
0,4096,3,40,static,1,0.265731000,1.647145000,266,1089536,-34.410122500828650
0,4096,3,41,static,0,0.267173000,1.580634000,265,1085440,111.45449789647374
0,4096,3,41,temporal,1,0.235766000,1.573704000,28,114688,111.45449789647374
0,4096,3,42,temporal,0,0.224549000,1.516508000,28,114688,180.67394413476754
0,4096,3,42,static,1,0.301865000,1.618812000,266,1089536,180.67394413476754
0,4096,3,43,static,0,0.264859000,1.653675000,264,1081344,-111.96581295117505
0,4096,3,43,temporal,1,0.232151000,1.569218000,28,114688,-111.96581295117505
0,4096,3,44,temporal,0,0.217809000,1.557540000,28,114688,5.2064326597148640
0,4096,3,44,static,1,0.269577000,1.570450000,263,1077248,5.2064326597148640
0,4096,3,45,static,0,0.274785000,1.738994000,264,1081344,-243.15203746111425
0,4096,3,45,temporal,1,0.245661000,1.883612000,28,114688,-243.15203746111425
0,4096,3,46,temporal,0,0.242676000,1.637020000,28,114688,81.956978622664100
0,4096,3,46,static,1,0.301205000,1.617551000,263,1077248,81.956978622664100
0,4096,3,47,static,0,0.296697000,1.711101000,266,1089536,-1.7590032620150613
0,4096,3,47,temporal,1,0.331780000,1.703630000,28,114688,-1.7590032620150613
0,4096,3,48,temporal,0,0.234915000,1.624872000,28,114688,180.85834756440553
0,4096,3,48,static,1,0.331370000,1.662959000,263,1077248,180.85834756440553
0,4096,3,49,static,0,0.338761000,1.690129000,265,1085440,198.68019195169154
0,4096,3,49,temporal,1,0.244008000,1.568546000,28,114688,198.68019195169154
0,4096,3,50,temporal,0,0.286733000,1.582888000,28,114688,240.49179785010534
0,4096,3,50,static,1,0.289877000,1.584691000,266,1089536,240.49179785010534
0,4096,3,51,static,0,0.301164000,1.688558000,264,1081344,200.70884482753613
0,4096,3,51,temporal,1,0.231550000,1.588427000,28,114688,200.70884482753613
0,4096,3,52,temporal,0,0.223367000,1.490709000,28,114688,213.41343865724062
0,4096,3,52,static,1,0.339172000,1.605312000,264,1081344,213.41343865724062
0,4096,3,53,static,0,0.263578000,1.679564000,267,1093632,195.02436307270406
0,4096,3,53,temporal,1,0.226752000,1.686314000,28,114688,195.02436307270406
0,4096,3,54,temporal,0,0.292381000,1.634686000,28,114688,190.13137539386740
0,4096,3,54,static,1,0.378631000,1.785885000,265,1085440,190.13137539386740
0,4096,3,55,static,0,0.359572000,1.814978000,264,1081344,205.36022901701733
0,4096,3,55,temporal,1,0.291680000,1.901368000,28,114688,205.36022901701733
0,4096,3,56,temporal,0,0.327113000,1.650109000,28,114688,22.744817101360024
0,4096,3,56,static,1,0.459212000,1.777171000,264,1081344,22.744817101360024
0,4096,3,57,static,0,0.302617000,1.605362000,266,1089536,239.64118194985240
0,4096,3,57,temporal,1,0.277208000,1.528716000,28,114688,239.64118194985240
0,4096,3,58,temporal,0,0.227723000,1.627836000,28,114688,-222.79550802933338
0,4096,3,58,static,1,0.445993000,2.032998000,263,1077248,-222.79550802933338
0,4096,3,59,static,0,0.315355000,1.851503000,266,1089536,-15.377266773143893
0,4096,3,59,temporal,1,0.264318000,1.571310000,28,114688,-15.377266773143893
0,4096,3,60,temporal,0,0.231830000,1.636399000,28,114688,108.43707052191820
0,4096,3,60,static,1,0.288676000,1.710511000,264,1081344,108.43707052191820
0,4096,3,61,static,0,0.271910000,1.648397000,264,1081344,-246.55198784479998
0,4096,3,61,temporal,1,0.247093000,1.656599000,28,114688,-246.55198784479998
0,4096,3,62,temporal,0,0.227833000,1.618331000,28,114688,195.80996510912620
0,4096,3,62,static,1,0.467396000,1.910082000,263,1077248,195.80996510912620
0,4096,3,63,static,0,0.331870000,1.762078000,264,1081344,-133.13724617456580
0,4096,3,63,temporal,1,0.251840000,1.601947000,28,114688,-133.13724617456580
0,4096,3,64,temporal,0,0.225720000,1.528386000,28,114688,-208.33791287764690
0,4096,3,64,static,1,0.295386000,1.615978000,263,1077248,-208.33791287764690
0,4096,3,65,static,0,0.258640000,1.593344000,263,1077248,216.88240999026542
0,4096,3,65,temporal,1,0.265540000,1.575887000,28,114688,216.88240999026542
0,4096,3,66,temporal,0,0.219842000,1.573244000,28,114688,183.15966180721260
0,4096,3,66,static,1,0.259742000,1.607545000,264,1081344,183.15966180721260
0,4096,3,67,static,0,0.284950000,1.662528000,266,1089536,-130.89827600991703
0,4096,3,67,temporal,1,0.227683000,1.625913000,28,114688,-130.89827600991703
0,4096,3,68,temporal,0,0.216948000,1.573013000,28,114688,187.39965365752872
0,4096,3,68,static,1,0.291820000,1.651772000,266,1089536,187.39965365752872
0,4096,3,69,static,0,0.257619000,1.602688000,264,1081344,47.151741560736300
0,4096,3,69,temporal,1,0.249015000,1.528035000,28,114688,47.151741560736300
0,4096,3,70,temporal,0,0.221003000,1.502957000,28,114688,-204.63523095371218
0,4096,3,70,static,1,0.286612000,1.582868000,263,1077248,-204.63523095371218
0,4096,3,71,static,0,0.257778000,1.714646000,266,1089536,180.33541434920647
0,4096,3,71,temporal,1,0.244920000,1.709590000,28,114688,180.33541434920647
0,4096,3,72,temporal,0,0.230007000,1.497889000,28,114688,-141.82824968575792
0,4096,3,72,static,1,0.293042000,1.603469000,265,1085440,-141.82824968575792
0,4096,3,73,static,0,0.282136000,1.528156000,264,1081344,196.71222676767943
0,4096,3,73,temporal,1,0.236747000,1.496708000,28,114688,196.71222676767943
0,4096,3,74,temporal,0,0.225150000,1.598712000,28,114688,177.83085640823668
0,4096,3,74,static,1,0.312952000,1.881498000,264,1081344,177.83085640823668
0,4096,3,75,static,0,0.330479000,1.839826000,265,1085440,131.71653732931770
0,4096,3,75,temporal,1,0.250958000,1.670910000,28,114688,131.71653732931770
0,4096,3,76,temporal,0,0.222776000,1.485681000,28,114688,-217.04982565707640
0,4096,3,76,static,1,0.304479000,2.032206000,264,1081344,-217.04982565707640
0,4096,3,77,static,0,0.365421000,1.791563000,264,1081344,191.69070633157375
0,4096,3,77,temporal,1,0.247102000,1.728788000,28,114688,191.69070633157375
0,4096,3,78,temporal,0,0.234293000,1.585352000,28,114688,-132.47046471741790
0,4096,3,78,static,1,0.353203000,1.714918000,265,1085440,-132.47046471741790
0,4096,3,79,static,0,0.282877000,1.678683000,266,1089536,-176.44052755107190
0,4096,3,79,temporal,1,0.239782000,1.614195000,28,114688,-176.44052755107190
0,4096,3,80,temporal,0,0.285340000,1.691181000,28,114688,164.39691877735450
0,4096,3,80,static,1,0.287143000,1.700114000,265,1085440,164.39691877735450
0,4096,3,81,static,0,0.276197000,1.576228000,264,1081344,-173.65307259578820
0,4096,3,81,temporal,1,0.272121000,1.554686000,28,114688,-173.65307259578820
0,4096,3,82,temporal,0,0.231820000,1.596519000,28,114688,-2.9523094547064350
0,4096,3,82,static,1,0.273592000,1.605462000,264,1081344,-2.9523094547064350
0,4096,3,83,static,0,0.272601000,1.573834000,265,1085440,-173.10994229684474
0,4096,3,83,temporal,1,0.233012000,1.618883000,28,114688,-173.10994229684474
0,4096,3,84,temporal,0,0.288776000,1.599783000,28,114688,142.92099639314603
0,4096,3,84,static,1,0.288125000,1.651111000,266,1089536,142.92099639314603
0,4096,3,85,static,0,0.261635000,1.601236000,264,1081344,155.95175445763266
0,4096,3,85,temporal,1,0.255205000,1.755429000,28,114688,155.95175445763266
0,4096,3,86,temporal,0,0.413514000,1.940438000,28,114688,-243.31000603288348
0,4096,3,86,static,1,0.290559000,1.623189000,263,1077248,-243.31000603288348
0,4096,3,87,static,0,0.266712000,1.772514000,264,1081344,204.31950946362227
0,4096,3,87,temporal,1,0.268064000,1.649608000,28,114688,204.31950946362227
0,4096,3,88,temporal,0,0.226672000,1.566072000,28,114688,96.053903273649040
0,4096,3,88,static,1,0.278741000,2.384068000,265,1085440,96.053903273649040
0,4096,3,89,static,0,0.296457000,1.930843000,265,1085440,52.875387912059395
0,4096,3,89,temporal,1,0.258240000,1.634556000,28,114688,52.875387912059395
0,4096,3,90,temporal,0,0.230728000,1.602828000,28,114688,185.43556924976100
0,4096,3,90,static,1,0.307193000,1.688457000,266,1089536,185.43556924976100
0,4096,3,91,static,0,0.265991000,1.536107000,265,1085440,137.86345653806515
0,4096,3,91,temporal,1,0.245561000,1.524440000,28,114688,137.86345653806515
0,4096,3,92,temporal,0,0.235445000,1.586754000,28,114688,-153.37397333987312
0,4096,3,92,static,1,0.441857000,1.804613000,266,1089536,-153.37397333987312
0,4096,3,93,static,0,0.315245000,1.771943000,266,1089536,-219.92116318415412
0,4096,3,93,temporal,1,0.276988000,1.643910000,28,114688,-219.92116318415412
0,4096,3,94,temporal,0,0.236667000,1.521024000,28,114688,99.840157402255730
0,4096,3,94,static,1,0.339462000,1.619774000,265,1085440,99.840157402255730
0,4096,3,95,static,0,0.298020000,1.740276000,264,1081344,-9.9776402238280770
0,4096,3,95,temporal,1,0.286332000,1.629478000,28,114688,-9.9776402238280770
0,4096,3,96,temporal,0,0.288696000,1.575156000,27,110592,-77.470754768088640
0,4096,3,96,static,1,0.302586000,1.630710000,263,1077248,-77.470754768088640
0,4096,3,97,static,0,0.297839000,1.728648000,263,1077248,163.92494759546423
0,4096,3,97,temporal,1,0.320734000,1.701918000,28,114688,163.92494759546423
0,4096,3,98,temporal,0,0.531472000,1.955981000,28,114688,-243.54361972287367
0,4096,3,98,static,1,0.337940000,1.856201000,263,1077248,-243.54361972287367
0,4096,3,99,static,0,0.330028000,1.685403000,266,1089536,-192.06030202903284
0,4096,3,99,temporal,1,0.273112000,1.605712000,28,114688,-192.06030202903284
0,4096,3,100,temporal,0,0.262206000,1.568727000,28,114688,-215.48720745081950
0,4096,3,100,static,1,0.325411000,1.621937000,264,1081344,-215.48720745081950
0,4096,3,101,static,0,0.308866000,1.613695000,266,1089536,-124.80464351061411
0,4096,3,101,temporal,1,0.280854000,1.546083000,28,114688,-124.80464351061411
0,4096,3,102,temporal,0,0.239902000,1.680635000,28,114688,193.85135980213846
0,4096,3,102,static,1,0.350148000,1.736810000,266,1089536,193.85135980213846
0,4096,3,103,static,0,0.287644000,1.640435000,263,1077248,-248.32078149836696
0,4096,3,103,temporal,1,0.234544000,1.611201000,28,114688,-248.32078149836696
0,4096,3,104,temporal,0,0.233443000,1.594677000,28,114688,182.04829410606916
0,4096,3,104,static,1,0.424571000,1.891654000,264,1081344,182.04829410606916
0,4096,3,105,static,0,0.287274000,1.657611000,265,1085440,-189.71470378278020
0,4096,3,105,temporal,1,0.251199000,1.594796000,28,114688,-189.71470378278020
0,4096,3,106,temporal,0,0.247964000,1.771783000,28,114688,-196.97926340722103
0,4096,3,106,static,1,0.299762000,1.637630000,263,1077248,-196.97926340722103
0,4096,3,107,static,0,0.271980000,1.660395000,264,1081344,-214.98169387095953
0,4096,3,107,temporal,1,0.313412000,1.599843000,28,114688,-214.98169387095953
0,4096,3,108,temporal,0,0.235255000,1.646785000,28,114688,161.46710417179500
0,4096,3,108,static,1,0.278670000,1.651081000,265,1085440,161.46710417179500
0,4096,3,109,static,0,0.295446000,1.617881000,264,1081344,214.49895172768356
0,4096,3,109,temporal,1,0.243297000,1.588075000,28,114688,214.49895172768356
0,4096,3,110,temporal,0,0.233923000,1.488546000,28,114688,242.50180579310410
0,4096,3,110,static,1,0.286272000,1.571922000,265,1085440,242.50180579310410
0,4096,3,111,static,0,0.264790000,1.526032000,264,1081344,145.61090625880070
0,4096,3,111,temporal,1,0.242636000,1.503999000,28,114688,145.61090625880070
0,4096,3,112,temporal,0,0.222896000,1.580544000,28,114688,-54.560831084189060
0,4096,3,112,static,1,0.304139000,1.701737000,264,1081344,-54.560831084189060
0,4096,3,113,static,0,0.255786000,1.615477000,264,1081344,-108.36946842012367
0,4096,3,113,temporal,1,0.224529000,1.547856000,28,114688,-108.36946842012367
0,4096,3,114,temporal,0,0.225230000,1.601526000,28,114688,-57.009200546379870
0,4096,3,114,static,1,0.288726000,1.676409000,263,1077248,-57.009200546379870
0,4096,3,115,static,0,0.287654000,1.554586000,265,1085440,63.150268357776206
0,4096,3,115,temporal,1,0.248324000,1.531500000,28,114688,63.150268357776206
0,4096,3,116,temporal,0,0.260173000,1.630621000,28,114688,-213.08030255534408
0,4096,3,116,static,1,0.262406000,1.643991000,266,1089536,-213.08030255534408
0,4096,3,117,static,0,0.256217000,1.585012000,265,1085440,103.85382422230279
0,4096,3,117,temporal,1,0.260594000,1.600104000,28,114688,103.85382422230279
0,4096,3,118,temporal,0,0.227984000,1.521926000,28,114688,65.986271089490060
0,4096,3,118,static,1,0.296287000,1.744582000,264,1081344,65.986271089490060
0,4096,3,119,static,0,0.487375000,2.008350000,266,1089536,185.28115170540830
0,4096,3,119,temporal,1,0.326963000,1.697762000,28,114688,185.28115170540830
1,4096,0,0,static,0,0.291349000,2.693643000,264,1081344,36.323429428802690
1,4096,0,0,temporal,1,0.283458000,1.645383000,28,114688,36.323429428802690
1,4096,0,1,temporal,0,0.372031000,2.038375000,28,114688,23.410297690211838
1,4096,0,1,static,1,0.504531000,2.044304000,263,1077248,23.410297690211838
1,4096,0,2,static,0,0.426554000,1.754547000,266,1089536,239.64118194985240
1,4096,0,2,temporal,1,0.300944000,1.687967000,28,114688,239.64118194985240
1,4096,0,3,temporal,0,0.255666000,1.809270000,28,114688,92.551946089451330
1,4096,0,3,static,1,0.390580000,1.849351000,267,1093632,92.551946089451330
1,4096,0,4,static,0,0.329838000,1.670871000,264,1081344,213.87619213133803
1,4096,0,4,temporal,1,0.330348000,1.758963000,28,114688,213.87619213133803
1,4096,0,5,temporal,0,0.250167000,1.762979000,28,114688,142.77866679564625
1,4096,0,5,static,1,0.294344000,1.927779000,263,1077248,142.77866679564625
1,4096,0,6,static,0,0.296597000,1.645582000,263,1077248,153.02494693991133
1,4096,0,6,temporal,1,0.349727000,1.946096000,28,114688,153.02494693991133
1,4096,0,7,temporal,0,0.299652000,1.804713000,28,114688,-128.45343205514433
1,4096,0,7,static,1,0.282817000,1.770321000,265,1085440,-128.45343205514433
1,4096,0,8,static,0,0.274534000,1.707866000,264,1081344,-233.48331639753152
1,4096,0,8,temporal,1,0.257478000,1.576598000,28,114688,-233.48331639753152
1,4096,0,9,temporal,0,0.232751000,2.001029000,28,114688,185.67185780346645
1,4096,0,9,static,1,0.299342000,1.792274000,264,1081344,185.67185780346645
1,4096,0,10,static,0,0.273873000,1.992717000,264,1081344,-160.19359217182904
1,4096,0,10,temporal,1,0.275075000,2.512130000,28,114688,-160.19359217182904
1,4096,0,11,temporal,0,0.329818000,1.922341000,28,114688,14.243265434425348
1,4096,0,11,static,1,0.370278000,1.955881000,264,1081344,14.243265434425348
1,4096,0,12,static,0,0.379763000,1.779565000,264,1081344,213.87619213133803
1,4096,0,12,temporal,1,0.306903000,1.740887000,28,114688,213.87619213133803
1,4096,0,13,temporal,0,0.298851000,1.796820000,27,110592,196.73694691812037
1,4096,0,13,static,1,0.308716000,2.059287000,261,1069056,196.73694691812037
1,4096,0,14,static,0,0.287173000,2.028981000,266,1089536,186.77731563464928
1,4096,0,14,temporal,1,0.336968000,1.739915000,28,114688,186.77731563464928
1,4096,0,15,temporal,0,0.267093000,1.656489000,28,114688,243.89984669031261
1,4096,0,15,static,1,0.389197000,1.794908000,264,1081344,243.89984669031261
1,4096,0,16,static,0,0.329177000,2.001099000,266,1089536,-178.32750124286713
1,4096,0,16,temporal,1,0.294635000,1.745533000,28,114688,-178.32750124286713
1,4096,0,17,temporal,0,0.260863000,1.802289000,28,114688,102.52532823200147
1,4096,0,17,static,1,0.324199000,1.865985000,264,1081344,102.52532823200147
1,4096,0,18,static,0,0.322166000,1.788679000,263,1077248,-101.13214461113566
1,4096,0,18,temporal,1,0.367695000,1.743390000,27,110592,-101.13214461113566
1,4096,0,19,temporal,0,0.261424000,1.669809000,27,110592,5.6240892362934645
1,4096,0,19,static,1,0.348385000,1.815188000,263,1077248,5.6240892362934645
1,4096,0,20,static,0,0.324920000,1.807997000,264,1081344,-238.48531217147922
1,4096,0,20,temporal,1,0.338391000,2.211517000,28,114688,-238.48531217147922
1,4096,0,21,temporal,0,0.319221000,1.659523000,28,114688,-151.30347211908800
1,4096,0,21,static,1,0.640967000,2.489326000,264,1081344,-151.30347211908800
1,4096,0,22,static,0,0.464050000,2.514604000,265,1085440,202.69610368538636
1,4096,0,22,temporal,1,0.746396000,2.333901000,28,114688,202.69610368538636
1,4096,0,23,temporal,0,0.362878000,1.882290000,28,114688,-103.43874366808606
1,4096,0,23,static,1,0.382697000,1.740496000,264,1081344,-103.43874366808606
1,4096,0,24,static,0,0.329297000,1.660866000,266,1089536,-50.657236688503495
1,4096,0,24,temporal,1,0.580295000,1.981519000,28,114688,-50.657236688503495
1,4096,0,25,temporal,0,0.254133000,1.601806000,28,114688,-126.16762765364315
1,4096,0,25,static,1,0.292652000,1.641697000,265,1085440,-126.16762765364315
1,4096,0,26,static,0,0.293082000,1.680685000,264,1081344,-119.10643838641629
1,4096,0,26,temporal,1,0.275115000,1.769009000,28,114688,-119.10643838641629
1,4096,0,27,temporal,0,0.252841000,1.504650000,28,114688,103.46717475593650
1,4096,0,27,static,1,0.311380000,1.563519000,266,1089536,103.46717475593650
1,4096,0,28,static,0,0.266462000,1.984103000,264,1081344,-248.39912848956396
1,4096,0,28,temporal,1,0.272091000,1.985626000,28,114688,-248.39912848956396
1,4096,0,29,temporal,0,0.256627000,1.845063000,28,114688,-150.21560601422948
1,4096,0,29,static,1,0.302036000,1.599764000,264,1081344,-150.21560601422948
1,4096,0,30,static,0,0.280643000,1.976852000,263,1077248,148.47975078297705
1,4096,0,30,temporal,1,0.313933000,1.675057000,28,114688,148.47975078297705
1,4096,0,31,temporal,0,0.234083000,1.707546000,28,114688,49.817203411651690
1,4096,0,31,static,1,0.287023000,1.865515000,265,1085440,49.817203411651690
1,4096,0,32,static,0,0.287704000,1.771763000,266,1089536,-205.16718382927735
1,4096,0,32,temporal,1,0.309437000,1.873587000,28,114688,-205.16718382927735
1,4096,0,33,temporal,0,0.341946000,1.718192000,28,114688,-177.61351257332686
1,4096,0,33,static,1,0.294955000,1.809710000,264,1081344,-177.61351257332686
1,4096,0,34,static,0,0.294214000,1.750451000,264,1081344,-108.36946842012367
1,4096,0,34,temporal,1,0.289527000,1.705884000,28,114688,-108.36946842012367
1,4096,0,35,temporal,0,0.292091000,1.607215000,28,114688,190.15265428265363
1,4096,0,35,static,1,0.306583000,1.719134000,265,1085440,190.15265428265363
1,4096,0,36,static,0,0.292020000,1.751983000,265,1085440,151.51042580244004
1,4096,0,36,temporal,1,0.339643000,2.046287000,28,114688,151.51042580244004
1,4096,0,37,temporal,0,0.333883000,1.943191000,28,114688,46.042449311301440
1,4096,0,37,static,1,0.358721000,1.875049000,266,1089536,46.042449311301440
1,4096,0,38,static,0,0.523529000,2.358137000,266,1089536,-241.45238241736936
1,4096,0,38,temporal,1,0.268775000,1.967038000,28,114688,-241.45238241736936
1,4096,0,39,temporal,0,0.323478000,1.998896000,28,114688,-244.40216860292378
1,4096,0,39,static,1,0.298370000,1.829520000,266,1089536,-244.40216860292378
1,4096,0,40,static,0,0.287033000,1.661947000,266,1089536,-34.410122500828650
1,4096,0,40,temporal,1,0.420295000,1.984965000,28,114688,-34.410122500828650
1,4096,0,41,temporal,0,0.295116000,1.701087000,28,114688,111.45449789647374
1,4096,0,41,static,1,0.339522000,1.766875000,265,1085440,111.45449789647374
1,4096,0,42,static,0,0.264399000,1.646033000,266,1089536,180.67394413476754
1,4096,0,42,temporal,1,0.253413000,1.560264000,28,114688,180.67394413476754
1,4096,0,43,temporal,0,0.215916000,1.750211000,28,114688,-111.96581295117505
1,4096,0,43,static,1,0.287164000,1.662228000,264,1081344,-111.96581295117505
1,4096,0,44,static,0,0.275776000,1.654046000,263,1077248,5.2064326597148640
1,4096,0,44,temporal,1,0.238980000,1.708888000,28,114688,5.2064326597148640
1,4096,0,45,temporal,0,0.232371000,1.642258000,28,114688,-243.15203746111425
1,4096,0,45,static,1,0.321074000,1.712163000,264,1081344,-243.15203746111425
1,4096,0,46,static,0,0.331760000,1.980168000,263,1077248,81.956978622664100
1,4096,0,46,temporal,1,0.250287000,1.635137000,28,114688,81.956978622664100
1,4096,0,47,temporal,0,0.234724000,1.582287000,28,114688,-1.7590032620150613
1,4096,0,47,static,1,0.292442000,1.874328000,266,1089536,-1.7590032620150613
1,4096,0,48,static,0,0.484161000,1.902300000,263,1077248,180.85834756440553
1,4096,0,48,temporal,1,0.269327000,1.676319000,28,114688,180.85834756440553
1,4096,0,49,temporal,0,0.247934000,1.931975000,28,114688,198.68019195169154
1,4096,0,49,static,1,0.598083000,2.237677000,265,1085440,198.68019195169154
1,4096,0,50,static,0,0.534506000,1.975400000,266,1089536,240.49179785010534
1,4096,0,50,temporal,1,0.286352000,1.580073000,28,114688,240.49179785010534
1,4096,0,51,temporal,0,0.232921000,1.613494000,28,114688,200.70884482753613
1,4096,0,51,static,1,0.308335000,1.620094000,264,1081344,200.70884482753613
1,4096,0,52,static,0,0.260653000,1.510449000,264,1081344,213.41343865724062
1,4096,0,52,temporal,1,0.271609000,1.759645000,28,114688,213.41343865724062
1,4096,0,53,temporal,0,0.331581000,1.718453000,28,114688,195.02436307270406
1,4096,0,53,static,1,0.273943000,2.227310000,267,1093632,195.02436307270406
1,4096,0,54,static,0,0.306252000,1.762619000,265,1085440,190.13137539386740
1,4096,0,54,temporal,1,0.266682000,1.747386000,28,114688,190.13137539386740
1,4096,0,55,temporal,0,0.240243000,1.640004000,28,114688,205.36022901701733
1,4096,0,55,static,1,0.292311000,1.683240000,264,1081344,205.36022901701733
1,4096,0,56,static,0,0.315516000,1.688999000,264,1081344,22.744817101360024
1,4096,0,56,temporal,1,0.267403000,1.599553000,28,114688,22.744817101360024
1,4096,0,57,temporal,0,0.295716000,1.591962000,28,114688,239.64118194985240
1,4096,0,57,static,1,0.563671000,1.910232000,266,1089536,239.64118194985240
1,4096,0,58,static,0,0.283838000,2.044875000,263,1077248,-222.79550802933338
1,4096,0,58,temporal,1,0.273122000,1.657340000,28,114688,-222.79550802933338
1,4096,0,59,temporal,0,0.467365000,1.997303000,28,114688,-15.377266773143893
1,4096,0,59,static,1,0.304790000,1.772765000,266,1089536,-15.377266773143893
1,4096,0,60,static,0,0.445692000,1.888860000,264,1081344,108.43707052191820
1,4096,0,60,temporal,1,0.303908000,1.905795000,28,114688,108.43707052191820
1,4096,0,61,temporal,0,0.371982000,1.861389000,28,114688,-246.55198784479998
1,4096,0,61,static,1,0.339372000,1.890602000,264,1081344,-246.55198784479998
1,4096,0,62,static,0,0.330809000,2.102932000,263,1077248,195.80996510912620
1,4096,0,62,temporal,1,0.302767000,1.716439000,28,114688,195.80996510912620
1,4096,0,63,temporal,0,0.251179000,1.706735000,28,114688,-133.13724617456580
1,4096,0,63,static,1,0.342076000,1.685313000,264,1081344,-133.13724617456580
1,4096,0,64,static,0,0.301956000,1.844964000,263,1077248,-208.33791287764690
1,4096,0,64,temporal,1,0.279832000,1.620585000,28,114688,-208.33791287764690
1,4096,0,65,temporal,0,0.413433000,1.879936000,28,114688,216.88240999026542
1,4096,0,65,static,1,0.367064000,1.998365000,263,1077248,216.88240999026542
1,4096,0,66,static,0,0.295335000,1.877162000,264,1081344,183.15966180721260
1,4096,0,66,temporal,1,0.313272000,1.708387000,28,114688,183.15966180721260
1,4096,0,67,temporal,0,0.262886000,1.646093000,28,114688,-130.89827600991703
1,4096,0,67,static,1,0.293663000,1.857362000,266,1089536,-130.89827600991703
1,4096,0,68,static,0,0.287935000,1.794137000,266,1089536,187.39965365752872
1,4096,0,68,temporal,1,0.250708000,1.806706000,28,114688,187.39965365752872
1,4096,0,69,temporal,0,0.374455000,1.703199000,28,114688,47.151741560736300
1,4096,0,69,static,1,0.283999000,1.759254000,264,1081344,47.151741560736300
1,4096,0,70,static,0,0.283307000,1.604511000,263,1077248,-204.63523095371218
1,4096,0,70,temporal,1,0.248385000,1.522858000,28,114688,-204.63523095371218
1,4096,0,71,temporal,0,0.230408000,2.174281000,28,114688,180.33541434920647
1,4096,0,71,static,1,0.396458000,1.836090000,266,1089536,180.33541434920647
1,4096,0,72,static,0,0.274444000,1.677811000,265,1085440,-141.82824968575792
1,4096,0,72,temporal,1,0.269547000,1.776901000,28,114688,-141.82824968575792
1,4096,0,73,temporal,0,0.263127000,1.587085000,28,114688,196.71222676767943
1,4096,0,73,static,1,0.304730000,1.625442000,264,1081344,196.71222676767943
1,4096,0,74,static,0,0.267503000,1.651681000,264,1081344,177.83085640823668
1,4096,0,74,temporal,1,0.344720000,1.725473000,28,114688,177.83085640823668
1,4096,0,75,temporal,0,0.232331000,1.649810000,28,114688,131.71653732931770
1,4096,0,75,static,1,0.264859000,1.963362000,265,1085440,131.71653732931770
1,4096,0,76,static,0,0.291800000,1.577369000,264,1081344,-217.04982565707640
1,4096,0,76,temporal,1,0.262115000,1.641586000,28,114688,-217.04982565707640
1,4096,0,77,temporal,0,0.242606000,1.884413000,28,114688,191.69070633157375
1,4096,0,77,static,1,0.282286000,2.087079000,264,1081344,191.69070633157375
1,4096,0,78,static,0,0.286823000,1.974249000,265,1085440,-132.47046471741790
1,4096,0,78,temporal,1,0.271320000,1.754077000,28,114688,-132.47046471741790
1,4096,0,79,temporal,0,0.243527000,1.589819000,28,114688,-176.44052755107190
1,4096,0,79,static,1,0.426563000,1.847707000,266,1089536,-176.44052755107190
1,4096,0,80,static,0,0.291510000,1.718092000,265,1085440,164.39691877735450
1,4096,0,80,temporal,1,0.261074000,2.014429000,28,114688,164.39691877735450
1,4096,0,81,temporal,0,0.263297000,1.595447000,28,114688,-173.65307259578820
1,4096,0,81,static,1,0.364130000,2.087480000,264,1081344,-173.65307259578820
1,4096,0,82,static,0,0.360924000,1.837182000,264,1081344,-2.9523094547064350
1,4096,0,82,temporal,1,0.264539000,2.028430000,28,114688,-2.9523094547064350
1,4096,0,83,temporal,0,0.259922000,1.697831000,28,114688,-173.10994229684474
1,4096,0,83,static,1,0.328947000,1.894759000,265,1085440,-173.10994229684474
1,4096,0,84,static,0,0.380094000,1.772945000,266,1089536,142.92099639314603
1,4096,0,84,temporal,1,0.263988000,1.677120000,28,114688,142.92099639314603
1,4096,0,85,temporal,0,2.257746000,3.828616000,28,114688,155.95175445763266
1,4096,0,85,static,1,0.504912000,1.902761000,264,1081344,155.95175445763266
1,4096,0,86,static,0,0.384981000,1.806015000,263,1077248,-243.31000603288348
1,4096,0,86,temporal,1,0.435156000,1.822359000,28,114688,-243.31000603288348
1,4096,0,87,temporal,0,0.307513000,2.030102000,28,114688,204.31950946362227
1,4096,0,87,static,1,0.443800000,2.089142000,264,1081344,204.31950946362227
1,4096,0,88,static,0,0.513194000,2.094720000,265,1085440,96.053903273649040
1,4096,0,88,temporal,1,0.400555000,1.877012000,28,114688,96.053903273649040
1,4096,0,89,temporal,0,0.366523000,2.725091000,28,114688,52.875387912059395
1,4096,0,89,static,1,0.811044000,2.266990000,265,1085440,52.875387912059395
1,4096,0,90,static,0,0.523450000,2.421643000,266,1089536,185.43556924976100
1,4096,0,90,temporal,1,0.324530000,2.450447000,28,114688,185.43556924976100
1,4096,0,91,temporal,0,0.363027000,2.040619000,28,114688,137.86345653806515
1,4096,0,91,static,1,0.413464000,2.011265000,265,1085440,137.86345653806515
1,4096,0,92,static,0,0.379342000,2.074880000,266,1089536,-153.37397333987312
1,4096,0,92,temporal,1,0.348816000,1.764462000,28,114688,-153.37397333987312
1,4096,0,93,temporal,0,0.374665000,1.934969000,28,114688,-219.92116318415412
1,4096,0,93,static,1,0.350799000,1.955631000,266,1089536,-219.92116318415412
1,4096,0,94,static,0,0.484110000,2.133609000,265,1085440,99.840157402255730
1,4096,0,94,temporal,1,0.385061000,1.833796000,28,114688,99.840157402255730
1,4096,0,95,temporal,0,0.281545000,1.707857000,28,114688,-9.9776402238280770
1,4096,0,95,static,1,0.330859000,1.987128000,264,1081344,-9.9776402238280770
1,4096,0,96,static,0,0.667467000,2.023082000,263,1077248,-77.470754768088640
1,4096,0,96,temporal,1,0.357779000,1.908870000,27,110592,-77.470754768088640
1,4096,0,97,temporal,0,0.339703000,1.953117000,28,114688,163.92494759546423
1,4096,0,97,static,1,0.332732000,1.776901000,263,1077248,163.92494759546423
1,4096,0,98,static,0,0.297599000,1.672854000,263,1077248,-243.54361972287367
1,4096,0,98,temporal,1,0.283878000,1.644290000,28,114688,-243.54361972287367
1,4096,0,99,temporal,0,0.251259000,1.643850000,28,114688,-192.06030202903284
1,4096,0,99,static,1,0.305961000,1.835609000,266,1089536,-192.06030202903284
1,4096,0,100,static,0,0.351661000,1.790692000,264,1081344,-215.48720745081950
1,4096,0,100,temporal,1,0.305141000,1.687276000,28,114688,-215.48720745081950
1,4096,0,101,temporal,0,0.374685000,2.746434000,28,114688,-124.80464351061411
1,4096,0,101,static,1,0.335616000,1.731291000,266,1089536,-124.80464351061411
1,4096,0,102,static,0,0.352372000,1.996993000,266,1089536,193.85135980213846
1,4096,0,102,temporal,1,0.344630000,2.085316000,28,114688,193.85135980213846
1,4096,0,103,temporal,0,0.440605000,2.085517000,28,114688,-248.32078149836696
1,4096,0,103,static,1,0.339823000,2.417878000,263,1077248,-248.32078149836696
1,4096,0,104,static,0,0.538172000,2.481123000,264,1081344,182.04829410606916
1,4096,0,104,temporal,1,0.436579000,1.922060000,28,114688,182.04829410606916
1,4096,0,105,temporal,0,0.321505000,1.699875000,28,114688,-189.71470378278020
1,4096,0,105,static,1,0.459814000,2.124065000,265,1085440,-189.71470378278020
1,4096,0,106,static,0,0.483960000,2.071405000,263,1077248,-196.97926340722103
1,4096,0,106,temporal,1,0.426433000,1.830691000,28,114688,-196.97926340722103
1,4096,0,107,temporal,0,0.348596000,2.226710000,28,114688,-214.98169387095953
1,4096,0,107,static,1,0.431281000,1.813236000,264,1081344,-214.98169387095953
1,4096,0,108,static,0,0.452583000,1.925395000,265,1085440,161.46710417179500
1,4096,0,108,temporal,1,0.345982000,1.825353000,28,114688,161.46710417179500
1,4096,0,109,temporal,0,0.274214000,1.688227000,28,114688,214.49895172768356
1,4096,0,109,static,1,0.341144000,1.827627000,264,1081344,214.49895172768356
1,4096,0,110,static,0,0.338140000,1.967658000,265,1085440,242.50180579310410
1,4096,0,110,temporal,1,0.302316000,1.712223000,28,114688,242.50180579310410
1,4096,0,111,temporal,0,0.293022000,1.839055000,28,114688,145.61090625880070
1,4096,0,111,static,1,0.467505000,2.408904000,264,1081344,145.61090625880070
1,4096,0,112,static,0,0.543700000,2.000949000,264,1081344,-54.560831084189060
1,4096,0,112,temporal,1,0.299502000,1.896071000,28,114688,-54.560831084189060
1,4096,0,113,temporal,0,0.291410000,1.704522000,28,114688,-108.36946842012367
1,4096,0,113,static,1,0.358921000,1.986236000,264,1081344,-108.36946842012367
1,4096,0,114,static,0,0.362236000,1.960708000,263,1077248,-57.009200546379870
1,4096,0,114,temporal,1,0.332372000,1.851864000,28,114688,-57.009200546379870
1,4096,0,115,temporal,0,0.299752000,1.778403000,28,114688,63.150268357776206
1,4096,0,115,static,1,1.152008000,2.646062000,265,1085440,63.150268357776206
1,4096,0,116,static,0,0.392392000,2.269594000,266,1089536,-213.08030255534408
1,4096,0,116,temporal,1,0.314224000,2.160389000,28,114688,-213.08030255534408
1,4096,0,117,temporal,0,0.292240000,1.967458000,28,114688,103.85382422230279
1,4096,0,117,static,1,0.531492000,1.908509000,265,1085440,103.85382422230279
1,4096,0,118,static,0,0.638994000,2.027219000,264,1081344,65.986271089490060
1,4096,0,118,temporal,1,0.355125000,2.177495000,28,114688,65.986271089490060
1,4096,0,119,temporal,0,0.407384000,2.267871000,28,114688,185.28115170540830
1,4096,0,119,static,1,0.450980000,2.431548000,266,1089536,185.28115170540830
1,4096,1,0,temporal,0,0.550170000,1.981931000,28,114688,36.323429428802690
1,4096,1,0,static,1,0.362247000,2.675206000,264,1081344,36.323429428802690
1,4096,1,1,static,0,0.354305000,1.887358000,263,1077248,23.410297690211838
1,4096,1,1,temporal,1,0.328776000,1.754417000,28,114688,23.410297690211838
1,4096,1,2,temporal,0,0.484871000,1.903191000,28,114688,239.64118194985240
1,4096,1,2,static,1,0.626575000,2.059006000,266,1089536,239.64118194985240
1,4096,1,3,static,0,0.370449000,1.758964000,267,1093632,92.551946089451330
1,4096,1,3,temporal,1,0.424661000,2.024685000,28,114688,92.551946089451330
1,4096,1,4,temporal,0,0.293743000,1.846796000,28,114688,213.87619213133803
1,4096,1,4,static,1,0.360484000,2.100108000,264,1081344,213.87619213133803
1,4096,1,5,static,0,0.331630000,2.119448000,263,1077248,142.77866679564625
1,4096,1,5,temporal,1,0.341716000,1.955731000,28,114688,142.77866679564625
1,4096,1,6,temporal,0,0.388346000,1.856902000,28,114688,153.02494693991133
1,4096,1,6,static,1,0.329948000,1.829470000,263,1077248,153.02494693991133
1,4096,1,7,static,0,0.516650000,2.254852000,265,1085440,-128.45343205514433
1,4096,1,7,temporal,1,0.351130000,1.864192000,28,114688,-128.45343205514433
1,4096,1,8,temporal,0,0.300564000,1.885375000,28,114688,-233.48331639753152
1,4096,1,8,static,1,0.359502000,1.896711000,264,1081344,-233.48331639753152
1,4096,1,9,static,0,0.329878000,1.878935000,264,1081344,185.67185780346645
1,4096,1,9,temporal,1,1.084376000,2.926686000,28,114688,185.67185780346645
1,4096,1,10,temporal,0,0.308695000,1.751442000,28,114688,-160.19359217182904
1,4096,1,10,static,1,0.398050000,2.060358000,264,1081344,-160.19359217182904
1,4096,1,11,static,0,0.335506000,2.046217000,264,1081344,14.243265434425348
1,4096,1,11,temporal,1,0.310849000,1.921369000,28,114688,14.243265434425348
1,4096,1,12,temporal,0,0.283769000,1.923322000,28,114688,213.87619213133803
1,4096,1,12,static,1,0.354014000,1.941198000,264,1081344,213.87619213133803
1,4096,1,13,static,0,0.364120000,2.080068000,261,1069056,196.73694691812037
1,4096,1,13,temporal,1,0.305621000,1.863191000,27,110592,196.73694691812037
1,4096,1,14,temporal,0,0.313883000,1.735598000,28,114688,186.77731563464928
1,4096,1,14,static,1,0.347153000,1.782869000,266,1089536,186.77731563464928
1,4096,1,15,static,0,0.299662000,1.916701000,264,1081344,243.89984669031261
1,4096,1,15,temporal,1,0.296888000,1.842570000,28,114688,243.89984669031261
1,4096,1,16,temporal,0,0.273302000,1.983492000,28,114688,-178.32750124286713
1,4096,1,16,static,1,0.831574000,2.671410000,266,1089536,-178.32750124286713
1,4096,1,17,static,0,0.397630000,1.894809000,264,1081344,102.52532823200147
1,4096,1,17,temporal,1,0.492803000,2.047258000,28,114688,102.52532823200147
1,4096,1,18,temporal,0,0.283538000,1.785644000,27,110592,-101.13214461113566
1,4096,1,18,static,1,0.395337000,1.859516000,263,1077248,-101.13214461113566
1,4096,1,19,static,0,0.315386000,1.677661000,263,1077248,5.6240892362934645
1,4096,1,19,temporal,1,0.283027000,1.588707000,27,110592,5.6240892362934645
1,4096,1,20,temporal,0,0.282476000,1.872535000,28,114688,-238.48531217147922
1,4096,1,20,static,1,0.523640000,2.085777000,264,1081344,-238.48531217147922
1,4096,1,21,static,0,0.475457000,1.832455000,264,1081344,-151.30347211908800
1,4096,1,21,temporal,1,0.316437000,1.925945000,28,114688,-151.30347211908800
1,4096,1,22,temporal,0,0.296548000,2.078186000,28,114688,202.69610368538636
1,4096,1,22,static,1,0.330969000,1.704271000,265,1085440,202.69610368538636
1,4096,1,23,static,0,0.258099000,1.880858000,264,1081344,-103.43874366808606
1,4096,1,23,temporal,1,0.325831000,1.823120000,28,114688,-103.43874366808606
1,4096,1,24,temporal,0,0.240764000,1.698443000,28,114688,-50.657236688503495
1,4096,1,24,static,1,0.322156000,1.697722000,266,1089536,-50.657236688503495
1,4096,1,25,static,0,0.265511000,1.677721000,265,1085440,-126.16762765364315
1,4096,1,25,temporal,1,0.239231000,1.692474000,28,114688,-126.16762765364315
1,4096,1,26,temporal,0,0.240913000,1.572382000,28,114688,-119.10643838641629
1,4096,1,26,static,1,0.267664000,1.629829000,264,1081344,-119.10643838641629
1,4096,1,27,static,0,0.263708000,1.518631000,266,1089536,103.46717475593650
1,4096,1,27,temporal,1,0.250307000,1.562307000,28,114688,103.46717475593650
1,4096,1,28,temporal,0,0.218279000,1.567134000,28,114688,-248.39912848956396
1,4096,1,28,static,1,0.281255000,1.916421000,264,1081344,-248.39912848956396
1,4096,1,29,static,0,0.330519000,1.612653000,264,1081344,-150.21560601422948
1,4096,1,29,temporal,1,0.247343000,1.531861000,28,114688,-150.21560601422948
1,4096,1,30,temporal,0,0.287283000,1.687345000,28,114688,148.47975078297705
1,4096,1,30,static,1,0.296598000,1.779275000,263,1077248,148.47975078297705
1,4096,1,31,static,0,0.275045000,1.664572000,265,1085440,49.817203411651690
1,4096,1,31,temporal,1,0.241745000,1.563369000,28,114688,49.817203411651690
1,4096,1,32,temporal,0,0.245681000,1.639905000,28,114688,-205.16718382927735
1,4096,1,32,static,1,0.278841000,1.842339000,266,1089536,-205.16718382927735
1,4096,1,33,static,0,0.291981000,1.608958000,264,1081344,-177.61351257332686
1,4096,1,33,temporal,1,0.274634000,1.803781000,28,114688,-177.61351257332686
1,4096,1,34,temporal,0,0.255705000,2.004594000,28,114688,-108.36946842012367
1,4096,1,34,static,1,0.342857000,1.780736000,264,1081344,-108.36946842012367
1,4096,1,35,static,0,0.290799000,2.147320000,265,1085440,190.15265428265363
1,4096,1,35,temporal,1,0.359272000,1.726545000,28,114688,190.15265428265363
1,4096,1,36,temporal,0,0.256637000,1.647586000,28,114688,151.51042580244004
1,4096,1,36,static,1,0.304960000,1.670290000,265,1085440,151.51042580244004
1,4096,1,37,static,0,0.306963000,1.660896000,266,1089536,46.042449311301440
1,4096,1,37,temporal,1,0.255615000,1.728397000,28,114688,46.042449311301440
1,4096,1,38,temporal,0,0.243287000,1.957804000,28,114688,-241.45238241736936
1,4096,1,38,static,1,0.298210000,2.041940000,266,1089536,-241.45238241736936
1,4096,1,39,static,0,0.280644000,1.854408000,266,1089536,-244.40216860292378
1,4096,1,39,temporal,1,0.265430000,1.684301000,28,114688,-244.40216860292378
1,4096,1,40,temporal,0,0.294284000,1.613344000,28,114688,-34.410122500828650
1,4096,1,40,static,1,0.322687000,1.630119000,266,1089536,-34.410122500828650
1,4096,1,41,static,0,0.265460000,1.573744000,265,1085440,111.45449789647374
1,4096,1,41,temporal,1,0.249045000,1.585341000,28,114688,111.45449789647374
1,4096,1,42,temporal,0,0.237759000,1.691251000,28,114688,180.67394413476754
1,4096,1,42,static,1,0.321294000,1.727175000,266,1089536,180.67394413476754
1,4096,1,43,static,0,0.277618000,1.851833000,264,1081344,-111.96581295117505
1,4096,1,43,temporal,1,0.271019000,1.653765000,28,114688,-111.96581295117505
1,4096,1,44,temporal,0,0.307574000,1.702639000,28,114688,5.2064326597148640
1,4096,1,44,static,1,0.301034000,1.604621000,263,1077248,5.2064326597148640
1,4096,1,45,static,0,0.259091000,1.994799000,264,1081344,-243.15203746111425
1,4096,1,45,temporal,1,0.267674000,1.776420000,28,114688,-243.15203746111425
1,4096,1,46,temporal,0,0.242255000,1.551971000,28,114688,81.956978622664100
1,4096,1,46,static,1,0.362427000,1.694607000,263,1077248,81.956978622664100
1,4096,1,47,static,0,0.262206000,1.625232000,266,1089536,-1.7590032620150613
1,4096,1,47,temporal,1,0.253152000,1.585252000,28,114688,-1.7590032620150613
1,4096,1,48,temporal,0,0.269597000,1.548596000,28,114688,180.85834756440553
1,4096,1,48,static,1,0.276848000,1.589729000,263,1077248,180.85834756440553
1,4096,1,49,static,0,0.317008000,1.963282000,265,1085440,198.68019195169154
1,4096,1,49,temporal,1,0.283888000,1.776179000,28,114688,198.68019195169154
1,4096,1,50,temporal,0,0.244589000,1.596759000,28,114688,240.49179785010534
1,4096,1,50,static,1,0.352021000,1.742298000,266,1089536,240.49179785010534
1,4096,1,51,static,0,0.292902000,1.877392000,264,1081344,200.70884482753613
1,4096,1,51,temporal,1,0.282196000,1.682528000,28,114688,200.70884482753613
1,4096,1,52,temporal,0,0.243167000,2.036322000,28,114688,213.41343865724062
1,4096,1,52,static,1,0.337079000,1.600806000,264,1081344,213.41343865724062
1,4096,1,53,static,0,0.273182000,1.708728000,267,1093632,195.02436307270406
1,4096,1,53,temporal,1,0.312962000,1.725333000,28,114688,195.02436307270406
1,4096,1,54,temporal,0,0.250829000,1.857703000,28,114688,190.13137539386740
1,4096,1,54,static,1,0.294764000,1.721497000,265,1085440,190.13137539386740
1,4096,1,55,static,0,0.290398000,1.728287000,264,1081344,205.36022901701733
1,4096,1,55,temporal,1,0.281014000,1.710721000,28,114688,205.36022901701733
1,4096,1,56,temporal,0,0.268105000,1.624051000,28,114688,22.744817101360024
1,4096,1,56,static,1,0.316918000,1.715208000,264,1081344,22.744817101360024
1,4096,1,57,static,0,0.285150000,1.755669000,266,1089536,239.64118194985240
1,4096,1,57,temporal,1,0.372722000,1.737712000,28,114688,239.64118194985240
1,4096,1,58,temporal,0,0.252902000,1.836641000,28,114688,-222.79550802933338
1,4096,1,58,static,1,0.297318000,1.722368000,263,1077248,-222.79550802933338
1,4096,1,59,static,0,0.272832000,1.642318000,266,1089536,-15.377266773143893
1,4096,1,59,temporal,1,0.293033000,1.593665000,28,114688,-15.377266773143893
1,4096,1,60,temporal,0,0.237308000,1.768498000,28,114688,108.43707052191820
1,4096,1,60,static,1,0.296347000,1.873476000,264,1081344,108.43707052191820
1,4096,1,61,static,0,0.349968000,1.756770000,264,1081344,-246.55198784479998
1,4096,1,61,temporal,1,0.352792000,1.857983000,28,114688,-246.55198784479998
1,4096,1,62,temporal,0,0.279411000,1.801848000,28,114688,195.80996510912620
1,4096,1,62,static,1,0.289527000,2.092797000,263,1077248,195.80996510912620
1,4096,1,63,static,0,0.335677000,1.696880000,264,1081344,-133.13724617456580
1,4096,1,63,temporal,1,0.258520000,1.879646000,28,114688,-133.13724617456580
1,4096,1,64,temporal,0,0.269327000,1.639775000,28,114688,-208.33791287764690
1,4096,1,64,static,1,0.350970000,1.644691000,263,1077248,-208.33791287764690
1,4096,1,65,static,0,0.313292000,1.715818000,263,1077248,216.88240999026542
1,4096,1,65,temporal,1,0.283547000,1.634996000,28,114688,216.88240999026542
1,4096,1,66,temporal,0,0.252591000,1.879685000,28,114688,183.15966180721260
1,4096,1,66,static,1,0.402978000,2.127530000,264,1081344,183.15966180721260
1,4096,1,67,static,0,0.512713000,2.266950000,266,1089536,-130.89827600991703
1,4096,1,67,temporal,1,0.294985000,2.000538000,28,114688,-130.89827600991703
1,4096,1,68,temporal,0,0.270548000,1.822039000,28,114688,187.39965365752872
1,4096,1,68,static,1,0.323488000,1.718773000,266,1089536,187.39965365752872
1,4096,1,69,static,0,0.331350000,1.702449000,264,1081344,47.151741560736300
1,4096,1,69,temporal,1,0.276006000,1.888479000,28,114688,47.151741560736300
1,4096,1,70,temporal,0,0.244329000,1.543909000,28,114688,-204.63523095371218
1,4096,1,70,static,1,0.292402000,1.564040000,263,1077248,-204.63523095371218
1,4096,1,71,static,0,0.268535000,1.675848000,266,1089536,180.33541434920647
1,4096,1,71,temporal,1,0.462437000,1.996382000,28,114688,180.33541434920647
1,4096,1,72,temporal,0,0.247944000,1.738242000,28,114688,-141.82824968575792
1,4096,1,72,static,1,0.294915000,1.574145000,265,1085440,-141.82824968575792
1,4096,1,73,static,0,0.266852000,1.653224000,264,1081344,196.71222676767943
1,4096,1,73,temporal,1,0.255135000,1.773596000,28,114688,196.71222676767943
1,4096,1,74,temporal,0,0.496249000,2.190645000,28,114688,177.83085640823668
1,4096,1,74,static,1,0.293933000,1.669719000,264,1081344,177.83085640823668
1,4096,1,75,static,0,0.277048000,1.758172000,265,1085440,131.71653732931770
1,4096,1,75,temporal,1,0.286713000,1.678052000,28,114688,131.71653732931770
1,4096,1,76,temporal,0,0.298730000,1.665843000,28,114688,-217.04982565707640
1,4096,1,76,static,1,0.298530000,1.631832000,264,1081344,-217.04982565707640
1,4096,1,77,static,0,0.441796000,1.942751000,264,1081344,191.69070633157375
1,4096,1,77,temporal,1,0.268034000,1.820566000,28,114688,191.69070633157375
1,4096,1,78,temporal,0,0.254564000,1.626213000,28,114688,-132.47046471741790
1,4096,1,78,static,1,0.287303000,1.619112000,265,1085440,-132.47046471741790
1,4096,1,79,static,0,0.300123000,1.625923000,266,1089536,-176.44052755107190
1,4096,1,79,temporal,1,0.462377000,1.865124000,28,114688,-176.44052755107190
1,4096,1,80,temporal,0,0.252030000,1.877432000,28,114688,164.39691877735450
1,4096,1,80,static,1,0.368346000,1.807276000,265,1085440,164.39691877735450
1,4096,1,81,static,0,0.280082000,1.653605000,264,1081344,-173.65307259578820
1,4096,1,81,temporal,1,0.303648000,1.904132000,28,114688,-173.65307259578820
1,4096,1,82,temporal,0,0.283258000,1.666254000,28,114688,-2.9523094547064350
1,4096,1,82,static,1,0.284900000,1.685573000,264,1081344,-2.9523094547064350
1,4096,1,83,static,0,0.262146000,1.583609000,265,1085440,-173.10994229684474
1,4096,1,83,temporal,1,0.241044000,1.589848000,28,114688,-173.10994229684474
1,4096,1,84,temporal,0,0.225440000,1.530098000,28,114688,142.92099639314603
1,4096,1,84,static,1,0.292551000,1.609638000,266,1089536,142.92099639314603
1,4096,1,85,static,0,0.286803000,1.634727000,264,1081344,155.95175445763266
1,4096,1,85,temporal,1,0.242717000,1.855310000,28,114688,155.95175445763266
1,4096,1,86,temporal,0,0.304499000,1.638532000,28,114688,-243.31000603288348
1,4096,1,86,static,1,0.276136000,1.630189000,263,1077248,-243.31000603288348
1,4096,1,87,static,0,0.267734000,1.689248000,264,1081344,204.31950946362227
1,4096,1,87,temporal,1,0.262045000,1.633514000,28,114688,204.31950946362227
1,4096,1,88,temporal,0,0.233072000,1.639634000,28,114688,96.053903273649040
1,4096,1,88,static,1,0.310779000,1.644982000,265,1085440,96.053903273649040
1,4096,1,89,static,0,0.287534000,1.620265000,265,1085440,52.875387912059395
1,4096,1,89,temporal,1,0.240503000,1.588556000,28,114688,52.875387912059395
1,4096,1,90,temporal,0,0.227183000,1.680115000,28,114688,185.43556924976100
1,4096,1,90,static,1,0.295756000,1.687286000,266,1089536,185.43556924976100
1,4096,1,91,static,0,0.263708000,1.778253000,265,1085440,137.86345653806515
1,4096,1,91,temporal,1,0.418251000,1.967778000,28,114688,137.86345653806515
1,4096,1,92,temporal,0,0.261334000,1.650129000,28,114688,-153.37397333987312
1,4096,1,92,static,1,0.524552000,2.011956000,266,1089536,-153.37397333987312
1,4096,1,93,static,0,0.421877000,1.826275000,266,1089536,-219.92116318415412
1,4096,1,93,temporal,1,0.291339000,1.667085000,28,114688,-219.92116318415412
1,4096,1,94,temporal,0,0.233853000,1.545482000,28,114688,99.840157402255730
1,4096,1,94,static,1,0.299762000,1.556729000,265,1085440,99.840157402255730
1,4096,1,95,static,0,0.270929000,1.641096000,264,1081344,-9.9776402238280770
1,4096,1,95,temporal,1,0.460224000,1.871112000,28,114688,-9.9776402238280770
1,4096,1,96,temporal,0,0.411952000,1.727687000,27,110592,-77.470754768088640
1,4096,1,96,static,1,0.395246000,1.937243000,263,1077248,-77.470754768088640
1,4096,1,97,static,0,0.386142000,1.880918000,263,1077248,163.92494759546423
1,4096,1,97,temporal,1,0.253903000,1.740156000,28,114688,163.92494759546423
1,4096,1,98,temporal,0,0.251730000,1.676920000,28,114688,-243.54361972287367
1,4096,1,98,static,1,0.283238000,1.689119000,263,1077248,-243.54361972287367
1,4096,1,99,static,0,0.298661000,1.709029000,266,1089536,-192.06030202903284
1,4096,1,99,temporal,1,0.264589000,1.621516000,28,114688,-192.06030202903284
1,4096,1,100,temporal,0,0.227754000,1.509568000,28,114688,-215.48720745081950
1,4096,1,100,static,1,0.517060000,1.818344000,264,1081344,-215.48720745081950
1,4096,1,101,static,0,0.270469000,1.655077000,266,1089536,-124.80464351061411
1,4096,1,101,temporal,1,0.253462000,1.519192000,28,114688,-124.80464351061411
1,4096,1,102,temporal,0,0.221655000,1.768598000,28,114688,193.85135980213846
1,4096,1,102,static,1,0.295916000,1.726334000,266,1089536,193.85135980213846
1,4096,1,103,static,0,0.368776000,1.875750000,263,1077248,-248.32078149836696
1,4096,1,103,temporal,1,0.281004000,1.921449000,28,114688,-248.32078149836696
1,4096,1,104,temporal,0,0.282346000,1.695779000,28,114688,182.04829410606916
1,4096,1,104,static,1,0.349427000,2.000638000,264,1081344,182.04829410606916
1,4096,1,105,static,0,0.324720000,2.103594000,265,1085440,-189.71470378278020
1,4096,1,105,temporal,1,0.338811000,1.995330000,28,114688,-189.71470378278020
1,4096,1,106,temporal,0,0.315105000,2.050153000,28,114688,-196.97926340722103
1,4096,1,106,static,1,0.343549000,1.741408000,263,1077248,-196.97926340722103
1,4096,1,107,static,0,0.334915000,1.715618000,264,1081344,-214.98169387095953
1,4096,1,107,temporal,1,0.279011000,1.635868000,28,114688,-214.98169387095953
1,4096,1,108,temporal,0,0.264019000,1.907959000,28,114688,161.46710417179500
1,4096,1,108,static,1,0.328595000,1.992465000,265,1085440,161.46710417179500
1,4096,1,109,static,0,0.297179000,1.894368000,264,1081344,214.49895172768356
1,4096,1,109,temporal,1,0.329787000,1.679754000,28,114688,214.49895172768356
1,4096,1,110,temporal,0,0.241424000,1.529928000,28,114688,242.50180579310410
1,4096,1,110,static,1,0.278380000,1.536368000,265,1085440,242.50180579310410
1,4096,1,111,static,0,0.280563000,1.553934000,264,1081344,145.61090625880070
1,4096,1,111,temporal,1,0.252490000,1.506152000,28,114688,145.61090625880070
1,4096,1,112,temporal,0,0.261635000,1.702188000,28,114688,-54.560831084189060
1,4096,1,112,static,1,0.560325000,2.206939000,264,1081344,-54.560831084189060
1,4096,1,113,static,0,0.404010000,1.781128000,264,1081344,-108.36946842012367
1,4096,1,113,temporal,1,0.273673000,2.390226000,28,114688,-108.36946842012367
1,4096,1,114,temporal,0,0.530871000,2.095502000,28,114688,-57.009200546379870
1,4096,1,114,static,1,0.450490000,2.120670000,263,1077248,-57.009200546379870
1,4096,1,115,static,0,0.459103000,2.298388000,265,1085440,63.150268357776206
1,4096,1,115,temporal,1,0.390339000,1.820797000,28,114688,63.150268357776206
1,4096,1,116,temporal,0,0.342997000,1.985315000,28,114688,-213.08030255534408
1,4096,1,116,static,1,0.376648000,1.785573000,266,1089536,-213.08030255534408
1,4096,1,117,static,0,0.308385000,1.801698000,265,1085440,103.85382422230279
1,4096,1,117,temporal,1,0.368136000,1.767587000,28,114688,103.85382422230279
1,4096,1,118,temporal,0,0.335787000,1.723621000,28,114688,65.986271089490060
1,4096,1,118,static,1,0.330068000,1.910592000,264,1081344,65.986271089490060
1,4096,1,119,static,0,0.385362000,1.927288000,266,1089536,185.28115170540830
1,4096,1,119,temporal,1,0.304279000,2.167831000,28,114688,185.28115170540830
1,4096,2,0,static,0,0.333363000,1.869731000,264,1081344,36.323429428802690
1,4096,2,0,temporal,1,0.306101000,1.840997000,28,114688,36.323429428802690
1,4096,2,1,temporal,0,0.292181000,1.620906000,28,114688,23.410297690211838
1,4096,2,1,static,1,0.360884000,1.999727000,263,1077248,23.410297690211838
1,4096,2,2,static,0,0.358952000,2.255763000,266,1089536,239.64118194985240
1,4096,2,2,temporal,1,0.604883000,2.018675000,28,114688,239.64118194985240
1,4096,2,3,temporal,0,0.283047000,1.720065000,28,114688,92.551946089451330
1,4096,2,3,static,1,0.536059000,1.828789000,267,1093632,92.551946089451330
1,4096,2,4,static,0,0.313053000,1.610310000,264,1081344,213.87619213133803
1,4096,2,4,temporal,1,0.376167000,1.775799000,28,114688,213.87619213133803
1,4096,2,5,temporal,0,0.240834000,1.592803000,28,114688,142.77866679564625
1,4096,2,5,static,1,0.309858000,1.835970000,263,1077248,142.77866679564625
1,4096,2,6,static,0,0.277518000,1.747276000,263,1077248,153.02494693991133
1,4096,2,6,temporal,1,0.281074000,1.763421000,28,114688,153.02494693991133
1,4096,2,7,temporal,0,0.265791000,1.638912000,28,114688,-128.45343205514433
1,4096,2,7,static,1,0.361896000,1.672023000,265,1085440,-128.45343205514433
1,4096,2,8,static,0,0.391100000,1.815559000,264,1081344,-233.48331639753152
1,4096,2,8,temporal,1,0.277538000,1.728858000,28,114688,-233.48331639753152
1,4096,2,9,temporal,0,0.430460000,2.205999000,28,114688,185.67185780346645
1,4096,2,9,static,1,0.497290000,2.303455000,264,1081344,185.67185780346645
1,4096,2,10,static,0,0.428948000,1.859616000,264,1081344,-160.19359217182904
1,4096,2,10,temporal,1,0.287894000,1.593363000,28,114688,-160.19359217182904
1,4096,2,11,temporal,0,0.238119000,1.771192000,28,114688,14.243265434425348
1,4096,2,11,static,1,0.331120000,1.675148000,264,1081344,14.243265434425348
1,4096,2,12,static,0,0.260513000,1.645783000,264,1081344,213.87619213133803
1,4096,2,12,temporal,1,0.249647000,1.774537000,28,114688,213.87619213133803
1,4096,2,13,temporal,0,0.245300000,1.905024000,27,110592,196.73694691812037
1,4096,2,13,static,1,0.367725000,1.812204000,261,1069056,196.73694691812037
1,4096,2,14,static,0,0.281204000,1.679213000,266,1089536,186.77731563464928
1,4096,2,14,temporal,1,0.328535000,1.757542000,28,114688,186.77731563464928
1,4096,2,15,temporal,0,0.243968000,1.519252000,28,114688,243.89984669031261
1,4096,2,15,static,1,0.314585000,1.688167000,264,1081344,243.89984669031261
1,4096,2,16,static,0,0.269707000,1.659924000,266,1089536,-178.32750124286713
1,4096,2,16,temporal,1,0.245060000,1.566534000,28,114688,-178.32750124286713
1,4096,2,17,temporal,0,0.224820000,1.819606000,28,114688,102.52532823200147
1,4096,2,17,static,1,0.292701000,1.681246000,264,1081344,102.52532823200147
1,4096,2,18,static,0,0.260303000,1.812435000,263,1077248,-101.13214461113566
1,4096,2,18,temporal,1,0.253262000,1.576218000,27,110592,-101.13214461113566
1,4096,2,19,temporal,0,0.232070000,1.538762000,27,110592,5.6240892362934645
1,4096,2,19,static,1,0.272982000,1.538130000,263,1077248,5.6240892362934645
1,4096,2,20,static,0,0.263227000,1.632232000,264,1081344,-238.48531217147922
1,4096,2,20,temporal,1,0.232431000,1.637060000,28,114688,-238.48531217147922
1,4096,2,21,temporal,0,0.228424000,1.481294000,28,114688,-151.30347211908800
1,4096,2,21,static,1,0.265170000,1.596088000,264,1081344,-151.30347211908800
1,4096,2,22,static,0,0.289807000,1.657872000,265,1085440,202.69610368538636
1,4096,2,22,temporal,1,0.303027000,1.666724000,28,114688,202.69610368538636
1,4096,2,23,temporal,0,0.221104000,1.554325000,28,114688,-103.43874366808606
1,4096,2,23,static,1,0.274925000,1.574826000,264,1081344,-103.43874366808606
1,4096,2,24,static,0,0.254534000,1.573264000,266,1089536,-50.657236688503495
1,4096,2,24,temporal,1,0.250047000,1.548086000,28,114688,-50.657236688503495
1,4096,2,25,temporal,0,0.218930000,1.555236000,28,114688,-126.16762765364315
1,4096,2,25,static,1,0.266192000,1.603289000,265,1085440,-126.16762765364315
1,4096,2,26,static,0,0.271680000,1.611441000,264,1081344,-119.10643838641629
1,4096,2,26,temporal,1,0.228044000,1.610109000,28,114688,-119.10643838641629
1,4096,2,27,temporal,0,0.239852000,1.520704000,28,114688,103.46717475593650
1,4096,2,27,static,1,0.276728000,1.622448000,266,1089536,103.46717475593650
1,4096,2,28,static,0,0.283147000,1.653905000,264,1081344,-248.39912848956396
1,4096,2,28,temporal,1,0.251629000,1.599272000,28,114688,-248.39912848956396
1,4096,2,29,temporal,0,0.218530000,1.546904000,28,114688,-150.21560601422948
1,4096,2,29,static,1,0.268856000,1.550159000,264,1081344,-150.21560601422948
1,4096,2,30,static,0,0.253042000,1.607906000,263,1077248,148.47975078297705
1,4096,2,30,temporal,1,0.231950000,1.822029000,28,114688,148.47975078297705
1,4096,2,31,temporal,0,0.249337000,1.640015000,28,114688,49.817203411651690
1,4096,2,31,static,1,0.317229000,1.668748000,265,1085440,49.817203411651690
1,4096,2,32,static,0,0.540806000,1.893256000,266,1089536,-205.16718382927735
1,4096,2,32,temporal,1,0.243828000,1.593604000,28,114688,-205.16718382927735
1,4096,2,33,temporal,0,0.240003000,1.549668000,28,114688,-177.61351257332686
1,4096,2,33,static,1,0.265280000,1.561846000,264,1081344,-177.61351257332686
1,4096,2,34,static,0,0.247073000,1.601016000,264,1081344,-108.36946842012367
1,4096,2,34,temporal,1,0.231890000,1.577300000,28,114688,-108.36946842012367
1,4096,2,35,temporal,0,0.221384000,1.492713000,28,114688,190.15265428265363
1,4096,2,35,static,1,0.314024000,1.800076000,265,1085440,190.15265428265363
1,4096,2,36,static,0,0.290548000,2.039116000,265,1085440,151.51042580244004
1,4096,2,36,temporal,1,0.337158000,1.871533000,28,114688,151.51042580244004
1,4096,2,37,temporal,0,0.257709000,2.124145000,28,114688,46.042449311301440
1,4096,2,37,static,1,0.475979000,1.988671000,266,1089536,46.042449311301440
1,4096,2,38,static,0,0.360785000,1.833186000,266,1089536,-241.45238241736936
1,4096,2,38,temporal,1,0.265730000,1.719143000,28,114688,-241.45238241736936
1,4096,2,39,temporal,0,0.242626000,1.772664000,28,114688,-244.40216860292378
1,4096,2,39,static,1,0.292141000,1.781848000,266,1089536,-244.40216860292378
1,4096,2,40,static,0,0.320784000,1.605472000,266,1089536,-34.410122500828650
1,4096,2,40,temporal,1,0.255435000,1.753005000,28,114688,-34.410122500828650
1,4096,2,41,temporal,0,0.237889000,1.567726000,28,114688,111.45449789647374
1,4096,2,41,static,1,0.293944000,1.605763000,265,1085440,111.45449789647374
1,4096,2,42,static,0,0.248155000,1.669729000,266,1089536,180.67394413476754
1,4096,2,42,temporal,1,0.249436000,1.701417000,28,114688,180.67394413476754
1,4096,2,43,temporal,0,0.262325000,1.875719000,28,114688,-111.96581295117505
1,4096,2,43,static,1,0.326492000,1.651942000,264,1081344,-111.96581295117505
1,4096,2,44,static,0,0.263227000,1.655047000,263,1077248,5.2064326597148640
1,4096,2,44,temporal,1,0.271720000,1.599463000,28,114688,5.2064326597148640
1,4096,2,45,temporal,0,0.224078000,1.857212000,28,114688,-243.15203746111425
1,4096,2,45,static,1,0.350129000,1.803952000,264,1081344,-243.15203746111425
1,4096,2,46,static,0,0.270699000,2.410928000,263,1077248,81.956978622664100
1,4096,2,46,temporal,1,0.352652000,2.380412000,28,114688,81.956978622664100
1,4096,2,47,temporal,0,0.252771000,1.595257000,28,114688,-1.7590032620150613
1,4096,2,47,static,1,0.370940000,1.685923000,266,1089536,-1.7590032620150613
1,4096,2,48,static,0,0.268646000,1.548166000,263,1077248,180.85834756440553
1,4096,2,48,temporal,1,0.235566000,1.591231000,28,114688,180.85834756440553
1,4096,2,49,temporal,0,0.235766000,1.663610000,28,114688,198.68019195169154
1,4096,2,49,static,1,0.289827000,1.708237000,265,1085440,198.68019195169154
1,4096,2,50,static,0,0.271169000,1.530018000,266,1089536,240.49179785010534
1,4096,2,50,temporal,1,0.231789000,1.494715000,28,114688,240.49179785010534
1,4096,2,51,temporal,0,0.219631000,1.620855000,28,114688,200.70884482753613
1,4096,2,51,static,1,0.300614000,1.599694000,264,1081344,200.70884482753613
1,4096,2,52,static,0,0.260863000,1.590940000,264,1081344,213.41343865724062
1,4096,2,52,temporal,1,0.301554000,1.543028000,28,114688,213.41343865724062
1,4096,2,53,temporal,0,0.227283000,1.611491000,28,114688,195.02436307270406
1,4096,2,53,static,1,0.265731000,1.754988000,267,1093632,195.02436307270406
1,4096,2,54,static,0,0.291209000,1.597560000,265,1085440,190.13137539386740
1,4096,2,54,temporal,1,0.235546000,1.662258000,28,114688,190.13137539386740
1,4096,2,55,temporal,0,0.235866000,1.629949000,28,114688,205.36022901701733
1,4096,2,55,static,1,0.291770000,1.666504000,264,1081344,205.36022901701733
1,4096,2,56,static,0,0.317540000,1.668378000,264,1081344,22.744817101360024
1,4096,2,56,temporal,1,0.252331000,1.566694000,28,114688,22.744817101360024
1,4096,2,57,temporal,0,0.227323000,1.597180000,28,114688,239.64118194985240
1,4096,2,57,static,1,0.322286000,1.620584000,266,1089536,239.64118194985240
1,4096,2,58,static,0,0.273733000,1.872495000,263,1077248,-222.79550802933338
1,4096,2,58,temporal,1,0.313934000,1.705323000,28,114688,-222.79550802933338
1,4096,2,59,temporal,0,0.368867000,1.745363000,28,114688,-15.377266773143893
1,4096,2,59,static,1,0.283648000,1.899135000,266,1089536,-15.377266773143893
1,4096,2,60,static,0,0.299451000,1.831853000,264,1081344,108.43707052191820
1,4096,2,60,temporal,1,0.258680000,1.730170000,28,114688,108.43707052191820
1,4096,2,61,temporal,0,0.260683000,1.620555000,28,114688,-246.55198784479998
1,4096,2,61,static,1,0.269576000,1.748297000,264,1081344,-246.55198784479998
1,4096,2,62,static,0,0.275616000,1.670209000,263,1077248,195.80996510912620
1,4096,2,62,temporal,1,0.235615000,1.607315000,28,114688,195.80996510912620
1,4096,2,63,temporal,0,0.279572000,1.661136000,28,114688,-133.13724617456580
1,4096,2,63,static,1,0.272981000,1.592762000,264,1081344,-133.13724617456580
1,4096,2,64,static,0,0.285501000,1.648998000,263,1077248,-208.33791287764690
1,4096,2,64,temporal,1,0.259822000,1.580805000,28,114688,-208.33791287764690
1,4096,2,65,temporal,0,0.220633000,1.512643000,28,114688,216.88240999026542
1,4096,2,65,static,1,0.280453000,1.637029000,263,1077248,216.88240999026542
1,4096,2,66,static,0,0.261224000,1.598923000,264,1081344,183.15966180721260
1,4096,2,66,temporal,1,0.255255000,1.627836000,28,114688,183.15966180721260
1,4096,2,67,temporal,0,0.220443000,1.770080000,28,114688,-130.89827600991703
1,4096,2,67,static,1,0.313653000,1.693184000,266,1089536,-130.89827600991703
1,4096,2,68,static,0,0.282496000,1.706655000,266,1089536,187.39965365752872
1,4096,2,68,temporal,1,0.343869000,1.763451000,28,114688,187.39965365752872
1,4096,2,69,temporal,0,0.303538000,1.677842000,28,114688,47.151741560736300
1,4096,2,69,static,1,0.289868000,1.588327000,264,1081344,47.151741560736300
1,4096,2,70,static,0,0.278240000,1.556809000,263,1077248,-204.63523095371218
1,4096,2,70,temporal,1,0.228605000,1.520293000,28,114688,-204.63523095371218
1,4096,2,71,temporal,0,0.255735000,1.642978000,28,114688,180.33541434920647
1,4096,2,71,static,1,0.263057000,1.667676000,266,1089536,180.33541434920647
1,4096,2,72,static,0,0.256737000,1.755639000,265,1085440,-141.82824968575792
1,4096,2,72,temporal,1,0.263407000,1.761567000,28,114688,-141.82824968575792
1,4096,2,73,temporal,0,0.263718000,1.528246000,28,114688,196.71222676767943
1,4096,2,73,static,1,0.269697000,1.595838000,264,1081344,196.71222676767943
1,4096,2,74,static,0,0.323998000,1.702518000,264,1081344,177.83085640823668
1,4096,2,74,temporal,1,0.239402000,1.624401000,28,114688,177.83085640823668
1,4096,2,75,temporal,0,0.218319000,1.656198000,28,114688,131.71653732931770
1,4096,2,75,static,1,0.284760000,1.678903000,265,1085440,131.71653732931770
1,4096,2,76,static,0,0.261795000,1.586473000,264,1081344,-217.04982565707640
1,4096,2,76,temporal,1,0.233292000,1.667766000,28,114688,-217.04982565707640
1,4096,2,77,temporal,0,0.270889000,1.806346000,28,114688,191.69070633157375
1,4096,2,77,static,1,0.331070000,1.736210000,264,1081344,191.69070633157375
1,4096,2,78,static,0,0.266192000,1.683871000,265,1085440,-132.47046471741790
1,4096,2,78,temporal,1,0.257228000,1.692914000,28,114688,-132.47046471741790
1,4096,2,79,temporal,0,0.264349000,1.573624000,28,114688,-176.44052755107190
1,4096,2,79,static,1,0.268285000,1.696490000,266,1089536,-176.44052755107190
1,4096,2,80,static,0,0.272371000,1.676750000,265,1085440,164.39691877735450
1,4096,2,80,temporal,1,0.249927000,1.622779000,28,114688,164.39691877735450
1,4096,2,81,temporal,0,0.224869000,1.503027000,28,114688,-173.65307259578820
1,4096,2,81,static,1,0.292992000,1.579303000,264,1081344,-173.65307259578820
1,4096,2,82,static,0,0.247123000,1.592492000,264,1081344,-2.9523094547064350
1,4096,2,82,temporal,1,0.228765000,1.560474000,28,114688,-2.9523094547064350
1,4096,2,83,temporal,0,0.213512000,1.538200000,28,114688,-173.10994229684474
1,4096,2,83,static,1,0.260824000,1.594706000,265,1085440,-173.10994229684474
1,4096,2,84,static,0,0.268836000,1.588006000,266,1089536,142.92099639314603
1,4096,2,84,temporal,1,0.230979000,1.559313000,28,114688,142.92099639314603
1,4096,2,85,temporal,0,0.249266000,1.582958000,28,114688,155.95175445763266
1,4096,2,85,static,1,0.272601000,1.607725000,264,1081344,155.95175445763266
1,4096,2,86,static,0,0.249977000,1.583088000,263,1077248,-243.31000603288348
1,4096,2,86,temporal,1,0.255826000,1.579723000,28,114688,-243.31000603288348
1,4096,2,87,temporal,0,0.216366000,1.683530000,28,114688,204.31950946362227
1,4096,2,87,static,1,0.264689000,1.634386000,264,1081344,204.31950946362227
1,4096,2,88,static,0,0.265120000,1.595177000,265,1085440,96.053903273649040
1,4096,2,88,temporal,1,0.222896000,1.531250000,28,114688,96.053903273649040
1,4096,2,89,temporal,0,0.240022000,1.569838000,28,114688,52.875387912059395
1,4096,2,89,static,1,0.275015000,1.638032000,265,1085440,52.875387912059395
1,4096,2,90,static,0,0.255665000,1.870031000,266,1089536,185.43556924976100
1,4096,2,90,temporal,1,0.326793000,1.735669000,28,114688,185.43556924976100
1,4096,2,91,temporal,0,0.265751000,1.533954000,28,114688,137.86345653806515
1,4096,2,91,static,1,0.285772000,1.576980000,265,1085440,137.86345653806515
1,4096,2,92,static,0,0.251750000,1.595647000,266,1089536,-153.37397333987312
1,4096,2,92,temporal,1,0.243898000,1.588076000,28,114688,-153.37397333987312
1,4096,2,93,temporal,0,0.232641000,1.597671000,28,114688,-219.92116318415412
1,4096,2,93,static,1,0.302426000,1.740836000,266,1089536,-219.92116318415412
1,4096,2,94,static,0,0.272381000,1.532712000,265,1085440,99.840157402255730
1,4096,2,94,temporal,1,0.236167000,1.491751000,28,114688,99.840157402255730
1,4096,2,95,temporal,0,0.221875000,1.565622000,28,114688,-9.9776402238280770
1,4096,2,95,static,1,0.264349000,1.592372000,264,1081344,-9.9776402238280770
1,4096,2,96,static,0,0.289486000,1.594655000,263,1077248,-77.470754768088640
1,4096,2,96,temporal,1,0.241905000,1.692774000,27,110592,-77.470754768088640
1,4096,2,97,temporal,0,0.246122000,1.719595000,28,114688,163.92494759546423
1,4096,2,97,static,1,0.372983000,1.726695000,263,1077248,163.92494759546423
1,4096,2,98,static,0,0.272781000,1.799785000,263,1077248,-243.54361972287367
1,4096,2,98,temporal,1,0.304749000,1.673144000,28,114688,-243.54361972287367
1,4096,2,99,temporal,0,0.289056000,1.698062000,28,114688,-192.06030202903284
1,4096,2,99,static,1,0.376338000,1.704492000,266,1089536,-192.06030202903284
1,4096,2,100,static,0,0.261895000,1.548716000,264,1081344,-215.48720745081950
1,4096,2,100,temporal,1,0.239271000,1.613154000,28,114688,-215.48720745081950
1,4096,2,101,temporal,0,0.255526000,1.528506000,28,114688,-124.80464351061411
1,4096,2,101,static,1,0.273323000,1.598752000,266,1089536,-124.80464351061411
1,4096,2,102,static,0,0.327304000,1.853637000,266,1089536,193.85135980213846
1,4096,2,102,temporal,1,0.293362000,1.906706000,28,114688,193.85135980213846
1,4096,2,103,temporal,0,0.290638000,1.694657000,28,114688,-248.32078149836696
1,4096,2,103,static,1,0.276237000,1.667737000,263,1077248,-248.32078149836696
1,4096,2,104,static,0,0.315386000,1.711793000,264,1081344,182.04829410606916
1,4096,2,104,temporal,1,0.260674000,1.613675000,28,114688,182.04829410606916
1,4096,2,105,temporal,0,0.229346000,1.598281000,28,114688,-189.71470378278020
1,4096,2,105,static,1,0.274354000,1.600524000,265,1085440,-189.71470378278020
1,4096,2,106,static,0,0.257949000,1.536007000,263,1077248,-196.97926340722103
1,4096,2,106,temporal,1,0.234043000,1.534625000,28,114688,-196.97926340722103
1,4096,2,107,temporal,0,0.246201000,1.529908000,28,114688,-214.98169387095953
1,4096,2,107,static,1,0.266322000,1.536499000,264,1081344,-214.98169387095953
1,4096,2,108,static,0,0.302566000,1.680184000,265,1085440,161.46710417179500
1,4096,2,108,temporal,1,0.226492000,1.688147000,28,114688,161.46710417179500
1,4096,2,109,temporal,0,0.218830000,1.641036000,28,114688,214.49895172768356
1,4096,2,109,static,1,0.338631000,1.653885000,264,1081344,214.49895172768356
1,4096,2,110,static,0,0.267623000,1.560053000,265,1085440,242.50180579310410
1,4096,2,110,temporal,1,0.249757000,1.500544000,28,114688,242.50180579310410
1,4096,2,111,temporal,0,0.220302000,1.487574000,28,114688,145.61090625880070
1,4096,2,111,static,1,0.274144000,1.674296000,264,1081344,145.61090625880070
1,4096,2,112,static,0,0.308465000,1.638051000,264,1081344,-54.560831084189060
1,4096,2,112,temporal,1,0.302597000,1.752444000,28,114688,-54.560831084189060
1,4096,2,113,temporal,0,0.257429000,1.724352000,28,114688,-108.36946842012367
1,4096,2,113,static,1,0.325271000,1.721618000,264,1081344,-108.36946842012367
1,4096,2,114,static,0,0.331270000,1.767446000,263,1077248,-57.009200546379870
1,4096,2,114,temporal,1,0.273773000,1.638772000,28,114688,-57.009200546379870
1,4096,2,115,temporal,0,0.232751000,1.582387000,28,114688,63.150268357776206
1,4096,2,115,static,1,0.348526000,1.647326000,265,1085440,63.150268357776206
1,4096,2,116,static,0,0.265471000,1.724312000,266,1089536,-213.08030255534408
1,4096,2,116,temporal,1,0.255946000,1.630360000,28,114688,-213.08030255534408
1,4096,2,117,temporal,0,0.245420000,1.550118000,28,114688,103.85382422230279
1,4096,2,117,static,1,0.279392000,1.676589000,265,1085440,103.85382422230279
1,4096,2,118,static,0,0.265811000,1.542997000,264,1081344,65.986271089490060
1,4096,2,118,temporal,1,0.257669000,1.653825000,28,114688,65.986271089490060
1,4096,2,119,temporal,0,0.241675000,1.576058000,28,114688,185.28115170540830
1,4096,2,119,static,1,0.309597000,1.648848000,266,1089536,185.28115170540830
1,4096,3,0,temporal,0,0.231820000,1.972967000,28,114688,36.323429428802690
1,4096,3,0,static,1,0.293683000,1.741137000,264,1081344,36.323429428802690
1,4096,3,1,static,0,0.273262000,1.709689000,263,1077248,23.410297690211838
1,4096,3,1,temporal,1,0.245691000,1.552051000,28,114688,23.410297690211838
1,4096,3,2,temporal,0,0.222886000,1.740315000,28,114688,239.64118194985240
1,4096,3,2,static,1,0.284600000,1.542397000,266,1089536,239.64118194985240
1,4096,3,3,static,0,0.298891000,1.533805000,267,1093632,92.551946089451330
1,4096,3,3,temporal,1,0.241555000,1.500033000,28,114688,92.551946089451330
1,4096,3,4,temporal,0,0.234443000,1.578511000,28,114688,213.87619213133803
1,4096,3,4,static,1,0.269666000,1.602397000,264,1081344,213.87619213133803
1,4096,3,5,static,0,0.255175000,1.597260000,263,1077248,142.77866679564625
1,4096,3,5,temporal,1,0.354835000,1.747726000,28,114688,142.77866679564625
1,4096,3,6,temporal,0,0.227544000,1.638913000,28,114688,153.02494693991133
1,4096,3,6,static,1,0.278440000,1.616529000,263,1077248,153.02494693991133
1,4096,3,7,static,0,0.275546000,1.589338000,265,1085440,-128.45343205514433
1,4096,3,7,temporal,1,0.233342000,1.533233000,28,114688,-128.45343205514433
1,4096,3,8,temporal,0,0.231449000,1.534154000,28,114688,-233.48331639753152
1,4096,3,8,static,1,0.268585000,1.617801000,264,1081344,-233.48331639753152
1,4096,3,9,static,0,0.256748000,1.630129000,264,1081344,185.67185780346645
1,4096,3,9,temporal,1,0.371440000,1.823360000,28,114688,185.67185780346645
1,4096,3,10,temporal,0,0.233453000,1.642869000,28,114688,-160.19359217182904
1,4096,3,10,static,1,0.300103000,1.583829000,264,1081344,-160.19359217182904
1,4096,3,11,static,0,0.318360000,1.686454000,264,1081344,14.243265434425348
1,4096,3,11,temporal,1,0.242025000,1.574075000,28,114688,14.243265434425348
1,4096,3,12,temporal,0,0.230949000,1.626254000,28,114688,213.87619213133803
1,4096,3,12,static,1,0.296377000,1.807156000,264,1081344,213.87619213133803
1,4096,3,13,static,0,0.272772000,1.924994000,261,1069056,196.73694691812037
1,4096,3,13,temporal,1,0.264929000,1.680074000,27,110592,196.73694691812037
1,4096,3,14,temporal,0,0.223327000,1.637110000,28,114688,186.77731563464928
1,4096,3,14,static,1,0.334004000,1.687707000,266,1089536,186.77731563464928
1,4096,3,15,static,0,0.260904000,1.553594000,264,1081344,243.89984669031261
1,4096,3,15,temporal,1,0.249226000,1.602838000,28,114688,243.89984669031261
1,4096,3,16,temporal,0,0.239852000,1.584010000,28,114688,-178.32750124286713
1,4096,3,16,static,1,0.289356000,1.602177000,266,1089536,-178.32750124286713
1,4096,3,17,static,0,0.282917000,1.634125000,264,1081344,102.52532823200147
1,4096,3,17,temporal,1,0.239481000,1.603479000,28,114688,102.52532823200147
1,4096,3,18,temporal,0,0.216527000,1.554886000,27,110592,-101.13214461113566
1,4096,3,18,static,1,0.277058000,1.612864000,263,1077248,-101.13214461113566
1,4096,3,19,static,0,0.251680000,1.791433000,263,1077248,5.6240892362934645
1,4096,3,19,temporal,1,0.250979000,1.511560000,27,110592,5.6240892362934645
1,4096,3,20,temporal,0,0.224799000,1.653314000,28,114688,-238.48531217147922
1,4096,3,20,static,1,0.278941000,1.686094000,264,1081344,-238.48531217147922
1,4096,3,21,static,0,0.275796000,1.529327000,264,1081344,-151.30347211908800
1,4096,3,21,temporal,1,0.237298000,1.536238000,28,114688,-151.30347211908800
1,4096,3,22,temporal,0,0.219722000,1.600665000,28,114688,202.69610368538636
1,4096,3,22,static,1,0.285591000,1.665994000,265,1085440,202.69610368538636
1,4096,3,23,static,0,0.246642000,1.606264000,264,1081344,-103.43874366808606
1,4096,3,23,temporal,1,0.233392000,1.533904000,28,114688,-103.43874366808606
1,4096,3,24,temporal,0,0.219801000,1.524239000,28,114688,-50.657236688503495
1,4096,3,24,static,1,0.270698000,1.543779000,266,1089536,-50.657236688503495
1,4096,3,25,static,0,0.249266000,1.584581000,265,1085440,-126.16762765364315
1,4096,3,25,temporal,1,0.231739000,1.563038000,28,114688,-126.16762765364315
1,4096,3,26,temporal,0,0.239732000,1.580875000,28,114688,-119.10643838641629
1,4096,3,26,static,1,0.265120000,1.594125000,264,1081344,-119.10643838641629
1,4096,3,27,static,0,0.273944000,1.519923000,266,1089536,103.46717475593650
1,4096,3,27,temporal,1,0.232201000,1.499643000,28,114688,103.46717475593650
1,4096,3,28,temporal,0,0.217889000,1.584691000,28,114688,-248.39912848956396
1,4096,3,28,static,1,0.261865000,1.623108000,264,1081344,-248.39912848956396
1,4096,3,29,static,0,0.257769000,1.532051000,264,1081344,-150.21560601422948
1,4096,3,29,temporal,1,0.626805000,1.939055000,28,114688,-150.21560601422948
1,4096,3,30,temporal,0,0.269337000,1.758203000,28,114688,148.47975078297705
1,4096,3,30,static,1,0.330639000,1.999697000,263,1077248,148.47975078297705
1,4096,3,31,static,0,0.301646000,1.707847000,265,1085440,49.817203411651690
1,4096,3,31,temporal,1,0.301785000,1.642648000,28,114688,49.817203411651690
1,4096,3,32,temporal,0,0.250808000,1.570289000,28,114688,-205.16718382927735
1,4096,3,32,static,1,0.296888000,1.671852000,266,1089536,-205.16718382927735
1,4096,3,33,static,0,0.271730000,1.576158000,264,1081344,-177.61351257332686
1,4096,3,33,temporal,1,0.261926000,1.557530000,28,114688,-177.61351257332686
1,4096,3,34,temporal,0,0.226312000,1.536819000,28,114688,-108.36946842012367
1,4096,3,34,static,1,0.296628000,1.734016000,264,1081344,-108.36946842012367
1,4096,3,35,static,0,0.340123000,1.676359000,265,1085440,190.15265428265363
1,4096,3,35,temporal,1,0.250979000,1.555487000,28,114688,190.15265428265363
1,4096,3,36,temporal,0,0.277078000,1.669078000,28,114688,151.51042580244004
1,4096,3,36,static,1,0.301896000,1.676329000,265,1085440,151.51042580244004
1,4096,3,37,static,0,0.291419000,1.645382000,266,1089536,46.042449311301440
1,4096,3,37,temporal,1,0.319673000,1.683080000,28,114688,46.042449311301440
1,4096,3,38,temporal,0,0.230728000,1.844723000,28,114688,-241.45238241736936
1,4096,3,38,static,1,0.318691000,1.932886000,266,1089536,-241.45238241736936
1,4096,3,39,static,0,0.276537000,1.778303000,266,1089536,-244.40216860292378
1,4096,3,39,temporal,1,0.253362000,1.714607000,28,114688,-244.40216860292378
1,4096,3,40,temporal,0,0.250318000,1.557330000,28,114688,-34.410122500828650
1,4096,3,40,static,1,0.275846000,1.664061000,266,1089536,-34.410122500828650
1,4096,3,41,static,0,0.266282000,1.683490000,265,1085440,111.45449789647374
1,4096,3,41,temporal,1,0.289517000,1.658082000,28,114688,111.45449789647374
1,4096,3,42,temporal,0,0.235596000,1.595017000,28,114688,180.67394413476754
1,4096,3,42,static,1,0.288545000,1.752994000,266,1089536,180.67394413476754
1,4096,3,43,static,0,0.295105000,1.853767000,264,1081344,-111.96581295117505
1,4096,3,43,temporal,1,0.251760000,1.624531000,28,114688,-111.96581295117505
1,4096,3,44,temporal,0,0.224960000,1.675078000,28,114688,5.2064326597148640
1,4096,3,44,static,1,0.296518000,1.603700000,263,1077248,5.2064326597148640
1,4096,3,45,static,0,0.259542000,1.625242000,264,1081344,-243.15203746111425
1,4096,3,45,temporal,1,0.249096000,1.617531000,28,114688,-243.15203746111425
1,4096,3,46,temporal,0,0.249476000,1.535747000,28,114688,81.956978622664100
1,4096,3,46,static,1,0.282806000,1.584420000,263,1077248,81.956978622664100
1,4096,3,47,static,0,0.274104000,1.551030000,266,1089536,-1.7590032620150613
1,4096,3,47,temporal,1,0.234324000,1.543529000,28,114688,-1.7590032620150613
1,4096,3,48,temporal,0,0.222566000,1.496097000,28,114688,180.85834756440553
1,4096,3,48,static,1,0.270127000,1.543108000,263,1077248,180.85834756440553
1,4096,3,49,static,0,0.267183000,1.553183000,265,1085440,198.68019195169154
1,4096,3,49,temporal,1,0.266162000,1.566544000,28,114688,198.68019195169154
1,4096,3,50,temporal,0,0.220222000,1.465531000,28,114688,240.49179785010534
1,4096,3,50,static,1,0.282626000,1.552092000,266,1089536,240.49179785010534
1,4096,3,51,static,0,0.255936000,1.565462000,264,1081344,200.70884482753613
1,4096,3,51,temporal,1,0.234314000,1.655838000,28,114688,200.70884482753613
1,4096,3,52,temporal,0,0.238660000,1.520114000,28,114688,213.41343865724062
1,4096,3,52,static,1,0.280783000,1.518661000,264,1081344,213.41343865724062
1,4096,3,53,static,0,0.274724000,1.668597000,267,1093632,195.02436307270406
1,4096,3,53,temporal,1,0.237248000,1.718373000,28,114688,195.02436307270406
1,4096,3,54,temporal,0,0.236848000,1.609639000,28,114688,190.13137539386740
1,4096,3,54,static,1,0.326993000,1.628106000,265,1085440,190.13137539386740
1,4096,3,55,static,0,0.258630000,1.658682000,264,1081344,205.36022901701733
1,4096,3,55,temporal,1,0.226922000,1.639383000,28,114688,205.36022901701733
1,4096,3,56,temporal,0,0.227693000,1.529597000,28,114688,22.744817101360024
1,4096,3,56,static,1,0.270509000,1.692514000,264,1081344,22.744817101360024
1,4096,3,57,static,0,0.328556000,1.592243000,266,1089536,239.64118194985240
1,4096,3,57,temporal,1,0.236277000,1.531481000,28,114688,239.64118194985240
1,4096,3,58,temporal,0,0.305812000,1.718433000,28,114688,-222.79550802933338
1,4096,3,58,static,1,0.304159000,1.902020000,263,1077248,-222.79550802933338
1,4096,3,59,static,0,0.389778000,1.758633000,266,1089536,-15.377266773143893
1,4096,3,59,temporal,1,0.272781000,1.573043000,28,114688,-15.377266773143893
1,4096,3,60,temporal,0,0.223948000,1.595557000,28,114688,108.43707052191820
1,4096,3,60,static,1,0.295987000,1.885845000,264,1081344,108.43707052191820
1,4096,3,61,static,0,0.284189000,1.854789000,264,1081344,-246.55198784479998
1,4096,3,61,temporal,1,0.251369000,1.657581000,28,114688,-246.55198784479998
1,4096,3,62,temporal,0,0.226341000,1.605983000,28,114688,195.80996510912620
1,4096,3,62,static,1,0.285901000,1.669408000,263,1077248,195.80996510912620
1,4096,3,63,static,0,0.256978000,1.668517000,264,1081344,-133.13724617456580
1,4096,3,63,temporal,1,0.241013000,1.555847000,28,114688,-133.13724617456580
1,4096,3,64,temporal,0,0.228124000,1.541997000,28,114688,-208.33791287764690
1,4096,3,64,static,1,0.278881000,1.560865000,263,1077248,-208.33791287764690
1,4096,3,65,static,0,0.263667000,1.589468000,263,1077248,216.88240999026542
1,4096,3,65,temporal,1,0.228695000,1.548536000,28,114688,216.88240999026542
1,4096,3,66,temporal,0,0.234824000,1.648918000,28,114688,183.15966180721260
1,4096,3,66,static,1,0.291309000,1.736069000,264,1081344,183.15966180721260
1,4096,3,67,static,0,0.273372000,1.656569000,266,1089536,-130.89827600991703
1,4096,3,67,temporal,1,0.310288000,1.743500000,28,114688,-130.89827600991703
1,4096,3,68,temporal,0,0.253092000,1.590189000,28,114688,187.39965365752872
1,4096,3,68,static,1,0.272190000,1.641246000,266,1089536,187.39965365752872
1,4096,3,69,static,0,0.273603000,1.570479000,264,1081344,47.151741560736300
1,4096,3,69,temporal,1,0.237899000,1.554726000,28,114688,47.151741560736300
1,4096,3,70,temporal,0,0.215415000,1.504510000,28,114688,-204.63523095371218
1,4096,3,70,static,1,0.267754000,1.554906000,263,1077248,-204.63523095371218
1,4096,3,71,static,0,0.255405000,1.628226000,266,1089536,180.33541434920647
1,4096,3,71,temporal,1,0.276246000,1.641646000,28,114688,180.33541434920647
1,4096,3,72,temporal,0,0.221885000,1.522487000,28,114688,-141.82824968575792
1,4096,3,72,static,1,0.271840000,1.561095000,265,1085440,-141.82824968575792
1,4096,3,73,static,0,0.275475000,1.742248000,264,1081344,196.71222676767943
1,4096,3,73,temporal,1,0.260493000,1.620795000,28,114688,196.71222676767943
1,4096,3,74,temporal,0,0.377059000,1.776581000,28,114688,177.83085640823668
1,4096,3,74,static,1,0.290548000,1.748869000,264,1081344,177.83085640823668
1,4096,3,75,static,0,0.269026000,1.757412000,265,1085440,131.71653732931770
1,4096,3,75,temporal,1,0.239261000,1.617239000,28,114688,131.71653732931770
1,4096,3,76,temporal,0,0.222816000,1.794858000,28,114688,-217.04982565707640
1,4096,3,76,static,1,0.318210000,1.606053000,264,1081344,-217.04982565707640
1,4096,3,77,static,0,0.252230000,1.733105000,264,1081344,191.69070633157375
1,4096,3,77,temporal,1,0.247263000,1.634396000,28,114688,191.69070633157375
1,4096,3,78,temporal,0,0.243307000,1.590199000,28,114688,-132.47046471741790
1,4096,3,78,static,1,0.260383000,1.607365000,265,1085440,-132.47046471741790
1,4096,3,79,static,0,0.250268000,1.712534000,266,1089536,-176.44052755107190
1,4096,3,79,temporal,1,0.267033000,1.681276000,28,114688,-176.44052755107190
1,4096,3,80,temporal,0,0.230497000,1.638322000,28,114688,164.39691877735450
1,4096,3,80,static,1,0.258159000,1.640846000,265,1085440,164.39691877735450
1,4096,3,81,static,0,0.276287000,1.685253000,264,1081344,-173.65307259578820
1,4096,3,81,temporal,1,0.241905000,1.513684000,28,114688,-173.65307259578820
1,4096,3,82,temporal,0,0.244359000,1.623389000,28,114688,-2.9523094547064350
1,4096,3,82,static,1,0.270138000,1.651772000,264,1081344,-2.9523094547064350
1,4096,3,83,static,0,0.259922000,1.565873000,265,1085440,-173.10994229684474
1,4096,3,83,temporal,1,0.276848000,1.596228000,28,114688,-173.10994229684474
1,4096,3,84,temporal,0,0.219611000,1.533283000,28,114688,142.92099639314603
1,4096,3,84,static,1,0.289126000,1.614155000,266,1089536,142.92099639314603
1,4096,3,85,static,0,0.248195000,1.590410000,264,1081344,155.95175445763266
1,4096,3,85,temporal,1,0.235996000,1.602588000,28,114688,155.95175445763266
1,4096,3,86,temporal,0,0.305030000,1.730601000,28,114688,-243.31000603288348
1,4096,3,86,static,1,0.305662000,1.657731000,263,1077248,-243.31000603288348
1,4096,3,87,static,0,0.258480000,1.750040000,264,1081344,204.31950946362227
1,4096,3,87,temporal,1,0.269467000,1.650881000,28,114688,204.31950946362227
1,4096,3,88,temporal,0,0.221825000,1.555657000,28,114688,96.053903273649040
1,4096,3,88,static,1,0.272250000,1.599924000,265,1085440,96.053903273649040
1,4096,3,89,static,0,0.276187000,1.597290000,265,1085440,52.875387912059395
1,4096,3,89,temporal,1,0.246512000,1.603649000,28,114688,52.875387912059395
1,4096,3,90,temporal,0,0.219511000,1.600184000,28,114688,185.43556924976100
1,4096,3,90,static,1,0.259251000,1.769920000,266,1089536,185.43556924976100
1,4096,3,91,static,0,0.277860000,1.819656000,265,1085440,137.86345653806515
1,4096,3,91,temporal,1,0.334324000,1.631261000,28,114688,137.86345653806515
1,4096,3,92,temporal,0,0.262787000,1.585973000,28,114688,-153.37397333987312
1,4096,3,92,static,1,0.276387000,1.764793000,266,1089536,-153.37397333987312
1,4096,3,93,static,0,0.272251000,1.708738000,266,1089536,-219.92116318415412
1,4096,3,93,temporal,1,0.259883000,1.808038000,28,114688,-219.92116318415412
1,4096,3,94,temporal,0,0.265511000,1.563018000,28,114688,99.840157402255730
1,4096,3,94,static,1,0.285561000,1.632403000,265,1085440,99.840157402255730
1,4096,3,95,static,0,0.260053000,1.656289000,264,1081344,-9.9776402238280770
1,4096,3,95,temporal,1,0.238971000,1.624151000,28,114688,-9.9776402238280770
1,4096,3,96,temporal,0,0.231710000,1.572142000,27,110592,-77.470754768088640
1,4096,3,96,static,1,0.326383000,1.653625000,263,1077248,-77.470754768088640
1,4096,3,97,static,0,0.267363000,1.635968000,263,1077248,163.92494759546423
1,4096,3,97,temporal,1,0.250417000,1.579282000,28,114688,163.92494759546423
1,4096,3,98,temporal,0,0.261765000,1.587215000,28,114688,-243.54361972287367
1,4096,3,98,static,1,0.268636000,1.608417000,263,1077248,-243.54361972287367
1,4096,3,99,static,0,0.254694000,1.587935000,266,1089536,-192.06030202903284
1,4096,3,99,temporal,1,0.232842000,1.573304000,28,114688,-192.06030202903284
1,4096,3,100,temporal,0,0.292131000,1.620625000,28,114688,-215.48720745081950
1,4096,3,100,static,1,0.317289000,1.586784000,264,1081344,-215.48720745081950
1,4096,3,101,static,0,0.254414000,1.534174000,266,1089536,-124.80464351061411
1,4096,3,101,temporal,1,0.238821000,1.711563000,28,114688,-124.80464351061411
1,4096,3,102,temporal,0,0.370349000,1.760086000,28,114688,193.85135980213846
1,4096,3,102,static,1,0.288855000,1.700104000,266,1089536,193.85135980213846
1,4096,3,103,static,0,0.251219000,1.782218000,263,1077248,-248.32078149836696
1,4096,3,103,temporal,1,0.259151000,1.673835000,28,114688,-248.32078149836696
1,4096,3,104,temporal,0,0.295616000,1.803882000,28,114688,182.04829410606916
1,4096,3,104,static,1,0.292180000,1.727446000,264,1081344,182.04829410606916
1,4096,3,105,static,0,0.269226000,1.899736000,265,1085440,-189.71470378278020
1,4096,3,105,temporal,1,0.255245000,1.583739000,28,114688,-189.71470378278020
1,4096,3,106,temporal,0,0.238400000,1.629108000,28,114688,-196.97926340722103
1,4096,3,106,static,1,0.284790000,1.576759000,263,1077248,-196.97926340722103
1,4096,3,107,static,0,0.276097000,1.546884000,264,1081344,-214.98169387095953
1,4096,3,107,temporal,1,0.225571000,1.523429000,28,114688,-214.98169387095953
1,4096,3,108,temporal,0,0.220022000,1.586474000,28,114688,161.46710417179500
1,4096,3,108,static,1,0.277880000,1.664912000,265,1085440,161.46710417179500
1,4096,3,109,static,0,0.253552000,1.573834000,264,1081344,214.49895172768356
1,4096,3,109,temporal,1,0.230007000,1.523899000,28,114688,214.49895172768356
1,4096,3,110,temporal,0,0.217408000,1.493543000,28,114688,242.50180579310410
1,4096,3,110,static,1,0.264509000,1.526063000,265,1085440,242.50180579310410
1,4096,3,111,static,0,0.252050000,1.552332000,264,1081344,145.61090625880070
1,4096,3,111,temporal,1,0.234944000,1.499783000,28,114688,145.61090625880070
1,4096,3,112,temporal,0,0.218670000,1.554225000,28,114688,-54.560831084189060
1,4096,3,112,static,1,0.276898000,1.789660000,264,1081344,-54.560831084189060
1,4096,3,113,static,0,0.281685000,1.746104000,264,1081344,-108.36946842012367
1,4096,3,113,temporal,1,0.272321000,1.697581000,28,114688,-108.36946842012367
1,4096,3,114,temporal,0,0.246973000,1.647816000,28,114688,-57.009200546379870
1,4096,3,114,static,1,0.279151000,1.705192000,263,1077248,-57.009200546379870
1,4096,3,115,static,0,0.521937000,1.806836000,265,1085440,63.150268357776206
1,4096,3,115,temporal,1,0.270428000,1.544099000,28,114688,63.150268357776206
1,4096,3,116,temporal,0,0.238330000,1.634306000,28,114688,-213.08030255534408
1,4096,3,116,static,1,0.309637000,2.007058000,266,1089536,-213.08030255534408
1,4096,3,117,static,0,0.329127000,1.743691000,265,1085440,103.85382422230279
1,4096,3,117,temporal,1,0.299802000,1.638361000,28,114688,103.85382422230279
1,4096,3,118,temporal,0,0.253893000,1.866857000,28,114688,65.986271089490060
1,4096,3,118,static,1,0.318050000,1.615617000,264,1081344,65.986271089490060
1,4096,3,119,static,0,0.286252000,1.644261000,266,1089536,185.28115170540830
1,4096,3,119,temporal,1,0.324510000,1.752114000,28,114688,185.28115170540830
2,4096,0,0,static,0,0.313272000,1.607845000,264,1081344,36.323429428802690
2,4096,0,0,temporal,1,0.235315000,1.542486000,28,114688,36.323429428802690
2,4096,0,1,temporal,0,0.246632000,1.618191000,28,114688,23.410297690211838
2,4096,0,1,static,1,0.294484000,1.612412000,263,1077248,23.410297690211838
2,4096,0,2,static,0,0.282596000,1.533994000,266,1089536,239.64118194985240
2,4096,0,2,temporal,1,0.240062000,1.702028000,28,114688,239.64118194985240
2,4096,0,3,temporal,0,0.249627000,1.619423000,28,114688,92.551946089451330
2,4096,0,3,static,1,0.328186000,1.584461000,267,1093632,92.551946089451330
2,4096,0,4,static,0,0.272471000,1.963251000,264,1081344,213.87619213133803
2,4096,0,4,temporal,1,0.263918000,1.578501000,28,114688,213.87619213133803
2,4096,0,5,temporal,0,0.230458000,1.642748000,28,114688,142.77866679564625
2,4096,0,5,static,1,0.357579000,1.781778000,263,1077248,142.77866679564625
2,4096,0,6,static,0,0.260052000,1.648657000,263,1077248,153.02494693991133
2,4096,0,6,temporal,1,0.230037000,1.576247000,28,114688,153.02494693991133
2,4096,0,7,temporal,0,0.241173000,1.622697000,28,114688,-128.45343205514433
2,4096,0,7,static,1,0.274884000,1.634906000,265,1085440,-128.45343205514433
2,4096,0,8,static,0,0.258279000,1.577510000,264,1081344,-233.48331639753152
2,4096,0,8,temporal,1,0.224699000,1.548606000,28,114688,-233.48331639753152
2,4096,0,9,temporal,0,0.212230000,1.637660000,28,114688,185.67185780346645
2,4096,0,9,static,1,0.285501000,1.839435000,264,1081344,185.67185780346645
2,4096,0,10,static,0,0.324660000,1.611291000,264,1081344,-160.19359217182904
2,4096,0,10,temporal,1,0.304219000,1.606784000,28,114688,-160.19359217182904
2,4096,0,11,temporal,0,0.223167000,1.546724000,28,114688,14.243265434425348
2,4096,0,11,static,1,0.263117000,1.727496000,264,1081344,14.243265434425348
2,4096,0,12,static,0,0.270548000,1.654235000,264,1081344,213.87619213133803
2,4096,0,12,temporal,1,0.254044000,1.685523000,28,114688,213.87619213133803
2,4096,0,13,temporal,0,0.240353000,1.661196000,27,110592,196.73694691812037
2,4096,0,13,static,1,0.306983000,1.800967000,261,1069056,196.73694691812037
2,4096,0,14,static,0,0.295936000,1.656118000,266,1089536,186.77731563464928
2,4096,0,14,temporal,1,0.285621000,1.618171000,28,114688,186.77731563464928
2,4096,0,15,temporal,0,0.219921000,1.489767000,28,114688,243.89984669031261
2,4096,0,15,static,1,0.315757000,1.564390000,264,1081344,243.89984669031261
2,4096,0,16,static,0,0.256016000,1.606303000,266,1089536,-178.32750124286713
2,4096,0,16,temporal,1,0.228394000,1.546653000,28,114688,-178.32750124286713
2,4096,0,17,temporal,0,0.217117000,1.593053000,28,114688,102.52532823200147
2,4096,0,17,static,1,0.272491000,1.964243000,264,1081344,102.52532823200147
2,4096,0,18,static,0,0.282346000,1.938234000,263,1077248,-101.13214461113566
2,4096,0,18,temporal,1,0.251009000,1.689769000,27,110592,-101.13214461113566
2,4096,0,19,temporal,0,0.397410000,1.690991000,27,110592,5.6240892362934645
2,4096,0,19,static,1,0.279081000,1.588496000,263,1077248,5.6240892362934645
2,4096,0,20,static,0,0.260013000,2.045826000,264,1081344,-238.48531217147922
2,4096,0,20,temporal,1,0.255375000,1.690930000,28,114688,-238.48531217147922
2,4096,0,21,temporal,0,0.296497000,1.570880000,28,114688,-151.30347211908800
2,4096,0,21,static,1,0.283227000,1.563499000,264,1081344,-151.30347211908800
2,4096,0,22,static,0,0.462368000,2.132507000,265,1085440,202.69610368538636
2,4096,0,22,temporal,1,0.258400000,1.741818000,28,114688,202.69610368538636
2,4096,0,23,temporal,0,0.270939000,1.669619000,28,114688,-103.43874366808606
2,4096,0,23,static,1,0.336157000,1.647956000,264,1081344,-103.43874366808606
2,4096,0,24,static,0,0.261134000,1.564650000,266,1089536,-50.657236688503495
2,4096,0,24,temporal,1,0.284409000,1.581697000,28,114688,-50.657236688503495
2,4096,0,25,temporal,0,0.217468000,1.540874000,28,114688,-126.16762765364315
2,4096,0,25,static,1,0.263858000,1.588336000,265,1085440,-126.16762765364315
2,4096,0,26,static,0,0.274515000,1.588847000,264,1081344,-119.10643838641629
2,4096,0,26,temporal,1,0.224528000,1.536017000,28,114688,-119.10643838641629
2,4096,0,27,temporal,0,0.249376000,1.480434000,28,114688,103.46717475593650
2,4096,0,27,static,1,0.268485000,1.502877000,266,1089536,103.46717475593650
2,4096,0,28,static,0,0.277949000,1.652052000,264,1081344,-248.39912848956396
2,4096,0,28,temporal,1,0.227023000,1.903842000,28,114688,-248.39912848956396
2,4096,0,29,temporal,0,0.249367000,1.565572000,28,114688,-150.21560601422948
2,4096,0,29,static,1,0.302746000,1.583869000,264,1081344,-150.21560601422948
2,4096,0,30,static,0,0.251039000,1.610029000,263,1077248,148.47975078297705
2,4096,0,30,temporal,1,0.229987000,1.607635000,28,114688,148.47975078297705
2,4096,0,31,temporal,0,0.240102000,1.557309000,28,114688,49.817203411651690
2,4096,0,31,static,1,0.259502000,1.594656000,265,1085440,49.817203411651690
2,4096,0,32,static,0,0.278520000,1.596688000,266,1089536,-205.16718382927735
2,4096,0,32,temporal,1,0.223628000,1.546133000,28,114688,-205.16718382927735
2,4096,0,33,temporal,0,0.414565000,1.733935000,28,114688,-177.61351257332686
2,4096,0,33,static,1,0.315125000,1.581506000,264,1081344,-177.61351257332686
2,4096,0,34,static,0,0.257699000,1.875720000,264,1081344,-108.36946842012367
2,4096,0,34,temporal,1,0.251820000,1.586794000,28,114688,-108.36946842012367
2,4096,0,35,temporal,0,0.214914000,1.542607000,28,114688,190.15265428265363
2,4096,0,35,static,1,0.290468000,1.579433000,265,1085440,190.15265428265363
2,4096,0,36,static,0,0.271820000,1.599093000,265,1085440,151.51042580244004
2,4096,0,36,temporal,1,0.245651000,1.609698000,28,114688,151.51042580244004
2,4096,0,37,temporal,0,0.216156000,1.671692000,28,114688,46.042449311301440
2,4096,0,37,static,1,0.295025000,1.650159000,266,1089536,46.042449311301440
2,4096,0,38,static,0,0.292642000,1.637170000,266,1089536,-241.45238241736936
2,4096,0,38,temporal,1,0.227584000,1.603960000,28,114688,-241.45238241736936
2,4096,0,39,temporal,0,0.211779000,1.602337000,28,114688,-244.40216860292378
2,4096,0,39,static,1,0.260674000,1.643650000,266,1089536,-244.40216860292378
2,4096,0,40,static,0,0.251970000,1.788899000,266,1089536,-34.410122500828650
2,4096,0,40,temporal,1,0.250247000,1.602467000,28,114688,-34.410122500828650
2,4096,0,41,temporal,0,0.229767000,1.532422000,28,114688,111.45449789647374
2,4096,0,41,static,1,0.267343000,1.590399000,265,1085440,111.45449789647374
2,4096,0,42,static,0,0.279922000,1.581506000,266,1089536,180.67394413476754
2,4096,0,42,temporal,1,0.223317000,1.536829000,28,114688,180.67394413476754
2,4096,0,43,temporal,0,0.242125000,1.567664000,28,114688,-111.96581295117505
2,4096,0,43,static,1,0.259291000,1.586563000,264,1081344,-111.96581295117505
2,4096,0,44,static,0,0.257839000,1.602748000,263,1077248,5.2064326597148640
2,4096,0,44,temporal,1,0.257258000,1.693485000,28,114688,5.2064326597148640
2,4096,0,45,temporal,0,0.237769000,1.720706000,28,114688,-243.15203746111425
2,4096,0,45,static,1,0.279321000,1.710330000,264,1081344,-243.15203746111425
2,4096,0,46,static,0,0.328765000,1.643028000,263,1077248,81.956978622664100
2,4096,0,46,temporal,1,0.233552000,1.543919000,28,114688,81.956978622664100
2,4096,0,47,temporal,0,0.211689000,1.476757000,28,114688,-1.7590032620150613
2,4096,0,47,static,1,0.258790000,1.572682000,266,1089536,-1.7590032620150613
2,4096,0,48,static,0,0.255365000,1.498932000,263,1077248,180.85834756440553
2,4096,0,48,temporal,1,0.219741000,1.574595000,28,114688,180.85834756440553
2,4096,0,49,temporal,0,0.265871000,1.789680000,28,114688,198.68019195169154
2,4096,0,49,static,1,0.353072000,1.651551000,265,1085440,198.68019195169154
2,4096,0,50,static,0,0.361165000,1.711502000,266,1089536,240.49179785010534
2,4096,0,50,temporal,1,0.271790000,1.563389000,28,114688,240.49179785010534
2,4096,0,51,temporal,0,0.221935000,1.509137000,28,114688,200.70884482753613
2,4096,0,51,static,1,0.267273000,1.665833000,264,1081344,200.70884482753613
2,4096,0,52,static,0,0.265831000,1.616519000,264,1081344,213.41343865724062
2,4096,0,52,temporal,1,0.317189000,1.620625000,28,114688,213.41343865724062
2,4096,0,53,temporal,0,0.229416000,1.792184000,28,114688,195.02436307270406
2,4096,0,53,static,1,0.284950000,1.785153000,267,1093632,195.02436307270406
2,4096,0,54,static,0,0.273142000,1.620385000,265,1085440,190.13137539386740
2,4096,0,54,temporal,1,0.286753000,1.714887000,28,114688,190.13137539386740
2,4096,0,55,temporal,0,0.240563000,1.689899000,28,114688,205.36022901701733
2,4096,0,55,static,1,0.268686000,2.112667000,264,1081344,205.36022901701733
2,4096,0,56,static,0,0.287364000,1.764692000,264,1081344,22.744817101360024
2,4096,0,56,temporal,1,0.249266000,1.528376000,28,114688,22.744817101360024
2,4096,0,57,temporal,0,1.052858000,2.624659000,28,114688,239.64118194985240
2,4096,0,57,static,1,0.335706000,2.375203000,266,1089536,239.64118194985240
2,4096,0,58,static,0,0.404510000,1.808589000,263,1077248,-222.79550802933338
2,4096,0,58,temporal,1,0.254704000,1.819815000,28,114688,-222.79550802933338
2,4096,0,59,temporal,0,0.234043000,1.645833000,28,114688,-15.377266773143893
2,4096,0,59,static,1,0.282086000,1.550940000,266,1089536,-15.377266773143893
2,4096,0,60,static,0,0.251960000,1.732594000,264,1081344,108.43707052191820
2,4096,0,60,temporal,1,0.237679000,1.652183000,28,114688,108.43707052191820
2,4096,0,61,temporal,0,0.216256000,1.620505000,28,114688,-246.55198784479998
2,4096,0,61,static,1,0.260553000,1.732754000,264,1081344,-246.55198784479998
2,4096,0,62,static,0,0.273603000,1.674136000,263,1077248,195.80996510912620
2,4096,0,62,temporal,1,0.224478000,1.878433000,28,114688,195.80996510912620
2,4096,0,63,temporal,0,0.270428000,1.583959000,28,114688,-133.13724617456580
2,4096,0,63,static,1,0.268154000,1.745643000,264,1081344,-133.13724617456580
2,4096,0,64,static,0,0.270929000,1.543369000,263,1077248,-208.33791287764690
2,4096,0,64,temporal,1,0.246973000,1.509968000,28,114688,-208.33791287764690
2,4096,0,65,temporal,0,0.213292000,1.576378000,28,114688,216.88240999026542
2,4096,0,65,static,1,0.323818000,1.613023000,263,1077248,216.88240999026542
2,4096,0,66,static,0,0.251299000,1.668877000,264,1081344,183.15966180721260
2,4096,0,66,temporal,1,0.233352000,1.588857000,28,114688,183.15966180721260
2,4096,0,67,temporal,0,0.234924000,1.588867000,28,114688,-130.89827600991703
2,4096,0,67,static,1,0.279121000,1.753405000,266,1089536,-130.89827600991703
2,4096,0,68,static,0,0.263838000,1.596268000,266,1089536,187.39965365752872
2,4096,0,68,temporal,1,0.247733000,1.649438000,28,114688,187.39965365752872
2,4096,0,69,temporal,0,0.231459000,1.548055000,28,114688,47.151741560736300
2,4096,0,69,static,1,0.269677000,1.822330000,264,1081344,47.151741560736300
2,4096,0,70,static,0,0.391010000,1.738142000,263,1077248,-204.63523095371218
2,4096,0,70,temporal,1,0.246812000,1.520333000,28,114688,-204.63523095371218
2,4096,0,71,temporal,0,0.221684000,1.692703000,28,114688,180.33541434920647
2,4096,0,71,static,1,0.335676000,1.700485000,266,1089536,180.33541434920647
2,4096,0,72,static,0,0.256628000,1.612393000,265,1085440,-141.82824968575792
2,4096,0,72,temporal,1,0.243788000,1.561756000,28,114688,-141.82824968575792
2,4096,0,73,temporal,0,0.242255000,1.475806000,28,114688,196.71222676767943
2,4096,0,73,static,1,0.283137000,1.624731000,264,1081344,196.71222676767943
2,4096,0,74,static,0,0.359963000,1.939216000,264,1081344,177.83085640823668
2,4096,0,74,temporal,1,0.290297000,1.789329000,28,114688,177.83085640823668
2,4096,0,75,temporal,0,0.255295000,1.656239000,28,114688,131.71653732931770
2,4096,0,75,static,1,0.359573000,1.859726000,265,1085440,131.71653732931770
2,4096,0,76,static,0,0.268445000,1.640885000,264,1081344,-217.04982565707640
2,4096,0,76,temporal,1,0.336978000,1.625261000,28,114688,-217.04982565707640
2,4096,0,77,temporal,0,0.221164000,1.631271000,28,114688,191.69070633157375
2,4096,0,77,static,1,0.266892000,1.688076000,264,1081344,191.69070633157375
2,4096,0,78,static,0,0.314564000,1.649078000,265,1085440,-132.47046471741790
2,4096,0,78,temporal,1,0.234264000,1.794658000,28,114688,-132.47046471741790
2,4096,0,79,temporal,0,0.236457000,1.621216000,28,114688,-176.44052755107190
2,4096,0,79,static,1,0.334245000,1.736099000,266,1089536,-176.44052755107190
2,4096,0,80,static,0,0.274254000,1.765443000,265,1085440,164.39691877735450
2,4096,0,80,temporal,1,0.244479000,1.764862000,28,114688,164.39691877735450
2,4096,0,81,temporal,0,0.291680000,1.574315000,28,114688,-173.65307259578820
2,4096,0,81,static,1,0.289406000,1.643339000,264,1081344,-173.65307259578820
2,4096,0,82,static,0,0.265000000,1.588296000,264,1081344,-2.9523094547064350
2,4096,0,82,temporal,1,0.226221000,1.557719000,28,114688,-2.9523094547064350
2,4096,0,83,temporal,0,0.212750000,1.551540000,28,114688,-173.10994229684474
2,4096,0,83,static,1,0.274153000,1.593163000,265,1085440,-173.10994229684474
2,4096,0,84,static,0,0.269116000,1.605762000,266,1089536,142.92099639314603
2,4096,0,84,temporal,1,0.226332000,1.512842000,28,114688,142.92099639314603
2,4096,0,85,temporal,0,0.230298000,1.553834000,28,114688,155.95175445763266
2,4096,0,85,static,1,0.269456000,1.624190000,264,1081344,155.95175445763266
2,4096,0,86,static,0,0.252861000,1.559362000,263,1077248,-243.31000603288348
2,4096,0,86,temporal,1,0.233712000,1.673534000,28,114688,-243.31000603288348
2,4096,0,87,temporal,0,0.223638000,1.629268000,28,114688,204.31950946362227
2,4096,0,87,static,1,0.303027000,1.886887000,264,1081344,204.31950946362227
2,4096,0,88,static,0,0.388436000,1.788418000,265,1085440,96.053903273649040
2,4096,0,88,temporal,1,0.289417000,1.670300000,28,114688,96.053903273649040
2,4096,0,89,temporal,0,0.226361000,1.565762000,28,114688,52.875387912059395
2,4096,0,89,static,1,0.313392000,1.730480000,265,1085440,52.875387912059395
2,4096,0,90,static,0,0.334945000,1.724551000,266,1089536,185.43556924976100
2,4096,0,90,temporal,1,0.294193000,1.696759000,28,114688,185.43556924976100
2,4096,0,91,temporal,0,0.218720000,1.534405000,28,114688,137.86345653806515
2,4096,0,91,static,1,0.359081000,1.622167000,265,1085440,137.86345653806515
2,4096,0,92,static,0,0.254905000,1.828168000,266,1089536,-153.37397333987312
2,4096,0,92,temporal,1,0.258410000,2.416636000,28,114688,-153.37397333987312
2,4096,0,93,temporal,0,0.440304000,2.606642000,28,114688,-219.92116318415412
2,4096,0,93,static,1,0.399864000,2.145597000,266,1089536,-219.92116318415412
2,4096,0,94,static,0,0.345291000,1.712814000,265,1085440,99.840157402255730
2,4096,0,94,temporal,1,0.318771000,1.561797000,28,114688,99.840157402255730
2,4096,0,95,temporal,0,0.238579000,1.619453000,28,114688,-9.9776402238280770
2,4096,0,95,static,1,0.299672000,1.913877000,264,1081344,-9.9776402238280770
2,4096,0,96,static,0,0.280633000,1.869440000,263,1077248,-77.470754768088640
2,4096,0,96,temporal,1,0.241674000,1.541545000,27,110592,-77.470754768088640
2,4096,0,97,temporal,0,0.249636000,1.763730000,28,114688,163.92494759546423
2,4096,0,97,static,1,0.278010000,1.686665000,263,1077248,163.92494759546423
2,4096,0,98,static,0,0.262025000,1.620765000,263,1077248,-243.54361972287367
2,4096,0,98,temporal,1,0.329858000,2.194731000,28,114688,-243.54361972287367
2,4096,0,99,temporal,0,0.319873000,1.836391000,28,114688,-192.06030202903284
2,4096,0,99,static,1,0.377149000,1.728398000,266,1089536,-192.06030202903284
2,4096,0,100,static,0,0.259852000,1.555626000,264,1081344,-215.48720745081950
2,4096,0,100,temporal,1,0.229396000,1.850942000,28,114688,-215.48720745081950
2,4096,0,101,temporal,0,0.242556000,1.524089000,28,114688,-124.80464351061411
2,4096,0,101,static,1,0.275646000,1.590720000,266,1089536,-124.80464351061411
2,4096,0,102,static,0,0.261154000,1.693645000,266,1089536,193.85135980213846
2,4096,0,102,temporal,1,0.283398000,1.681997000,28,114688,193.85135980213846
2,4096,0,103,temporal,0,0.233022000,1.626554000,28,114688,-248.32078149836696
2,4096,0,103,static,1,0.288926000,1.650349000,263,1077248,-248.32078149836696
2,4096,0,104,static,0,0.281885000,1.604811000,264,1081344,182.04829410606916
2,4096,0,104,temporal,1,0.229586000,1.579763000,28,114688,182.04829410606916
2,4096,0,105,temporal,0,0.219471000,1.518751000,28,114688,-189.71470378278020
2,4096,0,105,static,1,0.255886000,1.572802000,265,1085440,-189.71470378278020
2,4096,0,106,static,0,0.254674000,1.526953000,263,1077248,-196.97926340722103
2,4096,0,106,temporal,1,0.238760000,1.500453000,28,114688,-196.97926340722103
2,4096,0,107,temporal,0,0.209626000,1.471139000,28,114688,-214.98169387095953
2,4096,0,107,static,1,0.297038000,1.915289000,264,1081344,-214.98169387095953
2,4096,0,108,static,0,0.352802000,1.751121000,265,1085440,161.46710417179500
2,4096,0,108,temporal,1,0.227944000,1.895820000,28,114688,161.46710417179500
2,4096,0,109,temporal,0,0.234875000,1.747487000,28,114688,214.49895172768356
2,4096,0,109,static,1,0.280473000,1.616459000,264,1081344,214.49895172768356
2,4096,0,110,static,0,0.308586000,1.589017000,265,1085440,242.50180579310410
2,4096,0,110,temporal,1,0.225800000,1.489557000,28,114688,242.50180579310410
2,4096,0,111,temporal,0,0.269897000,1.545472000,28,114688,145.61090625880070
2,4096,0,111,static,1,0.276688000,1.550519000,264,1081344,145.61090625880070
2,4096,0,112,static,0,0.257869000,1.599693000,264,1081344,-54.560831084189060
2,4096,0,112,temporal,1,0.226171000,1.600244000,28,114688,-54.560831084189060
2,4096,0,113,temporal,0,0.214573000,1.652582000,28,114688,-108.36946842012367
2,4096,0,113,static,1,0.363298000,1.724211000,264,1081344,-108.36946842012367
2,4096,0,114,static,0,1.056564000,2.566211000,263,1077248,-57.009200546379870
2,4096,0,114,temporal,1,0.243898000,1.622077000,28,114688,-57.009200546379870
2,4096,0,115,temporal,0,0.273653000,1.655968000,28,114688,63.150268357776206
2,4096,0,115,static,1,0.273492000,1.622507000,265,1085440,63.150268357776206
2,4096,0,116,static,0,0.263918000,1.657670000,266,1089536,-213.08030255534408
2,4096,0,116,temporal,1,0.299632000,1.698212000,28,114688,-213.08030255534408
2,4096,0,117,temporal,0,0.225871000,1.580505000,28,114688,103.85382422230279
2,4096,0,117,static,1,0.489959000,1.843551000,265,1085440,103.85382422230279
2,4096,0,118,static,0,0.294494000,1.655497000,264,1081344,65.986271089490060
2,4096,0,118,temporal,1,0.247594000,1.699534000,28,114688,65.986271089490060
2,4096,0,119,temporal,0,0.231489000,1.638812000,28,114688,185.28115170540830
2,4096,0,119,static,1,0.281154000,1.702008000,266,1089536,185.28115170540830
2,4096,1,0,temporal,0,0.318390000,1.646233000,28,114688,36.323429428802690
2,4096,1,0,static,1,0.262056000,1.607375000,264,1081344,36.323429428802690
2,4096,1,1,static,0,0.255926000,1.565822000,263,1077248,23.410297690211838
2,4096,1,1,temporal,1,0.224890000,1.590590000,28,114688,23.410297690211838
2,4096,1,2,temporal,0,0.227203000,1.468355000,28,114688,239.64118194985240
2,4096,1,2,static,1,0.268535000,1.550439000,266,1089536,239.64118194985240
2,4096,1,3,static,0,0.262676000,1.499422000,267,1093632,92.551946089451330
2,4096,1,3,temporal,1,0.229516000,1.470127000,28,114688,92.551946089451330
2,4096,1,4,temporal,0,0.214103000,1.531810000,28,114688,213.87619213133803
2,4096,1,4,static,1,0.291771000,1.692944000,264,1081344,213.87619213133803
2,4096,1,5,static,0,0.268064000,1.785433000,263,1077248,142.77866679564625
2,4096,1,5,temporal,1,0.246752000,1.577630000,28,114688,142.77866679564625
2,4096,1,6,temporal,0,0.228765000,1.729229000,28,114688,153.02494693991133
2,4096,1,6,static,1,0.277068000,1.662388000,263,1077248,153.02494693991133
2,4096,1,7,static,0,0.257289000,1.551190000,265,1085440,-128.45343205514433
2,4096,1,7,temporal,1,0.244228000,1.563959000,28,114688,-128.45343205514433
2,4096,1,8,temporal,0,0.215645000,1.529517000,28,114688,-233.48331639753152
2,4096,1,8,static,1,0.285580000,1.622848000,264,1081344,-233.48331639753152
2,4096,1,9,static,0,0.522518000,1.993146000,264,1081344,185.67185780346645
2,4096,1,9,temporal,1,0.254504000,1.654386000,28,114688,185.67185780346645
2,4096,1,10,temporal,0,0.215786000,1.492942000,28,114688,-160.19359217182904
2,4096,1,10,static,1,0.288265000,1.544210000,264,1081344,-160.19359217182904
2,4096,1,11,static,0,0.247834000,1.557720000,264,1081344,14.243265434425348
2,4096,1,11,temporal,1,0.264659000,1.640434000,28,114688,14.243265434425348
2,4096,1,12,temporal,0,0.222055000,1.519242000,28,114688,213.87619213133803
2,4096,1,12,static,1,0.265700000,1.579803000,264,1081344,213.87619213133803
2,4096,1,13,static,0,0.247353000,1.697540000,261,1069056,196.73694691812037
2,4096,1,13,temporal,1,0.232650000,1.620815000,27,110592,196.73694691812037
2,4096,1,14,temporal,0,0.260594000,1.645803000,28,114688,186.77731563464928
2,4096,1,14,static,1,0.263548000,1.602117000,266,1089536,186.77731563464928
2,4096,1,15,static,0,0.258200000,1.512332000,264,1081344,243.89984669031261
2,4096,1,15,temporal,1,0.231529000,1.478460000,28,114688,243.89984669031261
2,4096,1,16,temporal,0,0.207813000,1.521816000,28,114688,-178.32750124286713
2,4096,1,16,static,1,0.279031000,1.641706000,266,1089536,-178.32750124286713
2,4096,1,17,static,0,0.256236000,1.617500000,264,1081344,102.52532823200147
2,4096,1,17,temporal,1,0.225300000,1.584581000,28,114688,102.52532823200147
2,4096,1,18,temporal,0,0.212431000,1.536688000,27,110592,-101.13214461113566
2,4096,1,18,static,1,0.265260000,1.571641000,263,1077248,-101.13214461113566
2,4096,1,19,static,0,0.267804000,1.545641000,263,1077248,5.6240892362934645
2,4096,1,19,temporal,1,0.223468000,1.467204000,27,110592,5.6240892362934645
2,4096,1,20,temporal,0,0.227614000,1.586904000,28,114688,-238.48531217147922
2,4096,1,20,static,1,0.256026000,1.598221000,264,1081344,-238.48531217147922
2,4096,1,21,static,0,0.269437000,1.513524000,264,1081344,-151.30347211908800
2,4096,1,21,temporal,1,0.221424000,1.546143000,28,114688,-151.30347211908800
2,4096,1,22,temporal,0,0.219371000,1.578271000,28,114688,202.69610368538636
2,4096,1,22,static,1,0.259982000,1.689989000,265,1085440,202.69610368538636
2,4096,1,23,static,0,0.269386000,1.598782000,264,1081344,-103.43874366808606
2,4096,1,23,temporal,1,0.225350000,1.524660000,28,114688,-103.43874366808606
2,4096,1,24,temporal,0,0.214544000,1.522867000,28,114688,-50.657236688503495
2,4096,1,24,static,1,0.269256000,1.537760000,266,1089536,-50.657236688503495
2,4096,1,25,static,0,0.253973000,1.599883000,265,1085440,-126.16762765364315
2,4096,1,25,temporal,1,0.232221000,1.540164000,28,114688,-126.16762765364315
2,4096,1,26,temporal,0,0.230007000,1.539873000,28,114688,-119.10643838641629
2,4096,1,26,static,1,0.262136000,1.592773000,264,1081344,-119.10643838641629
2,4096,1,27,static,0,0.273473000,1.499202000,266,1089536,103.46717475593650
2,4096,1,27,temporal,1,0.219872000,1.437048000,28,114688,103.46717475593650
2,4096,1,28,temporal,0,0.248034000,1.601756000,28,114688,-248.39912848956396
2,4096,1,28,static,1,0.257528000,1.842018000,264,1081344,-248.39912848956396
2,4096,1,29,static,0,0.282656000,1.874237000,264,1081344,-150.21560601422948
2,4096,1,29,temporal,1,0.247944000,1.597940000,28,114688,-150.21560601422948
2,4096,1,30,temporal,0,0.270368000,1.693245000,28,114688,148.47975078297705
2,4096,1,30,static,1,0.277148000,1.668667000,263,1077248,148.47975078297705
2,4096,1,31,static,0,0.258951000,1.570539000,265,1085440,49.817203411651690
2,4096,1,31,temporal,1,0.344279000,1.690971000,28,114688,49.817203411651690
2,4096,1,32,temporal,0,0.220263000,1.548486000,28,114688,-205.16718382927735
2,4096,1,32,static,1,0.264378000,1.618451000,266,1089536,-205.16718382927735
2,4096,1,33,static,0,0.303097000,1.586643000,264,1081344,-177.61351257332686
2,4096,1,33,temporal,1,0.236276000,1.498170000,28,114688,-177.61351257332686
2,4096,1,34,temporal,0,0.253933000,1.815659000,28,114688,-108.36946842012367
2,4096,1,34,static,1,0.283748000,1.625112000,264,1081344,-108.36946842012367
2,4096,1,35,static,0,0.326413000,1.611121000,265,1085440,190.15265428265363
2,4096,1,35,temporal,1,0.259872000,1.506523000,28,114688,190.15265428265363
2,4096,1,36,temporal,0,0.214133000,1.689959000,28,114688,151.51042580244004
2,4096,1,36,static,1,0.280993000,1.622687000,265,1085440,151.51042580244004
2,4096,1,37,static,0,0.270818000,1.601666000,266,1089536,46.042449311301440
2,4096,1,37,temporal,1,0.223277000,1.601105000,28,114688,46.042449311301440
2,4096,1,38,temporal,0,0.217047000,1.558131000,28,114688,-241.45238241736936
2,4096,1,38,static,1,0.263027000,1.658742000,266,1089536,-241.45238241736936
2,4096,1,39,static,0,0.252962000,1.604981000,266,1089536,-244.40216860292378
2,4096,1,39,temporal,1,0.244198000,1.865664000,28,114688,-244.40216860292378
2,4096,1,40,temporal,0,0.275375000,1.850702000,28,114688,-34.410122500828650
2,4096,1,40,static,1,0.289256000,1.627345000,266,1089536,-34.410122500828650
2,4096,1,41,static,0,0.256777000,1.564350000,265,1085440,111.45449789647374
2,4096,1,41,temporal,1,0.246391000,1.530268000,28,114688,111.45449789647374
2,4096,1,42,temporal,0,0.210587000,1.495846000,28,114688,180.67394413476754
2,4096,1,42,static,1,0.302997000,1.590679000,266,1089536,180.67394413476754
2,4096,1,43,static,0,0.253172000,1.594245000,264,1081344,-111.96581295117505
2,4096,1,43,temporal,1,0.224528000,1.573463000,28,114688,-111.96581295117505
2,4096,1,44,temporal,0,0.214394000,1.569388000,28,114688,5.2064326597148640
2,4096,1,44,static,1,0.279151000,1.568476000,263,1077248,5.2064326597148640
2,4096,1,45,static,0,0.285401000,1.650089000,264,1081344,-243.15203746111425
2,4096,1,45,temporal,1,0.226011000,1.584891000,28,114688,-243.15203746111425
2,4096,1,46,temporal,0,0.221424000,1.529848000,28,114688,81.956978622664100
2,4096,1,46,static,1,0.274424000,1.608677000,263,1077248,81.956978622664100
2,4096,1,47,static,0,0.269136000,1.547144000,266,1089536,-1.7590032620150613
2,4096,1,47,temporal,1,0.243627000,1.550138000,28,114688,-1.7590032620150613
2,4096,1,48,temporal,0,0.216406000,1.461454000,28,114688,180.85834756440553
2,4096,1,48,static,1,0.289356000,1.883291000,263,1077248,180.85834756440553
2,4096,1,49,static,0,0.278360000,1.608386000,265,1085440,198.68019195169154
2,4096,1,49,temporal,1,0.257048000,1.559233000,28,114688,198.68019195169154
2,4096,1,50,temporal,0,0.266102000,1.503608000,28,114688,240.49179785010534
2,4096,1,50,static,1,0.270358000,1.501896000,266,1089536,240.49179785010534
2,4096,1,51,static,0,0.264980000,1.566453000,264,1081344,200.70884482753613
2,4096,1,51,temporal,1,0.228324000,1.536497000,28,114688,200.70884482753613
2,4096,1,52,temporal,0,0.216447000,1.683410000,28,114688,213.41343865724062
2,4096,1,52,static,1,0.326462000,1.951874000,264,1081344,213.41343865724062
2,4096,1,53,static,0,0.272281000,1.757491000,267,1093632,195.02436307270406
2,4096,1,53,temporal,1,0.239030000,1.696199000,28,114688,195.02436307270406
2,4096,1,54,temporal,0,0.224528000,1.534154000,28,114688,190.13137539386740
2,4096,1,54,static,1,0.274044000,1.594766000,265,1085440,190.13137539386740
2,4096,1,55,static,0,0.257389000,1.724011000,264,1081344,205.36022901701733
2,4096,1,55,temporal,1,0.233803000,1.590921000,28,114688,205.36022901701733
2,4096,1,56,temporal,0,0.215095000,1.519162000,28,114688,22.744817101360024
2,4096,1,56,static,1,0.271380000,1.551911000,264,1081344,22.744817101360024
2,4096,1,57,static,0,0.251089000,1.530599000,266,1089536,239.64118194985240
2,4096,1,57,temporal,1,0.226441000,1.468816000,28,114688,239.64118194985240
2,4096,1,58,temporal,0,0.208765000,1.566534000,28,114688,-222.79550802933338
2,4096,1,58,static,1,0.255566000,1.630190000,263,1077248,-222.79550802933338
2,4096,1,59,static,0,0.274404000,1.539222000,266,1089536,-15.377266773143893
2,4096,1,59,temporal,1,0.229556000,1.802168000,28,114688,-15.377266773143893
2,4096,1,60,temporal,0,0.239762000,1.603789000,28,114688,108.43707052191820
2,4096,1,60,static,1,0.352292000,1.765924000,264,1081344,108.43707052191820
2,4096,1,61,static,0,0.258640000,1.681276000,264,1081344,-246.55198784479998
2,4096,1,61,temporal,1,0.229827000,1.669208000,28,114688,-246.55198784479998
2,4096,1,62,temporal,0,0.232912000,1.616870000,28,114688,195.80996510912620
2,4096,1,62,static,1,0.259622000,1.626764000,263,1077248,195.80996510912620
2,4096,1,63,static,0,0.248185000,1.620415000,264,1081344,-133.13724617456580
2,4096,1,63,temporal,1,0.271068000,1.621786000,28,114688,-133.13724617456580
2,4096,1,64,temporal,0,0.220392000,1.491570000,28,114688,-208.33791287764690
2,4096,1,64,static,1,0.264710000,1.542397000,263,1077248,-208.33791287764690
2,4096,1,65,static,0,0.250609000,1.561796000,263,1077248,216.88240999026542
2,4096,1,65,temporal,1,0.218560000,1.506453000,28,114688,216.88240999026542
2,4096,1,66,temporal,0,0.213292000,1.677761000,28,114688,183.15966180721260
2,4096,1,66,static,1,0.275606000,1.651411000,264,1081344,183.15966180721260
2,4096,1,67,static,0,0.251590000,1.616268000,266,1089536,-130.89827600991703
2,4096,1,67,temporal,1,0.230638000,1.596318000,28,114688,-130.89827600991703
2,4096,1,68,temporal,0,0.211549000,1.615757000,28,114688,187.39965365752872
2,4096,1,68,static,1,0.300373000,1.638221000,266,1089536,187.39965365752872
2,4096,1,69,static,0,0.256788000,1.567876000,264,1081344,47.151741560736300
2,4096,1,69,temporal,1,0.224880000,1.515276000,28,114688,47.151741560736300
2,4096,1,70,temporal,0,0.209426000,1.474574000,28,114688,-204.63523095371218
2,4096,1,70,static,1,0.263468000,1.511871000,263,1077248,-204.63523095371218
2,4096,1,71,static,0,0.241244000,1.958344000,266,1089536,180.33541434920647
2,4096,1,71,temporal,1,0.248475000,1.640615000,28,114688,180.33541434920647
2,4096,1,72,temporal,0,0.372793000,1.702659000,28,114688,-141.82824968575792
2,4096,1,72,static,1,0.405252000,1.711512000,265,1085440,-141.82824968575792
2,4096,1,73,static,0,0.269437000,1.663510000,264,1081344,196.71222676767943
2,4096,1,73,temporal,1,0.239061000,1.597680000,28,114688,196.71222676767943
2,4096,1,74,temporal,0,0.231970000,1.636669000,28,114688,177.83085640823668
2,4096,1,74,static,1,0.284900000,1.711742000,264,1081344,177.83085640823668
2,4096,1,75,static,0,0.262146000,1.968880000,265,1085440,131.71653732931770
2,4096,1,75,temporal,1,0.259111000,1.685062000,28,114688,131.71653732931770
2,4096,1,76,temporal,0,0.227242000,1.482115000,28,114688,-217.04982565707640
2,4096,1,76,static,1,0.286843000,1.719544000,264,1081344,-217.04982565707640
2,4096,1,77,static,0,0.259602000,1.654786000,264,1081344,191.69070633157375
2,4096,1,77,temporal,1,0.230277000,1.604210000,28,114688,191.69070633157375
2,4096,1,78,temporal,0,0.209216000,1.541035000,28,114688,-132.47046471741790
2,4096,1,78,static,1,0.266542000,1.565722000,265,1085440,-132.47046471741790
2,4096,1,79,static,0,0.324830000,1.683820000,266,1089536,-176.44052755107190
2,4096,1,79,temporal,1,0.229306000,1.546292000,28,114688,-176.44052755107190
2,4096,1,80,temporal,0,0.212310000,1.591571000,28,114688,164.39691877735450
2,4096,1,80,static,1,0.265260000,2.444358000,265,1085440,164.39691877735450
2,4096,1,81,static,0,0.305451000,1.570139000,264,1081344,-173.65307259578820
2,4096,1,81,temporal,1,0.246943000,1.614966000,28,114688,-173.65307259578820
2,4096,1,82,temporal,0,0.243397000,1.587946000,28,114688,-2.9523094547064350
2,4096,1,82,static,1,0.284700000,1.625502000,264,1081344,-2.9523094547064350
2,4096,1,83,static,0,0.251790000,1.562938000,265,1085440,-173.10994229684474
2,4096,1,83,temporal,1,0.221554000,1.590740000,28,114688,-173.10994229684474
2,4096,1,84,temporal,0,0.222485000,1.675297000,28,114688,142.92099639314603
2,4096,1,84,static,1,0.280653000,1.741116000,266,1089536,142.92099639314603
2,4096,1,85,static,0,0.267754000,1.690791000,264,1081344,155.95175445763266
2,4096,1,85,temporal,1,0.299763000,1.767627000,28,114688,155.95175445763266
2,4096,1,86,temporal,0,0.232981000,1.590519000,28,114688,-243.31000603288348
2,4096,1,86,static,1,0.276177000,1.647205000,263,1077248,-243.31000603288348
2,4096,1,87,static,0,0.300032000,1.670921000,264,1081344,204.31950946362227
2,4096,1,87,temporal,1,0.235445000,1.650109000,28,114688,204.31950946362227
2,4096,1,88,temporal,0,0.216056000,1.500673000,28,114688,96.053903273649040
2,4096,1,88,static,1,0.261214000,1.617530000,265,1085440,96.053903273649040
2,4096,1,89,static,0,0.257428000,1.683710000,265,1085440,52.875387912059395
2,4096,1,89,temporal,1,0.221895000,1.739615000,28,114688,52.875387912059395
2,4096,1,90,temporal,0,0.302296000,1.865384000,28,114688,185.43556924976100
2,4096,1,90,static,1,0.276707000,1.757350000,266,1089536,185.43556924976100
2,4096,1,91,static,0,0.271669000,1.573243000,265,1085440,137.86345653806515
2,4096,1,91,temporal,1,0.229566000,1.469687000,28,114688,137.86345653806515
2,4096,1,92,temporal,0,0.211228000,1.538641000,28,114688,-153.37397333987312
2,4096,1,92,static,1,0.283177000,1.590409000,266,1089536,-153.37397333987312
2,4096,1,93,static,0,0.245361000,1.609018000,266,1089536,-219.92116318415412
2,4096,1,93,temporal,1,0.219361000,1.594896000,28,114688,-219.92116318415412
2,4096,1,94,temporal,0,0.234744000,1.600574000,28,114688,99.840157402255730
2,4096,1,94,static,1,0.298981000,1.641446000,265,1085440,99.840157402255730
2,4096,1,95,static,0,0.267164000,1.607716000,264,1081344,-9.9776402238280770
2,4096,1,95,temporal,1,0.227343000,1.551350000,28,114688,-9.9776402238280770
2,4096,1,96,temporal,0,0.212090000,1.503207000,27,110592,-77.470754768088640
2,4096,1,96,static,1,0.288996000,1.546914000,263,1077248,-77.470754768088640
2,4096,1,97,static,0,0.250758000,1.569648000,263,1077248,163.92494759546423
2,4096,1,97,temporal,1,0.254665000,1.588727000,28,114688,163.92494759546423
2,4096,1,98,temporal,0,0.213112000,1.548767000,28,114688,-243.54361972287367
2,4096,1,98,static,1,0.269196000,1.599153000,263,1077248,-243.54361972287367
2,4096,1,99,static,0,0.260063000,1.631572000,266,1089536,-192.06030202903284
2,4096,1,99,temporal,1,0.228564000,1.539272000,28,114688,-192.06030202903284
2,4096,1,100,temporal,0,0.260914000,1.534765000,28,114688,-215.48720745081950
2,4096,1,100,static,1,0.270327000,1.526733000,264,1081344,-215.48720745081950
2,4096,1,101,static,0,0.274003000,1.548235000,266,1089536,-124.80464351061411
2,4096,1,101,temporal,1,0.455166000,1.757120000,28,114688,-124.80464351061411
2,4096,1,102,temporal,0,0.227493000,1.589658000,28,114688,193.85135980213846
2,4096,1,102,static,1,0.307303000,1.752944000,266,1089536,193.85135980213846
2,4096,1,103,static,0,0.271209000,1.636429000,263,1077248,-248.32078149836696
2,4096,1,103,temporal,1,0.240964000,1.603019000,28,114688,-248.32078149836696
2,4096,1,104,temporal,0,0.231720000,1.559303000,28,114688,182.04829410606916
2,4096,1,104,static,1,0.257799000,1.591841000,264,1081344,182.04829410606916
2,4096,1,105,static,0,0.254504000,1.600985000,265,1085440,-189.71470378278020
2,4096,1,105,temporal,1,0.234204000,3.649556000,28,114688,-189.71470378278020
2,4096,1,106,temporal,0,0.266682000,1.645653000,28,114688,-196.97926340722103
2,4096,1,106,static,1,0.318581000,1.601436000,263,1077248,-196.97926340722103
2,4096,1,107,static,0,0.279702000,1.602958000,264,1081344,-214.98169387095953
2,4096,1,107,temporal,1,0.234364000,1.579823000,28,114688,-214.98169387095953
2,4096,1,108,temporal,0,0.316397000,1.711772000,28,114688,161.46710417179500
2,4096,1,108,static,1,0.271790000,1.767366000,265,1085440,161.46710417179500
2,4096,1,109,static,0,0.275556000,1.760746000,264,1081344,214.49895172768356
2,4096,1,109,temporal,1,0.262135000,1.611331000,28,114688,214.49895172768356
2,4096,1,110,temporal,0,0.529228000,1.877242000,28,114688,242.50180579310410
2,4096,1,110,static,1,0.342777000,1.613323000,265,1085440,242.50180579310410
2,4096,1,111,static,0,0.259491000,1.502647000,264,1081344,145.61090625880070
2,4096,1,111,temporal,1,0.252631000,1.528946000,28,114688,145.61090625880070
2,4096,1,112,temporal,0,0.216997000,1.507304000,28,114688,-54.560831084189060
2,4096,1,112,static,1,0.284840000,1.628246000,264,1081344,-54.560831084189060
2,4096,1,113,static,0,0.252010000,1.575627000,264,1081344,-108.36946842012367
2,4096,1,113,temporal,1,0.240673000,1.564560000,28,114688,-108.36946842012367
2,4096,1,114,temporal,0,0.210177000,1.696850000,28,114688,-57.009200546379870
2,4096,1,114,static,1,0.291159000,1.630029000,263,1077248,-57.009200546379870
2,4096,1,115,static,0,0.277939000,1.529056000,265,1085440,63.150268357776206
2,4096,1,115,temporal,1,0.222335000,1.961439000,28,114688,63.150268357776206
2,4096,1,116,temporal,0,0.262516000,1.795188000,28,114688,-213.08030255534408
2,4096,1,116,static,1,0.288525000,1.640294000,266,1089536,-213.08030255534408
2,4096,1,117,static,0,0.278209000,1.575186000,265,1085440,103.85382422230279
2,4096,1,117,temporal,1,0.226071000,1.572612000,28,114688,103.85382422230279
2,4096,1,118,temporal,0,0.214784000,1.480874000,28,114688,65.986271089490060
2,4096,1,118,static,1,0.265721000,1.767276000,264,1081344,65.986271089490060
2,4096,1,119,static,0,0.271700000,1.931945000,266,1089536,185.28115170540830
2,4096,1,119,temporal,1,0.974290000,2.688606000,28,114688,185.28115170540830
2,4096,2,0,static,0,0.303237000,1.645372000,264,1081344,36.323429428802690
2,4096,2,0,temporal,1,0.241754000,1.585492000,28,114688,36.323429428802690
2,4096,2,1,temporal,0,0.220693000,1.509076000,28,114688,23.410297690211838
2,4096,2,1,static,1,0.286612000,1.622747000,263,1077248,23.410297690211838
2,4096,2,2,static,0,0.300133000,1.636970000,266,1089536,239.64118194985240
2,4096,2,2,temporal,1,0.233793000,1.472071000,28,114688,239.64118194985240
2,4096,2,3,temporal,0,0.216036000,1.463788000,28,114688,92.551946089451330
2,4096,2,3,static,1,0.284760000,1.515176000,267,1093632,92.551946089451330
2,4096,2,4,static,0,0.251479000,1.810041000,264,1081344,213.87619213133803
2,4096,2,4,temporal,1,0.254073000,1.624220000,28,114688,213.87619213133803
2,4096,2,5,temporal,0,0.239452000,1.569648000,28,114688,142.77866679564625
2,4096,2,5,static,1,0.270849000,1.677511000,263,1077248,142.77866679564625
2,4096,2,6,static,0,0.259372000,1.583930000,263,1077248,153.02494693991133
2,4096,2,6,temporal,1,0.244669000,1.566974000,28,114688,153.02494693991133
2,4096,2,7,temporal,0,0.216677000,1.529277000,28,114688,-128.45343205514433
2,4096,2,7,static,1,0.282446000,1.842039000,265,1085440,-128.45343205514433
2,4096,2,8,static,0,0.641127000,2.119177000,264,1081344,-233.48331639753152
2,4096,2,8,temporal,1,0.346743000,1.783060000,28,114688,-233.48331639753152
2,4096,2,9,temporal,0,0.252691000,1.651361000,28,114688,185.67185780346645
2,4096,2,9,static,1,0.277008000,1.669278000,264,1081344,185.67185780346645
2,4096,2,10,static,0,0.270538000,1.541495000,264,1081344,-160.19359217182904
2,4096,2,10,temporal,1,0.233092000,1.735208000,28,114688,-160.19359217182904
2,4096,2,11,temporal,0,0.242276000,1.604981000,28,114688,14.243265434425348
2,4096,2,11,static,1,0.280263000,1.744412000,264,1081344,14.243265434425348
2,4096,2,12,static,0,0.307313000,1.601175000,264,1081344,213.87619213133803
2,4096,2,12,temporal,1,0.236868000,1.552863000,28,114688,213.87619213133803
2,4096,2,13,temporal,0,0.246972000,1.611741000,27,110592,196.73694691812037
2,4096,2,13,static,1,0.259692000,1.645523000,261,1069056,196.73694691812037
2,4096,2,14,static,0,0.253141000,1.651721000,266,1089536,186.77731563464928
2,4096,2,14,temporal,1,0.250949000,1.609638000,28,114688,186.77731563464928
2,4096,2,15,temporal,0,0.216157000,1.477139000,28,114688,243.89984669031261
2,4096,2,15,static,1,0.296738000,1.566603000,264,1081344,243.89984669031261
2,4096,2,16,static,0,0.254534000,1.598291000,266,1089536,-178.32750124286713
2,4096,2,16,temporal,1,0.239462000,1.554575000,28,114688,-178.32750124286713
2,4096,2,17,temporal,0,0.235045000,1.626604000,28,114688,102.52532823200147
2,4096,2,17,static,1,0.269005000,1.663599000,264,1081344,102.52532823200147
2,4096,2,18,static,0,0.247884000,1.557901000,263,1077248,-101.13214461113566
2,4096,2,18,temporal,1,0.227914000,1.546964000,27,110592,-101.13214461113566
2,4096,2,19,temporal,0,0.211739000,1.471259000,27,110592,5.6240892362934645
2,4096,2,19,static,1,0.262285000,1.528055000,263,1077248,5.6240892362934645
2,4096,2,20,static,0,0.247844000,1.599553000,264,1081344,-238.48531217147922
2,4096,2,20,temporal,1,0.250267000,1.685873000,28,114688,-238.48531217147922
2,4096,2,21,temporal,0,0.219331000,1.577420000,28,114688,-151.30347211908800
2,4096,2,21,static,1,0.282336000,1.558281000,264,1081344,-151.30347211908800
2,4096,2,22,static,0,0.263618000,1.637180000,265,1085440,202.69610368538636
2,4096,2,22,temporal,1,0.230828000,1.595046000,28,114688,202.69610368538636
2,4096,2,23,temporal,0,0.268636000,1.569889000,28,114688,-103.43874366808606
2,4096,2,23,static,1,0.290739000,2.526883000,264,1081344,-103.43874366808606
2,4096,2,24,static,0,0.412672000,1.832073000,266,1089536,-50.657236688503495
2,4096,2,24,temporal,1,0.325341000,1.981560000,28,114688,-50.657236688503495
2,4096,2,25,temporal,0,0.333183000,1.903131000,28,114688,-126.16762765364315
2,4096,2,25,static,1,0.335386000,1.885375000,265,1085440,-126.16762765364315
2,4096,2,26,static,0,0.341405000,2.087860000,264,1081344,-119.10643838641629
2,4096,2,26,temporal,1,0.320694000,1.764182000,28,114688,-119.10643838641629
2,4096,2,27,temporal,0,0.232420000,1.634455000,28,114688,103.46717475593650
2,4096,2,27,static,1,0.291680000,1.526433000,266,1089536,103.46717475593650
2,4096,2,28,static,0,0.269427000,1.730471000,264,1081344,-248.39912848956396
2,4096,2,28,temporal,1,0.237508000,1.752894000,28,114688,-248.39912848956396
2,4096,2,29,temporal,0,0.232380000,1.510659000,28,114688,-150.21560601422948
2,4096,2,29,static,1,0.323558000,1.687766000,264,1081344,-150.21560601422948
2,4096,2,30,static,0,0.277689000,1.623479000,263,1077248,148.47975078297705
2,4096,2,30,temporal,1,0.252461000,1.627325000,28,114688,148.47975078297705
2,4096,2,31,temporal,0,0.277159000,2.840946000,28,114688,49.817203411651690
2,4096,2,31,static,1,0.734919000,2.253119000,265,1085440,49.817203411651690
2,4096,2,32,static,0,0.396057000,1.797742000,266,1089536,-205.16718382927735
2,4096,2,32,temporal,1,0.634708000,2.552470000,28,114688,-205.16718382927735
2,4096,2,33,temporal,0,0.255676000,2.146168000,28,114688,-177.61351257332686
2,4096,2,33,static,1,0.337789000,1.739013000,264,1081344,-177.61351257332686
2,4096,2,34,static,0,0.269437000,1.968430000,264,1081344,-108.36946842012367
2,4096,2,34,temporal,1,0.387094000,1.963512000,28,114688,-108.36946842012367
2,4096,2,35,temporal,0,0.240413000,1.642147000,28,114688,190.15265428265363
2,4096,2,35,static,1,0.395838000,2.033338000,265,1085440,190.15265428265363
2,4096,2,36,static,0,0.318310000,1.906856000,265,1085440,151.51042580244004
2,4096,2,36,temporal,1,0.321926000,1.949050000,28,114688,151.51042580244004
2,4096,2,37,temporal,0,0.235486000,1.974699000,28,114688,46.042449311301440
2,4096,2,37,static,1,0.377740000,1.767486000,266,1089536,46.042449311301440
2,4096,2,38,static,0,0.264699000,1.739173000,266,1089536,-241.45238241736936
2,4096,2,38,temporal,1,0.257879000,1.697250000,28,114688,-241.45238241736936
2,4096,2,39,temporal,0,0.252331000,1.615167000,28,114688,-244.40216860292378
2,4096,2,39,static,1,0.271270000,1.724923000,266,1089536,-244.40216860292378
2,4096,2,40,static,0,0.272321000,1.761507000,266,1089536,-34.410122500828650
2,4096,2,40,temporal,1,0.249566000,1.819685000,28,114688,-34.410122500828650
2,4096,2,41,temporal,0,0.306262000,1.595998000,28,114688,111.45449789647374
2,4096,2,41,static,1,0.383328000,1.871724000,265,1085440,111.45449789647374
2,4096,2,42,static,0,0.333032000,1.976591000,266,1089536,180.67394413476754
2,4096,2,42,temporal,1,0.328656000,1.951273000,28,114688,180.67394413476754
2,4096,2,43,temporal,0,0.456118000,1.945855000,28,114688,-111.96581295117505
2,4096,2,43,static,1,0.326662000,1.767366000,264,1081344,-111.96581295117505
2,4096,2,44,static,0,0.272050000,1.716329000,263,1077248,5.2064326597148640
2,4096,2,44,temporal,1,0.263648000,1.728678000,28,114688,5.2064326597148640
2,4096,2,45,temporal,0,0.249546000,1.812534000,28,114688,-243.15203746111425
2,4096,2,45,static,1,0.474766000,1.970803000,264,1081344,-243.15203746111425
2,4096,2,46,static,0,0.384230000,1.906757000,263,1077248,81.956978622664100
2,4096,2,46,temporal,1,0.242816000,1.554975000,28,114688,81.956978622664100
2,4096,2,47,temporal,0,0.223297000,1.660255000,28,114688,-1.7590032620150613
2,4096,2,47,static,1,0.372783000,1.662398000,266,1089536,-1.7590032620150613
2,4096,2,48,static,0,0.275596000,1.784422000,263,1077248,180.85834756440553
2,4096,2,48,temporal,1,0.238720000,1.574655000,28,114688,180.85834756440553
2,4096,2,49,temporal,0,0.250879000,1.686635000,28,114688,198.68019195169154
2,4096,2,49,static,1,0.281144000,1.658552000,265,1085440,198.68019195169154
2,4096,2,50,static,0,0.267784000,1.589217000,266,1089536,240.49179785010534
2,4096,2,50,temporal,1,0.271931000,1.523509000,28,114688,240.49179785010534
2,4096,2,51,temporal,0,0.217027000,1.791252000,28,114688,200.70884482753613
2,4096,2,51,static,1,0.281985000,1.843902000,264,1081344,200.70884482753613
2,4096,2,52,static,0,0.275185000,2.071024000,264,1081344,213.41343865724062
2,4096,2,52,temporal,1,0.255726000,1.720325000,28,114688,213.41343865724062
2,4096,2,53,temporal,0,0.272932000,1.876531000,28,114688,195.02436307270406
2,4096,2,53,static,1,0.336427000,1.700475000,267,1093632,195.02436307270406
2,4096,2,54,static,0,0.258169000,1.752183000,265,1085440,190.13137539386740
2,4096,2,54,temporal,1,0.251420000,1.625993000,28,114688,190.13137539386740
2,4096,2,55,temporal,0,0.257348000,1.627806000,28,114688,205.36022901701733
2,4096,2,55,static,1,0.293553000,1.692443000,264,1081344,205.36022901701733
2,4096,2,56,static,0,0.255064000,1.533293000,264,1081344,22.744817101360024
2,4096,2,56,temporal,1,0.239581000,1.602277000,28,114688,22.744817101360024
2,4096,2,57,temporal,0,0.234403000,1.535186000,28,114688,239.64118194985240
2,4096,2,57,static,1,0.283789000,1.636279000,266,1089536,239.64118194985240
2,4096,2,58,static,0,0.263438000,1.660986000,263,1077248,-222.79550802933338
2,4096,2,58,temporal,1,0.339512000,1.736720000,28,114688,-222.79550802933338
2,4096,2,59,temporal,0,0.225660000,1.599152000,28,114688,-15.377266773143893
2,4096,2,59,static,1,0.278540000,1.569157000,266,1089536,-15.377266773143893
2,4096,2,60,static,0,0.251960000,1.611621000,264,1081344,108.43707052191820
2,4096,2,60,temporal,1,0.269487000,1.621887000,28,114688,108.43707052191820
2,4096,2,61,temporal,0,0.212761000,1.572713000,28,114688,-246.55198784479998
2,4096,2,61,static,1,0.445011000,2.058836000,264,1081344,-246.55198784479998
2,4096,2,62,static,0,0.343318000,1.750271000,263,1077248,195.80996510912620
2,4096,2,62,temporal,1,0.259161000,1.959957000,28,114688,195.80996510912620
2,4096,2,63,temporal,0,0.271560000,2.206669000,28,114688,-133.13724617456580
2,4096,2,63,static,1,0.388135000,2.010953000,264,1081344,-133.13724617456580
2,4096,2,64,static,0,0.281544000,1.643889000,263,1077248,-208.33791287764690
2,4096,2,64,temporal,1,0.415637000,1.793836000,28,114688,-208.33791287764690
2,4096,2,65,temporal,0,0.228775000,1.646875000,28,114688,216.88240999026542
2,4096,2,65,static,1,0.270388000,1.835239000,263,1077248,216.88240999026542
2,4096,2,66,static,0,0.292050000,1.669138000,264,1081344,183.15966180721260
2,4096,2,66,temporal,1,0.315375000,1.712913000,28,114688,183.15966180721260
2,4096,2,67,temporal,0,0.223868000,1.624331000,28,114688,-130.89827600991703
2,4096,2,67,static,1,0.261754000,1.718482000,266,1089536,-130.89827600991703
2,4096,2,68,static,0,0.299512000,1.742139000,266,1089536,187.39965365752872
2,4096,2,68,temporal,1,0.479083000,1.930733000,28,114688,187.39965365752872
2,4096,2,69,temporal,0,0.229677000,1.562027000,28,114688,47.151741560736300
2,4096,2,69,static,1,0.278280000,1.705112000,264,1081344,47.151741560736300
2,4096,2,70,static,0,1.510669000,4.032364000,263,1077248,-204.63523095371218
2,4096,2,70,temporal,1,0.323388000,1.626764000,28,114688,-204.63523095371218
2,4096,2,71,temporal,0,0.221955000,1.729869000,28,114688,180.33541434920647
2,4096,2,71,static,1,0.295666000,1.712584000,266,1089536,180.33541434920647
2,4096,2,72,static,0,0.260463000,1.619453000,265,1085440,-141.82824968575792
2,4096,2,72,temporal,1,0.229757000,1.543108000,28,114688,-141.82824968575792
2,4096,2,73,temporal,0,0.231960000,1.561706000,28,114688,196.71222676767943
2,4096,2,73,static,1,0.325461000,1.770491000,264,1081344,196.71222676767943
2,4096,2,74,static,0,0.274555000,1.651842000,264,1081344,177.83085640823668
2,4096,2,74,temporal,1,0.228344000,1.664080000,28,114688,177.83085640823668
2,4096,2,75,temporal,0,0.263438000,1.764432000,28,114688,131.71653732931770
2,4096,2,75,static,1,0.272141000,1.742489000,265,1085440,131.71653732931770
2,4096,2,76,static,0,0.266442000,1.739103000,264,1081344,-217.04982565707640
2,4096,2,76,temporal,1,0.357159000,1.645562000,28,114688,-217.04982565707640
2,4096,2,77,temporal,0,0.272521000,1.645733000,28,114688,191.69070633157375
2,4096,2,77,static,1,0.338350000,1.920637000,264,1081344,191.69070633157375
2,4096,2,78,static,0,0.271249000,1.638562000,265,1085440,-132.47046471741790
2,4096,2,78,temporal,1,0.315876000,1.638141000,28,114688,-132.47046471741790
2,4096,2,79,temporal,0,0.225340000,1.619763000,28,114688,-176.44052755107190
2,4096,2,79,static,1,0.281435000,1.695608000,266,1089536,-176.44052755107190
2,4096,2,80,static,0,0.255776000,1.645312000,265,1085440,164.39691877735450
2,4096,2,80,temporal,1,0.229997000,1.850561000,28,114688,164.39691877735450
2,4096,2,81,temporal,0,0.238851000,1.538461000,28,114688,-173.65307259578820
2,4096,2,81,static,1,0.531632000,2.000217000,264,1081344,-173.65307259578820
2,4096,2,82,static,0,0.282747000,1.988590000,264,1081344,-2.9523094547064350
2,4096,2,82,temporal,1,0.321665000,1.729309000,28,114688,-2.9523094547064350
2,4096,2,83,temporal,0,0.268725000,1.807747000,28,114688,-173.10994229684474
2,4096,2,83,static,1,0.313172000,1.649047000,265,1085440,-173.10994229684474
2,4096,2,84,static,0,0.269767000,1.619814000,266,1089536,142.92099639314603
2,4096,2,84,temporal,1,0.240022000,1.633764000,28,114688,142.92099639314603
2,4096,2,85,temporal,0,0.311415000,1.856425000,28,114688,155.95175445763266
2,4096,2,85,static,1,0.289486000,1.661736000,264,1081344,155.95175445763266
2,4096,2,86,static,0,0.267443000,1.648106000,263,1077248,-243.31000603288348
2,4096,2,86,temporal,1,0.281715000,1.612312000,28,114688,-243.31000603288348
2,4096,2,87,temporal,0,0.223007000,1.619343000,28,114688,204.31950946362227
2,4096,2,87,static,1,0.269877000,1.813075000,264,1081344,204.31950946362227
2,4096,2,88,static,0,0.307784000,1.608276000,265,1085440,96.053903273649040
2,4096,2,88,temporal,1,0.233022000,1.568917000,28,114688,96.053903273649040
2,4096,2,89,temporal,0,0.240643000,1.562447000,28,114688,52.875387912059395
2,4096,2,89,static,1,0.257698000,1.622167000,265,1085440,52.875387912059395
2,4096,2,90,static,0,0.253973000,1.622838000,266,1089536,185.43556924976100
2,4096,2,90,temporal,1,0.257479000,1.719784000,28,114688,185.43556924976100
2,4096,2,91,temporal,0,0.232992000,1.563379000,28,114688,137.86345653806515
2,4096,2,91,static,1,0.276037000,1.531861000,265,1085440,137.86345653806515
2,4096,2,92,static,0,0.270799000,1.682819000,266,1089536,-153.37397333987312
2,4096,2,92,temporal,1,0.234634000,1.560164000,28,114688,-153.37397333987312
2,4096,2,93,temporal,0,0.213963000,1.555437000,28,114688,-219.92116318415412
2,4096,2,93,static,1,0.264369000,1.881809000,266,1089536,-219.92116318415412
2,4096,2,94,static,0,0.293542000,1.916370000,265,1085440,99.840157402255730
2,4096,2,94,temporal,1,0.261014000,1.593184000,28,114688,99.840157402255730
2,4096,2,95,temporal,0,0.301746000,1.665313000,28,114688,-9.9776402238280770
2,4096,2,95,static,1,0.331099000,1.689939000,264,1081344,-9.9776402238280770
2,4096,2,96,static,0,0.269567000,1.625843000,263,1077248,-77.470754768088640
2,4096,2,96,temporal,1,0.252471000,1.530299000,27,110592,-77.470754768088640
2,4096,2,97,temporal,0,0.218329000,1.566553000,28,114688,163.92494759546423
2,4096,2,97,static,1,0.329898000,1.677000000,263,1077248,163.92494759546423
2,4096,2,98,static,0,0.280012000,1.625332000,263,1077248,-243.54361972287367
2,4096,2,98,temporal,1,0.232120000,1.619032000,28,114688,-243.54361972287367
2,4096,2,99,temporal,0,0.228685000,1.532602000,28,114688,-192.06030202903284
2,4096,2,99,static,1,0.271119000,1.697641000,266,1089536,-192.06030202903284
2,4096,2,100,static,0,0.285952000,1.601246000,264,1081344,-215.48720745081950
2,4096,2,100,temporal,1,0.236477000,1.528526000,28,114688,-215.48720745081950
2,4096,2,101,temporal,0,0.223166000,1.606043000,28,114688,-124.80464351061411
2,4096,2,101,static,1,0.284639000,1.590669000,266,1089536,-124.80464351061411
2,4096,2,102,static,0,0.288495000,1.742909000,266,1089536,193.85135980213846
2,4096,2,102,temporal,1,0.244749000,1.642027000,28,114688,193.85135980213846
2,4096,2,103,temporal,0,0.224769000,1.750410000,28,114688,-248.32078149836696
2,4096,2,103,static,1,0.362767000,1.811953000,263,1077248,-248.32078149836696
2,4096,2,104,static,0,0.330449000,1.695378000,264,1081344,182.04829410606916
2,4096,2,104,temporal,1,0.247494000,1.592773000,28,114688,182.04829410606916
2,4096,2,105,temporal,0,0.231349000,1.561866000,28,114688,-189.71470378278020
2,4096,2,105,static,1,0.348326000,1.694156000,265,1085440,-189.71470378278020
2,4096,2,106,static,0,0.268004000,1.524650000,263,1077248,-196.97926340722103
2,4096,2,106,temporal,1,0.256347000,1.541456000,28,114688,-196.97926340722103
2,4096,2,107,temporal,0,0.225540000,1.488565000,28,114688,-214.98169387095953
2,4096,2,107,static,1,0.294234000,1.599433000,264,1081344,-214.98169387095953
2,4096,2,108,static,0,0.263477000,1.690129000,265,1085440,161.46710417179500
2,4096,2,108,temporal,1,0.242946000,1.830451000,28,114688,161.46710417179500
2,4096,2,109,temporal,0,0.251420000,1.560044000,28,114688,214.49895172768356
2,4096,2,109,static,1,0.276127000,1.691492000,264,1081344,214.49895172768356
2,4096,2,110,static,0,0.282386000,1.643710000,265,1085440,242.50180579310410
2,4096,2,110,temporal,1,0.279302000,1.525351000,28,114688,242.50180579310410
2,4096,2,111,temporal,0,0.216407000,1.488816000,28,114688,145.61090625880070
2,4096,2,111,static,1,0.266422000,1.633094000,264,1081344,145.61090625880070
2,4096,2,112,static,0,0.263358000,1.608988000,264,1081344,-54.560831084189060
2,4096,2,112,temporal,1,0.221915000,1.543178000,28,114688,-54.560831084189060
2,4096,2,113,temporal,0,0.258910000,1.572902000,28,114688,-108.36946842012367
2,4096,2,113,static,1,0.265360000,1.837262000,264,1081344,-108.36946842012367
2,4096,2,114,static,0,0.267073000,1.642248000,263,1077248,-57.009200546379870
2,4096,2,114,temporal,1,0.251219000,1.677882000,28,114688,-57.009200546379870
2,4096,2,115,temporal,0,0.225480000,1.527895000,28,114688,63.150268357776206
2,4096,2,115,static,1,0.279091000,1.529677000,265,1085440,63.150268357776206
2,4096,2,116,static,0,0.250147000,1.631551000,266,1089536,-213.08030255534408
2,4096,2,116,temporal,1,0.225080000,1.601596000,28,114688,-213.08030255534408
2,4096,2,117,temporal,0,0.227083000,1.542397000,28,114688,103.85382422230279
2,4096,2,117,static,1,0.265751000,1.606794000,265,1085440,103.85382422230279
2,4096,2,118,static,0,0.261474000,1.727656000,264,1081344,65.986271089490060
2,4096,2,118,temporal,1,0.291980000,1.585251000,28,114688,65.986271089490060
2,4096,2,119,temporal,0,0.216917000,1.696159000,28,114688,185.28115170540830
2,4096,2,119,static,1,0.283718000,1.743220000,266,1089536,185.28115170540830
2,4096,3,0,temporal,0,0.242626000,1.672443000,28,114688,36.323429428802690
2,4096,3,0,static,1,0.277599000,1.576919000,264,1081344,36.323429428802690
2,4096,3,1,static,0,0.261174000,1.839495000,263,1077248,23.410297690211838
2,4096,3,1,temporal,1,0.246152000,1.558892000,28,114688,23.410297690211838
2,4096,3,2,temporal,0,0.216637000,1.542096000,28,114688,239.64118194985240
2,4096,3,2,static,1,0.276197000,1.553093000,266,1089536,239.64118194985240
2,4096,3,3,static,0,0.272512000,1.508206000,267,1093632,92.551946089451330
2,4096,3,3,temporal,1,0.227703000,1.459642000,28,114688,92.551946089451330
2,4096,3,4,temporal,0,0.218139000,1.523418000,28,114688,213.87619213133803
2,4096,3,4,static,1,0.265981000,1.617350000,264,1081344,213.87619213133803
2,4096,3,5,static,0,0.300744000,1.670911000,263,1077248,142.77866679564625
2,4096,3,5,temporal,1,0.228044000,1.570649000,28,114688,142.77866679564625
2,4096,3,6,temporal,0,0.216126000,1.529828000,28,114688,153.02494693991133
2,4096,3,6,static,1,0.269207000,1.635117000,263,1077248,153.02494693991133
2,4096,3,7,static,0,0.264850000,1.690371000,265,1085440,-128.45343205514433
2,4096,3,7,temporal,1,0.248345000,1.567394000,28,114688,-128.45343205514433
2,4096,3,8,temporal,0,0.218189000,1.610350000,28,114688,-233.48331639753152
2,4096,3,8,static,1,0.272952000,1.615457000,264,1081344,-233.48331639753152
2,4096,3,9,static,0,0.300563000,1.680205000,264,1081344,185.67185780346645
2,4096,3,9,temporal,1,0.246502000,1.622498000,28,114688,185.67185780346645
2,4096,3,10,temporal,0,0.212581000,1.483759000,28,114688,-160.19359217182904
2,4096,3,10,static,1,1.029162000,2.328172000,264,1081344,-160.19359217182904
2,4096,3,11,static,0,0.263487000,1.600985000,264,1081344,14.243265434425348
2,4096,3,11,temporal,1,0.237398000,1.576608000,28,114688,14.243265434425348
2,4096,3,12,temporal,0,0.214023000,1.506472000,28,114688,213.87619213133803
2,4096,3,12,static,1,0.389597000,1.702879000,264,1081344,213.87619213133803
2,4096,3,13,static,0,0.269397000,2.000929000,261,1069056,196.73694691812037
2,4096,3,13,temporal,1,0.267934000,1.693645000,27,110592,196.73694691812037
2,4096,3,14,temporal,0,0.229486000,1.749319000,28,114688,186.77731563464928
2,4096,3,14,static,1,0.320784000,1.668157000,266,1089536,186.77731563464928
2,4096,3,15,static,0,0.260633000,1.536468000,264,1081344,243.89984669031261
2,4096,3,15,temporal,1,0.234865000,1.531120000,28,114688,243.89984669031261
2,4096,3,16,temporal,0,0.215295000,1.541556000,28,114688,-178.32750124286713
2,4096,3,16,static,1,0.262956000,1.565631000,266,1089536,-178.32750124286713
2,4096,3,17,static,0,0.268275000,1.633154000,264,1081344,102.52532823200147
2,4096,3,17,temporal,1,0.249997000,1.605642000,28,114688,102.52532823200147
2,4096,3,18,temporal,0,0.216166000,1.520674000,27,110592,-101.13214461113566
2,4096,3,18,static,1,0.258610000,1.696930000,263,1077248,-101.13214461113566
2,4096,3,19,static,0,0.270688000,1.760716000,263,1077248,5.6240892362934645
2,4096,3,19,temporal,1,0.258520000,1.786034000,27,110592,5.6240892362934645
2,4096,3,20,temporal,0,0.238640000,1.664220000,28,114688,-238.48531217147922
2,4096,3,20,static,1,0.279852000,1.775278000,264,1081344,-238.48531217147922
2,4096,3,21,static,0,0.274824000,1.559292000,264,1081344,-151.30347211908800
2,4096,3,21,temporal,1,0.308085000,1.610500000,28,114688,-151.30347211908800
2,4096,3,22,temporal,0,0.220302000,1.626143000,28,114688,202.69610368538636
2,4096,3,22,static,1,0.262666000,1.743921000,265,1085440,202.69610368538636
2,4096,3,23,static,0,0.286292000,1.601396000,264,1081344,-103.43874366808606
2,4096,3,23,temporal,1,0.226531000,1.534815000,28,114688,-103.43874366808606
2,4096,3,24,temporal,0,0.215876000,1.484380000,28,114688,-50.657236688503495
2,4096,3,24,static,1,0.273573000,1.595407000,266,1089536,-50.657236688503495
2,4096,3,25,static,0,0.247764000,1.566664000,265,1085440,-126.16762765364315
2,4096,3,25,temporal,1,0.221524000,1.647145000,28,114688,-126.16762765364315
2,4096,3,26,temporal,0,0.223877000,1.563468000,28,114688,-119.10643838641629
2,4096,3,26,static,1,0.328075000,1.649719000,264,1081344,-119.10643838641629
2,4096,3,27,static,0,0.261785000,1.540854000,266,1089536,103.46717475593650
2,4096,3,27,temporal,1,0.227193000,1.451149000,28,114688,103.46717475593650
2,4096,3,28,temporal,0,0.208014000,1.602488000,28,114688,-248.39912848956396
2,4096,3,28,static,1,0.279892000,1.815518000,264,1081344,-248.39912848956396
2,4096,3,29,static,0,0.273993000,1.544069000,264,1081344,-150.21560601422948
2,4096,3,29,temporal,1,0.225410000,1.536057000,28,114688,-150.21560601422948
2,4096,3,30,temporal,0,0.217919000,1.544019000,28,114688,148.47975078297705
2,4096,3,30,static,1,0.284008000,1.627495000,263,1077248,148.47975078297705
2,4096,3,31,static,0,0.250879000,1.566984000,265,1085440,49.817203411651690
2,4096,3,31,temporal,1,0.243347000,1.550889000,28,114688,49.817203411651690
2,4096,3,32,temporal,0,0.214393000,2.476906000,28,114688,-205.16718382927735
2,4096,3,32,static,1,0.613756000,2.197916000,266,1089536,-205.16718382927735
2,4096,3,33,static,0,0.631623000,3.051123000,264,1081344,-177.61351257332686
2,4096,3,33,temporal,1,0.326873000,1.639113000,28,114688,-177.61351257332686
2,4096,3,34,temporal,0,0.249827000,1.661787000,28,114688,-108.36946842012367
2,4096,3,34,static,1,0.301244000,1.690210000,264,1081344,-108.36946842012367
2,4096,3,35,static,0,0.265311000,1.515066000,265,1085440,190.15265428265363
2,4096,3,35,temporal,1,0.247584000,1.595397000,28,114688,190.15265428265363
2,4096,3,36,temporal,0,0.224299000,1.564270000,28,114688,151.51042580244004
2,4096,3,36,static,1,0.287273000,1.665282000,265,1085440,151.51042580244004
2,4096,3,37,static,0,0.268435000,1.668317000,266,1089536,46.042449311301440
2,4096,3,37,temporal,1,0.244149000,1.692303000,28,114688,46.042449311301440
2,4096,3,38,temporal,0,0.328195000,1.736870000,28,114688,-241.45238241736936
2,4096,3,38,static,1,0.345711000,1.712934000,266,1089536,-241.45238241736936
2,4096,3,39,static,0,0.255466000,1.728137000,266,1089536,-244.40216860292378
2,4096,3,39,temporal,1,0.242886000,1.602337000,28,114688,-244.40216860292378
2,4096,3,40,temporal,0,0.233362000,1.592282000,28,114688,-34.410122500828650
2,4096,3,40,static,1,0.280884000,1.585702000,266,1089536,-34.410122500828650
2,4096,3,41,static,0,0.267804000,1.563418000,265,1085440,111.45449789647374
2,4096,3,41,temporal,1,0.231499000,1.722598000,28,114688,111.45449789647374
2,4096,3,42,temporal,0,0.233842000,1.538531000,28,114688,180.67394413476754
2,4096,3,42,static,1,0.283277000,1.687275000,266,1089536,180.67394413476754
2,4096,3,43,static,0,0.266051000,1.627665000,264,1081344,-111.96581295117505
2,4096,3,43,temporal,1,0.233152000,1.540003000,28,114688,-111.96581295117505
2,4096,3,44,temporal,0,0.229106000,1.600785000,28,114688,5.2064326597148640
2,4096,3,44,static,1,0.293182000,1.646233000,263,1077248,5.2064326597148640
2,4096,3,45,static,0,0.260092000,1.738372000,264,1081344,-243.15203746111425
2,4096,3,45,temporal,1,0.341626000,1.716109000,28,114688,-243.15203746111425
2,4096,3,46,temporal,0,0.237879000,1.853907000,28,114688,81.956978622664100
2,4096,3,46,static,1,0.362407000,1.784622000,263,1077248,81.956978622664100
2,4096,3,47,static,0,0.276737000,1.573834000,266,1089536,-1.7590032620150613
2,4096,3,47,temporal,1,0.253443000,1.617090000,28,114688,-1.7590032620150613
2,4096,3,48,temporal,0,0.230718000,1.508115000,28,114688,180.85834756440553
2,4096,3,48,static,1,0.289177000,1.905866000,263,1077248,180.85834756440553
2,4096,3,49,static,0,0.337169000,1.677220000,265,1085440,198.68019195169154
2,4096,3,49,temporal,1,0.234233000,1.656969000,28,114688,198.68019195169154
2,4096,3,50,temporal,0,0.231600000,1.510479000,28,114688,240.49179785010534
2,4096,3,50,static,1,0.292251000,1.566252000,266,1089536,240.49179785010534
2,4096,3,51,static,0,0.270308000,1.660055000,264,1081344,200.70884482753613
2,4096,3,51,temporal,1,0.236217000,1.557971000,28,114688,200.70884482753613
2,4096,3,52,temporal,0,0.215075000,1.535226000,28,114688,213.41343865724062
2,4096,3,52,static,1,0.284409000,1.550108000,264,1081344,213.41343865724062
2,4096,3,53,static,0,0.267764000,1.668197000,267,1093632,195.02436307270406
2,4096,3,53,temporal,1,0.224799000,1.776590000,28,114688,195.02436307270406
2,4096,3,54,temporal,0,0.215224000,1.546903000,28,114688,190.13137539386740
2,4096,3,54,static,1,0.288736000,1.960738000,265,1085440,190.13137539386740
2,4096,3,55,static,0,0.419062000,1.876821000,264,1081344,205.36022901701733
2,4096,3,55,temporal,1,0.255546000,1.779925000,28,114688,205.36022901701733
2,4096,3,56,temporal,0,0.233332000,1.540965000,28,114688,22.744817101360024
2,4096,3,56,static,1,0.400975000,1.720536000,264,1081344,22.744817101360024
2,4096,3,57,static,0,0.259251000,1.532052000,266,1089536,239.64118194985240
2,4096,3,57,temporal,1,0.235475000,1.503718000,28,114688,239.64118194985240
2,4096,3,58,temporal,0,0.221053000,1.745413000,28,114688,-222.79550802933338
2,4096,3,58,static,1,0.278841000,1.682598000,263,1077248,-222.79550802933338
2,4096,3,59,static,0,0.271870000,1.562487000,266,1089536,-15.377266773143893
2,4096,3,59,temporal,1,0.249857000,1.519322000,28,114688,-15.377266773143893
2,4096,3,60,temporal,0,0.211960000,1.584531000,28,114688,108.43707052191820
2,4096,3,60,static,1,0.284459000,1.660875000,264,1081344,108.43707052191820
2,4096,3,61,static,0,0.248074000,1.622578000,264,1081344,-246.55198784479998
2,4096,3,61,temporal,1,0.222906000,1.584480000,28,114688,-246.55198784479998
2,4096,3,62,temporal,0,0.225570000,1.593484000,28,114688,195.80996510912620
2,4096,3,62,static,1,0.264489000,1.672944000,263,1077248,195.80996510912620
2,4096,3,63,static,0,0.251649000,1.555246000,264,1081344,-133.13724617456580
2,4096,3,63,temporal,1,0.229927000,1.585381000,28,114688,-133.13724617456580
2,4096,3,64,temporal,0,0.216106000,1.477769000,28,114688,-208.33791287764690
2,4096,3,64,static,1,0.269025000,1.571520000,263,1077248,-208.33791287764690
2,4096,3,65,static,0,0.251730000,1.560584000,263,1077248,216.88240999026542
2,4096,3,65,temporal,1,0.243067000,1.545181000,28,114688,216.88240999026542
2,4096,3,66,temporal,0,0.210858000,1.540724000,28,114688,183.15966180721260
2,4096,3,66,static,1,0.295246000,1.617981000,264,1081344,183.15966180721260
2,4096,3,67,static,0,0.251499000,1.628607000,266,1089536,-130.89827600991703
2,4096,3,67,temporal,1,0.225179000,1.596718000,28,114688,-130.89827600991703
2,4096,3,68,temporal,0,0.241044000,1.579924000,28,114688,187.39965365752872
2,4096,3,68,static,1,0.255715000,1.615837000,266,1089536,187.39965365752872
2,4096,3,69,static,0,0.277278000,1.907117000,264,1081344,47.151741560736300
2,4096,3,69,temporal,1,0.283698000,1.565402000,28,114688,47.151741560736300
2,4096,3,70,temporal,0,0.217508000,1.492562000,28,114688,-204.63523095371218
2,4096,3,70,static,1,0.267103000,1.514976000,263,1077248,-204.63523095371218
2,4096,3,71,static,0,0.245840000,1.638181000,266,1089536,180.33541434920647
2,4096,3,71,temporal,1,0.230668000,1.598451000,28,114688,180.33541434920647
2,4096,3,72,temporal,0,0.229446000,1.662969000,28,114688,-141.82824968575792
2,4096,3,72,static,1,0.288385000,1.583949000,265,1085440,-141.82824968575792
2,4096,3,73,static,0,0.260042000,1.560594000,264,1081344,196.71222676767943
2,4096,3,73,temporal,1,0.233181000,1.534364000,28,114688,196.71222676767943
2,4096,3,74,temporal,0,0.220993000,1.548506000,28,114688,177.83085640823668
2,4096,3,74,static,1,0.280553000,1.614966000,264,1081344,177.83085640823668
2,4096,3,75,static,0,0.245491000,1.670791000,265,1085440,131.71653732931770
2,4096,3,75,temporal,1,0.223948000,1.588627000,28,114688,131.71653732931770
2,4096,3,76,temporal,0,0.211099000,1.515947000,28,114688,-217.04982565707640
2,4096,3,76,static,1,0.268835000,1.604240000,264,1081344,-217.04982565707640
2,4096,3,77,static,0,0.564692000,2.030493000,264,1081344,191.69070633157375
2,4096,3,77,temporal,1,0.304479000,1.828779000,28,114688,191.69070633157375
2,4096,3,78,temporal,0,0.234874000,1.561035000,28,114688,-132.47046471741790
2,4096,3,78,static,1,0.308665000,1.678361000,265,1085440,-132.47046471741790
2,4096,3,79,static,0,0.273823000,1.568416000,266,1089536,-176.44052755107190
2,4096,3,79,temporal,1,0.227072000,1.554865000,28,114688,-176.44052755107190
2,4096,3,80,temporal,0,0.237999000,1.597360000,28,114688,164.39691877735450
2,4096,3,80,static,1,0.267984000,1.644110000,265,1085440,164.39691877735450
2,4096,3,81,static,0,0.256037000,1.543128000,264,1081344,-173.65307259578820
2,4096,3,81,temporal,1,0.236236000,1.494294000,28,114688,-173.65307259578820
2,4096,3,82,temporal,0,0.212441000,1.729789000,28,114688,-2.9523094547064350
2,4096,3,82,static,1,0.285461000,1.629078000,264,1081344,-2.9523094547064350
2,4096,3,83,static,0,0.248155000,1.561796000,265,1085440,-173.10994229684474
2,4096,3,83,temporal,1,0.231529000,1.543789000,28,114688,-173.10994229684474
2,4096,3,84,temporal,0,0.234854000,1.530759000,28,114688,142.92099639314603
2,4096,3,84,static,1,0.263388000,1.583189000,266,1089536,142.92099639314603
2,4096,3,85,static,0,0.318540000,1.656198000,264,1081344,155.95175445763266
2,4096,3,85,temporal,1,0.230518000,1.567305000,28,114688,155.95175445763266
2,4096,3,86,temporal,0,0.210147000,1.574636000,28,114688,-243.31000603288348
2,4096,3,86,static,1,0.292050000,1.602788000,263,1077248,-243.31000603288348
2,4096,3,87,static,0,0.249427000,1.794788000,264,1081344,204.31950946362227
2,4096,3,87,temporal,1,0.266492000,1.659803000,28,114688,204.31950946362227
2,4096,3,88,temporal,0,0.266752000,1.549557000,28,114688,96.053903273649040
2,4096,3,88,static,1,0.300464000,1.625062000,265,1085440,96.053903273649040
2,4096,3,89,static,0,0.255285000,1.796841000,265,1085440,52.875387912059395
2,4096,3,89,temporal,1,0.307464000,1.660705000,28,114688,52.875387912059395
2,4096,3,90,temporal,0,0.295746000,1.710010000,28,114688,185.43556924976100
2,4096,3,90,static,1,0.279631000,1.800616000,266,1089536,185.43556924976100
2,4096,3,91,static,0,0.277528000,1.671301000,265,1085440,137.86345653806515
2,4096,3,91,temporal,1,0.266452000,1.515736000,28,114688,137.86345653806515
2,4096,3,92,temporal,0,0.215105000,1.576258000,28,114688,-153.37397333987312
2,4096,3,92,static,1,0.293223000,1.952396000,266,1089536,-153.37397333987312
2,4096,3,93,static,0,0.329938000,2.331327000,266,1089536,-219.92116318415412
2,4096,3,93,temporal,1,0.245741000,1.618832000,28,114688,-219.92116318415412
2,4096,3,94,temporal,0,0.242185000,1.494194000,28,114688,99.840157402255730
2,4096,3,94,static,1,0.276317000,1.514925000,265,1085440,99.840157402255730
2,4096,3,95,static,0,0.267394000,1.577420000,264,1081344,-9.9776402238280770
2,4096,3,95,temporal,1,0.226361000,1.569087000,28,114688,-9.9776402238280770
2,4096,3,96,temporal,0,0.215625000,1.473592000,27,110592,-77.470754768088640
2,4096,3,96,static,1,0.254043000,1.552803000,263,1077248,-77.470754768088640
2,4096,3,97,static,0,0.273352000,1.591491000,263,1077248,163.92494759546423
2,4096,3,97,temporal,1,0.220874000,1.560545000,28,114688,163.92494759546423
2,4096,3,98,temporal,0,0.215064000,1.529106000,28,114688,-243.54361972287367
2,4096,3,98,static,1,0.285931000,1.758272000,263,1077248,-243.54361972287367
2,4096,3,99,static,0,0.250007000,1.581365000,266,1089536,-192.06030202903284
2,4096,3,99,temporal,1,0.224499000,1.517600000,28,114688,-192.06030202903284
2,4096,3,100,temporal,0,0.208404000,1.488735000,28,114688,-215.48720745081950
2,4096,3,100,static,1,0.264919000,1.534895000,264,1081344,-215.48720745081950
2,4096,3,101,static,0,0.514386000,1.813366000,266,1089536,-124.80464351061411
2,4096,3,101,temporal,1,0.235605000,1.546032000,28,114688,-124.80464351061411
2,4096,3,102,temporal,0,0.293082000,1.685723000,28,114688,193.85135980213846
2,4096,3,102,static,1,0.290929000,1.684020000,266,1089536,193.85135980213846
2,4096,3,103,static,0,0.249306000,1.694316000,263,1077248,-248.32078149836696
2,4096,3,103,temporal,1,0.232822000,1.580585000,28,114688,-248.32078149836696
2,4096,3,104,temporal,0,0.210227000,1.579883000,28,114688,182.04829410606916
2,4096,3,104,static,1,0.274023000,1.624280000,264,1081344,182.04829410606916
2,4096,3,105,static,0,0.255575000,1.599122000,265,1085440,-189.71470378278020
2,4096,3,105,temporal,1,0.238860000,1.631891000,28,114688,-189.71470378278020
2,4096,3,106,temporal,0,0.299011000,1.622027000,28,114688,-196.97926340722103
2,4096,3,106,static,1,0.331440000,1.673184000,263,1077248,-196.97926340722103
2,4096,3,107,static,0,0.272702000,1.750972000,264,1081344,-214.98169387095953
2,4096,3,107,temporal,1,0.252200000,1.608016000,28,114688,-214.98169387095953
2,4096,3,108,temporal,0,0.318190000,1.884894000,28,114688,161.46710417179500
2,4096,3,108,static,1,0.305030000,1.764212000,265,1085440,161.46710417179500
2,4096,3,109,static,0,0.270247000,1.740255000,264,1081344,214.49895172768356
2,4096,3,109,temporal,1,0.249397000,1.671743000,28,114688,214.49895172768356
2,4096,3,110,temporal,0,0.231509000,1.495596000,28,114688,242.50180579310410
2,4096,3,110,static,1,0.371260000,1.733124000,265,1085440,242.50180579310410
2,4096,3,111,static,0,0.277018000,1.556728000,264,1081344,145.61090625880070
2,4096,3,111,temporal,1,0.270398000,1.624431000,28,114688,145.61090625880070
2,4096,3,112,temporal,0,0.231740000,1.538972000,28,114688,-54.560831084189060
2,4096,3,112,static,1,0.266522000,1.575486000,264,1081344,-54.560831084189060
2,4096,3,113,static,0,0.353853000,1.678532000,264,1081344,-108.36946842012367
2,4096,3,113,temporal,1,0.228835000,1.531951000,28,114688,-108.36946842012367
2,4096,3,114,temporal,0,0.243567000,1.656478000,28,114688,-57.009200546379870
2,4096,3,114,static,1,0.279010000,1.654886000,263,1077248,-57.009200546379870
2,4096,3,115,static,0,0.261855000,1.630300000,265,1085440,63.150268357776206
2,4096,3,115,temporal,1,0.348866000,1.601606000,28,114688,63.150268357776206
2,4096,3,116,temporal,0,0.217018000,1.566313000,28,114688,-213.08030255534408
2,4096,3,116,static,1,0.284710000,1.832805000,266,1089536,-213.08030255534408
2,4096,3,117,static,0,0.308355000,1.620514000,265,1085440,103.85382422230279
2,4096,3,117,temporal,1,0.225260000,1.632914000,28,114688,103.85382422230279
2,4096,3,118,temporal,0,0.234193000,1.510799000,28,114688,65.986271089490060
2,4096,3,118,static,1,0.265100000,1.574766000,264,1081344,65.986271089490060
2,4096,3,119,static,0,0.254143000,1.660915000,266,1089536,185.28115170540830
2,4096,3,119,temporal,1,0.255215000,1.797301000,28,114688,185.28115170540830
